{
"type": "FeatureCollection",
"name": "Interpolation",
"crs": { "type": "name", "properties": { "name": "urn:ogc:def:crs:EPSG::32637" } },
"features": [
{ "type": "Feature", "properties": { "id": 4, "cost_level": 1500.0 }, "geometry": { "type": "Polygon", "coordinates": [ [ [ 465055.767280244384892, 6192482.17907066270709 ], [ 465065.810081044503022, 6192480.166756715625525 ], [ 465075.852881844621152, 6192478.154547442682087 ], [ 465083.787237782671582, 6192476.564793257974088 ], [ 465085.895682644797489, 6192476.142338168807328 ], [ 465095.938483444915619, 6192474.130128895863891 ], [ 465105.981284245091956, 6192472.117919621989131 ], [ 465116.024085045210086, 6192470.105710348114371 ], [ 465126.066885845444631, 6192468.062344477511942 ], [ 465132.797250247152988, 6192466.52415787614882 ], [ 465136.109686645504553, 6192465.4864122569561 ], [ 465146.152487445622683, 6192462.799514060840011 ], [ 465156.19528824579902, 6192459.599203850142658 ], [ 465165.972517683170736, 6192456.483522494323552 ], [ 465166.23808904591715, 6192456.39889466483146 ], [ 465176.280889846035279, 6192453.198623264208436 ], [ 465186.323690646211617, 6192449.998351864516735 ], [ 465196.366491446329746, 6192446.798080464825034 ], [ 465197.172557261888869, 6192446.442887111566961 ], [ 465206.409292246506084, 6192441.787212405353785 ], [ 465212.709692469332367, 6192436.402251730673015 ], [ 465216.452093046624213, 6192433.203661216422915 ], [ 465224.457391803793143, 6192426.361616349779069 ], [ 465226.494893846800551, 6192424.620184727944434 ], [ 465236.2049335767515, 6192416.320980967953801 ], [ 465236.537694646918681, 6192416.03656895738095 ], [ 465246.580495447153226, 6192407.59126344602555 ], [ 465249.957173547009006, 6192406.280345586128533 ], [ 465256.623296247213148, 6192404.15340268984437 ], [ 465266.666097047331277, 6192401.336416309699416 ], [ 465276.708897847449407, 6192400.860431812703609 ], [ 465286.751698647625744, 6192400.426106672734022 ], [ 465296.794499447802082, 6192399.991837481036782 ], [ 465306.837300247920211, 6192399.557534040883183 ], [ 465316.880101048038341, 6192399.123195453546941 ], [ 465326.922901848214678, 6192398.688900979235768 ], [ 465336.965702648391016, 6192398.25463626999408 ], [ 465347.008503448509146, 6192397.820284232497215 ], [ 465357.051304248627275, 6192397.386003207415342 ], [ 465367.094105048687197, 6192396.963567513972521 ], [ 465377.136905848921742, 6192397.303649865090847 ], [ 465387.179706649039872, 6192398.268144108355045 ], [ 465397.222507449216209, 6192399.312122707255185 ], [ 465407.265308249276131, 6192400.47045875992626 ], [ 465417.308109049510676, 6192401.556270620785654 ], [ 465427.350909849628806, 6192402.600657497532666 ], [ 465437.393710649746936, 6192403.645074009895325 ], [ 465447.436511449865066, 6192404.689544168300927 ], [ 465457.479312250041403, 6192405.733931044116616 ], [ 465462.733622237341478, 6192406.280345587059855 ], [ 465467.52211305021774, 6192406.778183549642563 ], [ 465477.564913850394078, 6192407.82075178809464 ], [ 465487.607714650454, 6192408.86277799680829 ], [ 465497.650515450630337, 6192409.904917089268565 ], [ 465507.693316250748467, 6192410.946995763108134 ], [ 465517.736117050866596, 6192411.989082390442491 ], [ 465527.778917851042934, 6192413.031221482902765 ], [ 465537.821718651161063, 6192414.073247691616416 ], [ 465547.864519451337401, 6192415.115386784076691 ], [ 465557.907320251455531, 6192416.157525875605643 ], [ 465559.482661553425714, 6192416.320980967953801 ], [ 465567.950121051631868, 6192417.199561962857842 ], [ 465577.992921851749998, 6192418.241691177710891 ], [ 465588.035722651984543, 6192419.283830270171165 ], [ 465598.078523452044465, 6192420.325856478884816 ], [ 465608.121324252162594, 6192421.367995571345091 ], [ 465618.164125052338932, 6192422.410090237855911 ], [ 465628.206925852457061, 6192423.452160872519016 ], [ 465638.249726652633399, 6192424.494299964979291 ], [ 465648.292527452751528, 6192425.536429779604077 ], [ 465656.245389964838978, 6192426.361616349779069 ], [ 465658.335328252869658, 6192426.578465266153216 ], [ 465668.378129052987788, 6192427.620604358613491 ], [ 465678.420929853164125, 6192428.662656436674297 ], [ 465688.463730653282255, 6192429.704769659787416 ], [ 465698.506531453458592, 6192430.746908752247691 ], [ 465708.54933225363493, 6192431.788934960961342 ], [ 465718.592133053694852, 6192432.831074053421617 ], [ 465728.634933853871189, 6192433.873213144950569 ], [ 465738.677734654047526, 6192434.915239353664219 ], [ 465748.720535454165656, 6192435.992568609304726 ], [ 465752.505689476849511, 6192436.402251730673015 ], [ 465758.763336254341993, 6192437.092892726883292 ], [ 465768.806137054460123, 6192438.201312510296702 ], [ 465778.848937854636461, 6192439.309806422330439 ], [ 465788.891738654696383, 6192440.418205503374338 ], [ 465798.93453945487272, 6192441.526720116846263 ], [ 465808.977340255049057, 6192442.635119199752808 ], [ 465819.020141055167187, 6192443.743602754548192 ], [ 465829.062941855285317, 6192444.852032895199955 ], [ 465839.105742655461654, 6192445.960431977175176 ], [ 465843.476637511223089, 6192446.442887112498283 ], [ 465849.148543455579784, 6192447.068946589715779 ], [ 465859.191344255697913, 6192448.177345672622323 ], [ 465869.234145055874251, 6192449.285777466371655 ], [ 465879.276945856050588, 6192450.39425936806947 ], [ 465889.319746656168718, 6192451.502658450044692 ], [ 465899.362547456286848, 6192452.611173063516617 ], [ 465909.405348256463185, 6192453.813979390077293 ], [ 465919.448149056581315, 6192453.618277220055461 ], [ 465929.490949856757652, 6192456.185101912356913 ], [ 465933.030635750386864, 6192456.483522494323552 ], [ 465939.533750656875782, 6192457.145131926052272 ], [ 465940.141098444757517, 6192456.483522494323552 ], [ 465940.858059431542642, 6192446.442887111566961 ], [ 465941.575020418327767, 6192436.402251731604338 ], [ 465942.291949480772018, 6192426.361616349779069 ], [ 465943.008902169298381, 6192416.320980967953801 ], [ 465943.725787139846943, 6192406.280345586128533 ], [ 465944.442748126573861, 6192396.239710204303265 ], [ 465945.159709113417193, 6192386.199074822477996 ], [ 465945.876639509457164, 6192376.158439440652728 ], [ 465946.660148106049746, 6192366.11780405882746 ], [ 465947.707351141085383, 6192356.077168677002192 ], [ 465949.576551456993911, 6192351.558869421482086 ], [ 465956.184740550816059, 6192346.036533296108246 ], [ 465959.619352257170249, 6192343.523689539171755 ], [ 465969.662153057288378, 6192340.924025348387659 ], [ 465979.704953857464716, 6192343.002601625397801 ], [ 465989.747754657582846, 6192343.298212671652436 ], [ 465999.790555457700975, 6192343.67215218115598 ], [ 466009.833356257877313, 6192343.394469991326332 ], [ 466019.87615705805365, 6192343.116736556403339 ], [ 466029.91895785817178, 6192342.839033354073763 ], [ 466039.961758658289909, 6192342.428569108247757 ], [ 466050.004559458466247, 6192341.012249497696757 ], [ 466056.99671220802702, 6192335.995897914282978 ], [ 466060.047360258584376, 6192326.694826200604439 ], [ 466060.30048099270789, 6192325.955262532457709 ], [ 466070.090161058760714, 6192316.43913693446666 ], [ 466070.655929796688724, 6192315.914627150632441 ], [ 466080.132961858878843, 6192307.128831848502159 ], [ 466081.48650864319643, 6192305.873991768807173 ], [ 466090.175762659055181, 6192297.818397141993046 ], [ 466092.42613644420635, 6192295.833356386981905 ], [ 466100.218563459173311, 6192290.845245350152254 ], [ 466110.26136425929144, 6192288.158644657582045 ], [ 466119.10543997224886, 6192285.792721005156636 ], [ 466120.30416505940957, 6192285.47204396314919 ], [ 466130.346965859585907, 6192281.156860381364822 ], [ 466137.060495233396068, 6192275.752085623331368 ], [ 466140.389766659704037, 6192273.07183188945055 ], [ 466149.532448936544824, 6192265.711450242437422 ], [ 466150.432567459880374, 6192264.986803397536278 ], [ 466160.475368259940296, 6192256.901774905622005 ], [ 466162.004384320869576, 6192255.670814860612154 ], [ 466170.518169060233049, 6192248.816715671680868 ], [ 466174.476308921235614, 6192245.630179479718208 ], [ 466180.560969860292971, 6192240.731621055863798 ], [ 466186.948189725284465, 6192235.589544096961617 ], [ 466190.603770660411101, 6192232.646592563018203 ], [ 466199.420143428491428, 6192225.548908715136349 ], [ 466200.646571460587438, 6192224.56156407110393 ], [ 466210.689372260705568, 6192216.476535578258336 ], [ 466211.892082722159103, 6192215.508273333311081 ], [ 466220.732173060881905, 6192208.3914102204144 ], [ 466224.36393051414052, 6192205.467637952417135 ], [ 466230.774973861000035, 6192200.306381728500128 ], [ 466236.835884217289276, 6192195.427002570591867 ], [ 466240.817774661118165, 6192192.221353236585855 ], [ 466249.307837920379825, 6192185.386367188766599 ], [ 466250.860575461294502, 6192184.136324744671583 ], [ 466260.903376261470839, 6192176.051289445720613 ], [ 466261.779781123448629, 6192175.34573180694133 ], [ 466270.946177061647177, 6192167.966170894913375 ], [ 466274.251625006028917, 6192165.305096425116062 ], [ 466280.988977861707099, 6192159.88114240206778 ], [ 466286.723578709177673, 6192155.264461043290794 ], [ 466291.031778661883436, 6192151.796113910153508 ], [ 466299.195532412326429, 6192145.223825661465526 ], [ 466301.074579462001566, 6192143.711085417307913 ], [ 466311.117380262119696, 6192135.6259600603953 ], [ 466311.667365794768557, 6192135.183190279640257 ], [ 466321.160181062296033, 6192127.540931567549706 ], [ 466324.139319497975521, 6192125.142554897814989 ], [ 466331.202981862414163, 6192119.455903075635433 ], [ 466336.611273201124277, 6192115.101919516921043 ], [ 466341.245782662648708, 6192111.370874583721161 ], [ 466349.083226904214825, 6192105.061284135095775 ], [ 466351.28858346270863, 6192103.285846090875566 ], [ 466361.331384262768552, 6192095.200720733031631 ], [ 466361.555060286715161, 6192095.020648754201829 ], [ 466371.374185063003097, 6192087.115692241117358 ], [ 466374.027013989922125, 6192084.980013372376561 ], [ 466381.416985863121226, 6192079.030663748271763 ], [ 466386.498967693012673, 6192074.93937798961997 ], [ 466391.459786663297564, 6192070.550744622945786 ], [ 466398.027708129491657, 6192064.898742607794702 ], [ 466401.502587463415693, 6192061.651763491332531 ], [ 466408.773079485166818, 6192054.858107225969434 ], [ 466411.545388263533823, 6192052.267620523460209 ], [ 466419.418476046528667, 6192044.817471844144166 ], [ 466421.588189063710161, 6192042.572316866368055 ], [ 466429.111020136682782, 6192034.776836464181542 ], [ 466431.63098986382829, 6192032.165535686537623 ], [ 466438.800481200218201, 6192024.736201081424952 ], [ 466441.673790664004628, 6192021.758754505775869 ], [ 466448.489942263695411, 6192014.695565699599683 ], [ 466451.716591464122757, 6192011.352015411481261 ], [ 466461.759392264299095, 6192006.272249722853303 ], [ 466471.802193064417224, 6192007.047198094427586 ], [ 466481.844993864535354, 6192009.874934211373329 ], [ 466486.558431326178834, 6192014.695565699599683 ], [ 466491.887794664711691, 6192020.146130586043 ], [ 466496.375798005261458, 6192024.736201081424952 ], [ 466501.930595464771613, 6192030.417326960712671 ], [ 466506.193164684402291, 6192034.77683646325022 ], [ 466511.973396265006159, 6192040.688523335382342 ], [ 466516.010531363543123, 6192044.817471844144166 ], [ 466522.016197065124288, 6192050.959753228351474 ], [ 466525.836383088259026, 6192054.858107225969434 ], [ 466532.05899786518421, 6192061.530159955844283 ], [ 466538.735561104957014, 6192064.898742607794702 ], [ 466541.931071835977491, 6192074.93937798961997 ], [ 466542.101798665360548, 6192075.305484221316874 ], [ 466542.535349044192117, 6192074.93937798961997 ], [ 466546.013350444496609, 6192064.898742606863379 ], [ 466547.425306476361584, 6192054.858107225969434 ], [ 466548.776545340195298, 6192044.817471844144166 ], [ 466549.984343889111187, 6192034.77683646325022 ], [ 466551.141277025919408, 6192024.736201081424952 ], [ 466552.144599465536885, 6192016.028701515868306 ], [ 466552.297742469236255, 6192014.695565699599683 ], [ 466553.290754154091701, 6192004.654930317774415 ], [ 466554.135469778324477, 6191994.614294935949147 ], [ 466554.980185402440839, 6191984.573659554123878 ], [ 466555.55504648265196, 6191974.53302417229861 ], [ 466554.652135307551362, 6191964.492388790473342 ], [ 466552.144599465536885, 6191956.785094568505883 ], [ 466551.378477932419628, 6191954.451753409579396 ], [ 466548.118778108269908, 6191944.411118027754128 ], [ 466544.852154544787481, 6191934.37048264592886 ], [ 466542.101798665418755, 6191925.916780170053244 ], [ 466541.585496702056844, 6191924.329847264103591 ], [ 466538.318818102416117, 6191914.289211882278323 ], [ 466535.05213950277539, 6191904.248576500453055 ], [ 466532.058997865242418, 6191895.048698731698096 ], [ 466531.78546090319287, 6191894.207941118627787 ], [ 466528.518809021334164, 6191884.167305736802518 ], [ 466525.252155075140763, 6191874.126670356839895 ], [ 466522.016197065124288, 6191864.180384331382811 ], [ 466521.985500897280872, 6191864.086034974083304 ], [ 466518.718822297640145, 6191854.045399592258036 ], [ 466515.452143698057625, 6191844.004764210432768 ], [ 466512.185465098475106, 6191833.9641288286075 ], [ 466511.973396265006159, 6191833.312302893027663 ], [ 466508.918809551745653, 6191823.923493446782231 ], [ 466505.65215560561046, 6191813.88285806402564 ], [ 466502.385505092563108, 6191803.842222683131695 ], [ 466501.930595464829821, 6191802.443988494575024 ], [ 466499.118826492922381, 6191793.801587302237749 ], [ 466495.852147893281654, 6191783.760951920412481 ], [ 466492.585469293699134, 6191773.720316539518535 ], [ 466491.887794664711691, 6191771.575907056219876 ], [ 466489.318810082157142, 6191763.679681156761944 ], [ 466486.052156135963742, 6191753.639045774936676 ], [ 466482.785509287787136, 6191743.598410393111408 ], [ 466481.844993864535354, 6191740.707592656835914 ], [ 466479.518830688204616, 6191733.557775011286139 ], [ 466476.252152088563889, 6191723.517139630392194 ], [ 466472.985473488923162, 6191713.476504248566926 ], [ 466471.802193064417224, 6191709.839511219412088 ], [ 466470.341677076648921, 6191703.435868866741657 ], [ 466468.138135516550392, 6191693.395233484916389 ], [ 466461.944414458877873, 6191683.354598103091121 ], [ 466461.759392264357302, 6191683.199104311875999 ], [ 466451.716591464122757, 6191681.255954412743449 ], [ 466441.673790664004628, 6191679.312804513610899 ], [ 466431.63098986382829, 6191677.36965461447835 ], [ 466421.588189063710161, 6191675.426504714414477 ], [ 466411.545388263533823, 6191673.483354815281928 ], [ 466410.66991743282415, 6191673.313962721265852 ], [ 466401.502587463415693, 6191671.540204916149378 ], [ 466391.459786663239356, 6191669.597055016085505 ], [ 466381.416985863121226, 6191667.653905117884278 ], [ 466371.374185063003097, 6191665.710755217820406 ], [ 466361.331384262826759, 6191663.767605318687856 ], [ 466358.776802505133674, 6191663.273327339440584 ], [ 466355.391930047073402, 6191653.232691957615316 ], [ 466358.424620067060459, 6191643.192056575790048 ], [ 466361.331384262826759, 6191633.568580415099859 ], [ 466361.457385281741153, 6191633.151421194896102 ], [ 466364.490023856400512, 6191623.110785814002156 ], [ 466367.522710618504789, 6191613.070150431245565 ], [ 466370.555438235867769, 6191603.029515049420297 ], [ 466371.374185063003097, 6191600.318840238265693 ], [ 466373.588165853230748, 6191592.988879667595029 ], [ 466373.846842864062637, 6191582.948244285769761 ], [ 466371.374185063003097, 6191577.526565119624138 ], [ 466369.267596574034542, 6191572.907608903944492 ], [ 466364.688274332904257, 6191562.866973523050547 ], [ 466361.331384262826759, 6191555.506690619513392 ], [ 466360.108924646221567, 6191552.826338141225278 ], [ 466355.529630213801283, 6191542.78570275940001 ], [ 466351.28858346270863, 6191533.486682397313416 ], [ 466350.950356115063187, 6191532.745067377574742 ], [ 466346.371006428380497, 6191522.704431995749474 ], [ 466341.2457826625905, 6191512.693697712384164 ], [ 466341.207022718910594, 6191512.663796613924205 ], [ 466331.202981862414163, 6191508.571380535140634 ], [ 466321.160181062296033, 6191504.463219366036355 ], [ 466316.662039902294055, 6191502.623161232098937 ], [ 466311.117380262119696, 6191500.355002962052822 ], [ 466301.074579461943358, 6191496.246836014091969 ], [ 466292.117057085735723, 6191492.582525850273669 ], [ 466291.031778661825228, 6191492.138570153154433 ], [ 466280.988977861707099, 6191488.030427828431129 ], [ 466270.946177061588969, 6191483.174628778360784 ], [ 466269.773147797212005, 6191482.541890469379723 ], [ 466260.903376261412632, 6191477.137875940650702 ], [ 466253.293151038931683, 6191472.501255087554455 ], [ 466250.860575461294502, 6191471.019203829579055 ], [ 466240.817774661118165, 6191464.900608504191041 ], [ 466236.812881356221624, 6191462.460619705729187 ], [ 466230.774973861058243, 6191458.781952257268131 ], [ 466220.732173060881905, 6191458.673923704773188 ], [ 466213.718227949226275, 6191462.460619705729187 ], [ 466210.689372260705568, 6191464.095841473899782 ], [ 466200.646571460529231, 6191469.518075960688293 ], [ 466194.443742559757084, 6191472.501255087554455 ], [ 466190.603770660411101, 6191473.48942253459245 ], [ 466180.560969860292971, 6191474.109551831148565 ], [ 466170.518169060174841, 6191474.425167236477137 ], [ 466160.475368259998504, 6191473.566499078646302 ], [ 466150.951742945471779, 6191472.501255087554455 ], [ 466150.432567459880374, 6191472.443183864466846 ], [ 466140.389766659762245, 6191471.319868651218712 ], [ 466130.346965859585907, 6191470.196460226550698 ], [ 466120.304165059467778, 6191469.073158549144864 ], [ 466110.26136425929144, 6191467.949802028946579 ], [ 466100.218563459173311, 6191466.826486814767122 ], [ 466090.175762659055181, 6191465.897495567798615 ], [ 466080.132961858878843, 6191465.668939 ], [ 466070.090161058702506, 6191465.440382431261241 ], [ 466060.047360258584376, 6191465.205837361514568 ], [ 466050.004559458466247, 6191464.821339503861964 ], [ 466039.961758658289909, 6191464.380297305062413 ], [ 466029.91895785817178, 6191463.939031602814794 ], [ 466019.876157057995442, 6191463.497643190436065 ], [ 466009.833356257877313, 6191463.056254778057337 ], [ 465999.790555457700975, 6191462.613601796329021 ], [ 465996.278227571514435, 6191462.460619705729187 ], [ 465989.747754657641053, 6191462.179583804681897 ], [ 465979.704953857406508, 6191461.713691075332463 ], [ 465969.662153057288378, 6191457.483265697024763 ], [ 465959.619352257170249, 6191458.436312833800912 ], [ 465949.576551456993911, 6191457.56723303347826 ], [ 465939.533750656875782, 6191456.446951305493712 ], [ 465929.49094985681586, 6191455.326687512919307 ], [ 465919.448149056581315, 6191454.206388734281063 ], [ 465909.405348256463185, 6191453.086124941706657 ], [ 465903.43380060850177, 6191452.419984323903918 ], [ 465899.36254745622864, 6191451.965826163068414 ], [ 465889.319746656168718, 6191450.845556885935366 ], [ 465879.276945856050588, 6191449.72526359371841 ], [ 465869.234145055874251, 6191446.964202439412475 ], [ 465859.191344255756121, 6191442.583347634412348 ], [ 465858.386943280696869, 6191442.37934894207865 ], [ 465849.148543455579784, 6191440.036468477919698 ], [ 465839.105742655461654, 6191437.489589988254011 ], [ 465829.062941855285317, 6191434.942711498588324 ], [ 465819.020141055167187, 6191432.395800423808396 ], [ 465818.795038003183436, 6191432.338713560253382 ], [ 465808.977340255049057, 6191429.848921746946871 ], [ 465798.93453945487272, 6191427.302043257281184 ], [ 465788.891738654812798, 6191424.755164766684175 ], [ 465779.203128168301191, 6191422.298078178428113 ], [ 465778.848937854578253, 6191422.208253505639732 ], [ 465768.806137054460123, 6191419.661375015974045 ], [ 465758.763336254341993, 6191413.143343104049563 ], [ 465748.720535454165656, 6191416.910796745680273 ], [ 465738.677734654105734, 6191420.926215603016317 ], [ 465728.634933853871189, 6191413.029590794816613 ], [ 465728.139432298310567, 6191412.257442797534168 ], [ 465722.877998978074174, 6191402.216807415708899 ], [ 465720.842908599530347, 6191392.176172033883631 ], [ 465720.340996076236479, 6191382.135536652058363 ], [ 465719.839083552942611, 6191372.094901269301772 ], [ 465719.337171029765159, 6191362.054265888407826 ], [ 465718.835275716439355, 6191352.013630506582558 ], [ 465718.592133053811267, 6191347.149613380432129 ], [ 465718.333363620156888, 6191341.97299512475729 ], [ 465717.83145109686302, 6191331.932359743863344 ], [ 465717.32953857362736, 6191321.891724362038076 ], [ 465716.827626050333492, 6191311.851088980212808 ], [ 465716.32571352715604, 6191301.810453598387539 ], [ 465715.823805865482427, 6191291.769818216562271 ], [ 465715.321894223685376, 6191281.729182834737003 ], [ 465714.819993594312109, 6191271.688547452911735 ], [ 465714.318081071018241, 6191261.647912071086466 ], [ 465713.816168547782581, 6191251.607276690192521 ], [ 465712.599510512663983, 6191241.566641308367252 ], [ 465711.581467240583152, 6191231.526005925610662 ], [ 465714.912814913142938, 6191221.485370544716716 ], [ 465718.344938096823171, 6191211.444735162891448 ], [ 465718.592133053753059, 6191210.733101768419147 ], [ 465728.634933853871189, 6191208.286670428700745 ], [ 465738.677734654047526, 6191207.321417419239879 ], [ 465747.370306277472991, 6191211.444735162891448 ], [ 465748.720535454223864, 6191212.312613651156425 ], [ 465758.763336254283786, 6191218.916529963724315 ], [ 465762.669934590230696, 6191221.485370544716716 ], [ 465768.806137054460123, 6191225.520319763571024 ], [ 465777.939363826997578, 6191231.526005926541984 ], [ 465778.848937854578253, 6191232.147956506349146 ], [ 465788.891738654696383, 6191238.981826768256724 ], [ 465792.713751877192408, 6191241.566641308367252 ], [ 465798.93453945487272, 6191245.999705624766648 ], [ 465806.803477493231185, 6191251.607276691123843 ], [ 465808.977340255049057, 6191253.152465036138892 ], [ 465819.020141055167187, 6191260.297700323164463 ], [ 465820.916135791689157, 6191261.647912072017789 ], [ 465829.062941855285317, 6191267.439740996807814 ], [ 465835.039327319245785, 6191271.688547452911735 ], [ 465839.105742655461654, 6191274.57949413638562 ], [ 465849.148543455579784, 6191281.719397814013064 ], [ 465858.765437363937963, 6191271.688547452911735 ], [ 465859.191344255756121, 6191271.052889696322381 ], [ 465864.009319759090431, 6191261.647912072017789 ], [ 465869.234145055874251, 6191252.923758134245872 ], [ 465870.012956709600985, 6191251.607276690192521 ], [ 465876.35576691001188, 6191241.566641308367252 ], [ 465879.276945856050588, 6191238.518815375864506 ], [ 465886.291361314360984, 6191231.526005926541984 ], [ 465889.319746656226926, 6191228.506948706693947 ], [ 465896.362936428398825, 6191221.485370544716716 ], [ 465899.362547456286848, 6191218.062284985557199 ], [ 465906.003304777143057, 6191211.444735162891448 ], [ 465909.405348256463185, 6191207.082971284165978 ], [ 465914.298302961920854, 6191201.404099781066179 ], [ 465916.606322073144838, 6191191.363464399240911 ], [ 465918.557409246743191, 6191181.322829017415643 ], [ 465919.448149056581315, 6191176.739177371375263 ], [ 465929.490949856757652, 6191180.366187841631472 ], [ 465935.805143940728158, 6191171.282193636521697 ], [ 465939.533750656875782, 6191166.938363831490278 ], [ 465943.737478933762759, 6191161.241558253765106 ], [ 465949.576551457052119, 6191153.574463500641286 ], [ 465951.374675953527912, 6191151.200922872871161 ], [ 465959.164265728963073, 6191141.160287491045892 ], [ 465959.619352257170249, 6191140.570705798454583 ], [ 465966.793422877613921, 6191131.119652109220624 ], [ 465969.662153057288378, 6191127.227596091106534 ], [ 465974.194106118986383, 6191121.079016727395356 ], [ 465979.704953857464716, 6191113.602353967726231 ], [ 465981.608863810950425, 6191111.038381345570087 ], [ 465989.081416992237791, 6191100.997745963744819 ], [ 465989.747754657582846, 6191100.104151090607047 ], [ 465998.686831317492761, 6191090.957110582850873 ], [ 465999.790555457700975, 6191090.138129438273609 ], [ 466009.833356257819105, 6191084.856928799301386 ], [ 466017.326557800639421, 6191080.916475201025605 ], [ 466019.876157057995442, 6191079.575696562416852 ], [ 466029.91895785817178, 6191074.294503558427095 ], [ 466030.560636541806161, 6191070.875839819200337 ], [ 466039.961758658289909, 6191063.554025562480092 ], [ 466050.004559458466247, 6191063.384457071311772 ], [ 466060.047360258584376, 6191063.220719346776605 ], [ 466070.090161058702506, 6191062.886304133571684 ], [ 466080.132961858878843, 6191061.328486520797014 ], [ 466082.672531651624013, 6191060.835204437375069 ], [ 466088.183550985180773, 6191050.7945690555498 ], [ 466090.175762658938766, 6191044.619313401170075 ], [ 466091.423371428798418, 6191040.753933673724532 ], [ 466094.656436895136721, 6191030.713298290967941 ], [ 466099.973825400229543, 6191020.672662911005318 ], [ 466100.218563459173311, 6191019.983830599114299 ], [ 466102.942432815034408, 6191010.632027530111372 ], [ 466105.866967069567181, 6191000.591392147354782 ], [ 466108.791520505212247, 6190990.550756765529513 ], [ 466110.26136425929144, 6190985.514324624091387 ], [ 466111.725638026662637, 6190980.510121383704245 ], [ 466114.674606405373197, 6190970.469486001878977 ], [ 466117.62357478402555, 6190960.428850620985031 ], [ 466120.304165059351362, 6190951.302207340486348 ], [ 466120.572614068340044, 6190950.38821523822844 ], [ 466123.521582446992397, 6190940.347579858265817 ], [ 466126.4706217313651, 6190930.306944475509226 ], [ 466129.419590110017452, 6190920.266309093683958 ], [ 466130.3469658595277, 6190917.108783963136375 ], [ 466133.867910912726074, 6190910.22567371185869 ], [ 466140.080146494554356, 6190900.185038330033422 ], [ 466140.389766659704037, 6190899.742369800806046 ], [ 466147.254827190830838, 6190890.144402949139476 ], [ 466150.432567459880374, 6190885.701638659462333 ], [ 466153.846797680424061, 6190880.103767566382885 ], [ 466159.655844057677314, 6190870.063132184557617 ], [ 466160.475368259998504, 6190868.591175752691925 ], [ 466162.213439509039745, 6190860.022496803663671 ], [ 466164.250055849901401, 6190849.981861421838403 ], [ 466166.286682780599222, 6190839.941226040013134 ], [ 466168.323316421126947, 6190829.900590658187866 ], [ 466170.359926052158698, 6190819.859955276362598 ], [ 466170.518169060174841, 6190819.079818367958069 ], [ 466172.396576992294285, 6190809.81931989453733 ], [ 466174.433211976778693, 6190799.778684512712061 ], [ 466176.469837563519832, 6190789.738049130886793 ], [ 466177.236513610230759, 6190779.697413749992847 ], [ 466176.573839202232193, 6190769.656778368167579 ], [ 466170.518169060233049, 6190763.847028774209321 ], [ 466166.137601101654582, 6190759.616142986342311 ], [ 466160.475368259998504, 6190754.147386266849935 ], [ 466155.830374258570373, 6190749.575507604517043 ], [ 466150.432567459880374, 6190744.264303350821137 ], [ 466145.659064388484694, 6190739.534872222691774 ], [ 466140.389766659704037, 6190734.314223920926452 ], [ 466135.52486377756577, 6190729.494236840866506 ], [ 466130.346965859585907, 6190724.364144489169121 ], [ 466125.39066316653043, 6190719.453601459041238 ], [ 466120.30416505940957, 6190714.414065059274435 ], [ 466115.256379929545801, 6190709.41296607721597 ], [ 466110.26136425929144, 6190704.388431647792459 ], [ 466106.178397451411001, 6190699.372330696322024 ], [ 466100.218563459115103, 6190692.075892866589129 ], [ 466097.205397530109622, 6190689.331695314496756 ], [ 466090.175762658996973, 6190683.021826251409948 ], [ 466086.019503273710143, 6190679.291059932671487 ], [ 466080.132961858878843, 6190674.00723301526159 ], [ 466074.833554730983451, 6190669.250424550846219 ], [ 466070.090161058702506, 6190662.848875457420945 ], [ 466069.170554170152172, 6190659.209789169020951 ], [ 466070.090161058702506, 6190656.184280877001584 ], [ 466073.263229549687821, 6190649.169153787195683 ], [ 466076.656623742601369, 6190639.128518405370414 ], [ 466079.439300989848562, 6190629.087883023545146 ], [ 466080.132961858878843, 6190627.169717956334352 ], [ 466083.778585287393071, 6190619.0472476426512 ], [ 466086.70123686932493, 6190609.006612260825932 ], [ 466090.175762658996973, 6190599.398582898080349 ], [ 466090.386999454698525, 6190598.965976879000664 ], [ 466093.213438181439415, 6190588.925341497175395 ], [ 466094.165483234333806, 6190578.884706115350127 ], [ 466097.084351593744941, 6190568.844070733524859 ], [ 466100.218563459231518, 6190563.112684652209282 ], [ 466102.528741976246238, 6190558.803435351699591 ], [ 466107.766170164919458, 6190548.762799970805645 ], [ 466110.26136425929144, 6190543.979248747229576 ], [ 466113.003519756137393, 6190538.722164588980377 ], [ 466117.709675668389536, 6190528.681529207155108 ], [ 466120.30416505940957, 6190522.557393085211515 ], [ 466121.963360911468044, 6190518.64089382532984 ], [ 466120.304165059467778, 6190514.706685843877494 ], [ 466118.194368583557662, 6190508.600258443504572 ], [ 466120.304165059351362, 6190503.277812632732093 ], [ 466122.021298984298483, 6190498.559623060747981 ], [ 466126.497783442959189, 6190488.518987679854035 ], [ 466130.3469658595277, 6190479.885374066419899 ], [ 466131.006760705204215, 6190478.478352298028767 ], [ 466138.979286899964791, 6190468.437716917134821 ], [ 466140.389766659704037, 6190467.103171210736036 ], [ 466149.578208548715338, 6190458.397081535309553 ], [ 466150.432567459880374, 6190457.585914578288794 ], [ 466160.265776562620886, 6190448.356446153484285 ], [ 466160.475368259998504, 6190448.159726297482848 ], [ 466170.518169060233049, 6190438.7336929673329 ], [ 466170.96338630624814, 6190438.315810771659017 ], [ 466180.560969860292971, 6190429.307491068728268 ], [ 466181.660832375055179, 6190428.275175389833748 ], [ 466190.603770660411101, 6190419.772974889725447 ], [ 466192.137659477477428, 6190418.23454000800848 ], [ 466200.646571460587438, 6190408.470336626283824 ], [ 466200.910164477420039, 6190408.193904626183212 ], [ 466210.689372260705568, 6190399.444308082573116 ], [ 466212.20772989426041, 6190398.153269244357944 ], [ 466220.732173060881905, 6190390.073495152406394 ], [ 466222.572530737088528, 6190388.112633863463998 ], [ 466223.62676510825986, 6190378.07199848163873 ], [ 466220.732173060881905, 6190375.168156558647752 ], [ 466214.294069083116483, 6190368.031363099813461 ], [ 466210.689372260705568, 6190363.370837670750916 ], [ 466207.142910391790792, 6190357.990727717988193 ], [ 466200.646571460529231, 6190351.962542125955224 ], [ 466196.414548773085698, 6190347.950092336162925 ], [ 466190.603770660411101, 6190341.764539061114192 ], [ 466187.456684763950761, 6190337.909456954337656 ], [ 466181.631455053342506, 6190327.868821572512388 ], [ 466180.560969860292971, 6190325.650384398177266 ], [ 466176.286140199168585, 6190317.82818619068712 ], [ 466170.536301236134022, 6190307.787550809793174 ], [ 466170.518169060233049, 6190307.75671942345798 ], [ 466161.324561153887771, 6190297.746915427967906 ], [ 466160.475368259998504, 6190296.822332336567342 ], [ 466152.10263584216591, 6190287.706280046142638 ], [ 466150.432567459822167, 6190285.887977710925043 ], [ 466142.880669695849065, 6190277.665644664317369 ], [ 466140.389766659762245, 6190274.953606579452753 ], [ 466133.679302014468703, 6190267.625009282492101 ], [ 466130.3469658595277, 6190263.994401076808572 ], [ 466126.757576290052384, 6190257.584373900666833 ], [ 466122.113774397585075, 6190247.543738518841565 ], [ 466120.304165059467778, 6190241.702995456755161 ], [ 466119.17706516594626, 6190237.503103138878942 ], [ 466118.171993117313832, 6190227.462467756122351 ], [ 466115.8180701090605, 6190217.421832374297082 ], [ 466110.26136425929144, 6190212.860500175505877 ], [ 466102.100517044367734, 6190207.381196992471814 ], [ 466100.218563459231518, 6190206.116935388185084 ], [ 466090.175762659055181, 6190200.206381050869823 ], [ 466084.99196942418348, 6190197.340561611577868 ], [ 466080.132961858878843, 6190194.654297379776835 ], [ 466070.090161058702506, 6190189.10237798653543 ], [ 466066.829727564239874, 6190187.299926228821278 ], [ 466060.047360258526169, 6190183.550458592362702 ], [ 466050.004559458466247, 6190177.998539198189974 ], [ 466048.667341929743998, 6190177.259290846996009 ], [ 466039.961758658289909, 6190172.446619804948568 ], [ 466030.504956295189913, 6190167.218655465170741 ], [ 466029.91895785817178, 6190166.894700409844518 ], [ 466019.876157057937235, 6190161.342781016603112 ], [ 466012.342570660635829, 6190157.178020084276795 ], [ 466009.833356257877313, 6190155.790861623361707 ], [ 465999.790555457700975, 6190150.238942229188979 ], [ 465994.180185026139952, 6190147.13738470338285 ], [ 465989.747754657524638, 6190144.687022834084928 ], [ 465979.704953857464716, 6190139.135103440843523 ], [ 465976.017799391644076, 6190137.096749320626259 ], [ 465969.662153057288378, 6190133.583184046670794 ], [ 465959.619352257170249, 6190128.031264652498066 ], [ 465958.127508774981834, 6190127.056113938800991 ], [ 465949.576551456993911, 6190121.978791273199022 ], [ 465945.673723220592365, 6190117.015478556975722 ], [ 465939.533750656875782, 6190109.434510527178645 ], [ 465937.587508756667376, 6190106.974843175150454 ], [ 465929.642733109125402, 6190096.934207793325186 ], [ 465929.490949856757652, 6190096.742383585311472 ], [ 465921.697957461583428, 6190086.893572411499918 ], [ 465919.448149056581315, 6190084.050297670997679 ], [ 465913.753132183453999, 6190076.852937029674649 ], [ 465909.405348256463185, 6190070.660947933793068 ], [ 465907.271411504480056, 6190066.812301648780704 ], [ 465902.235889264498837, 6190056.771666266024113 ], [ 465899.362547456286848, 6190051.994775705039501 ], [ 465895.343220735434443, 6190046.731030885130167 ], [ 465889.319746656168718, 6190038.666520554572344 ], [ 465888.075164555688389, 6190036.690395503304899 ], [ 465883.847572348604444, 6190026.64976012147963 ], [ 465879.619971442734823, 6190016.609124739654362 ], [ 465879.276945856050588, 6190015.79442204348743 ], [ 465875.392423336277716, 6190006.568489357829094 ], [ 465871.164778329839464, 6189996.527853976935148 ], [ 465869.234145055874251, 6189991.942504674196243 ], [ 465866.937230223265942, 6189986.48721859510988 ], [ 465863.667633081437089, 6189976.446583213284612 ], [ 465863.989764225902036, 6189966.405947831459343 ], [ 465865.628795522847213, 6189956.365312449634075 ], [ 465860.451131296926178, 6189946.324677067808807 ], [ 465859.191344255814329, 6189944.631289434619248 ], [ 465855.257334643043578, 6189936.284041685983539 ], [ 465853.551861151703633, 6189926.24340630415827 ], [ 465851.978625692718197, 6189916.202770923264325 ], [ 465850.405496040126309, 6189906.162135540507734 ], [ 465849.148543455637991, 6189898.139970448799431 ], [ 465848.832279527152423, 6189896.121500159613788 ], [ 465847.074045114452019, 6189886.08086477778852 ], [ 465844.596895731287077, 6189876.040229395963252 ], [ 465842.149371318053454, 6189865.999594013206661 ], [ 465845.040801704803016, 6189855.958958632312715 ], [ 465848.02914645918645, 6189845.918323251418769 ], [ 465843.634720980422571, 6189835.877687869593501 ], [ 465839.105742655461654, 6189828.557018925435841 ], [ 465837.522210976982024, 6189825.837052487768233 ], [ 465832.011829759110697, 6189815.796417105942965 ], [ 465829.062941855285317, 6189810.023331226781011 ], [ 465826.510861262097023, 6189805.755781724117696 ], [ 465820.506358986487612, 6189795.715146342292428 ], [ 465819.020141055225395, 6189793.22991581633687 ], [ 465814.501896812056657, 6189785.67451096046716 ], [ 465813.39183011802379, 6189775.633875578641891 ], [ 465814.72977561398875, 6189765.593240197747946 ], [ 465816.067668705829419, 6189755.552604815922678 ], [ 465817.841845818562433, 6189745.511969434097409 ], [ 465819.020141055167187, 6189741.803338780999184 ], [ 465821.98402276809793, 6189735.471334053203464 ], [ 465826.683838524913881, 6189725.430698670446873 ], [ 465829.062941855285317, 6189720.348164821043611 ], [ 465831.383799172355793, 6189715.390063288621604 ], [ 465836.083614929229952, 6189705.349427906796336 ], [ 465839.105742655461654, 6189698.89298702776432 ], [ 465840.783430686045904, 6189695.308792524971068 ], [ 465845.483246442861855, 6189685.268157144077122 ], [ 465849.148543455579784, 6189677.437656380236149 ], [ 465850.183062199736014, 6189675.227521762251854 ], [ 465854.882877956610173, 6189665.186886380426586 ], [ 465859.191344255697913, 6189655.982325732707977 ], [ 465859.582693713426124, 6189655.146250998601317 ], [ 465864.282509470242076, 6189645.105615616776049 ], [ 465868.982325227116235, 6189635.064980234950781 ], [ 465869.234145055874251, 6189634.39418937265873 ], [ 465873.069007899728604, 6189625.024344853125513 ], [ 465870.357734437100589, 6189614.983709471300244 ], [ 465869.234145055932458, 6189610.822730709798634 ], [ 465867.64648594672326, 6189604.943074090406299 ], [ 465864.935345474630594, 6189594.90243870858103 ], [ 465862.224072012060788, 6189584.861803326755762 ], [ 465859.512798549432773, 6189574.821167943999171 ], [ 465859.191344255756121, 6189573.630729061551392 ], [ 465856.365598318399861, 6189564.780532563105226 ], [ 465850.476214060967322, 6189554.739897181279957 ], [ 465849.148543455521576, 6189552.579062261618674 ], [ 465844.306998477317393, 6189544.699261799454689 ], [ 465839.105742655461654, 6189536.234018119052052 ], [ 465838.137782893609256, 6189534.658626417629421 ], [ 465831.968567309959326, 6189524.617991037666798 ], [ 465829.062941855285317, 6189520.852281300351024 ], [ 465823.860374098760076, 6189514.577355654910207 ], [ 465819.020141055167187, 6189509.128233829513192 ], [ 465814.941686516162008, 6189504.536720273084939 ], [ 465808.977340255049057, 6189497.822074699215591 ], [ 465806.02299893356394, 6189494.49608489125967 ], [ 465798.93453945487272, 6189486.51591556891799 ], [ 465797.104311350907665, 6189484.455449509434402 ], [ 465788.89173865475459, 6189475.209540310315788 ], [ 465788.185832246264908, 6189474.414814127609134 ], [ 465779.267144663608633, 6189464.374178745783865 ], [ 465778.848937854578253, 6189463.903362603858113 ], [ 465770.348457080952358, 6189454.33354336488992 ], [ 465768.806137054460123, 6189452.597203474491835 ], [ 465761.42976949835429, 6189444.292907983064651 ], [ 465758.763336254400201, 6189441.290974170900881 ], [ 465752.511290393711533, 6189434.252272600308061 ], [ 465748.720535454107448, 6189429.984650507569313 ], [ 465743.22087450302206, 6189424.211637219414115 ], [ 465738.677734654047526, 6189419.539344299584627 ], [ 465732.955308912554756, 6189414.171001837588847 ], [ 465728.634933853871189, 6189410.117956166155636 ], [ 465722.252572541940026, 6189404.130366455763578 ], [ 465718.592133053753059, 6189400.696338085457683 ], [ 465711.974401584593579, 6189394.089731073006988 ], [ 465708.54933225363493, 6189391.592336317524314 ], [ 465698.506531453458592, 6189387.533016571775079 ], [ 465688.46373065339867, 6189386.874112611636519 ], [ 465678.420929853164125, 6189386.72128919698298 ], [ 465668.378129053045996, 6189386.173921508714557 ], [ 465658.335328252869658, 6189385.127708429470658 ], [ 465652.780398655799218, 6189384.049095692113042 ], [ 465648.292527452751528, 6189383.142409232445061 ], [ 465638.249726652633399, 6189380.776620466262102 ], [ 465628.206925852457061, 6189382.749858463183045 ], [ 465627.522764345048927, 6189384.049095692113042 ], [ 465622.986767652328126, 6189394.08973107393831 ], [ 465618.164125052280724, 6189402.680322957225144 ], [ 465617.350090159336105, 6189404.130366455763578 ], [ 465611.713412666344084, 6189414.171001837588847 ], [ 465608.121324252162594, 6189417.763898995704949 ], [ 465598.078523451986257, 6189423.942590421065688 ], [ 465597.562365491350647, 6189424.211637219414115 ], [ 465588.035722651926335, 6189429.177389863878489 ], [ 465578.077531369053759, 6189434.252272601239383 ], [ 465577.992921851749998, 6189434.289497449994087 ], [ 465567.950121051631868, 6189435.028046120889485 ], [ 465557.907320251455531, 6189435.768260633572936 ], [ 465547.864519451337401, 6189436.833948532119393 ], [ 465537.821718651219271, 6189438.591062320396304 ], [ 465527.778917851042934, 6189440.317669751122594 ], [ 465517.736117050866596, 6189442.015744002535939 ], [ 465507.693316250748467, 6189443.709283503703773 ], [ 465506.031039447290823, 6189444.292907983064651 ], [ 465497.650515450630337, 6189447.640913050621748 ], [ 465487.607714650454, 6189451.160903763025999 ], [ 465477.564913850277662, 6189447.925158966332674 ], [ 465470.593218600610271, 6189444.292907983064651 ], [ 465467.52211305021774, 6189442.749751903116703 ], [ 465457.479312250041403, 6189437.619264064356685 ], [ 465451.082905005430803, 6189434.252272600308061 ], [ 465447.436511449981481, 6189432.394232634454966 ], [ 465437.393710649746936, 6189427.322687774896622 ], [ 465431.377855461323634, 6189424.211637219414115 ], [ 465427.350909849687014, 6189422.01537564303726 ], [ 465417.308109049510676, 6189417.042372137308121 ], [ 465411.672962156007998, 6189414.171001837588847 ], [ 465407.265308249334339, 6189410.375645341351628 ], [ 465398.488627539773006, 6189404.130366455763578 ], [ 465397.222507449216209, 6189403.020780917257071 ], [ 465387.179706649039872, 6189394.219226765446365 ], [ 465387.031942378554959, 6189394.08973107393831 ], [ 465377.136905848921742, 6189385.418050153180957 ], [ 465375.574893422366586, 6189384.049095692113042 ], [ 465367.094105048745405, 6189376.616775465197861 ], [ 465364.117838127771392, 6189374.008460311219096 ], [ 465357.051304248627275, 6189367.815552249550819 ], [ 465355.583957701281179, 6189363.967824929393828 ], [ 465352.120183294056915, 6189353.92718954756856 ], [ 465347.008503448509146, 6189347.551859205588698 ], [ 465336.965702648332808, 6189346.815072818659246 ], [ 465332.378197978250682, 6189343.886554165743291 ], [ 465326.922901848214678, 6189340.376688361167908 ], [ 465316.880101048038341, 6189333.915282370522618 ], [ 465316.772290970722679, 6189333.845918783918023 ], [ 465306.837300247920211, 6189327.075922349467874 ], [ 465302.213672523503192, 6189323.805283402092755 ], [ 465296.794499447802082, 6189321.66320164501667 ], [ 465286.751698647625744, 6189316.963007759302855 ], [ 465282.341750497755129, 6189313.764648020267487 ], [ 465276.708897847507615, 6189310.467650702223182 ], [ 465266.666097047331277, 6189305.162451388314366 ], [ 465264.629817035631277, 6189303.724012638442218 ], [ 465256.623296247213148, 6189299.254026936367154 ], [ 465246.645132517965976, 6189293.683377257548273 ], [ 465246.580495447095018, 6189293.647291083820164 ], [ 465236.537694646918681, 6189288.040464529767632 ], [ 465228.660609529411886, 6189283.642741875723004 ], [ 465226.494893846742343, 6189282.360177192837 ], [ 465216.452093046624213, 6189274.813160499557853 ], [ 465212.285035201057326, 6189273.602106493897736 ], [ 465206.409292246447876, 6189270.841084845364094 ], [ 465201.37148204119876, 6189273.602106493897736 ], [ 465196.366491446329746, 6189276.033727459609509 ], [ 465186.323690646211617, 6189280.379629731178284 ], [ 465177.67975018650759, 6189283.642741875723004 ], [ 465176.280889846093487, 6189284.066070776432753 ], [ 465166.23808904591715, 6189287.105138615705073 ], [ 465156.19528824579902, 6189290.144288086332381 ], [ 465146.152487445622683, 6189293.183394083753228 ], [ 465144.500280701788142, 6189293.683377257548273 ], [ 465136.109686645562761, 6189296.222500080242753 ], [ 465126.066885845386423, 6189299.261662105098367 ], [ 465116.024085045268293, 6189302.305273649282753 ], [ 465112.541359083494172, 6189303.724012639373541 ], [ 465105.981284245091956, 6189306.147688958793879 ], [ 465095.938483444973826, 6189310.608728535473347 ], [ 465089.178883411281276, 6189313.764648020267487 ], [ 465085.895682644797489, 6189314.978344523347914 ], [ 465077.020501803723164, 6189313.764648020267487 ], [ 465075.852881844621152, 6189313.628980697132647 ], [ 465074.92168080288684, 6189313.764648020267487 ], [ 465065.810081044503022, 6189316.108434963971376 ], [ 465055.767280244384892, 6189318.880779263563454 ], [ 465045.724479444208555, 6189321.653151465579867 ], [ 465037.928293173201382, 6189323.805283402092755 ], [ 465035.681678644090425, 6189324.425467860884964 ], [ 465025.638877843972296, 6189327.197898354381323 ], [ 465015.596077043795958, 6189329.970206709578633 ], [ 465005.553276243677828, 6189332.742630938999355 ], [ 465001.556622563046403, 6189333.845918783918023 ], [ 464995.510475443559699, 6189335.514953598380089 ], [ 464985.467674643383361, 6189338.288356306031346 ], [ 464975.424873843207024, 6189341.355452863499522 ], [ 464967.168452994665131, 6189343.886554165743291 ], [ 464965.382073043088894, 6189344.422700257971883 ], [ 464955.339272242970765, 6189347.315577133558691 ], [ 464945.296471442794427, 6189350.194078838452697 ], [ 464935.25367064261809, 6189353.07258054241538 ], [ 464932.27215852990048, 6189353.92718954756856 ], [ 464925.21086984249996, 6189355.951209800317883 ], [ 464915.168069042381831, 6189358.829839058220387 ], [ 464905.125268242205493, 6189361.405303769744933 ], [ 464895.082467442087363, 6189363.718295875936747 ], [ 464893.999095604638569, 6189363.96782493032515 ], [ 464885.039666641969234, 6189366.031390700489283 ], [ 464874.996865841792896, 6189368.21863767132163 ], [ 464864.954065041616559, 6189370.5008595129475 ], [ 464854.911264241498429, 6189372.471465880051255 ], [ 464846.508640181855299, 6189374.008460311219096 ], [ 464844.8684634413803, 6189374.304569186642766 ], [ 464834.82566264126217, 6189376.117643584497273 ], [ 464824.782861841085833, 6189378.373255414888263 ], [ 464814.740061040967703, 6189380.24255414493382 ], [ 464804.697260240791366, 6189381.949496008455753 ], [ 464794.654459440673236, 6189383.656307681463659 ], [ 464792.343489261926152, 6189384.049095692113042 ], [ 464784.611658640496898, 6189385.363249545916915 ], [ 464774.568857840378769, 6189388.171551018953323 ], [ 464764.526057040318847, 6189391.181410811841488 ], [ 464754.822056497738231, 6189394.08973107393831 ], [ 464754.483256240084302, 6189394.191269350238144 ], [ 464744.440455439966172, 6189396.746986826881766 ], [ 464734.397654639789835, 6189398.732863821089268 ], [ 464724.354853839671705, 6189400.644707772880793 ], [ 464714.312053039553575, 6189403.645165148191154 ], [ 464712.838761242746841, 6189404.130366455763578 ], [ 464704.269252239377238, 6189406.952575190924108 ], [ 464694.226451439317316, 6189410.25985511764884 ], [ 464684.183650639082771, 6189413.567135044373572 ], [ 464682.35003647202393, 6189414.171001838520169 ], [ 464674.140849838964641, 6189416.874545088037848 ], [ 464664.098049038904719, 6189420.298471415415406 ], [ 464654.055248238670174, 6189423.572623278014362 ], [ 464651.992371195170563, 6189424.211637219414115 ], [ 464644.012447438552044, 6189426.640218908898532 ], [ 464633.969646638375707, 6189430.016369348391891 ], [ 464623.926845838257577, 6189433.224512350745499 ], [ 464620.376098659413401, 6189434.252272601239383 ], [ 464613.88404503808124, 6189435.793793089687824 ], [ 464603.84124423796311, 6189437.341524098068476 ], [ 464593.798443437903188, 6189438.203217314556241 ], [ 464583.755642637668643, 6189438.533657966181636 ], [ 464573.712841837550513, 6189438.444887816905975 ], [ 464563.670041037374176, 6189438.503261413425207 ], [ 464553.627240237197839, 6189440.821205489337444 ], [ 464545.446052037819754, 6189444.292907983064651 ], [ 464543.584439437137917, 6189446.1203309930861 ], [ 464538.70060097752139, 6189454.333543363958597 ], [ 464533.541638636961579, 6189461.129944277927279 ], [ 464531.604684365738649, 6189464.374178745783865 ], [ 464524.717568935360759, 6189474.414814127609134 ], [ 464523.49883783684345, 6189476.044406730681658 ], [ 464518.599563019350171, 6189484.455449509434402 ], [ 464513.456037036667112, 6189489.552675860933959 ], [ 464503.413236236548983, 6189492.944996324367821 ], [ 464498.308683788636699, 6189494.49608489125967 ], [ 464493.370435436430853, 6189496.002545369789004 ], [ 464483.327634636254515, 6189499.054416541010141 ], [ 464473.284833836194593, 6189502.100056264549494 ], [ 464465.167415297415573, 6189504.536720273084939 ], [ 464463.242033035960048, 6189505.708075077272952 ], [ 464453.199232235841919, 6189508.357374142855406 ], [ 464443.156431435607374, 6189511.466178867034614 ], [ 464433.113630635547452, 6189513.785552169196308 ], [ 464423.070829835429322, 6189505.754381748847663 ], [ 464420.813670049188659, 6189504.536720273084939 ], [ 464413.028029035252985, 6189499.200670540332794 ], [ 464402.985228235134855, 6189500.729891186580062 ], [ 464392.942427434958518, 6189503.34318336378783 ], [ 464388.666866446612403, 6189504.536720273084939 ], [ 464382.899626634840388, 6189506.158719687722623 ], [ 464372.856825834722258, 6189508.603616072796285 ], [ 464362.814025034545921, 6189509.659042585641146 ], [ 464352.771224234369583, 6189510.714465697295964 ], [ 464342.728423434309661, 6189511.769927393645048 ], [ 464332.685622634075116, 6189512.842227777466178 ], [ 464322.642821833956987, 6189513.932720409706235 ], [ 464319.410673911683261, 6189514.577355654910207 ], [ 464312.600021033897065, 6189518.775914387777448 ], [ 464310.537406617426313, 6189524.617991036735475 ], [ 464308.798650215147063, 6189534.658626417629421 ], [ 464306.66854198963847, 6189544.699261799454689 ], [ 464302.766977186547592, 6189554.739897181279957 ], [ 464302.557220233720727, 6189555.189119257964194 ], [ 464297.497797462507151, 6189564.780532563105226 ], [ 464292.51441943354439, 6189572.191805803216994 ], [ 464288.818085424776655, 6189574.821167944930494 ], [ 464282.47161863342626, 6189579.060490362346172 ], [ 464272.428817833249923, 6189583.179767082445323 ], [ 464267.113727007235866, 6189584.861803326755762 ], [ 464262.386017033131793, 6189586.150361834093928 ], [ 464252.343216233013663, 6189586.960490356199443 ], [ 464242.300415432779118, 6189588.305129153653979 ], [ 464232.257614632719196, 6189590.004894279874861 ], [ 464222.214813832542859, 6189591.874941641464829 ], [ 464212.172013032424729, 6189593.942336863838136 ], [ 464207.842533903662115, 6189594.90243870858103 ], [ 464202.1292122323066, 6189596.345914157107472 ], [ 464192.086411432130262, 6189598.883338871411979 ], [ 464182.043610632012133, 6189599.574731525033712 ], [ 464172.000809831835795, 6189598.285921494476497 ], [ 464161.958009031717665, 6189598.427612370811403 ], [ 464151.915208231541328, 6189603.037308981642127 ], [ 464148.897030326421373, 6189604.943074090406299 ], [ 464141.872407431423198, 6189609.060646990314126 ], [ 464131.829606631305069, 6189614.534992082044482 ], [ 464130.968016618629918, 6189614.983709471300244 ], [ 464121.786805831128731, 6189619.478616607375443 ], [ 464115.121371967485175, 6189625.024344853125513 ], [ 464111.744005031010602, 6189629.990645334124565 ], [ 464107.713848269078881, 6189635.064980234950781 ], [ 464101.701204230892472, 6189640.774608286097646 ], [ 464095.892162777250633, 6189645.105615616776049 ], [ 464091.658403430716135, 6189647.028827354311943 ], [ 464081.615602630656213, 6189650.549824314191937 ], [ 464071.57280183036346, 6189654.07068413682282 ], [ 464068.50500488106627, 6189655.146250998601317 ], [ 464061.530001030303538, 6189657.591681097634137 ], [ 464051.4872002301272, 6189660.676146378740668 ], [ 464041.444399430067278, 6189663.146360068581998 ], [ 464033.148518237285316, 6189665.186886380426586 ], [ 464031.401598629890941, 6189665.616573756560683 ], [ 464021.358797829714604, 6189668.086657118983567 ], [ 464011.315997029596474, 6189670.556870807893574 ], [ 464001.273196229420137, 6189672.794601004570723 ], [ 463994.031960826250724, 6189675.227521762251854 ], [ 463991.230395429302007, 6189677.402505731210113 ], [ 463981.18759462912567, 6189685.136969270184636 ], [ 463980.801009157323278, 6189685.268157144077122 ], [ 463971.14479382900754, 6189688.585871208459139 ], [ 463961.10199302888941, 6189691.89904098957777 ], [ 463952.327115965425037, 6189695.308792524971068 ], [ 463951.059192228713073, 6189695.773516485467553 ], [ 463941.016391428594943, 6189699.935790987685323 ], [ 463930.973590628418606, 6189703.860068186186254 ], [ 463926.875695631199051, 6189705.349427906796336 ], [ 463920.930789828300476, 6189707.510074593126774 ], [ 463910.887989028182346, 6189711.160080999135971 ], [ 463900.845188227947801, 6189714.810079124756157 ], [ 463899.24941506551113, 6189715.390063288621604 ], [ 463890.802387427887879, 6189718.460093811154366 ], [ 463880.759586627711542, 6189722.11005281098187 ], [ 463871.623134499706794, 6189725.430698670446873 ], [ 463872.258368480950594, 6189735.471334052272141 ], [ 463874.118131777504459, 6189745.511969434097409 ], [ 463875.724014824838378, 6189755.552604815922678 ], [ 463877.329898227588274, 6189765.593240197747946 ], [ 463878.935844435938634, 6189775.633875578641891 ], [ 463880.541790644230787, 6189785.67451096046716 ], [ 463880.759586627711542, 6189787.036206668242812 ], [ 463882.147736852464732, 6189795.715146342292428 ], [ 463881.916441310197115, 6189805.755781724117696 ], [ 463880.759586627711542, 6189808.85190992616117 ], [ 463877.91054039215669, 6189815.796417105942965 ], [ 463874.04557086667046, 6189825.837052487768233 ], [ 463870.71678582765162, 6189834.219540233723819 ], [ 463870.080987857014406, 6189835.877687869593501 ], [ 463866.79354586370755, 6189845.918323252350092 ], [ 463863.616896602732595, 6189855.958958632312715 ], [ 463860.673985027358867, 6189865.260177865624428 ], [ 463860.44003329629777, 6189865.999594014137983 ], [ 463857.263384035322815, 6189876.040229396894574 ], [ 463854.08673477434786, 6189886.08086477778852 ], [ 463850.909877407772001, 6189896.121500159613788 ], [ 463850.631184227298945, 6189897.002364472486079 ], [ 463847.733222206996288, 6189906.162135541439056 ], [ 463844.556572946021333, 6189916.202770923264325 ], [ 463841.379726505663712, 6189926.24340630415827 ], [ 463840.588383427180815, 6189928.744600901380181 ], [ 463838.203060378553346, 6189936.284041685983539 ], [ 463835.026411117636599, 6189946.324677067808807 ], [ 463831.84957560361363, 6189956.365312449634075 ], [ 463830.545582627062686, 6189960.486837329342961 ], [ 463828.672898550168611, 6189966.405947831459343 ], [ 463825.496249289251864, 6189976.446583213284612 ], [ 463822.319424701505341, 6189986.48721859510988 ], [ 463820.502781826886348, 6189992.229073758237064 ], [ 463819.142736721842084, 6189996.527853976935148 ], [ 463815.966087460867129, 6190006.568489357829094 ], [ 463812.789224154374097, 6190016.60912473872304 ], [ 463810.459981026710011, 6190023.971310187131166 ], [ 463809.612574893399142, 6190026.64976012147963 ], [ 463806.038629727903754, 6190036.690395503304899 ], [ 463801.183579546632245, 6190046.731030885130167 ], [ 463800.417180226591881, 6190048.177563101053238 ], [ 463795.86378550727386, 6190056.771666267886758 ], [ 463790.617108823964372, 6190066.812301648780704 ], [ 463800.417180226533674, 6190073.399188376963139 ], [ 463810.459981026710011, 6190071.824186747893691 ], [ 463820.502781826886348, 6190070.249185119755566 ], [ 463830.54558262694627, 6190068.674183490686119 ], [ 463840.588383427180815, 6190067.099181862547994 ], [ 463842.417639211053029, 6190066.812301648780704 ], [ 463850.631184227298945, 6190065.524180233478546 ], [ 463860.673985027475283, 6190063.949178606271744 ], [ 463870.716785827593412, 6190062.374176977202296 ], [ 463880.759586627711542, 6190060.799175348132849 ], [ 463890.802387427887879, 6190059.224173719994724 ], [ 463900.845188228006009, 6190057.649172091856599 ], [ 463906.440494311973453, 6190056.771666266955435 ], [ 463910.887989028182346, 6190056.074170462787151 ], [ 463920.930789828300476, 6190054.499168833717704 ], [ 463930.973590628418606, 6190052.924167206510901 ], [ 463941.016391428594943, 6190051.349165577441454 ], [ 463951.059192228713073, 6190050.908447369933128 ], [ 463953.985718858544715, 6190056.771666266955435 ], [ 463956.938186737243086, 6190066.812301648780704 ], [ 463959.890654616057873, 6190076.852937030605972 ], [ 463961.10199302888941, 6190080.97240854613483 ], [ 463962.843122494814452, 6190086.893572411499918 ], [ 463965.795527566689998, 6190096.934207793325186 ], [ 463968.747940337576438, 6190106.974843175150454 ], [ 463971.144793829065748, 6190115.125967238098383 ], [ 463971.700408216333017, 6190117.015478556975722 ], [ 463974.652876095147803, 6190127.056113938800991 ], [ 463977.605343973904382, 6190137.096749320626259 ], [ 463980.557811852660961, 6190147.137384702451527 ], [ 463981.18759462912567, 6190149.260050692595541 ], [ 463983.57140476978384, 6190157.178020084276795 ], [ 463986.721746610361151, 6190167.218655465170741 ], [ 463989.442858081660233, 6190177.259290846996009 ], [ 463991.230395429302007, 6190186.491741714067757 ], [ 463991.367088941275142, 6190187.299926228821278 ], [ 463992.585608285793569, 6190197.340561610646546 ], [ 463993.794312646612525, 6190207.381196992471814 ], [ 463994.969606939761434, 6190217.421832374297082 ], [ 463996.079264308267739, 6190227.462467756122351 ], [ 463997.175979052553885, 6190237.503103137947619 ], [ 463998.272711787838489, 6190247.543738518841565 ], [ 463999.369405182369519, 6190257.584373900666833 ], [ 464000.466159267351031, 6190267.625009282492101 ], [ 464001.273196229420137, 6190273.184360479936004 ], [ 464001.946195044496562, 6190277.665644664317369 ], [ 464004.003823329810984, 6190287.706280045211315 ], [ 464005.207129563146736, 6190297.746915427967906 ], [ 464005.749259719043039, 6190307.787550809793174 ], [ 464006.796685383655131, 6190317.828186191618443 ], [ 464008.768319710914511, 6190327.868821572512388 ], [ 464010.325707701034844, 6190337.909456953406334 ], [ 464009.898040555184707, 6190347.950092336162925 ], [ 464009.529067654162645, 6190357.990727718919516 ], [ 464009.218837487162091, 6190368.031363099813461 ], [ 464008.048051812220365, 6190378.07199848163873 ], [ 464001.273196229478344, 6190385.278932394459844 ], [ 463991.230395429302007, 6190380.016313750296831 ], [ 463987.766811771783978, 6190378.07199848163873 ], [ 463981.18759462912567, 6190374.378693045116961 ], [ 463971.14479382900754, 6190369.414307313039899 ], [ 463968.018024323391728, 6190368.031363099813461 ], [ 463961.10199302888941, 6190364.99739486258477 ], [ 463951.059192228713073, 6190361.659727349877357 ], [ 463941.016391428594943, 6190359.137518850155175 ], [ 463937.306123672635294, 6190357.990727717988193 ], [ 463930.973590628476813, 6190356.001082758419216 ], [ 463920.930789828300476, 6190352.880773156881332 ], [ 463910.887989028182346, 6190350.41542453225702 ], [ 463900.845188228006009, 6190348.38545744959265 ], [ 463898.653991488041356, 6190347.950092336162925 ], [ 463890.802387427887879, 6190346.390070624649525 ], [ 463880.759586627711542, 6190344.420448586344719 ], [ 463870.716785827593412, 6190341.885724145919085 ], [ 463861.453287711075973, 6190337.909456954337656 ], [ 463860.673985027417075, 6190337.414805807173252 ], [ 463850.631184227298945, 6190329.681024090386927 ], [ 463847.762102321139537, 6190327.868821572512388 ], [ 463840.588383427180815, 6190325.40059207752347 ], [ 463830.545582627004478, 6190323.034099384211004 ], [ 463820.502781826886348, 6190321.021818398497999 ], [ 463811.324531118909363, 6190317.82818619068712 ], [ 463810.459981026768219, 6190317.409864926710725 ], [ 463800.417180226533674, 6190311.559484138153493 ], [ 463791.038361015089322, 6190307.787550808861852 ], [ 463790.374379426415544, 6190307.544332468882203 ], [ 463780.331578626297414, 6190304.284385917708278 ], [ 463770.288777826179285, 6190301.024439364671707 ], [ 463760.245977026002947, 6190297.764492812566459 ], [ 463760.191827007452957, 6190297.746915427967906 ], [ 463750.203176225884818, 6190294.504546259529889 ], [ 463740.160375425766688, 6190291.244599707424641 ], [ 463730.11757462559035, 6190287.934708022512496 ], [ 463729.442905478877947, 6190287.706280046142638 ], [ 463720.074773825530428, 6190284.387577253393829 ], [ 463710.031973025295883, 6190280.82995131239295 ], [ 463701.099470885354094, 6190277.665644664317369 ], [ 463699.989172225177754, 6190277.272325370460749 ], [ 463689.946371425059624, 6190273.714617997407913 ], [ 463679.903570624883287, 6190272.911764616146684 ], [ 463673.967026424885262, 6190277.665644664317369 ], [ 463669.860769824765157, 6190282.981161982752383 ], [ 463666.210598812089302, 6190287.706280046142638 ], [ 463659.81796902458882, 6190295.981263196095824 ], [ 463658.4539588689222, 6190297.746915427967906 ], [ 463650.697531256242655, 6190307.787550809793174 ], [ 463649.77516822447069, 6190308.981509915553033 ], [ 463643.139956094091758, 6190317.82818619068712 ], [ 463639.732367424294353, 6190322.210161659866571 ], [ 463635.76681819325313, 6190327.868821572512388 ], [ 463629.689566624176223, 6190336.540785487741232 ], [ 463628.730411247059237, 6190337.909456954337656 ], [ 463621.694004300865345, 6190347.950092336162925 ], [ 463619.646765824058093, 6190350.871409315615892 ], [ 463614.657597354613245, 6190357.99072771705687 ], [ 463609.603965023881756, 6190365.202033143490553 ], [ 463607.568205452756956, 6190368.031363099813461 ], [ 463600.515704855672084, 6190378.07199848163873 ], [ 463599.561164223821834, 6190379.438532575964928 ], [ 463593.306444190326147, 6190388.112633863463998 ], [ 463589.518363423529081, 6190393.489106524735689 ], [ 463586.921179519675206, 6190398.153269244357944 ], [ 463581.778991452534683, 6190408.193904626183212 ], [ 463579.475562623469159, 6190413.139980455860496 ], [ 463577.583525120629929, 6190418.23454000800848 ], [ 463576.28331779979635, 6190428.275175389833748 ], [ 463579.475562623469159, 6190432.528910921886563 ], [ 463584.865780086081941, 6190438.315810771659017 ], [ 463589.518363423587289, 6190445.18048544973135 ], [ 463590.990917062677909, 6190448.356446153484285 ], [ 463595.646168990351725, 6190458.397081535309553 ], [ 463599.561164223763626, 6190466.841101380065084 ], [ 463600.301420917967334, 6190468.437716917134821 ], [ 463604.95682302955538, 6190478.478352297097445 ], [ 463609.603965023881756, 6190488.501495847478509 ], [ 463609.612074957229197, 6190488.518987679854035 ], [ 463614.267407329927664, 6190498.559623061679304 ], [ 463618.922728996549267, 6190508.600258443504572 ], [ 463619.646765824058093, 6190510.280493896454573 ], [ 463622.08687101805117, 6190518.64089382532984 ], [ 463623.487174840876833, 6190528.681529207155108 ], [ 463624.887527302664239, 6190538.722164588980377 ], [ 463626.28788420825731, 6190548.762799970805645 ], [ 463627.688208302482963, 6190558.803435351699591 ], [ 463627.611012838082388, 6190568.844070733524859 ], [ 463626.694645269890316, 6190578.884706115350127 ], [ 463625.778277701698244, 6190588.925341496244073 ], [ 463624.861958123394288, 6190598.965976879000664 ], [ 463623.945582122833002, 6190609.006612260825932 ], [ 463623.029267410340253, 6190619.0472476426512 ], [ 463619.881245788419619, 6190629.087883023545146 ], [ 463619.646765824058093, 6190629.639612686820328 ], [ 463615.632955715525895, 6190639.128518405370414 ], [ 463612.040606666938402, 6190649.169153787195683 ], [ 463609.603965023881756, 6190657.024168794974685 ], [ 463608.947952769231051, 6190659.209789169952273 ], [ 463605.934263871633448, 6190669.250424550846219 ], [ 463602.92057497415226, 6190679.291059932671487 ], [ 463599.906886076612864, 6190689.331695314496756 ], [ 463599.561164223763626, 6190690.483569107018411 ], [ 463596.893303261254914, 6190699.372330696322024 ], [ 463593.879614363657311, 6190709.41296607721597 ], [ 463590.865925466117915, 6190719.453601459041238 ], [ 463589.518363423587289, 6190723.943241758272052 ], [ 463587.528553541342262, 6190729.494236840866506 ], [ 463579.475562623469159, 6190739.144834083504975 ], [ 463579.086135214718524, 6190739.534872222691774 ], [ 463569.432761823292822, 6190749.203384800814092 ], [ 463569.061216091096867, 6190749.575507604517043 ], [ 463559.389961023174692, 6190759.261783695779741 ], [ 463559.036151256063022, 6190759.616142986342311 ], [ 463549.347160223056562, 6190769.320182589814067 ], [ 463548.906428417074494, 6190769.656778368167579 ], [ 463539.304359422880225, 6190775.771832708269358 ], [ 463530.097963833657559, 6190779.697413749992847 ], [ 463529.261558622703888, 6190780.064954550936818 ], [ 463519.218757822585758, 6190785.006801912561059 ], [ 463510.955395714321639, 6190789.738049130886793 ], [ 463509.175957022467628, 6190790.84154374524951 ], [ 463499.729083448240999, 6190799.778684512712061 ], [ 463505.041209177172277, 6190809.81931989453733 ], [ 463509.175957022467628, 6190817.539832227863371 ], [ 463510.418489984411281, 6190819.859955276362598 ], [ 463515.795713588711806, 6190829.900590658187866 ], [ 463519.218757822585758, 6190836.292279303073883 ], [ 463521.172937193012331, 6190839.941226040013134 ], [ 463526.550160797429271, 6190849.981861421838403 ], [ 463529.261558622762095, 6190855.04472637642175 ], [ 463531.927384401729796, 6190860.022496803663671 ], [ 463537.304608005972113, 6190870.063132184557617 ], [ 463539.304359422880225, 6190873.797173449769616 ], [ 463542.681831610272638, 6190880.103767566382885 ], [ 463548.059055214631371, 6190890.144402949139476 ], [ 463549.347160223056562, 6190892.549620524048805 ], [ 463553.436278818931896, 6190900.185038330033422 ], [ 463558.813502423232421, 6190910.225673710927367 ], [ 463559.389961023174692, 6190911.302067598327994 ], [ 463564.190726027591154, 6190920.266309093683958 ], [ 463569.432761823351029, 6190930.054514672607183 ], [ 463569.567951502278447, 6190930.306944475509226 ], [ 463574.945249499811325, 6190940.347579857334495 ], [ 463579.475562623469159, 6190948.806920887902379 ], [ 463580.322408556356095, 6190950.38821523822844 ], [ 463585.699706554005388, 6190960.428850620053709 ], [ 463589.518363423587289, 6190967.55933362711221 ], [ 463591.702266656793654, 6190970.469486001878977 ], [ 463596.454163608199451, 6190980.510121383704245 ], [ 463599.561164223763626, 6190986.31159646064043 ], [ 463604.457752211950719, 6190980.510121382772923 ], [ 463607.082783192105126, 6190970.469486001878977 ], [ 463609.603965023881756, 6190966.036613956093788 ], [ 463613.144880613253918, 6190970.469486001878977 ], [ 463619.646765824058093, 6190976.162991249933839 ], [ 463622.327965080621652, 6190980.510121383704245 ], [ 463629.689566624176223, 6190990.275141773745418 ], [ 463629.872300872346386, 6190990.550756765529513 ], [ 463636.529172793612815, 6191000.591392147354782 ], [ 463639.732367424294353, 6191005.422806920483708 ], [ 463643.186087464797311, 6191010.63202752918005 ], [ 463649.77516822447069, 6191020.570289717055857 ], [ 463649.843040945241228, 6191020.672662911005318 ], [ 463656.499912866507657, 6191030.713298291899264 ], [ 463659.81796902458882, 6191035.7178665548563 ], [ 463663.156909096811432, 6191040.753933673724532 ], [ 463669.813781018077862, 6191050.7945690555498 ], [ 463669.860769824765157, 6191050.865442804992199 ], [ 463676.470734757022001, 6191060.835204437375069 ], [ 463679.903570624883287, 6191066.012925601564348 ], [ 463683.605638357810676, 6191070.875839819200337 ], [ 463689.791007545194589, 6191080.916475201025605 ], [ 463689.946371425001416, 6191081.150886191055179 ], [ 463699.989172225177754, 6191090.687564884312451 ], [ 463700.274708633020055, 6191090.957110582850873 ], [ 463710.031973025295883, 6191100.167945230379701 ], [ 463710.911022978834808, 6191100.997745963744819 ], [ 463720.074773825472221, 6191109.648493757471442 ], [ 463721.548168311070185, 6191111.038381345570087 ], [ 463730.117574625532143, 6191119.124725715257227 ], [ 463732.189373994944617, 6191121.079016727395356 ], [ 463740.160375425766688, 6191128.597918743267655 ], [ 463742.833736540575046, 6191131.119652109220624 ], [ 463750.203176225884818, 6191138.071272847242653 ], [ 463753.155293174553663, 6191141.160287491045892 ], [ 463760.245977026002947, 6191147.886243511922657 ], [ 463763.209636658255477, 6191151.200922872871161 ], [ 463770.288777826179285, 6191158.856718709692359 ], [ 463772.838617431814782, 6191161.241558254696429 ], [ 463780.331578626297414, 6191169.128464953042567 ], [ 463782.685736367828213, 6191171.282193636521697 ], [ 463790.374379426473752, 6191178.316238464787602 ], [ 463793.660685486043803, 6191181.322829017415643 ], [ 463800.417180226591881, 6191187.504241487011313 ], [ 463804.635547918733209, 6191191.363464399240911 ], [ 463810.459981026710011, 6191196.692014999687672 ], [ 463815.610450470121577, 6191201.404099781066179 ], [ 463820.502781826886348, 6191205.880018021911383 ], [ 463826.585359469754621, 6191211.444735161960125 ], [ 463830.545582627004478, 6191215.067791534587741 ], [ 463837.560390679980628, 6191221.485370544716716 ], [ 463840.588383427180815, 6191224.255565047264099 ], [ 463848.535223377868533, 6191231.526005926541984 ], [ 463850.631184227298945, 6191233.443568068556488 ], [ 463859.491168491658755, 6191241.566641308367252 ], [ 463860.673985027417075, 6191242.648951892741024 ], [ 463870.416119576781057, 6191251.607276690192521 ], [ 463870.71678582765162, 6191251.883035471662879 ], [ 463878.642619034682866, 6191261.647912071086466 ], [ 463878.579361334035639, 6191271.688547452911735 ], [ 463877.825558430806268, 6191281.72918283380568 ], [ 463877.276096697256435, 6191291.769818216562271 ], [ 463876.72675381769659, 6191301.810453598387539 ], [ 463876.177292084088549, 6191311.851088980212808 ], [ 463875.627949204528704, 6191321.891724362038076 ], [ 463875.078487470978871, 6191331.932359743863344 ], [ 463874.312329153821338, 6191341.97299512475729 ], [ 463872.867502024397254, 6191352.013630506582558 ], [ 463871.295876602292992, 6191362.054265888407826 ], [ 463871.26139460480772, 6191372.094901270233095 ], [ 463871.28445947857108, 6191382.135536652058363 ], [ 463871.32920566375833, 6191392.176172033883631 ], [ 463870.71678582765162, 6191400.164726804941893 ], [ 463870.541957470937632, 6191402.216807415708899 ], [ 463869.320643621496856, 6191412.257442797534168 ], [ 463869.273425106483046, 6191422.298078178428113 ], [ 463869.226206591527443, 6191432.338713561184704 ], [ 463868.993657744955271, 6191442.379348941147327 ], [ 463866.700814703595825, 6191452.419984323903918 ], [ 463864.282577879319433, 6191462.460619705729187 ], [ 463861.864327156043146, 6191472.501255087554455 ], [ 463860.673985027417075, 6191477.443430801853538 ], [ 463859.350748282973655, 6191482.541890469379723 ], [ 463856.019868532777764, 6191492.582525849342346 ], [ 463852.686913030978758, 6191502.623161232098937 ], [ 463850.631184227298945, 6191508.816219042986631 ], [ 463849.354016101802699, 6191512.663796613924205 ], [ 463847.559758608811535, 6191522.704431995749474 ], [ 463848.090811530069914, 6191532.745067377574742 ], [ 463848.688713481766172, 6191542.78570275940001 ], [ 463850.631184227298945, 6191544.353806740604341 ], [ 463860.673985027475283, 6191544.409897209145129 ], [ 463870.716785827535205, 6191544.465987676754594 ], [ 463880.759586627711542, 6191544.522078144364059 ], [ 463890.802387427887879, 6191544.578168611973524 ], [ 463900.845188228006009, 6191545.074907016940415 ], [ 463910.887989028124139, 6191545.958976036868989 ], [ 463920.930789828300476, 6191547.549457780085504 ], [ 463924.827206249930896, 6191552.826338141225278 ], [ 463930.973590628360398, 6191561.794809569604695 ], [ 463931.70838622841984, 6191562.866973523050547 ], [ 463938.58955247636186, 6191572.907608903944492 ], [ 463941.016391428653151, 6191576.448720957152545 ], [ 463946.118342732428573, 6191582.948244286701083 ], [ 463951.059192228713073, 6191590.453294776380062 ], [ 463953.45659758389229, 6191592.988879667595029 ], [ 463961.10199302888941, 6191600.839064374566078 ], [ 463962.639704764995258, 6191603.029515049420297 ], [ 463969.688317356398329, 6191613.070150431245565 ], [ 463971.14479382900754, 6191615.14487275108695 ], [ 463976.736946983204689, 6191623.110785813070834 ], [ 463981.18759462912567, 6191629.450646551325917 ], [ 463983.785576610011049, 6191633.151421194896102 ], [ 463990.934091409668326, 6191643.19205657672137 ], [ 463991.230395429360215, 6191643.387562460266054 ], [ 464001.273196229420137, 6191648.353043015114963 ], [ 464004.865210091578774, 6191653.232691957615316 ], [ 464011.315997029538266, 6191658.249724207445979 ], [ 464016.569305012002587, 6191663.273327339440584 ], [ 464021.358797829714604, 6191667.159426914528012 ], [ 464028.944032953761052, 6191673.313962721265852 ], [ 464031.401598629890941, 6191675.307984424754977 ], [ 464041.444399430009071, 6191681.993950763717294 ], [ 464046.27256912807934, 6191683.354598103091121 ], [ 464051.4872002301272, 6191684.824155799113214 ], [ 464061.530001030303538, 6191687.67865302413702 ], [ 464071.572801830421668, 6191692.111687227152288 ], [ 464074.174031567526981, 6191693.395233484916389 ], [ 464081.615602630539797, 6191697.066114438697696 ], [ 464091.658403430716135, 6191702.014475516043603 ], [ 464095.378251665155403, 6191703.435868866741657 ], [ 464101.701204230892472, 6191705.552600678056479 ], [ 464111.744005030952394, 6191708.105390110984445 ], [ 464121.786805831128731, 6191712.11329585313797 ], [ 464124.067663585650735, 6191713.476504249498248 ], [ 464131.829606631305069, 6191720.354855445213616 ], [ 464135.398117316421121, 6191723.517139630392194 ], [ 464141.872407431423198, 6191729.25445444881916 ], [ 464146.72853560798103, 6191733.557775011286139 ], [ 464151.915208231541328, 6191738.154011795297265 ], [ 464158.058956158114597, 6191743.598410393111408 ], [ 464161.958009031717665, 6191747.053609024733305 ], [ 464169.389409888884984, 6191753.639045774936676 ], [ 464172.000809831835795, 6191755.953173283487558 ], [ 464180.719863619713578, 6191763.679681156761944 ], [ 464182.043610632012133, 6191764.852744645439088 ], [ 464192.086411432130262, 6191773.44993994385004 ], [ 464192.854520152672194, 6191773.720316538587213 ], [ 464202.1292122323066, 6191776.985060288570821 ], [ 464212.172013032424729, 6191781.144266159273684 ], [ 464217.055061304592527, 6191783.760951920412481 ], [ 464222.214813832542859, 6191786.525895504280925 ], [ 464232.257614632719196, 6191792.050059555098414 ], [ 464235.267799050838221, 6191793.801587302237749 ], [ 464242.300415432779118, 6191797.893636496737599 ], [ 464252.343216233013663, 6191803.737139849923551 ], [ 464252.52381212200271, 6191803.842222684063017 ], [ 464262.386017033131793, 6191809.580716789700091 ], [ 464269.779698725324124, 6191813.882858064956963 ], [ 464272.428817833249923, 6191816.313530093990266 ], [ 464277.741701359977014, 6191823.923493446782231 ], [ 464282.47161863342626, 6191831.897899289615452 ], [ 464292.51441943354439, 6191833.929067180491984 ], [ 464292.957331277779303, 6191833.9641288286075 ], [ 464302.557220233720727, 6191834.694611937738955 ], [ 464312.600021033897065, 6191835.458797480911016 ], [ 464322.642821833956987, 6191836.222942147403955 ], [ 464332.685622634133324, 6191836.987115825526416 ], [ 464342.728423434309661, 6191837.751301368698478 ], [ 464352.771224234485999, 6191838.515486912801862 ], [ 464362.814025034545921, 6191839.279647634364665 ], [ 464372.856825834722258, 6191837.90006139408797 ], [ 464382.855906766257249, 6191833.9641288286075 ], [ 464382.899626634840388, 6191833.946919401176274 ], [ 464382.906435108219739, 6191833.9641288286075 ], [ 464383.517004057997838, 6191844.004764210432768 ], [ 464382.899626634840388, 6191847.324393376708031 ], [ 464380.828287000069395, 6191854.045399592258036 ], [ 464379.782321707345545, 6191864.086034974083304 ], [ 464377.261750688427128, 6191874.126670355908573 ], [ 464372.85682583466405, 6191881.541206635534763 ], [ 464370.593730547931045, 6191884.167305737733841 ], [ 464362.814025034545921, 6191893.749000976793468 ], [ 464362.42613396741217, 6191894.207941118627787 ], [ 464355.650211402913556, 6191904.248576500453055 ], [ 464352.771224234485999, 6191911.152563096024096 ], [ 464350.900644071167335, 6191914.289211882278323 ], [ 464347.628305355960038, 6191924.329847264103591 ], [ 464342.728423434251454, 6191928.357034616172314 ], [ 464336.079699980851728, 6191934.37048264592886 ], [ 464332.685622634133324, 6191940.31312292162329 ], [ 464326.710805247770622, 6191944.411118027754128 ], [ 464322.642821833956987, 6191948.195971101522446 ], [ 464317.377042494015768, 6191954.451753409579396 ], [ 464312.600021033838857, 6191959.054045819677413 ], [ 464307.960052067181095, 6191964.492388790473342 ], [ 464302.557220233720727, 6191969.204624785110354 ], [ 464296.447854503931012, 6191974.53302417229861 ], [ 464292.51441943354439, 6191979.160045704804361 ], [ 464288.262186833191663, 6191984.573659554123878 ], [ 464289.220201775839087, 6191994.614294935949147 ], [ 464291.613839201047085, 6192004.654930318705738 ], [ 464292.51441943354439, 6192007.369889260269701 ], [ 464295.019862446817569, 6192014.695565698668361 ], [ 464302.557220233720727, 6192023.066444452852011 ], [ 464304.149410609155893, 6192024.736201081424952 ], [ 464312.600021033838857, 6192033.5984973218292 ], [ 464315.05144313594792, 6192034.77683646325022 ], [ 464322.642821833956987, 6192036.86594002135098 ], [ 464332.685622634133324, 6192038.045839577913284 ], [ 464341.826032479060814, 6192044.817471844144166 ], [ 464342.728423434251454, 6192045.622744052670896 ], [ 464351.241029832221102, 6192054.858107225969434 ], [ 464352.771224234427791, 6192056.459748324006796 ], [ 464362.369256252073683, 6192064.898742607794702 ], [ 464362.814025034545921, 6192065.147723636589944 ], [ 464372.856825834722258, 6192069.853868290781975 ], [ 464382.899626634840388, 6192074.560012177564204 ], [ 464383.709179229394067, 6192074.93937798961997 ], [ 464392.942427434958518, 6192079.266160540282726 ], [ 464402.985228235134855, 6192083.972300717607141 ], [ 464405.135649719566572, 6192084.980013370513916 ], [ 464413.028029035252985, 6192088.67845278698951 ], [ 464423.070829835429322, 6192093.3845892585814 ], [ 464425.328449101070873, 6192095.020648753270507 ], [ 464433.113630635547452, 6192100.36530595459044 ], [ 464438.288618954829872, 6192105.061284135095775 ], [ 464433.113630635547452, 6192113.418808959424496 ], [ 464431.757606701867189, 6192115.101919516921043 ], [ 464423.070829835429322, 6192124.434295387007296 ], [ 464421.775948149734177, 6192125.142554897814989 ], [ 464413.028029035252985, 6192132.38934607245028 ], [ 464404.129867339797784, 6192135.183190279640257 ], [ 464402.985228235134855, 6192135.542583988048136 ], [ 464392.94242743490031, 6192141.923593298532069 ], [ 464390.296202908619307, 6192145.223825661465526 ], [ 464382.899626634840388, 6192150.006985042244196 ], [ 464374.769577195635065, 6192155.264461043290794 ], [ 464372.856825834722258, 6192156.501383949071169 ], [ 464367.223494620062411, 6192165.305096425116062 ], [ 464366.27708522795001, 6192175.34573180694133 ], [ 464365.838357176166028, 6192185.386367188766599 ], [ 464364.510733581380919, 6192195.427002570591867 ], [ 464362.814025034545921, 6192203.225255942903459 ], [ 464362.188480118464213, 6192205.467637951485813 ], [ 464359.387499557633419, 6192215.508273333311081 ], [ 464359.074908956186846, 6192225.548908715136349 ], [ 464361.260528964339755, 6192235.589544096961617 ], [ 464362.814025034545921, 6192242.36585137154907 ], [ 464363.662597442511469, 6192245.630179478786886 ], [ 464368.291567569132894, 6192255.670814860612154 ], [ 464372.63044675096171, 6192265.7114502415061 ], [ 464372.856825834722258, 6192266.253755996003747 ], [ 464377.19367984472774, 6192275.752085623331368 ], [ 464381.368465892854147, 6192285.792721006087959 ], [ 464382.899626634840388, 6192289.721945010125637 ], [ 464385.46617612085538, 6192295.833356386981905 ], [ 464389.254483745025937, 6192305.873991768807173 ], [ 464392.410204507235903, 6192315.914627150632441 ], [ 464392.942427434958518, 6192317.464500078931451 ], [ 464395.858168588718399, 6192325.955262532457709 ], [ 464398.67576005787123, 6192335.995897914282978 ], [ 464400.806875959329773, 6192346.036533295176923 ], [ 464402.93805684329709, 6192356.077168677002192 ], [ 464402.985228235193063, 6192356.299416691996157 ], [ 464405.069124034431297, 6192366.11780405882746 ], [ 464407.557725922903046, 6192376.158439440652728 ], [ 464410.867482887755614, 6192386.199074822477996 ], [ 464413.028029035252985, 6192392.753409875556827 ], [ 464414.177239852549974, 6192396.239710204303265 ], [ 464417.486927754187491, 6192406.280345586128533 ], [ 464420.78216477209935, 6192416.320980967953801 ], [ 464423.07082983548753, 6192423.05655394308269 ], [ 464424.1674112106557, 6192426.361616349779069 ], [ 464427.741018127417192, 6192436.402251730673015 ], [ 464431.308192894735839, 6192446.442887112498283 ], [ 464433.113630635547452, 6192451.527618501335382 ], [ 464440.83137218374759, 6192456.483522494323552 ], [ 464443.156431435723789, 6192457.066626674495637 ], [ 464444.841540592780802, 6192456.483522494323552 ], [ 464453.199232235900126, 6192453.625509451143444 ], [ 464463.242033035960048, 6192450.300214974209666 ], [ 464473.284833836136386, 6192446.985649101436138 ], [ 464474.799568994960282, 6192446.442887112498283 ], [ 464483.327634636196308, 6192443.299688059836626 ], [ 464493.370435436489061, 6192439.598201310262084 ], [ 464502.04162276268471, 6192436.402251730673015 ], [ 464503.413236236548983, 6192435.896714560687542 ], [ 464513.45603703672532, 6192432.195227811113 ], [ 464523.49883783684345, 6192428.479735161177814 ], [ 464529.107387787895277, 6192426.361616349779069 ], [ 464533.541638636961579, 6192424.686959481798112 ], [ 464543.584439437137917, 6192420.894093642942607 ], [ 464553.627240237314254, 6192417.101205239072442 ], [ 464555.693189877492841, 6192416.320980967953801 ], [ 464563.670041037374176, 6192410.699426869861782 ], [ 464565.990567810949869, 6192406.280345586128533 ], [ 464563.670041037374176, 6192396.344719958491623 ], [ 464563.645515036419965, 6192396.239710204303265 ], [ 464561.300462909450289, 6192386.199074822477996 ], [ 464558.955480794771574, 6192376.158439440652728 ], [ 464556.297909232263919, 6192366.117804057896137 ], [ 464553.627240237197839, 6192361.216518673114479 ], [ 464550.576407873770222, 6192356.077168677002192 ], [ 464553.256550493708346, 6192346.036533296108246 ], [ 464553.627240237256046, 6192345.789266767911613 ], [ 464563.670041037374176, 6192343.382528706453741 ], [ 464573.712841837550513, 6192344.079227270558476 ], [ 464583.578710962843616, 6192346.036533296108246 ], [ 464583.755642637726851, 6192346.217031063511968 ], [ 464589.011140366026666, 6192356.077168677002192 ], [ 464590.169800159521401, 6192366.117804057896137 ], [ 464590.174011292809155, 6192376.158439440652728 ], [ 464590.178222426096909, 6192386.199074822477996 ], [ 464590.182433559326455, 6192396.239710204303265 ], [ 464593.798443437786773, 6192402.879797025583684 ], [ 464603.84124423796311, 6192403.027454079128802 ], [ 464613.88404503808124, 6192400.926352765411139 ], [ 464623.926845838257577, 6192398.757799511775374 ], [ 464633.969646638375707, 6192396.582404471002519 ], [ 464635.575482139014639, 6192396.239710203371942 ], [ 464644.012447438552044, 6192394.406449796631932 ], [ 464654.055248238670174, 6192392.039132988080382 ], [ 464664.098049038846511, 6192389.71421654894948 ], [ 464674.140849838964641, 6192387.323501519858837 ], [ 464677.541926148289349, 6192386.199074822477996 ], [ 464684.183650639082771, 6192383.795768301002681 ], [ 464694.226451439317316, 6192380.794305489398539 ], [ 464704.269252239377238, 6192377.8527946555987 ], [ 464709.737914411118254, 6192376.158439440652728 ], [ 464714.312053039553575, 6192374.791379866190255 ], [ 464715.299164027965162, 6192376.158439440652728 ], [ 464714.312053039553575, 6192377.870589959435165 ], [ 464709.769236275693402, 6192386.199074821546674 ], [ 464707.603126504342072, 6192396.239710204303265 ], [ 464712.915627787355334, 6192406.280345586128533 ], [ 464714.312053039495368, 6192408.874572161585093 ], [ 464718.283949303149711, 6192416.320980967953801 ], [ 464723.79048919538036, 6192426.361616349779069 ], [ 464724.354853839729913, 6192427.382054287008941 ], [ 464729.343658653902821, 6192436.402251730673015 ], [ 464734.397654639789835, 6192440.188415856100619 ], [ 464744.440455439966172, 6192438.1242317520082 ], [ 464754.483256240084302, 6192436.749909290112555 ], [ 464757.023748523031827, 6192436.402251730673015 ], [ 464764.526057040260639, 6192435.375586827285588 ], [ 464774.568857840378769, 6192434.001264365389943 ], [ 464784.611658640496898, 6192432.626941902562976 ], [ 464794.654459440673236, 6192431.252619441598654 ], [ 464804.697260240791366, 6192429.878296978771687 ], [ 464814.740061040967703, 6192428.504000292159617 ], [ 464824.782861841027625, 6192427.12966129463166 ], [ 464830.395742246124428, 6192426.361616349779069 ], [ 464834.82566264126217, 6192425.755443098023534 ], [ 464844.8684634413803, 6192424.296472808346152 ], [ 464854.911264241556637, 6192422.059346428140998 ], [ 464864.954065041732974, 6192419.795566094107926 ], [ 464874.996865841792896, 6192418.396489783190191 ], [ 464877.866632965335157, 6192416.320980967953801 ], [ 464882.636117236339487, 6192406.280345586128533 ], [ 464885.039666641969234, 6192396.776510254479945 ], [ 464885.135504701174796, 6192396.239710204303265 ], [ 464886.566821659100242, 6192386.199074822477996 ], [ 464890.646974330069497, 6192376.158439440652728 ], [ 464895.082467442087363, 6192371.971399264410138 ], [ 464901.159794389037415, 6192376.158439440652728 ], [ 464905.125268242205493, 6192377.726494150236249 ], [ 464915.168069042381831, 6192383.052183348685503 ], [ 464922.007143819122575, 6192386.199074822477996 ], [ 464925.210869842441753, 6192387.38846645411104 ], [ 464935.253670642734505, 6192391.116882409900427 ], [ 464945.296471442794427, 6192394.845298365689814 ], [ 464949.05243657308165, 6192396.239710204303265 ], [ 464955.339272242970765, 6192398.573714323341846 ], [ 464965.382073043088894, 6192402.302130279131234 ], [ 464975.424873843207024, 6192406.030546234920621 ], [ 464976.097729327040724, 6192406.280345586128533 ], [ 464985.467674643383361, 6192409.758962191641331 ], [ 464995.510475443501491, 6192414.024754709564149 ], [ 465000.759370948420838, 6192416.320980967953801 ], [ 465005.553276243677828, 6192418.418170245364308 ], [ 465015.596077043795958, 6192422.811604982241988 ], [ 465023.714873713674024, 6192426.361616350710392 ], [ 465025.638877843914088, 6192427.614908828400075 ], [ 465035.681678644090425, 6192435.394055447541177 ], [ 465037.146360580343753, 6192436.402251730673015 ], [ 465045.724479444208555, 6192441.279510621912777 ], [ 465054.805821705027483, 6192446.442887112498283 ], [ 465053.913325260975398, 6192456.483522494323552 ], [ 465050.752016123034991, 6192466.52415787614882 ], [ 465048.977604605141096, 6192476.564793257974088 ], [ 465055.767280244384892, 6192482.17907066270709 ] ], [ [ 464444.04510645888513, 6189655.146250998601317 ], [ 464443.156431435665581, 6189654.385182124562562 ], [ 464433.113630635547452, 6189646.6681401822716 ], [ 464430.791356578585692, 6189645.105615616776049 ], [ 464429.565285002288874, 6189635.064980234950781 ], [ 464428.339191808016039, 6189625.024344853125513 ], [ 464429.24218754156027, 6189614.983709471300244 ], [ 464433.113630635547452, 6189606.362565284594893 ], [ 464434.188837857160252, 6189604.943074090406299 ], [ 464441.794213443004992, 6189594.90243870858103 ], [ 464443.156431435665581, 6189593.104062885046005 ], [ 464449.39963333227206, 6189584.861803326755762 ], [ 464453.199232235841919, 6189579.845582339912653 ], [ 464457.54689881997183, 6189574.821167944930494 ], [ 464460.244556320947595, 6189564.780532563105226 ], [ 464460.908116284699645, 6189554.739897181279957 ], [ 464463.242033035960048, 6189547.960263580083847 ], [ 464464.362795780005399, 6189554.739897181279957 ], [ 464465.782138844078872, 6189564.780532563105226 ], [ 464469.751017953560222, 6189574.821167944930494 ], [ 464473.284833836136386, 6189580.317550244741142 ], [ 464476.206492636702023, 6189584.861803326755762 ], [ 464482.662120206165127, 6189594.902438709512353 ], [ 464483.327634636312723, 6189595.937558209523559 ], [ 464489.117594889248721, 6189604.943074090406299 ], [ 464491.015491704340093, 6189614.983709471300244 ], [ 464487.098076061985921, 6189625.024344853125513 ], [ 464483.327634636254515, 6189632.671667628921568 ], [ 464482.14763409801526, 6189635.064980234950781 ], [ 464477.19713825522922, 6189645.105615616776049 ], [ 464473.284833836136386, 6189653.040669186040759 ], [ 464472.246696291258559, 6189655.146250998601317 ], [ 464463.242033035960048, 6189661.892673135735095 ], [ 464453.199232235841919, 6189659.860991986468434 ], [ 464444.04510645888513, 6189655.146250998601317 ] ] ] } },
{ "type": "Feature", "properties": { "id": 3, "cost_level": 1200.0 }, "geometry": { "type": "Polygon", "coordinates": [ [ [ 465105.981284245091956, 6192172.968762357719243 ], [ 465116.024085045210086, 6192172.798490726388991 ], [ 465126.066885845386423, 6192169.123498656786978 ], [ 465136.109686645504553, 6192165.669972775503993 ], [ 465137.253257787378971, 6192165.305096425116062 ], [ 465146.152487445622683, 6192162.465641744434834 ], [ 465156.19528824579902, 6192159.261310716159642 ], [ 465166.23808904591715, 6192156.056979686021805 ], [ 465168.721948169113602, 6192155.264461043290794 ], [ 465176.280889846093487, 6192152.852675723843277 ], [ 465186.323690646211617, 6192150.076015178114176 ], [ 465196.366491446387954, 6192149.620205277577043 ], [ 465206.409292246506084, 6192149.18593608494848 ], [ 465216.452093046624213, 6192148.75163047760725 ], [ 465226.494893846800551, 6192148.317294056527317 ], [ 465236.537694646918681, 6192147.882997415959835 ], [ 465246.580495447095018, 6192147.448732705786824 ], [ 465256.623296247213148, 6192147.014382835477591 ], [ 465266.666097047331277, 6192146.580099644139409 ], [ 465276.708897847449407, 6192146.145740807056427 ], [ 465286.751698647683952, 6192145.71147161629051 ], [ 465296.794499447743874, 6192145.277201872318983 ], [ 465298.0285825812025, 6192145.223825661465526 ], [ 465306.837300247920211, 6192144.842833520844579 ], [ 465316.880101048038341, 6192144.408560395240784 ], [ 465326.922901848214678, 6192143.974291203543544 ], [ 465336.965702648332808, 6192143.539935749024153 ], [ 465347.008503448567353, 6192143.10564917512238 ], [ 465357.051304248627275, 6192142.671302687376738 ], [ 465367.094105048803613, 6192142.237037977203727 ], [ 465377.13690584897995, 6192141.802737955003977 ], [ 465387.179706649039872, 6192141.368404915556312 ], [ 465397.222507449216209, 6192140.934095926582813 ], [ 465407.265308249334339, 6192140.499826734885573 ], [ 465417.308109049452469, 6192140.065507144667208 ], [ 465427.350909849628806, 6192139.63118470646441 ], [ 465437.393710649746936, 6192139.19687408208847 ], [ 465447.436511449923273, 6192138.762609373778105 ], [ 465457.479312250041403, 6192138.328273485414684 ], [ 465467.52211305021774, 6192137.89397631213069 ], [ 465477.56491385033587, 6192137.459631457924843 ], [ 465487.607714650454, 6192137.025362266227603 ], [ 465497.650515450630337, 6192136.591078540310264 ], [ 465507.693316250748467, 6192136.156720236875117 ], [ 465517.736117050866596, 6192135.722445477731526 ], [ 465527.778917851042934, 6192135.431577799841762 ], [ 465537.821718651161063, 6192136.396117473952472 ], [ 465547.864519451337401, 6192137.360657149925828 ], [ 465557.907320251455531, 6192138.325161637738347 ], [ 465567.950121051631868, 6192139.289532084949315 ], [ 465577.992921851749998, 6192140.253882059827447 ], [ 465588.035722651984543, 6192141.218298491090536 ], [ 465598.078523452044465, 6192142.224235610105097 ], [ 465608.121324252104387, 6192143.37094460055232 ], [ 465618.164125052338932, 6192144.54625148139894 ], [ 465623.953883135342039, 6192145.223825661465526 ], [ 465628.206925852457061, 6192145.721603649668396 ], [ 465638.249726652575191, 6192146.898140439763665 ], [ 465648.292527452751528, 6192148.050591828301549 ], [ 465658.335328252869658, 6192147.398743099533021 ], [ 465660.375587548071053, 6192145.223825661465526 ], [ 465660.461315170454327, 6192135.183190279640257 ], [ 465660.610468819970265, 6192125.142554897814989 ], [ 465660.934226352197584, 6192115.101919516921043 ], [ 465661.33260874368716, 6192105.061284135095775 ], [ 465661.613310689979699, 6192095.020648753270507 ], [ 465658.646756627538707, 6192084.980013371445239 ], [ 465663.462128947023302, 6192074.93937798961997 ], [ 465660.788194742053747, 6192064.898742607794702 ], [ 465658.335328252869658, 6192055.688400737009943 ], [ 465658.114204955578316, 6192054.858107225969434 ], [ 465655.44021995406365, 6192044.817471843212843 ], [ 465652.930156775866635, 6192034.77683646325022 ], [ 465650.925350025063381, 6192024.736201081424952 ], [ 465649.258243068819866, 6192014.695565699599683 ], [ 465648.292527452751528, 6192004.801341725513339 ], [ 465648.280050869507249, 6192004.654930317774415 ], [ 465648.292527452751528, 6192004.055428530089557 ], [ 465648.489012420875952, 6191994.614294936880469 ], [ 465648.697973972302862, 6191984.573659554123878 ], [ 465648.906935523671564, 6191974.533024173229933 ], [ 465649.115897075098474, 6191964.492388790473342 ], [ 465649.324858626525383, 6191954.451753409579396 ], [ 465648.920925456332043, 6191944.411118027754128 ], [ 465648.292527452809736, 6191942.485900572501123 ], [ 465645.643625422962941, 6191934.37048264592886 ], [ 465642.366297822911292, 6191924.329847264103591 ], [ 465639.208580466569401, 6191914.289211882278323 ], [ 465647.536479103786405, 6191904.248576500453055 ], [ 465648.292527452751528, 6191903.499170461669564 ], [ 465657.666023045021575, 6191894.207941118627787 ], [ 465658.335328252869658, 6191893.544510050676763 ], [ 465668.378129053045996, 6191888.05946683883667 ], [ 465678.420929853105918, 6191890.482974599115551 ], [ 465688.463730653340463, 6191894.153837037272751 ], [ 465688.508593826671131, 6191894.207941118627787 ], [ 465696.286164373334032, 6191904.248576500453055 ], [ 465698.506531453458592, 6191906.242165734060109 ], [ 465708.54933225363493, 6191910.070564756169915 ], [ 465718.592133053753059, 6191913.899001421406865 ], [ 465719.615737795946188, 6191914.289211882278323 ], [ 465728.634933853871189, 6191917.727438086643815 ], [ 465738.677734654047526, 6191921.059695837087929 ], [ 465743.390981760283466, 6191914.289211882278323 ], [ 465740.712853030127008, 6191904.248576500453055 ], [ 465738.677734654047526, 6191898.90693992562592 ], [ 465737.725475657382049, 6191894.207941118627787 ], [ 465735.690726178523619, 6191884.167305736802518 ], [ 465730.562883032369427, 6191874.126670355908573 ], [ 465738.677734654047526, 6191868.348989735357463 ], [ 465748.720535454165656, 6191865.361131824553013 ], [ 465758.393551023444161, 6191874.126670355908573 ], [ 465758.146601628803182, 6191884.167305736802518 ], [ 465758.110171569685917, 6191894.207941117696464 ], [ 465758.763336254341993, 6191895.176112501882017 ], [ 465763.189456156513188, 6191904.248576500453055 ], [ 465768.806137054460123, 6191911.706347735598683 ], [ 465770.484856027818751, 6191914.289211882278323 ], [ 465769.671575010055676, 6191924.329847264103591 ], [ 465768.806137054460123, 6191927.723218102008104 ], [ 465762.585803499154281, 6191934.37048264592886 ], [ 465761.118728629313409, 6191944.411118026822805 ], [ 465760.220249095465988, 6191954.451753409579396 ], [ 465759.445598638034426, 6191964.492388790473342 ], [ 465758.763336254341993, 6191972.831772228702903 ], [ 465758.624420671083499, 6191974.53302417229861 ], [ 465757.78265991457738, 6191984.573659554123878 ], [ 465758.763336254283786, 6191985.021830881014466 ], [ 465768.806137054460123, 6191989.532133910804987 ], [ 465778.848937854578253, 6191994.543380128219724 ], [ 465778.925615053856745, 6191994.614294935949147 ], [ 465782.414335089502856, 6192004.654930317774415 ], [ 465785.903055125265382, 6192014.695565699599683 ], [ 465788.89173865475459, 6192022.674092272296548 ], [ 465798.93453945487272, 6192020.62156424112618 ], [ 465808.977340255107265, 6192015.796977411024272 ], [ 465810.030541276966687, 6192014.695565699599683 ], [ 465819.020141055167187, 6192005.294463464058936 ], [ 465819.631687529559713, 6192004.654930317774415 ], [ 465829.062941855285317, 6191998.00005395617336 ], [ 465838.726302501687314, 6191994.614294935949147 ], [ 465839.105742655461654, 6191994.485282722860575 ], [ 465849.148543455579784, 6191992.940639126114547 ], [ 465851.322238018619828, 6191994.614294936880469 ], [ 465859.191344255697913, 6191998.932724959217012 ], [ 465866.03626738442108, 6192004.654930317774415 ], [ 465869.234145055874251, 6192006.877408590167761 ], [ 465878.287099741923157, 6192014.695565699599683 ], [ 465879.276945856050588, 6192015.550401406362653 ], [ 465889.319746656168718, 6192022.377986039966345 ], [ 465899.362547456286848, 6192024.211161275394261 ], [ 465909.405348256463185, 6192023.300165412016213 ], [ 465919.448149056581315, 6192022.389176528900862 ], [ 465929.49094985681586, 6192021.478187645785511 ], [ 465939.533750656875782, 6192020.56712069734931 ], [ 465949.576551456993911, 6192019.656143926084042 ], [ 465959.619352257170249, 6192018.745087500661612 ], [ 465969.662153057288378, 6192017.83409861754626 ], [ 465979.704953857464716, 6192016.923109735362232 ], [ 465989.747754657582846, 6192016.012103347107768 ], [ 465999.790555457700975, 6192015.115033531561494 ], [ 466004.659933232120238, 6192014.695565700531006 ], [ 466009.833356257877313, 6192014.249912115745246 ], [ 466019.876157057995442, 6192013.384796282276511 ], [ 466029.91895785817178, 6192012.519680449739099 ], [ 466039.961758658289909, 6192011.654564616270363 ], [ 466050.004559458466247, 6192010.96189246699214 ], [ 466060.047360258584376, 6192011.389857780188322 ], [ 466070.090161058702506, 6192012.182352995499969 ], [ 466080.132961858878843, 6192012.974848210811615 ], [ 466090.175762658996973, 6192013.767357367090881 ], [ 466100.218563459173311, 6192014.55998944863677 ], [ 466101.936637278296985, 6192014.695565698668361 ], [ 466110.26136425929144, 6192015.352484663017094 ], [ 466120.30416505940957, 6192016.144979879260063 ], [ 466130.3469658595277, 6192016.937475093640387 ], [ 466140.389766659762245, 6192017.462522685527802 ], [ 466146.526271402952261, 6192014.695565699599683 ], [ 466150.432567459880374, 6192013.415413421578705 ], [ 466159.642583434993867, 6192004.654930317774415 ], [ 466160.475368259998504, 6192001.139976206235588 ], [ 466162.191124651755672, 6191994.614294935949147 ], [ 466166.282794261351228, 6191984.573659554123878 ], [ 466170.518169060174841, 6191974.904235128313303 ], [ 466170.680763909127563, 6191974.53302417229861 ], [ 466175.078803462674841, 6191964.492388790473342 ], [ 466179.476843016163912, 6191954.451753409579396 ], [ 466180.560969860292971, 6191951.976713743060827 ], [ 466183.874882569652982, 6191944.411118027754128 ], [ 466188.272894065710716, 6191934.37048264592886 ], [ 466190.603770660469308, 6191929.0490562915802 ], [ 466192.670840788458008, 6191924.329847265034914 ], [ 466197.068880341947079, 6191914.289211882278323 ], [ 466200.646571460587438, 6191906.121415391564369 ], [ 466201.466919895494357, 6191904.248576499521732 ], [ 466205.864959449041635, 6191894.207941118627787 ], [ 466210.288551194767933, 6191884.167305736802518 ], [ 466210.689372260705568, 6191883.484270633198321 ], [ 466216.005922626820393, 6191874.126670355908573 ], [ 466220.732173060823698, 6191866.249270986765623 ], [ 466222.03006271563936, 6191864.086034974083304 ], [ 466228.054202804458328, 6191854.045399592258036 ], [ 466230.416161005327012, 6191844.004764210432768 ], [ 466230.774973861000035, 6191841.628512966446579 ], [ 466231.93229237489868, 6191833.9641288286075 ], [ 466233.448423744586762, 6191823.923493447713554 ], [ 466235.135543173702899, 6191813.882858064956963 ], [ 466240.817774661118165, 6191806.039492964744568 ], [ 466243.406330100609921, 6191803.842222684063017 ], [ 466250.86057546135271, 6191794.378752335906029 ], [ 466251.250051944807637, 6191793.801587302237749 ], [ 466250.860575461294502, 6191792.450694334693253 ], [ 466248.355232403089758, 6191783.760951920412481 ], [ 466245.460576438345015, 6191773.720316538587213 ], [ 466240.817774661118165, 6191772.317915320396423 ], [ 466235.068817073479295, 6191773.720316538587213 ], [ 466230.774973861000035, 6191775.374520835466683 ], [ 466220.732173060881905, 6191780.470755012705922 ], [ 466215.46424208895769, 6191783.760951920412481 ], [ 466210.689372260705568, 6191787.294642863795161 ], [ 466200.900137825869024, 6191783.760951920412481 ], [ 466200.646571460587438, 6191783.62524351477623 ], [ 466190.603770660411101, 6191778.517140385694802 ], [ 466180.560969860292971, 6191781.117671946063638 ], [ 466170.518169060174841, 6191783.718167072162032 ], [ 466170.35293909808388, 6191783.760951920412481 ], [ 466160.475368259940296, 6191786.318662197329104 ], [ 466150.432567459880374, 6191788.919194407761097 ], [ 466143.511141764232889, 6191783.760951920412481 ], [ 466140.389766659704037, 6191780.679126728326082 ], [ 466133.776060334523208, 6191773.720316538587213 ], [ 466130.3469658595277, 6191770.508615524508059 ], [ 466120.30416505940957, 6191766.119870822876692 ], [ 466110.918704707582947, 6191763.679681156761944 ], [ 466110.26136425929144, 6191763.508774743415415 ], [ 466100.218563459231518, 6191760.897678662091494 ], [ 466090.175762658996973, 6191758.281785076484084 ], [ 466080.132961858878843, 6191755.626997026614845 ], [ 466075.868349764728919, 6191753.639045774936676 ], [ 466070.090161058702506, 6191749.618398340418935 ], [ 466065.922165435622446, 6191743.598410393111408 ], [ 466060.047360258584376, 6191735.113299211487174 ], [ 466058.970367696718313, 6191733.557775011286139 ], [ 466052.018638775276486, 6191723.517139630392194 ], [ 466050.004559458466247, 6191719.193008907139301 ], [ 466047.954090037441347, 6191713.476504248566926 ], [ 466045.79088548355503, 6191703.435868866741657 ], [ 466042.35379660979379, 6191693.395233484916389 ], [ 466039.961758658289909, 6191684.352596458047628 ], [ 466039.706745030765887, 6191683.354598103091121 ], [ 466036.138090153341182, 6191673.313962721265852 ], [ 466032.260629975120537, 6191663.273327339440584 ], [ 466029.918957858113572, 6191657.209596229717135 ], [ 466028.3831697969581, 6191653.232691957615316 ], [ 466024.505739295796957, 6191643.19205657672137 ], [ 466020.628304498444777, 6191633.151421194896102 ], [ 466019.876157057995442, 6191631.203744660131633 ], [ 466016.75084432028234, 6191623.110785813070834 ], [ 466011.240700390888378, 6191613.070150431245565 ], [ 466009.833356257877313, 6191612.135488625615835 ], [ 465999.790555457700975, 6191607.096871977671981 ], [ 465991.683636779664084, 6191603.029515049420297 ], [ 465989.747754657582846, 6191602.058255329728127 ], [ 465979.704953857464716, 6191597.01968664675951 ], [ 465971.670885304221883, 6191592.988879666663706 ], [ 465969.662153057288378, 6191591.947319775819778 ], [ 465959.619352257228456, 6191584.81866978853941 ], [ 465957.362099217716604, 6191582.948244285769761 ], [ 465949.576551456935704, 6191576.56556423380971 ], [ 465945.114603545167483, 6191572.907608903944492 ], [ 465939.533750656875782, 6191568.332388292998075 ], [ 465932.606883602333255, 6191562.866973523050547 ], [ 465929.490949856699444, 6191560.516816491261125 ], [ 465919.448149056581315, 6191553.657965300604701 ], [ 465918.294635064201429, 6191552.826338142156601 ], [ 465909.405348256463185, 6191545.175292604602873 ], [ 465907.205347298644483, 6191542.78570275940001 ], [ 465899.362547456286848, 6191538.054496677592397 ], [ 465889.319746656168718, 6191536.828187493607402 ], [ 465879.276945856050588, 6191535.70789903961122 ], [ 465869.234145055874251, 6191534.587624923326075 ], [ 465859.191344255756121, 6191533.467328661121428 ], [ 465852.716529148980044, 6191532.745067377574742 ], [ 465849.148543455579784, 6191532.347062352113426 ], [ 465839.105742655461654, 6191528.101410809904337 ], [ 465833.418932544533163, 6191522.704431995749474 ], [ 465829.062941855285317, 6191518.570446684956551 ], [ 465819.020141055167187, 6191512.933368945494294 ], [ 465817.957182455866132, 6191512.663796613924205 ], [ 465808.977340255049057, 6191510.386457684449852 ], [ 465798.93453945487272, 6191507.839579194784164 ], [ 465788.891738654812798, 6191505.292700704187155 ], [ 465778.848937854578253, 6191502.745822213590145 ], [ 465778.36526972457068, 6191502.623161232098937 ], [ 465768.806137054460123, 6191500.198910953477025 ], [ 465758.763336254341993, 6191493.659626841545105 ], [ 465757.473018198739737, 6191492.582525850273669 ], [ 465748.720535454165656, 6191485.276336647570133 ], [ 465745.444806061801501, 6191482.541890469379723 ], [ 465738.677734654047526, 6191476.948572413995862 ], [ 465728.634933853871189, 6191479.538046149536967 ], [ 465718.592133053694852, 6191475.855523608624935 ], [ 465716.42861149267992, 6191472.501255087554455 ], [ 465709.952343822515104, 6191462.460619705729187 ], [ 465708.54933225363493, 6191460.285449621267617 ], [ 465703.475864473031834, 6191452.419984323903918 ], [ 465698.506531453458592, 6191444.716058447957039 ], [ 465696.999262576457113, 6191442.37934894207865 ], [ 465690.699617811478674, 6191432.338713560253382 ], [ 465688.463730653340463, 6191428.51524312980473 ], [ 465685.300084091257304, 6191422.298078178428113 ], [ 465682.822679680306464, 6191412.257442797534168 ], [ 465680.437156576372217, 6191402.216807415708899 ], [ 465678.420929853164125, 6191395.281627226620913 ], [ 465677.498342250939459, 6191392.176172033883631 ], [ 465676.996430609142408, 6191382.135536652058363 ], [ 465676.494533221179154, 6191372.094901270233095 ], [ 465675.992620697943494, 6191362.054265888407826 ], [ 465675.490708174649626, 6191352.013630506582558 ], [ 465674.988795651355758, 6191341.97299512475729 ], [ 465674.486883128178306, 6191331.932359743863344 ], [ 465673.984970604884438, 6191321.891724362038076 ], [ 465673.483066753367893, 6191311.851088980212808 ], [ 465672.981155111570843, 6191301.810453597456217 ], [ 465672.38406760932412, 6191291.769818216562271 ], [ 465668.418047929531895, 6191281.729182834737003 ], [ 465668.378129052987788, 6191281.660254635848105 ], [ 465662.432975879288279, 6191271.688547452911735 ], [ 465658.335328252869658, 6191264.616403756663203 ], [ 465656.615364203986246, 6191261.647912071086466 ], [ 465653.363824050466064, 6191251.607276690192521 ], [ 465652.423865078075323, 6191241.566641308367252 ], [ 465652.924206585390493, 6191231.526005926541984 ], [ 465653.732912815641612, 6191221.485370544716716 ], [ 465656.584683272754773, 6191211.444735162891448 ], [ 465658.335328252869658, 6191205.805634408257902 ], [ 465659.7017738680006, 6191201.404099781066179 ], [ 465662.818864463246427, 6191191.363464398309588 ], [ 465665.93593018973479, 6191181.322829017415643 ], [ 465668.378129053045996, 6191173.456125254742801 ], [ 465669.053020784980617, 6191171.282193636521697 ], [ 465672.170111380226444, 6191161.241558254696429 ], [ 465675.287201975530479, 6191151.200922872871161 ], [ 465678.404267701960634, 6191141.160287491045892 ], [ 465678.420929853164125, 6191141.106616101227701 ], [ 465681.521358297206461, 6191131.119652109220624 ], [ 465681.74457642796915, 6191121.079016727395356 ], [ 465678.420929853222333, 6191116.926522506400943 ], [ 465673.647701625246555, 6191111.038381345570087 ], [ 465668.378129053045996, 6191104.537961570546031 ], [ 465665.508249305363279, 6191100.997745963744819 ], [ 465658.335328252869658, 6191092.149400636553764 ], [ 465657.368796985421795, 6191090.957110582850873 ], [ 465649.229347681684885, 6191080.916475201025605 ], [ 465648.292527452751528, 6191079.760835110209882 ], [ 465641.089901489613112, 6191070.875839818269014 ], [ 465638.249726652633399, 6191067.372264847159386 ], [ 465632.950455297657754, 6191060.835204437375069 ], [ 465628.206925852457061, 6191054.983694585040212 ], [ 465624.811009105644189, 6191050.7945690555498 ], [ 465618.164125052397139, 6191042.595124322921038 ], [ 465616.671562913630623, 6191040.753933673724532 ], [ 465608.532115399022587, 6191030.713298290967941 ], [ 465608.121324252162594, 6191029.84914524666965 ], [ 465605.228343867929652, 6191020.672662911005318 ], [ 465603.716214837913867, 6191010.63202752918005 ], [ 465603.94285461853724, 6191000.591392147354782 ], [ 465604.169502849224955, 6190990.550756765529513 ], [ 465604.396155654045288, 6190980.510121383704245 ], [ 465604.62279543466866, 6190970.469486001878977 ], [ 465604.84943521535024, 6190960.428850620053709 ], [ 465605.076081507490017, 6190950.38821523822844 ], [ 465605.30482224887237, 6190940.347579857334495 ], [ 465607.155866041313857, 6190930.306944475509226 ], [ 465608.121324252162594, 6190926.374177562072873 ], [ 465618.164125052338932, 6190927.831202067434788 ], [ 465628.206925852457061, 6190928.708457139320672 ], [ 465638.249726652633399, 6190925.601616078056395 ], [ 465648.292527452751528, 6190921.83629275392741 ], [ 465649.61656688147923, 6190920.266309093683958 ], [ 465655.521310723735951, 6190910.225673712790012 ], [ 465658.335328252869658, 6190904.563860261812806 ], [ 465660.511677188216709, 6190900.185038330033422 ], [ 465668.182344607193954, 6190890.144402948208153 ], [ 465668.378129053045996, 6190890.015038964338601 ], [ 465678.420929853164125, 6190885.38175911642611 ], [ 465688.463730653340463, 6190880.748356480151415 ], [ 465689.860900803294498, 6190880.103767566382885 ], [ 465698.506531453458592, 6190876.115078235045075 ], [ 465708.54933225363493, 6190871.48178241495043 ], [ 465711.624264282057993, 6190870.063132185488939 ], [ 465718.592133053753059, 6190866.848397353664041 ], [ 465728.634933853871189, 6190862.21509194560349 ], [ 465733.387395657016896, 6190860.022496803663671 ], [ 465738.677734654047526, 6190857.581746711395681 ], [ 465748.720535454223864, 6190853.310178677551448 ], [ 465758.763336254283786, 6190856.557613777928054 ], [ 465768.806137054460123, 6190859.968254514038563 ], [ 465768.977954101457726, 6190860.022496803663671 ], [ 465778.848937854520045, 6190863.370816295966506 ], [ 465788.891738654812798, 6190868.433905255049467 ], [ 465798.81458745431155, 6190860.022496803663671 ], [ 465797.194397960731294, 6190849.981861421838403 ], [ 465796.772439709864557, 6190839.941226040013134 ], [ 465796.372304700373206, 6190829.900590658187866 ], [ 465798.642056226381101, 6190819.859955276362598 ], [ 465798.93453945487272, 6190818.61450426466763 ], [ 465801.000011236057617, 6190809.81931989453733 ], [ 465803.35796624579234, 6190799.778684511780739 ], [ 465807.429420123691671, 6190789.738049130886793 ], [ 465808.977340255049057, 6190788.210312472656369 ], [ 465819.020141055225395, 6190783.718514840118587 ], [ 465828.010554369306192, 6190779.697413749992847 ], [ 465829.062941855285317, 6190778.907915133051574 ], [ 465839.105742655461654, 6190772.140863732434809 ], [ 465843.322599585982971, 6190769.656778369098902 ], [ 465839.105742655461654, 6190764.565849537961185 ], [ 465835.017777029424906, 6190759.616142986342311 ], [ 465832.050927882897668, 6190749.575507604517043 ], [ 465833.065557034104131, 6190739.534872222691774 ], [ 465833.952509478898719, 6190729.494236841797829 ], [ 465832.827106952434406, 6190719.453601459041238 ], [ 465829.80402160983067, 6190709.41296607721597 ], [ 465829.062941855285317, 6190706.951496821828187 ], [ 465826.781066281197127, 6190699.372330696322024 ], [ 465824.130350601510145, 6190689.331695314496756 ], [ 465823.058068776503205, 6190679.29105993360281 ], [ 465822.114039454201702, 6190669.250424550846219 ], [ 465821.170010131900199, 6190659.209789169020951 ], [ 465819.620465230080299, 6190649.169153788127005 ], [ 465819.020141055108979, 6190645.825002130120993 ], [ 465817.755619077244774, 6190639.128518406301737 ], [ 465815.617098584654741, 6190629.087883024476469 ], [ 465812.980105018010363, 6190619.0472476426512 ], [ 465809.695230725454167, 6190609.006612261757255 ], [ 465808.97734025499085, 6190607.097861418500543 ], [ 465803.878570637083612, 6190598.965976879000664 ], [ 465798.93453945487272, 6190591.081312908791006 ], [ 465797.876833609479945, 6190588.925341497175395 ], [ 465795.96666850161273, 6190578.884706115350127 ], [ 465797.390891989518423, 6190568.844070733524859 ], [ 465798.815065253817011, 6190558.803435351699591 ], [ 465798.93453945487272, 6190557.961124292574823 ], [ 465800.132280355028342, 6190548.762799970805645 ], [ 465798.93453945487272, 6190546.450456853024662 ], [ 465795.45480004651472, 6190538.722164588980377 ], [ 465788.914991578087211, 6190528.681529208086431 ], [ 465788.89173865475459, 6190528.585011932067573 ], [ 465786.982773816911504, 6190518.64089382532984 ], [ 465786.408286025864072, 6190508.600258443504572 ], [ 465785.833798234874848, 6190498.559623062610626 ], [ 465785.259310443827417, 6190488.518987679854035 ], [ 465784.684931643074378, 6190478.478352298028767 ], [ 465784.110443852026947, 6190468.437716917134821 ], [ 465783.535956060979515, 6190458.397081535309553 ], [ 465782.961468269990291, 6190448.356446154415607 ], [ 465782.386980478884652, 6190438.315810771659017 ], [ 465781.513124439283274, 6190428.275175390765071 ], [ 465780.711585910175927, 6190418.23454000800848 ], [ 465779.026082566939294, 6190408.193904626183212 ], [ 465785.660443311790004, 6190398.153269244357944 ], [ 465788.89173865475459, 6190395.421084360219538 ], [ 465796.985258977627382, 6190388.112633863463998 ], [ 465798.93453945487272, 6190384.99300382565707 ], [ 465803.016210239788052, 6190378.071998482570052 ], [ 465803.23098725778982, 6190368.031363099813461 ], [ 465805.578597427229397, 6190357.990727717988193 ], [ 465798.93453945487272, 6190353.797555844299495 ], [ 465791.71939947019564, 6190347.950092336162925 ], [ 465788.891738654812798, 6190346.307026678696275 ], [ 465778.848937854578253, 6190338.857556006871164 ], [ 465778.123215788160451, 6190337.909456954337656 ], [ 465773.296300479909405, 6190327.868821572512388 ], [ 465771.243631673685741, 6190317.828186191618443 ], [ 465772.423268400831148, 6190307.787550809793174 ], [ 465772.239623751956969, 6190297.746915427967906 ], [ 465769.896609996329062, 6190287.706280046142638 ], [ 465768.806137054460123, 6190284.813848624005914 ], [ 465758.763336254341993, 6190279.401535638608038 ], [ 465755.542400911741424, 6190277.665644664317369 ], [ 465748.720535454165656, 6190273.989068323746324 ], [ 465738.677734654047526, 6190270.027556078508496 ], [ 465728.634933853871189, 6190271.568980870768428 ], [ 465718.592133053811267, 6190271.6642761901021 ], [ 465714.359133120859042, 6190267.625009282492101 ], [ 465712.354910240042955, 6190257.584373900666833 ], [ 465710.350714947097003, 6190247.543738518841565 ], [ 465708.54933225363493, 6190244.358583547174931 ], [ 465699.121747902885545, 6190237.503103137016296 ], [ 465698.506531453458592, 6190237.372508350759745 ], [ 465688.46373065339867, 6190235.240677445195615 ], [ 465678.420929853164125, 6190233.108925928361714 ], [ 465668.378129053045996, 6190230.977095022797585 ], [ 465666.152155466901604, 6190227.462467756122351 ], [ 465667.566581402323209, 6190217.421832374297082 ], [ 465668.378129053045996, 6190212.931198786944151 ], [ 465669.381125808635261, 6190207.381196992471814 ], [ 465671.195622507773805, 6190197.340561610646546 ], [ 465668.378129053045996, 6190187.930871611461043 ], [ 465658.335328252869658, 6190191.366168051026762 ], [ 465648.292527452809736, 6190194.934890617616475 ], [ 465641.693127809499856, 6190187.299926228821278 ], [ 465638.249726652633399, 6190181.647544531151652 ], [ 465636.354762698465493, 6190177.259290847927332 ], [ 465632.018950894591399, 6190167.218655465170741 ], [ 465628.206925852457061, 6190158.390976764261723 ], [ 465627.683143106289208, 6190157.178020084276795 ], [ 465623.347404280328192, 6190147.137384702451527 ], [ 465619.207333287107758, 6190137.096749320626259 ], [ 465619.720208904938772, 6190127.056113937869668 ], [ 465619.948199587001, 6190117.015478556975722 ], [ 465620.011647678154986, 6190106.974843175150454 ], [ 465620.075050083687529, 6190096.934207793325186 ], [ 465622.419308593904134, 6190086.893572411499918 ], [ 465624.949518338777125, 6190076.852937030605972 ], [ 465626.436649074021261, 6190066.812301648780704 ], [ 465625.848385343095288, 6190056.771666266955435 ], [ 465625.260034539271146, 6190046.731030885130167 ], [ 465624.106568304472603, 6190036.690395503304899 ], [ 465621.991647759103216, 6190026.64976012147963 ], [ 465618.79567942902213, 6190016.609124739654362 ], [ 465618.164125052338932, 6190014.62499768845737 ], [ 465615.599711098824628, 6190006.568489357829094 ], [ 465612.403742768685333, 6189996.527853976935148 ], [ 465609.012232635985129, 6189986.48721859510988 ], [ 465608.121324252162594, 6189984.902294376865029 ], [ 465603.368249071761966, 6189976.446583213284612 ], [ 465598.609481963911094, 6189966.405947831459343 ], [ 465598.078523451986257, 6189964.789235354401171 ], [ 465595.245602319249883, 6189956.365312449634075 ], [ 465591.826373491610866, 6189946.324677067808807 ], [ 465588.233332971518394, 6189936.284041685983539 ], [ 465588.035722651926335, 6189935.730506602674723 ], [ 465584.668714858824387, 6189926.24340630415827 ], [ 465580.977691077277996, 6189916.202770923264325 ], [ 465577.992921851749998, 6189908.109558499418199 ], [ 465577.244485279778019, 6189906.162135541439056 ], [ 465573.418476371327415, 6189896.121500159613788 ], [ 465569.583906138082966, 6189886.08086477778852 ], [ 465567.950121051631868, 6189881.802736080251634 ], [ 465565.749435310484841, 6189876.040229395963252 ], [ 465561.914892972854432, 6189865.999594014137983 ], [ 465558.080450040928554, 6189855.958958632312715 ], [ 465557.907320251455531, 6189855.505626711063087 ], [ 465554.245879807625897, 6189845.918323251418769 ], [ 465550.411341857630759, 6189835.877687870524824 ], [ 465547.864519451395608, 6189829.20882058609277 ], [ 465546.57686664245557, 6189825.837052487768233 ], [ 465542.742358782561496, 6189815.796417105942965 ], [ 465538.907853477227036, 6189805.755781724117696 ], [ 465537.821718651219271, 6189802.231853256002069 ], [ 465535.870010134822223, 6189795.715146342292428 ], [ 465532.840220224228688, 6189785.67451096046716 ], [ 465530.118177918018773, 6189775.633875578641891 ], [ 465527.778917851042934, 6189768.62878991663456 ], [ 465526.538491939019877, 6189765.593240197747946 ], [ 465517.820133147470187, 6189755.552604815922678 ], [ 465517.736117050866596, 6189755.470031009986997 ], [ 465513.5832325273077, 6189745.511969434097409 ], [ 465507.693316250690259, 6189743.043173048645258 ], [ 465497.650515450630337, 6189738.254393228329718 ], [ 465492.758836388937198, 6189735.471334052272141 ], [ 465487.607714650454, 6189733.07061679661274 ], [ 465477.56491385033587, 6189728.390142846852541 ], [ 465471.214892751071602, 6189725.430698670446873 ], [ 465467.52211305021774, 6189723.70966889616102 ], [ 465457.479312250041403, 6189719.029194945469499 ], [ 465449.67089910415234, 6189715.390063287690282 ], [ 465447.436511449981481, 6189714.3487209957093 ], [ 465437.393710649746936, 6189709.668247045949101 ], [ 465428.126905457233079, 6189705.349427905865014 ], [ 465427.350909849628806, 6189704.98777309525758 ], [ 465417.308109049510676, 6189700.307253705337644 ], [ 465407.265308249334339, 6189695.626779755577445 ], [ 465406.583009309484623, 6189695.30879252590239 ], [ 465397.222507449216209, 6189690.946305805817246 ], [ 465393.579073799424805, 6189695.30879252590239 ], [ 465387.381602726294659, 6189705.349427906796336 ], [ 465387.179706649039872, 6189705.800984995439649 ], [ 465382.590112617472187, 6189715.390063288621604 ], [ 465377.136905848863535, 6189718.190706987865269 ], [ 465367.094105048803613, 6189718.647883814759552 ], [ 465357.051304248627275, 6189720.675651049241424 ], [ 465347.008503448567353, 6189721.157869530841708 ], [ 465336.965702648332808, 6189719.220039217732847 ], [ 465326.922901848214678, 6189717.775157679803669 ], [ 465320.841717464849353, 6189715.390063288621604 ], [ 465316.880101048038341, 6189713.141078260727227 ], [ 465306.837300247920211, 6189707.168650368228555 ], [ 465304.03393201896688, 6189705.349427906796336 ], [ 465306.837300247920211, 6189696.896779286675155 ], [ 465307.581937430484686, 6189695.308792524971068 ], [ 465311.639056440617424, 6189685.268157144077122 ], [ 465306.837300247978419, 6189679.60580693371594 ], [ 465303.124478191253729, 6189675.227521762251854 ], [ 465296.794499447802082, 6189667.76299703028053 ], [ 465294.191494926111773, 6189665.186886380426586 ], [ 465286.751698647625744, 6189659.603292968124151 ], [ 465276.708897847507615, 6189657.549021278508008 ], [ 465266.666097047331277, 6189655.494749588891864 ], [ 465264.962377944379114, 6189655.146250998601317 ], [ 465256.623296247213148, 6189653.44047789927572 ], [ 465246.580495447095018, 6189652.225791509263217 ], [ 465236.537694646976888, 6189651.405153932981193 ], [ 465226.494893846800551, 6189650.584476752206683 ], [ 465216.452093046624213, 6189649.537191458046436 ], [ 465206.409292246506084, 6189645.484249265864491 ], [ 465205.471057272807229, 6189645.105615616776049 ], [ 465196.366491446387954, 6189641.431381462141871 ], [ 465186.323690646211617, 6189637.378439270891249 ], [ 465180.591056523961015, 6189635.064980234950781 ], [ 465176.280889846035279, 6189632.87507092487067 ], [ 465167.925975665450096, 6189625.024344853125513 ], [ 465166.23808904591715, 6189623.007619752548635 ], [ 465156.19528824579902, 6189619.439880836755037 ], [ 465146.152487445622683, 6189615.744159179739654 ], [ 465143.840840136166662, 6189614.983709471300244 ], [ 465136.109686645504553, 6189613.36610159277916 ], [ 465128.179765202570707, 6189614.983709471300244 ], [ 465126.066885845386423, 6189615.609863545745611 ], [ 465116.024085045210086, 6189623.046815285459161 ], [ 465113.322596788872033, 6189625.024344853125513 ], [ 465105.981284245091956, 6189630.427592219784856 ], [ 465098.315946379909292, 6189635.064980234950781 ], [ 465095.938483444973826, 6189636.711702458560467 ], [ 465085.895682644797489, 6189641.432100929319859 ], [ 465078.624386628624052, 6189645.105615617707372 ], [ 465075.852881844621152, 6189646.802345041185617 ], [ 465065.810081044503022, 6189649.275692618452013 ], [ 465058.297800906701013, 6189655.146250998601317 ], [ 465055.767280244384892, 6189656.50668643321842 ], [ 465045.724479444208555, 6189657.377381877973676 ], [ 465035.681678644090425, 6189657.25636590551585 ], [ 465025.638877843914088, 6189657.134706704877317 ], [ 465015.596077043795958, 6189657.165231244638562 ], [ 465005.553276243619621, 6189657.200613370165229 ], [ 464995.510475443559699, 6189659.007068958133459 ], [ 464985.467674643383361, 6189661.394904153421521 ], [ 464975.424873843148816, 6189662.878914704546332 ], [ 464965.382073043088894, 6189664.117647943086922 ], [ 464958.174198213149793, 6189665.186886380426586 ], [ 464955.339272242970765, 6189665.636141613125801 ], [ 464945.296471442794427, 6189667.098406357690692 ], [ 464935.253670642734505, 6189670.865079059265554 ], [ 464925.210869842441753, 6189674.643893470987678 ], [ 464923.70285934722051, 6189675.227521762251854 ], [ 464915.168069042381831, 6189678.46046735253185 ], [ 464905.125268242205493, 6189681.49419804662466 ], [ 464895.082467442087363, 6189683.900874884799123 ], [ 464888.964380266552325, 6189685.268157144077122 ], [ 464885.039666641969234, 6189686.145259930752218 ], [ 464874.996865841792896, 6189688.389644976705313 ], [ 464864.954065041674767, 6189689.561704291030765 ], [ 464854.911264241440222, 6189692.404985358938575 ], [ 464849.879104178049602, 6189695.308792524971068 ], [ 464844.8684634413803, 6189697.827373682521284 ], [ 464834.82566264126217, 6189704.148886229842901 ], [ 464831.075524355401285, 6189705.349427906796336 ], [ 464834.683467392984312, 6189715.390063288621604 ], [ 464834.825662641320378, 6189715.785782020539045 ], [ 464838.175199689343572, 6189725.430698670446873 ], [ 464839.562786591122858, 6189735.471334052272141 ], [ 464840.439988703175914, 6189745.511969434097409 ], [ 464836.898299265012611, 6189755.552604815922678 ], [ 464834.82566264126217, 6189756.987285634502769 ], [ 464824.782861841085833, 6189759.17429387755692 ], [ 464814.740061040967703, 6189760.494054732844234 ], [ 464804.697260240791366, 6189761.723076148889959 ], [ 464794.654459440731443, 6189762.853602869436145 ], [ 464784.611658640438691, 6189764.130536914803088 ], [ 464774.568857840378769, 6189765.584287778474391 ], [ 464774.485663040890358, 6189765.593240198679268 ], [ 464764.526057040260639, 6189766.505860226228833 ], [ 464754.483256240084302, 6189767.341109273023903 ], [ 464744.440455439966172, 6189768.288009389303625 ], [ 464734.397654639789835, 6189769.429813954979181 ], [ 464724.354853839671705, 6189772.324108416214585 ], [ 464714.312053039553575, 6189775.555991372093558 ], [ 464714.071025820332579, 6189775.633875578641891 ], [ 464704.269252239377238, 6189778.812737628817558 ], [ 464694.226451439317316, 6189781.696870774030685 ], [ 464684.183650639082771, 6189784.482700195163488 ], [ 464679.887221709883306, 6189785.67451096046716 ], [ 464674.140849838964641, 6189787.279061584733427 ], [ 464664.098049038904719, 6189792.316567155532539 ], [ 464661.315454435360152, 6189795.715146341361105 ], [ 464654.055248238611966, 6189799.92112847790122 ], [ 464644.012447438552044, 6189801.216277880594134 ], [ 464635.299717424379196, 6189805.755781724117696 ], [ 464633.969646638375707, 6189807.41554016713053 ], [ 464627.253370592952706, 6189815.796417105942965 ], [ 464623.926845838257577, 6189819.947407091036439 ], [ 464613.88404503808124, 6189818.645873015746474 ], [ 464611.733868781244382, 6189815.796417105942965 ], [ 464603.84124423796311, 6189810.856691755354404 ], [ 464594.897045648773201, 6189815.796417105942965 ], [ 464593.798443437844981, 6189816.403156003914773 ], [ 464583.755642637726851, 6189820.891115645878017 ], [ 464573.712841837550513, 6189823.879152563400567 ], [ 464567.132464517024346, 6189825.837052487768233 ], [ 464563.670041037374176, 6189826.867248529568315 ], [ 464553.627240237256046, 6189829.855296522378922 ], [ 464543.584439437137917, 6189832.847505434416234 ], [ 464533.541638636961579, 6189835.485161813907325 ], [ 464531.788539228611626, 6189835.877687869593501 ], [ 464523.49883783684345, 6189837.714730340987444 ], [ 464513.456037036608905, 6189839.868426760658622 ], [ 464503.413236236548983, 6189841.920770270749927 ], [ 464493.370435436430853, 6189843.832669165916741 ], [ 464483.327634636254515, 6189845.744686423800886 ], [ 464482.41561354091391, 6189845.918323251418769 ], [ 464473.284833836136386, 6189847.656703680753708 ], [ 464463.242033035960048, 6189850.117580033838749 ], [ 464454.867826957488433, 6189855.958958632312715 ], [ 464453.356459104572423, 6189865.999594014137983 ], [ 464453.199232235841919, 6189866.14528857730329 ], [ 464443.156431435665581, 6189871.199272707104683 ], [ 464433.780355592898559, 6189876.040229395963252 ], [ 464433.113630635547452, 6189876.384460221044719 ], [ 464423.070829835429322, 6189881.398816108703613 ], [ 464413.028029035194777, 6189885.066807582974434 ], [ 464402.985228235193063, 6189884.916247229091823 ], [ 464402.046436645032372, 6189886.08086477778852 ], [ 464399.158023194759153, 6189896.121500160545111 ], [ 464399.556539798853919, 6189906.162135541439056 ], [ 464396.121042434475385, 6189916.202770923264325 ], [ 464392.942427434958518, 6189922.151866763830185 ], [ 464390.756316560087726, 6189926.243406303226948 ], [ 464385.931781406980008, 6189936.284041685983539 ], [ 464382.899626634840388, 6189943.837728973478079 ], [ 464381.527644997346215, 6189946.324677068740129 ], [ 464372.856825834722258, 6189955.891539137810469 ], [ 464365.009331794455647, 6189946.324677066877484 ], [ 464362.814025034487713, 6189943.648383608087897 ], [ 464355.890906967339106, 6189936.284041685983539 ], [ 464352.771224234427791, 6189932.35495887696743 ], [ 464345.278043610858731, 6189926.243406303226948 ], [ 464342.728423434309661, 6189922.503753209486604 ], [ 464333.304092841455713, 6189916.202770923264325 ], [ 464332.685622634133324, 6189915.435171980410814 ], [ 464322.642821833898779, 6189912.232224304229021 ], [ 464312.600021033897065, 6189914.718993217684329 ], [ 464308.253306653467007, 6189916.202770923264325 ], [ 464302.557220233720727, 6189918.174496904946864 ], [ 464292.51441943354439, 6189921.798893965780735 ], [ 464282.471618633368053, 6189925.342901479452848 ], [ 464280.013706177123822, 6189926.243406305089593 ], [ 464272.428817833249923, 6189929.044449336826801 ], [ 464262.386017033131793, 6189932.701658744364977 ], [ 464252.607964303810149, 6189936.284041685983539 ], [ 464252.343216233013663, 6189936.381036103703082 ], [ 464242.300415432895534, 6189940.060366442427039 ], [ 464232.257614632719196, 6189942.951150862500072 ], [ 464228.004247281176504, 6189946.324677067808807 ], [ 464225.78905485291034, 6189956.365312449634075 ], [ 464228.119046736101154, 6189966.405947830528021 ], [ 464228.529298328736331, 6189976.446583213284612 ], [ 464229.119610432186164, 6189986.487218596041203 ], [ 464230.292409696616232, 6189996.527853976935148 ], [ 464231.463895555818453, 6190006.568489357829094 ], [ 464232.257614632719196, 6190013.377736537717283 ], [ 464232.714145008067135, 6190016.609124739654362 ], [ 464234.794173280359246, 6190026.64976012147963 ], [ 464238.425011993618682, 6190036.690395503304899 ], [ 464240.852287682180759, 6190046.731030885130167 ], [ 464242.039232005365193, 6190056.771666266955435 ], [ 464241.77499201358296, 6190066.812301648780704 ], [ 464241.510611212521326, 6190076.852937030605972 ], [ 464241.246375241724309, 6190086.893572411499918 ], [ 464240.982139270985499, 6190096.934207793325186 ], [ 464240.717903300188482, 6190106.974843174219131 ], [ 464240.453667329391465, 6190117.015478556975722 ], [ 464240.189431358594447, 6190127.056113938800991 ], [ 464239.925195387855638, 6190137.096749320626259 ], [ 464239.660959417116828, 6190147.137384702451527 ], [ 464239.396679258788936, 6190157.178020084276795 ], [ 464239.132439267006703, 6190167.218655465170741 ], [ 464239.595920810708776, 6190177.259290846996009 ], [ 464240.437888462038245, 6190187.299926228821278 ], [ 464242.300415432895534, 6190193.039571667090058 ], [ 464243.696095681283623, 6190197.340561610646546 ], [ 464246.954450170858763, 6190207.381196992471814 ], [ 464250.095201391959563, 6190217.421832374297082 ], [ 464252.343216233013663, 6190224.690904689021409 ], [ 464253.181902842014097, 6190227.462467756122351 ], [ 464255.963797483360395, 6190237.503103137947619 ], [ 464258.679274450289086, 6190247.543738518841565 ], [ 464261.396013331017457, 6190257.584373900666833 ], [ 464262.386017033131793, 6190261.249858198687434 ], [ 464264.110064267413691, 6190267.625009282492101 ], [ 464264.712437966023572, 6190277.665644664317369 ], [ 464262.386017033131793, 6190281.898427791893482 ], [ 464259.945315140183084, 6190287.706280045211315 ], [ 464256.348129886726383, 6190297.746915427967906 ], [ 464252.343216233013663, 6190307.640195698477328 ], [ 464252.283565189340152, 6190307.787550810724497 ], [ 464248.219000491953921, 6190317.828186191618443 ], [ 464244.154488959466107, 6190327.868821572512388 ], [ 464242.300415432779118, 6190331.107238958589733 ], [ 464237.938185121223796, 6190337.909456955268979 ], [ 464232.257614632660989, 6190347.423947681672871 ], [ 464232.016209952707868, 6190347.950092337094247 ], [ 464227.409430671250448, 6190357.990727717988193 ], [ 464222.214813832542859, 6190365.072176199406385 ], [ 464220.38346230838215, 6190368.031363098882139 ], [ 464216.204708315199241, 6190378.07199848163873 ], [ 464212.172013032424729, 6190387.761686605401337 ], [ 464212.025736127397977, 6190388.112633863463998 ], [ 464207.77904256049078, 6190398.153269244357944 ], [ 464203.424690578307491, 6190408.193904626183212 ], [ 464202.1292122323066, 6190411.743978005833924 ], [ 464199.928275808983017, 6190418.23454000800848 ], [ 464197.150359338964336, 6190428.275175390765071 ], [ 464194.416375024651643, 6190438.315810771659017 ], [ 464192.456273318442982, 6190448.356446153484285 ], [ 464192.086411432130262, 6190458.059412467293441 ], [ 464192.073540015844628, 6190458.397081536240876 ], [ 464191.63733732473338, 6190468.437716917134821 ], [ 464189.329841619706713, 6190478.47835229896009 ], [ 464188.210618372773752, 6190488.518987679854035 ], [ 464188.446294813067652, 6190498.559623061679304 ], [ 464186.168648306513205, 6190508.600258443504572 ], [ 464186.338068863609806, 6190518.64089382532984 ], [ 464184.613626314618159, 6190528.681529207155108 ], [ 464182.04361063207034, 6190538.612324208952487 ], [ 464182.015184761025012, 6190538.722164588980377 ], [ 464179.14474346122006, 6190548.762799970805645 ], [ 464172.038265985436738, 6190558.803435351699591 ], [ 464172.000809831835795, 6190558.829899862408638 ], [ 464161.958009031717665, 6190563.025027308613062 ], [ 464151.915208231541328, 6190567.251430283300579 ], [ 464148.462744900374673, 6190568.844070733524859 ], [ 464141.872407431481406, 6190571.777222990989685 ], [ 464131.829606631305069, 6190575.459449211135507 ], [ 464122.483111406501848, 6190578.884706115350127 ], [ 464121.786805831128731, 6190579.139886355027556 ], [ 464111.744005031010602, 6190582.820345626212656 ], [ 464101.701204230776057, 6190586.500804897397757 ], [ 464095.085416280431673, 6190588.925341497175395 ], [ 464091.658403430716135, 6190590.181264169514179 ], [ 464081.615602630598005, 6190593.861723440699279 ], [ 464071.572801830479875, 6190597.542182712815702 ], [ 464066.641931755642872, 6190598.965976879000664 ], [ 464061.530001030303538, 6190600.566480520181358 ], [ 464051.4872002301272, 6190599.57142623141408 ], [ 464045.493654457502998, 6190598.965976879000664 ], [ 464041.444399430009071, 6190598.55693372990936 ], [ 464031.401598629890941, 6190597.368954023346305 ], [ 464021.358797829714604, 6190595.158828620798886 ], [ 464011.315997029596474, 6190591.976160519756377 ], [ 464001.689093919063453, 6190588.925341496244073 ], [ 464001.273196229420137, 6190588.774015945382416 ], [ 463991.230395429302007, 6190583.008047197014093 ], [ 463984.439708622521721, 6190578.884706115350127 ], [ 463981.18759462912567, 6190576.910005233250558 ], [ 463971.144793829065748, 6190572.492646303959191 ], [ 463962.201004216563888, 6190568.844070733524859 ], [ 463961.10199302888941, 6190568.430712508037686 ], [ 463951.059192228713073, 6190567.358295315876603 ], [ 463948.87753737566527, 6190568.844070733524859 ], [ 463949.220694631105289, 6190578.884706115350127 ], [ 463951.059192228713073, 6190588.468396270647645 ], [ 463951.123955232440494, 6190588.925341497175395 ], [ 463951.922297888377216, 6190598.965976879000664 ], [ 463952.156197840115055, 6190609.006612260825932 ], [ 463952.48519437079085, 6190619.0472476426512 ], [ 463952.947723485296592, 6190629.087883024476469 ], [ 463953.078351116448175, 6190639.128518405370414 ], [ 463953.208978747599758, 6190649.169153787195683 ], [ 463952.640114193200134, 6190659.209789169020951 ], [ 463951.059192228713073, 6190664.026625917293131 ], [ 463948.576465662103146, 6190669.250424550846219 ], [ 463943.804430222429801, 6190679.291059932671487 ], [ 463941.016391428536735, 6190685.157252946868539 ], [ 463939.032342149934266, 6190689.331695314496756 ], [ 463934.260092927608639, 6190699.372330696322024 ], [ 463930.973590628418606, 6190706.287319421768188 ], [ 463929.488057487935293, 6190709.41296607721597 ], [ 463924.716022048378363, 6190719.453601459041238 ], [ 463920.930789828300476, 6190727.417946451343596 ], [ 463919.943986608763225, 6190729.494236841797829 ], [ 463913.78411953151226, 6190739.534872222691774 ], [ 463910.887989028182346, 6190743.333865539170802 ], [ 463906.374963779991958, 6190749.575507604517043 ], [ 463900.845188227947801, 6190756.714373117312789 ], [ 463898.597473090572748, 6190759.616142986342311 ], [ 463896.260483059450053, 6190769.656778368167579 ], [ 463900.845188228006009, 6190777.075724999420345 ], [ 463902.465319839888252, 6190779.697413749992847 ], [ 463908.670187524927314, 6190789.738049130886793 ], [ 463910.887989028182346, 6190793.326853333041072 ], [ 463914.875133344845381, 6190799.778684512712061 ], [ 463920.930789828300476, 6190809.577917095273733 ], [ 463921.07997012528358, 6190809.81931989453733 ], [ 463927.284858307335526, 6190819.859955276362598 ], [ 463930.973590628476813, 6190825.828991746529937 ], [ 463933.489783630240709, 6190829.900590658187866 ], [ 463939.694620410678908, 6190839.941226040013134 ], [ 463941.016391428594943, 6190842.080060953274369 ], [ 463945.899597135139629, 6190849.981861421838403 ], [ 463951.059192228713073, 6190858.3310920111835 ], [ 463952.104433915577829, 6190860.022496803663671 ], [ 463958.309270696074236, 6190870.063132184557617 ], [ 463961.10199302888941, 6190874.582199364900589 ], [ 463964.514247420593165, 6190880.103767566382885 ], [ 463970.719084200973157, 6190890.144402948208153 ], [ 463971.14479382900754, 6190890.833284107036889 ], [ 463976.923920981469564, 6190900.185038330033422 ], [ 463981.18759462912567, 6190907.084337776526809 ], [ 463983.128897705930285, 6190910.22567371185869 ], [ 463989.333734486426692, 6190920.266309093683958 ], [ 463991.230395429302007, 6190923.335476203821599 ], [ 463995.385483292397112, 6190930.306944475509226 ], [ 464001.273196229420137, 6190940.01100111939013 ], [ 464001.471287090796977, 6190940.347579857334495 ], [ 464007.380626831029076, 6190950.38821523822844 ], [ 464011.315997029596474, 6190957.07485350780189 ], [ 464014.364729691646062, 6190960.428850619122386 ], [ 464021.358797829714604, 6190968.429714476689696 ], [ 464023.471029319858644, 6190970.469486001878977 ], [ 464031.401598629890941, 6190978.127997640520334 ], [ 464033.868343910609838, 6190980.510121383704245 ], [ 464041.444399430009071, 6190987.826112257316709 ], [ 464044.265830742137041, 6190990.550756765529513 ], [ 464051.4872002301272, 6190997.524403307586908 ], [ 464054.663136877352372, 6191000.591392147354782 ], [ 464061.530001030303538, 6191007.222694359719753 ], [ 464065.060527219146024, 6191010.63202752918005 ], [ 464071.57280183036346, 6191016.920898978598416 ], [ 464075.457841809897218, 6191020.672662911005318 ], [ 464081.615602630539797, 6191026.619045147672296 ], [ 464091.658403430716135, 6191030.192503847181797 ], [ 464092.300770456262399, 6191030.713298291899264 ], [ 464101.701204230834264, 6191040.516750459559262 ], [ 464101.980550014937762, 6191040.753933673724532 ], [ 464111.744005031010602, 6191049.043908095918596 ], [ 464113.805832806974649, 6191050.794569056481123 ], [ 464121.786805831128731, 6191057.570947813801467 ], [ 464125.631328839983325, 6191060.835204437375069 ], [ 464131.829606631305069, 6191066.098050865344703 ], [ 464137.456611632020213, 6191070.875839818269014 ], [ 464141.872407431423198, 6191074.625145168974996 ], [ 464146.885872394253965, 6191080.916475201025605 ], [ 464151.536557472951245, 6191090.957110582850873 ], [ 464151.915208231541328, 6191091.936545968055725 ], [ 464155.418277757416945, 6191100.997745963744819 ], [ 464159.300120266154408, 6191111.038381345570087 ], [ 464161.958009031717665, 6191117.913398097269237 ], [ 464163.181840550620109, 6191121.079016727395356 ], [ 464167.063620922272094, 6191131.119652109220624 ], [ 464170.945403343765065, 6191141.160287491977215 ], [ 464172.000809831835795, 6191143.890250226482749 ], [ 464174.827123628172558, 6191151.200922872871161 ], [ 464178.708966136910021, 6191161.241558254696429 ], [ 464182.043610632012133, 6191169.867102355696261 ], [ 464182.590686421317514, 6191171.282193636521697 ], [ 464186.472528930054978, 6191181.322829017415643 ], [ 464185.256460110889748, 6191191.363464399240911 ], [ 464184.791656767309178, 6191201.404099781066179 ], [ 464184.326799276284873, 6191211.444735162891448 ], [ 464183.862007004150655, 6191221.485370544716716 ], [ 464183.397138441738207, 6191231.526005926541984 ], [ 464183.58249194297241, 6191241.566641308367252 ], [ 464185.155982225027401, 6191251.607276690192521 ], [ 464186.953726493287832, 6191261.647912071086466 ], [ 464188.993108050199226, 6191271.688547452911735 ], [ 464191.032437401067, 6191281.729182834737003 ], [ 464191.244302412145771, 6191291.769818217493594 ], [ 464186.819161797990091, 6191301.810453598387539 ], [ 464189.110509503749199, 6191311.851088980212808 ], [ 464192.025212858396117, 6191321.891724361106753 ], [ 464192.086411432130262, 6191322.028229573741555 ], [ 464197.073444553010631, 6191331.932359743863344 ], [ 464202.1292122323066, 6191339.927103114314377 ], [ 464203.423030435107648, 6191341.97299512475729 ], [ 464209.772709087003022, 6191352.013630506582558 ], [ 464212.172013032482937, 6191355.807607715949416 ], [ 464216.122387738840189, 6191362.054265888407826 ], [ 464222.214813832542859, 6191371.68811231572181 ], [ 464222.472061670385301, 6191372.094901270233095 ], [ 464228.821623812313192, 6191382.135536652058363 ], [ 464232.257614632719196, 6191387.568908313289285 ], [ 464235.203073154494632, 6191392.176172034814954 ], [ 464241.61830719577847, 6191402.216807415708899 ], [ 464242.300415432895534, 6191403.284873262047768 ], [ 464248.130973443156108, 6191412.257442797534168 ], [ 464252.343216233013663, 6191418.739608185365796 ], [ 464254.655538717401214, 6191422.298078178428113 ], [ 464261.180191244173329, 6191432.338713560253382 ], [ 464262.386017033131793, 6191434.19434311054647 ], [ 464267.70469979790505, 6191442.379348943009973 ], [ 464272.428817833249923, 6191449.64915850199759 ], [ 464274.229375074268319, 6191452.419984323903918 ], [ 464280.754017945728265, 6191462.460619705729187 ], [ 464282.47161863342626, 6191465.103812960907817 ], [ 464287.295737847685814, 6191472.501255087554455 ], [ 464292.51441943354439, 6191480.547660263255239 ], [ 464293.849064355541486, 6191482.541890469379723 ], [ 464300.479625838110223, 6191492.582525849342346 ], [ 464302.557220233778935, 6191495.794334747828543 ], [ 464307.099630619166419, 6191502.623161232098937 ], [ 464312.600021033780649, 6191510.89191978238523 ], [ 464313.778676122718025, 6191512.663796613924205 ], [ 464320.457522998854984, 6191522.704431995749474 ], [ 464322.642821833956987, 6191525.989698031917214 ], [ 464327.136369874933735, 6191532.745067377574742 ], [ 464332.685622634133324, 6191541.087280881591141 ], [ 464333.79554862313671, 6191542.78570275940001 ], [ 464340.387630551529583, 6191552.826338141225278 ], [ 464342.728423434309661, 6191556.372466180473566 ], [ 464346.946642662049271, 6191562.866973523050547 ], [ 464352.771224234427791, 6191571.834688510745764 ], [ 464353.468092094233725, 6191572.907608903944492 ], [ 464359.989595741266385, 6191582.948244285769761 ], [ 464362.814025034545921, 6191587.296782301738858 ], [ 464366.511183729802724, 6191592.988879667595029 ], [ 464372.856825834722258, 6191602.758836377412081 ], [ 464373.032633161987178, 6191603.029515049420297 ], [ 464379.554082594171632, 6191613.070150431245565 ], [ 464382.899626634840388, 6191618.221058709546924 ], [ 464386.075532026356086, 6191623.110785813070834 ], [ 464392.59698145854054, 6191633.151421194896102 ], [ 464392.942427434958518, 6191633.442110866308212 ], [ 464402.985228235134855, 6191638.351061791181564 ], [ 464413.028029035252985, 6191640.429019290953875 ], [ 464423.070829835429322, 6191641.57682694029063 ], [ 464433.113630635547452, 6191640.865789959207177 ], [ 464443.156431435665581, 6191637.971042493358254 ], [ 464453.199232235841919, 6191635.411221995949745 ], [ 464463.242033035960048, 6191634.942317128181458 ], [ 464473.284833836136386, 6191636.517090435139835 ], [ 464480.51658887573285, 6191643.192056577652693 ], [ 464483.327634636254515, 6191647.385801806114614 ], [ 464487.246799119748175, 6191653.232691957615316 ], [ 464493.370435436430853, 6191662.368371010757983 ], [ 464493.977022988139652, 6191663.273327339440584 ], [ 464500.707192286266945, 6191673.31396272033453 ], [ 464503.413236236548983, 6191677.351032814010978 ], [ 464507.437395032844506, 6191683.354598103091121 ], [ 464513.456037036667112, 6191693.266743281856179 ], [ 464513.537109026510734, 6191693.395233484916389 ], [ 464517.439815560006537, 6191703.435868866741657 ], [ 464518.936736413394101, 6191713.476504247635603 ], [ 464520.433700975612737, 6191723.517139629460871 ], [ 464521.930641029321123, 6191733.557775011286139 ], [ 464523.427561882825103, 6191743.598410393111408 ], [ 464523.498837836785242, 6191744.076495700515807 ], [ 464524.924491666606627, 6191753.639045774936676 ], [ 464526.421466498635709, 6191763.679681156761944 ], [ 464527.918387352081481, 6191773.720316538587213 ], [ 464528.673319529683795, 6191783.760951919481158 ], [ 464527.813931367476471, 6191793.801587302237749 ], [ 464527.316332708694972, 6191803.842222684063017 ], [ 464529.119689282437321, 6191813.882858064956963 ], [ 464531.207791104505304, 6191823.923493446782231 ], [ 464533.295826237997971, 6191833.9641288286075 ], [ 464533.541638636961579, 6191835.146087788976729 ], [ 464535.393958017288242, 6191844.004764210432768 ], [ 464537.488875183800701, 6191854.045399592258036 ], [ 464539.579152457765304, 6191864.086034974083304 ], [ 464541.664685364463367, 6191874.126670355908573 ], [ 464543.584439437137917, 6191878.135096622630954 ], [ 464553.627240237256046, 6191881.521887272596359 ], [ 464558.733920054510236, 6191884.167305735871196 ], [ 464563.670041037374176, 6191885.846125476062298 ], [ 464571.094803498883266, 6191894.207941118627787 ], [ 464573.712841837550513, 6191896.74527388997376 ], [ 464580.481240208959207, 6191904.248576500453055 ], [ 464583.755642637610435, 6191907.878509453497827 ], [ 464589.538454570923932, 6191914.289211882278323 ], [ 464593.798443437903188, 6191919.01174501888454 ], [ 464598.595668932888657, 6191924.329847264103591 ], [ 464603.84124423796311, 6191930.144980581477284 ], [ 464607.652883294911589, 6191934.37048264592886 ], [ 464613.884045038139448, 6191941.278216145932674 ], [ 464616.710097656818107, 6191944.411118027754128 ], [ 464623.926845838257577, 6191952.411451710388064 ], [ 464625.767312018899247, 6191954.451753409579396 ], [ 464633.969646638375707, 6191963.544687273912132 ], [ 464634.824526380863972, 6191964.492388790473342 ], [ 464637.587660446530208, 6191974.53302417229861 ], [ 464637.481736563029699, 6191984.573659554123878 ], [ 464637.375724427460227, 6191994.614294935949147 ], [ 464636.518473240663297, 6192004.654930317774415 ], [ 464633.969646638317499, 6192011.560321283526719 ], [ 464632.613303986203391, 6192014.695565699599683 ], [ 464628.269610092975199, 6192024.736201081424952 ], [ 464623.926845838257577, 6192034.774687564000487 ], [ 464623.925916207488626, 6192034.77683646325022 ], [ 464618.6277348222211, 6192044.817471844144166 ], [ 464620.939459645655006, 6192054.858107225969434 ], [ 464623.713840147131123, 6192064.898742607794702 ], [ 464623.926845838257577, 6192065.649144753813744 ], [ 464626.601874847954605, 6192074.93937798961997 ], [ 464629.492974591092207, 6192084.980013371445239 ], [ 464633.969646638375707, 6192089.205890508368611 ], [ 464644.012447438552044, 6192085.342109829187393 ], [ 464644.974925058428198, 6192084.980013372376561 ], [ 464654.055248238728382, 6192081.574608085677028 ], [ 464664.098049038904719, 6192078.019075299613178 ], [ 464672.130703416944016, 6192074.93937798961997 ], [ 464674.140849838964641, 6192074.127408243715763 ], [ 464684.183650639082771, 6192070.052432325668633 ], [ 464694.226451439259108, 6192065.977466003037989 ], [ 464698.141675165621564, 6192064.898742607794702 ], [ 464704.269252239377238, 6192063.430534057319164 ], [ 464714.312053039553575, 6192061.783391458913684 ], [ 464724.354853839671705, 6192060.125549583695829 ], [ 464734.397654639789835, 6192057.494469847530127 ], [ 464742.106022687628865, 6192054.858107225969434 ], [ 464744.440455439966172, 6192053.931858023628592 ], [ 464754.483256240084302, 6192049.947176398709416 ], [ 464764.526057040260639, 6192044.97676654625684 ], [ 464764.628659791254904, 6192044.817471845075488 ], [ 464770.522075030719861, 6192034.77683646325022 ], [ 464774.568857840378769, 6192027.882201654836535 ], [ 464780.53355857974384, 6192024.736201081424952 ], [ 464784.611658640555106, 6192023.633271487429738 ], [ 464794.654459440673236, 6192023.534546163864434 ], [ 464804.697260240791366, 6192022.74981093686074 ], [ 464814.740061040967703, 6192020.58939784578979 ], [ 464824.78286184114404, 6192018.428984753787518 ], [ 464834.82566264126217, 6192015.796660635620356 ], [ 464838.350012947106734, 6192014.695565699599683 ], [ 464844.8684634413803, 6192012.373587241396308 ], [ 464854.911264241556637, 6192008.208075229078531 ], [ 464859.20053501642542, 6192004.654930317774415 ], [ 464864.954065041674767, 6191999.888765417039394 ], [ 464871.321201915270649, 6191994.614294935949147 ], [ 464874.996865841792896, 6191991.569449491798878 ], [ 464883.441892007831484, 6191984.573659554123878 ], [ 464885.039666641969234, 6191983.317046628333628 ], [ 464887.636493348167278, 6191984.573659554123878 ], [ 464895.082467442087363, 6191987.415234507061541 ], [ 464905.125268242205493, 6191993.958384594880044 ], [ 464906.264816803275608, 6191994.614294935017824 ], [ 464915.168069042381831, 6191999.738899026997387 ], [ 464923.708956458605826, 6192004.654930317774415 ], [ 464925.210869842441753, 6192005.519421685487032 ], [ 464935.25367064261809, 6192011.300023436546326 ], [ 464940.907080920063891, 6192014.695565698668361 ], [ 464944.064923996513244, 6192024.736201081424952 ], [ 464945.296471442794427, 6192030.396078682504594 ], [ 464946.249691890086979, 6192034.776836464181542 ], [ 464948.410148070193827, 6192044.817471844144166 ], [ 464950.608026544912718, 6192054.858107225969434 ], [ 464952.848563738632947, 6192064.898742607794702 ], [ 464955.089097886288073, 6192074.93937798961997 ], [ 464955.339272242912557, 6192076.060544827952981 ], [ 464958.821806353749707, 6192084.980013371445239 ], [ 464965.382073043030687, 6192088.780968493781984 ], [ 464975.424873843207024, 6192091.780481205321848 ], [ 464980.978744202351663, 6192095.020648753270507 ], [ 464985.467674643383361, 6192097.639522763900459 ], [ 464995.510475443501491, 6192103.498564322479069 ], [ 464998.189084840763826, 6192105.061284135095775 ], [ 465005.553276243736036, 6192109.357669804245234 ], [ 465015.399169422511477, 6192115.101919516921043 ], [ 465015.596077043737751, 6192115.216796825639904 ], [ 465025.638877843972296, 6192121.075838385149837 ], [ 465032.609510060865432, 6192125.142554896883667 ], [ 465035.681678644148633, 6192126.93487994465977 ], [ 465045.724479444208555, 6192132.793921502307057 ], [ 465049.819850699335802, 6192135.183190279640257 ], [ 465055.767280244384892, 6192138.65296306181699 ], [ 465065.810081044503022, 6192144.512004621326923 ], [ 465067.030191337806173, 6192145.223825661465526 ], [ 465075.852881844621152, 6192150.371122762560844 ], [ 465084.240275919553824, 6192155.264461044222116 ], [ 465085.895682644797489, 6192156.596686959266663 ], [ 465095.938483444915619, 6192164.536143066361547 ], [ 465096.927596601075493, 6192165.305096425116062 ], [ 465105.981284245091956, 6192172.968762357719243 ] ], [ [ 464631.225733813131228, 6191442.379348941147327 ], [ 464632.313426886452362, 6191432.338713560253382 ], [ 464633.91029153089039, 6191422.298078178428113 ], [ 464633.969646638375707, 6191421.924869970418513 ], [ 464635.50715037266491, 6191412.257442797534168 ], [ 464637.104008990398142, 6191402.216807415708899 ], [ 464638.70084756182041, 6191392.176172033883631 ], [ 464640.297712206258439, 6191382.135536652058363 ], [ 464644.012447438552044, 6191373.896911405958235 ], [ 464654.055248238611966, 6191373.804530526511371 ], [ 464659.436170777888037, 6191382.135536652058363 ], [ 464664.098049038788304, 6191385.950810607522726 ], [ 464674.140849838964641, 6191390.109861377626657 ], [ 464678.627163861645386, 6191392.176172033883631 ], [ 464684.183650639082771, 6191396.564460854977369 ], [ 464694.226451439259108, 6191400.136798490770161 ], [ 464698.50658157968428, 6191402.216807415708899 ], [ 464704.269252239377238, 6191411.753190046176314 ], [ 464704.573963433154859, 6191412.257442797534168 ], [ 464704.313388666836545, 6191422.298078178428113 ], [ 464704.269252239377238, 6191422.358888326212764 ], [ 464694.226451439259108, 6191426.366185130551457 ], [ 464684.183650639082771, 6191430.373481934890151 ], [ 464679.293626936734654, 6191432.338713560253382 ], [ 464674.140849838964641, 6191434.403653665445745 ], [ 464664.098049038846511, 6191438.482785696163774 ], [ 464654.715714194462635, 6191442.37934894207865 ], [ 464654.055248238670174, 6191442.653993280604482 ], [ 464644.012447438552044, 6191446.928800968453288 ], [ 464633.969646638375707, 6191451.203608656302094 ], [ 464631.225733813131228, 6191442.379348941147327 ] ], [ [ 465746.274455930572003, 6190819.859955275431275 ], [ 465738.677734654047526, 6190810.17880850750953 ], [ 465738.395646709366702, 6190809.81931989453733 ], [ 465730.516837487986777, 6190799.778684511780739 ], [ 465728.634933853871189, 6190797.380414966493845 ], [ 465720.441062680562027, 6190789.738049130886793 ], [ 465718.592133053753059, 6190789.206154161132872 ], [ 465708.54933225363493, 6190786.461787715554237 ], [ 465698.506531453458592, 6190783.71742126904428 ], [ 465688.46373065339867, 6190780.973054824396968 ], [ 465687.501485461485572, 6190779.697413749992847 ], [ 465687.759747603267897, 6190769.656778368167579 ], [ 465688.463730653340463, 6190765.010069062933326 ], [ 465689.280918104050215, 6190759.616142986342311 ], [ 465698.506531453458592, 6190750.537665068171918 ], [ 465708.54933225363493, 6190753.930322153493762 ], [ 465718.592133053753059, 6190759.188751695677638 ], [ 465719.243823934986722, 6190759.616142986342311 ], [ 465728.634933853871189, 6190766.922104126773775 ], [ 465732.150094405049458, 6190769.656778368167579 ], [ 465738.677734654047526, 6190774.735058402642608 ], [ 465745.540199594222941, 6190779.697413749992847 ], [ 465748.720535454223864, 6190783.626617865636945 ], [ 465752.748744702432305, 6190789.738049130886793 ], [ 465752.027902284753509, 6190799.778684512712061 ], [ 465751.307072551804595, 6190809.81931989453733 ], [ 465749.667215269815642, 6190819.859955276362598 ], [ 465748.720535454107448, 6190822.977202048525214 ], [ 465746.274455930572003, 6190819.859955275431275 ] ], [ [ 465425.914601361961104, 6190709.41296607721597 ], [ 465427.350909849628806, 6190702.427762888371944 ], [ 465437.393710649746936, 6190708.27486799005419 ], [ 465438.809585467213765, 6190709.41296607721597 ], [ 465437.393710649746936, 6190710.055474032647908 ], [ 465427.350909849628806, 6190710.011862036772072 ], [ 465425.914601361961104, 6190709.41296607721597 ] ], [ [ 465401.834576445806306, 6190699.372330696322024 ], [ 465397.222507449216209, 6190696.2252875007689 ], [ 465387.179706649039872, 6190693.26169731002301 ], [ 465377.754551529651508, 6190689.331695314496756 ], [ 465377.136905848921742, 6190688.863492924720049 ], [ 465367.094105048745405, 6190684.787452765740454 ], [ 465357.051304248627275, 6190682.88705557025969 ], [ 465350.910290298284963, 6190679.291059931740165 ], [ 465347.008503448450938, 6190676.345574043691158 ], [ 465336.965702648391016, 6190672.147870641201735 ], [ 465331.169378399965353, 6190669.250424550846219 ], [ 465326.922901848272886, 6190666.947701277211308 ], [ 465316.880101048038341, 6190662.107551063410938 ], [ 465311.08314503391739, 6190659.209789168089628 ], [ 465306.837300247862004, 6190657.087391274981201 ], [ 465296.794499447802082, 6190652.067231486551464 ], [ 465290.996911667985842, 6190649.169153787195683 ], [ 465286.751698647625744, 6190646.926773662678897 ], [ 465276.708897847507615, 6190639.460053024813533 ], [ 465276.230659437249415, 6190639.128518405370414 ], [ 465266.666097047331277, 6190632.497962798923254 ], [ 465261.747057909960859, 6190629.087883024476469 ], [ 465256.623296247213148, 6190625.535881195217371 ], [ 465247.263444131764118, 6190619.0472476426512 ], [ 465246.580495447095018, 6190618.573799591511488 ], [ 465236.537694646976888, 6190611.872152606025338 ], [ 465234.175542816345114, 6190609.006612260825932 ], [ 465231.680895398836583, 6190598.965976879000664 ], [ 465230.518937123240903, 6190588.925341497175395 ], [ 465234.360281973611563, 6190578.884706115350127 ], [ 465236.537694646918681, 6190578.280469936318696 ], [ 465246.580495447095018, 6190578.249010339379311 ], [ 465246.9451303279493, 6190578.884706115350127 ], [ 465251.594864100974519, 6190588.925341497175395 ], [ 465255.287805816624314, 6190598.965976879000664 ], [ 465256.623296247213148, 6190600.403837953694165 ], [ 465266.666097047331277, 6190608.778196555562317 ], [ 465266.940020524372812, 6190609.006612260825932 ], [ 465276.708897847507615, 6190617.152555158361793 ], [ 465279.122784680337645, 6190619.0472476426512 ], [ 465286.751698647625744, 6190625.343578178435564 ], [ 465296.039700169931166, 6190629.087883024476469 ], [ 465296.794499447802082, 6190629.450323035940528 ], [ 465306.837300247920211, 6190635.129483335651457 ], [ 465312.951135652430821, 6190639.128518405370414 ], [ 465316.880101048038341, 6190641.698438818566501 ], [ 465326.922901848214678, 6190648.267394301481545 ], [ 465328.301536688348278, 6190649.169153787195683 ], [ 465336.965702648332808, 6190654.836349783465266 ], [ 465343.651937724207528, 6190659.209789168089628 ], [ 465347.008503448509146, 6190661.405305265448987 ], [ 465357.051304248627275, 6190666.851709912531078 ], [ 465363.679274120368063, 6190669.250424550846219 ], [ 465367.094105048745405, 6190670.486278831027448 ], [ 465377.136905848921742, 6190669.764009892009199 ], [ 465382.100309356930666, 6190669.250424550846219 ], [ 465387.179706649039872, 6190668.572972796857357 ], [ 465389.151762452267576, 6190669.250424550846219 ], [ 465397.222507449216209, 6190674.597486414015293 ], [ 465401.335763091919944, 6190679.291059932671487 ], [ 465407.265308249334339, 6190684.057298180647194 ], [ 465413.827039820374921, 6190689.331695314496756 ], [ 465417.308109049568884, 6190692.129819767549634 ], [ 465426.318316548829898, 6190699.372330696322024 ], [ 465417.308109049452469, 6190703.279304217547178 ], [ 465407.265308249334339, 6190701.636776923201978 ], [ 465401.834576445806306, 6190699.372330696322024 ] ], [ [ 465375.903111615043599, 6189775.633875578641891 ], [ 465373.723506537964568, 6189765.593240197747946 ], [ 465377.136905848921742, 6189758.762273106724024 ], [ 465387.179706649039872, 6189756.670611217617989 ], [ 465397.222507449216209, 6189764.208184093236923 ], [ 465399.067908188211732, 6189765.593240197747946 ], [ 465407.265308249392547, 6189771.745756967924535 ], [ 465412.4457027008757, 6189775.633875578641891 ], [ 465407.265308249334339, 6189782.924068956635892 ], [ 465397.222507449216209, 6189781.762011962011456 ], [ 465387.179706649039872, 6189779.771231671795249 ], [ 465377.136905848863535, 6189777.63024468254298 ], [ 465375.903111615043599, 6189775.633875578641891 ] ], [ [ 465079.635537791065872, 6189735.471334052272141 ], [ 465075.852881844621152, 6189734.65524191968143 ], [ 465069.26629730372224, 6189725.430698670446873 ], [ 465065.81008104456123, 6189722.235887590795755 ], [ 465055.767280244384892, 6189720.141547264531255 ], [ 465049.404704683518503, 6189715.390063288621604 ], [ 465045.724479444208555, 6189710.64250288810581 ], [ 465035.681678644090425, 6189707.632724370807409 ], [ 465031.780564755725209, 6189705.349427906796336 ], [ 465028.465324952965602, 6189695.30879252590239 ], [ 465035.681678644090425, 6189690.829908847808838 ], [ 465044.642743573815096, 6189685.268157144077122 ], [ 465045.724479444208555, 6189684.596769717521966 ], [ 465055.767280244384892, 6189678.666359109804034 ], [ 465065.810081044503022, 6189681.529016226530075 ], [ 465075.460664866084699, 6189675.227521762251854 ], [ 465075.852881844621152, 6189673.357967454008758 ], [ 465076.713848347426392, 6189675.227521762251854 ], [ 465079.307450400257949, 6189685.268157144077122 ], [ 465082.324135234754067, 6189695.308792524971068 ], [ 465085.81583044573199, 6189705.349427906796336 ], [ 465085.895682644797489, 6189705.546228302642703 ], [ 465094.279666638933122, 6189715.390063288621604 ], [ 465090.435482303437311, 6189725.430698670446873 ], [ 465086.44955478986958, 6189735.471334052272141 ], [ 465085.895682644797489, 6189736.108174158260226 ], [ 465079.635537791065872, 6189735.471334052272141 ] ] ] } },
{ "type": "Feature", "properties": { "id": 2, "cost_level": 900.0 }, "geometry": { "type": "Polygon", "coordinates": [ [ [ 465276.708897847507615, 6191835.421393655240536 ], [ 465286.751698647625744, 6191838.616702529601753 ], [ 465296.794499447802082, 6191838.367733226157725 ], [ 465304.434398886631243, 6191833.9641288286075 ], [ 465306.837300247978419, 6191832.579107063822448 ], [ 465316.880101048038341, 6191826.790495363995433 ], [ 465321.854137207265012, 6191823.923493446782231 ], [ 465326.922901848214678, 6191820.963470907881856 ], [ 465336.965702648391016, 6191816.822063095867634 ], [ 465347.008503448509146, 6191817.262355592101812 ], [ 465357.051304248627275, 6191816.994554854929447 ], [ 465367.094105048687197, 6191816.726664010435343 ], [ 465377.136905848863535, 6191816.458773164078593 ], [ 465387.179706648981664, 6191816.190882319584489 ], [ 465397.222507449216209, 6191815.923081582412124 ], [ 465407.265308249334339, 6191818.892517618834972 ], [ 465417.308109049510676, 6191821.974262251518667 ], [ 465427.350909849628806, 6191822.180663619190454 ], [ 465437.393710649746936, 6191822.387130415998399 ], [ 465447.436511449923273, 6191822.593586457893252 ], [ 465457.479312250041403, 6191822.800054924562573 ], [ 465467.52211305021774, 6191823.006449614651501 ], [ 465477.564913850394078, 6191819.568322950974107 ], [ 465486.75826104945736, 6191813.882858064956963 ], [ 465487.607714650454, 6191813.366562276147306 ], [ 465497.650515450572129, 6191807.089858376421034 ], [ 465502.846771138254553, 6191803.842222684063017 ], [ 465507.693316250690259, 6191800.813169146887958 ], [ 465517.328009462566115, 6191793.801587302237749 ], [ 465517.736117050924804, 6191793.504017706029117 ], [ 465527.778917851042934, 6191786.340657212771475 ], [ 465531.155172223923728, 6191783.760951920412481 ], [ 465537.821718651161063, 6191778.294521756470203 ], [ 465542.878460631705821, 6191773.720316538587213 ], [ 465547.864519451337401, 6191769.210049580782652 ], [ 465557.907320251455531, 6191771.284617897123098 ], [ 465566.715685138769913, 6191773.720316538587213 ], [ 465567.950121051631868, 6191774.06166410073638 ], [ 465577.992921851749998, 6191776.838752748444676 ], [ 465588.035722651926335, 6191779.615798952057958 ], [ 465598.078523452044465, 6191782.392845155671239 ], [ 465603.026091015199199, 6191783.760951920412481 ], [ 465608.121324252162594, 6191785.16989135928452 ], [ 465618.164125052338932, 6191786.904497609473765 ], [ 465623.437370792438742, 6191783.760951920412481 ], [ 465628.206925852457061, 6191781.691047957167029 ], [ 465638.249726652633399, 6191775.718107562512159 ], [ 465648.292527452751528, 6191774.929187421686947 ], [ 465658.335328252811451, 6191774.40474140457809 ], [ 465668.378129053045996, 6191773.880295389331877 ], [ 465678.420929853164125, 6191775.286394767463207 ], [ 465682.617631380388048, 6191773.720316538587213 ], [ 465688.463730653340463, 6191771.276027238927782 ], [ 465698.506531453458592, 6191768.269441531971097 ], [ 465708.54933225363493, 6191765.262873079627752 ], [ 465713.837607160268817, 6191763.679681156761944 ], [ 465718.592133053694852, 6191761.930070738308132 ], [ 465728.634933853871189, 6191758.83723808825016 ], [ 465738.677734654047526, 6191756.243128024041653 ], [ 465747.376096360851079, 6191753.639045774936676 ], [ 465748.720535454165656, 6191752.945654631592333 ], [ 465758.763336254341993, 6191748.638500358909369 ], [ 465768.806137054460123, 6191745.445461558178067 ], [ 465776.105617788736708, 6191743.59841039404273 ], [ 465778.848937854578253, 6191742.424746485427022 ], [ 465788.891738654812798, 6191738.128223500214517 ], [ 465798.934539454814512, 6191733.788416397757828 ], [ 465799.57470469159307, 6191733.557775012217462 ], [ 465808.977340255049057, 6191729.535128278657794 ], [ 465819.020141055167187, 6191725.238605292513967 ], [ 465823.043892034213059, 6191723.517139630392194 ], [ 465829.062941855285317, 6191720.942033058032393 ], [ 465839.105742655461654, 6191716.645510071888566 ], [ 465846.512971599237062, 6191713.476504247635603 ], [ 465849.148543455579784, 6191712.34893783647567 ], [ 465859.191344255756121, 6191708.172734534367919 ], [ 465869.234145055932458, 6191705.739363097585738 ], [ 465879.276945856050588, 6191704.511125174351037 ], [ 465889.31974665611051, 6191706.517843914218247 ], [ 465899.362547456286848, 6191710.363156044855714 ], [ 465908.452168470423203, 6191713.476504248566926 ], [ 465909.405348256463185, 6191713.803019662387669 ], [ 465909.607099953165743, 6191713.476504248566926 ], [ 465910.317566574551165, 6191703.435868865810335 ], [ 465909.405348256463185, 6191698.596932250075042 ], [ 465908.27144928794587, 6191693.395233484916389 ], [ 465905.684773928602226, 6191683.354598103091121 ], [ 465899.362547456286848, 6191674.414561483077705 ], [ 465898.330357212922536, 6191673.313962721265852 ], [ 465889.319746656168718, 6191665.611111343838274 ], [ 465886.119813069701195, 6191663.273327339440584 ], [ 465879.276945856050588, 6191658.542000893503428 ], [ 465871.503000838682055, 6191653.232691957615316 ], [ 465869.234145055874251, 6191651.683149703778327 ], [ 465859.191344255756121, 6191644.824271593242884 ], [ 465856.801438158319797, 6191643.19205657672137 ], [ 465849.148543455579784, 6191637.382249580696225 ], [ 465844.965091068879701, 6191633.151421194896102 ], [ 465839.105742655461654, 6191626.787131678313017 ], [ 465835.721077131747734, 6191623.110785813070834 ], [ 465829.062941855285317, 6191617.428331654518843 ], [ 465819.020141055167187, 6191614.968846927396953 ], [ 465815.129477429378312, 6191613.070150431245565 ], [ 465808.977340255049057, 6191609.238619180396199 ], [ 465802.434776336478535, 6191603.02951505035162 ], [ 465798.93453945487272, 6191599.70766999386251 ], [ 465791.854932396963704, 6191592.988879667595029 ], [ 465788.891738654812798, 6191590.176713255234063 ], [ 465778.848937854578253, 6191583.30639121402055 ], [ 465777.527588108321652, 6191582.948244285769761 ], [ 465768.806137054460123, 6191580.736459666863084 ], [ 465758.763336254283786, 6191574.821126785129309 ], [ 465756.471033279725816, 6191572.907608903944492 ], [ 465748.720535454165656, 6191566.437820077873766 ], [ 465744.442831930180546, 6191562.866973523050547 ], [ 465738.677734654047526, 6191558.054521285928786 ], [ 465732.414610799634829, 6191552.826338141225278 ], [ 465728.634933853871189, 6191549.671223176643252 ], [ 465720.386409450147767, 6191542.78570275940001 ], [ 465718.592133053811267, 6191541.287916470319033 ], [ 465708.54933225363493, 6191538.681578272953629 ], [ 465704.720248061988968, 6191532.745067377574742 ], [ 465698.506531453458592, 6191523.111500731669366 ], [ 465698.243969325150829, 6191522.704431995749474 ], [ 465691.767700875934679, 6191512.663796614855528 ], [ 465688.463730653340463, 6191507.541408532299101 ], [ 465685.291383681178559, 6191502.623161232098937 ], [ 465678.814876530668698, 6191492.582525850273669 ], [ 465678.420929853164125, 6191491.971792781725526 ], [ 465672.338274634210393, 6191482.541890469379723 ], [ 465668.378129053045996, 6191476.402501562610269 ], [ 465665.861672737752087, 6191472.501255087554455 ], [ 465659.385070841235574, 6191462.460619705729187 ], [ 465658.335328252869658, 6191460.725124390795827 ], [ 465653.491830947459675, 6191452.419984323903918 ], [ 465648.292527452751528, 6191443.402875957079232 ], [ 465647.766977624793071, 6191442.37934894207865 ], [ 465645.174725012970157, 6191432.338713560253382 ], [ 465642.791828779969364, 6191422.298078177496791 ], [ 465640.406307529192418, 6191412.25744279846549 ], [ 465638.249726652633399, 6191404.398649103939533 ], [ 465637.644583337416407, 6191402.216807415708899 ], [ 465634.153785077098291, 6191392.176172033883631 ], [ 465633.651872994552832, 6191382.135536652058363 ], [ 465633.149965252494439, 6191372.094901270233095 ], [ 465632.64805764798075, 6191362.054265888407826 ], [ 465632.146145565377083, 6191352.013630506582558 ], [ 465631.644233482889831, 6191341.97299512475729 ], [ 465628.771824871771969, 6191331.932359743863344 ], [ 465628.206925852398854, 6191330.846511147916317 ], [ 465622.408751049777493, 6191321.891724361106753 ], [ 465618.164125052338932, 6191314.837840097956359 ], [ 465616.433577173040248, 6191311.851088980212808 ], [ 465610.615965497796424, 6191301.810453598387539 ], [ 465608.121324252220802, 6191297.504954388365149 ], [ 465604.798339729546569, 6191291.769818216562271 ], [ 465598.980728054302745, 6191281.729182835668325 ], [ 465598.078523452044465, 6191279.045705419033766 ], [ 465595.961643796879798, 6191271.688547452911735 ], [ 465595.02169321430847, 6191261.647912071086466 ], [ 465594.081733113096561, 6191251.607276690192521 ], [ 465593.141778940684162, 6191241.566641308367252 ], [ 465594.441017870558426, 6191231.526005926541984 ], [ 465595.824109455570579, 6191221.485370544716716 ], [ 465596.217721396358684, 6191211.444735162891448 ], [ 465598.078523451986257, 6191203.449635247699916 ], [ 465598.58398411370581, 6191201.404099781066179 ], [ 465601.701074083102867, 6191191.363464399240911 ], [ 465604.818160588620231, 6191181.322829017415643 ], [ 465607.935242839215789, 6191171.282193636521697 ], [ 465608.121324252162594, 6191170.682793967425823 ], [ 465611.052324629039504, 6191161.241558254696429 ], [ 465614.125988351297565, 6191151.200922872871161 ], [ 465614.372242638317402, 6191141.160287491045892 ], [ 465610.464842209592462, 6191131.119652109220624 ], [ 465608.121324252162594, 6191128.228742837905884 ], [ 465602.325392953585833, 6191121.079016728326678 ], [ 465598.078523452044465, 6191115.840177238918841 ], [ 465594.185943697637413, 6191111.038381345570087 ], [ 465588.035722651926335, 6191103.451611639931798 ], [ 465586.046494441688992, 6191100.997745963744819 ], [ 465577.992921851749998, 6191091.063046040944755 ], [ 465577.907045185682364, 6191090.957110582850873 ], [ 465569.767595929733943, 6191080.916475201025605 ], [ 465567.950121051631868, 6191078.512158310972154 ], [ 465564.121879326354247, 6191070.875839819200337 ], [ 465561.803510710655246, 6191060.835204437375069 ], [ 465559.485139692493249, 6191050.794569054618478 ], [ 465557.907320251455531, 6191043.961169905029237 ], [ 465557.166776026890147, 6191040.753933673724532 ], [ 465554.848410780075938, 6191030.713298290967941 ], [ 465552.530035602394491, 6191020.672662910073996 ], [ 465550.940999790211208, 6191010.63202752918005 ], [ 465551.167642860091291, 6191000.591392147354782 ], [ 465551.394289604038931, 6190990.550756765529513 ], [ 465551.620933158439584, 6190980.510121383704245 ], [ 465551.847579417866655, 6190970.469486001878977 ], [ 465552.074223456904292, 6190960.428850620985031 ], [ 465552.300873974629212, 6190950.38821523822844 ], [ 465552.451000723638572, 6190940.347579857334495 ], [ 465553.608759303286206, 6190930.306944475509226 ], [ 465556.612249205936678, 6190920.266309093683958 ], [ 465557.907320251455531, 6190915.936907598748803 ], [ 465559.615744302689563, 6190910.22567371185869 ], [ 465558.298878662986681, 6190900.185038330033422 ], [ 465557.907320251455531, 6190898.428497742861509 ], [ 465556.008049490454141, 6190890.144402948208153 ], [ 465552.369734830805101, 6190880.103767566382885 ], [ 465548.731421001488343, 6190870.063132184557617 ], [ 465547.864519451337401, 6190867.670751411467791 ], [ 465544.701184379402548, 6190860.022496803663671 ], [ 465537.821718651161063, 6190851.906807651743293 ], [ 465536.040782239288092, 6190849.981861421838403 ], [ 465527.778917851042934, 6190841.051927371881902 ], [ 465526.935175348015036, 6190839.941226040013134 ], [ 465521.868945835507475, 6190829.900590658187866 ], [ 465517.736117050866596, 6190825.176134996116161 ], [ 465512.375806758122053, 6190819.859955276362598 ], [ 465507.693316250806674, 6190815.216019874438643 ], [ 465502.251817332697101, 6190809.81931989453733 ], [ 465497.650515450630337, 6190805.272336509078741 ], [ 465491.465690674260259, 6190799.778684511780739 ], [ 465487.607714650454, 6190796.721402480266988 ], [ 465478.795439730281942, 6190789.738049130886793 ], [ 465477.56491385033587, 6190788.762909669429064 ], [ 465467.52211305021774, 6190780.804416859522462 ], [ 465466.365775187266991, 6190779.697413749992847 ], [ 465457.723222036380321, 6190769.656778368167579 ], [ 465457.479312249983195, 6190769.380074428394437 ], [ 465447.436511449923273, 6190760.004173004068434 ], [ 465446.972593375772703, 6190759.616142986342311 ], [ 465437.393710649746936, 6190751.604187780059874 ], [ 465434.780289606598672, 6190749.575507604517043 ], [ 465427.350909849628806, 6190744.7554433029145 ], [ 465417.308109049510676, 6190740.371553990058601 ], [ 465415.321160589926876, 6190739.534872222691774 ], [ 465407.265308249334339, 6190736.175830041989684 ], [ 465397.222507449216209, 6190731.988289834931493 ], [ 465391.241128858353477, 6190729.494236840866506 ], [ 465387.179706649039872, 6190727.800747277215123 ], [ 465377.136905848921742, 6190723.613204719498754 ], [ 465368.282299209968187, 6190719.453601459041238 ], [ 465367.094105048803613, 6190718.755632040090859 ], [ 465360.467765679233707, 6190709.41296607721597 ], [ 465357.051304248627275, 6190706.751347918994725 ], [ 465347.008503448509146, 6190704.485676900483668 ], [ 465341.339388580294326, 6190699.372330697253346 ], [ 465336.965702648332808, 6190695.378613689914346 ], [ 465326.977527351176832, 6190689.331695314496756 ], [ 465326.922901848214678, 6190689.302627723664045 ], [ 465316.880101048038341, 6190684.282467948272824 ], [ 465306.89481800532667, 6190679.291059932671487 ], [ 465306.837300247920211, 6190679.262308146804571 ], [ 465296.794499447802082, 6190674.24214837141335 ], [ 465286.808584639278706, 6190669.250424550846219 ], [ 465286.751698647567537, 6190669.221988569013774 ], [ 465276.708897847507615, 6190661.819232079200447 ], [ 465273.350102445343509, 6190659.209789169020951 ], [ 465266.666097047331277, 6190654.413615037687123 ], [ 465259.100964620767627, 6190649.169153787195683 ], [ 465256.623296247213148, 6190647.451531304046512 ], [ 465246.580495447095018, 6190640.489445241168141 ], [ 465244.271840209956281, 6190639.128518405370414 ], [ 465236.537694646918681, 6190634.571354552172124 ], [ 465227.054758352926001, 6190629.087883025407791 ], [ 465226.494893846800551, 6190628.712235613726079 ], [ 465217.715802079357672, 6190619.0472476426512 ], [ 465216.452093046624213, 6190615.5387003403157 ], [ 465214.483266882947646, 6190609.006612260825932 ], [ 465212.359894726774655, 6190598.965976879000664 ], [ 465210.236520137754269, 6190588.925341497175395 ], [ 465208.113147150550503, 6190578.88470611628145 ], [ 465206.409292246506084, 6190570.82781458646059 ], [ 465205.989774163230322, 6190568.844070733524859 ], [ 465203.866398240439594, 6190558.803435351699591 ], [ 465201.743026084266603, 6190548.762799970805645 ], [ 465202.295268977584783, 6190538.722164588980377 ], [ 465206.409292246447876, 6190533.476399951614439 ], [ 465216.452093046624213, 6190533.444940326735377 ], [ 465226.494893846800551, 6190533.413471566513181 ], [ 465236.537694646976888, 6190533.382007665932178 ], [ 465246.580495447153226, 6190533.350543182343245 ], [ 465256.623296247213148, 6190534.503684879280627 ], [ 465258.195654315233696, 6190538.722164588980377 ], [ 465261.081161361886188, 6190548.762799970805645 ], [ 465263.966667928732932, 6190558.803435350768268 ], [ 465266.666097047331277, 6190568.196573285385966 ], [ 465266.870966303977184, 6190568.844070733524859 ], [ 465269.737681542290375, 6190578.884706115350127 ], [ 465273.472645647125319, 6190588.925341497175395 ], [ 465276.708897847449407, 6190592.278640188276768 ], [ 465286.751698647625744, 6190598.256453605368733 ], [ 465288.643189235008322, 6190598.965976879000664 ], [ 465296.794499447802082, 6190602.02364004496485 ], [ 465306.837300247862004, 6190605.790829876437783 ], [ 465315.410129833850078, 6190609.006612260825932 ], [ 465316.880101048038341, 6190609.577334604226053 ], [ 465326.922901848214678, 6190614.307386834174395 ], [ 465335.6034636827535, 6190619.0472476426512 ], [ 465336.965702648332808, 6190619.885099520906806 ], [ 465341.187442094786093, 6190619.0472476426512 ], [ 465347.008503448509146, 6190617.140281264670193 ], [ 465357.051304248627275, 6190613.850282704457641 ], [ 465367.094105048745405, 6190610.560294891707599 ], [ 465371.83676515717525, 6190609.006612260825932 ], [ 465377.136905848921742, 6190607.270298299379647 ], [ 465387.179706649039872, 6190603.980299739167094 ], [ 465397.222507449216209, 6190600.690301179885864 ], [ 465402.486049408675171, 6190598.965976879000664 ], [ 465407.265308249334339, 6190597.400302619673312 ], [ 465417.308109049452469, 6190594.902591038495302 ], [ 465427.350909849628806, 6190597.807604979723692 ], [ 465430.533433479489759, 6190598.965976879000664 ], [ 465437.393710649805143, 6190601.462973985821009 ], [ 465447.436511449923273, 6190605.118325628340244 ], [ 465457.479312250041403, 6190608.702013409696519 ], [ 465458.11923572345404, 6190609.006612260825932 ], [ 465467.52211305021774, 6190612.429052196443081 ], [ 465477.56491385033587, 6190613.929682018235326 ], [ 465485.705070555442944, 6190619.0472476426512 ], [ 465487.607714650454, 6190619.956406098790467 ], [ 465490.46255548769841, 6190619.0472476426512 ], [ 465487.937813227821607, 6190609.006612260825932 ], [ 465487.607714650454, 6190608.03889574855566 ], [ 465484.512106633745134, 6190598.965976879000664 ], [ 465481.086299339192919, 6190588.925341497175395 ], [ 465477.660535591130611, 6190578.884706115350127 ], [ 465477.564913850394078, 6190578.604446557350457 ], [ 465474.234750968869776, 6190568.844070733524859 ], [ 465470.80894514452666, 6190558.803435351699591 ], [ 465467.52211305021774, 6190549.169997367076576 ], [ 465467.383241459494457, 6190548.762799970805645 ], [ 465463.965971894212998, 6190538.722164588980377 ], [ 465460.55105978687061, 6190528.681529207155108 ], [ 465457.479312250041403, 6190519.650043805129826 ], [ 465457.136084771249443, 6190518.64089382532984 ], [ 465453.755968033219688, 6190508.600258443504572 ], [ 465450.629568884265609, 6190498.559623061679304 ], [ 465447.560141434310935, 6190488.518987679854035 ], [ 465447.436511449923273, 6190488.114580785855651 ], [ 465444.490649760933593, 6190478.478352298028767 ], [ 465441.421222310862504, 6190468.437716918066144 ], [ 465438.351736763957888, 6190458.397081535309553 ], [ 465437.393710649746936, 6190455.263230176642537 ], [ 465435.183786290639546, 6190448.356446153484285 ], [ 465430.783017940586433, 6190438.315810771659017 ], [ 465427.350909849628806, 6190431.924392580986023 ], [ 465425.2090791183291, 6190428.275175390765071 ], [ 465418.424782879184932, 6190418.23454000800848 ], [ 465417.308109049510676, 6190416.7709133727476 ], [ 465410.484139908687212, 6190408.193904626183212 ], [ 465407.265308249334339, 6190402.986115203239024 ], [ 465403.633621836779639, 6190398.153269244357944 ], [ 465401.416564129584003, 6190388.112633863463998 ], [ 465399.613823658321053, 6190378.071998482570052 ], [ 465397.811075575766154, 6190368.031363099813461 ], [ 465397.222507449216209, 6190364.753201615996659 ], [ 465396.008342715678737, 6190357.990727717988193 ], [ 465394.205602244299371, 6190347.950092336162925 ], [ 465394.28514532931149, 6190337.909456954337656 ], [ 465387.179706649039872, 6190334.985818035900593 ], [ 465377.136905848921742, 6190332.34256829880178 ], [ 465367.094105048745405, 6190332.779405755922198 ], [ 465357.051304248627275, 6190332.476239711046219 ], [ 465347.008503448509146, 6190328.342054842971265 ], [ 465346.531996846257243, 6190327.868821572512388 ], [ 465337.812711777922232, 6190317.82818619068712 ], [ 465336.965702648274601, 6190316.639021910727024 ], [ 465330.83699702139711, 6190307.787550810724497 ], [ 465326.922901848214678, 6190302.134562654420733 ], [ 465323.884921162156388, 6190297.746915427967906 ], [ 465316.932845380390063, 6190287.706280046142638 ], [ 465316.880101048096549, 6190287.629504810087383 ], [ 465309.99782738450449, 6190277.665644665248692 ], [ 465309.21602321905084, 6190267.625009282492101 ], [ 465310.140625266532879, 6190257.584373900666833 ], [ 465312.615376915200613, 6190247.543738518841565 ], [ 465315.090134035912342, 6190237.503103137947619 ], [ 465316.880101048038341, 6190230.240763418376446 ], [ 465317.668531505856663, 6190227.462467756122351 ], [ 465322.47192876477493, 6190217.421832374297082 ], [ 465326.922901848214678, 6190212.529274811968207 ], [ 465331.912369953584857, 6190207.381196992471814 ], [ 465333.194033630774356, 6190197.340561610646546 ], [ 465334.475712892075535, 6190187.299926228821278 ], [ 465335.757388379308395, 6190177.259290846996009 ], [ 465336.965702648332808, 6190167.793192422017455 ], [ 465337.059435829985887, 6190167.218655465170741 ], [ 465340.216014763631392, 6190157.178020084276795 ], [ 465347.008503448509146, 6190147.996775626204908 ], [ 465347.544060336949769, 6190147.137384702451527 ], [ 465347.008503448509146, 6190145.648173002526164 ], [ 465343.973010556539521, 6190137.096749320626259 ], [ 465340.477139670576435, 6190127.056113939732313 ], [ 465337.013215635553934, 6190117.015478557907045 ], [ 465336.965702648332808, 6190116.877722910605371 ], [ 465333.561100380728021, 6190106.974843175150454 ], [ 465330.148428864311427, 6190096.934207793325186 ], [ 465326.922901848214678, 6190087.489703900180757 ], [ 465326.717185147979762, 6190086.893572411499918 ], [ 465320.863990644691512, 6190076.852937030605972 ], [ 465316.880101048038341, 6190072.064227622002363 ], [ 465313.698361196380574, 6190066.812301648780704 ], [ 465310.214645003899932, 6190056.771666266955435 ], [ 465306.837300247920211, 6190048.326731341890991 ], [ 465306.201561199151911, 6190046.731030885130167 ], [ 465300.984614644723479, 6190036.690395502373576 ], [ 465296.794499447802082, 6190028.625904355198145 ], [ 465295.767742541560438, 6190026.64976012147963 ], [ 465290.550795987132005, 6190016.609124739654362 ], [ 465286.751698647625744, 6190009.297309146262705 ], [ 465285.333859943784773, 6190006.568489357829094 ], [ 465280.11697732959874, 6189996.527853976935148 ], [ 465276.708897847507615, 6189989.252736050635576 ], [ 465275.575811484246515, 6189986.48721859510988 ], [ 465271.843307293718681, 6189976.446583213284612 ], [ 465267.796353361394722, 6189966.405947831459343 ], [ 465266.666097047331277, 6189964.199907267466187 ], [ 465262.652072824887, 6189956.365312449634075 ], [ 465257.50779228832107, 6189946.324677068740129 ], [ 465256.62329624715494, 6189944.598312770947814 ], [ 465246.580495447095018, 6189937.531536957249045 ], [ 465236.537694646918681, 6189939.916757827624679 ], [ 465226.494893846800551, 6189942.360534221865237 ], [ 465216.452093046624213, 6189944.804324861615896 ], [ 465210.204074028413743, 6189946.324677067808807 ], [ 465206.409292246506084, 6189947.272714821621776 ], [ 465196.366491446329746, 6189949.841800322756171 ], [ 465186.323690646211617, 6189952.814753459766507 ], [ 465177.820382721838541, 6189956.365312449634075 ], [ 465176.280889846093487, 6189957.314475661143661 ], [ 465166.23808904591715, 6189963.642844913527369 ], [ 465160.945509918150492, 6189966.405947831459343 ], [ 465156.19528824579902, 6189968.133659992367029 ], [ 465146.152487445622683, 6189971.57753611728549 ], [ 465136.109686645504553, 6189971.554863328114152 ], [ 465126.066885845386423, 6189969.461665667593479 ], [ 465116.024085045210086, 6189970.863216556608677 ], [ 465105.981284245091956, 6189971.902312425896525 ], [ 465095.938483444857411, 6189972.941408297047019 ], [ 465085.895682644797489, 6189973.98050416726619 ], [ 465075.852881844621152, 6189974.761014224030077 ], [ 465065.810081044503022, 6189975.458832108415663 ], [ 465055.767280244384892, 6189976.156649994663894 ], [ 465054.232632450468373, 6189976.446583213284612 ], [ 465045.724479444208555, 6189977.882438513450325 ], [ 465035.681678644090425, 6189980.96190756931901 ], [ 465025.638877843914088, 6189984.145062766037881 ], [ 465019.509008911671117, 6189986.48721859510988 ], [ 465015.596077043795958, 6189987.984055997803807 ], [ 465005.553276243736036, 6189991.675357842817903 ], [ 464995.510475443501491, 6189995.222798556089401 ], [ 464992.897329808911309, 6189996.527853976935148 ], [ 464985.467674643441569, 6190006.446858506649733 ], [ 464985.402364151377697, 6190006.568489356897771 ], [ 464975.424873843207024, 6190014.91877637244761 ], [ 464973.504544102819636, 6190016.609124739654362 ], [ 464965.382073043088894, 6190022.691085264086723 ], [ 464955.412601468677167, 6190026.64976012147963 ], [ 464955.339272242970765, 6190026.67887747939676 ], [ 464945.296471442794427, 6190029.856185763143003 ], [ 464935.25367064261809, 6190032.790515447966754 ], [ 464925.210869842441753, 6190035.724824538454413 ], [ 464921.906161118065938, 6190036.690395503304899 ], [ 464915.168069042381831, 6190038.659133629873395 ], [ 464905.125268242205493, 6190041.593442721292377 ], [ 464895.082467442029156, 6190044.527751811780035 ], [ 464887.541648749785963, 6190046.731030885130167 ], [ 464885.039666641969234, 6190047.462060903199017 ], [ 464874.996865841792896, 6190050.721714064478874 ], [ 464864.954065041674767, 6190054.083791486918926 ], [ 464857.730910187936388, 6190056.771666266955435 ], [ 464854.911264241498429, 6190057.99342214781791 ], [ 464844.8684634413803, 6190063.218042496591806 ], [ 464836.404571907769423, 6190066.812301648780704 ], [ 464834.82566264126217, 6190067.409042702056468 ], [ 464824.78286184114404, 6190071.127843601629138 ], [ 464814.740061040967703, 6190074.794787969440222 ], [ 464809.15565487544518, 6190076.852937030605972 ], [ 464804.697260240791366, 6190078.483564164489508 ], [ 464794.654459440673236, 6190082.152261332608759 ], [ 464786.786908620619215, 6190086.893572411499918 ], [ 464784.611658640496898, 6190088.511590109206736 ], [ 464774.568857840378769, 6190090.437335556373 ], [ 464772.186799000715837, 6190086.893572411499918 ], [ 464764.526057040260639, 6190077.177861125208437 ], [ 464754.483256240084302, 6190076.974332561716437 ], [ 464744.440455439966172, 6190081.16322160884738 ], [ 464735.168832562514581, 6190086.893572411499918 ], [ 464734.397654639789835, 6190087.383145358413458 ], [ 464724.354853839613497, 6190093.759682075120509 ], [ 464719.381636700942181, 6190096.934207793325186 ], [ 464714.312053039553575, 6190102.66439220122993 ], [ 464710.632313455862459, 6190106.974843176081777 ], [ 464704.269252239377238, 6190114.428540044464171 ], [ 464702.060862405400258, 6190117.015478556975722 ], [ 464694.2264514392009, 6190123.139997836202383 ], [ 464684.983238623128273, 6190127.056113938800991 ], [ 464684.183650639082771, 6190127.316029906272888 ], [ 464674.140849838964641, 6190130.718997873365879 ], [ 464664.098049038846511, 6190134.546093008480966 ], [ 464657.414201569277793, 6190137.096749320626259 ], [ 464654.055248238670174, 6190138.378567492589355 ], [ 464644.012447438552044, 6190142.210991034284234 ], [ 464633.969646638375707, 6190145.910858059301972 ], [ 464630.388166893739253, 6190147.137384702451527 ], [ 464623.926845838257577, 6190149.365905189886689 ], [ 464613.88404503808124, 6190152.107721783220768 ], [ 464603.84124423796311, 6190154.801719916984439 ], [ 464594.982656593841966, 6190157.178020084276795 ], [ 464593.798443437844981, 6190157.561320618726313 ], [ 464586.708679751784075, 6190167.218655465170741 ], [ 464589.278404372860678, 6190177.259290846996009 ], [ 464591.866370093892328, 6190187.299926228821278 ], [ 464593.798443437844981, 6190194.858053563162684 ], [ 464594.43604697479168, 6190197.340561610646546 ], [ 464596.738908088416792, 6190207.381196992471814 ], [ 464593.798443437844981, 6190210.974704204127192 ], [ 464586.896055810968392, 6190217.421832375228405 ], [ 464583.755642637668643, 6190219.949888054281473 ], [ 464575.789962223614566, 6190227.462467756122351 ], [ 464573.712841837550513, 6190229.421451495960355 ], [ 464565.143825651262887, 6190237.503103137016296 ], [ 464563.670041037374176, 6190238.893065950833261 ], [ 464554.497689078969415, 6190247.543738518841565 ], [ 464553.627240237197839, 6190248.364680404774845 ], [ 464543.851552506675944, 6190257.584373900666833 ], [ 464543.584439437137917, 6190257.836294859647751 ], [ 464533.541638636961579, 6190267.307909314520657 ], [ 464533.205415934324265, 6190267.625009282492101 ], [ 464523.49883783684345, 6190276.779523769393563 ], [ 464522.559279361972585, 6190277.665644664317369 ], [ 464513.456037036667112, 6190286.251138225197792 ], [ 464511.913142789620906, 6190287.706280046142638 ], [ 464503.413236236548983, 6190295.722698245197535 ], [ 464502.035851419088431, 6190297.746915427967906 ], [ 464495.686805818928406, 6190307.787550809793174 ], [ 464493.370435436430853, 6190311.030649934895337 ], [ 464486.584406252601184, 6190317.82818619068712 ], [ 464483.327634636254515, 6190320.61473651137203 ], [ 464473.342477142286953, 6190327.868821572512388 ], [ 464473.284833836136386, 6190327.909975292161107 ], [ 464463.242033035960048, 6190335.079907782375813 ], [ 464459.27873230149271, 6190337.909456953406334 ], [ 464453.199232235841919, 6190342.249840270727873 ], [ 464445.214987460756674, 6190347.950092336162925 ], [ 464443.156431435665581, 6190350.007056235335767 ], [ 464438.091725623118691, 6190357.990727717988193 ], [ 464433.113630635547452, 6190365.924814226105809 ], [ 464431.763764299917966, 6190368.031363099813461 ], [ 464425.329773682169616, 6190378.07199848163873 ], [ 464423.07082983548753, 6190381.597218343056738 ], [ 464418.895783064363059, 6190388.112633863463998 ], [ 464413.028029035252985, 6190397.269622459076345 ], [ 464412.461792446556501, 6190398.153269244357944 ], [ 464406.027801828808151, 6190408.193904626183212 ], [ 464402.985228235134855, 6190412.942026576027274 ], [ 464399.593811210943386, 6190418.23454000800848 ], [ 464393.159821600420401, 6190428.275175389833748 ], [ 464392.942427434958518, 6190429.617912065237761 ], [ 464390.656288421538193, 6190438.315810771659017 ], [ 464392.942427434958518, 6190441.754652258940041 ], [ 464396.909835652040783, 6190448.356446153484285 ], [ 464396.393583021359518, 6190458.397081535309553 ], [ 464392.942427434958518, 6190463.718072436749935 ], [ 464389.959211382316425, 6190468.437716917134821 ], [ 464383.5670535552199, 6190478.478352298028767 ], [ 464382.899626634840388, 6190479.521101375110447 ], [ 464377.4193608565256, 6190488.518987679854035 ], [ 464372.856825834722258, 6190496.010078996419907 ], [ 464371.303996801667381, 6190498.559623061679304 ], [ 464365.213650089339353, 6190508.600258443504572 ], [ 464362.814025034545921, 6190513.114351602271199 ], [ 464361.658770144917071, 6190518.64089382532984 ], [ 464359.55990024539642, 6190528.681529207155108 ], [ 464357.461030345759355, 6190538.722164588980377 ], [ 464355.362160446180496, 6190548.762799970805645 ], [ 464353.263290546601638, 6190558.803435351699591 ], [ 464352.771224234427791, 6190561.157396607100964 ], [ 464351.16442064702278, 6190568.844070733524859 ], [ 464349.065550747443922, 6190578.884706115350127 ], [ 464346.966680847865064, 6190588.925341497175395 ], [ 464344.867810948286206, 6190598.965976879000664 ], [ 464342.76894104864914, 6190609.006612260825932 ], [ 464342.728423434251454, 6190609.200441612862051 ], [ 464340.670071149128489, 6190619.047247641719878 ], [ 464338.571201249549631, 6190629.087883024476469 ], [ 464336.472331349970773, 6190639.128518405370414 ], [ 464334.373461450333707, 6190649.169153787195683 ], [ 464332.685622634133324, 6190658.004017948172987 ], [ 464332.282900814665481, 6190659.209789169020951 ], [ 464322.642821833956987, 6190664.208582513034344 ], [ 464312.600021033838857, 6190667.913696439936757 ], [ 464308.976771345012821, 6190669.250424550846219 ], [ 464302.557220233720727, 6190671.618786473758519 ], [ 464292.51441943354439, 6190675.323872171342373 ], [ 464282.47161863342626, 6190679.028989584185183 ], [ 464281.76126751297852, 6190679.291059932671487 ], [ 464272.428817833249923, 6190685.839580450206995 ], [ 464266.312714831496123, 6190689.331695314496756 ], [ 464272.428817833249923, 6190695.495143273845315 ], [ 464275.227457841276191, 6190699.372330697253346 ], [ 464282.47161863342626, 6190709.228742115199566 ], [ 464282.600956135836896, 6190709.41296607721597 ], [ 464289.650226875441149, 6190719.453601459041238 ], [ 464292.51441943354439, 6190723.533216812647879 ], [ 464296.699466206249781, 6190729.494236840866506 ], [ 464302.557220233720727, 6190737.837796895764768 ], [ 464303.748692983353976, 6190739.534872222691774 ], [ 464310.797901876387186, 6190749.575507605448365 ], [ 464312.600021033838857, 6190752.142376978881657 ], [ 464317.84715909109218, 6190759.616142986342311 ], [ 464322.642821833956987, 6190766.446849707514048 ], [ 464324.896412917471025, 6190769.656778369098902 ], [ 464331.9456251989468, 6190779.697413749061525 ], [ 464332.685622634133324, 6190780.751429789699614 ], [ 464338.994848587666638, 6190789.738049130886793 ], [ 464342.728423434251454, 6190795.391748723573983 ], [ 464345.115845641063061, 6190799.778684512712061 ], [ 464349.983005361864343, 6190809.81931989453733 ], [ 464352.771224234427791, 6190815.887249796651304 ], [ 464354.596685729920864, 6190819.859955276362598 ], [ 464359.210327592096291, 6190829.900590658187866 ], [ 464362.814025034545921, 6190837.743272755295038 ], [ 464363.823986410046928, 6190839.941226040013134 ], [ 464368.437666778103448, 6190849.981861421838403 ], [ 464372.856825834722258, 6190859.599165014922619 ], [ 464373.051347146218177, 6190860.022496803663671 ], [ 464377.664998761378229, 6190870.063132184557617 ], [ 464382.278651539760176, 6190880.103767566382885 ], [ 464382.899626634840388, 6190881.455187972635031 ], [ 464386.892328194342554, 6190890.144402948208153 ], [ 464391.345001022447832, 6190900.185038330033422 ], [ 464392.942427434958518, 6190904.794739095494151 ], [ 464394.824440789991058, 6190910.22567371185869 ], [ 464398.303848666604608, 6190920.266309093683958 ], [ 464401.783267737715505, 6190930.306944475509226 ], [ 464402.985228235134855, 6190933.775468057021499 ], [ 464405.262700355786365, 6190940.347579857334495 ], [ 464408.612331747601274, 6190950.38821523822844 ], [ 464411.897587895509787, 6190960.428850620053709 ], [ 464413.028029035252985, 6190963.883849187754095 ], [ 464415.231223702256102, 6190970.469486001878977 ], [ 464423.070829835429322, 6190979.961197049356997 ], [ 464424.130192153854296, 6190980.510121383704245 ], [ 464433.113630635547452, 6190986.807913751341403 ], [ 464437.767293513054028, 6190990.550756765529513 ], [ 464443.156431435665581, 6190995.239971604198217 ], [ 464449.194986354617868, 6191000.591392147354782 ], [ 464453.199232235841919, 6191007.109050291590393 ], [ 464454.27592011122033, 6191010.63202752918005 ], [ 464457.344587704399601, 6191020.672662911005318 ], [ 464460.413194069929887, 6191030.713298291899264 ], [ 464463.242033035960048, 6191039.969217920675874 ], [ 464463.481860200932715, 6191040.753933673724532 ], [ 464466.550468028639443, 6191050.7945690555498 ], [ 464469.581007789005525, 6191060.835204437375069 ], [ 464472.473475065722596, 6191070.87583982013166 ], [ 464473.284833836136386, 6191073.857846624217927 ], [ 464475.236583785736002, 6191080.916475201025605 ], [ 464476.999781509046443, 6191090.957110582850873 ], [ 464478.590532437083311, 6191100.997745963744819 ], [ 464480.181236676522531, 6191111.038381345570087 ], [ 464481.771976835210808, 6191121.079016727395356 ], [ 464483.327634636254515, 6191130.898214836604893 ], [ 464483.362717231444549, 6191131.119652109220624 ], [ 464484.953468159365002, 6191141.160287491045892 ], [ 464488.068858815706335, 6191151.200922872871161 ], [ 464491.235095702519175, 6191161.241558254696429 ], [ 464493.370435436372645, 6191168.013198511675 ], [ 464494.40127302572364, 6191171.282193636521697 ], [ 464497.816031894006301, 6191181.322829017415643 ], [ 464501.313379666185938, 6191191.363464399240911 ], [ 464503.413236236548983, 6191197.392002466134727 ], [ 464504.810727438365575, 6191201.404099781066179 ], [ 464508.308140431530774, 6191211.444735162891448 ], [ 464511.805488203768618, 6191221.485370544716716 ], [ 464513.456037036667112, 6191226.223978224210441 ], [ 464515.302835975890048, 6191231.526005926541984 ], [ 464518.801499713445082, 6191241.566641308367252 ], [ 464522.329906126833521, 6191251.607276691123843 ], [ 464523.49883783684345, 6191254.016918192617595 ], [ 464526.810977248824202, 6191261.647912071086466 ], [ 464533.541638636961579, 6191268.951917937025428 ], [ 464543.584439437137917, 6191270.080869765952229 ], [ 464553.627240237256046, 6191267.638179698958993 ], [ 464563.670041037374176, 6191264.797485904768109 ], [ 464573.712841837550513, 6191270.278951254673302 ], [ 464574.850873176648747, 6191271.688547452911735 ], [ 464582.957136333920062, 6191281.729182834737003 ], [ 464583.755642637668643, 6191282.122128359042108 ], [ 464593.798443437844981, 6191285.680761216208339 ], [ 464603.84124423796311, 6191287.026883428916335 ], [ 464613.884045038139448, 6191288.023002247326076 ], [ 464623.926845838257577, 6191289.01913770660758 ], [ 464633.969646638375707, 6191290.015256524085999 ], [ 464644.012447438552044, 6191291.011391984298825 ], [ 464651.658848087827209, 6191291.769818216562271 ], [ 464654.055248238670174, 6191292.007510801777244 ], [ 464664.098049038846511, 6191293.003646261058748 ], [ 464670.522036322858185, 6191301.810453598387539 ], [ 464674.140849838964641, 6191308.494815662503242 ], [ 464675.425777719297912, 6191311.851088980212808 ], [ 464679.269775277236477, 6191321.891724362038076 ], [ 464683.113773018994834, 6191331.932359743863344 ], [ 464684.183650639024563, 6191334.726914802566171 ], [ 464686.95776400557952, 6191341.97299512475729 ], [ 464690.801759734575171, 6191352.013630507513881 ], [ 464694.226451439259108, 6191359.413714540190995 ], [ 464696.295939965173602, 6191362.054265888407826 ], [ 464704.269252239377238, 6191366.131301376968622 ], [ 464714.312053039553575, 6191368.131352874450386 ], [ 464724.354853839613497, 6191369.613731133751571 ], [ 464734.397654639789835, 6191371.096115507185459 ], [ 464741.164213456795551, 6191372.094901269301772 ], [ 464744.440455439966172, 6191372.578494440764189 ], [ 464754.483256240142509, 6191374.310816444456577 ], [ 464764.526057040260639, 6191377.42611494846642 ], [ 464772.378307054168545, 6191382.135536652058363 ], [ 464774.568857840378769, 6191385.760573601350188 ], [ 464778.445699479198083, 6191392.176172033883631 ], [ 464784.513092075998429, 6191402.216807415708899 ], [ 464784.611658640496898, 6191402.37992028798908 ], [ 464790.580491427564994, 6191412.257442797534168 ], [ 464794.654459440615028, 6191418.999267914332449 ], [ 464797.672314339259174, 6191422.298078178428113 ], [ 464804.697260240791366, 6191431.047255801036954 ], [ 464805.937782794062514, 6191432.338713560253382 ], [ 464814.740061040967703, 6191441.502408740110695 ], [ 464815.582414644770324, 6191442.37934894207865 ], [ 464824.782861841027625, 6191451.957561681047082 ], [ 464825.227046495361719, 6191452.419984323903918 ], [ 464834.82566264126217, 6191462.412714620120823 ], [ 464834.871678346011322, 6191462.460619705729187 ], [ 464844.516278505441733, 6191472.501255088485777 ], [ 464844.8684634413803, 6191472.867900553159416 ], [ 464854.16091035597492, 6191482.541890469379723 ], [ 464854.911264241498429, 6191483.323053492233157 ], [ 464863.80554220668273, 6191492.582525850273669 ], [ 464864.954065041674767, 6191493.778206430375576 ], [ 464873.450174057274126, 6191502.62316123303026 ], [ 464873.96810445736628, 6191512.663796612992883 ], [ 464871.409173623716924, 6191522.704431995749474 ], [ 464868.234827016829513, 6191532.745067377574742 ], [ 464864.954065041674767, 6191542.625659445300698 ], [ 464864.900498706032522, 6191542.78570275940001 ], [ 464861.208300917991437, 6191552.826338140293956 ], [ 464857.490933206165209, 6191562.866973523050547 ], [ 464854.911264241440222, 6191569.834716569632292 ], [ 464853.773586669994984, 6191572.907608903944492 ], [ 464849.328957358316984, 6191582.948244285769761 ], [ 464844.8684634413803, 6191588.909331608563662 ], [ 464840.208174476516433, 6191592.988879667595029 ], [ 464834.82566264126217, 6191597.81645249761641 ], [ 464829.013348281616345, 6191603.029515049420297 ], [ 464824.78286184114404, 6191606.823798943310976 ], [ 464817.891158346610609, 6191613.070150431245565 ], [ 464814.740061040967703, 6191616.902279524132609 ], [ 464809.239457287068944, 6191623.110785813070834 ], [ 464807.978491346002556, 6191633.151421194896102 ], [ 464806.717543329519685, 6191643.192056575790048 ], [ 464805.456555681827012, 6191653.232691957615316 ], [ 464804.697260240791366, 6191659.278784714639187 ], [ 464804.195607665402349, 6191663.273327339440584 ], [ 464802.934620017651469, 6191673.313962721265852 ], [ 464801.673672001168597, 6191683.354598103091121 ], [ 464797.35173635504907, 6191693.395233484916389 ], [ 464801.066461318230722, 6191703.435868866741657 ], [ 464804.697260240791366, 6191708.647962167859077 ], [ 464814.740061040967703, 6191707.302494777366519 ], [ 464824.782861841085833, 6191704.520696306601167 ], [ 464828.59234647807898, 6191703.435868866741657 ], [ 464834.825662641320378, 6191701.796669002622366 ], [ 464844.8684634413803, 6191699.250951865687966 ], [ 464854.911264241498429, 6191696.443007635883987 ], [ 464864.954065041674767, 6191693.669800058938563 ], [ 464866.01660971698584, 6191693.395233484916389 ], [ 464874.996865841792896, 6191691.151495050638914 ], [ 464885.039666641969234, 6191688.357305097393692 ], [ 464895.082467442087363, 6191685.660766065120697 ], [ 464903.758053496945649, 6191683.354598103091121 ], [ 464905.125268242205493, 6191683.000256799161434 ], [ 464915.168069042381831, 6191680.264596824534237 ], [ 464925.210869842558168, 6191677.58213191665709 ], [ 464935.253670642734505, 6191674.876799276098609 ], [ 464941.055135196365882, 6191673.313962721265852 ], [ 464945.296471442794427, 6191672.169289088808 ], [ 464955.339272242970765, 6191671.009709130972624 ], [ 464961.025236973830033, 6191673.313962721265852 ], [ 464965.382073043088894, 6191675.146046120673418 ], [ 464975.424873843207024, 6191680.15628463588655 ], [ 464981.704595357878134, 6191683.354598103091121 ], [ 464985.467674643383361, 6191685.276461254805326 ], [ 464995.510475443501491, 6191690.258364560082555 ], [ 465001.931769210961647, 6191693.395233483985066 ], [ 465005.553276243619621, 6191695.164377411827445 ], [ 465015.596077043795958, 6191700.070390263572335 ], [ 465022.485458856332116, 6191703.435868866741657 ], [ 465025.638877843914088, 6191704.976321177557111 ], [ 465035.681678644090425, 6191709.882334029302001 ], [ 465043.0390861047199, 6191713.476504248566926 ], [ 465045.724479444208555, 6191714.788346881046891 ], [ 465055.767280244384892, 6191719.694277793169022 ], [ 465063.592828417720739, 6191723.517139630392194 ], [ 465065.81008104456123, 6191724.600290645845234 ], [ 465075.852881844621152, 6191729.506303496658802 ], [ 465084.146541516995057, 6191733.557775011286139 ], [ 465085.895682644797489, 6191734.412234409712255 ], [ 465095.938483444915619, 6191739.318247261457145 ], [ 465104.700145311478991, 6191743.598410393111408 ], [ 465105.981284245091956, 6191744.224260113202035 ], [ 465116.024085045210086, 6191749.130227821879089 ], [ 465125.253887624421623, 6191753.639045774936676 ], [ 465126.066885845386423, 6191754.036203878931701 ], [ 465136.109686645504553, 6191758.942216730676591 ], [ 465145.807462205179036, 6191763.679681156761944 ], [ 465146.152487445622683, 6191763.848228206858039 ], [ 465156.19528824579902, 6191768.754160495474935 ], [ 465166.23808904591715, 6191773.660173347219825 ], [ 465166.361204518238083, 6191773.720316538587213 ], [ 465176.280889846035279, 6191778.566186198964715 ], [ 465186.323690646211617, 6191783.472117112018168 ], [ 465186.89944566070335, 6191783.760951920412481 ], [ 465196.366491446329746, 6191788.584854602813721 ], [ 465205.676311562245246, 6191793.801587302237749 ], [ 465206.409292246564291, 6191794.212311060167849 ], [ 465216.452093046624213, 6191799.839800694026053 ], [ 465223.594798775680829, 6191803.842222684063017 ], [ 465226.494893846800551, 6191805.467293731868267 ], [ 465236.537694646918681, 6191811.094763659872115 ], [ 465241.121574022981804, 6191813.882858064956963 ], [ 465246.580495447095018, 6191817.183162484318018 ], [ 465256.623296247213148, 6191823.409110871143639 ], [ 465257.548054275510367, 6191823.923493446782231 ], [ 465266.666097047331277, 6191829.223558146506548 ], [ 465273.797797847306356, 6191833.9641288286075 ], [ 465276.708897847507615, 6191835.421393655240536 ] ], [ [ 465212.033604766242206, 6190137.096749320626259 ], [ 465206.409292246447876, 6190134.467205066233873 ], [ 465198.465107188094407, 6190127.056113937869668 ], [ 465196.366491446329746, 6190125.162015220150352 ], [ 465191.510819432034623, 6190117.015478556975722 ], [ 465196.366491446329746, 6190107.087370826862752 ], [ 465206.409292246447876, 6190111.795871326699853 ], [ 465215.35024955397239, 6190117.015478556975722 ], [ 465216.452093046624213, 6190118.727942178025842 ], [ 465226.494893846800551, 6190122.287005469202995 ], [ 465231.523020883672871, 6190127.056113938800991 ], [ 465227.844453281140886, 6190137.096749320626259 ], [ 465226.494893846800551, 6190138.850734811276197 ], [ 465216.452093046624213, 6190140.479310329072177 ], [ 465212.033604766242206, 6190137.096749320626259 ] ] ] } },
{ "type": "Feature", "properties": { "id": 1, "cost_level": 600.0 }, "geometry": { "type": "Polygon", "coordinates": [ [ [ 465407.265308249334339, 6191473.852696254849434 ], [ 465417.308109049510676, 6191474.188695074990392 ], [ 465427.350909849628806, 6191475.060986312106252 ], [ 465437.393710649746936, 6191475.908196851611137 ], [ 465447.436511449981481, 6191477.485073044896126 ], [ 465457.479312250041403, 6191478.455678367987275 ], [ 465467.52211305021774, 6191479.088242650032043 ], [ 465477.564913850394078, 6191476.204229747876525 ], [ 465487.607714650454, 6191473.320194195024669 ], [ 465490.459481746889651, 6191472.501255087554455 ], [ 465497.650515450630337, 6191470.557253651320934 ], [ 465507.693316250748467, 6191467.916920138522983 ], [ 465517.736117050924804, 6191467.492498334497213 ], [ 465527.778917851042934, 6191467.475022261962295 ], [ 465537.821718651161063, 6191467.460316274315119 ], [ 465547.864519451337401, 6191467.306386625394225 ], [ 465557.907320251455531, 6191467.005812531337142 ], [ 465567.950121051631868, 6191467.324892206117511 ], [ 465577.992921851749998, 6191467.911537269130349 ], [ 465588.034310460323468, 6191462.460619705729187 ], [ 465588.035722651926335, 6191462.459588501602411 ], [ 465598.078523452044465, 6191455.290655003860593 ], [ 465600.938225612684619, 6191452.419984323903918 ], [ 465600.745576084940694, 6191442.37934894207865 ], [ 465600.730742729851045, 6191432.338713559322059 ], [ 465600.375456749403384, 6191422.298078178428113 ], [ 465598.078523452044465, 6191412.630289462395012 ], [ 465597.87811803095974, 6191412.257442797534168 ], [ 465594.212703793658875, 6191402.216807415708899 ], [ 465591.136204487993382, 6191392.176172034814954 ], [ 465588.995860330818687, 6191382.135536652058363 ], [ 465588.035722651984543, 6191380.029776558279991 ], [ 465582.888069605687633, 6191372.094901271164417 ], [ 465577.992921851749998, 6191364.54923452809453 ], [ 465576.408119526575319, 6191362.054265888407826 ], [ 465570.4341819526162, 6191352.013630506582558 ], [ 465567.950121051631868, 6191347.726387534290552 ], [ 465564.616566791548394, 6191341.97299512475729 ], [ 465558.798942274530418, 6191331.932359743863344 ], [ 465557.907320251455531, 6191330.393508481793106 ], [ 465552.981329348054715, 6191321.891724362038076 ], [ 465547.864519451337401, 6191313.060626498423517 ], [ 465547.163703579863068, 6191311.851088980212808 ], [ 465541.346091904561035, 6191301.810453598387539 ], [ 465538.559476490248926, 6191291.769818216562271 ], [ 465537.821718651161063, 6191283.889103436842561 ], [ 465537.619516631879378, 6191281.729182834737003 ], [ 465536.679568348743487, 6191271.688547452911735 ], [ 465535.73960824747337, 6191261.647912071086466 ], [ 465534.799648146261461, 6191251.607276691123843 ], [ 465534.109441537992097, 6191241.566641308367252 ], [ 465535.935595809598453, 6191231.526005926541984 ], [ 465537.399395177606493, 6191221.485370544716716 ], [ 465537.821718651161063, 6191217.27763813175261 ], [ 465538.402565075724851, 6191211.444735162891448 ], [ 465538.723314566712361, 6191201.404099781066179 ], [ 465540.583296137338039, 6191191.363464399240911 ], [ 465543.700374298263341, 6191181.322829017415643 ], [ 465546.593556619656738, 6191171.282193636521697 ], [ 465546.18431321810931, 6191161.241558254696429 ], [ 465545.232398389140144, 6191151.200922872871161 ], [ 465539.142539095424581, 6191141.160287491045892 ], [ 465537.821718651102856, 6191139.530954709276557 ], [ 465531.003086775541306, 6191131.119652109220624 ], [ 465527.778917851042934, 6191127.142393774352968 ], [ 465523.94509270839626, 6191121.079016727395356 ], [ 465520.697039534570649, 6191111.038381345570087 ], [ 465518.378667517856229, 6191100.997745963744819 ], [ 465517.736117050866596, 6191098.214915622025728 ], [ 465516.060303061676677, 6191090.957110582850873 ], [ 465513.741932148113847, 6191080.916475201025605 ], [ 465511.423570166924037, 6191070.875839819200337 ], [ 465509.10519897157792, 6191060.835204437375069 ], [ 465507.693316250690259, 6191054.720462829805911 ], [ 465506.786834515398368, 6191050.7945690555498 ], [ 465504.468462780525442, 6191040.753933673724532 ], [ 465502.15009488153737, 6191030.713298291899264 ], [ 465499.831409700098448, 6191020.672662911005318 ], [ 465498.165780583862215, 6191010.63202752918005 ], [ 465498.39243030839134, 6191000.591392147354782 ], [ 465498.619070882268716, 6190990.550756765529513 ], [ 465498.845721400051843, 6190980.510121383704245 ], [ 465498.4985037939623, 6190970.469486001878977 ], [ 465499.963881112751551, 6190960.428850620053709 ], [ 465502.967371936189011, 6190950.38821523822844 ], [ 465505.970862225338351, 6190940.347579857334495 ], [ 465507.693316250748467, 6190934.589443993754685 ], [ 465508.974357322091237, 6190930.306944475509226 ], [ 465511.977852418844122, 6190920.266309093683958 ], [ 465514.525632868986577, 6190910.22567371185869 ], [ 465512.278663293109275, 6190900.185038330033422 ], [ 465508.72778426646255, 6190890.144402948208153 ], [ 465507.693316250806674, 6190887.289590436965227 ], [ 465504.620376750652213, 6190880.103767566382885 ], [ 465497.650515450630337, 6190872.151331512257457 ], [ 465495.839090706256684, 6190870.063132184557617 ], [ 465490.077112921164371, 6190860.022496803663671 ], [ 465487.607714650454, 6190854.046118124388158 ], [ 465485.928391934838146, 6190849.981861421838403 ], [ 465479.98076950549148, 6190839.941226039081812 ], [ 465477.564913850277662, 6190837.545259715057909 ], [ 465469.856776853383053, 6190829.900590658187866 ], [ 465467.52211305021774, 6190827.705335567705333 ], [ 465458.239680776896421, 6190819.859955275431275 ], [ 465457.479312250041403, 6190819.257395533844829 ], [ 465447.436511449923273, 6190811.298912166617811 ], [ 465446.037755029799882, 6190809.81931989453733 ], [ 465438.209684235160239, 6190799.778684512712061 ], [ 465437.393710649746936, 6190798.672293028794229 ], [ 465430.804631673207041, 6190789.738049130886793 ], [ 465427.350909849570598, 6190786.065353428944945 ], [ 465420.040699783421587, 6190779.697413749992847 ], [ 465417.308109049452469, 6190777.411822195164859 ], [ 465407.265308249334339, 6190771.213001105003059 ], [ 465403.850416392728221, 6190769.656778368167579 ], [ 465397.222507449216209, 6190766.667729512788355 ], [ 465387.179706649039872, 6190762.339790598489344 ], [ 465380.647694901679642, 6190759.616142986342311 ], [ 465377.136905848921742, 6190758.15225213766098 ], [ 465367.094105048745405, 6190753.964710605330765 ], [ 465360.169201914803125, 6190749.575507605448365 ], [ 465357.051304248569068, 6190747.104349425062537 ], [ 465351.92897047509905, 6190739.534872222691774 ], [ 465347.008503448509146, 6190732.263707937672734 ], [ 465343.610366666980553, 6190729.494236840866506 ], [ 465336.965702648332808, 6190726.205746721476316 ], [ 465329.883953842450865, 6190719.453601459041238 ], [ 465326.922901848214678, 6190715.85151251219213 ], [ 465319.233476469758898, 6190709.41296607721597 ], [ 465316.880101048038341, 6190707.927268818020821 ], [ 465306.837300247920211, 6190701.690567886456847 ], [ 465302.706487264367752, 6190699.372330696322024 ], [ 465296.794499447802082, 6190696.417068438604474 ], [ 465286.751698647625744, 6190691.396906393580139 ], [ 465282.620253897737712, 6190689.331695314496756 ], [ 465276.708897847449407, 6190686.108273393474519 ], [ 465269.436412792652845, 6190679.291059932671487 ], [ 465266.66609704727307, 6190676.827098639681935 ], [ 465256.623296247213148, 6190669.367972392588854 ], [ 465256.454874666931573, 6190669.250424550846219 ], [ 465246.580495447095018, 6190662.40509464032948 ], [ 465241.168200400192291, 6190659.209789169952273 ], [ 465236.537694646918681, 6190656.477252171374857 ], [ 465226.494893846800551, 6190650.963594964705408 ], [ 465223.226425274799112, 6190649.169153787195683 ], [ 465216.452093046624213, 6190645.006077758967876 ], [ 465209.58398711704649, 6190639.128518404439092 ], [ 465206.409292246506084, 6190635.912725632078946 ], [ 465201.286219641566277, 6190629.087883024476469 ], [ 465197.285638367175125, 6190619.0472476426512 ], [ 465196.366491446329746, 6190614.700944490730762 ], [ 465195.162265975319315, 6190609.006612260825932 ], [ 465193.038890123949386, 6190598.965976879000664 ], [ 465190.915517967776395, 6190588.925341496244073 ], [ 465188.792142846970819, 6190578.884706115350127 ], [ 465186.668769724608865, 6190568.844070733524859 ], [ 465186.323690646211617, 6190567.212320409715176 ], [ 465184.545397220412269, 6190558.803435351699591 ], [ 465182.422021481383126, 6190548.762799970805645 ], [ 465180.298649325151928, 6190538.722164588980377 ], [ 465178.15283242741134, 6190528.681529207155108 ], [ 465176.280889846093487, 6190520.119446337223053 ], [ 465172.224076968384907, 6190518.64089382532984 ], [ 465166.23808904591715, 6190516.402491083368659 ], [ 465156.19528824579902, 6190511.288601033389568 ], [ 465152.151340163429268, 6190508.600258443504572 ], [ 465146.152487445622683, 6190504.003054535016418 ], [ 465139.049377215036657, 6190498.559623061679304 ], [ 465136.109686645562761, 6190496.306806528940797 ], [ 465126.066885845386423, 6190488.610534379258752 ], [ 465125.947426952014212, 6190488.518987679854035 ], [ 465116.024085045210086, 6190480.914286373183131 ], [ 465112.845455156872049, 6190478.478352298028767 ], [ 465105.981284245091956, 6190473.218026872724295 ], [ 465099.743482987163588, 6190468.437716918066144 ], [ 465095.938483444973826, 6190462.523594750091434 ], [ 465088.098214455298148, 6190458.397081535309553 ], [ 465095.938483444973826, 6190453.068023080006242 ], [ 465105.981284245091956, 6190449.666355497203767 ], [ 465109.847130689769983, 6190448.356446153484285 ], [ 465116.024085045210086, 6190444.289333116263151 ], [ 465119.089155467576347, 6190438.315810771659017 ], [ 465116.024085045210086, 6190429.38095604069531 ], [ 465115.642027839785442, 6190428.275175389833748 ], [ 465112.248910992755555, 6190418.23454000800848 ], [ 465108.821573015069589, 6190408.193904626183212 ], [ 465105.981284245091956, 6190399.873072509653866 ], [ 465105.394839131680783, 6190398.153269244357944 ], [ 465101.966897059581243, 6190388.112633863463998 ], [ 465098.539606400590856, 6190378.07199848163873 ], [ 465095.938483444915619, 6190370.451771524734795 ], [ 465095.112526551645715, 6190368.031363099813461 ], [ 465091.684946984634735, 6190357.990727717988193 ], [ 465088.257609006948769, 6190347.950092336162925 ], [ 465085.895682644797489, 6190341.030657616443932 ], [ 465084.830271029204596, 6190337.909456954337656 ], [ 465081.398560461238958, 6190327.868821572512388 ], [ 465077.737667307141237, 6190317.82818619068712 ], [ 465075.852881844621152, 6190314.311227465979755 ], [ 465065.81008104456123, 6190315.222435604780912 ], [ 465060.318781698355451, 6190317.82818619068712 ], [ 465058.654425009794068, 6190327.868821572512388 ], [ 465055.767280244384892, 6190330.582759980112314 ], [ 465047.972985890228301, 6190337.909456954337656 ], [ 465045.724479444208555, 6190340.023061792366207 ], [ 465037.291503254906274, 6190347.950092336162925 ], [ 465035.681678644090425, 6190349.463339920155704 ], [ 465025.638877843914088, 6190355.547835187986493 ], [ 465015.596077043854166, 6190356.084929764270782 ], [ 465005.553276243677828, 6190348.036422942765057 ], [ 465005.468517546076328, 6190347.950092336162925 ], [ 464995.510475443501491, 6190340.180759029462934 ], [ 464985.467674643383361, 6190345.871562344953418 ], [ 464981.799635750707239, 6190347.950092336162925 ], [ 464975.424873843207024, 6190351.562413306906819 ], [ 464965.382073043030687, 6190357.221193252131343 ], [ 464963.95805389736779, 6190357.990727717988193 ], [ 464959.924597375385929, 6190368.031363099813461 ], [ 464961.117456594714895, 6190378.07199848163873 ], [ 464961.509221542510204, 6190388.112633863463998 ], [ 464961.769965820363723, 6190398.153269244357944 ], [ 464963.090969654964283, 6190408.193904626183212 ], [ 464963.686879401735496, 6190418.23454000800848 ], [ 464955.339272242970765, 6190422.075528741814196 ], [ 464945.296471442794427, 6190420.444760850630701 ], [ 464936.142612247844227, 6190418.23454000800848 ], [ 464935.253670642734505, 6190418.019902965985239 ], [ 464925.21086984249996, 6190415.595045080408454 ], [ 464915.168069042381831, 6190413.170187195762992 ], [ 464905.125268242205493, 6190410.74532931111753 ], [ 464895.082467442029156, 6190416.693295642733574 ], [ 464889.579514490324073, 6190418.23454000800848 ], [ 464885.039666641969234, 6190419.312818632461131 ], [ 464876.175921609508805, 6190418.23454000800848 ], [ 464874.996865841851104, 6190418.065648503601551 ], [ 464864.954065041674767, 6190412.794253272004426 ], [ 464854.911264241498429, 6190416.748164159245789 ], [ 464851.135919527558144, 6190418.23454000800848 ], [ 464844.8684634413803, 6190420.702079631388187 ], [ 464834.825662641203962, 6190424.65599786490202 ], [ 464825.633090417191852, 6190428.275175389833748 ], [ 464824.782861841085833, 6190428.609915477223694 ], [ 464814.740061040967703, 6190432.56382636539638 ], [ 464804.697260240791366, 6190436.517737250775099 ], [ 464800.13021391647635, 6190438.315810771659017 ], [ 464794.654459440673236, 6190440.471648138947785 ], [ 464784.611658640438691, 6190444.425559025257826 ], [ 464774.627337415819056, 6190448.356446153484285 ], [ 464774.568857840378769, 6190448.382042663171887 ], [ 464764.526057040260639, 6190452.430751478299499 ], [ 464754.483256240084302, 6190456.287291686981916 ], [ 464749.124460915103555, 6190458.397081535309553 ], [ 464754.320219365938101, 6190468.437716917134821 ], [ 464754.483256240142509, 6190468.713477622717619 ], [ 464761.897686954180244, 6190478.478352298028767 ], [ 464754.811186636041384, 6190488.518987679854035 ], [ 464754.483256240084302, 6190488.837759696878493 ], [ 464744.440455439966172, 6190498.436070506460965 ], [ 464744.309013805934228, 6190498.559623060747981 ], [ 464734.397654639789835, 6190507.870736828073859 ], [ 464733.621112570341211, 6190508.600258442573249 ], [ 464726.523864763032179, 6190518.640893824398518 ], [ 464724.354853839671705, 6190526.35775510314852 ], [ 464723.701695066993125, 6190528.681529207155108 ], [ 464720.879594460478984, 6190538.722164588980377 ], [ 464718.057405732106417, 6190548.762799970805645 ], [ 464715.235297024424654, 6190558.803435351699591 ], [ 464714.312053039553575, 6190562.088133312761784 ], [ 464712.58587781211827, 6190568.844070732593536 ], [ 464710.226250047096983, 6190578.884706115350127 ], [ 464708.082605586736463, 6190588.925341497175395 ], [ 464704.269252239435446, 6190597.253202808089554 ], [ 464703.405916160205379, 6190598.965976878069341 ], [ 464704.269252239435446, 6190599.923882808536291 ], [ 464714.312053039553575, 6190600.720120480284095 ], [ 464716.736154488171451, 6190598.965976879000664 ], [ 464724.354853839613497, 6190596.722980909980834 ], [ 464734.397654639789835, 6190595.882821653038263 ], [ 464744.440455439966172, 6190594.8585224756971 ], [ 464754.483256240084302, 6190593.834259165450931 ], [ 464764.526057040202431, 6190592.80995998904109 ], [ 464774.568857840378769, 6190591.78569667879492 ], [ 464784.611658640438691, 6190590.761397501453757 ], [ 464794.654459440673236, 6190589.737134191207588 ], [ 464802.180490990693215, 6190598.965976879000664 ], [ 464804.299289720191155, 6190609.006612260825932 ], [ 464804.697260240791366, 6190611.762028262019157 ], [ 464805.749482028360944, 6190619.0472476426512 ], [ 464807.1996913140174, 6190629.087883024476469 ], [ 464808.966353536467068, 6190639.128518405370414 ], [ 464813.020438169594854, 6190649.169153787195683 ], [ 464814.740061040967703, 6190653.428116869181395 ], [ 464817.074506485718302, 6190659.209789169020951 ], [ 464821.128586177364923, 6190669.250424550846219 ], [ 464824.782861841085833, 6190678.300864500924945 ], [ 464825.11369671812281, 6190679.291059932671487 ], [ 464827.391335307329427, 6190689.331695314496756 ], [ 464828.010171983041801, 6190699.372330696322024 ], [ 464828.629019456682727, 6190709.41296607721597 ], [ 464829.24786044517532, 6190719.453601459041238 ], [ 464825.549904989486095, 6190729.494236840866506 ], [ 464824.782861841085833, 6190730.629438533447683 ], [ 464814.740061041025911, 6190738.051253147423267 ], [ 464811.125045002496336, 6190739.534872222691774 ], [ 464804.697260240791366, 6190741.173644239082932 ], [ 464794.654459440615028, 6190746.981652095913887 ], [ 464784.611658640496898, 6190748.43751207087189 ], [ 464778.250573514029384, 6190749.575507604517043 ], [ 464774.568857840378769, 6190750.224072341807187 ], [ 464764.526057040260639, 6190750.357153392396867 ], [ 464762.836171349452343, 6190749.575507604517043 ], [ 464757.556435009930283, 6190739.534872222691774 ], [ 464754.483256240142509, 6190733.690494986250997 ], [ 464752.27671635983279, 6190729.494236839935184 ], [ 464746.996997709793504, 6190719.453601459041238 ], [ 464744.440455439966172, 6190714.591747170314193 ], [ 464741.717261370271444, 6190709.41296607721597 ], [ 464736.437542720173951, 6190699.372330696322024 ], [ 464734.397654639789835, 6190695.493000416085124 ], [ 464728.601782479789108, 6190689.331695314496756 ], [ 464724.441142782161478, 6190679.291059932671487 ], [ 464724.354853839671705, 6190679.097510655410588 ], [ 464724.069010427629109, 6190679.29105993360281 ], [ 464715.179763717518654, 6190689.331695314496756 ], [ 464714.312053039553575, 6190690.313609311357141 ], [ 464705.196876432921272, 6190699.372330696322024 ], [ 464704.269252239377238, 6190700.294216713868082 ], [ 464694.226451439259108, 6190708.630656740628183 ], [ 464693.085139326984063, 6190709.41296607721597 ], [ 464684.183650639024563, 6190715.514467705972493 ], [ 464678.436916846199892, 6190719.453601459041238 ], [ 464674.140849838964641, 6190722.398366809822619 ], [ 464664.098049038788304, 6190729.282177776098251 ], [ 464663.788675791642163, 6190729.494236840866506 ], [ 464654.055248238670174, 6190736.165988741442561 ], [ 464649.121111435932107, 6190739.534872222691774 ], [ 464644.012447438552044, 6190743.032312197610736 ], [ 464634.400651416857727, 6190749.575507604517043 ], [ 464636.160134005418513, 6190759.616142986342311 ], [ 464644.012447438552044, 6190768.715587117709219 ], [ 464644.871148612699471, 6190769.656778368167579 ], [ 464645.16712547710631, 6190779.697413749992847 ], [ 464646.297297765966505, 6190789.738049130886793 ], [ 464647.256086590932682, 6190799.778684512712061 ], [ 464648.219926906109322, 6190809.81931989453733 ], [ 464649.136546157184057, 6190819.859955276362598 ], [ 464649.960710619692691, 6190829.900590658187866 ], [ 464654.055248238670174, 6190838.156221333891153 ], [ 464655.76211331912782, 6190839.941226040013134 ], [ 464664.098049038846511, 6190849.647259554825723 ], [ 464664.301061244448647, 6190849.981861421838403 ], [ 464672.734236677992158, 6190860.022496804594994 ], [ 464674.140849838964641, 6190860.874550987035036 ], [ 464684.183650639024563, 6190863.634884756989777 ], [ 464694.226451439317316, 6190864.256979467347264 ], [ 464704.269252239377238, 6190866.922277268953621 ], [ 464708.781301992712542, 6190870.063132184557617 ], [ 464714.312053039553575, 6190875.025957734324038 ], [ 464720.364982286002487, 6190880.103767566382885 ], [ 464724.354853839671705, 6190883.450875747948885 ], [ 464732.208792827266734, 6190890.144402948208153 ], [ 464734.397654639789835, 6190892.451768197119236 ], [ 464740.778857583412901, 6190900.185038330033422 ], [ 464744.440455439966172, 6190904.622465817257762 ], [ 464749.794857236673124, 6190910.225673712790012 ], [ 464754.483256240026094, 6190916.104651901870966 ], [ 464764.526057040260639, 6190919.034668971784413 ], [ 464767.150086220237426, 6190920.266309093683958 ], [ 464774.568857840378769, 6190924.581565289758146 ], [ 464783.811219491704833, 6190930.306944475509226 ], [ 464784.611658640496898, 6190930.768840351141989 ], [ 464794.654459440731443, 6190936.128885751590133 ], [ 464802.699092014052439, 6190940.347579857334495 ], [ 464804.697260240791366, 6190941.829592459835112 ], [ 464813.047658730647527, 6190950.38821523822844 ], [ 464814.152831414947286, 6190960.428850620053709 ], [ 464814.740061040967703, 6190965.764436589553952 ], [ 464815.25788759754505, 6190970.469486001878977 ], [ 464816.363067996164318, 6190980.510121383704245 ], [ 464817.468116464442573, 6190990.550756765529513 ], [ 464818.573215288110077, 6191000.591392147354782 ], [ 464821.504957944853231, 6191010.63202752918005 ], [ 464824.764113284414634, 6191020.672662910073996 ], [ 464814.740061040967703, 6191028.621220068074763 ], [ 464804.697260240733158, 6191028.667913881130517 ], [ 464794.654459440731443, 6191028.714607693254948 ], [ 464784.611658640496898, 6191029.61358246859163 ], [ 464783.698099927045405, 6191030.713298292830586 ], [ 464774.568857840378769, 6191039.761119489558041 ], [ 464771.509630077634938, 6191040.753933673724532 ], [ 464769.350633846130222, 6191050.7945690555498 ], [ 464772.536486949189566, 6191060.835204437375069 ], [ 464774.568857840378769, 6191065.745037166401744 ], [ 464776.771932931791525, 6191070.875839818269014 ], [ 464781.823697880841792, 6191080.916475201025605 ], [ 464784.611658640496898, 6191086.457630516961217 ], [ 464787.187704403069802, 6191090.957110582850873 ], [ 464794.654459440615028, 6191095.54112552665174 ], [ 464796.253250673064031, 6191090.957110582850873 ], [ 464798.545723536983132, 6191080.916475201025605 ], [ 464802.202410577854607, 6191070.875839819200337 ], [ 464804.697260240791366, 6191068.384736528620124 ], [ 464814.740061040967703, 6191061.327023999765515 ], [ 464815.619972478714772, 6191060.835204437375069 ], [ 464824.78286184114404, 6191055.713679662905633 ], [ 464833.053986695536878, 6191060.835204437375069 ], [ 464829.829488964984193, 6191070.87583982013166 ], [ 464826.014770116948057, 6191080.916475201025605 ], [ 464824.782861841085833, 6191086.704804658889771 ], [ 464823.877859646803699, 6191090.957110582850873 ], [ 464821.74094917671755, 6191100.997745962813497 ], [ 464819.43737430323381, 6191111.038381345570087 ], [ 464816.498171744868159, 6191121.079016727395356 ], [ 464814.740061040967703, 6191126.277856892906129 ], [ 464804.697260240791366, 6191129.853741807863116 ], [ 464803.763543595559895, 6191131.119652108289301 ], [ 464803.591091961076017, 6191141.160287491045892 ], [ 464804.697260240791366, 6191150.205874496139586 ], [ 464805.011658555536997, 6191151.200922872871161 ], [ 464812.085093658475671, 6191161.241558254696429 ], [ 464814.740061040967703, 6191163.084066603332758 ], [ 464824.782861841085833, 6191165.964127570390701 ], [ 464834.82566264126217, 6191168.84412267524749 ], [ 464843.327313611574937, 6191171.282193636521697 ], [ 464844.868463441438507, 6191171.724162521772087 ], [ 464854.911264241440222, 6191178.681978140957654 ], [ 464858.417755217931699, 6191181.322829017415643 ], [ 464864.954065041674767, 6191186.085465514101088 ], [ 464871.888286754663568, 6191191.363464398309588 ], [ 464874.996865841792896, 6191193.696690468117595 ], [ 464885.039666641969234, 6191201.374090443365276 ], [ 464885.078921833774075, 6191201.404099781066179 ], [ 464895.082467442029156, 6191208.484534844756126 ], [ 464900.314081389980856, 6191211.444735161960125 ], [ 464905.125268242205493, 6191220.181550526060164 ], [ 464905.775066978007089, 6191221.485370544716716 ], [ 464906.488822942192201, 6191231.526005926541984 ], [ 464905.125268242205493, 6191233.830838495865464 ], [ 464898.9212108803913, 6191241.566641308367252 ], [ 464901.827177058788948, 6191251.607276690192521 ], [ 464905.125268242205493, 6191257.442112036049366 ], [ 464907.502561034401879, 6191261.647912070155144 ], [ 464913.17794501001481, 6191271.688547452911735 ], [ 464915.168069042381831, 6191274.99542327132076 ], [ 464919.855925975891296, 6191281.729182834737003 ], [ 464925.210869842558168, 6191287.855074223130941 ], [ 464928.632940689218231, 6191291.769818216562271 ], [ 464935.253670642676298, 6191299.343780340626836 ], [ 464937.409897100937087, 6191301.810453598387539 ], [ 464945.296471442794427, 6191310.832452531903982 ], [ 464946.75512918876484, 6191311.851088980212808 ], [ 464955.339272242970765, 6191321.085329732857645 ], [ 464957.436990088492166, 6191321.891724362038076 ], [ 464965.382073043088894, 6191324.945903779938817 ], [ 464975.424873843207024, 6191329.23263368755579 ], [ 464977.865720448782668, 6191331.932359743863344 ], [ 464985.467674643383361, 6191340.340587351471186 ], [ 464986.943549190415069, 6191341.97299512475729 ], [ 464995.510475443501491, 6191351.448541017249227 ], [ 464996.257136874890421, 6191352.013630506582558 ], [ 465005.553276243677828, 6191358.063765229657292 ], [ 465012.512142683030106, 6191362.054265888407826 ], [ 465015.596077043795958, 6191363.607652348466218 ], [ 465025.638877843914088, 6191367.365115717053413 ], [ 465035.681678644090425, 6191370.384514634497464 ], [ 465041.370583205542061, 6191372.094901270233095 ], [ 465045.724479444208555, 6191373.627123119309545 ], [ 465055.767280244384892, 6191377.022801946848631 ], [ 465065.81008104456123, 6191378.854791699908674 ], [ 465075.852881844621152, 6191380.176154205575585 ], [ 465085.895682644797489, 6191380.894075366668403 ], [ 465095.938483444915619, 6191381.503133320249617 ], [ 465097.199121827317867, 6191382.135536652058363 ], [ 465105.981284245091956, 6191388.120753666386008 ], [ 465109.244289510999806, 6191392.176172033883631 ], [ 465116.024085045210086, 6191400.602424857206643 ], [ 465117.323029731749557, 6191402.216807415708899 ], [ 465125.40180578106083, 6191412.257442797534168 ], [ 465126.066885845386423, 6191413.084035979583859 ], [ 465136.109686645504553, 6191420.412344189360738 ], [ 465146.152487445622683, 6191420.927630806341767 ], [ 465156.19528824579902, 6191421.111878703348339 ], [ 465166.23808904591715, 6191422.219365108758211 ], [ 465166.413583270623349, 6191422.298078178428113 ], [ 465176.280889846093487, 6191426.9774633878842 ], [ 465186.323690646211617, 6191431.740073444321752 ], [ 465187.586028600810096, 6191432.338713560253382 ], [ 465196.366491446329746, 6191436.502683499827981 ], [ 465206.409292246506084, 6191441.265293557196856 ], [ 465209.411965784674976, 6191442.379348943009973 ], [ 465216.452093046624213, 6191445.886802172288299 ], [ 465226.494893846800551, 6191447.457788456231356 ], [ 465236.537694646918681, 6191446.506923479959369 ], [ 465246.580495447095018, 6191445.08196516148746 ], [ 465253.906749243440572, 6191442.37934894207865 ], [ 465256.623296247213148, 6191441.399458097293973 ], [ 465266.666097047331277, 6191437.747556777670979 ], [ 465276.708897847507615, 6191434.820106439292431 ], [ 465286.751698647625744, 6191433.465028773061931 ], [ 465296.4533776116441, 6191432.338713560253382 ], [ 465296.794499447802082, 6191432.299125880934298 ], [ 465306.837300247920211, 6191431.353442767634988 ], [ 465316.880101048038341, 6191429.09654613956809 ], [ 465326.922901848214678, 6191426.587660888209939 ], [ 465336.965702648332808, 6191424.007693429477513 ], [ 465347.008503448450938, 6191424.504735456779599 ], [ 465357.051304248627275, 6191428.794266722165048 ], [ 465365.542182478355244, 6191432.338713560253382 ], [ 465367.094105048745405, 6191432.986550791189075 ], [ 465377.136905848921742, 6191438.027285765856504 ], [ 465387.179706649039872, 6191442.108382919803262 ], [ 465387.636672260938212, 6191442.37934894207865 ], [ 465396.08547230088152, 6191452.419984323903918 ], [ 465397.222507449158002, 6191455.357166966423392 ], [ 465399.952879872871563, 6191462.460619705729187 ], [ 465404.073857122799382, 6191472.501255087554455 ], [ 465407.265308249334339, 6191473.852696254849434 ] ], [ [ 464833.583648215455469, 6191050.794569054618478 ], [ 464834.82566264126217, 6191049.280405705794692 ], [ 464835.645000943273772, 6191050.7945690555498 ], [ 464834.825662641320378, 6191054.685903212986887 ], [ 464833.583648215455469, 6191050.794569054618478 ] ], [ [ 464974.436727085383609, 6190448.356446153484285 ], [ 464975.424873843207024, 6190438.505621219985187 ], [ 464975.496222820540424, 6190438.315810771659017 ], [ 464985.467674643383361, 6190431.60900342464447 ], [ 464995.510475443501491, 6190436.275940105319023 ], [ 464995.82289770146599, 6190438.315810771659017 ], [ 465005.201314768753946, 6190448.356446153484285 ], [ 464995.510475443501491, 6190452.133518231101334 ], [ 464985.467674643383361, 6190453.799771601334214 ], [ 464975.424873843207024, 6190448.940838601440191 ], [ 464974.436727085383609, 6190448.356446153484285 ] ] ] } },
{ "type": "Feature", "properties": { "id": 0, "cost_level": 300.0 }, "geometry": { "type": "Polygon", "coordinates": [ [ [ 465236.537694646976888, 6191114.883668736554682 ], [ 465246.58049544703681, 6191117.545906592160463 ], [ 465256.623296247213148, 6191116.309849312528968 ], [ 465266.66609704727307, 6191115.129894570447505 ], [ 465276.708897847507615, 6191113.949903992004693 ], [ 465286.751698647625744, 6191112.77649833355099 ], [ 465296.794499447802082, 6191111.616852694191039 ], [ 465301.392449363891501, 6191111.038381345570087 ], [ 465306.837300247920211, 6191110.397051415406168 ], [ 465316.880101048038341, 6191109.399865597486496 ], [ 465326.922901848214678, 6191108.94556706212461 ], [ 465336.965702648332808, 6191108.491263377480209 ], [ 465347.008503448509146, 6191108.036991253495216 ], [ 465357.051304248627275, 6191106.368794767186046 ], [ 465367.094105048745405, 6191101.828303002752364 ], [ 465374.425130307674408, 6191100.997745963744819 ], [ 465377.136905848921742, 6191100.680988825857639 ], [ 465387.179706649039872, 6191099.518691452220082 ], [ 465397.222507449216209, 6191096.423371065407991 ], [ 465407.265308249276131, 6191092.462097898125648 ], [ 465411.080820881703403, 6191090.957110581919551 ], [ 465417.308109049510676, 6191088.500824729911983 ], [ 465427.350909849628806, 6191084.539551561698318 ], [ 465436.536298644728959, 6191080.916475201025605 ], [ 465437.393710649746936, 6191080.578278393484652 ], [ 465444.07222627021838, 6191080.916475201025605 ], [ 465447.436511449865066, 6191081.079144282266498 ], [ 465457.479312250099611, 6191083.563613296486437 ], [ 465458.0584972370998, 6191080.916475201025605 ], [ 465458.725257585640065, 6191070.875839819200337 ], [ 465457.479312250041403, 6191065.479768231511116 ], [ 465454.828709133726079, 6191060.835204437375069 ], [ 465453.152057969651651, 6191050.7945690555498 ], [ 465451.770151847391389, 6191040.753933673724532 ], [ 465449.451788628706709, 6191030.713298291899264 ], [ 465447.436511449923273, 6191021.987824950367212 ], [ 465447.092492671741638, 6191020.672662911005318 ], [ 465445.335508390155155, 6191010.63202752918005 ], [ 465444.472335114667658, 6191000.591392147354782 ], [ 465446.319003070588224, 6190990.550756765529513 ], [ 465447.436511449865066, 6190986.814940424636006 ], [ 465449.322494132095017, 6190980.510121383704245 ], [ 465452.325986898969859, 6190970.469486001878977 ], [ 465455.329478813160677, 6190960.428850620985031 ], [ 465457.479312250041403, 6190953.241984702646732 ], [ 465458.332970727351494, 6190950.38821523822844 ], [ 465461.336462641600519, 6190940.347579857334495 ], [ 465464.339955275121611, 6190930.306944476440549 ], [ 465467.343446510378271, 6190920.266309093683958 ], [ 465467.52211305021774, 6190918.74858885910362 ], [ 465468.555459777242504, 6190910.22567371185869 ], [ 465467.52211305021774, 6190907.175971486605704 ], [ 465464.545920427306555, 6190900.185038330033422 ], [ 465458.138090691994876, 6190890.144402948208153 ], [ 465457.479312250041403, 6190888.591339811682701 ], [ 465453.972303163725883, 6190880.103767566382885 ], [ 465449.82357579836389, 6190870.063132184557617 ], [ 465447.436511449923273, 6190864.286019788123667 ], [ 465445.674852161144372, 6190860.022496803663671 ], [ 465437.461742140876595, 6190849.981861421838403 ], [ 465437.393710649746936, 6190849.920850078575313 ], [ 465427.350909849628806, 6190841.398246195167303 ], [ 465426.101205416431185, 6190839.941226040013134 ], [ 465418.696153544238769, 6190829.900590658187866 ], [ 465417.308109049452469, 6190828.01851867325604 ], [ 465411.291097427136265, 6190819.859955275431275 ], [ 465407.265308249334339, 6190814.401319475844502 ], [ 465403.817444510641508, 6190809.81931989453733 ], [ 465397.222507449216209, 6190803.21945770829916 ], [ 465391.427704309811816, 6190799.778684512712061 ], [ 465387.179706649039872, 6190797.670554667711258 ], [ 465377.13690584897995, 6190793.093883084133267 ], [ 465369.773041643435135, 6190789.738049130886793 ], [ 465367.094105048745405, 6190788.548009502701461 ], [ 465357.051304248627275, 6190784.316213784739375 ], [ 465351.262543108314276, 6190779.697413749992847 ], [ 465347.008503448567353, 6190775.453060494735837 ], [ 465343.086105706635863, 6190769.656778368167579 ], [ 465336.965702648391016, 6190760.612418917939067 ], [ 465336.291513360571116, 6190759.616142986342311 ], [ 465328.649423645401839, 6190749.57550760358572 ], [ 465326.922901848214678, 6190748.107119462452829 ], [ 465318.403467216936406, 6190739.534872222691774 ], [ 465316.880101048038341, 6190737.626087713986635 ], [ 465309.953769248211756, 6190729.494236840866506 ], [ 465306.837300247978419, 6190726.815995118580759 ], [ 465296.794499447802082, 6190720.475926642306149 ], [ 465295.175114603131078, 6190719.453601459041238 ], [ 465286.751698647625744, 6190714.140471038408577 ], [ 465278.431922330986708, 6190709.412966078147292 ], [ 465276.708897847507615, 6190708.551666878163815 ], [ 465266.666097047331277, 6190700.919556502252817 ], [ 465265.046969545190223, 6190699.372330697253346 ], [ 465256.623296247213148, 6190691.920359579846263 ], [ 465253.305792911560275, 6190689.331695314496756 ], [ 465246.580495447153226, 6190684.320744901895523 ], [ 465238.073902599629946, 6190679.291059932671487 ], [ 465236.537694646918681, 6190678.383152019232512 ], [ 465226.494893846800551, 6190672.86949298530817 ], [ 465219.902975273958873, 6190669.250424550846219 ], [ 465216.452093046624213, 6190667.35583495721221 ], [ 465206.409292246506084, 6190661.486452238634229 ], [ 465203.567885411728639, 6190659.209789169020951 ], [ 465196.366491446387954, 6190652.821297169663012 ], [ 465192.249632647261024, 6190649.169153787195683 ], [ 465186.323690646211617, 6190641.503204290755093 ], [ 465184.52575590997003, 6190639.128518405370414 ], [ 465180.159040325204842, 6190629.087883024476469 ], [ 465177.964636059245095, 6190619.047247643582523 ], [ 465176.280889846093487, 6190611.085448390804231 ], [ 465172.137152870593127, 6190609.006612260825932 ], [ 465166.238089045975357, 6190606.136111778207123 ], [ 465156.19528824579902, 6190603.537081656977534 ], [ 465146.152487445622683, 6190599.968756917864084 ], [ 465144.06236530514434, 6190598.965976879000664 ], [ 465136.109686645504553, 6190595.149913602508605 ], [ 465126.066885845386423, 6190590.32865621894598 ], [ 465123.143743679334875, 6190588.925341498106718 ], [ 465116.024085045210086, 6190585.507405670359731 ], [ 465105.981284245091956, 6190581.346654517576098 ], [ 465099.417849182733335, 6190578.884706115350127 ], [ 465095.938483444915619, 6190577.579593953676522 ], [ 465085.895682644797489, 6190574.346328321844339 ], [ 465075.852881844621152, 6190572.407751037739217 ], [ 465072.231100559234619, 6190578.884706115350127 ], [ 465075.852881844621152, 6190584.10910788923502 ], [ 465079.610401349258609, 6190588.925341497175395 ], [ 465085.895682644797489, 6190595.863632015883923 ], [ 465088.433465843671001, 6190598.965976879000664 ], [ 465095.938483444915619, 6190607.702664950862527 ], [ 465096.745677706552669, 6190609.006612260825932 ], [ 465105.672366493497975, 6190619.0472476426512 ], [ 465105.133100923267193, 6190629.087883025407791 ], [ 465095.938483444915619, 6190633.652393113821745 ], [ 465085.895682644797489, 6190638.637969259172678 ], [ 465084.907529761840124, 6190639.128518405370414 ], [ 465075.852881844621152, 6190643.623521033674479 ], [ 465065.810081044503022, 6190648.187271776609123 ], [ 465061.102039563527796, 6190649.169153787195683 ], [ 465055.767280244384892, 6190650.263062689453363 ], [ 465045.724479444208555, 6190652.231701388023794 ], [ 465035.681678644090425, 6190655.363682743161917 ], [ 465032.782388091785833, 6190659.209789169020951 ], [ 465030.427895810746122, 6190669.250424550846219 ], [ 465025.638877843972296, 6190674.763608060777187 ], [ 465021.740910904365592, 6190679.291059932671487 ], [ 465015.840088622004259, 6190689.331695314496756 ], [ 465015.596077043795958, 6190689.766428507864475 ], [ 465010.159445733646862, 6190699.372330696322024 ], [ 465005.553276243619621, 6190708.089224962517619 ], [ 465004.845083318010438, 6190709.41296607721597 ], [ 464999.598320898949169, 6190719.453601459041238 ], [ 464995.510475443443283, 6190727.786958410404623 ], [ 464994.645298843388446, 6190729.494236840866506 ], [ 464993.133761798089836, 6190739.534872222691774 ], [ 464995.35169909830438, 6190749.575507604517043 ], [ 464995.510475443501491, 6190749.859134258702397 ], [ 465000.623721024254337, 6190759.616142986342311 ], [ 465005.553276243677828, 6190768.00065983645618 ], [ 465006.487865469767712, 6190769.656778368167579 ], [ 465014.292692432471085, 6190779.697413749992847 ], [ 465015.596077043795958, 6190781.77117894589901 ], [ 465021.962898711906746, 6190789.738049130886793 ], [ 465025.63887784385588, 6190794.107081695459783 ], [ 465035.681678644090425, 6190793.810488019138575 ], [ 465040.190012005798053, 6190789.738049130886793 ], [ 465045.724479444208555, 6190787.734263971447945 ], [ 465055.767280244384892, 6190789.405100482515991 ], [ 465056.437442071153782, 6190789.738049130886793 ], [ 465061.238247956382111, 6190799.778684513643384 ], [ 465055.989319185493514, 6190809.81931989453733 ], [ 465055.767280244384892, 6190810.237450328655541 ], [ 465045.724479444208555, 6190812.991939065977931 ], [ 465039.878253164992202, 6190809.81931989453733 ], [ 465035.681678644032218, 6190807.541930661536753 ], [ 465033.689840423990972, 6190809.81931989453733 ], [ 465034.964620886836201, 6190819.859955276362598 ], [ 465035.681678644090425, 6190821.915395081974566 ], [ 465038.493438270874321, 6190829.900590658187866 ], [ 465042.993500592827331, 6190839.941226040013134 ], [ 465045.724479444208555, 6190843.283462228253484 ], [ 465049.917839090980124, 6190849.981861421838403 ], [ 465052.111274919472635, 6190860.022496803663671 ], [ 465054.317190764821135, 6190870.063132184557617 ], [ 465055.767280244384892, 6190876.641273291781545 ], [ 465056.536633175215684, 6190880.103767566382885 ], [ 465058.767623798514251, 6190890.144402947276831 ], [ 465061.97264142811764, 6190900.185038330033422 ], [ 465062.310045200574677, 6190910.22567371185869 ], [ 465058.479167869081721, 6190920.266309093683958 ], [ 465055.767280244384892, 6190924.280803728848696 ], [ 465053.01432592747733, 6190930.306944474577904 ], [ 465054.697595048346557, 6190940.347579857334495 ], [ 465052.79233892285265, 6190950.38821523822844 ], [ 465050.780620602716226, 6190960.428850620985031 ], [ 465055.767280244384892, 6190968.936595723032951 ], [ 465059.809806711506099, 6190970.469486001878977 ], [ 465065.810081044444814, 6190972.744729673489928 ], [ 465075.852881844621152, 6190976.593118662014604 ], [ 465081.781725381442811, 6190980.510121383704245 ], [ 465085.895682644797489, 6190983.397628565318882 ], [ 465095.938483444915619, 6190989.215413209982216 ], [ 465098.058261807251256, 6190990.550756765529513 ], [ 465105.981284245091956, 6190995.54180783778429 ], [ 465113.985789352911524, 6191000.591392147354782 ], [ 465116.024085045268293, 6191001.876079852692783 ], [ 465126.066885845386423, 6191008.204971022903919 ], [ 465129.981838502106257, 6191010.63202752918005 ], [ 465136.109686645562761, 6191014.454908177256584 ], [ 465146.152487445622683, 6191020.656879981979728 ], [ 465146.178044696629513, 6191020.672662911005318 ], [ 465156.19528824579902, 6191027.130011720582843 ], [ 465159.996755567146465, 6191030.713298291899264 ], [ 465163.989438194839749, 6191040.753933673724532 ], [ 465166.238089045975357, 6191043.406469043344259 ], [ 465170.908616863773204, 6191050.7945690555498 ], [ 465176.280889846035279, 6191057.187490586191416 ], [ 465179.414404422044754, 6191060.835204437375069 ], [ 465186.323690646211617, 6191070.568213800899684 ], [ 465186.680142900615465, 6191070.875839819200337 ], [ 465195.622300832357723, 6191080.916475201025605 ], [ 465196.366491446329746, 6191082.055846127681434 ], [ 465206.409292246506084, 6191090.290884568355978 ], [ 465207.225479845423251, 6191090.957110582850873 ], [ 465216.452093046624213, 6191098.488479290157557 ], [ 465219.526173457852565, 6191100.997745963744819 ], [ 465226.494893846800551, 6191106.686074012890458 ], [ 465231.826867070398293, 6191111.038381345570087 ], [ 465236.537694646976888, 6191114.883668736554682 ] ], [ [ 465323.339240870554931, 6191030.713298291899264 ], [ 465326.922901848214678, 6191027.273821499198675 ], [ 465336.965702648332808, 6191028.378785992972553 ], [ 465347.008503448509146, 6191030.179992061108351 ], [ 465349.078209404658992, 6191030.713298291899264 ], [ 465347.008503448509146, 6191031.544161203317344 ], [ 465336.965702648332808, 6191033.722942613065243 ], [ 465326.922901848214678, 6191034.787237675860524 ], [ 465323.339240870554931, 6191030.713298291899264 ] ], [ [ 465367.112762798904441, 6191030.713298291899264 ], [ 465377.13690584897995, 6191027.459787480533123 ], [ 465387.179706649039872, 6191030.320088885724545 ], [ 465387.369001809391193, 6191030.713298291899264 ], [ 465387.179706649039872, 6191031.44387356005609 ], [ 465377.136905848921742, 6191039.585530928336084 ], [ 465367.112762798904441, 6191030.713298291899264 ] ] ] } }
]
}
