  0
SECTION
  2
HEADER
  9
$ACADVER
  1
AC1018
  9
$ACADMAINTVER
 70
     0
  9
$DWGCODEPAGE
  3
ANSI_1252
  9
$EXTMIN
 10
692543.40253407
 20
6221320.90722055
 30
0.0
  9
$EXTMAX
 10
699407.608062421
 20
6239106.69353187
 30
0.0
  9
$LIMMIN
 10
0.0
 20
0.0
  9
$LIMMAX
 10
12.0
 20
9.0
  9
$ORTHOMODE
 70
     0
  9
$REGENMODE
 70
     1
  9
$FILLMODE
 70
     1
  9
$QTEXTMODE
 70
     0
  9
$MIRRTEXT
 70
     1
  9
$LTSCALE
 40
1.0
  9
$ATTMODE
 70
     1
  9
$TEXTSIZE
 40
0.2
  9
$TRACEWID
 40
0.05
  9
$TEXTSTYLE
  7
Standard
  9
$CLAYER
  8
0
  9
$CELTYPE
  6
ByLayer
  9
$CECOLOR
 62
   256
  9
$CELTSCALE
 40
1.0
  9
$DISPSILH
 70
     0
  9
$LUNITS
 70
     2
  9
$LUPREC
 70
     4
  9
$SKETCHINC
 40
0.1
  9
$FILLETRAD
 40
0.5
  9
$AUNITS
 70
     0
  9
$AUPREC
 70
     0
  9
$MENU
  1
.
  9
$ELEVATION
 40
0.0
  9
$PELEVATION
 40
0.0
  9
$THICKNESS
 40
0.0
  9
$LIMCHECK
 70
     0
  9
$CHAMFERA
 40
0.5
  9
$CHAMFERB
 40
0.5
  9
$CHAMFERC
 40
1.0
  9
$CHAMFERD
 40
0.0
  9
$SKPOLY
 70
     0
  9
$ANGBASE
 50
0.0
  9
$ANGDIR
 70
     0
  9
$PDMODE
 70
     0
  9
$PDSIZE
 40
0.0
  9
$PLINEWID
 40
0.0
  9
$SPLFRAME
 70
     0
  9
$SPLINETYPE
 70
     6
  9
$SPLINESEGS
 70
     8
  9
$HANDSEED
  5
00021514
  9
$SURFTAB1
 70
     6
  9
$SURFTAB2
 70
     6
  9
$SURFTYPE
 70
     6
  9
$SURFU
 70
     6
  9
$SURFV
 70
     6
  9
$UCSBASE
  2

  9
$UCSNAME
  2

  9
$UCSORG
 10
0.0
 20
0.0
 30
0.0
  9
$UCSXDIR
 10
1.0
 20
0.0
 30
0.0
  9
$UCSYDIR
 10
0.0
 20
1.0
 30
0.0
  9
$UCSORTHOREF
  2

  9
$UCSORTHOVIEW
 70
     0
  9
$UCSORGTOP
 10
0.0
 20
0.0
 30
0.0
  9
$UCSORGBOTTOM
 10
0.0
 20
0.0
 30
0.0
  9
$UCSORGLEFT
 10
0.0
 20
0.0
 30
0.0
  9
$UCSORGRIGHT
 10
0.0
 20
0.0
 30
0.0
  9
$UCSORGFRONT
 10
0.0
 20
0.0
 30
0.0
  9
$UCSORGBACK
 10
0.0
 20
0.0
 30
0.0
  9
$PUCSBASE
  2

  9
$PUCSNAME
  2

  9
$PUCSORG
 10
0.0
 20
0.0
 30
0.0
  9
$PUCSXDIR
 10
1.0
 20
0.0
 30
0.0
  9
$PUCSYDIR
 10
0.0
 20
1.0
 30
0.0
  9
$PUCSORTHOREF
  2

  9
$PUCSORTHOVIEW
 70
     0
  9
$PUCSORGTOP
 10
0.0
 20
0.0
 30
0.0
  9
$PUCSORGBOTTOM
 10
0.0
 20
0.0
 30
0.0
  9
$PUCSORGLEFT
 10
0.0
 20
0.0
 30
0.0
  9
$PUCSORGRIGHT
 10
0.0
 20
0.0
 30
0.0
  9
$PUCSORGFRONT
 10
0.0
 20
0.0
 30
0.0
  9
$PUCSORGBACK
 10
0.0
 20
0.0
 30
0.0
  9
$WORLDVIEW
 70
     1
  9
$SHADEDGE
 70
     3
  9
$SHADEDIF
 70
    70
  9
$TILEMODE
 70
     1
  9
$MAXACTVP
 70
    64
  9
$PINSBASE
 10
0.0
 20
0.0
 30
0.0
  9
$PLIMCHECK
 70
     0
  9
$PEXTMIN
 10
1.000000000000000E+20
 20
1.000000000000000E+20
 30
1.000000000000000E+20
  9
$PEXTMAX
 10
-1.000000000000000E+20
 20
-1.000000000000000E+20
 30
-1.000000000000000E+20
  9
$PLIMMIN
 10
0.0
 20
0.0
  9
$PLIMMAX
 10
12.0
 20
9.0
  9
$UNITMODE
 70
     0
  9
$VISRETAIN
 70
     1
  9
$PLINEGEN
 70
     0
  9
$PSLTSCALE
 70
     1
  9
$TREEDEPTH
 70
  3020
  9
$CMLSTYLE
  2
Standard
  9
$CMLJUST
 70
     0
  9
$CMLSCALE
 40
1.0
  9
$PROXYGRAPHICS
 70
     1
  9
$MEASUREMENT
 70
     0
  9
$CELWEIGHT
370
    -1
  9
$ENDCAPS
280
     0
  9
$JOINSTYLE
280
     0
  9
$LWDISPLAY
290
     0
  9
$INSUNITS
 70
     1
  9
$HYPERLINKBASE
  1

  9
$STYLESHEET
  1

  9
$XEDIT
290
     1
  9
$CEPSNTYPE
380
     0
  9
$PSTYLEMODE
290
     1
  9
$EXTNAMES
290
     1
  9
$PSVPSCALE
 40
0.0
  9
$OLESTARTUP
290
     0
  9
$SORTENTS
280
   127
  9
$INDEXCTL
280
     0
  9
$HIDETEXT
280
     1
  9
$XCLIPFRAME
290
     0
  9
$HALOGAP
280
     0
  9
$OBSCOLOR
 70
   257
  9
$OBSLTYPE
280
     0
  9
$INTERSECTIONDISPLAY
280
     0
  9
$INTERSECTIONCOLOR
 70
   257
  9
$DIMASSOC
280
     2
  9
$PROJECTNAME
  1

  0
ENDSEC
  0
SECTION
  2
CLASSES
  0
CLASS
  1
ACDBDICTIONARYWDFLT
  2
AcDbDictionaryWithDefault
  3
ObjectDBX Classes
 90
        0
 91
        4
280
     0
281
     0
  0
ENDSEC
  0
SECTION
  2
TABLES
  0
TABLE
  2
VPORT
  5
8
330
0
100
AcDbSymbolTable
 70
     1
  0
VPORT
  5
29
330
8
100
AcDbSymbolTableRecord
100
AcDbViewportTableRecord
  2
*Active
 70
     0
 10
0.0
 20
0.0
 11
1.0
 21
1.0
 12
80.25
 22
106.4409457059851
 13
0.0
 23
0.0
 14
0.5
 24
0.5
 15
0.5
 25
0.5
 16
0.0
 26
0.0
 36
1.0
 17
0.0
 27
0.0
 37
0.0
 40
113.3818914119703
 41
0.8863849310366128
 42
50.0
 43
0.0
 44
0.0
 50
0.0
 51
0.0
 71
     0
 72
  1000
 73
     1
 74
     3
 75
     0
 76
     0
 77
     0
 78
     0
281
     0
 65
     1
110
0.0
120
0.0
130
0.0
111
1.0
121
0.0
131
0.0
112
0.0
122
1.0
132
0.0
 79
     0
146
0.0
  0
ENDTAB
  0
TABLE
  2
LTYPE
  5
5
330
0
100
AcDbSymbolTable
 70
     1
  0
LTYPE
  5
14
330
5
100
AcDbSymbolTableRecord
100
AcDbLinetypeTableRecord
  2
ByBlock
 70
     0
  3

 72
    65
 73
     0
 40
0.0
  0
LTYPE
  5
15
330
5
100
AcDbSymbolTableRecord
100
AcDbLinetypeTableRecord
  2
ByLayer
 70
     0
  3

 72
    65
 73
     0
 40
0.0
  0
LTYPE
  5
16
330
5
100
AcDbSymbolTableRecord
100
AcDbLinetypeTableRecord
  2
Continuous
 70
     0
  3
Solid line
 72
    65
 73
     0
 40
0.0
  0
ENDTAB
  0
TABLE
  2
LAYER
  5
2
330
0
100
AcDbSymbolTable
 70
     1
  0
LAYER
  5
10
330
2
100
AcDbSymbolTableRecord
100
AcDbLayerTableRecord
  2
0
 70
     0
 62
     7
  6
Continuous
370
    -3
390
F
  0
ENDTAB
  0
TABLE
  2
STYLE
  5
3
330
0
100
AcDbSymbolTable
 70
     1
  0
STYLE
  5
11
330
3
100
AcDbSymbolTableRecord
100
AcDbTextStyleTableRecord
  2
Standard
 70
     0
 40
0.0
 41
1.0
 50
0.0
 71
     0
 42
0.2
  3
txt
  4

  0
ENDTAB
  0
TABLE
  2
VIEW
  5
6
330
0
100
AcDbSymbolTable
 70
     0
  0
ENDTAB
  0
TABLE
  2
UCS
  5
7
330
0
100
AcDbSymbolTable
 70
     0
  0
ENDTAB
  0
TABLE
  2
APPID
  5
9
330
0
100
AcDbSymbolTable
 70
     1
  0
APPID
  5
12
330
9
100
AcDbSymbolTableRecord
100
AcDbRegAppTableRecord
  2
ACAD
 70
     0
  0
APPID
  5
13
330
9
100
AcDbSymbolTableRecord
100
AcDbRegAppTableRecord
  2
HATCHBACKGROUNDCOLOR
 70
     0
  0
ENDTAB
  0
TABLE
  2
DIMSTYLE
  5
A
330
0
100
AcDbSymbolTable
 70
     1
100
AcDbDimStyleTable
  0
DIMSTYLE
105
27
330
A
100
AcDbSymbolTableRecord
100
AcDbDimStyleTableRecord
  2
Standard
 70
     0
340
11
  0
ENDTAB
  0
TABLE
  2
BLOCK_RECORD
  5
1
330
0
100
AcDbSymbolTable
 70
     1
  0
BLOCK_RECORD
  5
1F
330
1
100
AcDbSymbolTableRecord
100
AcDbBlockTableRecord
  2
*Model_Space
340
22
  0
BLOCK_RECORD
  5
1B
330
1
100
AcDbSymbolTableRecord
100
AcDbBlockTableRecord
  2
*Paper_Space
340
1E
  0
ENDTAB
  0
ENDSEC
  0
SECTION
  2
BLOCKS
  0
BLOCK
  5
20
330
1F
100
AcDbEntity
  8
0
100
AcDbBlockBegin
  2
*Model_Space
 70
     0
 10
0.0
 20
0.0
 30
0.0
  3
*Model_Space
  1

  0
ENDBLK
  5
21
330
1F
100
AcDbEntity
  8
0
100
AcDbBlockEnd
  0
BLOCK
  5
1C
330
1B
100
AcDbEntity
 67
     1
  8
0
100
AcDbBlockBegin
  2
*Paper_Space
 70
     0
 10
0.0
 20
0.0
 30
0.0
  3
*Paper_Space
  1

  0
ENDBLK
  5
1D
330
1B
100
AcDbEntity
 67
     1
  8
0
100
AcDbBlockEnd
  0
ENDSEC
  0
SECTION
  2
ENTITIES
  0
LWPOLYLINE
  5
20000
100
AcDbEntity
  8
0
100
AcDbPolyline
 70
0
 90
2
 10
694169.651208946
 20
6237751.24837777
 10
694181.53635118
 20
6237757.53002646
  0
LWPOLYLINE
  5
20001
100
AcDbEntity
  8
0
100
AcDbPolyline
 70
0
 90
2
 10
694127.335198698
 20
6237728.60041335
 10
694169.651208946
 20
6237751.24837777
  0
LWPOLYLINE
  5
20002
100
AcDbEntity
  8
0
100
AcDbPolyline
 70
0
 90
2
 10
694076.337758413
 20
6237701.13261946
 10
694127.335198698
 20
6237728.60041335
  0
LWPOLYLINE
  5
20003
100
AcDbEntity
  8
0
100
AcDbPolyline
 70
0
 90
2
 10
694069.364552502
 20
6237697.38214352
 10
694076.337758413
 20
6237701.13261946
  0
LWPOLYLINE
  5
20004
100
AcDbEntity
  8
0
100
AcDbPolyline
 70
0
 90
2
 10
693997.654123594
 20
6237658.87404335
 10
694069.364552502
 20
6237697.38214352
  0
LWPOLYLINE
  5
20005
100
AcDbEntity
  8
0
100
AcDbPolyline
 70
0
 90
2
 10
693967.908863715
 20
6237642.82990552
 10
693997.654123594
 20
6237658.87404335
  0
LWPOLYLINE
  5
20006
100
AcDbEntity
  8
0
100
AcDbPolyline
 70
0
 90
2
 10
693946.594777491
 20
6237631.50541423
 10
693967.908863715
 20
6237642.82990552
  0
LWPOLYLINE
  5
20007
100
AcDbEntity
  8
0
100
AcDbPolyline
 70
0
 90
2
 10
693882.469079638
 20
6237597.45740506
 10
693946.594777491
 20
6237631.50541423
  0
LWPOLYLINE
  5
20008
100
AcDbEntity
  8
0
100
AcDbPolyline
 70
0
 90
2
 10
693865.326408899
 20
6237588.70835369
 10
693882.469079638
 20
6237597.45740506
  0
LWPOLYLINE
  5
20009
100
AcDbEntity
  8
0
100
AcDbPolyline
 70
0
 90
2
 10
693803.847643927
 20
6237556.62111942
 10
693865.326408899
 20
6237588.70835369
  0
LWPOLYLINE
  5
2000A
100
AcDbEntity
  8
0
100
AcDbPolyline
 70
0
 90
2
 10
693777.555444047
 20
6237543.098394
 10
693803.847643927
 20
6237556.62111942
  0
LWPOLYLINE
  5
2000B
100
AcDbEntity
  8
0
100
AcDbPolyline
 70
0
 90
2
 10
693672.033865852
 20
6237488.81485591
 10
693777.555444047
 20
6237543.098394
  0
LWPOLYLINE
  5
2000C
100
AcDbEntity
  8
0
100
AcDbPolyline
 70
0
 90
2
 10
693541.094949479
 20
6237420.38381946
 10
693672.033865852
 20
6237488.81485591
  0
LWPOLYLINE
  5
2000D
100
AcDbEntity
  8
0
100
AcDbPolyline
 70
0
 90
2
 10
693529.19762573
 20
6237414.05893673
 10
693541.094949479
 20
6237420.38381946
  0
LWPOLYLINE
  5
2000E
100
AcDbEntity
  8
0
100
AcDbPolyline
 70
0
 90
2
 10
693448.668593271
 20
6237371.2147139
 10
693529.19762573
 20
6237414.05893673
  0
LWPOLYLINE
  5
2000F
100
AcDbEntity
  8
0
100
AcDbPolyline
 70
0
 90
2
 10
693340.546627049
 20
6237314.01303818
 10
693448.668593271
 20
6237371.2147139
  0
LWPOLYLINE
  5
20010
100
AcDbEntity
  8
0
100
AcDbPolyline
 70
0
 90
2
 10
693318.348814142
 20
6237302.26171488
 10
693340.546627049
 20
6237314.01303818
  0
LWPOLYLINE
  5
20011
100
AcDbEntity
  8
0
100
AcDbPolyline
 70
0
 90
2
 10
693309.583938142
 20
6237297.75143213
 10
693318.348814142
 20
6237302.26171488
  0
LWPOLYLINE
  5
20012
100
AcDbEntity
  8
0
100
AcDbPolyline
 70
0
 90
2
 10
693291.271605599
 20
6237287.78143963
 10
693309.583938142
 20
6237297.75143213
  0
LWPOLYLINE
  5
20013
100
AcDbEntity
  8
0
100
AcDbPolyline
 70
0
 90
2
 10
693255.072891229
 20
6237268.16196186
 10
693291.271605599
 20
6237287.78143963
  0
LWPOLYLINE
  5
20014
100
AcDbEntity
  8
0
100
AcDbPolyline
 70
0
 90
2
 10
693211.131005952
 20
6237244.21277802
 10
693255.072891229
 20
6237268.16196186
  0
LWPOLYLINE
  5
20015
100
AcDbEntity
  8
0
100
AcDbPolyline
 70
0
 90
2
 10
693182.987085476
 20
6237230.10850296
 10
693211.131005952
 20
6237244.21277802
  0
LWPOLYLINE
  5
20016
100
AcDbEntity
  8
0
100
AcDbPolyline
 70
0
 90
2
 10
693144.422030284
 20
6237211.18544083
 10
693182.987085476
 20
6237230.10850296
  0
LWPOLYLINE
  5
20017
100
AcDbEntity
  8
0
100
AcDbPolyline
 70
0
 90
2
 10
693116.570382889
 20
6237201.17454067
 10
693144.422030284
 20
6237211.18544083
  0
LWPOLYLINE
  5
20018
100
AcDbEntity
  8
0
100
AcDbPolyline
 70
0
 90
2
 10
693089.249286308
 20
6237191.64485461
 10
693116.570382889
 20
6237201.17454067
  0
LWPOLYLINE
  5
20019
100
AcDbEntity
  8
0
100
AcDbPolyline
 70
0
 90
2
 10
693071.897574351
 20
6237186.0776818
 10
693089.249286308
 20
6237191.64485461
  0
LWPOLYLINE
  5
2001A
100
AcDbEntity
  8
0
100
AcDbPolyline
 70
0
 90
2
 10
693064.782237341
 20
6237184.06140426
 10
693071.897574351
 20
6237186.0776818
  0
LWPOLYLINE
  5
2001B
100
AcDbEntity
  8
0
100
AcDbPolyline
 70
0
 90
2
 10
693055.540041087
 20
6237181.44730011
 10
693064.782237341
 20
6237184.06140426
  0
LWPOLYLINE
  5
2001C
100
AcDbEntity
  8
0
100
AcDbPolyline
 70
0
 90
2
 10
693015.82721733
 20
6237173.74278305
 10
693055.540041087
 20
6237181.44730011
  0
LWPOLYLINE
  5
2001D
100
AcDbEntity
  8
0
100
AcDbPolyline
 70
0
 90
2
 10
692993.713046595
 20
6237170.40160151
 10
693015.82721733
 20
6237173.74278305
  0
LWPOLYLINE
  5
2001E
100
AcDbEntity
  8
0
100
AcDbPolyline
 70
0
 90
2
 10
692933.454917045
 20
6237165.83707219
 10
692993.713046595
 20
6237170.40160151
  0
LWPOLYLINE
  5
2001F
100
AcDbEntity
  8
0
100
AcDbPolyline
 70
0
 90
2
 10
692871.972567739
 20
6237160.61613962
 10
692933.454917045
 20
6237165.83707219
  0
LWPOLYLINE
  5
20020
100
AcDbEntity
  8
0
100
AcDbPolyline
 70
0
 90
2
 10
692860.944579158
 20
6237160.01730204
 10
692871.972567739
 20
6237160.61613962
  0
LWPOLYLINE
  5
20021
100
AcDbEntity
  8
0
100
AcDbPolyline
 70
0
 90
2
 10
692832.850947559
 20
6237157.67738953
 10
692860.944579158
 20
6237160.01730204
  0
LWPOLYLINE
  5
20022
100
AcDbEntity
  8
0
100
AcDbPolyline
 70
0
 90
2
 10
692824.937992668
 20
6237156.96306446
 10
692832.850947559
 20
6237157.67738953
  0
LWPOLYLINE
  5
20023
100
AcDbEntity
  8
0
100
AcDbPolyline
 70
0
 90
2
 10
692707.809689024
 20
6237146.34298997
 10
692824.937992668
 20
6237156.96306446
  0
LWPOLYLINE
  5
20024
100
AcDbEntity
  8
0
100
AcDbPolyline
 70
0
 90
2
 10
696606.82069502
 20
6237087.4804985
 10
696652.068916086
 20
6237185.96731291
  0
LWPOLYLINE
  5
20025
100
AcDbEntity
  8
0
100
AcDbPolyline
 70
0
 90
2
 10
696532.434387245
 20
6236994.95354042
 10
696606.82069502
 20
6237087.4804985
  0
LWPOLYLINE
  5
20026
100
AcDbEntity
  8
0
100
AcDbPolyline
 70
0
 90
2
 10
696990.830032469
 20
6232750.93558152
 10
697068.528915088
 20
6232667.89323785
  0
LWPOLYLINE
  5
20027
100
AcDbEntity
  8
0
100
AcDbPolyline
 70
0
 90
2
 10
696892.539427065
 20
6232855.9823158
 10
696990.83003247
 20
6232750.93558152
  0
LWPOLYLINE
  5
20028
100
AcDbEntity
  8
0
100
AcDbPolyline
 70
0
 90
2
 10
696743.395546133
 20
6233018.18154619
 10
696892.539427065
 20
6232855.9823158
  0
LWPOLYLINE
  5
20029
100
AcDbEntity
  8
0
100
AcDbPolyline
 70
0
 90
2
 10
696697.396121259
 20
6233068.22122614
 10
696743.395546135
 20
6233018.18154619
  0
LWPOLYLINE
  5
2002A
100
AcDbEntity
  8
0
100
AcDbPolyline
 70
0
 90
2
 10
696670.659401186
 20
6233094.92520523
 10
696697.396121253
 20
6233068.22122614
  0
LWPOLYLINE
  5
2002B
100
AcDbEntity
  8
0
100
AcDbPolyline
 70
0
 90
2
 10
696636.953605893
 20
6233128.59881929
 10
696670.659401186
 20
6233094.92520523
  0
LWPOLYLINE
  5
2002C
100
AcDbEntity
  8
0
100
AcDbPolyline
 70
0
 90
2
 10
696611.712522909
 20
6233148.33809842
 10
696636.953605893
 20
6233128.59881929
  0
LWPOLYLINE
  5
2002D
100
AcDbEntity
  8
0
100
AcDbPolyline
 70
0
 90
2
 10
692987.540187519
 20
6237152.4883988
 10
692993.713046595
 20
6237170.40160151
  0
LWPOLYLINE
  5
2002E
100
AcDbEntity
  8
0
100
AcDbPolyline
 70
0
 90
2
 10
692982.477305745
 20
6237132.12856864
 10
692987.540187519
 20
6237152.4883988
  0
LWPOLYLINE
  5
2002F
100
AcDbEntity
  8
0
100
AcDbPolyline
 70
0
 90
2
 10
692975.658726173
 20
6237120.94104451
 10
692982.477305745
 20
6237132.12856864
  0
LWPOLYLINE
  5
20030
100
AcDbEntity
  8
0
100
AcDbPolyline
 70
0
 90
2
 10
692932.213910895
 20
6237059.85456451
 10
692975.658726173
 20
6237120.94104451
  0
LWPOLYLINE
  5
20031
100
AcDbEntity
  8
0
100
AcDbPolyline
 70
0
 90
2
 10
692878.191604099
 20
6236981.84918908
 10
692932.213910894
 20
6237059.85456451
  0
LWPOLYLINE
  5
20032
100
AcDbEntity
  8
0
100
AcDbPolyline
 70
0
 90
2
 10
692865.280191021
 20
6236961.6586611
 10
692878.191604099
 20
6236981.84918908
  0
LWPOLYLINE
  5
20033
100
AcDbEntity
  8
0
100
AcDbPolyline
 70
0
 90
2
 10
692858.625610584
 20
6236946.1427469
 10
692865.280191021
 20
6236961.6586611
  0
LWPOLYLINE
  5
20034
100
AcDbEntity
  8
0
100
AcDbPolyline
 70
0
 90
2
 10
692854.343173079
 20
6236929.50793628
 10
692858.625610585
 20
6236946.1427469
  0
LWPOLYLINE
  5
20035
100
AcDbEntity
  8
0
100
AcDbPolyline
 70
0
 90
2
 10
692850.8123805
 20
6236910.80039616
 10
692854.343173079
 20
6236929.50793628
  0
LWPOLYLINE
  5
20036
100
AcDbEntity
  8
0
100
AcDbPolyline
 70
0
 90
2
 10
692845.723232405
 20
6236868.33589263
 10
692850.8123805
 20
6236910.80039616
  0
LWPOLYLINE
  5
20037
100
AcDbEntity
  8
0
100
AcDbPolyline
 70
0
 90
2
 10
692829.76729983
 20
6236734.17882206
 10
692845.723232405
 20
6236868.33589263
  0
LWPOLYLINE
  5
20038
100
AcDbEntity
  8
0
100
AcDbPolyline
 70
0
 90
2
 10
692828.986246279
 20
6236712.58600344
 10
692829.76729983
 20
6236734.17882206
  0
LWPOLYLINE
  5
20039
100
AcDbEntity
  8
0
100
AcDbPolyline
 70
0
 90
2
 10
692828.986246279
 20
6236712.58600344
 10
692833.666020434
 20
6236691.4517428
  0
LWPOLYLINE
  5
2003A
100
AcDbEntity
  8
0
100
AcDbPolyline
 70
0
 90
2
 10
692833.666020434
 20
6236691.4517428
 10
692839.257966414
 20
6236677.47023773
  0
LWPOLYLINE
  5
2003B
100
AcDbEntity
  8
0
100
AcDbPolyline
 70
0
 90
2
 10
692839.257966414
 20
6236677.47023773
 10
692845.463913577
 20
6236664.46394714
  0
LWPOLYLINE
  5
2003C
100
AcDbEntity
  8
0
100
AcDbPolyline
 70
0
 90
2
 10
692845.463913577
 20
6236664.46394714
 10
692854.867929319
 20
6236649.23911706
  0
LWPOLYLINE
  5
2003D
100
AcDbEntity
  8
0
100
AcDbPolyline
 70
0
 90
2
 10
693795.795031099
 20
6238481.80712206
 10
693796.660827947
 20
6238470.26123978
  0
LWPOLYLINE
  5
2003E
100
AcDbEntity
  8
0
100
AcDbPolyline
 70
0
 90
2
 10
693796.660827947
 20
6238470.26123978
 10
693800.205104715
 20
6238422.99633878
  0
LWPOLYLINE
  5
2003F
100
AcDbEntity
  8
0
100
AcDbPolyline
 70
0
 90
2
 10
693800.205104715
 20
6238422.99633878
 10
693806.424238321
 20
6238316.59288622
  0
LWPOLYLINE
  5
20040
100
AcDbEntity
  8
0
100
AcDbPolyline
 70
0
 90
2
 10
693806.424238321
 20
6238316.59288622
 10
693814.391527226
 20
6238221.29307604
  0
LWPOLYLINE
  5
20041
100
AcDbEntity
  8
0
100
AcDbPolyline
 70
0
 90
2
 10
693814.391527226
 20
6238221.29307604
 10
693821.581539254
 20
6238158.39514971
  0
LWPOLYLINE
  5
20042
100
AcDbEntity
  8
0
100
AcDbPolyline
 70
0
 90
2
 10
693821.581539254
 20
6238158.39514971
 10
693822.840081632
 20
6238146.26888799
  0
LWPOLYLINE
  5
20043
100
AcDbEntity
  8
0
100
AcDbPolyline
 70
0
 90
2
 10
693822.840081632
 20
6238146.26888799
 10
693826.469500174
 20
6238111.33254226
  0
LWPOLYLINE
  5
20044
100
AcDbEntity
  8
0
100
AcDbPolyline
 70
0
 90
2
 10
693826.469500174
 20
6238111.33254226
 10
693833.549833023
 20
6238043.06803112
  0
LWPOLYLINE
  5
20045
100
AcDbEntity
  8
0
100
AcDbPolyline
 70
0
 90
2
 10
693833.549833023
 20
6238043.06803112
 10
693861.751666609
 20
6238014.91103911
  0
LWPOLYLINE
  5
20046
100
AcDbEntity
  8
0
100
AcDbPolyline
 70
0
 90
2
 10
693861.751666614
 20
6238014.91103911
 10
693896.959945015
 20
6237975.84787097
  0
LWPOLYLINE
  5
20047
100
AcDbEntity
  8
0
100
AcDbPolyline
 70
0
 90
2
 10
695726.022466796
 20
6238591.6858103
 10
695743.835740389
 20
6238672.46188548
  0
LWPOLYLINE
  5
20048
100
AcDbEntity
  8
0
100
AcDbPolyline
 70
0
 90
2
 10
695700.963051695
 20
6238490.28955526
 10
695726.022466796
 20
6238591.6858103
  0
LWPOLYLINE
  5
20049
100
AcDbEntity
  8
0
100
AcDbPolyline
 70
0
 90
2
 10
695676.959975714
 20
6238387.61550684
 10
695700.963051695
 20
6238490.28955526
  0
LWPOLYLINE
  5
2004A
100
AcDbEntity
  8
0
100
AcDbPolyline
 70
0
 90
2
 10
695637.019770679
 20
6238243.64624861
 10
695676.959975714
 20
6238387.61550684
  0
LWPOLYLINE
  5
2004B
100
AcDbEntity
  8
0
100
AcDbPolyline
 70
0
 90
2
 10
695602.682361355
 20
6238100.9935034
 10
695637.019770679
 20
6238243.64624861
  0
LWPOLYLINE
  5
2004C
100
AcDbEntity
  8
0
100
AcDbPolyline
 70
0
 90
2
 10
695065.115612901
 20
6238354.3141814
 10
695074.094045846
 20
6238384.46510507
  0
LWPOLYLINE
  5
2004D
100
AcDbEntity
  8
0
100
AcDbPolyline
 70
0
 90
2
 10
695074.094045846
 20
6238384.46510507
 10
695117.130265303
 20
6238374.45078099
  0
LWPOLYLINE
  5
2004E
100
AcDbEntity
  8
0
100
AcDbPolyline
 70
0
 90
2
 10
695117.130265303
 20
6238374.45078099
 10
695324.15073501
 20
6238322.83011343
  0
LWPOLYLINE
  5
2004F
100
AcDbEntity
  8
0
100
AcDbPolyline
 70
0
 90
2
 10
695324.15073501
 20
6238322.83011343
 10
695637.019770676
 20
6238243.64624861
  0
LWPOLYLINE
  5
20050
100
AcDbEntity
  8
0
100
AcDbPolyline
 70
0
 90
2
 10
695637.019770676
 20
6238243.64624861
 10
695719.872962181
 20
6238229.54529164
  0
LWPOLYLINE
  5
20051
100
AcDbEntity
  8
0
100
AcDbPolyline
 70
0
 90
2
 10
695719.872962181
 20
6238229.54529164
 10
695759.28132549
 20
6238227.53044885
  0
LWPOLYLINE
  5
20052
100
AcDbEntity
  8
0
100
AcDbPolyline
 70
0
 90
2
 10
695759.28132549
 20
6238227.53044885
 10
695767.177942526
 20
6238233.96809355
  0
LWPOLYLINE
  5
20053
100
AcDbEntity
  8
0
100
AcDbPolyline
 70
0
 90
2
 10
695767.177942527
 20
6238233.96809355
 10
695773.783590578
 20
6238242.02971352
  0
LWPOLYLINE
  5
20054
100
AcDbEntity
  8
0
100
AcDbPolyline
 70
0
 90
2
 10
695364.221670637
 20
6238460.8938693
 10
695676.959975714
 20
6238387.61550684
  0
LWPOLYLINE
  5
20055
100
AcDbEntity
  8
0
100
AcDbPolyline
 70
0
 90
2
 10
695676.959975714
 20
6238387.61550684
 10
695796.837695653
 20
6238355.61844993
  0
LWPOLYLINE
  5
20056
100
AcDbEntity
  8
0
100
AcDbPolyline
 70
0
 90
2
 10
695793.990969345
 20
6238125.48875341
 10
695816.029875994
 20
6238205.9127811
  0
LWPOLYLINE
  5
20057
100
AcDbEntity
  8
0
100
AcDbPolyline
 70
0
 90
2
 10
695777.834702917
 20
6238066.02400635
 10
695793.990969345
 20
6238125.48875341
  0
LWPOLYLINE
  5
20058
100
AcDbEntity
  8
0
100
AcDbPolyline
 70
0
 90
2
 10
695775.110916958
 20
6238056.00032493
 10
695777.834702917
 20
6238066.02400635
  0
LWPOLYLINE
  5
20059
100
AcDbEntity
  8
0
100
AcDbPolyline
 70
0
 90
2
 10
695918.215696433
 20
6237729.71716391
 10
695928.201503786
 20
6237799.19899132
  0
LWPOLYLINE
  5
2005A
100
AcDbEntity
  8
0
100
AcDbPolyline
 70
0
 90
2
 10
695928.201503786
 20
6237799.19899132
 10
695944.126835338
 20
6237858.40849875
  0
LWPOLYLINE
  5
2005B
100
AcDbEntity
  8
0
100
AcDbPolyline
 70
0
 90
2
 10
693131.163975349
 20
6238066.05894386
 10
693253.426388034
 20
6238100.05436527
  0
LWPOLYLINE
  5
2005C
100
AcDbEntity
  8
0
100
AcDbPolyline
 70
0
 90
2
 10
693108.266715506
 20
6238059.6940887
 10
693131.163975349
 20
6238066.05894386
  0
LWPOLYLINE
  5
2005D
100
AcDbEntity
  8
0
100
AcDbPolyline
 70
0
 90
2
 10
692919.715235237
 20
6237959.31319197
 10
693108.266715506
 20
6238059.6940887
  0
LWPOLYLINE
  5
2005E
100
AcDbEntity
  8
0
100
AcDbPolyline
 70
0
 90
2
 10
692912.245387851
 20
6237669.70889572
 10
692950.795463262
 20
6237701.78244934
  0
LWPOLYLINE
  5
2005F
100
AcDbEntity
  8
0
100
AcDbPolyline
 70
0
 90
2
 10
692950.795463261
 20
6237701.78244934
 10
692976.185213171
 20
6237737.6081988
  0
LWPOLYLINE
  5
20060
100
AcDbEntity
  8
0
100
AcDbPolyline
 70
0
 90
2
 10
692976.185213169
 20
6237737.6081988
 10
693035.413743612
 20
6237779.55775233
  0
LWPOLYLINE
  5
20061
100
AcDbEntity
  8
0
100
AcDbPolyline
 70
0
 90
2
 10
693035.413743612
 20
6237779.55775233
 10
693180.082380401
 20
6237873.32984278
  0
LWPOLYLINE
  5
20062
100
AcDbEntity
  8
0
100
AcDbPolyline
 70
0
 90
2
 10
693180.082380401
 20
6237873.32984278
 10
693257.287795876
 20
6237920.8677288
  0
LWPOLYLINE
  5
20063
100
AcDbEntity
  8
0
100
AcDbPolyline
 70
0
 90
2
 10
693257.287795876
 20
6237920.8677288
 10
693316.353605806
 20
6237960.81889748
  0
LWPOLYLINE
  5
20064
100
AcDbEntity
  8
0
100
AcDbPolyline
 70
0
 90
2
 10
692919.715235237
 20
6237959.31319197
 10
692950.376110221
 20
6237906.29328579
  0
LWPOLYLINE
  5
20065
100
AcDbEntity
  8
0
100
AcDbPolyline
 70
0
 90
2
 10
692950.376110221
 20
6237906.29328579
 10
692982.86791853
 20
6237853.83569774
  0
LWPOLYLINE
  5
20066
100
AcDbEntity
  8
0
100
AcDbPolyline
 70
0
 90
2
 10
692982.86791853
 20
6237853.83569774
 10
693009.019588889
 20
6237816.69674514
  0
LWPOLYLINE
  5
20067
100
AcDbEntity
  8
0
100
AcDbPolyline
 70
0
 90
2
 10
693009.019588889
 20
6237816.69674514
 10
693035.413743612
 20
6237779.55775233
  0
LWPOLYLINE
  5
20068
100
AcDbEntity
  8
0
100
AcDbPolyline
 70
0
 90
2
 10
694958.63233778
 20
6238249.99160519
 10
694980.667406619
 20
6238375.19885314
  0
LWPOLYLINE
  5
20069
100
AcDbEntity
  8
0
100
AcDbPolyline
 70
0
 90
2
 10
695242.795257495
 20
6237982.17431455
 10
695246.299915216
 20
6237966.89608511
  0
LWPOLYLINE
  5
2006A
100
AcDbEntity
  8
0
100
AcDbPolyline
 70
0
 90
2
 10
695242.795257495
 20
6237982.17431455
 10
695254.3592249
 20
6238029.86680706
  0
LWPOLYLINE
  5
2006B
100
AcDbEntity
  8
0
100
AcDbPolyline
 70
0
 90
2
 10
695254.3592249
 20
6238029.86680706
 10
695256.254125277
 20
6238036.19589705
  0
LWPOLYLINE
  5
2006C
100
AcDbEntity
  8
0
100
AcDbPolyline
 70
0
 90
2
 10
695256.254125277
 20
6238036.19589705
 10
695290.002802995
 20
6238164.18200596
  0
LWPOLYLINE
  5
2006D
100
AcDbEntity
  8
0
100
AcDbPolyline
 70
0
 90
2
 10
695290.002802995
 20
6238164.18200596
 10
695293.40428011
 20
6238176.91163277
  0
LWPOLYLINE
  5
2006E
100
AcDbEntity
  8
0
100
AcDbPolyline
 70
0
 90
2
 10
695293.40428011
 20
6238176.91163277
 10
695324.150735146
 20
6238322.8301134
  0
LWPOLYLINE
  5
2006F
100
AcDbEntity
  8
0
100
AcDbPolyline
 70
0
 90
2
 10
695324.150735146
 20
6238322.8301134
 10
695345.098295051
 20
6238397.29330296
  0
LWPOLYLINE
  5
20070
100
AcDbEntity
  8
0
100
AcDbPolyline
 70
0
 90
2
 10
695345.098295051
 20
6238397.29330296
 10
695348.823727342
 20
6238410.52831407
  0
LWPOLYLINE
  5
20071
100
AcDbEntity
  8
0
100
AcDbPolyline
 70
0
 90
2
 10
695348.823727342
 20
6238410.52831407
 10
695364.221670637
 20
6238460.8938693
  0
LWPOLYLINE
  5
20072
100
AcDbEntity
  8
0
100
AcDbPolyline
 70
0
 90
2
 10
694259.19523028
 20
6239033.89509082
 10
694311.012885496
 20
6239106.69353187
  0
LWPOLYLINE
  5
20073
100
AcDbEntity
  8
0
100
AcDbPolyline
 70
0
 90
2
 10
694207.076438583
 20
6238972.16369555
 10
694259.19523028
 20
6239033.89509082
  0
LWPOLYLINE
  5
20074
100
AcDbEntity
  8
0
100
AcDbPolyline
 70
0
 90
2
 10
694163.826751024
 20
6238915.11729555
 10
694207.076438583
 20
6238972.16369555
  0
LWPOLYLINE
  5
20075
100
AcDbEntity
  8
0
100
AcDbPolyline
 70
0
 90
2
 10
694130.255962556
 20
6238868.42162575
 10
694163.826751024
 20
6238915.11729555
  0
LWPOLYLINE
  5
20076
100
AcDbEntity
  8
0
100
AcDbPolyline
 70
0
 90
2
 10
694059.796789098
 20
6238780.93299613
 10
694130.255962556
 20
6238868.42162575
  0
LWPOLYLINE
  5
20077
100
AcDbEntity
  8
0
100
AcDbPolyline
 70
0
 90
2
 10
694467.046915066
 20
6238765.48804443
 10
694670.801522901
 20
6238656.98396832
  0
LWPOLYLINE
  5
20078
100
AcDbEntity
  8
0
100
AcDbPolyline
 70
0
 90
2
 10
694462.747815707
 20
6238767.77775022
 10
694467.046915066
 20
6238765.48804443
  0
LWPOLYLINE
  5
20079
100
AcDbEntity
  8
0
100
AcDbPolyline
 70
0
 90
2
 10
694467.046915066
 20
6238765.48804443
 10
694467.046919652
 20
6238765.48804199
  0
LWPOLYLINE
  5
2007A
100
AcDbEntity
  8
0
100
AcDbPolyline
 70
0
 90
2
 10
693187.610181257
 20
6237254.67331926
 10
693197.577563406
 20
6237250.24047248
  0
LWPOLYLINE
  5
2007B
100
AcDbEntity
  8
0
100
AcDbPolyline
 70
0
 90
2
 10
693197.577563406
 20
6237250.24047248
 10
693211.131005955
 20
6237244.21277802
  0
LWPOLYLINE
  5
2007C
100
AcDbEntity
  8
0
100
AcDbPolyline
 70
0
 90
2
 10
693006.820355403
 20
6237341.96172771
 10
693187.610181257
 20
6237254.67331926
  0
LWPOLYLINE
  5
2007D
100
AcDbEntity
  8
0
100
AcDbPolyline
 70
0
 90
2
 10
692987.658381619
 20
6237369.9758222
 10
693006.820355402
 20
6237341.96172771
  0
LWPOLYLINE
  5
2007E
100
AcDbEntity
  8
0
100
AcDbPolyline
 70
0
 90
2
 10
692958.910474939
 20
6237481.75811213
 10
692987.658381619
 20
6237369.9758222
  0
LWPOLYLINE
  5
2007F
100
AcDbEntity
  8
0
100
AcDbPolyline
 70
0
 90
2
 10
692933.74559042
 20
6237590.78215345
 10
692958.910474939
 20
6237481.75811213
  0
LWPOLYLINE
  5
20080
100
AcDbEntity
  8
0
100
AcDbPolyline
 70
0
 90
2
 10
692912.245387851
 20
6237669.70889572
 10
692933.74559042
 20
6237590.78215345
  0
LWPOLYLINE
  5
20081
100
AcDbEntity
  8
0
100
AcDbPolyline
 70
0
 90
2
 10
693046.782406144
 20
6237500.49175958
 10
693070.060133137
 20
6237505.51340361
  0
LWPOLYLINE
  5
20082
100
AcDbEntity
  8
0
100
AcDbPolyline
 70
0
 90
2
 10
692958.910474941
 20
6237481.75811212
 10
693046.782406144
 20
6237500.49175958
  0
LWPOLYLINE
  5
20083
100
AcDbEntity
  8
0
100
AcDbPolyline
 70
0
 90
2
 10
692951.959982518
 20
6238734.58395511
 10
692974.71166931
 20
6238736.27116028
  0
LWPOLYLINE
  5
20084
100
AcDbEntity
  8
0
100
AcDbPolyline
 70
0
 90
2
 10
692870.325039642
 20
6238730.38924086
 10
692951.959982518
 20
6238734.58395511
  0
LWPOLYLINE
  5
20085
100
AcDbEntity
  8
0
100
AcDbPolyline
 70
0
 90
2
 10
692766.991109053
 20
6238725.10365937
 10
692870.325039642
 20
6238730.38924086
  0
LWPOLYLINE
  5
20086
100
AcDbEntity
  8
0
100
AcDbPolyline
 70
0
 90
2
 10
692587.533547873
 20
6238715.86917074
 10
692766.991109053
 20
6238725.10365937
  0
LWPOLYLINE
  5
20087
100
AcDbEntity
  8
0
100
AcDbPolyline
 70
0
 90
2
 10
692573.425357493
 20
6238715.14284926
 10
692587.533547873
 20
6238715.86917074
  0
LWPOLYLINE
  5
20088
100
AcDbEntity
  8
0
100
AcDbPolyline
 70
0
 90
2
 10
696185.647799816
 20
6237943.99560953
 10
696427.270611442
 20
6237889.17983827
  0
LWPOLYLINE
  5
20089
100
AcDbEntity
  8
0
100
AcDbPolyline
 70
0
 90
2
 10
695982.2615095
 20
6238000.63705927
 10
696185.647799816
 20
6237943.99560953
  0
LWPOLYLINE
  5
2008A
100
AcDbEntity
  8
0
100
AcDbPolyline
 70
0
 90
2
 10
694147.562920218
 20
6238010.57771701
 10
694176.573309514
 20
6237956.39809911
  0
LWPOLYLINE
  5
2008B
100
AcDbEntity
  8
0
100
AcDbPolyline
 70
0
 90
2
 10
694124.853153988
 20
6237998.74277574
 10
694147.562920218
 20
6238010.57771701
  0
LWPOLYLINE
  5
2008C
100
AcDbEntity
  8
0
100
AcDbPolyline
 70
0
 90
2
 10
694111.131386147
 20
6237991.92063809
 10
694124.853153988
 20
6237998.74277574
  0
LWPOLYLINE
  5
2008D
100
AcDbEntity
  8
0
100
AcDbPolyline
 70
0
 90
2
 10
694053.305487422
 20
6237963.19467379
 10
694111.131386147
 20
6237991.92063809
  0
LWPOLYLINE
  5
2008E
100
AcDbEntity
  8
0
100
AcDbPolyline
 70
0
 90
2
 10
693574.229351372
 20
6238197.84601059
 10
693606.161156076
 20
6238117.53387651
  0
LWPOLYLINE
  5
2008F
100
AcDbEntity
  8
0
100
AcDbPolyline
 70
0
 90
2
 10
693606.161156076
 20
6238117.53387651
 10
693633.281181988
 20
6238051.91784405
  0
LWPOLYLINE
  5
20090
100
AcDbEntity
  8
0
100
AcDbPolyline
 70
0
 90
2
 10
693630.857445489
 20
6238041.87604173
 10
693633.281181988
 20
6238051.91784405
  0
LWPOLYLINE
  5
20091
100
AcDbEntity
  8
0
100
AcDbPolyline
 70
0
 90
2
 10
693714.385999295
 20
6237881.83347367
 10
693768.098605276
 20
6237909.49832524
  0
LWPOLYLINE
  5
20092
100
AcDbEntity
  8
0
100
AcDbPolyline
 70
0
 90
2
 10
693768.098605276
 20
6237909.49832524
 10
693829.227937032
 20
6237940.96757894
  0
LWPOLYLINE
  5
20093
100
AcDbEntity
  8
0
100
AcDbPolyline
 70
0
 90
2
 10
693829.227937032
 20
6237940.96757894
 10
693896.959941795
 20
6237975.84786931
  0
LWPOLYLINE
  5
20094
100
AcDbEntity
  8
0
100
AcDbPolyline
 70
0
 90
2
 10
693896.959941795
 20
6237975.84786931
 10
694013.428112599
 20
6238035.83032044
  0
LWPOLYLINE
  5
20095
100
AcDbEntity
  8
0
100
AcDbPolyline
 70
0
 90
2
 10
694094.923942311
 20
6238280.14284544
 10
694100.20882723
 20
6238288.24189461
  0
LWPOLYLINE
  5
20096
100
AcDbEntity
  8
0
100
AcDbPolyline
 70
0
 90
2
 10
694042.1574695
 20
6238377.90732374
 10
694100.20882723
 20
6238288.24189461
  0
LWPOLYLINE
  5
20097
100
AcDbEntity
  8
0
100
AcDbPolyline
 70
0
 90
2
 10
693988.854415614
 20
6238464.18895662
 10
694042.1574695
 20
6238377.90732374
  0
LWPOLYLINE
  5
20098
100
AcDbEntity
  8
0
100
AcDbPolyline
 70
0
 90
2
 10
693987.017306875
 20
6238491.61578883
 10
693988.854415614
 20
6238464.18895662
  0
LWPOLYLINE
  5
20099
100
AcDbEntity
  8
0
100
AcDbPolyline
 70
0
 90
2
 10
693987.017306875
 20
6238491.61578883
 10
693989.793029705
 20
6238517.35748919
  0
LWPOLYLINE
  5
2009A
100
AcDbEntity
  8
0
100
AcDbPolyline
 70
0
 90
2
 10
693989.793029705
 20
6238517.35748919
 10
693992.634771653
 20
6238543.69298075
  0
LWPOLYLINE
  5
2009B
100
AcDbEntity
  8
0
100
AcDbPolyline
 70
0
 90
2
 10
693992.634771653
 20
6238543.69298075
 10
694047.169628803
 20
6238638.14132437
  0
LWPOLYLINE
  5
2009C
100
AcDbEntity
  8
0
100
AcDbPolyline
 70
0
 90
2
 10
694047.169628803
 20
6238638.14132437
 10
694054.509873825
 20
6238650.85381727
  0
LWPOLYLINE
  5
2009D
100
AcDbEntity
  8
0
100
AcDbPolyline
 70
0
 90
2
 10
695404.24968329
 20
6238147.84509644
 10
695602.682361355
 20
6238100.9935034
  0
LWPOLYLINE
  5
2009E
100
AcDbEntity
  8
0
100
AcDbPolyline
 70
0
 90
2
 10
695293.40428011
 20
6238176.91163277
 10
695404.24968329
 20
6238147.84509644
  0
LWPOLYLINE
  5
2009F
100
AcDbEntity
  8
0
100
AcDbPolyline
 70
0
 90
2
 10
695032.720241024
 20
6238233.28087579
 10
695293.40428011
 20
6238176.91163277
  0
LWPOLYLINE
  5
200A0
100
AcDbEntity
  8
0
100
AcDbPolyline
 70
0
 90
2
 10
694109.176574098
 20
6237861.40242811
 10
694161.682179182
 20
6237765.76390022
  0
LWPOLYLINE
  5
200A1
100
AcDbEntity
  8
0
100
AcDbPolyline
 70
0
 90
2
 10
694161.682179182
 20
6237765.76390022
 10
694169.651209057
 20
6237751.24837783
  0
LWPOLYLINE
  5
200A2
100
AcDbEntity
  8
0
100
AcDbPolyline
 70
0
 90
2
 10
694090.18745712
 20
6237895.03781378
 10
694109.176574098
 20
6237861.40242811
  0
LWPOLYLINE
  5
200A3
100
AcDbEntity
  8
0
100
AcDbPolyline
 70
0
 90
2
 10
694082.371210017
 20
6237910.23200334
 10
694090.18745712
 20
6237895.03781378
  0
LWPOLYLINE
  5
200A4
100
AcDbEntity
  8
0
100
AcDbPolyline
 70
0
 90
2
 10
694053.3054872
 20
6237963.19467419
 10
694082.371210017
 20
6237910.23200334
  0
LWPOLYLINE
  5
200A5
100
AcDbEntity
  8
0
100
AcDbPolyline
 70
0
 90
2
 10
694013.428112223
 20
6238035.83032113
 10
694053.3054872
 20
6237963.19467419
  0
LWPOLYLINE
  5
200A6
100
AcDbEntity
  8
0
100
AcDbPolyline
 70
0
 90
2
 10
693978.538305458
 20
6238099.39663767
 10
694013.428112223
 20
6238035.83032113
  0
LWPOLYLINE
  5
200A7
100
AcDbEntity
  8
0
100
AcDbPolyline
 70
0
 90
2
 10
693978.538305458
 20
6238099.39663767
 10
694023.836919349
 20
6238121.20924336
  0
LWPOLYLINE
  5
200A8
100
AcDbEntity
  8
0
100
AcDbPolyline
 70
0
 90
2
 10
694023.836919349
 20
6238121.20924336
 10
694026.968255937
 20
6238127.81685676
  0
LWPOLYLINE
  5
200A9
100
AcDbEntity
  8
0
100
AcDbPolyline
 70
0
 90
2
 10
694026.968255938
 20
6238127.81685676
 10
694031.226255094
 20
6238136.80540704
  0
LWPOLYLINE
  5
200AA
100
AcDbEntity
  8
0
100
AcDbPolyline
 70
0
 90
2
 10
694031.226255094
 20
6238136.80540704
 10
694031.226259951
 20
6238136.80541729
  0
LWPOLYLINE
  5
200AB
100
AcDbEntity
  8
0
100
AcDbPolyline
 70
0
 90
2
 10
694031.226255094
 20
6238136.80540704
 10
694045.710049544
 20
6238167.38246959
  0
LWPOLYLINE
  5
200AC
100
AcDbEntity
  8
0
100
AcDbPolyline
 70
0
 90
2
 10
694045.710049543
 20
6238167.38246959
 10
694064.796334406
 20
6238245.33130917
  0
LWPOLYLINE
  5
200AD
100
AcDbEntity
  8
0
100
AcDbPolyline
 70
0
 90
2
 10
694064.796334407
 20
6238245.33130917
 10
694074.524689004
 20
6238265.704547
  0
LWPOLYLINE
  5
200AE
100
AcDbEntity
  8
0
100
AcDbPolyline
 70
0
 90
2
 10
694074.524689004
 20
6238265.704547
 10
694094.923942311
 20
6238280.14284544
  0
LWPOLYLINE
  5
200AF
100
AcDbEntity
  8
0
100
AcDbPolyline
 70
0
 90
2
 10
693169.145093825
 20
6238260.75045223
 10
693253.426388028
 20
6238100.05436528
  0
LWPOLYLINE
  5
200B0
100
AcDbEntity
  8
0
100
AcDbPolyline
 70
0
 90
2
 10
693166.247049642
 20
6238275.41085579
 10
693168.140807524
 20
6238265.83085872
  0
LWPOLYLINE
  5
200B1
100
AcDbEntity
  8
0
100
AcDbPolyline
 70
0
 90
2
 10
693168.140807524
 20
6238265.83085872
 10
693169.145093825
 20
6238260.75045223
  0
LWPOLYLINE
  5
200B2
100
AcDbEntity
  8
0
100
AcDbPolyline
 70
0
 90
2
 10
692850.447420794
 20
6237771.98273885
 10
692982.867918531
 20
6237853.83569774
  0
LWPOLYLINE
  5
200B3
100
AcDbEntity
  8
0
100
AcDbPolyline
 70
0
 90
2
 10
695988.33103548
 20
6237847.19648389
 10
696151.703571581
 20
6237806.05970078
  0
LWPOLYLINE
  5
200B4
100
AcDbEntity
  8
0
100
AcDbPolyline
 70
0
 90
2
 10
695948.933953403
 20
6237857.12445757
 10
695988.33103548
 20
6237847.19648389
  0
LWPOLYLINE
  5
200B5
100
AcDbEntity
  8
0
100
AcDbPolyline
 70
0
 90
2
 10
695773.783590578
 20
6238242.02971352
 10
695816.029875994
 20
6238205.9127811
  0
LWPOLYLINE
  5
200B6
100
AcDbEntity
  8
0
100
AcDbPolyline
 70
0
 90
2
 10
695944.126835338
 20
6237858.40849875
 10
695945.832988851
 20
6237864.77387229
  0
LWPOLYLINE
  5
200B7
100
AcDbEntity
  8
0
100
AcDbPolyline
 70
0
 90
2
 10
695945.83298885
 20
6237864.77387229
 10
695982.2615095
 20
6238000.63705927
  0
LWPOLYLINE
  5
200B8
100
AcDbEntity
  8
0
100
AcDbPolyline
 70
0
 90
2
 10
695982.2615095
 20
6238000.63705927
 10
696005.384057781
 20
6238096.99674991
  0
LWPOLYLINE
  5
200B9
100
AcDbEntity
  8
0
100
AcDbPolyline
 70
0
 90
2
 10
695773.311695174
 20
6238263.66694511
 10
695796.837695653
 20
6238355.61844993
  0
LWPOLYLINE
  5
200BA
100
AcDbEntity
  8
0
100
AcDbPolyline
 70
0
 90
2
 10
695773.311695174
 20
6238263.66694511
 10
695773.783590578
 20
6238242.02971352
  0
LWPOLYLINE
  5
200BB
100
AcDbEntity
  8
0
100
AcDbPolyline
 70
0
 90
2
 10
695657.900165972
 20
6238085.96946209
 10
695775.110916924
 20
6238056.00032494
  0
LWPOLYLINE
  5
200BC
100
AcDbEntity
  8
0
100
AcDbPolyline
 70
0
 90
2
 10
695602.682361355
 20
6238100.9935034
 10
695657.900165972
 20
6238085.96946209
  0
LWPOLYLINE
  5
200BD
100
AcDbEntity
  8
0
100
AcDbPolyline
 70
0
 90
2
 10
694927.829657045
 20
6237448.05182211
 10
694952.659399183
 20
6237355.93079871
  0
LWPOLYLINE
  5
200BE
100
AcDbEntity
  8
0
100
AcDbPolyline
 70
0
 90
2
 10
695773.252555319
 20
6237599.50695245
 10
695829.042111227
 20
6237542.02918299
  0
LWPOLYLINE
  5
200BF
100
AcDbEntity
  8
0
100
AcDbPolyline
 70
0
 90
2
 10
695829.042111223
 20
6237542.02918299
 10
695879.114441668
 20
6237505.68089644
  0
LWPOLYLINE
  5
200C0
100
AcDbEntity
  8
0
100
AcDbPolyline
 70
0
 90
2
 10
695879.114441668
 20
6237505.68089644
 10
695931.007719837
 20
6237490.11702764
  0
LWPOLYLINE
  5
200C1
100
AcDbEntity
  8
0
100
AcDbPolyline
 70
0
 90
2
 10
695931.007719837
 20
6237490.11702764
 10
696014.071958495
 20
6237475.5511223
  0
LWPOLYLINE
  5
200C2
100
AcDbEntity
  8
0
100
AcDbPolyline
 70
0
 90
2
 10
696014.071958495
 20
6237475.5511223
 10
696034.794963034
 20
6237470.35009706
  0
LWPOLYLINE
  5
200C3
100
AcDbEntity
  8
0
100
AcDbPolyline
 70
0
 90
2
 10
696034.794963034
 20
6237470.35009706
 10
696052.31444115
 20
6237465.83798466
  0
LWPOLYLINE
  5
200C4
100
AcDbEntity
  8
0
100
AcDbPolyline
 70
0
 90
2
 10
696052.31444115
 20
6237465.83798466
 10
696070.267118094
 20
6237459.19444714
  0
LWPOLYLINE
  5
200C5
100
AcDbEntity
  8
0
100
AcDbPolyline
 70
0
 90
2
 10
696070.267118094
 20
6237459.19444714
 10
696158.881033906
 20
6237415.49121537
  0
LWPOLYLINE
  5
200C6
100
AcDbEntity
  8
0
100
AcDbPolyline
 70
0
 90
2
 10
696158.881033906
 20
6237415.49121537
 10
696179.827775724
 20
6237408.40612697
  0
LWPOLYLINE
  5
200C7
100
AcDbEntity
  8
0
100
AcDbPolyline
 70
0
 90
2
 10
696179.827775724
 20
6237408.40612697
 10
696234.260430474
 20
6237376.01881741
  0
LWPOLYLINE
  5
200C8
100
AcDbEntity
  8
0
100
AcDbPolyline
 70
0
 90
2
 10
696234.260430474
 20
6237376.01881741
 10
696298.70213885
 20
6237340.49212023
  0
LWPOLYLINE
  5
200C9
100
AcDbEntity
  8
0
100
AcDbPolyline
 70
0
 90
2
 10
696298.70213885
 20
6237340.49212023
 10
696406.351613404
 20
6237292.51957177
  0
LWPOLYLINE
  5
200CA
100
AcDbEntity
  8
0
100
AcDbPolyline
 70
0
 90
2
 10
696406.351613404
 20
6237292.51957177
 10
696584.505699676
 20
6237212.99590586
  0
LWPOLYLINE
  5
200CB
100
AcDbEntity
  8
0
100
AcDbPolyline
 70
0
 90
2
 10
696584.505699676
 20
6237212.99590586
 10
696628.387382451
 20
6237193.08023579
  0
LWPOLYLINE
  5
200CC
100
AcDbEntity
  8
0
100
AcDbPolyline
 70
0
 90
2
 10
696628.387382451
 20
6237193.08023579
 10
696652.068916086
 20
6237185.96731291
  0
LWPOLYLINE
  5
200CD
100
AcDbEntity
  8
0
100
AcDbPolyline
 70
0
 90
2
 10
696151.703571581
 20
6237806.05970078
 10
696238.847030541
 20
6237783.67124145
  0
LWPOLYLINE
  5
200CE
100
AcDbEntity
  8
0
100
AcDbPolyline
 70
0
 90
2
 10
696238.847030541
 20
6237783.67124145
 10
696538.427500151
 20
6237706.10088472
  0
LWPOLYLINE
  5
200CF
100
AcDbEntity
  8
0
100
AcDbPolyline
 70
0
 90
2
 10
696538.427500151
 20
6237706.10088472
 10
696751.69859678
 20
6237608.72882978
  0
LWPOLYLINE
  5
200D0
100
AcDbEntity
  8
0
100
AcDbPolyline
 70
0
 90
2
 10
696751.69859678
 20
6237608.72882978
 10
696789.23233371
 20
6237593.4159007
  0
LWPOLYLINE
  5
200D1
100
AcDbEntity
  8
0
100
AcDbPolyline
 70
0
 90
2
 10
696789.23233371
 20
6237593.4159007
 10
696865.435825025
 20
6237557.15827302
  0
LWPOLYLINE
  5
200D2
100
AcDbEntity
  8
0
100
AcDbPolyline
 70
0
 90
2
 10
696865.435825025
 20
6237557.15827302
 10
696885.27018695
 20
6237547.02664054
  0
LWPOLYLINE
  5
200D3
100
AcDbEntity
  8
0
100
AcDbPolyline
 70
0
 90
2
 10
696885.27018695
 20
6237547.02664054
 10
696898.642800336
 20
6237526.94326934
  0
LWPOLYLINE
  5
200D4
100
AcDbEntity
  8
0
100
AcDbPolyline
 70
0
 90
2
 10
696898.642800335
 20
6237526.94326934
 10
696921.805788655
 20
6237504.54731086
  0
LWPOLYLINE
  5
200D5
100
AcDbEntity
  8
0
100
AcDbPolyline
 70
0
 90
2
 10
696921.805788655
 20
6237504.54731086
 10
696955.822770995
 20
6237486.78821092
  0
LWPOLYLINE
  5
200D6
100
AcDbEntity
  8
0
100
AcDbPolyline
 70
0
 90
2
 10
696955.822770995
 20
6237486.78821092
 10
697002.769589751
 20
6237467.83170353
  0
LWPOLYLINE
  5
200D7
100
AcDbEntity
  8
0
100
AcDbPolyline
 70
0
 90
2
 10
697002.769589751
 20
6237467.83170353
 10
697068.02218015
 20
6237453.32184443
  0
LWPOLYLINE
  5
200D8
100
AcDbEntity
  8
0
100
AcDbPolyline
 70
0
 90
2
 10
697068.02218015
 20
6237453.32184443
 10
697109.244261627
 20
6237441.40352269
  0
LWPOLYLINE
  5
200D9
100
AcDbEntity
  8
0
100
AcDbPolyline
 70
0
 90
2
 10
697109.244261627
 20
6237441.40352269
 10
697149.729729688
 20
6237425.41619853
  0
LWPOLYLINE
  5
200DA
100
AcDbEntity
  8
0
100
AcDbPolyline
 70
0
 90
2
 10
697149.729729688
 20
6237425.41619853
 10
697189.068446
 20
6237417.32430401
  0
LWPOLYLINE
  5
200DB
100
AcDbEntity
  8
0
100
AcDbPolyline
 70
0
 90
2
 10
697189.068446
 20
6237417.32430401
 10
697240.67243028
 20
6237402.67663593
  0
LWPOLYLINE
  5
200DC
100
AcDbEntity
  8
0
100
AcDbPolyline
 70
0
 90
2
 10
697240.67243028
 20
6237402.67663593
 10
697276.800298581
 20
6237397.44686853
  0
LWPOLYLINE
  5
200DD
100
AcDbEntity
  8
0
100
AcDbPolyline
 70
0
 90
2
 10
697276.800298581
 20
6237397.44686853
 10
697298.282496025
 20
6237406.22116707
  0
LWPOLYLINE
  5
200DE
100
AcDbEntity
  8
0
100
AcDbPolyline
 70
0
 90
2
 10
697298.282496025
 20
6237406.22116707
 10
697327.379263204
 20
6237424.03159051
  0
LWPOLYLINE
  5
200DF
100
AcDbEntity
  8
0
100
AcDbPolyline
 70
0
 90
2
 10
697327.379263204
 20
6237424.03159051
 10
697367.863408299
 20
6237423.6637041
  0
LWPOLYLINE
  5
200E0
100
AcDbEntity
  8
0
100
AcDbPolyline
 70
0
 90
2
 10
697367.863408299
 20
6237423.6637041
 10
697384.16503447
 20
6237418.82190872
  0
LWPOLYLINE
  5
200E1
100
AcDbEntity
  8
0
100
AcDbPolyline
 70
0
 90
2
 10
697384.16503447
 20
6237418.82190872
 10
697392.216324762
 20
6237420.83309374
  0
LWPOLYLINE
  5
200E2
100
AcDbEntity
  8
0
100
AcDbPolyline
 70
0
 90
2
 10
697392.216324762
 20
6237420.83309374
 10
697418.403559921
 20
6237419.94911915
  0
LWPOLYLINE
  5
200E3
100
AcDbEntity
  8
0
100
AcDbPolyline
 70
0
 90
2
 10
697418.403559921
 20
6237419.94911915
 10
697452.492012738
 20
6237392.66605781
  0
LWPOLYLINE
  5
200E4
100
AcDbEntity
  8
0
100
AcDbPolyline
 70
0
 90
2
 10
697452.492012738
 20
6237392.66605781
 10
697479.82220029
 20
6237373.12998449
  0
LWPOLYLINE
  5
200E5
100
AcDbEntity
  8
0
100
AcDbPolyline
 70
0
 90
2
 10
697479.82220029
 20
6237373.12998449
 10
697520.728566063
 20
6237367.00869034
  0
LWPOLYLINE
  5
200E6
100
AcDbEntity
  8
0
100
AcDbPolyline
 70
0
 90
2
 10
697520.728566063
 20
6237367.00869034
 10
697568.976015701
 20
6237367.11357718
  0
LWPOLYLINE
  5
200E7
100
AcDbEntity
  8
0
100
AcDbPolyline
 70
0
 90
2
 10
697568.976015701
 20
6237367.11357718
 10
697579.552928884
 20
6237383.88979974
  0
LWPOLYLINE
  5
200E8
100
AcDbEntity
  8
0
100
AcDbPolyline
 70
0
 90
2
 10
697579.552928884
 20
6237383.88979974
 10
697636.412475809
 20
6237390.78179824
  0
LWPOLYLINE
  5
200E9
100
AcDbEntity
  8
0
100
AcDbPolyline
 70
0
 90
2
 10
697636.412475809
 20
6237390.78179824
 10
697691.521270585
 20
6237386.95876752
  0
LWPOLYLINE
  5
200EA
100
AcDbEntity
  8
0
100
AcDbPolyline
 70
0
 90
2
 10
697691.521270585
 20
6237386.95876752
 10
697802.372848556
 20
6237383.59139473
  0
LWPOLYLINE
  5
200EB
100
AcDbEntity
  8
0
100
AcDbPolyline
 70
0
 90
2
 10
697802.372848556
 20
6237383.59139473
 10
697884.140019673
 20
6237377.31709425
  0
LWPOLYLINE
  5
200EC
100
AcDbEntity
  8
0
100
AcDbPolyline
 70
0
 90
2
 10
697884.140019673
 20
6237377.31709425
 10
697937.590885252
 20
6237374.99210034
  0
LWPOLYLINE
  5
200ED
100
AcDbEntity
  8
0
100
AcDbPolyline
 70
0
 90
2
 10
697937.590885252
 20
6237374.99210034
 10
697955.423997693
 20
6237367.53693309
  0
LWPOLYLINE
  5
200EE
100
AcDbEntity
  8
0
100
AcDbPolyline
 70
0
 90
2
 10
697955.423997693
 20
6237367.53693309
 10
697956.972494427
 20
6237349.68360902
  0
LWPOLYLINE
  5
200EF
100
AcDbEntity
  8
0
100
AcDbPolyline
 70
0
 90
2
 10
697956.609030052
 20
6237340.65956719
 10
697956.972494427
 20
6237349.68360902
  0
LWPOLYLINE
  5
200F0
100
AcDbEntity
  8
0
100
AcDbPolyline
 70
0
 90
2
 10
697948.942246309
 20
6237326.34717245
 10
697956.609030052
 20
6237340.65956719
  0
LWPOLYLINE
  5
200F1
100
AcDbEntity
  8
0
100
AcDbPolyline
 70
0
 90
2
 10
697930.532546497
 20
6237306.88787795
 10
697948.942246309
 20
6237326.34717245
  0
LWPOLYLINE
  5
200F2
100
AcDbEntity
  8
0
100
AcDbPolyline
 70
0
 90
2
 10
697922.259442952
 20
6237284.23138616
 10
697930.532546496
 20
6237306.88787795
  0
LWPOLYLINE
  5
200F3
100
AcDbEntity
  8
0
100
AcDbPolyline
 70
0
 90
2
 10
695796.837695653
 20
6238355.61844993
 10
695802.273238796
 20
6238373.48049139
  0
LWPOLYLINE
  5
200F4
100
AcDbEntity
  8
0
100
AcDbPolyline
 70
0
 90
2
 10
695802.273238796
 20
6238373.48049139
 10
695808.831482264
 20
6238420.00882337
  0
LWPOLYLINE
  5
200F5
100
AcDbEntity
  8
0
100
AcDbPolyline
 70
0
 90
2
 10
695808.831482264
 20
6238420.00882337
 10
695837.742497414
 20
6238494.3836443
  0
LWPOLYLINE
  5
200F6
100
AcDbEntity
  8
0
100
AcDbPolyline
 70
0
 90
2
 10
696128.643460292
 20
6238269.87087257
 10
696242.761278866
 20
6238232.25918682
  0
LWPOLYLINE
  5
200F7
100
AcDbEntity
  8
0
100
AcDbPolyline
 70
0
 90
2
 10
696124.823737163
 20
6238271.82433535
 10
696128.643460292
 20
6238269.87087257
  0
LWPOLYLINE
  5
200F8
100
AcDbEntity
  8
0
100
AcDbPolyline
 70
0
 90
2
 10
696040.723712645
 20
6238314.90974725
 10
696124.823737163
 20
6238271.82433535
  0
LWPOLYLINE
  5
200F9
100
AcDbEntity
  8
0
100
AcDbPolyline
 70
0
 90
2
 10
695942.707255169
 20
6238365.11573541
 10
696040.723712645
 20
6238314.90974725
  0
LWPOLYLINE
  5
200FA
100
AcDbEntity
  8
0
100
AcDbPolyline
 70
0
 90
2
 10
695882.08200867
 20
6238396.17357513
 10
695942.707255169
 20
6238365.11573541
  0
LWPOLYLINE
  5
200FB
100
AcDbEntity
  8
0
100
AcDbPolyline
 70
0
 90
2
 10
695814.337630805
 20
6238381.85970054
 10
695882.08200867
 20
6238396.17357513
  0
LWPOLYLINE
  5
200FC
100
AcDbEntity
  8
0
100
AcDbPolyline
 70
0
 90
2
 10
695802.273238796
 20
6238373.48049139
 10
695814.337630805
 20
6238381.85970054
  0
LWPOLYLINE
  5
200FD
100
AcDbEntity
  8
0
100
AcDbPolyline
 70
0
 90
2
 10
694397.846915571
 20
6238651.15344516
 10
694496.837083569
 20
6238599.93257014
  0
LWPOLYLINE
  5
200FE
100
AcDbEntity
  8
0
100
AcDbPolyline
 70
0
 90
2
 10
694428.43575474
 20
6238707.43542455
 10
694628.391506372
 20
6238595.04409359
  0
LWPOLYLINE
  5
200FF
100
AcDbEntity
  8
0
100
AcDbPolyline
 70
0
 90
2
 10
694336.340362713
 20
6238997.10328908
 10
694387.381563981
 20
6239093.04176677
  0
LWPOLYLINE
  5
20100
100
AcDbEntity
  8
0
100
AcDbPolyline
 70
0
 90
2
 10
694300.639596154
 20
6238928.98500529
 10
694336.340362713
 20
6238997.10328908
  0
LWPOLYLINE
  5
20101
100
AcDbEntity
  8
0
100
AcDbPolyline
 70
0
 90
2
 10
694242.829426123
 20
6238811.96169597
 10
694300.639596154
 20
6238928.98500529
  0
LWPOLYLINE
  5
20102
100
AcDbEntity
  8
0
100
AcDbPolyline
 70
0
 90
2
 10
693606.161156076
 20
6238117.53387651
 10
693737.234368502
 20
6238186.32012137
  0
LWPOLYLINE
  5
20103
100
AcDbEntity
  8
0
100
AcDbPolyline
 70
0
 90
2
 10
693737.234368502
 20
6238186.32012137
 10
693814.391527226
 20
6238221.29307604
  0
LWPOLYLINE
  5
20104
100
AcDbEntity
  8
0
100
AcDbPolyline
 70
0
 90
2
 10
693574.229351371
 20
6238197.84601059
 10
693697.725269663
 20
6238262.4862223
  0
LWPOLYLINE
  5
20105
100
AcDbEntity
  8
0
100
AcDbPolyline
 70
0
 90
2
 10
693697.725269663
 20
6238262.4862223
 10
693742.236559153
 20
6238285.08497976
  0
LWPOLYLINE
  5
20106
100
AcDbEntity
  8
0
100
AcDbPolyline
 70
0
 90
2
 10
693742.236559153
 20
6238285.08497976
 10
693806.424238321
 20
6238316.59288622
  0
LWPOLYLINE
  5
20107
100
AcDbEntity
  8
0
100
AcDbPolyline
 70
0
 90
2
 10
693630.857445489
 20
6238041.87604173
 10
693771.401750646
 20
6238122.98680885
  0
LWPOLYLINE
  5
20108
100
AcDbEntity
  8
0
100
AcDbPolyline
 70
0
 90
2
 10
693771.401750646
 20
6238122.98680885
 10
693822.840081683
 20
6238146.2688875
  0
LWPOLYLINE
  5
20109
100
AcDbEntity
  8
0
100
AcDbPolyline
 70
0
 90
2
 10
693672.033865897
 20
6237488.81485593
 10
693695.891648693
 20
6237440.86341411
  0
LWPOLYLINE
  5
2010A
100
AcDbEntity
  8
0
100
AcDbPolyline
 70
0
 90
2
 10
693695.891648693
 20
6237440.86341411
 10
693703.570876989
 20
6237425.66234671
  0
LWPOLYLINE
  5
2010B
100
AcDbEntity
  8
0
100
AcDbPolyline
 70
0
 90
2
 10
693703.570876989
 20
6237425.66234671
 10
693708.94258814
 20
6237414.80407374
  0
LWPOLYLINE
  5
2010C
100
AcDbEntity
  8
0
100
AcDbPolyline
 70
0
 90
2
 10
693708.94258814
 20
6237414.80407374
 10
693729.298885548
 20
6237373.58248954
  0
LWPOLYLINE
  5
2010D
100
AcDbEntity
  8
0
100
AcDbPolyline
 70
0
 90
2
 10
693729.298885548
 20
6237373.58248954
 10
693745.77881649
 20
6237342.0052437
  0
LWPOLYLINE
  5
2010E
100
AcDbEntity
  8
0
100
AcDbPolyline
 70
0
 90
2
 10
693745.77881649
 20
6237342.0052437
 10
693784.697185184
 20
6237267.39513497
  0
LWPOLYLINE
  5
2010F
100
AcDbEntity
  8
0
100
AcDbPolyline
 70
0
 90
2
 10
693784.697185184
 20
6237267.39513497
 10
693817.536821077
 20
6237206.24198534
  0
LWPOLYLINE
  5
20110
100
AcDbEntity
  8
0
100
AcDbPolyline
 70
0
 90
2
 10
693817.536821076
 20
6237206.24198534
 10
693823.77549628
 20
6237194.62064189
  0
LWPOLYLINE
  5
20111
100
AcDbEntity
  8
0
100
AcDbPolyline
 70
0
 90
2
 10
693823.77549628
 20
6237194.62064189
 10
693850.221696327
 20
6237145.37181901
  0
LWPOLYLINE
  5
20112
100
AcDbEntity
  8
0
100
AcDbPolyline
 70
0
 90
2
 10
693850.221696327
 20
6237145.37181901
 10
693886.640767833
 20
6237075.56461429
  0
LWPOLYLINE
  5
20113
100
AcDbEntity
  8
0
100
AcDbPolyline
 70
0
 90
2
 10
693886.640767833
 20
6237075.56461429
 10
693904.951971896
 20
6237040.48179993
  0
LWPOLYLINE
  5
20114
100
AcDbEntity
  8
0
100
AcDbPolyline
 70
0
 90
2
 10
693904.951971896
 20
6237040.48179993
 10
693905.62187387
 20
6237039.263804
  0
LWPOLYLINE
  5
20115
100
AcDbEntity
  8
0
100
AcDbPolyline
 70
0
 90
2
 10
693905.62187387
 20
6237039.263804
 10
693905.621875735
 20
6237039.26380061
  0
LWPOLYLINE
  5
20116
100
AcDbEntity
  8
0
100
AcDbPolyline
 70
0
 90
2
 10
693905.62187387
 20
6237039.263804
 10
693941.100881473
 20
6236974.74240609
  0
LWPOLYLINE
  5
20117
100
AcDbEntity
  8
0
100
AcDbPolyline
 70
0
 90
2
 10
693941.100881473
 20
6236974.74240609
 10
693944.822555456
 20
6236967.97826541
  0
LWPOLYLINE
  5
20118
100
AcDbEntity
  8
0
100
AcDbPolyline
 70
0
 90
2
 10
693944.822555456
 20
6236967.97826541
 10
693962.024725065
 20
6236936.69087694
  0
LWPOLYLINE
  5
20119
100
AcDbEntity
  8
0
100
AcDbPolyline
 70
0
 90
2
 10
693962.024725065
 20
6236936.69087694
 10
693976.418041883
 20
6236924.18082199
  0
LWPOLYLINE
  5
2011A
100
AcDbEntity
  8
0
100
AcDbPolyline
 70
0
 90
2
 10
693976.418041883
 20
6236924.18082199
 10
693989.171914316
 20
6236918.23976796
  0
LWPOLYLINE
  5
2011B
100
AcDbEntity
  8
0
100
AcDbPolyline
 70
0
 90
2
 10
696070.267118094
 20
6237459.19444714
 10
696078.192309771
 20
6237413.30907603
  0
LWPOLYLINE
  5
2011C
100
AcDbEntity
  8
0
100
AcDbPolyline
 70
0
 90
2
 10
696078.192309771
 20
6237413.30907603
 10
696088.71017324
 20
6237355.18066402
  0
LWPOLYLINE
  5
2011D
100
AcDbEntity
  8
0
100
AcDbPolyline
 70
0
 90
2
 10
696088.71017324
 20
6237355.18066402
 10
696095.096877615
 20
6237328.052172
  0
LWPOLYLINE
  5
2011E
100
AcDbEntity
  8
0
100
AcDbPolyline
 70
0
 90
2
 10
696095.096877615
 20
6237328.052172
 10
696106.086022501
 20
6237302.08274811
  0
LWPOLYLINE
  5
2011F
100
AcDbEntity
  8
0
100
AcDbPolyline
 70
0
 90
2
 10
696106.086022501
 20
6237302.08274811
 10
696113.110045034
 20
6237282.42988105
  0
LWPOLYLINE
  5
20120
100
AcDbEntity
  8
0
100
AcDbPolyline
 70
0
 90
2
 10
696113.110045034
 20
6237282.42988105
 10
696121.228238955
 20
6237236.27474733
  0
LWPOLYLINE
  5
20121
100
AcDbEntity
  8
0
100
AcDbPolyline
 70
0
 90
2
 10
696121.228238955
 20
6237236.27474733
 10
696126.659732122
 20
6237176.05100055
  0
LWPOLYLINE
  5
20122
100
AcDbEntity
  8
0
100
AcDbPolyline
 70
0
 90
2
 10
696126.659732122
 20
6237176.05100055
 10
696131.923549099
 20
6237140.67774972
  0
LWPOLYLINE
  5
20123
100
AcDbEntity
  8
0
100
AcDbPolyline
 70
0
 90
2
 10
696131.923549099
 20
6237140.67774972
 10
696148.540612295
 20
6237130.30562804
  0
LWPOLYLINE
  5
20124
100
AcDbEntity
  8
0
100
AcDbPolyline
 70
0
 90
2
 10
696148.540612295
 20
6237130.30562804
 10
696161.326325441
 20
6237124.55070121
  0
LWPOLYLINE
  5
20125
100
AcDbEntity
  8
0
100
AcDbPolyline
 70
0
 90
2
 10
696159.860926971
 20
6237323.57199303
 10
696179.827775724
 20
6237408.40612697
  0
LWPOLYLINE
  5
20126
100
AcDbEntity
  8
0
100
AcDbPolyline
 70
0
 90
2
 10
696159.860926971
 20
6237323.57199303
 10
696169.722706638
 20
6237136.8976671
  0
LWPOLYLINE
  5
20127
100
AcDbEntity
  8
0
100
AcDbPolyline
 70
0
 90
2
 10
696161.326325441
 20
6237124.55070121
 10
696169.722706638
 20
6237136.8976671
  0
LWPOLYLINE
  5
20128
100
AcDbEntity
  8
0
100
AcDbPolyline
 70
0
 90
2
 10
696161.326325441
 20
6237124.55070121
 10
696178.336394593
 20
6236949.55290374
  0
LWPOLYLINE
  5
20129
100
AcDbEntity
  8
0
100
AcDbPolyline
 70
0
 90
2
 10
696178.336394593
 20
6236949.55290374
 10
696188.6398343
 20
6236918.00079333
  0
LWPOLYLINE
  5
2012A
100
AcDbEntity
  8
0
100
AcDbPolyline
 70
0
 90
2
 10
696188.6398343
 20
6236918.00079333
 10
696210.134911525
 20
6236883.65260552
  0
LWPOLYLINE
  5
2012B
100
AcDbEntity
  8
0
100
AcDbPolyline
 70
0
 90
2
 10
696210.134911524
 20
6236883.65260552
 10
696226.358456757
 20
6236867.82279144
  0
LWPOLYLINE
  5
2012C
100
AcDbEntity
  8
0
100
AcDbPolyline
 70
0
 90
2
 10
696226.358456757
 20
6236867.82279144
 10
696233.514137645
 20
6236864.09429199
  0
LWPOLYLINE
  5
2012D
100
AcDbEntity
  8
0
100
AcDbPolyline
 70
0
 90
2
 10
696360.756870575
 20
6237165.19298454
 10
696406.351613404
 20
6237292.51957177
  0
LWPOLYLINE
  5
2012E
100
AcDbEntity
  8
0
100
AcDbPolyline
 70
0
 90
2
 10
696360.756870575
 20
6237165.19298454
 10
696362.553768925
 20
6237140.85213623
  0
LWPOLYLINE
  5
2012F
100
AcDbEntity
  8
0
100
AcDbPolyline
 70
0
 90
2
 10
696349.754666512
 20
6237095.36212748
 10
696362.553768925
 20
6237140.85213623
  0
LWPOLYLINE
  5
20130
100
AcDbEntity
  8
0
100
AcDbPolyline
 70
0
 90
2
 10
696332.16328678
 20
6237062.13653306
 10
696349.754666512
 20
6237095.36212748
  0
LWPOLYLINE
  5
20131
100
AcDbEntity
  8
0
100
AcDbPolyline
 70
0
 90
2
 10
696319.080037898
 20
6237033.33209816
 10
696332.16328678
 20
6237062.13653306
  0
LWPOLYLINE
  5
20132
100
AcDbEntity
  8
0
100
AcDbPolyline
 70
0
 90
2
 10
696307.949091576
 20
6237003.5139658
 10
696319.080037898
 20
6237033.33209816
  0
LWPOLYLINE
  5
20133
100
AcDbEntity
  8
0
100
AcDbPolyline
 70
0
 90
2
 10
696306.714410254
 20
6236997.42652408
 10
696307.949091576
 20
6237003.5139658
  0
LWPOLYLINE
  5
20134
100
AcDbEntity
  8
0
100
AcDbPolyline
 70
0
 90
2
 10
696269.458123345
 20
6236917.30323273
 10
696306.714410254
 20
6236997.42652408
  0
LWPOLYLINE
  5
20135
100
AcDbEntity
  8
0
100
AcDbPolyline
 70
0
 90
2
 10
696233.514137644
 20
6236864.09429199
 10
696269.458123346
 20
6236917.30323273
  0
LWPOLYLINE
  5
20136
100
AcDbEntity
  8
0
100
AcDbPolyline
 70
0
 90
2
 10
696220.65370494
 20
6236850.26002085
 10
696233.514137644
 20
6236864.09429199
  0
LWPOLYLINE
  5
20137
100
AcDbEntity
  8
0
100
AcDbPolyline
 70
0
 90
2
 10
696193.403143299
 20
6236835.06185344
 10
696220.653704939
 20
6236850.26002085
  0
LWPOLYLINE
  5
20138
100
AcDbEntity
  8
0
100
AcDbPolyline
 70
0
 90
2
 10
696170.585505613
 20
6236824.71603781
 10
696193.403143299
 20
6236835.06185344
  0
LWPOLYLINE
  5
20139
100
AcDbEntity
  8
0
100
AcDbPolyline
 70
0
 90
2
 10
696165.221618778
 20
6236822.28459944
 10
696170.585505613
 20
6236824.71603781
  0
LWPOLYLINE
  5
2013A
100
AcDbEntity
  8
0
100
AcDbPolyline
 70
0
 90
2
 10
694624.550672114
 20
6237185.97441613
 10
694670.018040582
 20
6237362.87714154
  0
LWPOLYLINE
  5
2013B
100
AcDbEntity
  8
0
100
AcDbPolyline
 70
0
 90
2
 10
694670.018040582
 20
6237362.87714154
 10
694676.36054621
 20
6237410.78624396
  0
LWPOLYLINE
  5
2013C
100
AcDbEntity
  8
0
100
AcDbPolyline
 70
0
 90
2
 10
696892.592446703
 20
6239052.60032231
 10
696912.872293701
 20
6238974.36832481
  0
LWPOLYLINE
  5
2013D
100
AcDbEntity
  8
0
100
AcDbPolyline
 70
0
 90
2
 10
696255.371753089
 20
6238253.98572531
 10
696266.05885778
 20
6238269.35905875
  0
LWPOLYLINE
  5
2013E
100
AcDbEntity
  8
0
100
AcDbPolyline
 70
0
 90
2
 10
696242.761278871
 20
6238232.25918682
 10
696255.37175309
 20
6238253.98572531
  0
LWPOLYLINE
  5
2013F
100
AcDbEntity
  8
0
100
AcDbPolyline
 70
0
 90
2
 10
696223.157475332
 20
6238163.42607868
 10
696242.761278872
 20
6238232.25918682
  0
LWPOLYLINE
  5
20140
100
AcDbEntity
  8
0
100
AcDbPolyline
 70
0
 90
2
 10
696219.994497615
 20
6238150.56158969
 10
696223.157475331
 20
6238163.42607868
  0
LWPOLYLINE
  5
20141
100
AcDbEntity
  8
0
100
AcDbPolyline
 70
0
 90
2
 10
696211.602892618
 20
6238095.53190048
 10
696219.994497615
 20
6238150.56158969
  0
LWPOLYLINE
  5
20142
100
AcDbEntity
  8
0
100
AcDbPolyline
 70
0
 90
2
 10
694181.53635118
 20
6237757.53002646
 10
694204.072116166
 20
6237769.6693786
  0
LWPOLYLINE
  5
20143
100
AcDbEntity
  8
0
100
AcDbPolyline
 70
0
 90
2
 10
694204.072116166
 20
6237769.6693786
 10
694232.41367958
 20
6237784.88222741
  0
LWPOLYLINE
  5
20144
100
AcDbEntity
  8
0
100
AcDbPolyline
 70
0
 90
2
 10
694232.41367958
 20
6237784.88222741
 10
694276.666686707
 20
6237809.40302622
  0
LWPOLYLINE
  5
20145
100
AcDbEntity
  8
0
100
AcDbPolyline
 70
0
 90
2
 10
694276.666686707
 20
6237809.40302622
 10
694352.429211491
 20
6237850.14064887
  0
LWPOLYLINE
  5
20146
100
AcDbEntity
  8
0
100
AcDbPolyline
 70
0
 90
2
 10
694352.429211491
 20
6237850.14064887
 10
694407.15074643
 20
6237879.71011715
  0
LWPOLYLINE
  5
20147
100
AcDbEntity
  8
0
100
AcDbPolyline
 70
0
 90
2
 10
694407.15074643
 20
6237879.71011715
 10
694478.726492203
 20
6237915.57762185
  0
LWPOLYLINE
  5
20148
100
AcDbEntity
  8
0
100
AcDbPolyline
 70
0
 90
2
 10
694478.726492203
 20
6237915.57762185
 10
694555.175779794
 20
6237948.93770093
  0
LWPOLYLINE
  5
20149
100
AcDbEntity
  8
0
100
AcDbPolyline
 70
0
 90
2
 10
694555.175779794
 20
6237948.93770093
 10
694625.025773711
 20
6237974.29513726
  0
LWPOLYLINE
  5
2014A
100
AcDbEntity
  8
0
100
AcDbPolyline
 70
0
 90
2
 10
694625.025773711
 20
6237974.29513726
 10
694625.202724071
 20
6237974.35937502
  0
LWPOLYLINE
  5
2014B
100
AcDbEntity
  8
0
100
AcDbPolyline
 70
0
 90
2
 10
694625.202724071
 20
6237974.35937502
 10
694670.412091424
 20
6237987.90384186
  0
LWPOLYLINE
  5
2014C
100
AcDbEntity
  8
0
100
AcDbPolyline
 70
0
 90
2
 10
694670.412091424
 20
6237987.90384186
 10
694775.021203918
 20
6238019.26500977
  0
LWPOLYLINE
  5
2014D
100
AcDbEntity
  8
0
100
AcDbPolyline
 70
0
 90
2
 10
694775.021203918
 20
6238019.26500977
 10
694792.6358164
 20
6238024.53935392
  0
LWPOLYLINE
  5
2014E
100
AcDbEntity
  8
0
100
AcDbPolyline
 70
0
 90
2
 10
694792.6358164
 20
6238024.53935392
 10
694888.745281834
 20
6238055.12510741
  0
LWPOLYLINE
  5
2014F
100
AcDbEntity
  8
0
100
AcDbPolyline
 70
0
 90
2
 10
695000.890821446
 20
6238085.43185911
 10
695043.396262655
 20
6238080.29703096
  0
LWPOLYLINE
  5
20150
100
AcDbEntity
  8
0
100
AcDbPolyline
 70
0
 90
2
 10
695043.396262655
 20
6238080.29703096
 10
695247.456816523
 20
6238031.37895191
  0
LWPOLYLINE
  5
20151
100
AcDbEntity
  8
0
100
AcDbPolyline
 70
0
 90
2
 10
695247.456816523
 20
6238031.37895191
 10
695254.359224901
 20
6238029.86680706
  0
LWPOLYLINE
  5
20152
100
AcDbEntity
  8
0
100
AcDbPolyline
 70
0
 90
2
 10
695254.359224901
 20
6238029.86680706
 10
695417.446940235
 20
6237990.91929193
  0
LWPOLYLINE
  5
20153
100
AcDbEntity
  8
0
100
AcDbPolyline
 70
0
 90
2
 10
695417.446940235
 20
6237990.91929193
 10
695436.045857521
 20
6237986.48773278
  0
LWPOLYLINE
  5
20154
100
AcDbEntity
  8
0
100
AcDbPolyline
 70
0
 90
2
 10
695436.045857521
 20
6237986.48773278
 10
695488.720346238
 20
6237973.07271968
  0
LWPOLYLINE
  5
20155
100
AcDbEntity
  8
0
100
AcDbPolyline
 70
0
 90
2
 10
695488.720346238
 20
6237973.07271968
 10
695535.743996932
 20
6237960.94872668
  0
LWPOLYLINE
  5
20156
100
AcDbEntity
  8
0
100
AcDbPolyline
 70
0
 90
2
 10
695535.743996932
 20
6237960.94872668
 10
695568.592351161
 20
6237952.47805213
  0
LWPOLYLINE
  5
20157
100
AcDbEntity
  8
0
100
AcDbPolyline
 70
0
 90
2
 10
695568.592351161
 20
6237952.47805213
 10
695632.392013406
 20
6237936.04122202
  0
LWPOLYLINE
  5
20158
100
AcDbEntity
  8
0
100
AcDbPolyline
 70
0
 90
2
 10
695632.392013406
 20
6237936.04122202
 10
695640.595032296
 20
6237933.92050689
  0
LWPOLYLINE
  5
20159
100
AcDbEntity
  8
0
100
AcDbPolyline
 70
0
 90
2
 10
695640.595032296
 20
6237933.92050689
 10
695649.086533843
 20
6237931.73500947
  0
LWPOLYLINE
  5
2015A
100
AcDbEntity
  8
0
100
AcDbPolyline
 70
0
 90
2
 10
695649.086533843
 20
6237931.73500947
 10
695695.947982267
 20
6237919.38233514
  0
LWPOLYLINE
  5
2015B
100
AcDbEntity
  8
0
100
AcDbPolyline
 70
0
 90
2
 10
695695.947982267
 20
6237919.38233514
 10
695734.46690347
 20
6237909.48984115
  0
LWPOLYLINE
  5
2015C
100
AcDbEntity
  8
0
100
AcDbPolyline
 70
0
 90
2
 10
695944.126835393
 20
6237858.40849896
 10
695948.933953403
 20
6237857.12445757
  0
LWPOLYLINE
  5
2015D
100
AcDbEntity
  8
0
100
AcDbPolyline
 70
0
 90
2
 10
695948.933953403
 20
6237857.12445757
 10
696132.841860714
 20
6237680.76746793
  0
LWPOLYLINE
  5
2015E
100
AcDbEntity
  8
0
100
AcDbPolyline
 70
0
 90
2
 10
696132.841860714
 20
6237680.76746793
 10
696147.627179699
 20
6237666.58808853
  0
LWPOLYLINE
  5
2015F
100
AcDbEntity
  8
0
100
AcDbPolyline
 70
0
 90
2
 10
696147.627179699
 20
6237666.58808853
 10
696201.801796639
 20
6237614.63653095
  0
LWPOLYLINE
  5
20160
100
AcDbEntity
  8
0
100
AcDbPolyline
 70
0
 90
2
 10
696201.801796639
 20
6237614.63653095
 10
696503.024801991
 20
6237315.38636617
  0
LWPOLYLINE
  5
20161
100
AcDbEntity
  8
0
100
AcDbPolyline
 70
0
 90
2
 10
696503.024801991
 20
6237315.38636617
 10
696594.07694833
 20
6237229.45553439
  0
LWPOLYLINE
  5
20162
100
AcDbEntity
  8
0
100
AcDbPolyline
 70
0
 90
2
 10
696594.07694833
 20
6237229.45553439
 10
696652.068916086
 20
6237185.96731291
  0
LWPOLYLINE
  5
20163
100
AcDbEntity
  8
0
100
AcDbPolyline
 70
0
 90
2
 10
696652.068916086
 20
6237185.96731291
 10
696657.658715413
 20
6237183.48273361
  0
LWPOLYLINE
  5
20164
100
AcDbEntity
  8
0
100
AcDbPolyline
 70
0
 90
2
 10
694428.435754741
 20
6238707.43542455
 10
694462.747815708
 20
6238767.77775022
  0
LWPOLYLINE
  5
20165
100
AcDbEntity
  8
0
100
AcDbPolyline
 70
0
 90
2
 10
694397.846915569
 20
6238651.15344516
 10
694428.43575474
 20
6238707.43542455
  0
LWPOLYLINE
  5
20166
100
AcDbEntity
  8
0
100
AcDbPolyline
 70
0
 90
2
 10
694327.817198635
 20
6238525.39029982
 10
694397.846915569
 20
6238651.15344516
  0
LWPOLYLINE
  5
20167
100
AcDbEntity
  8
0
100
AcDbPolyline
 70
0
 90
2
 10
695032.72024105
 20
6238233.28087578
 10
695065.115612901
 20
6238354.3141814
  0
LWPOLYLINE
  5
20168
100
AcDbEntity
  8
0
100
AcDbPolyline
 70
0
 90
2
 10
693058.889384299
 20
6238564.09754276
 10
693114.86725179
 20
6238567.1002699
  0
LWPOLYLINE
  5
20169
100
AcDbEntity
  8
0
100
AcDbPolyline
 70
0
 90
2
 10
693033.439142295
 20
6238563.88177114
 10
693058.889384299
 20
6238564.09754276
  0
LWPOLYLINE
  5
2016A
100
AcDbEntity
  8
0
100
AcDbPolyline
 70
0
 90
2
 10
693009.658469636
 20
6238568.45675841
 10
693033.439142295
 20
6238563.88177114
  0
LWPOLYLINE
  5
2016B
100
AcDbEntity
  8
0
100
AcDbPolyline
 70
0
 90
2
 10
693002.280313215
 20
6238575.17867385
 10
693009.658469636
 20
6238568.45675841
  0
LWPOLYLINE
  5
2016C
100
AcDbEntity
  8
0
100
AcDbPolyline
 70
0
 90
2
 10
693001.563707367
 20
6238611.85223736
 10
693002.280313215
 20
6238575.17867385
  0
LWPOLYLINE
  5
2016D
100
AcDbEntity
  8
0
100
AcDbPolyline
 70
0
 90
2
 10
693001.288033605
 20
6238690.880832
 10
693001.563707367
 20
6238611.85223736
  0
LWPOLYLINE
  5
2016E
100
AcDbEntity
  8
0
100
AcDbPolyline
 70
0
 90
2
 10
692992.865534061
 20
6238710.26269312
 10
693001.288033605
 20
6238690.880832
  0
LWPOLYLINE
  5
2016F
100
AcDbEntity
  8
0
100
AcDbPolyline
 70
0
 90
2
 10
692979.244704303
 20
6238729.88861842
 10
692992.865534061
 20
6238710.26269312
  0
LWPOLYLINE
  5
20170
100
AcDbEntity
  8
0
100
AcDbPolyline
 70
0
 90
2
 10
692974.711669309
 20
6238736.27116028
 10
692979.244704303
 20
6238729.88861842
  0
LWPOLYLINE
  5
20171
100
AcDbEntity
  8
0
100
AcDbPolyline
 70
0
 90
2
 10
692974.71166931
 20
6238736.27116028
 10
692994.912034829
 20
6238758.8210607
  0
LWPOLYLINE
  5
20172
100
AcDbEntity
  8
0
100
AcDbPolyline
 70
0
 90
2
 10
692994.91203483
 20
6238758.8210607
 10
692997.355947708
 20
6238777.7584089
  0
LWPOLYLINE
  5
20173
100
AcDbEntity
  8
0
100
AcDbPolyline
 70
0
 90
2
 10
692979.402861191
 20
6238807.28713296
 10
692997.355947708
 20
6238777.7584089
  0
LWPOLYLINE
  5
20174
100
AcDbEntity
  8
0
100
AcDbPolyline
 70
0
 90
2
 10
692945.729257354
 20
6238860.21479749
 10
692979.40286119
 20
6238807.28713296
  0
LWPOLYLINE
  5
20175
100
AcDbEntity
  8
0
100
AcDbPolyline
 70
0
 90
2
 10
692924.928214727
 20
6238897.98598818
 10
692945.729257354
 20
6238860.21479749
  0
LWPOLYLINE
  5
20176
100
AcDbEntity
  8
0
100
AcDbPolyline
 70
0
 90
2
 10
692914.492608353
 20
6238912.91853124
 10
692924.928214727
 20
6238897.98598818
  0
LWPOLYLINE
  5
20177
100
AcDbEntity
  8
0
100
AcDbPolyline
 70
0
 90
2
 10
692902.782652565
 20
6238929.68837975
 10
692914.492608353
 20
6238912.91853124
  0
LWPOLYLINE
  5
20178
100
AcDbEntity
  8
0
100
AcDbPolyline
 70
0
 90
2
 10
692885.550686876
 20
6238956.19586168
 10
692902.782652566
 20
6238929.68837975
  0
LWPOLYLINE
  5
20179
100
AcDbEntity
  8
0
100
AcDbPolyline
 70
0
 90
2
 10
692866.647807204
 20
6238802.91025742
 10
692870.325039642
 20
6238730.38924086
  0
LWPOLYLINE
  5
2017A
100
AcDbEntity
  8
0
100
AcDbPolyline
 70
0
 90
2
 10
692866.647807204
 20
6238802.91025742
 10
692979.402861191
 20
6238807.28713296
  0
LWPOLYLINE
  5
2017B
100
AcDbEntity
  8
0
100
AcDbPolyline
 70
0
 90
2
 10
693224.783290913
 20
6238939.22970353
 10
693248.258042867
 20
6238951.36224821
  0
LWPOLYLINE
  5
2017C
100
AcDbEntity
  8
0
100
AcDbPolyline
 70
0
 90
2
 10
693195.554670709
 20
6238924.12793816
 10
693224.783290913
 20
6238939.22970353
  0
LWPOLYLINE
  5
2017D
100
AcDbEntity
  8
0
100
AcDbPolyline
 70
0
 90
2
 10
693169.269130843
 20
6238904.86823179
 10
693195.554670709
 20
6238924.12793816
  0
LWPOLYLINE
  5
2017E
100
AcDbEntity
  8
0
100
AcDbPolyline
 70
0
 90
2
 10
693149.138090089
 20
6238882.87787172
 10
693169.269130844
 20
6238904.86823179
  0
LWPOLYLINE
  5
2017F
100
AcDbEntity
  8
0
100
AcDbPolyline
 70
0
 90
2
 10
693119.346112896
 20
6238866.09029493
 10
693149.138090091
 20
6238882.87787172
  0
LWPOLYLINE
  5
20180
100
AcDbEntity
  8
0
100
AcDbPolyline
 70
0
 90
2
 10
693062.756735796
 20
6238841.32351861
 10
693119.346112896
 20
6238866.09029493
  0
LWPOLYLINE
  5
20181
100
AcDbEntity
  8
0
100
AcDbPolyline
 70
0
 90
2
 10
693054.236123582
 20
6238837.92813703
 10
693062.756735796
 20
6238841.32351861
  0
LWPOLYLINE
  5
20182
100
AcDbEntity
  8
0
100
AcDbPolyline
 70
0
 90
2
 10
693015.259662356
 20
6238832.3960959
 10
693054.236123582
 20
6238837.92813703
  0
LWPOLYLINE
  5
20183
100
AcDbEntity
  8
0
100
AcDbPolyline
 70
0
 90
2
 10
693006.653908029
 20
6238830.8807477
 10
693015.259662356
 20
6238832.3960959
  0
LWPOLYLINE
  5
20184
100
AcDbEntity
  8
0
100
AcDbPolyline
 70
0
 90
2
 10
692998.473589959
 20
6238819.96572966
 10
693006.653908029
 20
6238830.8807477
  0
LWPOLYLINE
  5
20185
100
AcDbEntity
  8
0
100
AcDbPolyline
 70
0
 90
2
 10
692998.282371154
 20
6238812.81205408
 10
692998.473589959
 20
6238819.96572966
  0
LWPOLYLINE
  5
20186
100
AcDbEntity
  8
0
100
AcDbPolyline
 70
0
 90
2
 10
692997.82684193
 20
6238795.45835223
 10
692998.282371154
 20
6238812.81205408
  0
LWPOLYLINE
  5
20187
100
AcDbEntity
  8
0
100
AcDbPolyline
 70
0
 90
2
 10
692997.355947708
 20
6238777.7584089
 10
692997.82684193
 20
6238795.45835223
  0
LWPOLYLINE
  5
20188
100
AcDbEntity
  8
0
100
AcDbPolyline
 70
0
 90
2
 10
693608.879068429
 20
6237929.41071379
 10
693669.805722064
 20
6237960.29994905
  0
LWPOLYLINE
  5
20189
100
AcDbEntity
  8
0
100
AcDbPolyline
 70
0
 90
2
 10
693580.825557082
 20
6237927.9368005
 10
693608.879068429
 20
6237929.41071379
  0
LWPOLYLINE
  5
2018A
100
AcDbEntity
  8
0
100
AcDbPolyline
 70
0
 90
2
 10
693574.422967035
 20
6237882.75825013
 10
693580.825557082
 20
6237927.9368005
  0
LWPOLYLINE
  5
2018B
100
AcDbEntity
  8
0
100
AcDbPolyline
 70
0
 90
2
 10
693574.422967035
 20
6237882.75825013
 10
693579.129025463
 20
6237866.17366298
  0
LWPOLYLINE
  5
2018C
100
AcDbEntity
  8
0
100
AcDbPolyline
 70
0
 90
2
 10
693579.129025463
 20
6237866.17366298
 10
693580.280998413
 20
6237862.1239368
  0
LWPOLYLINE
  5
2018D
100
AcDbEntity
  8
0
100
AcDbPolyline
 70
0
 90
2
 10
693580.280998413
 20
6237862.1239368
 10
693599.28312588
 20
6237822.36756575
  0
LWPOLYLINE
  5
2018E
100
AcDbEntity
  8
0
100
AcDbPolyline
 70
0
 90
2
 10
693821.581539254
 20
6238158.39514971
 10
693852.658195926
 20
6238164.18820358
  0
LWPOLYLINE
  5
2018F
100
AcDbEntity
  8
0
100
AcDbPolyline
 70
0
 90
2
 10
693852.658195926
 20
6238164.18820358
 10
693876.021229338
 20
6238178.98302036
  0
LWPOLYLINE
  5
20190
100
AcDbEntity
  8
0
100
AcDbPolyline
 70
0
 90
2
 10
693875.865612623
 20
6238210.66633555
 10
693876.021229338
 20
6238178.98302036
  0
LWPOLYLINE
  5
20191
100
AcDbEntity
  8
0
100
AcDbPolyline
 70
0
 90
2
 10
693853.511158318
 20
6238429.13094786
 10
693875.865612623
 20
6238210.66633555
  0
LWPOLYLINE
  5
20192
100
AcDbEntity
  8
0
100
AcDbPolyline
 70
0
 90
2
 10
693800.205104715
 20
6238422.99633878
 10
693853.511158318
 20
6238429.13094786
  0
LWPOLYLINE
  5
20193
100
AcDbEntity
  8
0
100
AcDbPolyline
 70
0
 90
2
 10
694100.208827229
 20
6238288.24189461
 10
694165.624118389
 20
6238328.3162933
  0
LWPOLYLINE
  5
20194
100
AcDbEntity
  8
0
100
AcDbPolyline
 70
0
 90
2
 10
694165.624118389
 20
6238328.3162933
 10
694228.159877762
 20
6238359.51033524
  0
LWPOLYLINE
  5
20195
100
AcDbEntity
  8
0
100
AcDbPolyline
 70
0
 90
2
 10
694042.157469514
 20
6238377.90732372
 10
694187.531067591
 20
6238431.60854239
  0
LWPOLYLINE
  5
20196
100
AcDbEntity
  8
0
100
AcDbPolyline
 70
0
 90
2
 10
694187.531067591
 20
6238431.60854239
 10
694228.159877761
 20
6238359.51033524
  0
LWPOLYLINE
  5
20197
100
AcDbEntity
  8
0
100
AcDbPolyline
 70
0
 90
2
 10
694088.568625659
 20
6238035.2248871
 10
694111.131386286
 20
6237991.92063816
  0
LWPOLYLINE
  5
20198
100
AcDbEntity
  8
0
100
AcDbPolyline
 70
0
 90
2
 10
694111.131386286
 20
6237991.92063816
 10
694134.558592634
 20
6237946.95035831
  0
LWPOLYLINE
  5
20199
100
AcDbEntity
  8
0
100
AcDbPolyline
 70
0
 90
2
 10
694147.562920217
 20
6238010.57771701
 10
694160.052377988
 20
6238036.56106538
  0
LWPOLYLINE
  5
2019A
100
AcDbEntity
  8
0
100
AcDbPolyline
 70
0
 90
2
 10
694160.052377988
 20
6238036.56106538
 10
694165.208991659
 20
6238047.6194042
  0
LWPOLYLINE
  5
2019B
100
AcDbEntity
  8
0
100
AcDbPolyline
 70
0
 90
2
 10
694155.860025272
 20
6238066.48903431
 10
694165.208991659
 20
6238047.6194042
  0
LWPOLYLINE
  5
2019C
100
AcDbEntity
  8
0
100
AcDbPolyline
 70
0
 90
2
 10
693697.725269665
 20
6238262.4862223
 10
693737.234368504
 20
6238186.32012137
  0
LWPOLYLINE
  5
2019D
100
AcDbEntity
  8
0
100
AcDbPolyline
 70
0
 90
2
 10
693737.234368504
 20
6238186.32012137
 10
693771.401750647
 20
6238122.98680885
  0
LWPOLYLINE
  5
2019E
100
AcDbEntity
  8
0
100
AcDbPolyline
 70
0
 90
2
 10
693742.236559153
 20
6238285.08497976
 10
693749.222274459
 20
6238268.32544021
  0
LWPOLYLINE
  5
2019F
100
AcDbEntity
  8
0
100
AcDbPolyline
 70
0
 90
2
 10
693749.222274459
 20
6238268.32544021
 10
693762.029378083
 20
6238262.48671487
  0
LWPOLYLINE
  5
201A0
100
AcDbEntity
  8
0
100
AcDbPolyline
 70
0
 90
2
 10
693762.029378083
 20
6238262.48671487
 10
693775.542429963
 20
6238269.5212107
  0
LWPOLYLINE
  5
201A1
100
AcDbEntity
  8
0
100
AcDbPolyline
 70
0
 90
2
 10
693288.421967275
 20
6238405.39926192
 10
693367.324463806
 20
6238417.31382887
  0
LWPOLYLINE
  5
201A2
100
AcDbEntity
  8
0
100
AcDbPolyline
 70
0
 90
2
 10
693367.324463806
 20
6238417.31382887
 10
693422.61607422
 20
6238424.95983755
  0
LWPOLYLINE
  5
201A3
100
AcDbEntity
  8
0
100
AcDbPolyline
 70
0
 90
2
 10
693422.61607422
 20
6238424.95983755
 10
693489.681196734
 20
6238428.32532869
  0
LWPOLYLINE
  5
201A4
100
AcDbEntity
  8
0
100
AcDbPolyline
 70
0
 90
2
 10
693489.681196734
 20
6238428.32532869
 10
693541.245944407
 20
6238440.2848041
  0
LWPOLYLINE
  5
201A5
100
AcDbEntity
  8
0
100
AcDbPolyline
 70
0
 90
2
 10
693541.245944407
 20
6238440.2848041
 10
693593.150870438
 20
6238446.38601409
  0
LWPOLYLINE
  5
201A6
100
AcDbEntity
  8
0
100
AcDbPolyline
 70
0
 90
2
 10
693593.150870438
 20
6238446.38601409
 10
693631.662994878
 20
6238454.56612982
  0
LWPOLYLINE
  5
201A7
100
AcDbEntity
  8
0
100
AcDbPolyline
 70
0
 90
2
 10
693631.662994878
 20
6238454.56612982
 10
693641.017198712
 20
6238476.10285812
  0
LWPOLYLINE
  5
201A8
100
AcDbEntity
  8
0
100
AcDbPolyline
 70
0
 90
2
 10
693641.017198712
 20
6238476.10285812
 10
693658.7262043
 20
6238483.78456373
  0
LWPOLYLINE
  5
201A9
100
AcDbEntity
  8
0
100
AcDbPolyline
 70
0
 90
2
 10
693658.7262043
 20
6238483.78456373
 10
693694.676907923
 20
6238496.29653057
  0
LWPOLYLINE
  5
201AA
100
AcDbEntity
  8
0
100
AcDbPolyline
 70
0
 90
2
 10
693694.676907923
 20
6238496.29653057
 10
693721.072871346
 20
6238504.26160457
  0
LWPOLYLINE
  5
201AB
100
AcDbEntity
  8
0
100
AcDbPolyline
 70
0
 90
2
 10
693721.072871346
 20
6238504.26160457
 10
693740.513145805
 20
6238510.5732271
  0
LWPOLYLINE
  5
201AC
100
AcDbEntity
  8
0
100
AcDbPolyline
 70
0
 90
2
 10
693740.513145805
 20
6238510.5732271
 10
693763.43003676
 20
6238512.20519144
  0
LWPOLYLINE
  5
201AD
100
AcDbEntity
  8
0
100
AcDbPolyline
 70
0
 90
2
 10
693763.43003676
 20
6238512.20519144
 10
693783.071262633
 20
6238511.22498713
  0
LWPOLYLINE
  5
201AE
100
AcDbEntity
  8
0
100
AcDbPolyline
 70
0
 90
2
 10
693783.071262633
 20
6238511.22498713
 10
693803.813902473
 20
6238519.1900792
  0
LWPOLYLINE
  5
201AF
100
AcDbEntity
  8
0
100
AcDbPolyline
 70
0
 90
2
 10
693803.813902473
 20
6238519.1900792
 10
693852.32906466
 20
6238546.46433377
  0
LWPOLYLINE
  5
201B0
100
AcDbEntity
  8
0
100
AcDbPolyline
 70
0
 90
2
 10
693852.32906466
 20
6238546.46433377
 10
693904.46190168
 20
6238571.40678443
  0
LWPOLYLINE
  5
201B1
100
AcDbEntity
  8
0
100
AcDbPolyline
 70
0
 90
2
 10
693904.46190168
 20
6238571.40678443
 10
693911.226230633
 20
6238574.53450949
  0
LWPOLYLINE
  5
201B2
100
AcDbEntity
  8
0
100
AcDbPolyline
 70
0
 90
2
 10
693911.226230633
 20
6238574.53450949
 10
693925.338718793
 20
6238581.05062605
  0
LWPOLYLINE
  5
201B3
100
AcDbEntity
  8
0
100
AcDbPolyline
 70
0
 90
2
 10
693925.338718793
 20
6238581.05062605
 10
693947.770881381
 20
6238591.42297619
  0
LWPOLYLINE
  5
201B4
100
AcDbEntity
  8
0
100
AcDbPolyline
 70
0
 90
2
 10
693947.770881381
 20
6238591.42297619
 10
693966.821311161
 20
6238589.64763479
  0
LWPOLYLINE
  5
201B5
100
AcDbEntity
  8
0
100
AcDbPolyline
 70
0
 90
2
 10
694009.548453697
 20
6238623.12570248
 10
694035.294787736
 20
6238739.16542136
  0
LWPOLYLINE
  5
201B6
100
AcDbEntity
  8
0
100
AcDbPolyline
 70
0
 90
2
 10
694035.294787736
 20
6238739.16542136
 10
694059.796789098
 20
6238780.93299613
  0
LWPOLYLINE
  5
201B7
100
AcDbEntity
  8
0
100
AcDbPolyline
 70
0
 90
2
 10
693935.908928372
 20
6238632.02647049
 10
693966.82131116
 20
6238589.64763479
  0
LWPOLYLINE
  5
201B8
100
AcDbEntity
  8
0
100
AcDbPolyline
 70
0
 90
2
 10
693909.240224095
 20
6238646.73138684
 10
693935.908928373
 20
6238632.02647049
  0
LWPOLYLINE
  5
201B9
100
AcDbEntity
  8
0
100
AcDbPolyline
 70
0
 90
2
 10
694406.489590901
 20
6238962.17861817
 10
694453.863750913
 20
6239040.13796283
  0
LWPOLYLINE
  5
201BA
100
AcDbEntity
  8
0
100
AcDbPolyline
 70
0
 90
2
 10
694380.298957942
 20
6238906.64335885
 10
694406.489590901
 20
6238962.17861817
  0
LWPOLYLINE
  5
201BB
100
AcDbEntity
  8
0
100
AcDbPolyline
 70
0
 90
2
 10
694380.298957942
 20
6238906.64335885
 10
694383.881457885
 20
6238889.85221331
  0
LWPOLYLINE
  5
201BC
100
AcDbEntity
  8
0
100
AcDbPolyline
 70
0
 90
2
 10
694383.881457885
 20
6238889.85221331
 10
694388.305489241
 20
6238865.21856281
  0
LWPOLYLINE
  5
201BD
100
AcDbEntity
  8
0
100
AcDbPolyline
 70
0
 90
2
 10
693634.316075613
 20
6238419.64112258
 10
693647.102681255
 20
6238409.32015551
  0
LWPOLYLINE
  5
201BE
100
AcDbEntity
  8
0
100
AcDbPolyline
 70
0
 90
2
 10
693630.908736314
 20
6238427.03278468
 10
693634.316075613
 20
6238419.64112258
  0
LWPOLYLINE
  5
201BF
100
AcDbEntity
  8
0
100
AcDbPolyline
 70
0
 90
2
 10
693898.922838385
 20
6238627.99259716
 10
693925.338718793
 20
6238581.05062605
  0
LWPOLYLINE
  5
201C0
100
AcDbEntity
  8
0
100
AcDbPolyline
 70
0
 90
2
 10
693780.11926176
 20
6238534.2650547
 10
693783.071262634
 20
6238511.22498713
  0
LWPOLYLINE
  5
201C1
100
AcDbEntity
  8
0
100
AcDbPolyline
 70
0
 90
2
 10
693774.44252947
 20
6238552.81176613
 10
693780.11926176
 20
6238534.2650547
  0
LWPOLYLINE
  5
201C2
100
AcDbEntity
  8
0
100
AcDbPolyline
 70
0
 90
2
 10
693735.904126595
 20
6238531.16376319
 10
693740.513145805
 20
6238510.5732271
  0
LWPOLYLINE
  5
201C3
100
AcDbEntity
  8
0
100
AcDbPolyline
 70
0
 90
2
 10
693898.922838385
 20
6238627.99259716
 10
693909.240224095
 20
6238646.73138684
  0
LWPOLYLINE
  5
201C4
100
AcDbEntity
  8
0
100
AcDbPolyline
 70
0
 90
2
 10
693896.555021912
 20
6238623.70487488
 10
693898.922838385
 20
6238627.99259716
  0
LWPOLYLINE
  5
201C5
100
AcDbEntity
  8
0
100
AcDbPolyline
 70
0
 90
2
 10
693833.204723208
 20
6238591.23009867
 10
693896.555021912
 20
6238623.70487488
  0
LWPOLYLINE
  5
201C6
100
AcDbEntity
  8
0
100
AcDbPolyline
 70
0
 90
2
 10
693787.660269705
 20
6238565.09424012
 10
693833.204723208
 20
6238591.23009867
  0
LWPOLYLINE
  5
201C7
100
AcDbEntity
  8
0
100
AcDbPolyline
 70
0
 90
2
 10
693780.08965052
 20
6238554.71809626
 10
693787.660269707
 20
6238565.09424012
  0
LWPOLYLINE
  5
201C8
100
AcDbEntity
  8
0
100
AcDbPolyline
 70
0
 90
2
 10
693774.442529459
 20
6238552.81176613
 10
693780.089650521
 20
6238554.71809626
  0
LWPOLYLINE
  5
201C9
100
AcDbEntity
  8
0
100
AcDbPolyline
 70
0
 90
2
 10
693744.838166798
 20
6238543.08428536
 10
693774.442529459
 20
6238552.81176613
  0
LWPOLYLINE
  5
201CA
100
AcDbEntity
  8
0
100
AcDbPolyline
 70
0
 90
2
 10
693735.904126595
 20
6238531.16376319
 10
693744.838166798
 20
6238543.08428536
  0
LWPOLYLINE
  5
201CB
100
AcDbEntity
  8
0
100
AcDbPolyline
 70
0
 90
2
 10
693726.9977486
 20
6238528.74158953
 10
693735.904126595
 20
6238531.16376319
  0
LWPOLYLINE
  5
201CC
100
AcDbEntity
  8
0
100
AcDbPolyline
 70
0
 90
2
 10
693656.33060279
 20
6238507.84200313
 10
693726.9977486
 20
6238528.74158953
  0
LWPOLYLINE
  5
201CD
100
AcDbEntity
  8
0
100
AcDbPolyline
 70
0
 90
2
 10
693656.33060279
 20
6238507.84200313
 10
693658.7262043
 20
6238483.78456373
  0
LWPOLYLINE
  5
201CE
100
AcDbEntity
  8
0
100
AcDbPolyline
 70
0
 90
2
 10
694194.841665656
 20
6238594.71924532
 10
694295.287433486
 20
6238780.76601692
  0
LWPOLYLINE
  5
201CF
100
AcDbEntity
  8
0
100
AcDbPolyline
 70
0
 90
2
 10
694130.255962562
 20
6238868.42162576
 10
694164.913730957
 20
6238849.95755093
  0
LWPOLYLINE
  5
201D0
100
AcDbEntity
  8
0
100
AcDbPolyline
 70
0
 90
2
 10
694164.913730957
 20
6238849.95755093
 10
694242.829426123
 20
6238811.96169597
  0
LWPOLYLINE
  5
201D1
100
AcDbEntity
  8
0
100
AcDbPolyline
 70
0
 90
2
 10
694242.829426123
 20
6238811.96169597
 10
694295.287433487
 20
6238780.76601692
  0
LWPOLYLINE
  5
201D2
100
AcDbEntity
  8
0
100
AcDbPolyline
 70
0
 90
2
 10
694295.287433487
 20
6238780.76601692
 10
694350.829220159
 20
6238752.58738335
  0
LWPOLYLINE
  5
201D3
100
AcDbEntity
  8
0
100
AcDbPolyline
 70
0
 90
2
 10
694300.295113401
 20
6238539.70846723
 10
694344.269424641
 20
6238620.26447126
  0
LWPOLYLINE
  5
201D4
100
AcDbEntity
  8
0
100
AcDbPolyline
 70
0
 90
2
 10
694332.162515437
 20
6238654.3127164
 10
694344.269424641
 20
6238620.26447126
  0
LWPOLYLINE
  5
201D5
100
AcDbEntity
  8
0
100
AcDbPolyline
 70
0
 90
2
 10
694332.162515437
 20
6238654.3127164
 10
694353.473132556
 20
6238693.89680321
  0
LWPOLYLINE
  5
201D6
100
AcDbEntity
  8
0
100
AcDbPolyline
 70
0
 90
2
 10
694353.473132556
 20
6238693.89680321
 10
694394.18551762
 20
6238715.81698393
  0
LWPOLYLINE
  5
201D7
100
AcDbEntity
  8
0
100
AcDbPolyline
 70
0
 90
2
 10
693182.987085535
 20
6237230.10850299
 10
693245.994980334
 20
6237207.65899948
  0
LWPOLYLINE
  5
201D8
100
AcDbEntity
  8
0
100
AcDbPolyline
 70
0
 90
2
 10
693245.994980334
 20
6237207.65899948
 10
693268.407717425
 20
6237211.94020959
  0
LWPOLYLINE
  5
201D9
100
AcDbEntity
  8
0
100
AcDbPolyline
 70
0
 90
2
 10
693268.407717425
 20
6237211.94020959
 10
693283.486365131
 20
6237248.49333962
  0
LWPOLYLINE
  5
201DA
100
AcDbEntity
  8
0
100
AcDbPolyline
 70
0
 90
2
 10
693283.486365131
 20
6237248.49333962
 10
693291.271605599
 20
6237287.78143963
  0
LWPOLYLINE
  5
201DB
100
AcDbEntity
  8
0
100
AcDbPolyline
 70
0
 90
2
 10
694490.947549703
 20
6237219.60946814
 10
694508.360929604
 20
6237217.93984989
  0
LWPOLYLINE
  5
201DC
100
AcDbEntity
  8
0
100
AcDbPolyline
 70
0
 90
2
 10
694508.360929604
 20
6237217.93984989
 10
694624.550672097
 20
6237185.97441614
  0
LWPOLYLINE
  5
201DD
100
AcDbEntity
  8
0
100
AcDbPolyline
 70
0
 90
2
 10
694624.550672097
 20
6237185.97441614
 10
694767.955871058
 20
6237143.6838012
  0
LWPOLYLINE
  5
201DE
100
AcDbEntity
  8
0
100
AcDbPolyline
 70
0
 90
2
 10
694767.955871058
 20
6237143.6838012
 10
694805.73449145
 20
6237133.77114875
  0
LWPOLYLINE
  5
201DF
100
AcDbEntity
  8
0
100
AcDbPolyline
 70
0
 90
2
 10
694805.73449145
 20
6237133.77114875
 10
694839.692757374
 20
6237121.6110215
  0
LWPOLYLINE
  5
201E0
100
AcDbEntity
  8
0
100
AcDbPolyline
 70
0
 90
2
 10
694839.692757374
 20
6237121.6110215
 10
694929.791582433
 20
6237097.52463811
  0
LWPOLYLINE
  5
201E1
100
AcDbEntity
  8
0
100
AcDbPolyline
 70
0
 90
2
 10
694929.791582433
 20
6237097.52463811
 10
695060.243085399
 20
6237068.51848919
  0
LWPOLYLINE
  5
201E2
100
AcDbEntity
  8
0
100
AcDbPolyline
 70
0
 90
2
 10
695060.243085399
 20
6237068.51848919
 10
695185.063368329
 20
6237041.47684473
  0
LWPOLYLINE
  5
201E3
100
AcDbEntity
  8
0
100
AcDbPolyline
 70
0
 90
2
 10
695185.063368329
 20
6237041.47684473
 10
695236.441932269
 20
6237030.96386311
  0
LWPOLYLINE
  5
201E4
100
AcDbEntity
  8
0
100
AcDbPolyline
 70
0
 90
2
 10
695236.441932269
 20
6237030.96386311
 10
695263.318392411
 20
6237025.33834054
  0
LWPOLYLINE
  5
201E5
100
AcDbEntity
  8
0
100
AcDbPolyline
 70
0
 90
2
 10
695263.318392411
 20
6237025.33834054
 10
695279.550719314
 20
6237011.25568676
  0
LWPOLYLINE
  5
201E6
100
AcDbEntity
  8
0
100
AcDbPolyline
 70
0
 90
2
 10
695279.550719314
 20
6237011.25568676
 10
695288.708185975
 20
6236996.99417947
  0
LWPOLYLINE
  5
201E7
100
AcDbEntity
  8
0
100
AcDbPolyline
 70
0
 90
2
 10
695288.708185975
 20
6236996.99417947
 10
695298.932659252
 20
6236973.66325848
  0
LWPOLYLINE
  5
201E8
100
AcDbEntity
  8
0
100
AcDbPolyline
 70
0
 90
2
 10
694468.855985168
 20
6237214.42237012
 10
694472.91901316
 20
6237206.99424211
  0
LWPOLYLINE
  5
201E9
100
AcDbEntity
  8
0
100
AcDbPolyline
 70
0
 90
2
 10
694472.91901316
 20
6237206.99424211
 10
694483.817470909
 20
6237186.33422501
  0
LWPOLYLINE
  5
201EA
100
AcDbEntity
  8
0
100
AcDbPolyline
 70
0
 90
2
 10
694483.817470909
 20
6237186.33422501
 10
694497.19931223
 20
6237161.71882224
  0
LWPOLYLINE
  5
201EB
100
AcDbEntity
  8
0
100
AcDbPolyline
 70
0
 90
2
 10
694497.19931223
 20
6237161.71882224
 10
694511.019778217
 20
6237138.65057394
  0
LWPOLYLINE
  5
201EC
100
AcDbEntity
  8
0
100
AcDbPolyline
 70
0
 90
2
 10
694511.019778218
 20
6237138.65057394
 10
694516.320209092
 20
6237134.31084759
  0
LWPOLYLINE
  5
201ED
100
AcDbEntity
  8
0
100
AcDbPolyline
 70
0
 90
2
 10
694516.320209092
 20
6237134.31084759
 10
694527.935800529
 20
6237112.08960823
  0
LWPOLYLINE
  5
201EE
100
AcDbEntity
  8
0
100
AcDbPolyline
 70
0
 90
2
 10
694527.935800529
 20
6237112.08960823
 10
694536.865707203
 20
6237093.0900087
  0
LWPOLYLINE
  5
201EF
100
AcDbEntity
  8
0
100
AcDbPolyline
 70
0
 90
2
 10
694536.865707204
 20
6237093.0900087
 10
694544.966792969
 20
6237071.7117828
  0
LWPOLYLINE
  5
201F0
100
AcDbEntity
  8
0
100
AcDbPolyline
 70
0
 90
2
 10
694544.966792969
 20
6237071.7117828
 10
694566.230284829
 20
6237019.52179709
  0
LWPOLYLINE
  5
201F1
100
AcDbEntity
  8
0
100
AcDbPolyline
 70
0
 90
2
 10
694566.230284829
 20
6237019.52179709
 10
694569.068970933
 20
6237002.87515539
  0
LWPOLYLINE
  5
201F2
100
AcDbEntity
  8
0
100
AcDbPolyline
 70
0
 90
2
 10
694839.692757384
 20
6237121.6110215
 10
694854.053958404
 20
6237081.44672477
  0
LWPOLYLINE
  5
201F3
100
AcDbEntity
  8
0
100
AcDbPolyline
 70
0
 90
2
 10
694854.053958404
 20
6237081.44672477
 10
694862.141792814
 20
6237049.65713329
  0
LWPOLYLINE
  5
201F4
100
AcDbEntity
  8
0
100
AcDbPolyline
 70
0
 90
2
 10
694861.330774669
 20
6237041.18184964
 10
694862.141792814
 20
6237049.65713329
  0
LWPOLYLINE
  5
201F5
100
AcDbEntity
  8
0
100
AcDbPolyline
 70
0
 90
2
 10
694837.241129257
 20
6236979.40889534
 10
694861.330774669
 20
6237041.18184964
  0
LWPOLYLINE
  5
201F6
100
AcDbEntity
  8
0
100
AcDbPolyline
 70
0
 90
2
 10
694786.197770185
 20
6236858.30775271
 10
694837.241129257
 20
6236979.40889534
  0
LWPOLYLINE
  5
201F7
100
AcDbEntity
  8
0
100
AcDbPolyline
 70
0
 90
2
 10
694715.691364588
 20
6236705.72097142
 10
694786.197770185
 20
6236858.30775271
  0
LWPOLYLINE
  5
201F8
100
AcDbEntity
  8
0
100
AcDbPolyline
 70
0
 90
2
 10
694697.254039558
 20
6236680.93612083
 10
694715.691364589
 20
6236705.72097142
  0
LWPOLYLINE
  5
201F9
100
AcDbEntity
  8
0
100
AcDbPolyline
 70
0
 90
2
 10
694697.254039558
 20
6236680.93612083
 10
694699.089841117
 20
6236646.68737804
  0
LWPOLYLINE
  5
201FA
100
AcDbEntity
  8
0
100
AcDbPolyline
 70
0
 90
2
 10
694699.089841118
 20
6236646.68737804
 10
694704.65325536
 20
6236637.68927739
  0
LWPOLYLINE
  5
201FB
100
AcDbEntity
  8
0
100
AcDbPolyline
 70
0
 90
2
 10
694175.84517328
 20
6237061.33996675
 10
694326.667194633
 20
6237139.92546773
  0
LWPOLYLINE
  5
201FC
100
AcDbEntity
  8
0
100
AcDbPolyline
 70
0
 90
2
 10
694326.667194633
 20
6237139.92546773
 10
694468.855985168
 20
6237214.42237012
  0
LWPOLYLINE
  5
201FD
100
AcDbEntity
  8
0
100
AcDbPolyline
 70
0
 90
2
 10
694498.654325182
 20
6236791.93133971
 10
694667.464668542
 20
6236852.04210004
  0
LWPOLYLINE
  5
201FE
100
AcDbEntity
  8
0
100
AcDbPolyline
 70
0
 90
2
 10
694420.706395808
 20
6236765.09325967
 10
694498.654325182
 20
6236791.93133971
  0
LWPOLYLINE
  5
201FF
100
AcDbEntity
  8
0
100
AcDbPolyline
 70
0
 90
2
 10
694359.55135252
 20
6236745.73192414
 10
694420.706395808
 20
6236765.09325967
  0
LWPOLYLINE
  5
20200
100
AcDbEntity
  8
0
100
AcDbPolyline
 70
0
 90
2
 10
694341.791370407
 20
6236744.47715273
 10
694359.55135252
 20
6236745.73192414
  0
LWPOLYLINE
  5
20201
100
AcDbEntity
  8
0
100
AcDbPolyline
 70
0
 90
2
 10
695036.070698702
 20
6237397.93281507
 10
695058.202115919
 20
6237340.31145162
  0
LWPOLYLINE
  5
20202
100
AcDbEntity
  8
0
100
AcDbPolyline
 70
0
 90
2
 10
695058.202115919
 20
6237340.31145162
 10
695078.41824755
 20
6237267.16400354
  0
LWPOLYLINE
  5
20203
100
AcDbEntity
  8
0
100
AcDbPolyline
 70
0
 90
2
 10
695078.418247551
 20
6237267.16400354
 10
695087.60087663
 20
6237184.44958127
  0
LWPOLYLINE
  5
20204
100
AcDbEntity
  8
0
100
AcDbPolyline
 70
0
 90
2
 10
695060.243085413
 20
6237068.51848919
 10
695087.60087663
 20
6237184.44958127
  0
LWPOLYLINE
  5
20205
100
AcDbEntity
  8
0
100
AcDbPolyline
 70
0
 90
2
 10
695037.691557707
 20
6236990.27239881
 10
695060.243085413
 20
6237068.51848919
  0
LWPOLYLINE
  5
20206
100
AcDbEntity
  8
0
100
AcDbPolyline
 70
0
 90
2
 10
695009.617164794
 20
6236893.34812882
 10
695037.691557707
 20
6236990.27239881
  0
LWPOLYLINE
  5
20207
100
AcDbEntity
  8
0
100
AcDbPolyline
 70
0
 90
2
 10
695000.714374009
 20
6236860.07997828
 10
695009.617164794
 20
6236893.34812882
  0
LWPOLYLINE
  5
20208
100
AcDbEntity
  8
0
100
AcDbPolyline
 70
0
 90
2
 10
694676.36054621
 20
6237410.78624396
 10
694792.868729686
 20
6237388.35965296
  0
LWPOLYLINE
  5
20209
100
AcDbEntity
  8
0
100
AcDbPolyline
 70
0
 90
2
 10
694792.868729686
 20
6237388.35965296
 10
694833.243590899
 20
6237394.40574639
  0
LWPOLYLINE
  5
2020A
100
AcDbEntity
  8
0
100
AcDbPolyline
 70
0
 90
2
 10
694833.243590899
 20
6237394.40574639
 10
694864.447556369
 20
6237350.77489692
  0
LWPOLYLINE
  5
2020B
100
AcDbEntity
  8
0
100
AcDbPolyline
 70
0
 90
2
 10
694864.447556369
 20
6237350.77489692
 10
694886.140581938
 20
6237320.23103329
  0
LWPOLYLINE
  5
2020C
100
AcDbEntity
  8
0
100
AcDbPolyline
 70
0
 90
2
 10
694734.516007835
 20
6237615.1443692
 10
694887.761334028
 20
6237541.69499572
  0
LWPOLYLINE
  5
2020D
100
AcDbEntity
  8
0
100
AcDbPolyline
 70
0
 90
2
 10
694844.362997386
 20
6236835.13590707
 10
694855.694738915
 20
6236782.74995285
  0
LWPOLYLINE
  5
2020E
100
AcDbEntity
  8
0
100
AcDbPolyline
 70
0
 90
2
 10
694777.877251612
 20
6236609.18414252
 10
694855.694738916
 20
6236782.74995285
  0
LWPOLYLINE
  5
2020F
100
AcDbEntity
  8
0
100
AcDbPolyline
 70
0
 90
2
 10
694761.313952514
 20
6236515.03922145
 10
694777.877251613
 20
6236609.18414252
  0
LWPOLYLINE
  5
20210
100
AcDbEntity
  8
0
100
AcDbPolyline
 70
0
 90
2
 10
694220.599034844
 20
6236979.44121759
 10
694366.134600237
 20
6237058.9800353
  0
LWPOLYLINE
  5
20211
100
AcDbEntity
  8
0
100
AcDbPolyline
 70
0
 90
2
 10
694366.134600237
 20
6237058.9800353
 10
694508.156388386
 20
6237134.19503839
  0
LWPOLYLINE
  5
20212
100
AcDbEntity
  8
0
100
AcDbPolyline
 70
0
 90
2
 10
694508.156388387
 20
6237134.19503839
 10
694511.019778218
 20
6237138.65057394
  0
LWPOLYLINE
  5
20213
100
AcDbEntity
  8
0
100
AcDbPolyline
 70
0
 90
2
 10
694283.982328557
 20
6236857.77192276
 10
694429.90285722
 20
6236934.38744557
  0
LWPOLYLINE
  5
20214
100
AcDbEntity
  8
0
100
AcDbPolyline
 70
0
 90
2
 10
694429.90285722
 20
6236934.38744557
 10
694569.068970933
 20
6237002.87515539
  0
LWPOLYLINE
  5
20215
100
AcDbEntity
  8
0
100
AcDbPolyline
 70
0
 90
2
 10
694252.368226297
 20
6236917.43958987
 10
694396.899290256
 20
6236995.62942685
  0
LWPOLYLINE
  5
20216
100
AcDbEntity
  8
0
100
AcDbPolyline
 70
0
 90
2
 10
694396.899290256
 20
6236995.62942685
 10
694544.966792976
 20
6237071.71178278
  0
LWPOLYLINE
  5
20217
100
AcDbEntity
  8
0
100
AcDbPolyline
 70
0
 90
2
 10
694597.499033553
 20
6236936.88896526
 10
694608.676857808
 20
6236945.92614967
  0
LWPOLYLINE
  5
20218
100
AcDbEntity
  8
0
100
AcDbPolyline
 70
0
 90
2
 10
694579.846393528
 20
6236926.89887304
 10
694597.499033553
 20
6236936.88896526
  0
LWPOLYLINE
  5
20219
100
AcDbEntity
  8
0
100
AcDbPolyline
 70
0
 90
2
 10
694461.382458164
 20
6236873.91222736
 10
694579.846393528
 20
6236926.89887304
  0
LWPOLYLINE
  5
2021A
100
AcDbEntity
  8
0
100
AcDbPolyline
 70
0
 90
2
 10
694615.89193235
 20
6236717.63217704
 10
694622.508303086
 20
6236684.86107386
  0
LWPOLYLINE
  5
2021B
100
AcDbEntity
  8
0
100
AcDbPolyline
 70
0
 90
2
 10
694622.508303086
 20
6236684.86107386
 10
694623.744016315
 20
6236663.34817382
  0
LWPOLYLINE
  5
2021C
100
AcDbEntity
  8
0
100
AcDbPolyline
 70
0
 90
2
 10
694619.954610481
 20
6236628.55306521
 10
694623.744016315
 20
6236663.34817382
  0
LWPOLYLINE
  5
2021D
100
AcDbEntity
  8
0
100
AcDbPolyline
 70
0
 90
2
 10
694598.574996608
 20
6236551.86832198
 10
694619.954610481
 20
6236628.55306521
  0
LWPOLYLINE
  5
2021E
100
AcDbEntity
  8
0
100
AcDbPolyline
 70
0
 90
2
 10
694598.528829403
 20
6236507.67991942
 10
694598.574996608
 20
6236551.86832198
  0
LWPOLYLINE
  5
2021F
100
AcDbEntity
  8
0
100
AcDbPolyline
 70
0
 90
2
 10
694606.895133267
 20
6236651.49973134
 10
694623.744016315
 20
6236663.34817382
  0
LWPOLYLINE
  5
20220
100
AcDbEntity
  8
0
100
AcDbPolyline
 70
0
 90
2
 10
694583.260960332
 20
6236640.32288139
 10
694606.895133267
 20
6236651.49973134
  0
LWPOLYLINE
  5
20221
100
AcDbEntity
  8
0
100
AcDbPolyline
 70
0
 90
2
 10
694556.743280616
 20
6236629.07043738
 10
694583.260960332
 20
6236640.32288139
  0
LWPOLYLINE
  5
20222
100
AcDbEntity
  8
0
100
AcDbPolyline
 70
0
 90
2
 10
694533.221020177
 20
6236604.26634022
 10
694556.743280615
 20
6236629.07043738
  0
LWPOLYLINE
  5
20223
100
AcDbEntity
  8
0
100
AcDbPolyline
 70
0
 90
2
 10
694474.863700554
 20
6236557.7992025
 10
694533.221020181
 20
6236604.26634022
  0
LWPOLYLINE
  5
20224
100
AcDbEntity
  8
0
100
AcDbPolyline
 70
0
 90
2
 10
694459.541693248
 20
6236544.17059905
 10
694474.863700554
 20
6236557.7992025
  0
LWPOLYLINE
  5
20225
100
AcDbEntity
  8
0
100
AcDbPolyline
 70
0
 90
2
 10
694450.454084255
 20
6236530.51401755
 10
694459.541693248
 20
6236544.17059905
  0
LWPOLYLINE
  5
20226
100
AcDbEntity
  8
0
100
AcDbPolyline
 70
0
 90
2
 10
694450.454084255
 20
6236530.51401755
 10
694452.948057114
 20
6236495.5373088
  0
LWPOLYLINE
  5
20227
100
AcDbEntity
  8
0
100
AcDbPolyline
 70
0
 90
2
 10
694649.171100449
 20
6236739.05847584
 10
694681.510423622
 20
6236694.26294026
  0
LWPOLYLINE
  5
20228
100
AcDbEntity
  8
0
100
AcDbPolyline
 70
0
 90
2
 10
694681.510423623
 20
6236694.26294026
 10
694697.254039558
 20
6236680.93612083
  0
LWPOLYLINE
  5
20229
100
AcDbEntity
  8
0
100
AcDbPolyline
 70
0
 90
2
 10
694097.992029854
 20
6237206.47393878
 10
694151.715330171
 20
6237234.46691454
  0
LWPOLYLINE
  5
2022A
100
AcDbEntity
  8
0
100
AcDbPolyline
 70
0
 90
2
 10
694151.715330171
 20
6237234.46691454
 10
694206.997705882
 20
6237262.28635097
  0
LWPOLYLINE
  5
2022B
100
AcDbEntity
  8
0
100
AcDbPolyline
 70
0
 90
2
 10
694206.997705882
 20
6237262.28635097
 10
694250.930645514
 20
6237285.37627136
  0
LWPOLYLINE
  5
2022C
100
AcDbEntity
  8
0
100
AcDbPolyline
 70
0
 90
2
 10
694250.930645514
 20
6237285.37627136
 10
694387.345641301
 20
6237359.80847495
  0
LWPOLYLINE
  5
2022D
100
AcDbEntity
  8
0
100
AcDbPolyline
 70
0
 90
2
 10
694387.345641301
 20
6237359.80847495
 10
694455.904071622
 20
6237400.93258936
  0
LWPOLYLINE
  5
2022E
100
AcDbEntity
  8
0
100
AcDbPolyline
 70
0
 90
2
 10
694455.904071622
 20
6237400.93258936
 10
694486.076427575
 20
6237410.0662186
  0
LWPOLYLINE
  5
2022F
100
AcDbEntity
  8
0
100
AcDbPolyline
 70
0
 90
2
 10
693850.221696342
 20
6237145.37181898
 10
693927.728226696
 20
6237182.08919595
  0
LWPOLYLINE
  5
20230
100
AcDbEntity
  8
0
100
AcDbPolyline
 70
0
 90
2
 10
693927.728226696
 20
6237182.08919595
 10
693941.551590582
 20
6237188.38011616
  0
LWPOLYLINE
  5
20231
100
AcDbEntity
  8
0
100
AcDbPolyline
 70
0
 90
2
 10
693941.551590582
 20
6237188.38011616
 10
693953.038814972
 20
6237193.7623128
  0
LWPOLYLINE
  5
20232
100
AcDbEntity
  8
0
100
AcDbPolyline
 70
0
 90
2
 10
693953.038814972
 20
6237193.7623128
 10
694073.204547336
 20
6237252.08495986
  0
LWPOLYLINE
  5
20233
100
AcDbEntity
  8
0
100
AcDbPolyline
 70
0
 90
2
 10
694425.567991358
 20
6237294.18958283
 10
694494.357127917
 20
6237333.6750352
  0
LWPOLYLINE
  5
20234
100
AcDbEntity
  8
0
100
AcDbPolyline
 70
0
 90
2
 10
694282.702132407
 20
6237219.20612723
 10
694425.567991358
 20
6237294.18958283
  0
LWPOLYLINE
  5
20235
100
AcDbEntity
  8
0
100
AcDbPolyline
 70
0
 90
2
 10
694134.790336453
 20
6237139.74008814
 10
694282.702132407
 20
6237219.20612723
  0
LWPOLYLINE
  5
20236
100
AcDbEntity
  8
0
100
AcDbPolyline
 70
0
 90
2
 10
694855.694738916
 20
6236782.74995285
 10
694857.109419723
 20
6236779.50391155
  0
LWPOLYLINE
  5
20237
100
AcDbEntity
  8
0
100
AcDbPolyline
 70
0
 90
2
 10
694857.109419723
 20
6236779.50391155
 10
694868.505243148
 20
6236753.31623061
  0
LWPOLYLINE
  5
20238
100
AcDbEntity
  8
0
100
AcDbPolyline
 70
0
 90
2
 10
694868.505243149
 20
6236753.31623061
 10
694878.815873257
 20
6236739.47441999
  0
LWPOLYLINE
  5
20239
100
AcDbEntity
  8
0
100
AcDbPolyline
 70
0
 90
2
 10
694878.815873258
 20
6236739.47441999
 10
694899.016764434
 20
6236728.88223342
  0
LWPOLYLINE
  5
2023A
100
AcDbEntity
  8
0
100
AcDbPolyline
 70
0
 90
2
 10
694899.016764434
 20
6236728.88223342
 10
694911.749131695
 20
6236721.14816519
  0
LWPOLYLINE
  5
2023B
100
AcDbEntity
  8
0
100
AcDbPolyline
 70
0
 90
2
 10
694911.749131695
 20
6236721.14816519
 10
694935.584309467
 20
6236700.17712244
  0
LWPOLYLINE
  5
2023C
100
AcDbEntity
  8
0
100
AcDbPolyline
 70
0
 90
2
 10
694933.094524263
 20
6236689.71900719
 10
694935.584309467
 20
6236700.17712244
  0
LWPOLYLINE
  5
2023D
100
AcDbEntity
  8
0
100
AcDbPolyline
 70
0
 90
2
 10
695410.546866009
 20
6237861.64272186
 10
695414.767585682
 20
6237846.46427452
  0
LWPOLYLINE
  5
2023E
100
AcDbEntity
  8
0
100
AcDbPolyline
 70
0
 90
2
 10
695410.546866009
 20
6237861.64272186
 10
695411.904836337
 20
6237876.7088869
  0
LWPOLYLINE
  5
2023F
100
AcDbEntity
  8
0
100
AcDbPolyline
 70
0
 90
2
 10
695411.904836337
 20
6237876.7088869
 10
695436.045857553
 20
6237986.48773277
  0
LWPOLYLINE
  5
20240
100
AcDbEntity
  8
0
100
AcDbPolyline
 70
0
 90
2
 10
695246.299915216
 20
6237966.89608511
 10
695254.225714312
 20
6237958.48617092
  0
LWPOLYLINE
  5
20241
100
AcDbEntity
  8
0
100
AcDbPolyline
 70
0
 90
2
 10
695254.225714311
 20
6237958.48617092
 10
695264.636671842
 20
6237949.34286095
  0
LWPOLYLINE
  5
20242
100
AcDbEntity
  8
0
100
AcDbPolyline
 70
0
 90
2
 10
695264.636671842
 20
6237949.34286095
 10
695311.168006369
 20
6237918.67863507
  0
LWPOLYLINE
  5
20243
100
AcDbEntity
  8
0
100
AcDbPolyline
 70
0
 90
2
 10
695311.168006369
 20
6237918.67863507
 10
695370.158705267
 20
6237879.56755297
  0
LWPOLYLINE
  5
20244
100
AcDbEntity
  8
0
100
AcDbPolyline
 70
0
 90
2
 10
695370.158705267
 20
6237879.56755297
 10
695404.294125945
 20
6237857.36562838
  0
LWPOLYLINE
  5
20245
100
AcDbEntity
  8
0
100
AcDbPolyline
 70
0
 90
2
 10
695404.294125945
 20
6237857.36562838
 10
695414.767585682
 20
6237846.46427452
  0
LWPOLYLINE
  5
20246
100
AcDbEntity
  8
0
100
AcDbPolyline
 70
0
 90
2
 10
694746.296101159
 20
6237113.25603057
 10
694767.955871059
 20
6237143.6838012
  0
LWPOLYLINE
  5
20247
100
AcDbEntity
  8
0
100
AcDbPolyline
 70
0
 90
2
 10
694710.427686015
 20
6237096.00214112
 10
694746.29610116
 20
6237113.25603057
  0
LWPOLYLINE
  5
20248
100
AcDbEntity
  8
0
100
AcDbPolyline
 70
0
 90
2
 10
694687.267598709
 20
6237041.57380162
 10
694710.427686015
 20
6237096.00214112
  0
LWPOLYLINE
  5
20249
100
AcDbEntity
  8
0
100
AcDbPolyline
 70
0
 90
2
 10
694662.207587358
 20
6236983.73717071
 10
694687.267598709
 20
6237041.57380162
  0
LWPOLYLINE
  5
2024A
100
AcDbEntity
  8
0
100
AcDbPolyline
 70
0
 90
2
 10
694636.733393027
 20
6236929.24821251
 10
694662.207587358
 20
6236983.73717071
  0
LWPOLYLINE
  5
2024B
100
AcDbEntity
  8
0
100
AcDbPolyline
 70
0
 90
2
 10
693625.890380356
 20
6237112.46817001
 10
693667.541486007
 20
6237032.20703205
  0
LWPOLYLINE
  5
2024C
100
AcDbEntity
  8
0
100
AcDbPolyline
 70
0
 90
2
 10
693623.451422487
 20
6237187.27475722
 10
693651.97666822
 20
6237127.45177179
  0
LWPOLYLINE
  5
2024D
100
AcDbEntity
  8
0
100
AcDbPolyline
 70
0
 90
2
 10
693548.771344393
 20
6237072.06223113
 10
693587.77500693
 20
6236989.65159478
  0
LWPOLYLINE
  5
2024E
100
AcDbEntity
  8
0
100
AcDbPolyline
 70
0
 90
2
 10
694566.230284829
 20
6237019.52179709
 10
694589.673481945
 20
6237012.78805506
  0
LWPOLYLINE
  5
2024F
100
AcDbEntity
  8
0
100
AcDbPolyline
 70
0
 90
2
 10
694589.673481945
 20
6237012.78805506
 10
694662.20758736
 20
6236983.73717071
  0
LWPOLYLINE
  5
20250
100
AcDbEntity
  8
0
100
AcDbPolyline
 70
0
 90
2
 10
694574.902229892
 20
6237087.72387631
 10
694687.267598709
 20
6237041.57380162
  0
LWPOLYLINE
  5
20251
100
AcDbEntity
  8
0
100
AcDbPolyline
 70
0
 90
2
 10
694536.865707204
 20
6237093.0900087
 10
694574.902229892
 20
6237087.72387631
  0
LWPOLYLINE
  5
20252
100
AcDbEntity
  8
0
100
AcDbPolyline
 70
0
 90
2
 10
694137.802409692
 20
6236672.81396031
 10
694165.990665609
 20
6236564.13305647
  0
LWPOLYLINE
  5
20253
100
AcDbEntity
  8
0
100
AcDbPolyline
 70
0
 90
2
 10
694165.990665609
 20
6236564.13305647
 10
694184.934959076
 20
6236488.89568597
  0
LWPOLYLINE
  5
20254
100
AcDbEntity
  8
0
100
AcDbPolyline
 70
0
 90
2
 10
694118.469849503
 20
6236466.33146111
 10
694184.934959075
 20
6236488.89568597
  0
LWPOLYLINE
  5
20255
100
AcDbEntity
  8
0
100
AcDbPolyline
 70
0
 90
2
 10
694184.934959075
 20
6236488.89568597
 10
694236.222419068
 20
6236499.26660957
  0
LWPOLYLINE
  5
20256
100
AcDbEntity
  8
0
100
AcDbPolyline
 70
0
 90
2
 10
694236.222419068
 20
6236499.26660957
 10
694307.54294582
 20
6236523.43602322
  0
LWPOLYLINE
  5
20257
100
AcDbEntity
  8
0
100
AcDbPolyline
 70
0
 90
2
 10
694304.023994066
 20
6236556.27046275
 10
694307.54294582
 20
6236523.43602322
  0
LWPOLYLINE
  5
20258
100
AcDbEntity
  8
0
100
AcDbPolyline
 70
0
 90
2
 10
694297.016185203
 20
6236576.82942943
 10
694304.023994066
 20
6236556.27046275
  0
LWPOLYLINE
  5
20259
100
AcDbEntity
  8
0
100
AcDbPolyline
 70
0
 90
2
 10
694081.36193882
 20
6236968.35698841
 10
694195.397502741
 20
6237025.36723869
  0
LWPOLYLINE
  5
2025A
100
AcDbEntity
  8
0
100
AcDbPolyline
 70
0
 90
2
 10
693989.171914316
 20
6236918.23976796
 10
694081.36193882
 20
6236968.35698841
  0
LWPOLYLINE
  5
2025B
100
AcDbEntity
  8
0
100
AcDbPolyline
 70
0
 90
2
 10
694181.536351221
 20
6237757.53002648
 10
694293.758652739
 20
6237539.46858805
  0
LWPOLYLINE
  5
2025C
100
AcDbEntity
  8
0
100
AcDbPolyline
 70
0
 90
2
 10
694293.758652739
 20
6237539.46858805
 10
694362.784467159
 20
6237405.57319997
  0
LWPOLYLINE
  5
2025D
100
AcDbEntity
  8
0
100
AcDbPolyline
 70
0
 90
2
 10
694362.784467157
 20
6237405.57319997
 10
694387.345641297
 20
6237359.80847496
  0
LWPOLYLINE
  5
2025E
100
AcDbEntity
  8
0
100
AcDbPolyline
 70
0
 90
2
 10
694387.345641297
 20
6237359.80847496
 10
694425.567991358
 20
6237294.18958283
  0
LWPOLYLINE
  5
2025F
100
AcDbEntity
  8
0
100
AcDbPolyline
 70
0
 90
2
 10
694425.567991357
 20
6237294.18958283
 10
694468.855985168
 20
6237214.42237012
  0
LWPOLYLINE
  5
20260
100
AcDbEntity
  8
0
100
AcDbPolyline
 70
0
 90
2
 10
693726.205592635
 20
6237238.16487171
 10
693784.697185187
 20
6237267.39513497
  0
LWPOLYLINE
  5
20261
100
AcDbEntity
  8
0
100
AcDbPolyline
 70
0
 90
2
 10
693717.59483324
 20
6237234.22921775
 10
693726.205592635
 20
6237238.16487171
  0
LWPOLYLINE
  5
20262
100
AcDbEntity
  8
0
100
AcDbPolyline
 70
0
 90
2
 10
693623.451422454
 20
6237187.2747572
 10
693717.59483324
 20
6237234.22921775
  0
LWPOLYLINE
  5
20263
100
AcDbEntity
  8
0
100
AcDbPolyline
 70
0
 90
2
 10
693522.195182728
 20
6237135.60806579
 10
693623.451422454
 20
6237187.2747572
  0
LWPOLYLINE
  5
20264
100
AcDbEntity
  8
0
100
AcDbPolyline
 70
0
 90
2
 10
693487.377030793
 20
6237121.53345148
 10
693522.195182728
 20
6237135.60806579
  0
LWPOLYLINE
  5
20265
100
AcDbEntity
  8
0
100
AcDbPolyline
 70
0
 90
2
 10
693454.513036752
 20
6237100.22434851
 10
693487.377030793
 20
6237121.53345148
  0
LWPOLYLINE
  5
20266
100
AcDbEntity
  8
0
100
AcDbPolyline
 70
0
 90
2
 10
693689.613551696
 20
6237251.1614671
 10
693717.59483324
 20
6237234.22921775
  0
LWPOLYLINE
  5
20267
100
AcDbEntity
  8
0
100
AcDbPolyline
 70
0
 90
2
 10
693640.603962798
 20
6237267.65215578
 10
693689.613551696
 20
6237251.1614671
  0
LWPOLYLINE
  5
20268
100
AcDbEntity
  8
0
100
AcDbPolyline
 70
0
 90
2
 10
693556.450214797
 20
6237291.93435745
 10
693640.603962798
 20
6237267.65215578
  0
LWPOLYLINE
  5
20269
100
AcDbEntity
  8
0
100
AcDbPolyline
 70
0
 90
2
 10
693521.459217742
 20
6237305.78523624
 10
693556.450214797
 20
6237291.93435745
  0
LWPOLYLINE
  5
2026A
100
AcDbEntity
  8
0
100
AcDbPolyline
 70
0
 90
2
 10
693671.740570945
 20
6237344.74082284
 10
693729.298885548
 20
6237373.58248954
  0
LWPOLYLINE
  5
2026B
100
AcDbEntity
  8
0
100
AcDbPolyline
 70
0
 90
2
 10
693671.740570944
 20
6237344.74082284
 10
693714.418970667
 20
6237260.2910567
  0
LWPOLYLINE
  5
2026C
100
AcDbEntity
  8
0
100
AcDbPolyline
 70
0
 90
2
 10
693714.418970667
 20
6237260.2910567
 10
693726.205592635
 20
6237238.16487171
  0
LWPOLYLINE
  5
2026D
100
AcDbEntity
  8
0
100
AcDbPolyline
 70
0
 90
2
 10
693564.901790832
 20
6237348.21869595
 10
693708.94258814
 20
6237414.80407374
  0
LWPOLYLINE
  5
2026E
100
AcDbEntity
  8
0
100
AcDbPolyline
 70
0
 90
2
 10
693553.358892555
 20
6237367.87059069
 10
693564.901790832
 20
6237348.21869595
  0
LWPOLYLINE
  5
2026F
100
AcDbEntity
  8
0
100
AcDbPolyline
 70
0
 90
2
 10
693529.19762573
 20
6237414.05893673
 10
693553.358892555
 20
6237367.87059069
  0
LWPOLYLINE
  5
20270
100
AcDbEntity
  8
0
100
AcDbPolyline
 70
0
 90
2
 10
693515.332756524
 20
6237471.35956717
 10
693533.81556127
 20
6237434.78757218
  0
LWPOLYLINE
  5
20271
100
AcDbEntity
  8
0
100
AcDbPolyline
 70
0
 90
2
 10
693533.81556127
 20
6237434.78757218
 10
693541.094949478
 20
6237420.38381946
  0
LWPOLYLINE
  5
20272
100
AcDbEntity
  8
0
100
AcDbPolyline
 70
0
 90
2
 10
694630.266819518
 20
6237373.35851798
 10
694670.018040582
 20
6237362.87714154
  0
LWPOLYLINE
  5
20273
100
AcDbEntity
  8
0
100
AcDbPolyline
 70
0
 90
2
 10
694610.527072031
 20
6237417.73679798
 10
694630.266819518
 20
6237373.35851798
  0
LWPOLYLINE
  5
20274
100
AcDbEntity
  8
0
100
AcDbPolyline
 70
0
 90
2
 10
694616.656696246
 20
6237164.02274941
 10
694624.550672114
 20
6237185.97441613
  0
LWPOLYLINE
  5
20275
100
AcDbEntity
  8
0
100
AcDbPolyline
 70
0
 90
2
 10
695185.063368355
 20
6237041.47684472
 10
695206.043982826
 20
6237117.08822895
  0
LWPOLYLINE
  5
20276
100
AcDbEntity
  8
0
100
AcDbPolyline
 70
0
 90
2
 10
695206.043982826
 20
6237117.08822895
 10
695210.465429281
 20
6237157.62042594
  0
LWPOLYLINE
  5
20277
100
AcDbEntity
  8
0
100
AcDbPolyline
 70
0
 90
2
 10
695210.465429281
 20
6237157.62042594
 10
695216.839929564
 20
6237188.4326237
  0
LWPOLYLINE
  5
20278
100
AcDbEntity
  8
0
100
AcDbPolyline
 70
0
 90
2
 10
695214.062028448
 20
6237215.09180428
 10
695216.839929564
 20
6237188.4326237
  0
LWPOLYLINE
  5
20279
100
AcDbEntity
  8
0
100
AcDbPolyline
 70
0
 90
2
 10
695206.337580987
 20
6237239.56278288
 10
695214.062028448
 20
6237215.09180428
  0
LWPOLYLINE
  5
2027A
100
AcDbEntity
  8
0
100
AcDbPolyline
 70
0
 90
2
 10
695136.132515813
 20
6237309.15229036
 10
695206.337580987
 20
6237239.56278288
  0
LWPOLYLINE
  5
2027B
100
AcDbEntity
  8
0
100
AcDbPolyline
 70
0
 90
2
 10
695601.388972265
 20
6237769.31903386
 10
695613.839135862
 20
6237795.99646368
  0
LWPOLYLINE
  5
2027C
100
AcDbEntity
  8
0
100
AcDbPolyline
 70
0
 90
2
 10
695592.668520028
 20
6237734.66413938
 10
695601.388972265
 20
6237769.31903386
  0
LWPOLYLINE
  5
2027D
100
AcDbEntity
  8
0
100
AcDbPolyline
 70
0
 90
2
 10
695592.668520028
 20
6237734.66413938
 10
695605.082987744
 20
6237675.62985844
  0
LWPOLYLINE
  5
2027E
100
AcDbEntity
  8
0
100
AcDbPolyline
 70
0
 90
2
 10
695605.082987744
 20
6237675.62985844
 10
695610.322351185
 20
6237599.9472319
  0
LWPOLYLINE
  5
2027F
100
AcDbEntity
  8
0
100
AcDbPolyline
 70
0
 90
2
 10
695610.322351185
 20
6237599.9472319
 10
695618.419088221
 20
6237539.10980248
  0
LWPOLYLINE
  5
20280
100
AcDbEntity
  8
0
100
AcDbPolyline
 70
0
 90
2
 10
695618.419088221
 20
6237539.10980248
 10
695621.526751519
 20
6237522.77689819
  0
LWPOLYLINE
  5
20281
100
AcDbEntity
  8
0
100
AcDbPolyline
 70
0
 90
2
 10
695619.769456966
 20
6237496.80161371
 10
695621.526751519
 20
6237522.77689819
  0
LWPOLYLINE
  5
20282
100
AcDbEntity
  8
0
100
AcDbPolyline
 70
0
 90
2
 10
695619.769456966
 20
6237496.80161371
 10
695632.538883217
 20
6237462.66396754
  0
LWPOLYLINE
  5
20283
100
AcDbEntity
  8
0
100
AcDbPolyline
 70
0
 90
2
 10
695632.538883217
 20
6237462.66396754
 10
695701.865349499
 20
6237352.83429312
  0
LWPOLYLINE
  5
20284
100
AcDbEntity
  8
0
100
AcDbPolyline
 70
0
 90
2
 10
695701.865349499
 20
6237352.83429312
 10
695737.532849062
 20
6237259.75358424
  0
LWPOLYLINE
  5
20285
100
AcDbEntity
  8
0
100
AcDbPolyline
 70
0
 90
2
 10
695737.532849062
 20
6237259.75358424
 10
695760.155829062
 20
6237200.70861819
  0
LWPOLYLINE
  5
20286
100
AcDbEntity
  8
0
100
AcDbPolyline
 70
0
 90
2
 10
695760.155829062
 20
6237200.70861819
 10
695776.791798203
 20
6237167.439822
  0
LWPOLYLINE
  5
20287
100
AcDbEntity
  8
0
100
AcDbPolyline
 70
0
 90
2
 10
695776.791798203
 20
6237167.439822
 10
695821.246720781
 20
6237062.57905358
  0
LWPOLYLINE
  5
20288
100
AcDbEntity
  8
0
100
AcDbPolyline
 70
0
 90
2
 10
695821.246720781
 20
6237062.57905358
 10
695867.81530531
 20
6236939.98025344
  0
LWPOLYLINE
  5
20289
100
AcDbEntity
  8
0
100
AcDbPolyline
 70
0
 90
2
 10
695867.81530531
 20
6236939.98025344
 10
695882.021246613
 20
6236910.45712098
  0
LWPOLYLINE
  5
2028A
100
AcDbEntity
  8
0
100
AcDbPolyline
 70
0
 90
2
 10
695882.021246614
 20
6236910.45712098
 10
695885.974617355
 20
6236902.23367773
  0
LWPOLYLINE
  5
2028B
100
AcDbEntity
  8
0
100
AcDbPolyline
 70
0
 90
2
 10
695885.974617355
 20
6236902.23367773
 10
695903.782690734
 20
6236870.79146435
  0
LWPOLYLINE
  5
2028C
100
AcDbEntity
  8
0
100
AcDbPolyline
 70
0
 90
2
 10
695903.782690734
 20
6236870.79146435
 10
695928.569776562
 20
6236827.02889724
  0
LWPOLYLINE
  5
2028D
100
AcDbEntity
  8
0
100
AcDbPolyline
 70
0
 90
2
 10
695928.569776561
 20
6236827.02889724
 10
695969.059180322
 20
6236778.91561453
  0
LWPOLYLINE
  5
2028E
100
AcDbEntity
  8
0
100
AcDbPolyline
 70
0
 90
2
 10
695969.059180322
 20
6236778.91561453
 10
695984.081095309
 20
6236726.24417281
  0
LWPOLYLINE
  5
2028F
100
AcDbEntity
  8
0
100
AcDbPolyline
 70
0
 90
2
 10
695984.081095309
 20
6236726.24417281
 10
696004.975204085
 20
6236694.82140614
  0
LWPOLYLINE
  5
20290
100
AcDbEntity
  8
0
100
AcDbPolyline
 70
0
 90
2
 10
696004.975204086
 20
6236694.82140614
 10
696047.013085375
 20
6236654.93957199
  0
LWPOLYLINE
  5
20291
100
AcDbEntity
  8
0
100
AcDbPolyline
 70
0
 90
2
 10
696047.013085375
 20
6236654.93957199
 10
696101.879544457
 20
6236610.30812122
  0
LWPOLYLINE
  5
20292
100
AcDbEntity
  8
0
100
AcDbPolyline
 70
0
 90
2
 10
696101.879544457
 20
6236610.30812122
 10
696169.545773895
 20
6236574.93817472
  0
LWPOLYLINE
  5
20293
100
AcDbEntity
  8
0
100
AcDbPolyline
 70
0
 90
2
 10
696169.545773897
 20
6236574.93817472
 10
696216.034417367
 20
6236583.34019569
  0
LWPOLYLINE
  5
20294
100
AcDbEntity
  8
0
100
AcDbPolyline
 70
0
 90
2
 10
696216.034417367
 20
6236583.34019569
 10
696268.611698738
 20
6236582.60339161
  0
LWPOLYLINE
  5
20295
100
AcDbEntity
  8
0
100
AcDbPolyline
 70
0
 90
2
 10
696268.611698738
 20
6236582.60339161
 10
696269.48525334
 20
6236596.14281015
  0
LWPOLYLINE
  5
20296
100
AcDbEntity
  8
0
100
AcDbPolyline
 70
0
 90
2
 10
696265.094133414
 20
6236609.27288412
 10
696269.48525334
 20
6236596.14281015
  0
LWPOLYLINE
  5
20297
100
AcDbEntity
  8
0
100
AcDbPolyline
 70
0
 90
2
 10
696265.094133414
 20
6236609.27288412
 10
696267.458435155
 20
6236616.04764134
  0
LWPOLYLINE
  5
20298
100
AcDbEntity
  8
0
100
AcDbPolyline
 70
0
 90
2
 10
696267.458435155
 20
6236616.04764134
 10
696279.250596678
 20
6236630.57973465
  0
LWPOLYLINE
  5
20299
100
AcDbEntity
  8
0
100
AcDbPolyline
 70
0
 90
2
 10
696279.250596678
 20
6236630.57973465
 10
696312.584868826
 20
6236665.65501359
  0
LWPOLYLINE
  5
2029A
100
AcDbEntity
  8
0
100
AcDbPolyline
 70
0
 90
2
 10
695593.802843865
 20
6237358.61327122
 10
695635.203252342
 20
6237380.19731542
  0
LWPOLYLINE
  5
2029B
100
AcDbEntity
  8
0
100
AcDbPolyline
 70
0
 90
2
 10
695563.750747639
 20
6237345.93244573
 10
695593.802843865
 20
6237358.61327122
  0
LWPOLYLINE
  5
2029C
100
AcDbEntity
  8
0
100
AcDbPolyline
 70
0
 90
2
 10
695464.875098246
 20
6237301.86254735
 10
695563.750747639
 20
6237345.93244573
  0
LWPOLYLINE
  5
2029D
100
AcDbEntity
  8
0
100
AcDbPolyline
 70
0
 90
2
 10
695444.803912073
 20
6237289.31663649
 10
695464.875098246
 20
6237301.86254735
  0
LWPOLYLINE
  5
2029E
100
AcDbEntity
  8
0
100
AcDbPolyline
 70
0
 90
2
 10
695409.482196671
 20
6237248.41645242
 10
695444.803912072
 20
6237289.31663649
  0
LWPOLYLINE
  5
2029F
100
AcDbEntity
  8
0
100
AcDbPolyline
 70
0
 90
2
 10
695378.183026063
 20
6237215.0913059
 10
695409.482196671
 20
6237248.41645242
  0
LWPOLYLINE
  5
202A0
100
AcDbEntity
  8
0
100
AcDbPolyline
 70
0
 90
2
 10
695336.918274455
 20
6237181.26556072
 10
695378.183026062
 20
6237215.0913059
  0
LWPOLYLINE
  5
202A1
100
AcDbEntity
  8
0
100
AcDbPolyline
 70
0
 90
2
 10
695313.508074284
 20
6237146.03930376
 10
695336.918274455
 20
6237181.26556072
  0
LWPOLYLINE
  5
202A2
100
AcDbEntity
  8
0
100
AcDbPolyline
 70
0
 90
2
 10
695292.091906127
 20
6237109.68944751
 10
695313.508074284
 20
6237146.03930376
  0
LWPOLYLINE
  5
202A3
100
AcDbEntity
  8
0
100
AcDbPolyline
 70
0
 90
2
 10
695270.675745914
 20
6237054.61272427
 10
695292.091906127
 20
6237109.68944751
  0
LWPOLYLINE
  5
202A4
100
AcDbEntity
  8
0
100
AcDbPolyline
 70
0
 90
2
 10
695266.8433369
 20
6237036.89191573
 10
695270.675745914
 20
6237054.61272427
  0
LWPOLYLINE
  5
202A5
100
AcDbEntity
  8
0
100
AcDbPolyline
 70
0
 90
2
 10
695263.318392412
 20
6237025.33834054
 10
695266.8433369
 20
6237036.89191573
  0
LWPOLYLINE
  5
202A6
100
AcDbEntity
  8
0
100
AcDbPolyline
 70
0
 90
2
 10
695692.092467973
 20
6236990.98588283
 10
695752.259704977
 20
6236994.50382388
  0
LWPOLYLINE
  5
202A7
100
AcDbEntity
  8
0
100
AcDbPolyline
 70
0
 90
2
 10
695625.967272293
 20
6236975.24595233
 10
695692.092467973
 20
6236990.98588283
  0
LWPOLYLINE
  5
202A8
100
AcDbEntity
  8
0
100
AcDbPolyline
 70
0
 90
2
 10
695558.93417637
 20
6236951.53989637
 10
695625.967272293
 20
6236975.24595233
  0
LWPOLYLINE
  5
202A9
100
AcDbEntity
  8
0
100
AcDbPolyline
 70
0
 90
2
 10
695513.680217755
 20
6236945.26360371
 10
695558.93417637
 20
6236951.53989637
  0
LWPOLYLINE
  5
202AA
100
AcDbEntity
  8
0
100
AcDbPolyline
 70
0
 90
2
 10
695457.672121854
 20
6236928.86410127
 10
695513.680217755
 20
6236945.26360371
  0
LWPOLYLINE
  5
202AB
100
AcDbEntity
  8
0
100
AcDbPolyline
 70
0
 90
2
 10
695185.658964868
 20
6236947.71316297
 10
695222.079306869
 20
6236930.9199043
  0
LWPOLYLINE
  5
202AC
100
AcDbEntity
  8
0
100
AcDbPolyline
 70
0
 90
2
 10
695066.352564645
 20
6236978.74128182
 10
695185.658964868
 20
6236947.71316297
  0
LWPOLYLINE
  5
202AD
100
AcDbEntity
  8
0
100
AcDbPolyline
 70
0
 90
2
 10
695037.691557706
 20
6236990.27239881
 10
695066.352564645
 20
6236978.74128182
  0
LWPOLYLINE
  5
202AE
100
AcDbEntity
  8
0
100
AcDbPolyline
 70
0
 90
2
 10
694997.290076433
 20
6236994.91334834
 10
695037.691557706
 20
6236990.27239881
  0
LWPOLYLINE
  5
202AF
100
AcDbEntity
  8
0
100
AcDbPolyline
 70
0
 90
2
 10
694892.64573243
 20
6237019.63824402
 10
694997.290076433
 20
6236994.91334834
  0
LWPOLYLINE
  5
202B0
100
AcDbEntity
  8
0
100
AcDbPolyline
 70
0
 90
2
 10
694872.223070986
 20
6237028.72655503
 10
694892.64573243
 20
6237019.63824402
  0
LWPOLYLINE
  5
202B1
100
AcDbEntity
  8
0
100
AcDbPolyline
 70
0
 90
2
 10
694861.33077467
 20
6237041.18184964
 10
694872.223070984
 20
6237028.72655503
  0
LWPOLYLINE
  5
202B2
100
AcDbEntity
  8
0
100
AcDbPolyline
 70
0
 90
2
 10
695100.601291771
 20
6236878.0000848
 10
695102.864513732
 20
6236864.48194525
  0
LWPOLYLINE
  5
202B3
100
AcDbEntity
  8
0
100
AcDbPolyline
 70
0
 90
2
 10
695100.677904131
 20
6236845.91140211
 10
695102.864513732
 20
6236864.48194525
  0
LWPOLYLINE
  5
202B4
100
AcDbEntity
  8
0
100
AcDbPolyline
 70
0
 90
2
 10
695093.474848108
 20
6236811.46112921
 10
695100.677904131
 20
6236845.91140211
  0
LWPOLYLINE
  5
202B5
100
AcDbEntity
  8
0
100
AcDbPolyline
 70
0
 90
2
 10
695089.013089943
 20
6236791.4600863
 10
695093.474848107
 20
6236811.46112921
  0
LWPOLYLINE
  5
202B6
100
AcDbEntity
  8
0
100
AcDbPolyline
 70
0
 90
2
 10
695080.490975752
 20
6236768.47552766
 10
695089.013089943
 20
6236791.4600863
  0
LWPOLYLINE
  5
202B7
100
AcDbEntity
  8
0
100
AcDbPolyline
 70
0
 90
2
 10
695079.30707787
 20
6236759.33661081
 10
695080.490975753
 20
6236768.47552766
  0
LWPOLYLINE
  5
202B8
100
AcDbEntity
  8
0
100
AcDbPolyline
 70
0
 90
2
 10
695079.30707787
 20
6236759.33661081
 10
695081.562667203
 20
6236743.81165764
  0
LWPOLYLINE
  5
202B9
100
AcDbEntity
  8
0
100
AcDbPolyline
 70
0
 90
2
 10
695081.562667202
 20
6236743.81165764
 10
695086.275930822
 20
6236725.72378818
  0
LWPOLYLINE
  5
202BA
100
AcDbEntity
  8
0
100
AcDbPolyline
 70
0
 90
2
 10
695086.275930822
 20
6236725.72378818
 10
695089.380722522
 20
6236716.06753431
  0
LWPOLYLINE
  5
202BB
100
AcDbEntity
  8
0
100
AcDbPolyline
 70
0
 90
2
 10
695089.380722522
 20
6236716.06753431
 10
695095.139554949
 20
6236712.31790906
  0
LWPOLYLINE
  5
202BC
100
AcDbEntity
  8
0
100
AcDbPolyline
 70
0
 90
2
 10
695095.139554949
 20
6236712.31790906
 10
695105.844224564
 20
6236707.9361053
  0
LWPOLYLINE
  5
202BD
100
AcDbEntity
  8
0
100
AcDbPolyline
 70
0
 90
2
 10
695105.844224564
 20
6236707.9361053
 10
695113.436528723
 20
6236702.24158197
  0
LWPOLYLINE
  5
202BE
100
AcDbEntity
  8
0
100
AcDbPolyline
 70
0
 90
2
 10
695113.436528723
 20
6236702.24158197
 10
695128.121777824
 20
6236691.32020516
  0
LWPOLYLINE
  5
202BF
100
AcDbEntity
  8
0
100
AcDbPolyline
 70
0
 90
2
 10
695128.121777823
 20
6236691.32020516
 10
695135.356822849
 20
6236683.2573652
  0
LWPOLYLINE
  5
202C0
100
AcDbEntity
  8
0
100
AcDbPolyline
 70
0
 90
2
 10
695135.356822849
 20
6236683.2573652
 10
695153.182277466
 20
6236677.93054606
  0
LWPOLYLINE
  5
202C1
100
AcDbEntity
  8
0
100
AcDbPolyline
 70
0
 90
2
 10
695153.182277466
 20
6236677.93054606
 10
695160.804669418
 20
6236674.56719764
  0
LWPOLYLINE
  5
202C2
100
AcDbEntity
  8
0
100
AcDbPolyline
 70
0
 90
2
 10
695160.804669418
 20
6236674.56719764
 10
695192.82012059
 20
6236663.725245
  0
LWPOLYLINE
  5
202C3
100
AcDbEntity
  8
0
100
AcDbPolyline
 70
0
 90
2
 10
695314.55322562
 20
6236910.9739646
 10
695349.007825901
 20
6236882.22016204
  0
LWPOLYLINE
  5
202C4
100
AcDbEntity
  8
0
100
AcDbPolyline
 70
0
 90
2
 10
695349.007825901
 20
6236882.22016204
 10
695361.966162349
 20
6236873.49451831
  0
LWPOLYLINE
  5
202C5
100
AcDbEntity
  8
0
100
AcDbPolyline
 70
0
 90
2
 10
695361.966162347
 20
6236873.49451831
 10
695374.565250517
 20
6236857.29509316
  0
LWPOLYLINE
  5
202C6
100
AcDbEntity
  8
0
100
AcDbPolyline
 70
0
 90
2
 10
695374.565250517
 20
6236857.29509316
 10
695382.355444329
 20
6236839.14771045
  0
LWPOLYLINE
  5
202C7
100
AcDbEntity
  8
0
100
AcDbPolyline
 70
0
 90
2
 10
695382.355444329
 20
6236839.14771045
 10
695386.32118151
 20
6236820.73603918
  0
LWPOLYLINE
  5
202C8
100
AcDbEntity
  8
0
100
AcDbPolyline
 70
0
 90
2
 10
695386.32118151
 20
6236820.73603918
 10
695398.054600019
 20
6236759.18431381
  0
LWPOLYLINE
  5
202C9
100
AcDbEntity
  8
0
100
AcDbPolyline
 70
0
 90
2
 10
695398.054600019
 20
6236759.18431381
 10
695410.074232239
 20
6236728.5341613
  0
LWPOLYLINE
  5
202CA
100
AcDbEntity
  8
0
100
AcDbPolyline
 70
0
 90
2
 10
695410.074232239
 20
6236728.5341613
 10
695421.538523915
 20
6236677.74933792
  0
LWPOLYLINE
  5
202CB
100
AcDbEntity
  8
0
100
AcDbPolyline
 70
0
 90
2
 10
695343.362384785
 20
6236989.53058436
 10
695385.737661955
 20
6236969.18789685
  0
LWPOLYLINE
  5
202CC
100
AcDbEntity
  8
0
100
AcDbPolyline
 70
0
 90
2
 10
695385.737661955
 20
6236969.18789685
 10
695447.943183486
 20
6236945.1501726
  0
LWPOLYLINE
  5
202CD
100
AcDbEntity
  8
0
100
AcDbPolyline
 70
0
 90
2
 10
695056.107440479
 20
6236814.33422568
 10
695093.474848109
 20
6236811.46112922
  0
LWPOLYLINE
  5
202CE
100
AcDbEntity
  8
0
100
AcDbPolyline
 70
0
 90
2
 10
695089.013089943
 20
6236791.4600863
 10
695147.170758133
 20
6236788.88034577
  0
LWPOLYLINE
  5
202CF
100
AcDbEntity
  8
0
100
AcDbPolyline
 70
0
 90
2
 10
695041.291026419
 20
6236796.35684718
 10
695089.013089943
 20
6236791.4600863
  0
LWPOLYLINE
  5
202D0
100
AcDbEntity
  8
0
100
AcDbPolyline
 70
0
 90
2
 10
695036.134319889
 20
6236772.94657816
 10
695080.490975753
 20
6236768.47552766
  0
LWPOLYLINE
  5
202D1
100
AcDbEntity
  8
0
100
AcDbPolyline
 70
0
 90
2
 10
695031.757707352
 20
6236748.22319077
 10
695081.562667203
 20
6236743.81165764
  0
LWPOLYLINE
  5
202D2
100
AcDbEntity
  8
0
100
AcDbPolyline
 70
0
 90
2
 10
694997.083669973
 20
6236752.60216283
 10
695031.757707352
 20
6236748.22319077
  0
LWPOLYLINE
  5
202D3
100
AcDbEntity
  8
0
100
AcDbPolyline
 70
0
 90
2
 10
695029.834509088
 20
6236728.22679225
 10
695068.191629087
 20
6236730.33677497
  0
LWPOLYLINE
  5
202D4
100
AcDbEntity
  8
0
100
AcDbPolyline
 70
0
 90
2
 10
695068.191629087
 20
6236730.33677497
 10
695086.275930823
 20
6236725.72378818
  0
LWPOLYLINE
  5
202D5
100
AcDbEntity
  8
0
100
AcDbPolyline
 70
0
 90
2
 10
695082.312511426
 20
6236712.87961667
 10
695086.275930823
 20
6236725.72378818
  0
LWPOLYLINE
  5
202D6
100
AcDbEntity
  8
0
100
AcDbPolyline
 70
0
 90
2
 10
695076.903831367
 20
6236695.25420598
 10
695082.312511426
 20
6236712.87961667
  0
LWPOLYLINE
  5
202D7
100
AcDbEntity
  8
0
100
AcDbPolyline
 70
0
 90
2
 10
695070.448454678
 20
6236661.81912677
 10
695076.903831367
 20
6236695.25420598
  0
LWPOLYLINE
  5
202D8
100
AcDbEntity
  8
0
100
AcDbPolyline
 70
0
 90
2
 10
695077.120641513
 20
6236600.33642478
 10
695095.139554949
 20
6236712.31790906
  0
LWPOLYLINE
  5
202D9
100
AcDbEntity
  8
0
100
AcDbPolyline
 70
0
 90
2
 10
695101.400106573
 20
6236600.77758506
 10
695113.436528723
 20
6236702.24158197
  0
LWPOLYLINE
  5
202DA
100
AcDbEntity
  8
0
100
AcDbPolyline
 70
0
 90
2
 10
695125.77899758
 20
6236606.91954078
 10
695135.356822849
 20
6236683.2573652
  0
LWPOLYLINE
  5
202DB
100
AcDbEntity
  8
0
100
AcDbPolyline
 70
0
 90
2
 10
695157.815440327
 20
6236636.35235113
 10
695160.804669418
 20
6236674.56719764
  0
LWPOLYLINE
  5
202DC
100
AcDbEntity
  8
0
100
AcDbPolyline
 70
0
 90
2
 10
695029.834509088
 20
6236728.22679225
 10
695031.757707352
 20
6236748.22319077
  0
LWPOLYLINE
  5
202DD
100
AcDbEntity
  8
0
100
AcDbPolyline
 70
0
 90
2
 10
694992.618757557
 20
6236723.148483
 10
695029.834509088
 20
6236728.22679225
  0
LWPOLYLINE
  5
202DE
100
AcDbEntity
  8
0
100
AcDbPolyline
 70
0
 90
2
 10
694975.52336437
 20
6236710.74104022
 10
694992.618757557
 20
6236723.148483
  0
LWPOLYLINE
  5
202DF
100
AcDbEntity
  8
0
100
AcDbPolyline
 70
0
 90
2
 10
694975.52336437
 20
6236710.74104022
 10
694985.584778203
 20
6236702.22746839
  0
LWPOLYLINE
  5
202E0
100
AcDbEntity
  8
0
100
AcDbPolyline
 70
0
 90
2
 10
694985.584778203
 20
6236702.22746839
 10
694998.780076212
 20
6236701.89409051
  0
LWPOLYLINE
  5
202E1
100
AcDbEntity
  8
0
100
AcDbPolyline
 70
0
 90
2
 10
694998.780076212
 20
6236701.89409051
 10
695064.7505939
 20
6236709.32347204
  0
LWPOLYLINE
  5
202E2
100
AcDbEntity
  8
0
100
AcDbPolyline
 70
0
 90
2
 10
695043.453838834
 20
6236676.10178907
 10
695046.913326761
 20
6236684.21885561
  0
LWPOLYLINE
  5
202E3
100
AcDbEntity
  8
0
100
AcDbPolyline
 70
0
 90
2
 10
695036.391363088
 20
6236670.20550124
 10
695043.453838834
 20
6236676.10178907
  0
LWPOLYLINE
  5
202E4
100
AcDbEntity
  8
0
100
AcDbPolyline
 70
0
 90
2
 10
695027.558442674
 20
6236667.72846043
 10
695036.391363088
 20
6236670.20550124
  0
LWPOLYLINE
  5
202E5
100
AcDbEntity
  8
0
100
AcDbPolyline
 70
0
 90
2
 10
695002.737903883
 20
6236665.958773
 10
695027.558442674
 20
6236667.72846043
  0
LWPOLYLINE
  5
202E6
100
AcDbEntity
  8
0
100
AcDbPolyline
 70
0
 90
2
 10
694994.087172214
 20
6236665.60805249
 10
695002.737903883
 20
6236665.958773
  0
LWPOLYLINE
  5
202E7
100
AcDbEntity
  8
0
100
AcDbPolyline
 70
0
 90
2
 10
694984.151388796
 20
6236669.46791917
 10
694994.087172214
 20
6236665.60805249
  0
LWPOLYLINE
  5
202E8
100
AcDbEntity
  8
0
100
AcDbPolyline
 70
0
 90
2
 10
694960.134983613
 20
6236683.11803008
 10
694984.151388796
 20
6236669.46791917
  0
LWPOLYLINE
  5
202E9
100
AcDbEntity
  8
0
100
AcDbPolyline
 70
0
 90
2
 10
694935.584309467
 20
6236700.17712244
 10
694960.134983613
 20
6236683.11803008
  0
LWPOLYLINE
  5
202EA
100
AcDbEntity
  8
0
100
AcDbPolyline
 70
0
 90
2
 10
694837.241129257
 20
6236979.40889534
 10
694844.491290762
 20
6236954.81539207
  0
LWPOLYLINE
  5
202EB
100
AcDbEntity
  8
0
100
AcDbPolyline
 70
0
 90
2
 10
694844.491290762
 20
6236954.81539207
 10
695009.617164794
 20
6236893.34812882
  0
LWPOLYLINE
  5
202EC
100
AcDbEntity
  8
0
100
AcDbPolyline
 70
0
 90
2
 10
695402.079985861
 20
6237088.54084832
 10
695425.761275128
 20
6237025.273535
  0
LWPOLYLINE
  5
202ED
100
AcDbEntity
  8
0
100
AcDbPolyline
 70
0
 90
2
 10
695425.761275128
 20
6237025.273535
 10
695447.943183486
 20
6236945.1501726
  0
LWPOLYLINE
  5
202EE
100
AcDbEntity
  8
0
100
AcDbPolyline
 70
0
 90
2
 10
695447.943183486
 20
6236945.1501726
 10
695457.672121853
 20
6236928.86410127
  0
LWPOLYLINE
  5
202EF
100
AcDbEntity
  8
0
100
AcDbPolyline
 70
0
 90
2
 10
695457.672121854
 20
6236928.86410127
 10
695465.561480003
 20
6236890.53407983
  0
LWPOLYLINE
  5
202F0
100
AcDbEntity
  8
0
100
AcDbPolyline
 70
0
 90
2
 10
695465.561480003
 20
6236890.53407983
 10
695477.209476294
 20
6236838.8660237
  0
LWPOLYLINE
  5
202F1
100
AcDbEntity
  8
0
100
AcDbPolyline
 70
0
 90
2
 10
695477.209476294
 20
6236838.8660237
 10
695481.495043394
 20
6236832.31838497
  0
LWPOLYLINE
  5
202F2
100
AcDbEntity
  8
0
100
AcDbPolyline
 70
0
 90
2
 10
695481.495043396
 20
6236832.31838497
 10
695491.220769239
 20
6236809.19907568
  0
LWPOLYLINE
  5
202F3
100
AcDbEntity
  8
0
100
AcDbPolyline
 70
0
 90
2
 10
695491.220769239
 20
6236809.19907568
 10
695504.624543166
 20
6236755.93944799
  0
LWPOLYLINE
  5
202F4
100
AcDbEntity
  8
0
100
AcDbPolyline
 70
0
 90
2
 10
694833.243590899
 20
6237394.40574639
 10
694887.761334028
 20
6237541.69499572
  0
LWPOLYLINE
  5
202F5
100
AcDbEntity
  8
0
100
AcDbPolyline
 70
0
 90
2
 10
694887.761334028
 20
6237541.69499572
 10
694937.811125232
 20
6237671.89337561
  0
LWPOLYLINE
  5
202F6
100
AcDbEntity
  8
0
100
AcDbPolyline
 70
0
 90
2
 10
694937.811125232
 20
6237671.89337561
 10
694956.100646862
 20
6237697.19684135
  0
LWPOLYLINE
  5
202F7
100
AcDbEntity
  8
0
100
AcDbPolyline
 70
0
 90
2
 10
694956.100646862
 20
6237697.19684135
 10
694977.652777873
 20
6237750.65076726
  0
LWPOLYLINE
  5
202F8
100
AcDbEntity
  8
0
100
AcDbPolyline
 70
0
 90
2
 10
694986.307751439
 20
6237689.21401932
 10
695038.714699353
 20
6237728.51755829
  0
LWPOLYLINE
  5
202F9
100
AcDbEntity
  8
0
100
AcDbPolyline
 70
0
 90
2
 10
695038.714699355
 20
6237728.51755829
 10
695134.016384767
 20
6237836.04170737
  0
LWPOLYLINE
  5
202FA
100
AcDbEntity
  8
0
100
AcDbPolyline
 70
0
 90
2
 10
695372.438563712
 20
6237803.63787425
 10
695414.767585682
 20
6237846.46427452
  0
LWPOLYLINE
  5
202FB
100
AcDbEntity
  8
0
100
AcDbPolyline
 70
0
 90
2
 10
695346.262108971
 20
6237791.63752964
 10
695372.438563712
 20
6237803.63787425
  0
LWPOLYLINE
  5
202FC
100
AcDbEntity
  8
0
100
AcDbPolyline
 70
0
 90
2
 10
695321.454861319
 20
6237789.04127866
 10
695346.262108971
 20
6237791.63752964
  0
LWPOLYLINE
  5
202FD
100
AcDbEntity
  8
0
100
AcDbPolyline
 70
0
 90
2
 10
695273.668887706
 20
6237826.20250741
 10
695321.454861319
 20
6237789.04127866
  0
LWPOLYLINE
  5
202FE
100
AcDbEntity
  8
0
100
AcDbPolyline
 70
0
 90
2
 10
695249.711984964
 20
6237840.28811966
 10
695273.668887706
 20
6237826.20250741
  0
LWPOLYLINE
  5
202FF
100
AcDbEntity
  8
0
100
AcDbPolyline
 70
0
 90
2
 10
695224.748370172
 20
6237839.75860514
 10
695249.711984964
 20
6237840.28811966
  0
LWPOLYLINE
  5
20300
100
AcDbEntity
  8
0
100
AcDbPolyline
 70
0
 90
2
 10
695214.283155027
 20
6237832.72519292
 10
695224.748370172
 20
6237839.75860514
  0
LWPOLYLINE
  5
20301
100
AcDbEntity
  8
0
100
AcDbPolyline
 70
0
 90
2
 10
695190.280251022
 20
6237807.53803342
 10
695214.283155025
 20
6237832.72519292
  0
LWPOLYLINE
  5
20302
100
AcDbEntity
  8
0
100
AcDbPolyline
 70
0
 90
2
 10
695094.76065103
 20
6237687.28388285
 10
695190.280251021
 20
6237807.53803342
  0
LWPOLYLINE
  5
20303
100
AcDbEntity
  8
0
100
AcDbPolyline
 70
0
 90
2
 10
695060.905209832
 20
6237658.44777733
 10
695094.76065103
 20
6237687.28388285
  0
LWPOLYLINE
  5
20304
100
AcDbEntity
  8
0
100
AcDbPolyline
 70
0
 90
2
 10
695031.456786574
 20
6237641.13880377
 10
695060.905209832
 20
6237658.44777733
  0
LWPOLYLINE
  5
20305
100
AcDbEntity
  8
0
100
AcDbPolyline
 70
0
 90
2
 10
695206.337580987
 20
6237239.56278288
 10
695215.209999006
 20
6237252.40881556
  0
LWPOLYLINE
  5
20306
100
AcDbEntity
  8
0
100
AcDbPolyline
 70
0
 90
2
 10
695215.209999006
 20
6237252.40881556
 10
695272.194098612
 20
6237301.24331788
  0
LWPOLYLINE
  5
20307
100
AcDbEntity
  8
0
100
AcDbPolyline
 70
0
 90
2
 10
695272.194098614
 20
6237301.24331788
 10
695414.052751031
 20
6237446.7758644
  0
LWPOLYLINE
  5
20308
100
AcDbEntity
  8
0
100
AcDbPolyline
 70
0
 90
2
 10
695414.052751031
 20
6237446.7758644
 10
695436.115890287
 20
6237469.34496459
  0
LWPOLYLINE
  5
20309
100
AcDbEntity
  8
0
100
AcDbPolyline
 70
0
 90
2
 10
695424.508412141
 20
6237520.02282461
 10
695436.115890286
 20
6237469.34496459
  0
LWPOLYLINE
  5
2030A
100
AcDbEntity
  8
0
100
AcDbPolyline
 70
0
 90
2
 10
695424.508412141
 20
6237520.02282461
 10
695426.07751324
 20
6237562.73222024
  0
LWPOLYLINE
  5
2030B
100
AcDbEntity
  8
0
100
AcDbPolyline
 70
0
 90
2
 10
695426.07751324
 20
6237562.73222024
 10
695459.896752696
 20
6237589.48515904
  0
LWPOLYLINE
  5
2030C
100
AcDbEntity
  8
0
100
AcDbPolyline
 70
0
 90
2
 10
695459.896752695
 20
6237589.48515904
 10
695483.800208247
 20
6237621.44670642
  0
LWPOLYLINE
  5
2030D
100
AcDbEntity
  8
0
100
AcDbPolyline
 70
0
 90
2
 10
695483.800208249
 20
6237621.44670642
 10
695520.074730632
 20
6237646.88586728
  0
LWPOLYLINE
  5
2030E
100
AcDbEntity
  8
0
100
AcDbPolyline
 70
0
 90
2
 10
694956.100646862
 20
6237697.19684135
 10
694986.307751439
 20
6237689.21401932
  0
LWPOLYLINE
  5
2030F
100
AcDbEntity
  8
0
100
AcDbPolyline
 70
0
 90
2
 10
694986.307751439
 20
6237689.21401932
 10
695020.852779936
 20
6237652.73735174
  0
LWPOLYLINE
  5
20310
100
AcDbEntity
  8
0
100
AcDbPolyline
 70
0
 90
2
 10
695020.852779936
 20
6237652.73735174
 10
695031.456786574
 20
6237641.13880377
  0
LWPOLYLINE
  5
20311
100
AcDbEntity
  8
0
100
AcDbPolyline
 70
0
 90
2
 10
695031.456786574
 20
6237641.13880377
 10
695074.195364492
 20
6237592.31839559
  0
LWPOLYLINE
  5
20312
100
AcDbEntity
  8
0
100
AcDbPolyline
 70
0
 90
2
 10
695074.195364492
 20
6237592.31839559
 10
695143.1618587
 20
6237516.03907256
  0
LWPOLYLINE
  5
20313
100
AcDbEntity
  8
0
100
AcDbPolyline
 70
0
 90
2
 10
695140.623595417
 20
6237500.69614424
 10
695143.1618587
 20
6237516.03907256
  0
LWPOLYLINE
  5
20314
100
AcDbEntity
  8
0
100
AcDbPolyline
 70
0
 90
2
 10
695140.623595417
 20
6237500.69614424
 10
695146.968753958
 20
6237489.67217524
  0
LWPOLYLINE
  5
20315
100
AcDbEntity
  8
0
100
AcDbPolyline
 70
0
 90
2
 10
695146.968753958
 20
6237489.67217524
 10
695158.789957636
 20
6237468.44282079
  0
LWPOLYLINE
  5
20316
100
AcDbEntity
  8
0
100
AcDbPolyline
 70
0
 90
2
 10
695158.789957636
 20
6237468.44282079
 10
695173.976385158
 20
6237449.90896907
  0
LWPOLYLINE
  5
20317
100
AcDbEntity
  8
0
100
AcDbPolyline
 70
0
 90
2
 10
694768.936290305
 20
6237250.02579321
 10
694774.845884275
 20
6237268.24216122
  0
LWPOLYLINE
  5
20318
100
AcDbEntity
  8
0
100
AcDbPolyline
 70
0
 90
2
 10
694774.845884275
 20
6237268.24216122
 10
694830.595585258
 20
6237253.39844693
  0
LWPOLYLINE
  5
20319
100
AcDbEntity
  8
0
100
AcDbPolyline
 70
0
 90
2
 10
694830.595585258
 20
6237253.39844693
 10
694841.039791974
 20
6237245.16963615
  0
LWPOLYLINE
  5
2031A
100
AcDbEntity
  8
0
100
AcDbPolyline
 70
0
 90
2
 10
694841.039791974
 20
6237245.16963615
 10
695087.60087663
 20
6237184.44958127
  0
LWPOLYLINE
  5
2031B
100
AcDbEntity
  8
0
100
AcDbPolyline
 70
0
 90
2
 10
695087.60087663
 20
6237184.44958127
 10
695210.465429281
 20
6237157.62042594
  0
LWPOLYLINE
  5
2031C
100
AcDbEntity
  8
0
100
AcDbPolyline
 70
0
 90
2
 10
694400.371490152
 20
6237896.50048289
 10
694402.405886376
 20
6237891.46183923
  0
LWPOLYLINE
  5
2031D
100
AcDbEntity
  8
0
100
AcDbPolyline
 70
0
 90
2
 10
694402.405886376
 20
6237891.46183923
 10
694407.15074643
 20
6237879.71011715
  0
LWPOLYLINE
  5
2031E
100
AcDbEntity
  8
0
100
AcDbPolyline
 70
0
 90
2
 10
694400.371490152
 20
6237896.50048289
 10
694406.266358313
 20
6237910.82538502
  0
LWPOLYLINE
  5
2031F
100
AcDbEntity
  8
0
100
AcDbPolyline
 70
0
 90
2
 10
694406.266358313
 20
6237910.82538502
 10
694425.945682258
 20
6237920.51726103
  0
LWPOLYLINE
  5
20320
100
AcDbEntity
  8
0
100
AcDbPolyline
 70
0
 90
2
 10
694425.945682258
 20
6237920.51726103
 10
694493.110245736
 20
6237954.1552563
  0
LWPOLYLINE
  5
20321
100
AcDbEntity
  8
0
100
AcDbPolyline
 70
0
 90
2
 10
694493.110245736
 20
6237954.1552563
 10
694558.502369591
 20
6237982.95379209
  0
LWPOLYLINE
  5
20322
100
AcDbEntity
  8
0
100
AcDbPolyline
 70
0
 90
2
 10
694558.502369591
 20
6237982.95379209
 10
694630.561820443
 20
6237999.18290666
  0
LWPOLYLINE
  5
20323
100
AcDbEntity
  8
0
100
AcDbPolyline
 70
0
 90
2
 10
694630.561820443
 20
6237999.18290666
 10
694656.784347652
 20
6238005.41796544
  0
LWPOLYLINE
  5
20324
100
AcDbEntity
  8
0
100
AcDbPolyline
 70
0
 90
2
 10
694656.784347652
 20
6238005.41796544
 10
694665.666855
 20
6237994.00233199
  0
LWPOLYLINE
  5
20325
100
AcDbEntity
  8
0
100
AcDbPolyline
 70
0
 90
2
 10
694665.666855
 20
6237994.00233199
 10
694670.412091684
 20
6237987.90384194
  0
LWPOLYLINE
  5
20326
100
AcDbEntity
  8
0
100
AcDbPolyline
 70
0
 90
2
 10
694402.932370925
 20
6237939.856008
 10
694406.266358313
 20
6237910.82538502
  0
LWPOLYLINE
  5
20327
100
AcDbEntity
  8
0
100
AcDbPolyline
 70
0
 90
2
 10
694402.932370925
 20
6237939.856008
 10
694431.621383033
 20
6237960.6150008
  0
LWPOLYLINE
  5
20328
100
AcDbEntity
  8
0
100
AcDbPolyline
 70
0
 90
2
 10
694431.621383033
 20
6237960.6150008
 10
694490.822860721
 20
6237983.22242684
  0
LWPOLYLINE
  5
20329
100
AcDbEntity
  8
0
100
AcDbPolyline
 70
0
 90
2
 10
694490.822860721
 20
6237983.22242684
 10
694556.14482035
 20
6238009.33134835
  0
LWPOLYLINE
  5
2032A
100
AcDbEntity
  8
0
100
AcDbPolyline
 70
0
 90
2
 10
693882.469079643
 20
6237597.45740506
 10
693889.299956675
 20
6237585.22771993
  0
LWPOLYLINE
  5
2032B
100
AcDbEntity
  8
0
100
AcDbPolyline
 70
0
 90
2
 10
693889.299956674
 20
6237585.22771993
 10
693922.581520857
 20
6237521.85497388
  0
LWPOLYLINE
  5
2032C
100
AcDbEntity
  8
0
100
AcDbPolyline
 70
0
 90
2
 10
693922.581520857
 20
6237521.85497388
 10
693941.577682805
 20
6237487.5169211
  0
LWPOLYLINE
  5
2032D
100
AcDbEntity
  8
0
100
AcDbPolyline
 70
0
 90
2
 10
693941.577682805
 20
6237487.5169211
 10
693946.935404867
 20
6237478.75387474
  0
LWPOLYLINE
  5
2032E
100
AcDbEntity
  8
0
100
AcDbPolyline
 70
0
 90
2
 10
693946.935404868
 20
6237478.75387474
 10
694000.933259546
 20
6237379.30492046
  0
LWPOLYLINE
  5
2032F
100
AcDbEntity
  8
0
100
AcDbPolyline
 70
0
 90
2
 10
694000.933259546
 20
6237379.30492046
 10
694073.204547336
 20
6237252.08495986
  0
LWPOLYLINE
  5
20330
100
AcDbEntity
  8
0
100
AcDbPolyline
 70
0
 90
2
 10
694073.204547336
 20
6237252.08495986
 10
694097.992029836
 20
6237206.47393881
  0
LWPOLYLINE
  5
20331
100
AcDbEntity
  8
0
100
AcDbPolyline
 70
0
 90
2
 10
694097.992029836
 20
6237206.47393881
 10
694134.790336423
 20
6237139.74008819
  0
LWPOLYLINE
  5
20332
100
AcDbEntity
  8
0
100
AcDbPolyline
 70
0
 90
2
 10
694134.790336423
 20
6237139.74008819
 10
694140.465327885
 20
6237129.34194103
  0
LWPOLYLINE
  5
20333
100
AcDbEntity
  8
0
100
AcDbPolyline
 70
0
 90
2
 10
694140.465327885
 20
6237129.34194103
 10
694175.84517328
 20
6237061.33996675
  0
LWPOLYLINE
  5
20334
100
AcDbEntity
  8
0
100
AcDbPolyline
 70
0
 90
2
 10
694175.84517328
 20
6237061.33996675
 10
694195.397502708
 20
6237025.36723875
  0
LWPOLYLINE
  5
20335
100
AcDbEntity
  8
0
100
AcDbPolyline
 70
0
 90
2
 10
694195.397502708
 20
6237025.36723875
 10
694215.57599309
 20
6236988.46445439
  0
LWPOLYLINE
  5
20336
100
AcDbEntity
  8
0
100
AcDbPolyline
 70
0
 90
2
 10
694215.57599309
 20
6236988.46445439
 10
694220.599034844
 20
6236979.44121759
  0
LWPOLYLINE
  5
20337
100
AcDbEntity
  8
0
100
AcDbPolyline
 70
0
 90
2
 10
694220.599034844
 20
6236979.44121759
 10
694252.368226298
 20
6236917.43958987
  0
LWPOLYLINE
  5
20338
100
AcDbEntity
  8
0
100
AcDbPolyline
 70
0
 90
2
 10
694252.368226296
 20
6236917.43958987
 10
694283.982328556
 20
6236857.77192276
  0
LWPOLYLINE
  5
20339
100
AcDbEntity
  8
0
100
AcDbPolyline
 70
0
 90
2
 10
694283.982328556
 20
6236857.77192276
 10
694285.78098708
 20
6236853.17214267
  0
LWPOLYLINE
  5
2033A
100
AcDbEntity
  8
0
100
AcDbPolyline
 70
0
 90
2
 10
694285.78098708
 20
6236853.17214267
 10
694341.791370407
 20
6236744.47715273
  0
LWPOLYLINE
  5
2033B
100
AcDbEntity
  8
0
100
AcDbPolyline
 70
0
 90
2
 10
695072.854893551
 20
6237437.70392204
 10
695143.161858699
 20
6237516.03907256
  0
LWPOLYLINE
  5
2033C
100
AcDbEntity
  8
0
100
AcDbPolyline
 70
0
 90
2
 10
695036.070698702
 20
6237397.93281507
 10
695072.854893551
 20
6237437.70392204
  0
LWPOLYLINE
  5
2033D
100
AcDbEntity
  8
0
100
AcDbPolyline
 70
0
 90
2
 10
694995.351569174
 20
6237376.06262765
 10
695036.070698702
 20
6237397.93281507
  0
LWPOLYLINE
  5
2033E
100
AcDbEntity
  8
0
100
AcDbPolyline
 70
0
 90
2
 10
694952.659399183
 20
6237355.93079871
 10
694995.351569174
 20
6237376.06262765
  0
LWPOLYLINE
  5
2033F
100
AcDbEntity
  8
0
100
AcDbPolyline
 70
0
 90
2
 10
694919.376004457
 20
6237340.44283929
 10
694952.659399183
 20
6237355.93079871
  0
LWPOLYLINE
  5
20340
100
AcDbEntity
  8
0
100
AcDbPolyline
 70
0
 90
2
 10
694886.140581939
 20
6237320.23103329
 10
694919.376004457
 20
6237340.44283929
  0
LWPOLYLINE
  5
20341
100
AcDbEntity
  8
0
100
AcDbPolyline
 70
0
 90
2
 10
694851.577987706
 20
6237282.72569482
 10
694886.140581939
 20
6237320.23103329
  0
LWPOLYLINE
  5
20342
100
AcDbEntity
  8
0
100
AcDbPolyline
 70
0
 90
2
 10
694841.039791975
 20
6237245.16963615
 10
694851.577987707
 20
6237282.72569482
  0
LWPOLYLINE
  5
20343
100
AcDbEntity
  8
0
100
AcDbPolyline
 70
0
 90
2
 10
694805.734491454
 20
6237133.77114875
 10
694841.039791975
 20
6237245.16963615
  0
LWPOLYLINE
  5
20344
100
AcDbEntity
  8
0
100
AcDbPolyline
 70
0
 90
2
 10
694753.022122519
 20
6237012.68327286
 10
694805.734491454
 20
6237133.77114875
  0
LWPOLYLINE
  5
20345
100
AcDbEntity
  8
0
100
AcDbPolyline
 70
0
 90
2
 10
694702.62056672
 20
6236894.07601202
 10
694753.022122519
 20
6237012.68327286
  0
LWPOLYLINE
  5
20346
100
AcDbEntity
  8
0
100
AcDbPolyline
 70
0
 90
2
 10
695143.161858699
 20
6237516.03907256
 10
695165.637170651
 20
6237532.05997264
  0
LWPOLYLINE
  5
20347
100
AcDbEntity
  8
0
100
AcDbPolyline
 70
0
 90
2
 10
695165.637170651
 20
6237532.05997264
 10
695218.448333097
 20
6237571.36187869
  0
LWPOLYLINE
  5
20348
100
AcDbEntity
  8
0
100
AcDbPolyline
 70
0
 90
2
 10
695218.448333094
 20
6237571.36187869
 10
695244.345197909
 20
6237602.12013043
  0
LWPOLYLINE
  5
20349
100
AcDbEntity
  8
0
100
AcDbPolyline
 70
0
 90
2
 10
695244.345197909
 20
6237602.12013043
 10
695254.484254494
 20
6237619.81750964
  0
LWPOLYLINE
  5
2034A
100
AcDbEntity
  8
0
100
AcDbPolyline
 70
0
 90
2
 10
695254.484254494
 20
6237619.81750964
 10
695263.707139424
 20
6237655.7652709
  0
LWPOLYLINE
  5
2034B
100
AcDbEntity
  8
0
100
AcDbPolyline
 70
0
 90
2
 10
695263.707139424
 20
6237655.7652709
 10
695277.092007015
 20
6237679.29628601
  0
LWPOLYLINE
  5
2034C
100
AcDbEntity
  8
0
100
AcDbPolyline
 70
0
 90
2
 10
695277.092007015
 20
6237679.29628601
 10
695302.194525925
 20
6237699.31743861
  0
LWPOLYLINE
  5
2034D
100
AcDbEntity
  8
0
100
AcDbPolyline
 70
0
 90
2
 10
695302.194525925
 20
6237699.31743861
 10
695348.401410573
 20
6237727.43928854
  0
LWPOLYLINE
  5
2034E
100
AcDbEntity
  8
0
100
AcDbPolyline
 70
0
 90
2
 10
695348.401410573
 20
6237727.43928854
 10
695390.122138627
 20
6237753.21595151
  0
LWPOLYLINE
  5
2034F
100
AcDbEntity
  8
0
100
AcDbPolyline
 70
0
 90
2
 10
695390.122138627
 20
6237753.21595151
 10
695399.942641391
 20
6237760.23141291
  0
LWPOLYLINE
  5
20350
100
AcDbEntity
  8
0
100
AcDbPolyline
 70
0
 90
2
 10
695399.942641391
 20
6237760.23141291
 10
695424.642427089
 20
6237779.13134816
  0
LWPOLYLINE
  5
20351
100
AcDbEntity
  8
0
100
AcDbPolyline
 70
0
 90
2
 10
695424.642427089
 20
6237779.13134816
 10
695456.732962304
 20
6237804.28918615
  0
LWPOLYLINE
  5
20352
100
AcDbEntity
  8
0
100
AcDbPolyline
 70
0
 90
2
 10
695456.732962304
 20
6237804.28918615
 10
695468.964569286
 20
6237819.36316891
  0
LWPOLYLINE
  5
20353
100
AcDbEntity
  8
0
100
AcDbPolyline
 70
0
 90
2
 10
694808.532662595
 20
6237734.07321756
 10
694937.811125232
 20
6237671.89337561
  0
LWPOLYLINE
  5
20354
100
AcDbEntity
  8
0
100
AcDbPolyline
 70
0
 90
2
 10
695219.55362823
 20
6237906.06865774
 10
695254.225714314
 20
6237958.48617092
  0
LWPOLYLINE
  5
20355
100
AcDbEntity
  8
0
100
AcDbPolyline
 70
0
 90
2
 10
695180.219745385
 20
6237856.35869392
 10
695219.55362823
 20
6237906.06865774
  0
LWPOLYLINE
  5
20356
100
AcDbEntity
  8
0
100
AcDbPolyline
 70
0
 90
2
 10
695172.818653909
 20
6237838.78674106
 10
695180.219745385
 20
6237856.35869392
  0
LWPOLYLINE
  5
20357
100
AcDbEntity
  8
0
100
AcDbPolyline
 70
0
 90
2
 10
695134.016384767
 20
6237836.04170737
 10
695172.818653908
 20
6237838.78674106
  0
LWPOLYLINE
  5
20358
100
AcDbEntity
  8
0
100
AcDbPolyline
 70
0
 90
2
 10
695134.016384767
 20
6237836.04170737
 10
695190.280251022
 20
6237807.53803342
  0
LWPOLYLINE
  5
20359
100
AcDbEntity
  8
0
100
AcDbPolyline
 70
0
 90
2
 10
694392.633104087
 20
6236485.58854432
 10
694396.028511634
 20
6236469.7920555
  0
LWPOLYLINE
  5
2035A
100
AcDbEntity
  8
0
100
AcDbPolyline
 70
0
 90
2
 10
694389.767653693
 20
6236504.06212769
 10
694392.633104087
 20
6236485.58854432
  0
LWPOLYLINE
  5
2035B
100
AcDbEntity
  8
0
100
AcDbPolyline
 70
0
 90
2
 10
694378.181243525
 20
6236565.56663442
 10
694389.767653693
 20
6236504.06212769
  0
LWPOLYLINE
  5
2035C
100
AcDbEntity
  8
0
100
AcDbPolyline
 70
0
 90
2
 10
694375.167675381
 20
6236636.7692715
 10
694378.181243525
 20
6236565.56663442
  0
LWPOLYLINE
  5
2035D
100
AcDbEntity
  8
0
100
AcDbPolyline
 70
0
 90
2
 10
694375.167675381
 20
6236636.7692715
 10
694543.29256807
 20
6236692.60755916
  0
LWPOLYLINE
  5
2035E
100
AcDbEntity
  8
0
100
AcDbPolyline
 70
0
 90
2
 10
694543.29256807
 20
6236692.60755916
 10
694615.891932348
 20
6236717.63217704
  0
LWPOLYLINE
  5
2035F
100
AcDbEntity
  8
0
100
AcDbPolyline
 70
0
 90
2
 10
694615.891932348
 20
6236717.63217704
 10
694640.093328073
 20
6236729.29213889
  0
LWPOLYLINE
  5
20360
100
AcDbEntity
  8
0
100
AcDbPolyline
 70
0
 90
2
 10
694640.093328072
 20
6236729.29213889
 10
694649.171100449
 20
6236739.05847584
  0
LWPOLYLINE
  5
20361
100
AcDbEntity
  8
0
100
AcDbPolyline
 70
0
 90
2
 10
694704.653255359
 20
6236637.68927739
 10
694777.877251613
 20
6236609.18414252
  0
LWPOLYLINE
  5
20362
100
AcDbEntity
  8
0
100
AcDbPolyline
 70
0
 90
2
 10
695297.024869779
 20
6236967.46736544
 10
695302.308188156
 20
6236959.72792046
  0
LWPOLYLINE
  5
20363
100
AcDbEntity
  8
0
100
AcDbPolyline
 70
0
 90
2
 10
695302.308188156
 20
6236959.72792046
 10
695314.553225619
 20
6236910.9739646
  0
LWPOLYLINE
  5
20364
100
AcDbEntity
  8
0
100
AcDbPolyline
 70
0
 90
2
 10
695314.553225619
 20
6236910.9739646
 10
695323.295051795
 20
6236853.7216898
  0
LWPOLYLINE
  5
20365
100
AcDbEntity
  8
0
100
AcDbPolyline
 70
0
 90
2
 10
695315.394650609
 20
6236812.57308135
 10
695323.295051795
 20
6236853.7216898
  0
LWPOLYLINE
  5
20366
100
AcDbEntity
  8
0
100
AcDbPolyline
 70
0
 90
2
 10
695314.72752605
 20
6236779.94864191
 10
695315.394650609
 20
6236812.57308135
  0
LWPOLYLINE
  5
20367
100
AcDbEntity
  8
0
100
AcDbPolyline
 70
0
 90
2
 10
695293.497301767
 20
6236768.78855934
 10
695314.72752605
 20
6236779.94864191
  0
LWPOLYLINE
  5
20368
100
AcDbEntity
  8
0
100
AcDbPolyline
 70
0
 90
2
 10
694636.733393027
 20
6236929.24821251
 10
694702.62056672
 20
6236894.07601202
  0
LWPOLYLINE
  5
20369
100
AcDbEntity
  8
0
100
AcDbPolyline
 70
0
 90
2
 10
695775.851595389
 20
6236939.93987319
 10
695790.80739952
 20
6236884.58959028
  0
LWPOLYLINE
  5
2036A
100
AcDbEntity
  8
0
100
AcDbPolyline
 70
0
 90
2
 10
695772.94443856
 20
6236991.52906975
 10
695775.851595389
 20
6236939.93987319
  0
LWPOLYLINE
  5
2036B
100
AcDbEntity
  8
0
100
AcDbPolyline
 70
0
 90
2
 10
695767.144944803
 20
6237005.89912903
 10
695772.94443856
 20
6236991.52906975
  0
LWPOLYLINE
  5
2036C
100
AcDbEntity
  8
0
100
AcDbPolyline
 70
0
 90
2
 10
695767.144944803
 20
6237005.89912903
 10
695769.867285019
 20
6237027.06977841
  0
LWPOLYLINE
  5
2036D
100
AcDbEntity
  8
0
100
AcDbPolyline
 70
0
 90
2
 10
695767.651181911
 20
6237075.36884881
 10
695769.867285019
 20
6237027.06977841
  0
LWPOLYLINE
  5
2036E
100
AcDbEntity
  8
0
100
AcDbPolyline
 70
0
 90
2
 10
695764.09632164
 20
6237118.34505941
 10
695767.651181911
 20
6237075.36884881
  0
LWPOLYLINE
  5
2036F
100
AcDbEntity
  8
0
100
AcDbPolyline
 70
0
 90
2
 10
695761.82102745
 20
6237129.51039175
 10
695764.09632164
 20
6237118.34505941
  0
LWPOLYLINE
  5
20370
100
AcDbEntity
  8
0
100
AcDbPolyline
 70
0
 90
2
 10
695748.69121407
 20
6237167.81139309
 10
695752.03503509
 20
6237181.25216447
  0
LWPOLYLINE
  5
20371
100
AcDbEntity
  8
0
100
AcDbPolyline
 70
0
 90
2
 10
695752.03503509
 20
6237181.25216447
 10
695754.167339338
 20
6237189.84409562
  0
LWPOLYLINE
  5
20372
100
AcDbEntity
  8
0
100
AcDbPolyline
 70
0
 90
2
 10
695754.167339338
 20
6237189.84409562
 10
695760.155829063
 20
6237200.70861819
  0
LWPOLYLINE
  5
20373
100
AcDbEntity
  8
0
100
AcDbPolyline
 70
0
 90
2
 10
695263.318392411
 20
6237025.33834054
 10
695274.317605038
 20
6237040.00959243
  0
LWPOLYLINE
  5
20374
100
AcDbEntity
  8
0
100
AcDbPolyline
 70
0
 90
2
 10
695274.317605038
 20
6237040.00959243
 10
695333.936985011
 20
6237065.91329338
  0
LWPOLYLINE
  5
20375
100
AcDbEntity
  8
0
100
AcDbPolyline
 70
0
 90
2
 10
695333.936985011
 20
6237065.91329338
 10
695402.079985847
 20
6237088.54084832
  0
LWPOLYLINE
  5
20376
100
AcDbEntity
  8
0
100
AcDbPolyline
 70
0
 90
2
 10
695402.079985847
 20
6237088.54084832
 10
695555.527828387
 20
6237136.24683776
  0
LWPOLYLINE
  5
20377
100
AcDbEntity
  8
0
100
AcDbPolyline
 70
0
 90
2
 10
695481.495043396
 20
6236832.31838497
 10
695539.357426845
 20
6236842.96203004
  0
LWPOLYLINE
  5
20378
100
AcDbEntity
  8
0
100
AcDbPolyline
 70
0
 90
2
 10
695539.357426845
 20
6236842.96203004
 10
695591.43371272
 20
6236858.48004867
  0
LWPOLYLINE
  5
20379
100
AcDbEntity
  8
0
100
AcDbPolyline
 70
0
 90
2
 10
695591.43371272
 20
6236858.48004867
 10
695649.205008471
 20
6236872.45402305
  0
LWPOLYLINE
  5
2037A
100
AcDbEntity
  8
0
100
AcDbPolyline
 70
0
 90
2
 10
695705.183514579
 20
6236862.5698214
 10
695752.259704977
 20
6236994.50382388
  0
LWPOLYLINE
  5
2037B
100
AcDbEntity
  8
0
100
AcDbPolyline
 70
0
 90
2
 10
695687.669011682
 20
6236795.99871787
 10
695705.183514579
 20
6236862.5698214
  0
LWPOLYLINE
  5
2037C
100
AcDbEntity
  8
0
100
AcDbPolyline
 70
0
 90
2
 10
695752.259704977
 20
6236994.50382388
 10
695767.144944803
 20
6237005.89912903
  0
LWPOLYLINE
  5
2037D
100
AcDbEntity
  8
0
100
AcDbPolyline
 70
0
 90
2
 10
694117.391859433
 20
6237116.38728469
 10
694140.465327887
 20
6237129.34194103
  0
LWPOLYLINE
  5
2037E
100
AcDbEntity
  8
0
100
AcDbPolyline
 70
0
 90
2
 10
694098.30326382
 20
6237109.57759329
 10
694117.391859433
 20
6237116.38728469
  0
LWPOLYLINE
  5
2037F
100
AcDbEntity
  8
0
100
AcDbPolyline
 70
0
 90
2
 10
694076.50069806
 20
6237103.06811807
 10
694098.30326382
 20
6237109.57759329
  0
LWPOLYLINE
  5
20380
100
AcDbEntity
  8
0
100
AcDbPolyline
 70
0
 90
2
 10
693951.610431275
 20
6237040.42888027
 10
694076.50069806
 20
6237103.06811807
  0
LWPOLYLINE
  5
20381
100
AcDbEntity
  8
0
100
AcDbPolyline
 70
0
 90
2
 10
693935.407848315
 20
6237042.76890354
 10
693951.610431275
 20
6237040.42888027
  0
LWPOLYLINE
  5
20382
100
AcDbEntity
  8
0
100
AcDbPolyline
 70
0
 90
2
 10
693922.556924079
 20
6237047.16742154
 10
693935.407848315
 20
6237042.76890354
  0
LWPOLYLINE
  5
20383
100
AcDbEntity
  8
0
100
AcDbPolyline
 70
0
 90
2
 10
693905.621873858
 20
6237039.26380399
 10
693922.556924079
 20
6237047.16742154
  0
LWPOLYLINE
  5
20384
100
AcDbEntity
  8
0
100
AcDbPolyline
 70
0
 90
2
 10
693625.890380346
 20
6237112.46817
 10
693651.97666822
 20
6237127.45177179
  0
LWPOLYLINE
  5
20385
100
AcDbEntity
  8
0
100
AcDbPolyline
 70
0
 90
2
 10
693548.771344393
 20
6237072.06223113
 10
693625.890380346
 20
6237112.46817
  0
LWPOLYLINE
  5
20386
100
AcDbEntity
  8
0
100
AcDbPolyline
 70
0
 90
2
 10
693518.981867088
 20
6237059.74261001
 10
693548.771344393
 20
6237072.06223113
  0
LWPOLYLINE
  5
20387
100
AcDbEntity
  8
0
100
AcDbPolyline
 70
0
 90
2
 10
694933.094524263
 20
6236689.71900719
 10
694933.232663248
 20
6236672.4252397
  0
LWPOLYLINE
  5
20388
100
AcDbEntity
  8
0
100
AcDbPolyline
 70
0
 90
2
 10
694928.452168273
 20
6236648.50843419
 10
694933.232663248
 20
6236672.4252397
  0
LWPOLYLINE
  5
20389
100
AcDbEntity
  8
0
100
AcDbPolyline
 70
0
 90
2
 10
694926.37426568
 20
6236638.00226012
 10
694928.452168272
 20
6236648.50843419
  0
LWPOLYLINE
  5
2038A
100
AcDbEntity
  8
0
100
AcDbPolyline
 70
0
 90
2
 10
694926.37426568
 20
6236638.00226012
 10
694928.526625966
 20
6236607.73627285
  0
LWPOLYLINE
  5
2038B
100
AcDbEntity
  8
0
100
AcDbPolyline
 70
0
 90
2
 10
694928.526625966
 20
6236607.73627285
 10
694932.797684453
 20
6236575.93961241
  0
LWPOLYLINE
  5
2038C
100
AcDbEntity
  8
0
100
AcDbPolyline
 70
0
 90
2
 10
694932.797684453
 20
6236575.93961241
 10
694934.820659769
 20
6236564.95194864
  0
LWPOLYLINE
  5
2038D
100
AcDbEntity
  8
0
100
AcDbPolyline
 70
0
 90
2
 10
694934.820659768
 20
6236564.95194864
 10
694940.024965909
 20
6236558.25627846
  0
LWPOLYLINE
  5
2038E
100
AcDbEntity
  8
0
100
AcDbPolyline
 70
0
 90
2
 10
694940.02496591
 20
6236558.25627846
 10
694948.855922112
 20
6236554.12288463
  0
LWPOLYLINE
  5
2038F
100
AcDbEntity
  8
0
100
AcDbPolyline
 70
0
 90
2
 10
694948.855922112
 20
6236554.12288463
 10
694958.576383064
 20
6236557.01928831
  0
LWPOLYLINE
  5
20390
100
AcDbEntity
  8
0
100
AcDbPolyline
 70
0
 90
2
 10
694958.576383064
 20
6236557.01928831
 10
695039.220465809
 20
6236618.22270093
  0
LWPOLYLINE
  5
20391
100
AcDbEntity
  8
0
100
AcDbPolyline
 70
0
 90
2
 10
695356.37208496
 20
6236663.7299276
 10
695421.538523915
 20
6236677.74933792
  0
LWPOLYLINE
  5
20392
100
AcDbEntity
  8
0
100
AcDbPolyline
 70
0
 90
2
 10
695272.6699726
 20
6236663.48817933
 10
695356.37208496
 20
6236663.7299276
  0
LWPOLYLINE
  5
20393
100
AcDbEntity
  8
0
100
AcDbPolyline
 70
0
 90
2
 10
695173.976385157
 20
6237449.90896907
 10
695183.281078459
 20
6237448.68490836
  0
LWPOLYLINE
  5
20394
100
AcDbEntity
  8
0
100
AcDbPolyline
 70
0
 90
2
 10
695183.281078459
 20
6237448.68490836
 10
695193.231050823
 20
6237451.53676023
  0
LWPOLYLINE
  5
20395
100
AcDbEntity
  8
0
100
AcDbPolyline
 70
0
 90
2
 10
695193.231050823
 20
6237451.53676023
 10
695236.85871165
 20
6237479.1267162
  0
LWPOLYLINE
  5
20396
100
AcDbEntity
  8
0
100
AcDbPolyline
 70
0
 90
2
 10
695236.85871165
 20
6237479.1267162
 10
695271.982550528
 20
6237506.70689532
  0
LWPOLYLINE
  5
20397
100
AcDbEntity
  8
0
100
AcDbPolyline
 70
0
 90
2
 10
695271.982550528
 20
6237506.70689532
 10
695296.974282912
 20
6237526.05404785
  0
LWPOLYLINE
  5
20398
100
AcDbEntity
  8
0
100
AcDbPolyline
 70
0
 90
2
 10
695244.345197909
 20
6237602.12013043
 10
695298.59165421
 20
6237549.7040825
  0
LWPOLYLINE
  5
20399
100
AcDbEntity
  8
0
100
AcDbPolyline
 70
0
 90
2
 10
695298.59165421
 20
6237549.7040825
 10
695302.373972103
 20
6237535.41952778
  0
LWPOLYLINE
  5
2039A
100
AcDbEntity
  8
0
100
AcDbPolyline
 70
0
 90
2
 10
695296.974282911
 20
6237526.05404785
 10
695302.373972103
 20
6237535.41952778
  0
LWPOLYLINE
  5
2039B
100
AcDbEntity
  8
0
100
AcDbPolyline
 70
0
 90
2
 10
694307.542945819
 20
6236523.43602322
 10
694319.884264328
 20
6236489.64338654
  0
LWPOLYLINE
  5
2039C
100
AcDbEntity
  8
0
100
AcDbPolyline
 70
0
 90
2
 10
694319.884264328
 20
6236489.64338654
 10
694330.77008179
 20
6236451.4149311
  0
LWPOLYLINE
  5
2039D
100
AcDbEntity
  8
0
100
AcDbPolyline
 70
0
 90
2
 10
694330.77008179
 20
6236451.4149311
 10
694338.689215947
 20
6236411.12299062
  0
LWPOLYLINE
  5
2039E
100
AcDbEntity
  8
0
100
AcDbPolyline
 70
0
 90
2
 10
696400.427060215
 20
6236955.02110893
 10
696421.658842945
 20
6236974.16841745
  0
LWPOLYLINE
  5
2039F
100
AcDbEntity
  8
0
100
AcDbPolyline
 70
0
 90
2
 10
696421.658842945
 20
6236974.16841745
 10
696440.221747875
 20
6236993.97327626
  0
LWPOLYLINE
  5
203A0
100
AcDbEntity
  8
0
100
AcDbPolyline
 70
0
 90
2
 10
696440.221747878
 20
6236993.97327626
 10
696478.992137293
 20
6237031.8308569
  0
LWPOLYLINE
  5
203A1
100
AcDbEntity
  8
0
100
AcDbPolyline
 70
0
 90
2
 10
696478.992137292
 20
6237031.8308569
 10
696510.055165906
 20
6237068.39748545
  0
LWPOLYLINE
  5
203A2
100
AcDbEntity
  8
0
100
AcDbPolyline
 70
0
 90
2
 10
696510.055165906
 20
6237068.39748545
 10
696527.462196096
 20
6237094.94936224
  0
LWPOLYLINE
  5
203A3
100
AcDbEntity
  8
0
100
AcDbPolyline
 70
0
 90
2
 10
696527.462196096
 20
6237094.94936224
 10
696553.33735713
 20
6237149.78183885
  0
LWPOLYLINE
  5
203A4
100
AcDbEntity
  8
0
100
AcDbPolyline
 70
0
 90
2
 10
696553.33735713
 20
6237149.78183885
 10
696584.505699737
 20
6237212.99590583
  0
LWPOLYLINE
  5
203A5
100
AcDbEntity
  8
0
100
AcDbPolyline
 70
0
 90
2
 10
696014.071958501
 20
6237475.5511223
 10
696016.10349315
 20
6237500.23510785
  0
LWPOLYLINE
  5
203A6
100
AcDbEntity
  8
0
100
AcDbPolyline
 70
0
 90
2
 10
696016.10349315
 20
6237500.23510785
 10
696017.206330101
 20
6237527.0278276
  0
LWPOLYLINE
  5
203A7
100
AcDbEntity
  8
0
100
AcDbPolyline
 70
0
 90
2
 10
696017.206330101
 20
6237527.0278276
 10
696017.335745427
 20
6237549.47301655
  0
LWPOLYLINE
  5
203A8
100
AcDbEntity
  8
0
100
AcDbPolyline
 70
0
 90
2
 10
696332.16328678
 20
6237062.13653306
 10
696358.000765849
 20
6237043.24939648
  0
LWPOLYLINE
  5
203A9
100
AcDbEntity
  8
0
100
AcDbPolyline
 70
0
 90
2
 10
696358.000765849
 20
6237043.24939648
 10
696425.28270466
 20
6237002.92786624
  0
LWPOLYLINE
  5
203AA
100
AcDbEntity
  8
0
100
AcDbPolyline
 70
0
 90
2
 10
696252.754711934
 20
6236717.33469296
 10
696300.01967381
 20
6236806.66863806
  0
LWPOLYLINE
  5
203AB
100
AcDbEntity
  8
0
100
AcDbPolyline
 70
0
 90
2
 10
696300.01967381
 20
6236806.66863806
 10
696345.285727669
 20
6236894.87458155
  0
LWPOLYLINE
  5
203AC
100
AcDbEntity
  8
0
100
AcDbPolyline
 70
0
 90
2
 10
696345.285727669
 20
6236894.87458155
 10
696385.891523339
 20
6236955.47794053
  0
LWPOLYLINE
  5
203AD
100
AcDbEntity
  8
0
100
AcDbPolyline
 70
0
 90
2
 10
696307.949091576
 20
6237003.5139658
 10
696369.860044008
 20
6236970.90356289
  0
LWPOLYLINE
  5
203AE
100
AcDbEntity
  8
0
100
AcDbPolyline
 70
0
 90
2
 10
696369.860044008
 20
6236970.90356289
 10
696385.89152334
 20
6236955.47794053
  0
LWPOLYLINE
  5
203AF
100
AcDbEntity
  8
0
100
AcDbPolyline
 70
0
 90
2
 10
696385.89152334
 20
6236955.47794053
 10
696400.427060215
 20
6236955.02110893
  0
LWPOLYLINE
  5
203B0
100
AcDbEntity
  8
0
100
AcDbPolyline
 70
0
 90
2
 10
696400.427060214
 20
6236955.02110893
 10
696422.168852998
 20
6236932.74653001
  0
LWPOLYLINE
  5
203B1
100
AcDbEntity
  8
0
100
AcDbPolyline
 70
0
 90
2
 10
696422.168852998
 20
6236932.74653001
 10
696435.40647116
 20
6236915.17481373
  0
LWPOLYLINE
  5
203B2
100
AcDbEntity
  8
0
100
AcDbPolyline
 70
0
 90
2
 10
696369.30219482
 20
6236794.84115545
 10
696371.428869732
 20
6236812.57390782
  0
LWPOLYLINE
  5
203B3
100
AcDbEntity
  8
0
100
AcDbPolyline
 70
0
 90
2
 10
696371.428869732
 20
6236812.57390782
 10
696391.28923086
 20
6236847.50922674
  0
LWPOLYLINE
  5
203B4
100
AcDbEntity
  8
0
100
AcDbPolyline
 70
0
 90
2
 10
696391.28923086
 20
6236847.50922674
 10
696435.406471165
 20
6236915.17481373
  0
LWPOLYLINE
  5
203B5
100
AcDbEntity
  8
0
100
AcDbPolyline
 70
0
 90
2
 10
696435.40647116
 20
6236915.17481373
 10
696446.272842695
 20
6236903.93705588
  0
LWPOLYLINE
  5
203B6
100
AcDbEntity
  8
0
100
AcDbPolyline
 70
0
 90
2
 10
696446.272842695
 20
6236903.93705588
 10
696461.126107741
 20
6236893.7523709
  0
LWPOLYLINE
  5
203B7
100
AcDbEntity
  8
0
100
AcDbPolyline
 70
0
 90
2
 10
696461.126107741
 20
6236893.7523709
 10
696478.955955858
 20
6236898.74240525
  0
LWPOLYLINE
  5
203B8
100
AcDbEntity
  8
0
100
AcDbPolyline
 70
0
 90
2
 10
696478.955955858
 20
6236898.74240525
 10
696501.268342085
 20
6236926.91339267
  0
LWPOLYLINE
  5
203B9
100
AcDbEntity
  8
0
100
AcDbPolyline
 70
0
 90
2
 10
696362.553768925
 20
6237140.85213623
 10
696425.148804782
 20
6237115.06277062
  0
LWPOLYLINE
  5
203BA
100
AcDbEntity
  8
0
100
AcDbPolyline
 70
0
 90
2
 10
696425.148804782
 20
6237115.06277062
 10
696510.055165906
 20
6237068.39748545
  0
LWPOLYLINE
  5
203BB
100
AcDbEntity
  8
0
100
AcDbPolyline
 70
0
 90
2
 10
696527.462196097
 20
6237094.94936224
 10
696553.529845589
 20
6237079.70796409
  0
LWPOLYLINE
  5
203BC
100
AcDbEntity
  8
0
100
AcDbPolyline
 70
0
 90
2
 10
696604.27658458
 20
6237145.25096703
 10
696628.387382453
 20
6237193.08023579
  0
LWPOLYLINE
  5
203BD
100
AcDbEntity
  8
0
100
AcDbPolyline
 70
0
 90
2
 10
696585.126725758
 20
6237113.29004158
 10
696604.27658458
 20
6237145.25096703
  0
LWPOLYLINE
  5
203BE
100
AcDbEntity
  8
0
100
AcDbPolyline
 70
0
 90
2
 10
696553.529845589
 20
6237079.70796409
 10
696585.126725757
 20
6237113.29004158
  0
LWPOLYLINE
  5
203BF
100
AcDbEntity
  8
0
100
AcDbPolyline
 70
0
 90
2
 10
696521.732014053
 20
6237027.96919325
 10
696553.529845589
 20
6237079.70796409
  0
LWPOLYLINE
  5
203C0
100
AcDbEntity
  8
0
100
AcDbPolyline
 70
0
 90
2
 10
696496.686784721
 20
6236989.32756013
 10
696521.732014053
 20
6237027.96919325
  0
LWPOLYLINE
  5
203C1
100
AcDbEntity
  8
0
100
AcDbPolyline
 70
0
 90
2
 10
696496.354613499
 20
6236975.64575398
 10
696496.686784721
 20
6236989.32756013
  0
LWPOLYLINE
  5
203C2
100
AcDbEntity
  8
0
100
AcDbPolyline
 70
0
 90
2
 10
696663.973752534
 20
6237164.32183659
 10
696670.833801186
 20
6237176.16432771
  0
LWPOLYLINE
  5
203C3
100
AcDbEntity
  8
0
100
AcDbPolyline
 70
0
 90
2
 10
696649.065623302
 20
6237132.199396
 10
696663.973752534
 20
6237164.32183659
  0
LWPOLYLINE
  5
203C4
100
AcDbEntity
  8
0
100
AcDbPolyline
 70
0
 90
2
 10
696624.398373403
 20
6237073.94398893
 10
696649.065623302
 20
6237132.199396
  0
LWPOLYLINE
  5
203C5
100
AcDbEntity
  8
0
100
AcDbPolyline
 70
0
 90
2
 10
696612.365262098
 20
6237042.73452194
 10
696624.398373403
 20
6237073.94398893
  0
LWPOLYLINE
  5
203C6
100
AcDbEntity
  8
0
100
AcDbPolyline
 70
0
 90
2
 10
696727.540141149
 20
6237128.54901566
 10
696734.485560856
 20
6237144.86561098
  0
LWPOLYLINE
  5
203C7
100
AcDbEntity
  8
0
100
AcDbPolyline
 70
0
 90
2
 10
696716.618923977
 20
6237104.346359
 10
696727.540141148
 20
6237128.54901566
  0
LWPOLYLINE
  5
203C8
100
AcDbEntity
  8
0
100
AcDbPolyline
 70
0
 90
2
 10
696693.654789137
 20
6237077.57088803
 10
696716.618923977
 20
6237104.346359
  0
LWPOLYLINE
  5
203C9
100
AcDbEntity
  8
0
100
AcDbPolyline
 70
0
 90
2
 10
696201.801796647
 20
6237614.63653094
 10
696217.7409024
 20
6237606.15091599
  0
LWPOLYLINE
  5
203CA
100
AcDbEntity
  8
0
100
AcDbPolyline
 70
0
 90
2
 10
696217.7409024
 20
6237606.15091599
 10
696277.691572442
 20
6237574.26334211
  0
LWPOLYLINE
  5
203CB
100
AcDbEntity
  8
0
100
AcDbPolyline
 70
0
 90
2
 10
696277.691572442
 20
6237574.26334211
 10
696325.243050583
 20
6237555.28289758
  0
LWPOLYLINE
  5
203CC
100
AcDbEntity
  8
0
100
AcDbPolyline
 70
0
 90
2
 10
696325.243050583
 20
6237555.28289758
 10
696461.320159541
 20
6237491.47593979
  0
LWPOLYLINE
  5
203CD
100
AcDbEntity
  8
0
100
AcDbPolyline
 70
0
 90
2
 10
696461.320159541
 20
6237491.47593979
 10
696554.687044972
 20
6237448.44544947
  0
LWPOLYLINE
  5
203CE
100
AcDbEntity
  8
0
100
AcDbPolyline
 70
0
 90
2
 10
696554.687044972
 20
6237448.44544947
 10
696591.902739263
 20
6237431.28794534
  0
LWPOLYLINE
  5
203CF
100
AcDbEntity
  8
0
100
AcDbPolyline
 70
0
 90
2
 10
696591.902739263
 20
6237431.28794534
 10
696651.878206601
 20
6237430.36239101
  0
LWPOLYLINE
  5
203D0
100
AcDbEntity
  8
0
100
AcDbPolyline
 70
0
 90
2
 10
696651.878206601
 20
6237430.36239101
 10
696679.331744464
 20
6237433.23317773
  0
LWPOLYLINE
  5
203D1
100
AcDbEntity
  8
0
100
AcDbPolyline
 70
0
 90
2
 10
696679.331744464
 20
6237433.23317773
 10
696695.250182375
 20
6237465.75912412
  0
LWPOLYLINE
  5
203D2
100
AcDbEntity
  8
0
100
AcDbPolyline
 70
0
 90
2
 10
696695.250182376
 20
6237465.75912412
 10
696705.66045966
 20
6237500.75110371
  0
LWPOLYLINE
  5
203D3
100
AcDbEntity
  8
0
100
AcDbPolyline
 70
0
 90
2
 10
696705.66045966
 20
6237500.75110371
 10
696751.698596786
 20
6237608.72882978
  0
LWPOLYLINE
  5
203D4
100
AcDbEntity
  8
0
100
AcDbPolyline
 70
0
 90
2
 10
696683.9457265
 20
6236635.39070575
 10
696685.915138178
 20
6236686.2795371
  0
LWPOLYLINE
  5
203D5
100
AcDbEntity
  8
0
100
AcDbPolyline
 70
0
 90
2
 10
696683.9457265
 20
6236635.39070575
 10
696684.258616462
 20
6236619.44225383
  0
LWPOLYLINE
  5
203D6
100
AcDbEntity
  8
0
100
AcDbPolyline
 70
0
 90
2
 10
696673.272216897
 20
6236602.13698391
 10
696684.258616462
 20
6236619.44225383
  0
LWPOLYLINE
  5
203D7
100
AcDbEntity
  8
0
100
AcDbPolyline
 70
0
 90
2
 10
696647.280243514
 20
6237313.15985333
 10
696667.285123356
 20
6237338.92925038
  0
LWPOLYLINE
  5
203D8
100
AcDbEntity
  8
0
100
AcDbPolyline
 70
0
 90
2
 10
696531.989804448
 20
6237325.21476833
 10
696564.026264424
 20
6237368.48173723
  0
LWPOLYLINE
  5
203D9
100
AcDbEntity
  8
0
100
AcDbPolyline
 70
0
 90
2
 10
696564.026264422
 20
6237368.48173723
 10
696568.250504097
 20
6237370.83893527
  0
LWPOLYLINE
  5
203DA
100
AcDbEntity
  8
0
100
AcDbPolyline
 70
0
 90
2
 10
696568.250504097
 20
6237370.83893527
 10
696574.510737825
 20
6237370.50313495
  0
LWPOLYLINE
  5
203DB
100
AcDbEntity
  8
0
100
AcDbPolyline
 70
0
 90
2
 10
696574.510737825
 20
6237370.50313495
 10
696647.280243514
 20
6237313.15985333
  0
LWPOLYLINE
  5
203DC
100
AcDbEntity
  8
0
100
AcDbPolyline
 70
0
 90
2
 10
696601.089389785
 20
6237254.15772078
 10
696647.280243514
 20
6237313.15985333
  0
LWPOLYLINE
  5
203DD
100
AcDbEntity
  8
0
100
AcDbPolyline
 70
0
 90
2
 10
696670.833801186
 20
6237176.16432771
 10
696680.996308998
 20
6237188.95052682
  0
LWPOLYLINE
  5
203DE
100
AcDbEntity
  8
0
100
AcDbPolyline
 70
0
 90
2
 10
696680.996308999
 20
6237188.95052682
 10
696693.246023276
 20
6237205.87943823
  0
LWPOLYLINE
  5
203DF
100
AcDbEntity
  8
0
100
AcDbPolyline
 70
0
 90
2
 10
696693.246023277
 20
6237205.87943823
 10
696704.530949134
 20
6237212.89857124
  0
LWPOLYLINE
  5
203E0
100
AcDbEntity
  8
0
100
AcDbPolyline
 70
0
 90
2
 10
696704.530949134
 20
6237212.89857124
 10
696719.308868619
 20
6237217.67097873
  0
LWPOLYLINE
  5
203E1
100
AcDbEntity
  8
0
100
AcDbPolyline
 70
0
 90
2
 10
697038.588872062
 20
6237073.00867402
 10
697124.193647382
 20
6237038.42645338
  0
LWPOLYLINE
  5
203E2
100
AcDbEntity
  8
0
100
AcDbPolyline
 70
0
 90
2
 10
696989.855470488
 20
6237095.2044872
 10
697038.588872062
 20
6237073.00867402
  0
LWPOLYLINE
  5
203E3
100
AcDbEntity
  8
0
100
AcDbPolyline
 70
0
 90
2
 10
696907.549526619
 20
6237133.41945266
 10
696989.855470488
 20
6237095.2044872
  0
LWPOLYLINE
  5
203E4
100
AcDbEntity
  8
0
100
AcDbPolyline
 70
0
 90
2
 10
696808.513048579
 20
6237180.96356846
 10
696907.549526619
 20
6237133.41945266
  0
LWPOLYLINE
  5
203E5
100
AcDbEntity
  8
0
100
AcDbPolyline
 70
0
 90
2
 10
696801.720071093
 20
6237184.22850404
 10
696808.513048579
 20
6237180.96356846
  0
LWPOLYLINE
  5
203E6
100
AcDbEntity
  8
0
100
AcDbPolyline
 70
0
 90
2
 10
696719.308868619
 20
6237217.67097873
 10
696801.720071093
 20
6237184.22850404
  0
LWPOLYLINE
  5
203E7
100
AcDbEntity
  8
0
100
AcDbPolyline
 70
0
 90
2
 10
696963.031171914
 20
6237228.32474113
 10
697014.566607267
 20
6237215.45466216
  0
LWPOLYLINE
  5
203E8
100
AcDbEntity
  8
0
100
AcDbPolyline
 70
0
 90
2
 10
696920.073371495
 20
6237232.89641256
 10
696963.031171914
 20
6237228.32474113
  0
LWPOLYLINE
  5
203E9
100
AcDbEntity
  8
0
100
AcDbPolyline
 70
0
 90
2
 10
696892.114779437
 20
6237230.04543992
 10
696920.073371495
 20
6237232.89641256
  0
LWPOLYLINE
  5
203EA
100
AcDbEntity
  8
0
100
AcDbPolyline
 70
0
 90
2
 10
697167.294721638
 20
6237068.01879384
 10
697257.179880307
 20
6237053.81369067
  0
LWPOLYLINE
  5
203EB
100
AcDbEntity
  8
0
100
AcDbPolyline
 70
0
 90
2
 10
697257.179880307
 20
6237053.81369067
 10
697314.665569928
 20
6237047.66530613
  0
LWPOLYLINE
  5
203EC
100
AcDbEntity
  8
0
100
AcDbPolyline
 70
0
 90
2
 10
697314.665569928
 20
6237047.66530613
 10
697355.259351967
 20
6237049.02997823
  0
LWPOLYLINE
  5
203ED
100
AcDbEntity
  8
0
100
AcDbPolyline
 70
0
 90
2
 10
697355.259351967
 20
6237049.02997823
 10
697508.642181037
 20
6237067.564632
  0
LWPOLYLINE
  5
203EE
100
AcDbEntity
  8
0
100
AcDbPolyline
 70
0
 90
2
 10
697508.642181037
 20
6237067.564632
 10
697716.238676726
 20
6237084.51450589
  0
LWPOLYLINE
  5
203EF
100
AcDbEntity
  8
0
100
AcDbPolyline
 70
0
 90
2
 10
697716.238676726
 20
6237084.51450589
 10
697736.300590337
 20
6237085.51109905
  0
LWPOLYLINE
  5
203F0
100
AcDbEntity
  8
0
100
AcDbPolyline
 70
0
 90
2
 10
697736.300590337
 20
6237085.51109905
 10
697761.225377721
 20
6237077.09062977
  0
LWPOLYLINE
  5
203F1
100
AcDbEntity
  8
0
100
AcDbPolyline
 70
0
 90
2
 10
697761.225377721
 20
6237077.09062977
 10
697867.433393604
 20
6237031.59467542
  0
LWPOLYLINE
  5
203F2
100
AcDbEntity
  8
0
100
AcDbPolyline
 70
0
 90
2
 10
697867.433393604
 20
6237031.59467542
 10
697958.763974765
 20
6236984.32963976
  0
LWPOLYLINE
  5
203F3
100
AcDbEntity
  8
0
100
AcDbPolyline
 70
0
 90
2
 10
697958.763974765
 20
6236984.32963976
 10
698012.764380541
 20
6236957.69576501
  0
LWPOLYLINE
  5
203F4
100
AcDbEntity
  8
0
100
AcDbPolyline
 70
0
 90
2
 10
698012.764380541
 20
6236957.69576501
 10
698076.770974239
 20
6236934.32504395
  0
LWPOLYLINE
  5
203F5
100
AcDbEntity
  8
0
100
AcDbPolyline
 70
0
 90
2
 10
698076.770974239
 20
6236934.32504395
 10
698136.692266832
 20
6236905.62652412
  0
LWPOLYLINE
  5
203F6
100
AcDbEntity
  8
0
100
AcDbPolyline
 70
0
 90
2
 10
696806.179205417
 20
6237264.39372884
 10
696821.724537354
 20
6237258.17723449
  0
LWPOLYLINE
  5
203F7
100
AcDbEntity
  8
0
100
AcDbPolyline
 70
0
 90
2
 10
696821.724537354
 20
6237258.17723449
 10
696892.11477549
 20
6237230.0454415
  0
LWPOLYLINE
  5
203F8
100
AcDbEntity
  8
0
100
AcDbPolyline
 70
0
 90
2
 10
696892.11477549
 20
6237230.0454415
 10
696910.689707045
 20
6237222.62023948
  0
LWPOLYLINE
  5
203F9
100
AcDbEntity
  8
0
100
AcDbPolyline
 70
0
 90
2
 10
696910.689707045
 20
6237222.62023948
 10
696963.842646105
 20
6237196.22447822
  0
LWPOLYLINE
  5
203FA
100
AcDbEntity
  8
0
100
AcDbPolyline
 70
0
 90
2
 10
696963.842646105
 20
6237196.22447822
 10
696997.893671052
 20
6237185.31157919
  0
LWPOLYLINE
  5
203FB
100
AcDbEntity
  8
0
100
AcDbPolyline
 70
0
 90
2
 10
696997.893671052
 20
6237185.31157919
 10
697024.382333714
 20
6237181.28432819
  0
LWPOLYLINE
  5
203FC
100
AcDbEntity
  8
0
100
AcDbPolyline
 70
0
 90
2
 10
697024.382333714
 20
6237181.28432819
 10
697071.017189008
 20
6237161.9014837
  0
LWPOLYLINE
  5
203FD
100
AcDbEntity
  8
0
100
AcDbPolyline
 70
0
 90
2
 10
697071.017189008
 20
6237161.9014837
 10
697084.049516914
 20
6237156.48389617
  0
LWPOLYLINE
  5
203FE
100
AcDbEntity
  8
0
100
AcDbPolyline
 70
0
 90
2
 10
697084.049516914
 20
6237156.48389617
 10
697100.25740569
 20
6237154.75790239
  0
LWPOLYLINE
  5
203FF
100
AcDbEntity
  8
0
100
AcDbPolyline
 70
0
 90
2
 10
697100.25740569
 20
6237154.75790239
 10
697157.063951987
 20
6237134.78685762
  0
LWPOLYLINE
  5
20400
100
AcDbEntity
  8
0
100
AcDbPolyline
 70
0
 90
2
 10
697157.063951987
 20
6237134.78685762
 10
697168.79111468
 20
6237130.21214363
  0
LWPOLYLINE
  5
20401
100
AcDbEntity
  8
0
100
AcDbPolyline
 70
0
 90
2
 10
697168.79111468
 20
6237130.21214363
 10
697190.047032047
 20
6237116.24587065
  0
LWPOLYLINE
  5
20402
100
AcDbEntity
  8
0
100
AcDbPolyline
 70
0
 90
2
 10
696956.450021045
 20
6237024.3371457
 10
696963.134498368
 20
6237035.93794219
  0
LWPOLYLINE
  5
20403
100
AcDbEntity
  8
0
100
AcDbPolyline
 70
0
 90
2
 10
696898.169151193
 20
6236921.81201061
 10
696956.450021045
 20
6237024.3371457
  0
LWPOLYLINE
  5
20404
100
AcDbEntity
  8
0
100
AcDbPolyline
 70
0
 90
2
 10
696866.817662737
 20
6236865.43152327
 10
696898.169151193
 20
6236921.81201061
  0
LWPOLYLINE
  5
20405
100
AcDbEntity
  8
0
100
AcDbPolyline
 70
0
 90
2
 10
696762.629390388
 20
6236680.18490194
 10
696866.817662737
 20
6236865.43152327
  0
LWPOLYLINE
  5
20406
100
AcDbEntity
  8
0
100
AcDbPolyline
 70
0
 90
2
 10
696756.784176488
 20
6236665.0337761
 10
696762.629390388
 20
6236680.18490194
  0
LWPOLYLINE
  5
20407
100
AcDbEntity
  8
0
100
AcDbPolyline
 70
0
 90
2
 10
696731.55271451
 20
6236620.05056635
 10
696756.784176488
 20
6236665.0337761
  0
LWPOLYLINE
  5
20408
100
AcDbEntity
  8
0
100
AcDbPolyline
 70
0
 90
2
 10
696663.586190492
 20
6236518.75502769
 10
696731.55271451
 20
6236620.05056635
  0
LWPOLYLINE
  5
20409
100
AcDbEntity
  8
0
100
AcDbPolyline
 70
0
 90
2
 10
696642.48157731
 20
6236478.35467626
 10
696663.586190492
 20
6236518.75502769
  0
LWPOLYLINE
  5
2040A
100
AcDbEntity
  8
0
100
AcDbPolyline
 70
0
 90
2
 10
696619.528516051
 20
6236423.89065426
 10
696642.48157731
 20
6236478.35467626
  0
LWPOLYLINE
  5
2040B
100
AcDbEntity
  8
0
100
AcDbPolyline
 70
0
 90
2
 10
696599.055690167
 20
6236366.52015501
 10
696619.528516051
 20
6236423.89065426
  0
LWPOLYLINE
  5
2040C
100
AcDbEntity
  8
0
100
AcDbPolyline
 70
0
 90
2
 10
696599.055690166
 20
6236366.52015501
 10
696663.354460087
 20
6236349.57368919
  0
LWPOLYLINE
  5
2040D
100
AcDbEntity
  8
0
100
AcDbPolyline
 70
0
 90
2
 10
696663.354460087
 20
6236349.57368919
 10
696735.578748048
 20
6236334.33117092
  0
LWPOLYLINE
  5
2040E
100
AcDbEntity
  8
0
100
AcDbPolyline
 70
0
 90
2
 10
696801.720071103
 20
6237184.22850404
 10
696815.75658491
 20
6237218.39590374
  0
LWPOLYLINE
  5
2040F
100
AcDbEntity
  8
0
100
AcDbPolyline
 70
0
 90
2
 10
696888.612589514
 20
6237088.41335655
 10
696907.549526619
 20
6237133.41945266
  0
LWPOLYLINE
  5
20410
100
AcDbEntity
  8
0
100
AcDbPolyline
 70
0
 90
2
 10
696882.000107273
 20
6237074.17409438
 10
696888.612589514
 20
6237088.41335655
  0
LWPOLYLINE
  5
20411
100
AcDbEntity
  8
0
100
AcDbPolyline
 70
0
 90
2
 10
697085.621889669
 20
6236977.8312566
 10
697095.935792741
 20
6236994.18147985
  0
LWPOLYLINE
  5
20412
100
AcDbEntity
  8
0
100
AcDbPolyline
 70
0
 90
2
 10
697095.935792741
 20
6236994.18147985
 10
697124.193647376
 20
6237038.42645337
  0
LWPOLYLINE
  5
20413
100
AcDbEntity
  8
0
100
AcDbPolyline
 70
0
 90
2
 10
697124.193647376
 20
6237038.42645337
 10
697149.190712529
 20
6237076.64633165
  0
LWPOLYLINE
  5
20414
100
AcDbEntity
  8
0
100
AcDbPolyline
 70
0
 90
2
 10
696989.855470529
 20
6237095.20448718
 10
697009.516740315
 20
6237134.04663689
  0
LWPOLYLINE
  5
20415
100
AcDbEntity
  8
0
100
AcDbPolyline
 70
0
 90
2
 10
697355.259351967
 20
6237049.02997823
 10
697359.394533697
 20
6237033.18016397
  0
LWPOLYLINE
  5
20416
100
AcDbEntity
  8
0
100
AcDbPolyline
 70
0
 90
2
 10
697336.089983754
 20
6236984.16853604
 10
697359.394533697
 20
6237033.18016397
  0
LWPOLYLINE
  5
20417
100
AcDbEntity
  8
0
100
AcDbPolyline
 70
0
 90
2
 10
697292.690309102
 20
6236898.60087332
 10
697336.089983754
 20
6236984.16853604
  0
LWPOLYLINE
  5
20418
100
AcDbEntity
  8
0
100
AcDbPolyline
 70
0
 90
2
 10
697284.334621104
 20
6236883.00952516
 10
697292.690309102
 20
6236898.60087332
  0
LWPOLYLINE
  5
20419
100
AcDbEntity
  8
0
100
AcDbPolyline
 70
0
 90
2
 10
697772.598521422
 20
6236842.69632602
 10
697922.520228631
 20
6236767.89208976
  0
LWPOLYLINE
  5
2041A
100
AcDbEntity
  8
0
100
AcDbPolyline
 70
0
 90
2
 10
697922.520228631
 20
6236767.89208976
 10
698041.542226157
 20
6236710.70967678
  0
LWPOLYLINE
  5
2041B
100
AcDbEntity
  8
0
100
AcDbPolyline
 70
0
 90
2
 10
698041.542226157
 20
6236710.70967678
 10
698053.84260832
 20
6236703.73369831
  0
LWPOLYLINE
  5
2041C
100
AcDbEntity
  8
0
100
AcDbPolyline
 70
0
 90
2
 10
698053.84260832
 20
6236703.73369831
 10
698079.265886885
 20
6236699.61867345
  0
LWPOLYLINE
  5
2041D
100
AcDbEntity
  8
0
100
AcDbPolyline
 70
0
 90
2
 10
698079.265886885
 20
6236699.61867345
 10
698102.633444515
 20
6236689.76772303
  0
LWPOLYLINE
  5
2041E
100
AcDbEntity
  8
0
100
AcDbPolyline
 70
0
 90
2
 10
698102.633444515
 20
6236689.76772303
 10
698121.900744334
 20
6236682.37963049
  0
LWPOLYLINE
  5
2041F
100
AcDbEntity
  8
0
100
AcDbPolyline
 70
0
 90
2
 10
698121.900744334
 20
6236682.37963049
 10
698135.6932324
 20
6236685.66197469
  0
LWPOLYLINE
  5
20420
100
AcDbEntity
  8
0
100
AcDbPolyline
 70
0
 90
2
 10
698135.6932324
 20
6236685.66197469
 10
698141.502253996
 20
6236696.54413267
  0
LWPOLYLINE
  5
20421
100
AcDbEntity
  8
0
100
AcDbPolyline
 70
0
 90
2
 10
697167.294721638
 20
6237068.01879384
 10
697336.089983754
 20
6236984.16853604
  0
LWPOLYLINE
  5
20422
100
AcDbEntity
  8
0
100
AcDbPolyline
 70
0
 90
2
 10
697167.294721639
 20
6237068.01879384
 10
697190.047032046
 20
6237116.24587065
  0
LWPOLYLINE
  5
20423
100
AcDbEntity
  8
0
100
AcDbPolyline
 70
0
 90
2
 10
697071.017195568
 20
6237161.90148097
 10
697083.366548564
 20
6237199.75976562
  0
LWPOLYLINE
  5
20424
100
AcDbEntity
  8
0
100
AcDbPolyline
 70
0
 90
2
 10
697031.397347787
 20
6237211.66148747
 10
697083.366548564
 20
6237199.75976562
  0
LWPOLYLINE
  5
20425
100
AcDbEntity
  8
0
100
AcDbPolyline
 70
0
 90
2
 10
697077.358440224
 20
6237107.27144992
 10
697100.25740569
 20
6237154.75790239
  0
LWPOLYLINE
  5
20426
100
AcDbEntity
  8
0
100
AcDbPolyline
 70
0
 90
2
 10
697257.179880307
 20
6237053.81369067
 10
697281.360492139
 20
6237127.92466404
  0
LWPOLYLINE
  5
20427
100
AcDbEntity
  8
0
100
AcDbPolyline
 70
0
 90
2
 10
697168.791114683
 20
6237130.21214363
 10
697193.545756253
 20
6237169.35752585
  0
LWPOLYLINE
  5
20428
100
AcDbEntity
  8
0
100
AcDbPolyline
 70
0
 90
2
 10
696804.346456614
 20
6237222.70748607
 10
696821.724540459
 20
6237258.17723325
  0
LWPOLYLINE
  5
20429
100
AcDbEntity
  8
0
100
AcDbPolyline
 70
0
 90
2
 10
696642.727628566
 20
6235857.7991889
 10
696790.463321518
 20
6236019.55469538
  0
LWPOLYLINE
  5
2042A
100
AcDbEntity
  8
0
100
AcDbPolyline
 70
0
 90
2
 10
696671.176879125
 20
6235717.3059328
 10
696885.674818265
 20
6235992.74436156
  0
LWPOLYLINE
  5
2042B
100
AcDbEntity
  8
0
100
AcDbPolyline
 70
0
 90
2
 10
696885.674818265
 20
6235992.74436156
 10
696936.410155998
 20
6236087.41796358
  0
LWPOLYLINE
  5
2042C
100
AcDbEntity
  8
0
100
AcDbPolyline
 70
0
 90
2
 10
696936.410155998
 20
6236087.41796358
 10
696989.880080808
 20
6236201.49223238
  0
LWPOLYLINE
  5
2042D
100
AcDbEntity
  8
0
100
AcDbPolyline
 70
0
 90
2
 10
696989.880080808
 20
6236201.49223238
 10
697028.644081543
 20
6236272.11621389
  0
LWPOLYLINE
  5
2042E
100
AcDbEntity
  8
0
100
AcDbPolyline
 70
0
 90
2
 10
697028.644081543
 20
6236272.11621389
 10
697077.608436847
 20
6236372.45108518
  0
LWPOLYLINE
  5
2042F
100
AcDbEntity
  8
0
100
AcDbPolyline
 70
0
 90
2
 10
697077.608436847
 20
6236372.45108518
 10
697091.935129519
 20
6236396.86764429
  0
LWPOLYLINE
  5
20430
100
AcDbEntity
  8
0
100
AcDbPolyline
 70
0
 90
2
 10
696696.527754748
 20
6236076.51228563
 10
696731.299717985
 20
6236050.12414319
  0
LWPOLYLINE
  5
20431
100
AcDbEntity
  8
0
100
AcDbPolyline
 70
0
 90
2
 10
696731.299717985
 20
6236050.12414319
 10
696790.463321518
 20
6236019.55469538
  0
LWPOLYLINE
  5
20432
100
AcDbEntity
  8
0
100
AcDbPolyline
 70
0
 90
2
 10
696790.463321518
 20
6236019.55469538
 10
696885.674818265
 20
6235992.74436156
  0
LWPOLYLINE
  5
20433
100
AcDbEntity
  8
0
100
AcDbPolyline
 70
0
 90
2
 10
696885.674818265
 20
6235992.74436156
 10
696921.73442381
 20
6235979.13609292
  0
LWPOLYLINE
  5
20434
100
AcDbEntity
  8
0
100
AcDbPolyline
 70
0
 90
2
 10
696921.73442381
 20
6235979.13609292
 10
696981.492797478
 20
6235952.55386149
  0
LWPOLYLINE
  5
20435
100
AcDbEntity
  8
0
100
AcDbPolyline
 70
0
 90
2
 10
697175.606297566
 20
6235995.43790077
 10
697225.919119586
 20
6235974.82122693
  0
LWPOLYLINE
  5
20436
100
AcDbEntity
  8
0
100
AcDbPolyline
 70
0
 90
2
 10
697117.099039365
 20
6236016.69109238
 10
697175.606297566
 20
6235995.43790077
  0
LWPOLYLINE
  5
20437
100
AcDbEntity
  8
0
100
AcDbPolyline
 70
0
 90
2
 10
697045.936372467
 20
6236051.41752761
 10
697117.099039365
 20
6236016.69109238
  0
LWPOLYLINE
  5
20438
100
AcDbEntity
  8
0
100
AcDbPolyline
 70
0
 90
2
 10
697145.564171093
 20
6235925.12629394
 10
697175.606297565
 20
6235995.43790077
  0
LWPOLYLINE
  5
20439
100
AcDbEntity
  8
0
100
AcDbPolyline
 70
0
 90
2
 10
697175.606297565
 20
6235995.43790077
 10
697204.571610634
 20
6236048.31020046
  0
LWPOLYLINE
  5
2043A
100
AcDbEntity
  8
0
100
AcDbPolyline
 70
0
 90
2
 10
697204.571610634
 20
6236048.31020046
 10
697258.869391208
 20
6236158.58067738
  0
LWPOLYLINE
  5
2043B
100
AcDbEntity
  8
0
100
AcDbPolyline
 70
0
 90
2
 10
697258.869391208
 20
6236158.58067738
 10
697340.896018919
 20
6236317.83368606
  0
LWPOLYLINE
  5
2043C
100
AcDbEntity
  8
0
100
AcDbPolyline
 70
0
 90
2
 10
697340.896018919
 20
6236317.83368606
 10
697353.819815884
 20
6236343.02238881
  0
LWPOLYLINE
  5
2043D
100
AcDbEntity
  8
0
100
AcDbPolyline
 70
0
 90
2
 10
697353.819815884
 20
6236343.02238881
 10
697392.465171805
 20
6236424.37960603
  0
LWPOLYLINE
  5
2043E
100
AcDbEntity
  8
0
100
AcDbPolyline
 70
0
 90
2
 10
697392.465171805
 20
6236424.37960603
 10
697445.470054752
 20
6236528.41772375
  0
LWPOLYLINE
  5
2043F
100
AcDbEntity
  8
0
100
AcDbPolyline
 70
0
 90
2
 10
697445.470054752
 20
6236528.41772375
 10
697490.921863229
 20
6236624.01412118
  0
LWPOLYLINE
  5
20440
100
AcDbEntity
  8
0
100
AcDbPolyline
 70
0
 90
2
 10
697490.921863229
 20
6236624.01412118
 10
697511.717472073
 20
6236664.87313567
  0
LWPOLYLINE
  5
20441
100
AcDbEntity
  8
0
100
AcDbPolyline
 70
0
 90
2
 10
697511.717472073
 20
6236664.87313567
 10
697549.170728412
 20
6236735.36405181
  0
LWPOLYLINE
  5
20442
100
AcDbEntity
  8
0
100
AcDbPolyline
 70
0
 90
2
 10
697549.170728412
 20
6236735.36405181
 10
697560.152663317
 20
6236755.77060627
  0
LWPOLYLINE
  5
20443
100
AcDbEntity
  8
0
100
AcDbPolyline
 70
0
 90
2
 10
697294.188357924
 20
6235857.26170254
 10
697383.23023966
 20
6236048.49791461
  0
LWPOLYLINE
  5
20444
100
AcDbEntity
  8
0
100
AcDbPolyline
 70
0
 90
2
 10
697383.23023966
 20
6236048.49791461
 10
697400.387115733
 20
6236084.61738559
  0
LWPOLYLINE
  5
20445
100
AcDbEntity
  8
0
100
AcDbPolyline
 70
0
 90
2
 10
697400.387115732
 20
6236084.61738559
 10
697500.298844401
 20
6236284.80925694
  0
LWPOLYLINE
  5
20446
100
AcDbEntity
  8
0
100
AcDbPolyline
 70
0
 90
2
 10
697500.298844402
 20
6236284.80925694
 10
697511.377382269
 20
6236308.79835736
  0
LWPOLYLINE
  5
20447
100
AcDbEntity
  8
0
100
AcDbPolyline
 70
0
 90
2
 10
697511.377382269
 20
6236308.79835736
 10
697533.308887919
 20
6236352.51907336
  0
LWPOLYLINE
  5
20448
100
AcDbEntity
  8
0
100
AcDbPolyline
 70
0
 90
2
 10
697533.308887919
 20
6236352.51907336
 10
697585.991467466
 20
6236465.6181562
  0
LWPOLYLINE
  5
20449
100
AcDbEntity
  8
0
100
AcDbPolyline
 70
0
 90
2
 10
697585.991467466
 20
6236465.6181562
 10
697627.483781634
 20
6236552.41587269
  0
LWPOLYLINE
  5
2044A
100
AcDbEntity
  8
0
100
AcDbPolyline
 70
0
 90
2
 10
697627.483781633
 20
6236552.41587269
 10
697648.096893233
 20
6236593.98059025
  0
LWPOLYLINE
  5
2044B
100
AcDbEntity
  8
0
100
AcDbPolyline
 70
0
 90
2
 10
697648.096893234
 20
6236593.98059025
 10
697684.31033619
 20
6236672.17397434
  0
LWPOLYLINE
  5
2044C
100
AcDbEntity
  8
0
100
AcDbPolyline
 70
0
 90
2
 10
697684.31033619
 20
6236672.17397434
 10
697697.54127582
 20
6236692.54018172
  0
LWPOLYLINE
  5
2044D
100
AcDbEntity
  8
0
100
AcDbPolyline
 70
0
 90
2
 10
697437.126382407
 20
6236019.96756018
 10
697460.159594978
 20
6236006.77558616
  0
LWPOLYLINE
  5
2044E
100
AcDbEntity
  8
0
100
AcDbPolyline
 70
0
 90
2
 10
697460.159594978
 20
6236006.77558616
 10
697464.319767993
 20
6235992.688258
  0
LWPOLYLINE
  5
2044F
100
AcDbEntity
  8
0
100
AcDbPolyline
 70
0
 90
2
 10
697443.170600965
 20
6235948.23512005
 10
697464.319767992
 20
6235992.688258
  0
LWPOLYLINE
  5
20450
100
AcDbEntity
  8
0
100
AcDbPolyline
 70
0
 90
2
 10
697130.926331406
 20
6236220.93554756
 10
697194.169052389
 20
6236348.57355139
  0
LWPOLYLINE
  5
20451
100
AcDbEntity
  8
0
100
AcDbPolyline
 70
0
 90
2
 10
697113.296159068
 20
6236185.48653522
 10
697130.926331406
 20
6236220.93554756
  0
LWPOLYLINE
  5
20452
100
AcDbEntity
  8
0
100
AcDbPolyline
 70
0
 90
2
 10
697067.676395842
 20
6236093.36531503
 10
697113.296159068
 20
6236185.48653522
  0
LWPOLYLINE
  5
20453
100
AcDbEntity
  8
0
100
AcDbPolyline
 70
0
 90
2
 10
697056.340108782
 20
6236073.14461388
 10
697067.676395842
 20
6236093.36531503
  0
LWPOLYLINE
  5
20454
100
AcDbEntity
  8
0
100
AcDbPolyline
 70
0
 90
2
 10
697045.936372467
 20
6236051.41752761
 10
697056.340108783
 20
6236073.14461388
  0
LWPOLYLINE
  5
20455
100
AcDbEntity
  8
0
100
AcDbPolyline
 70
0
 90
2
 10
697006.694661844
 20
6235969.03338371
 10
697045.936372467
 20
6236051.41752761
  0
LWPOLYLINE
  5
20456
100
AcDbEntity
  8
0
100
AcDbPolyline
 70
0
 90
2
 10
696981.492797478
 20
6235952.55386149
 10
697006.694661844
 20
6235969.03338371
  0
LWPOLYLINE
  5
20457
100
AcDbEntity
  8
0
100
AcDbPolyline
 70
0
 90
2
 10
696766.323403029
 20
6235676.93451845
 10
696981.492797478
 20
6235952.55386149
  0
LWPOLYLINE
  5
20458
100
AcDbEntity
  8
0
100
AcDbPolyline
 70
0
 90
2
 10
696754.621254214
 20
6235671.8693405
 10
696766.323403029
 20
6235676.93451845
  0
LWPOLYLINE
  5
20459
100
AcDbEntity
  8
0
100
AcDbPolyline
 70
0
 90
2
 10
696736.836327175
 20
6235671.04962969
 10
696754.621254214
 20
6235671.8693405
  0
LWPOLYLINE
  5
2045A
100
AcDbEntity
  8
0
100
AcDbPolyline
 70
0
 90
2
 10
696714.701957057
 20
6235670.68724309
 10
696736.836327175
 20
6235671.04962969
  0
LWPOLYLINE
  5
2045B
100
AcDbEntity
  8
0
100
AcDbPolyline
 70
0
 90
2
 10
696706.841610083
 20
6235671.32827406
 10
696714.701957057
 20
6235670.68724309
  0
LWPOLYLINE
  5
2045C
100
AcDbEntity
  8
0
100
AcDbPolyline
 70
0
 90
2
 10
697242.86790905
 20
6235880.16091429
 10
697276.476766467
 20
6235954.56199579
  0
LWPOLYLINE
  5
2045D
100
AcDbEntity
  8
0
100
AcDbPolyline
 70
0
 90
2
 10
697276.476766467
 20
6235954.56199579
 10
697278.648072226
 20
6235972.47580864
  0
LWPOLYLINE
  5
2045E
100
AcDbEntity
  8
0
100
AcDbPolyline
 70
0
 90
2
 10
697278.648072226
 20
6235972.47580864
 10
697330.986586838
 20
6236073.93945187
  0
LWPOLYLINE
  5
2045F
100
AcDbEntity
  8
0
100
AcDbPolyline
 70
0
 90
2
 10
697330.986586838
 20
6236073.93945187
 10
697383.23023966
 20
6236048.49791461
  0
LWPOLYLINE
  5
20460
100
AcDbEntity
  8
0
100
AcDbPolyline
 70
0
 90
2
 10
697383.23023966
 20
6236048.49791461
 10
697437.126382407
 20
6236019.96756018
  0
LWPOLYLINE
  5
20461
100
AcDbEntity
  8
0
100
AcDbPolyline
 70
0
 90
2
 10
697406.233830048
 20
6235957.39534823
 10
697437.126382409
 20
6236019.96756018
  0
LWPOLYLINE
  5
20462
100
AcDbEntity
  8
0
100
AcDbPolyline
 70
0
 90
2
 10
697366.237609604
 20
6235877.61455266
 10
697406.233830048
 20
6235957.39534823
  0
LWPOLYLINE
  5
20463
100
AcDbEntity
  8
0
100
AcDbPolyline
 70
0
 90
2
 10
696907.77655703
 20
6235687.67083534
 10
697099.346772847
 20
6235936.12340038
  0
LWPOLYLINE
  5
20464
100
AcDbEntity
  8
0
100
AcDbPolyline
 70
0
 90
2
 10
697030.744040768
 20
6235445.68551206
 10
697121.606504044
 20
6235636.69781544
  0
LWPOLYLINE
  5
20465
100
AcDbEntity
  8
0
100
AcDbPolyline
 70
0
 90
2
 10
697121.606504044
 20
6235636.69781544
 10
697242.86790905
 20
6235880.16091429
  0
LWPOLYLINE
  5
20466
100
AcDbEntity
  8
0
100
AcDbPolyline
 70
0
 90
2
 10
697445.299362853
 20
6235756.2866848
 10
697480.18109643
 20
6235740.44350445
  0
LWPOLYLINE
  5
20467
100
AcDbEntity
  8
0
100
AcDbPolyline
 70
0
 90
2
 10
697480.18109643
 20
6235740.44350445
 10
697516.086961778
 20
6235716.83366582
  0
LWPOLYLINE
  5
20468
100
AcDbEntity
  8
0
100
AcDbPolyline
 70
0
 90
2
 10
697516.086961778
 20
6235716.83366582
 10
697528.673252476
 20
6235707.60637174
  0
LWPOLYLINE
  5
20469
100
AcDbEntity
  8
0
100
AcDbPolyline
 70
0
 90
2
 10
697528.673252476
 20
6235707.60637174
 10
697568.382512761
 20
6235680.86216144
  0
LWPOLYLINE
  5
2046A
100
AcDbEntity
  8
0
100
AcDbPolyline
 70
0
 90
2
 10
697568.382512761
 20
6235680.86216144
 10
697582.473683281
 20
6235670.65680717
  0
LWPOLYLINE
  5
2046B
100
AcDbEntity
  8
0
100
AcDbPolyline
 70
0
 90
2
 10
697582.473683281
 20
6235670.65680717
 10
697595.335798902
 20
6235663.66078915
  0
LWPOLYLINE
  5
2046C
100
AcDbEntity
  8
0
100
AcDbPolyline
 70
0
 90
2
 10
697031.032982794
 20
6236988.59774587
 10
697038.210748553
 20
6236999.73096494
  0
LWPOLYLINE
  5
2046D
100
AcDbEntity
  8
0
100
AcDbPolyline
 70
0
 90
2
 10
697027.642611212
 20
6236980.95018485
 10
697031.032982794
 20
6236988.59774587
  0
LWPOLYLINE
  5
2046E
100
AcDbEntity
  8
0
100
AcDbPolyline
 70
0
 90
2
 10
696927.626711486
 20
6236830.21405941
 10
697027.642611212
 20
6236980.95018485
  0
LWPOLYLINE
  5
2046F
100
AcDbEntity
  8
0
100
AcDbPolyline
 70
0
 90
2
 10
696909.509561915
 20
6236798.48880276
 10
696927.626711485
 20
6236830.21405941
  0
LWPOLYLINE
  5
20470
100
AcDbEntity
  8
0
100
AcDbPolyline
 70
0
 90
2
 10
696878.507915998
 20
6236744.86667314
 10
696909.509561915
 20
6236798.48880276
  0
LWPOLYLINE
  5
20471
100
AcDbEntity
  8
0
100
AcDbPolyline
 70
0
 90
2
 10
696837.064424005
 20
6236687.97633512
 10
696878.507915998
 20
6236744.86667314
  0
LWPOLYLINE
  5
20472
100
AcDbEntity
  8
0
100
AcDbPolyline
 70
0
 90
2
 10
696804.5777783
 20
6236646.99426751
 10
696837.064424005
 20
6236687.97633512
  0
LWPOLYLINE
  5
20473
100
AcDbEntity
  8
0
100
AcDbPolyline
 70
0
 90
2
 10
696642.481577311
 20
6236478.35467626
 10
696673.814787735
 20
6236469.38704932
  0
LWPOLYLINE
  5
20474
100
AcDbEntity
  8
0
100
AcDbPolyline
 70
0
 90
2
 10
696673.814787735
 20
6236469.38704932
 10
696800.1875062
 20
6236440.89046034
  0
LWPOLYLINE
  5
20475
100
AcDbEntity
  8
0
100
AcDbPolyline
 70
0
 90
2
 10
696800.1875062
 20
6236440.89046034
 10
696912.790113438
 20
6236416.04266237
  0
LWPOLYLINE
  5
20476
100
AcDbEntity
  8
0
100
AcDbPolyline
 70
0
 90
2
 10
696909.509561915
 20
6236798.48880276
 10
696960.263045586
 20
6236773.47568669
  0
LWPOLYLINE
  5
20477
100
AcDbEntity
  8
0
100
AcDbPolyline
 70
0
 90
2
 10
696960.263045586
 20
6236773.47568669
 10
696990.453639781
 20
6236758.70571545
  0
LWPOLYLINE
  5
20478
100
AcDbEntity
  8
0
100
AcDbPolyline
 70
0
 90
2
 10
696990.453639781
 20
6236758.70571545
 10
697175.082906828
 20
6236662.06898535
  0
LWPOLYLINE
  5
20479
100
AcDbEntity
  8
0
100
AcDbPolyline
 70
0
 90
2
 10
697175.082906828
 20
6236662.06898535
 10
697236.809907986
 20
6236630.35365993
  0
LWPOLYLINE
  5
2047A
100
AcDbEntity
  8
0
100
AcDbPolyline
 70
0
 90
2
 10
697236.809907986
 20
6236630.35365993
 10
697311.63133576
 20
6236592.21060726
  0
LWPOLYLINE
  5
2047B
100
AcDbEntity
  8
0
100
AcDbPolyline
 70
0
 90
2
 10
697311.63133576
 20
6236592.21060726
 10
697349.958310343
 20
6236572.20094328
  0
LWPOLYLINE
  5
2047C
100
AcDbEntity
  8
0
100
AcDbPolyline
 70
0
 90
2
 10
697349.958310343
 20
6236572.20094328
 10
697445.470054757
 20
6236528.41772376
  0
LWPOLYLINE
  5
2047D
100
AcDbEntity
  8
0
100
AcDbPolyline
 70
0
 90
2
 10
697445.470054757
 20
6236528.41772376
 10
697585.991467466
 20
6236465.6181562
  0
LWPOLYLINE
  5
2047E
100
AcDbEntity
  8
0
100
AcDbPolyline
 70
0
 90
2
 10
697585.991467466
 20
6236465.6181562
 10
697672.631649328
 20
6236425.809897
  0
LWPOLYLINE
  5
2047F
100
AcDbEntity
  8
0
100
AcDbPolyline
 70
0
 90
2
 10
697672.631649328
 20
6236425.809897
 10
697750.841330231
 20
6236389.89325153
  0
LWPOLYLINE
  5
20480
100
AcDbEntity
  8
0
100
AcDbPolyline
 70
0
 90
2
 10
697413.071718723
 20
6236797.1091786
 10
697422.988133837
 20
6236818.41358406
  0
LWPOLYLINE
  5
20481
100
AcDbEntity
  8
0
100
AcDbPolyline
 70
0
 90
2
 10
697358.353343043
 20
6236688.8451586
 10
697413.071718723
 20
6236797.1091786
  0
LWPOLYLINE
  5
20482
100
AcDbEntity
  8
0
100
AcDbPolyline
 70
0
 90
2
 10
697311.63133576
 20
6236592.21060726
 10
697358.353343043
 20
6236688.8451586
  0
LWPOLYLINE
  5
20483
100
AcDbEntity
  8
0
100
AcDbPolyline
 70
0
 90
2
 10
697185.164431938
 20
6236502.73765604
 10
697195.271439755
 20
6236557.71518603
  0
LWPOLYLINE
  5
20484
100
AcDbEntity
  8
0
100
AcDbPolyline
 70
0
 90
2
 10
697195.271439755
 20
6236557.71518603
 10
697236.809908004
 20
6236630.35365992
  0
LWPOLYLINE
  5
20485
100
AcDbEntity
  8
0
100
AcDbPolyline
 70
0
 90
2
 10
696653.56035869
 20
6236035.50586706
 10
696696.527754747
 20
6236076.51228563
  0
LWPOLYLINE
  5
20486
100
AcDbEntity
  8
0
100
AcDbPolyline
 70
0
 90
2
 10
696696.527754748
 20
6236076.51228563
 10
696740.706678275
 20
6236152.77807341
  0
LWPOLYLINE
  5
20487
100
AcDbEntity
  8
0
100
AcDbPolyline
 70
0
 90
2
 10
696740.706678275
 20
6236152.77807341
 10
696990.666162912
 20
6236293.42687
  0
LWPOLYLINE
  5
20488
100
AcDbEntity
  8
0
100
AcDbPolyline
 70
0
 90
2
 10
696990.666162912
 20
6236293.42687
 10
697028.644081543
 20
6236272.1162139
  0
LWPOLYLINE
  5
20489
100
AcDbEntity
  8
0
100
AcDbPolyline
 70
0
 90
2
 10
696903.873614187
 20
6236101.93545365
 10
696936.410156
 20
6236087.41796358
  0
LWPOLYLINE
  5
2048A
100
AcDbEntity
  8
0
100
AcDbPolyline
 70
0
 90
2
 10
696899.772527322
 20
6236151.66378971
 10
696903.873614187
 20
6236101.93545365
  0
LWPOLYLINE
  5
2048B
100
AcDbEntity
  8
0
100
AcDbPolyline
 70
0
 90
2
 10
696899.772527322
 20
6236151.66378971
 10
696916.222261055
 20
6236187.43633804
  0
LWPOLYLINE
  5
2048C
100
AcDbEntity
  8
0
100
AcDbPolyline
 70
0
 90
2
 10
696916.222261055
 20
6236187.43633804
 10
696961.510966232
 20
6236212.23315855
  0
LWPOLYLINE
  5
2048D
100
AcDbEntity
  8
0
100
AcDbPolyline
 70
0
 90
2
 10
696961.510966232
 20
6236212.23315855
 10
696989.88008081
 20
6236201.49223239
  0
LWPOLYLINE
  5
2048E
100
AcDbEntity
  8
0
100
AcDbPolyline
 70
0
 90
2
 10
696756.784176489
 20
6236665.0337761
 10
696804.577778299
 20
6236646.99426751
  0
LWPOLYLINE
  5
2048F
100
AcDbEntity
  8
0
100
AcDbPolyline
 70
0
 90
2
 10
696804.577778299
 20
6236646.99426751
 10
696829.231354079
 20
6236640.68495748
  0
LWPOLYLINE
  5
20490
100
AcDbEntity
  8
0
100
AcDbPolyline
 70
0
 90
2
 10
696829.231354079
 20
6236640.68495748
 10
696895.35597907
 20
6236603.08128054
  0
LWPOLYLINE
  5
20491
100
AcDbEntity
  8
0
100
AcDbPolyline
 70
0
 90
2
 10
696895.35597907
 20
6236603.08128054
 10
696991.225675514
 20
6236550.86628725
  0
LWPOLYLINE
  5
20492
100
AcDbEntity
  8
0
100
AcDbPolyline
 70
0
 90
2
 10
696991.225675514
 20
6236550.86628725
 10
696999.868448136
 20
6236546.9623969
  0
LWPOLYLINE
  5
20493
100
AcDbEntity
  8
0
100
AcDbPolyline
 70
0
 90
2
 10
696999.868448136
 20
6236546.9623969
 10
697026.992732429
 20
6236540.01020843
  0
LWPOLYLINE
  5
20494
100
AcDbEntity
  8
0
100
AcDbPolyline
 70
0
 90
2
 10
696735.578748048
 20
6236334.33117092
 10
696763.579559078
 20
6236372.48605473
  0
LWPOLYLINE
  5
20495
100
AcDbEntity
  8
0
100
AcDbPolyline
 70
0
 90
2
 10
696763.579559078
 20
6236372.48605473
 10
696800.1875062
 20
6236440.89046034
  0
LWPOLYLINE
  5
20496
100
AcDbEntity
  8
0
100
AcDbPolyline
 70
0
 90
2
 10
696800.1875062
 20
6236440.89046034
 10
696844.274855493
 20
6236516.71878249
  0
LWPOLYLINE
  5
20497
100
AcDbEntity
  8
0
100
AcDbPolyline
 70
0
 90
2
 10
696844.274855493
 20
6236516.71878249
 10
696895.355979064
 20
6236603.08128051
  0
LWPOLYLINE
  5
20498
100
AcDbEntity
  8
0
100
AcDbPolyline
 70
0
 90
2
 10
696895.355979064
 20
6236603.08128051
 10
696924.697638884
 20
6236654.21903985
  0
LWPOLYLINE
  5
20499
100
AcDbEntity
  8
0
100
AcDbPolyline
 70
0
 90
2
 10
696924.697638884
 20
6236654.21903985
 10
696990.453639792
 20
6236758.70571544
  0
LWPOLYLINE
  5
2049A
100
AcDbEntity
  8
0
100
AcDbPolyline
 70
0
 90
2
 10
696461.623643681
 20
6236588.7092511
 10
696505.410426559
 20
6236652.00163786
  0
LWPOLYLINE
  5
2049B
100
AcDbEntity
  8
0
100
AcDbPolyline
 70
0
 90
2
 10
696505.41042656
 20
6236652.00163786
 10
696548.755963915
 20
6236712.30907811
  0
LWPOLYLINE
  5
2049C
100
AcDbEntity
  8
0
100
AcDbPolyline
 70
0
 90
2
 10
696548.755963915
 20
6236712.30907811
 10
696575.917010094
 20
6236748.71861183
  0
LWPOLYLINE
  5
2049D
100
AcDbEntity
  8
0
100
AcDbPolyline
 70
0
 90
2
 10
696575.917010093
 20
6236748.71861183
 10
696633.172080152
 20
6236832.63120326
  0
LWPOLYLINE
  5
2049E
100
AcDbEntity
  8
0
100
AcDbPolyline
 70
0
 90
2
 10
696633.172080152
 20
6236832.63120326
 10
696636.986054461
 20
6236857.50927751
  0
LWPOLYLINE
  5
2049F
100
AcDbEntity
  8
0
100
AcDbPolyline
 70
0
 90
2
 10
696636.986054461
 20
6236857.50927751
 10
696639.744091795
 20
6236872.42878641
  0
LWPOLYLINE
  5
204A0
100
AcDbEntity
  8
0
100
AcDbPolyline
 70
0
 90
2
 10
696639.744091795
 20
6236872.42878641
 10
696658.775382603
 20
6236905.36538902
  0
LWPOLYLINE
  5
204A1
100
AcDbEntity
  8
0
100
AcDbPolyline
 70
0
 90
2
 10
696633.172080152
 20
6236832.63120326
 10
696672.359502109
 20
6236808.64245706
  0
LWPOLYLINE
  5
204A2
100
AcDbEntity
  8
0
100
AcDbPolyline
 70
0
 90
2
 10
696575.917010094
 20
6236748.71861183
 10
696616.936627064
 20
6236718.92798993
  0
LWPOLYLINE
  5
204A3
100
AcDbEntity
  8
0
100
AcDbPolyline
 70
0
 90
2
 10
696972.79428496
 20
6236515.57033355
 10
696991.225675517
 20
6236550.86628725
  0
LWPOLYLINE
  5
204A4
100
AcDbEntity
  8
0
100
AcDbPolyline
 70
0
 90
2
 10
696972.79428496
 20
6236515.57033355
 10
696973.814079547
 20
6236489.97860237
  0
LWPOLYLINE
  5
204A5
100
AcDbEntity
  8
0
100
AcDbPolyline
 70
0
 90
2
 10
696973.814079547
 20
6236489.97860237
 10
696985.901669328
 20
6236457.71886916
  0
LWPOLYLINE
  5
204A6
100
AcDbEntity
  8
0
100
AcDbPolyline
 70
0
 90
2
 10
697392.465171808
 20
6236424.37960604
 10
697533.308887921
 20
6236352.51907336
  0
LWPOLYLINE
  5
204A7
100
AcDbEntity
  8
0
100
AcDbPolyline
 70
0
 90
2
 10
697318.59294629
 20
6236466.48923635
 10
697392.465171808
 20
6236424.37960604
  0
LWPOLYLINE
  5
204A8
100
AcDbEntity
  8
0
100
AcDbPolyline
 70
0
 90
2
 10
697318.59294629
 20
6236466.48923635
 10
697319.343032571
 20
6236483.30070122
  0
LWPOLYLINE
  5
204A9
100
AcDbEntity
  8
0
100
AcDbPolyline
 70
0
 90
2
 10
697319.343032571
 20
6236483.30070122
 10
697349.958310343
 20
6236572.20094328
  0
LWPOLYLINE
  5
204AA
100
AcDbEntity
  8
0
100
AcDbPolyline
 70
0
 90
2
 10
696989.88008081
 20
6236201.49223239
 10
697020.440472751
 20
6236185.92553045
  0
LWPOLYLINE
  5
204AB
100
AcDbEntity
  8
0
100
AcDbPolyline
 70
0
 90
2
 10
697018.929680526
 20
6236127.58882848
 10
697020.440472751
 20
6236185.92553045
  0
LWPOLYLINE
  5
204AC
100
AcDbEntity
  8
0
100
AcDbPolyline
 70
0
 90
2
 10
697002.728096934
 20
6236096.8101456
 10
697018.929680526
 20
6236127.58882848
  0
LWPOLYLINE
  5
204AD
100
AcDbEntity
  8
0
100
AcDbPolyline
 70
0
 90
2
 10
696965.659855218
 20
6236076.71746041
 10
697002.728096933
 20
6236096.8101456
  0
LWPOLYLINE
  5
204AE
100
AcDbEntity
  8
0
100
AcDbPolyline
 70
0
 90
2
 10
696936.410156
 20
6236087.41796358
 10
696965.659855218
 20
6236076.71746041
  0
LWPOLYLINE
  5
204AF
100
AcDbEntity
  8
0
100
AcDbPolyline
 70
0
 90
2
 10
697002.728096933
 20
6236096.8101456
 10
697056.340108783
 20
6236073.14461388
  0
LWPOLYLINE
  5
204B0
100
AcDbEntity
  8
0
100
AcDbPolyline
 70
0
 90
2
 10
697334.011740594
 20
6236120.65297668
 10
697362.811959569
 20
6236179.04800717
  0
LWPOLYLINE
  5
204B1
100
AcDbEntity
  8
0
100
AcDbPolyline
 70
0
 90
2
 10
697389.712974236
 20
6236229.48540916
 10
697418.629917384
 20
6236304.78575067
  0
LWPOLYLINE
  5
204B2
100
AcDbEntity
  8
0
100
AcDbPolyline
 70
0
 90
2
 10
697077.608436848
 20
6236372.45108518
 10
697194.16905239
 20
6236348.57355139
  0
LWPOLYLINE
  5
204B3
100
AcDbEntity
  8
0
100
AcDbPolyline
 70
0
 90
2
 10
697194.16905239
 20
6236348.57355139
 10
697262.046506325
 20
6236334.07531452
  0
LWPOLYLINE
  5
204B4
100
AcDbEntity
  8
0
100
AcDbPolyline
 70
0
 90
2
 10
697262.046506325
 20
6236334.07531452
 10
697340.896018918
 20
6236317.83368606
  0
LWPOLYLINE
  5
204B5
100
AcDbEntity
  8
0
100
AcDbPolyline
 70
0
 90
2
 10
697340.896018918
 20
6236317.83368606
 10
697418.629917384
 20
6236304.78575067
  0
LWPOLYLINE
  5
204B6
100
AcDbEntity
  8
0
100
AcDbPolyline
 70
0
 90
2
 10
697418.629917384
 20
6236304.78575067
 10
697500.298844399
 20
6236284.80925694
  0
LWPOLYLINE
  5
204B7
100
AcDbEntity
  8
0
100
AcDbPolyline
 70
0
 90
2
 10
697500.298844399
 20
6236284.80925694
 10
697555.772718103
 20
6236273.79921981
  0
LWPOLYLINE
  5
204B8
100
AcDbEntity
  8
0
100
AcDbPolyline
 70
0
 90
2
 10
697555.772718103
 20
6236273.79921981
 10
697607.618777464
 20
6236263.77009151
  0
LWPOLYLINE
  5
204B9
100
AcDbEntity
  8
0
100
AcDbPolyline
 70
0
 90
2
 10
697607.618777464
 20
6236263.77009151
 10
697680.757876712
 20
6236250.90421238
  0
LWPOLYLINE
  5
204BA
100
AcDbEntity
  8
0
100
AcDbPolyline
 70
0
 90
2
 10
697680.757876712
 20
6236250.90421238
 10
697729.666569097
 20
6236245.72337263
  0
LWPOLYLINE
  5
204BB
100
AcDbEntity
  8
0
100
AcDbPolyline
 70
0
 90
2
 10
697729.666569097
 20
6236245.72337263
 10
697754.131629562
 20
6236253.35585294
  0
LWPOLYLINE
  5
204BC
100
AcDbEntity
  8
0
100
AcDbPolyline
 70
0
 90
2
 10
697754.131629562
 20
6236253.35585294
 10
697837.678235805
 20
6236240.22798026
  0
LWPOLYLINE
  5
204BD
100
AcDbEntity
  8
0
100
AcDbPolyline
 70
0
 90
2
 10
697837.678235805
 20
6236240.22798026
 10
697845.45439887
 20
6236251.03361048
  0
LWPOLYLINE
  5
204BE
100
AcDbEntity
  8
0
100
AcDbPolyline
 70
0
 90
2
 10
697845.45439887
 20
6236251.03361048
 10
697866.414063112
 20
6236299.04754255
  0
LWPOLYLINE
  5
204BF
100
AcDbEntity
  8
0
100
AcDbPolyline
 70
0
 90
2
 10
697863.06344454
 20
6236314.66584948
 10
697866.414063112
 20
6236299.04754255
  0
LWPOLYLINE
  5
204C0
100
AcDbEntity
  8
0
100
AcDbPolyline
 70
0
 90
2
 10
697863.06344454
 20
6236314.66584948
 10
697864.235582872
 20
6236325.41060178
  0
LWPOLYLINE
  5
204C1
100
AcDbEntity
  8
0
100
AcDbPolyline
 70
0
 90
2
 10
697230.670138924
 20
6236269.88791292
 10
697262.046506324
 20
6236334.07531452
  0
LWPOLYLINE
  5
204C2
100
AcDbEntity
  8
0
100
AcDbPolyline
 70
0
 90
2
 10
697193.11971519
 20
6236192.55152122
 10
697215.255374751
 20
6236238.52038941
  0
LWPOLYLINE
  5
204C3
100
AcDbEntity
  8
0
100
AcDbPolyline
 70
0
 90
2
 10
697113.296159082
 20
6236185.48653525
 10
697168.581608317
 20
6236158.65585003
  0
LWPOLYLINE
  5
204C4
100
AcDbEntity
  8
0
100
AcDbPolyline
 70
0
 90
2
 10
697121.832266734
 20
6236070.57288365
 10
697168.581608317
 20
6236158.65585003
  0
LWPOLYLINE
  5
204C5
100
AcDbEntity
  8
0
100
AcDbPolyline
 70
0
 90
2
 10
697067.676395842
 20
6236093.36531503
 10
697121.832266733
 20
6236070.57288365
  0
LWPOLYLINE
  5
204C6
100
AcDbEntity
  8
0
100
AcDbPolyline
 70
0
 90
2
 10
697205.455130048
 20
6236377.91092704
 10
697236.818544841
 20
6236450.15712151
  0
LWPOLYLINE
  5
204C7
100
AcDbEntity
  8
0
100
AcDbPolyline
 70
0
 90
2
 10
696960.263045595
 20
6236773.47568669
 10
697013.924851778
 20
6236864.73018266
  0
LWPOLYLINE
  5
204C8
100
AcDbEntity
  8
0
100
AcDbPolyline
 70
0
 90
2
 10
697875.655164716
 20
6235906.57290104
 10
697905.215156938
 20
6235944.04995789
  0
LWPOLYLINE
  5
204C9
100
AcDbEntity
  8
0
100
AcDbPolyline
 70
0
 90
2
 10
697905.215156937
 20
6235944.04995789
 10
697949.879704217
 20
6236000.34235942
  0
LWPOLYLINE
  5
204CA
100
AcDbEntity
  8
0
100
AcDbPolyline
 70
0
 90
2
 10
697949.879704218
 20
6236000.34235942
 10
697972.132005161
 20
6236028.6634169
  0
LWPOLYLINE
  5
204CB
100
AcDbEntity
  8
0
100
AcDbPolyline
 70
0
 90
2
 10
697972.132005161
 20
6236028.6634169
 10
698003.183624212
 20
6236068.88585343
  0
LWPOLYLINE
  5
204CC
100
AcDbEntity
  8
0
100
AcDbPolyline
 70
0
 90
2
 10
698003.183624212
 20
6236068.88585343
 10
698041.922761951
 20
6236116.85603567
  0
LWPOLYLINE
  5
204CD
100
AcDbEntity
  8
0
100
AcDbPolyline
 70
0
 90
2
 10
698041.922761951
 20
6236116.85603567
 10
698050.830007547
 20
6236126.96765722
  0
LWPOLYLINE
  5
204CE
100
AcDbEntity
  8
0
100
AcDbPolyline
 70
0
 90
2
 10
698050.830007546
 20
6236126.96765722
 10
698051.984592734
 20
6236128.44811135
  0
LWPOLYLINE
  5
204CF
100
AcDbEntity
  8
0
100
AcDbPolyline
 70
0
 90
2
 10
698051.984592735
 20
6236128.44811135
 10
698111.857159461
 20
6236204.96748838
  0
LWPOLYLINE
  5
204D0
100
AcDbEntity
  8
0
100
AcDbPolyline
 70
0
 90
2
 10
698111.857159461
 20
6236204.96748838
 10
698155.388374848
 20
6236259.47080921
  0
LWPOLYLINE
  5
204D1
100
AcDbEntity
  8
0
100
AcDbPolyline
 70
0
 90
2
 10
698155.388374848
 20
6236259.47080921
 10
698157.295692491
 20
6236261.8557521
  0
LWPOLYLINE
  5
204D2
100
AcDbEntity
  8
0
100
AcDbPolyline
 70
0
 90
2
 10
698157.295692491
 20
6236261.8557521
 10
698162.166207581
 20
6236267.95662784
  0
LWPOLYLINE
  5
204D3
100
AcDbEntity
  8
0
100
AcDbPolyline
 70
0
 90
2
 10
698162.166207581
 20
6236267.95662784
 10
698182.336837982
 20
6236296.38298119
  0
LWPOLYLINE
  5
204D4
100
AcDbEntity
  8
0
100
AcDbPolyline
 70
0
 90
2
 10
698182.336837982
 20
6236296.38298119
 10
698192.034639121
 20
6236318.20310351
  0
LWPOLYLINE
  5
204D5
100
AcDbEntity
  8
0
100
AcDbPolyline
 70
0
 90
2
 10
698192.034639121
 20
6236318.20310351
 10
698199.929896719
 20
6236337.38676208
  0
LWPOLYLINE
  5
204D6
100
AcDbEntity
  8
0
100
AcDbPolyline
 70
0
 90
2
 10
696740.228999264
 20
6237052.61917972
 10
696742.59892295
 20
6237064.49998479
  0
LWPOLYLINE
  5
204D7
100
AcDbEntity
  8
0
100
AcDbPolyline
 70
0
 90
2
 10
696742.59892295
 20
6237064.49998479
 10
696778.365001866
 20
6237086.93904001
  0
LWPOLYLINE
  5
204D8
100
AcDbEntity
  8
0
100
AcDbPolyline
 70
0
 90
2
 10
696773.206053378
 20
6237071.59654244
 10
696778.365001866
 20
6237086.93904001
  0
LWPOLYLINE
  5
204D9
100
AcDbEntity
  8
0
100
AcDbPolyline
 70
0
 90
2
 10
696778.365001866
 20
6237086.93904001
 10
696783.664379682
 20
6237097.08224074
  0
LWPOLYLINE
  5
204DA
100
AcDbEntity
  8
0
100
AcDbPolyline
 70
0
 90
2
 10
696783.664379682
 20
6237097.08224074
 10
696792.990414299
 20
6237116.83063116
  0
LWPOLYLINE
  5
204DB
100
AcDbEntity
  8
0
100
AcDbPolyline
 70
0
 90
2
 10
697384.16503447
 20
6237418.82190872
 10
697388.070234186
 20
6237409.14829189
  0
LWPOLYLINE
  5
204DC
100
AcDbEntity
  8
0
100
AcDbPolyline
 70
0
 90
2
 10
697386.769891014
 20
6237386.26940342
 10
697388.070234186
 20
6237409.14829189
  0
LWPOLYLINE
  5
204DD
100
AcDbEntity
  8
0
100
AcDbPolyline
 70
0
 90
2
 10
697386.769891014
 20
6237386.26940342
 10
697389.507318618
 20
6237371.64804917
  0
LWPOLYLINE
  5
204DE
100
AcDbEntity
  8
0
100
AcDbPolyline
 70
0
 90
2
 10
697389.507318618
 20
6237371.64804917
 10
697403.433172851
 20
6237363.41905667
  0
LWPOLYLINE
  5
204DF
100
AcDbEntity
  8
0
100
AcDbPolyline
 70
0
 90
2
 10
697396.556255327
 20
6237305.97044449
 10
697403.433172851
 20
6237363.41905667
  0
LWPOLYLINE
  5
204E0
100
AcDbEntity
  8
0
100
AcDbPolyline
 70
0
 90
2
 10
697697.54127582
 20
6236692.54018172
 10
697703.454706075
 20
6236704.54125271
  0
LWPOLYLINE
  5
204E1
100
AcDbEntity
  8
0
100
AcDbPolyline
 70
0
 90
2
 10
697703.454706075
 20
6236704.54125271
 10
697738.323808784
 20
6236776.99890754
  0
LWPOLYLINE
  5
204E2
100
AcDbEntity
  8
0
100
AcDbPolyline
 70
0
 90
2
 10
697738.323808783
 20
6236776.99890754
 10
697772.598521427
 20
6236842.69632602
  0
LWPOLYLINE
  5
204E3
100
AcDbEntity
  8
0
100
AcDbPolyline
 70
0
 90
2
 10
697772.598521427
 20
6236842.69632602
 10
697816.246528076
 20
6236934.51238808
  0
LWPOLYLINE
  5
204E4
100
AcDbEntity
  8
0
100
AcDbPolyline
 70
0
 90
2
 10
697816.246528076
 20
6236934.51238808
 10
697867.43339361
 20
6237031.59467542
  0
LWPOLYLINE
  5
204E5
100
AcDbEntity
  8
0
100
AcDbPolyline
 70
0
 90
2
 10
697867.43339361
 20
6237031.59467542
 10
697890.456041708
 20
6237079.45950589
  0
LWPOLYLINE
  5
204E6
100
AcDbEntity
  8
0
100
AcDbPolyline
 70
0
 90
2
 10
697890.456041708
 20
6237079.45950589
 10
697899.021428608
 20
6237099.44290248
  0
LWPOLYLINE
  5
204E7
100
AcDbEntity
  8
0
100
AcDbPolyline
 70
0
 90
2
 10
696106.086022502
 20
6237302.08274811
 10
696118.122071797
 20
6237307.89747972
  0
LWPOLYLINE
  5
204E8
100
AcDbEntity
  8
0
100
AcDbPolyline
 70
0
 90
2
 10
696118.122071797
 20
6237307.89747972
 10
696159.860926971
 20
6237323.57199303
  0
LWPOLYLINE
  5
204E9
100
AcDbEntity
  8
0
100
AcDbPolyline
 70
0
 90
2
 10
694159.973700338
 20
6235766.56122471
 10
694178.482655913
 20
6235750.34855558
  0
LWPOLYLINE
  5
204EA
100
AcDbEntity
  8
0
100
AcDbPolyline
 70
0
 90
2
 10
694178.482655913
 20
6235750.34855558
 10
694189.182520233
 20
6235749.50883977
  0
LWPOLYLINE
  5
204EB
100
AcDbEntity
  8
0
100
AcDbPolyline
 70
0
 90
2
 10
694189.182520233
 20
6235749.50883977
 10
694196.946068931
 20
6235754.5213991
  0
LWPOLYLINE
  5
204EC
100
AcDbEntity
  8
0
100
AcDbPolyline
 70
0
 90
2
 10
694196.946068933
 20
6235754.5213991
 10
694223.596973091
 20
6235782.90989499
  0
LWPOLYLINE
  5
204ED
100
AcDbEntity
  8
0
100
AcDbPolyline
 70
0
 90
2
 10
694223.596973091
 20
6235782.90989499
 10
694277.2775518
 20
6235840.07253323
  0
LWPOLYLINE
  5
204EE
100
AcDbEntity
  8
0
100
AcDbPolyline
 70
0
 90
2
 10
694276.430642831
 20
6235852.54072378
 10
694277.2775518
 20
6235840.07253323
  0
LWPOLYLINE
  5
204EF
100
AcDbEntity
  8
0
100
AcDbPolyline
 70
0
 90
2
 10
694272.801372732
 20
6235859.01904687
 10
694276.430642831
 20
6235852.54072378
  0
LWPOLYLINE
  5
204F0
100
AcDbEntity
  8
0
100
AcDbPolyline
 70
0
 90
2
 10
694263.885399698
 20
6235864.59909737
 10
694272.801372732
 20
6235859.01904687
  0
LWPOLYLINE
  5
204F1
100
AcDbEntity
  8
0
100
AcDbPolyline
 70
0
 90
2
 10
694252.61338592
 20
6235863.41728961
 10
694263.885399698
 20
6235864.59909737
  0
LWPOLYLINE
  5
204F2
100
AcDbEntity
  8
0
100
AcDbPolyline
 70
0
 90
2
 10
694249.987813019
 20
6235860.66715229
 10
694252.61338592
 20
6235863.41728961
  0
LWPOLYLINE
  5
204F3
100
AcDbEntity
  8
0
100
AcDbPolyline
 70
0
 90
2
 10
694172.026176702
 20
6235980.86064753
 10
694225.042109133
 20
6235934.9624882
  0
LWPOLYLINE
  5
204F4
100
AcDbEntity
  8
0
100
AcDbPolyline
 70
0
 90
2
 10
694191.326148355
 20
6236032.26720218
 10
694238.756490537
 20
6236080.1720028
  0
LWPOLYLINE
  5
204F5
100
AcDbEntity
  8
0
100
AcDbPolyline
 70
0
 90
2
 10
693889.410658589
 20
6235748.92361386
 10
693909.83440175
 20
6235768.72282876
  0
LWPOLYLINE
  5
204F6
100
AcDbEntity
  8
0
100
AcDbPolyline
 70
0
 90
2
 10
693841.674816057
 20
6235792.35694087
 10
693929.551812621
 20
6235877.31863594
  0
LWPOLYLINE
  5
204F7
100
AcDbEntity
  8
0
100
AcDbPolyline
 70
0
 90
2
 10
693989.186873513
 20
6235765.11641055
 10
694077.092242156
 20
6235679.92684084
  0
LWPOLYLINE
  5
204F8
100
AcDbEntity
  8
0
100
AcDbPolyline
 70
0
 90
2
 10
694155.381054227
 20
6235952.0246463
 10
694200.613083164
 20
6235908.25785265
  0
LWPOLYLINE
  5
204F9
100
AcDbEntity
  8
0
100
AcDbPolyline
 70
0
 90
2
 10
694511.401188346
 20
6235892.27944942
 10
694539.289776274
 20
6235900.80705107
  0
LWPOLYLINE
  5
204FA
100
AcDbEntity
  8
0
100
AcDbPolyline
 70
0
 90
2
 10
694539.289776274
 20
6235900.80705107
 10
694576.543249859
 20
6235899.3617027
  0
LWPOLYLINE
  5
204FB
100
AcDbEntity
  8
0
100
AcDbPolyline
 70
0
 90
2
 10
694576.543249859
 20
6235899.3617027
 10
694694.287666576
 20
6235872.88412731
  0
LWPOLYLINE
  5
204FC
100
AcDbEntity
  8
0
100
AcDbPolyline
 70
0
 90
2
 10
694694.287666576
 20
6235872.88412731
 10
694773.051244683
 20
6235854.29515149
  0
LWPOLYLINE
  5
204FD
100
AcDbEntity
  8
0
100
AcDbPolyline
 70
0
 90
2
 10
694773.051244683
 20
6235854.29515149
 10
694793.834420264
 20
6235849.39143229
  0
LWPOLYLINE
  5
204FE
100
AcDbEntity
  8
0
100
AcDbPolyline
 70
0
 90
2
 10
694793.834420264
 20
6235849.39143229
 10
694947.76133109
 20
6235813.20213528
  0
LWPOLYLINE
  5
204FF
100
AcDbEntity
  8
0
100
AcDbPolyline
 70
0
 90
2
 10
694947.76133109
 20
6235813.20213528
 10
694992.533112411
 20
6235801.89312124
  0
LWPOLYLINE
  5
20500
100
AcDbEntity
  8
0
100
AcDbPolyline
 70
0
 90
2
 10
694992.533112411
 20
6235801.89312124
 10
694998.432674735
 20
6235797.80417134
  0
LWPOLYLINE
  5
20501
100
AcDbEntity
  8
0
100
AcDbPolyline
 70
0
 90
2
 10
694998.432674735
 20
6235797.80417134
 10
695000.343506658
 20
6235786.96745593
  0
LWPOLYLINE
  5
20502
100
AcDbEntity
  8
0
100
AcDbPolyline
 70
0
 90
2
 10
695000.343506658
 20
6235786.96745593
 10
695000.965134219
 20
6235776.35051932
  0
LWPOLYLINE
  5
20503
100
AcDbEntity
  8
0
100
AcDbPolyline
 70
0
 90
2
 10
694998.147103216
 20
6235756.48054097
 10
695000.965134219
 20
6235776.35051932
  0
LWPOLYLINE
  5
20504
100
AcDbEntity
  8
0
100
AcDbPolyline
 70
0
 90
2
 10
694980.483870982
 20
6235685.9941426
 10
694998.147103216
 20
6235756.48054097
  0
LWPOLYLINE
  5
20505
100
AcDbEntity
  8
0
100
AcDbPolyline
 70
0
 90
2
 10
694967.26333123
 20
6235631.20501818
 10
694980.483870982
 20
6235685.9941426
  0
LWPOLYLINE
  5
20506
100
AcDbEntity
  8
0
100
AcDbPolyline
 70
0
 90
2
 10
694957.778004067
 20
6235590.88806718
 10
694967.26333123
 20
6235631.20501818
  0
LWPOLYLINE
  5
20507
100
AcDbEntity
  8
0
100
AcDbPolyline
 70
0
 90
2
 10
694949.201134482
 20
6235559.90918167
 10
694957.778004067
 20
6235590.88806718
  0
LWPOLYLINE
  5
20508
100
AcDbEntity
  8
0
100
AcDbPolyline
 70
0
 90
2
 10
694940.157490083
 20
6235542.14041519
 10
694949.201134482
 20
6235559.90918167
  0
LWPOLYLINE
  5
20509
100
AcDbEntity
  8
0
100
AcDbPolyline
 70
0
 90
2
 10
694938.988507877
 20
6235535.51034403
 10
694940.157490083
 20
6235542.14041519
  0
LWPOLYLINE
  5
2050A
100
AcDbEntity
  8
0
100
AcDbPolyline
 70
0
 90
2
 10
694926.598980264
 20
6235514.99159119
 10
694938.988507877
 20
6235535.51034403
  0
LWPOLYLINE
  5
2050B
100
AcDbEntity
  8
0
100
AcDbPolyline
 70
0
 90
2
 10
694911.971106838
 20
6235499.69891385
 10
694926.598980264
 20
6235514.99159119
  0
LWPOLYLINE
  5
2050C
100
AcDbEntity
  8
0
100
AcDbPolyline
 70
0
 90
2
 10
694900.453845356
 20
6235496.3863409
 10
694911.971106837
 20
6235499.69891385
  0
LWPOLYLINE
  5
2050D
100
AcDbEntity
  8
0
100
AcDbPolyline
 70
0
 90
2
 10
694893.081202364
 20
6235496.41759417
 10
694900.453845356
 20
6235496.3863409
  0
LWPOLYLINE
  5
2050E
100
AcDbEntity
  8
0
100
AcDbPolyline
 70
0
 90
2
 10
694887.125039657
 20
6235496.4354971
 10
694893.081202364
 20
6235496.41759417
  0
LWPOLYLINE
  5
2050F
100
AcDbEntity
  8
0
100
AcDbPolyline
 70
0
 90
2
 10
694877.574360355
 20
6235501.3277242
 10
694887.125039657
 20
6235496.4354971
  0
LWPOLYLINE
  5
20510
100
AcDbEntity
  8
0
100
AcDbPolyline
 70
0
 90
2
 10
694863.476045613
 20
6235508.5761743
 10
694877.574360355
 20
6235501.3277242
  0
LWPOLYLINE
  5
20511
100
AcDbEntity
  8
0
100
AcDbPolyline
 70
0
 90
2
 10
694849.949727444
 20
6235515.53866229
 10
694863.476045613
 20
6235508.5761743
  0
LWPOLYLINE
  5
20512
100
AcDbEntity
  8
0
100
AcDbPolyline
 70
0
 90
2
 10
694839.77507681
 20
6235520.77033525
 10
694849.949727444
 20
6235515.53866229
  0
LWPOLYLINE
  5
20513
100
AcDbEntity
  8
0
100
AcDbPolyline
 70
0
 90
2
 10
694824.390598907
 20
6235529.39815447
 10
694839.77507681
 20
6235520.77033525
  0
LWPOLYLINE
  5
20514
100
AcDbEntity
  8
0
100
AcDbPolyline
 70
0
 90
2
 10
694816.919698359
 20
6235533.76119861
 10
694824.390598907
 20
6235529.39815447
  0
LWPOLYLINE
  5
20515
100
AcDbEntity
  8
0
100
AcDbPolyline
 70
0
 90
2
 10
694810.717651378
 20
6235544.74768826
 10
694816.919698358
 20
6235533.76119861
  0
LWPOLYLINE
  5
20516
100
AcDbEntity
  8
0
100
AcDbPolyline
 70
0
 90
2
 10
694798.924102386
 20
6235557.01729968
 10
694810.717651377
 20
6235544.74768826
  0
LWPOLYLINE
  5
20517
100
AcDbEntity
  8
0
100
AcDbPolyline
 70
0
 90
2
 10
694786.952693762
 20
6235574.13887452
 10
694798.924102387
 20
6235557.01729968
  0
LWPOLYLINE
  5
20518
100
AcDbEntity
  8
0
100
AcDbPolyline
 70
0
 90
2
 10
694772.525292017
 20
6235591.73920275
 10
694786.952693762
 20
6235574.13887452
  0
LWPOLYLINE
  5
20519
100
AcDbEntity
  8
0
100
AcDbPolyline
 70
0
 90
2
 10
694762.945524153
 20
6235597.27685689
 10
694772.525292016
 20
6235591.73920275
  0
LWPOLYLINE
  5
2051A
100
AcDbEntity
  8
0
100
AcDbPolyline
 70
0
 90
2
 10
694754.210024084
 20
6235598.8736052
 10
694762.945524153
 20
6235597.27685689
  0
LWPOLYLINE
  5
2051B
100
AcDbEntity
  8
0
100
AcDbPolyline
 70
0
 90
2
 10
694742.395063766
 20
6235595.01281395
 10
694754.210024084
 20
6235598.8736052
  0
LWPOLYLINE
  5
2051C
100
AcDbEntity
  8
0
100
AcDbPolyline
 70
0
 90
2
 10
694159.973700327
 20
6235766.5612247
 10
694249.987813018
 20
6235860.66715229
  0
LWPOLYLINE
  5
2051D
100
AcDbEntity
  8
0
100
AcDbPolyline
 70
0
 90
2
 10
694130.712488219
 20
6235736.984356
 10
694159.973700327
 20
6235766.5612247
  0
LWPOLYLINE
  5
2051E
100
AcDbEntity
  8
0
100
AcDbPolyline
 70
0
 90
2
 10
694077.09224215
 20
6235679.92684083
 10
694130.712488219
 20
6235736.984356
  0
LWPOLYLINE
  5
2051F
100
AcDbEntity
  8
0
100
AcDbPolyline
 70
0
 90
2
 10
694198.683261378
 20
6236031.59872705
 10
694255.742654923
 20
6235978.02642827
  0
LWPOLYLINE
  5
20520
100
AcDbEntity
  8
0
100
AcDbPolyline
 70
0
 90
2
 10
694191.326148355
 20
6236032.26720218
 10
694198.683261378
 20
6236031.59872705
  0
LWPOLYLINE
  5
20521
100
AcDbEntity
  8
0
100
AcDbPolyline
 70
0
 90
2
 10
694183.785761668
 20
6236029.59445435
 10
694191.326148354
 20
6236032.26720218
  0
LWPOLYLINE
  5
20522
100
AcDbEntity
  8
0
100
AcDbPolyline
 70
0
 90
2
 10
694165.476925848
 20
6236007.03638363
 10
694183.785761668
 20
6236029.59445435
  0
LWPOLYLINE
  5
20523
100
AcDbEntity
  8
0
100
AcDbPolyline
 70
0
 90
2
 10
694165.476925848
 20
6236007.03638363
 10
694168.648254441
 20
6235995.87778717
  0
LWPOLYLINE
  5
20524
100
AcDbEntity
  8
0
100
AcDbPolyline
 70
0
 90
2
 10
694168.648254441
 20
6235995.87778717
 10
694170.661247276
 20
6235985.61397574
  0
LWPOLYLINE
  5
20525
100
AcDbEntity
  8
0
100
AcDbPolyline
 70
0
 90
2
 10
694170.661247276
 20
6235985.61397574
 10
694172.026176702
 20
6235980.86064753
  0
LWPOLYLINE
  5
20526
100
AcDbEntity
  8
0
100
AcDbPolyline
 70
0
 90
2
 10
694172.011983248
 20
6235976.12260752
 10
694172.026176702
 20
6235980.86064753
  0
LWPOLYLINE
  5
20527
100
AcDbEntity
  8
0
100
AcDbPolyline
 70
0
 90
2
 10
694170.69026201
 20
6235970.09893629
 10
694172.011983248
 20
6235976.12260752
  0
LWPOLYLINE
  5
20528
100
AcDbEntity
  8
0
100
AcDbPolyline
 70
0
 90
2
 10
694155.381054227
 20
6235952.0246463
 10
694170.690262009
 20
6235970.09893629
  0
LWPOLYLINE
  5
20529
100
AcDbEntity
  8
0
100
AcDbPolyline
 70
0
 90
2
 10
694130.832955805
 20
6235928.61446682
 10
694155.381054227
 20
6235952.0246463
  0
LWPOLYLINE
  5
2052A
100
AcDbEntity
  8
0
100
AcDbPolyline
 70
0
 90
2
 10
694044.435138466
 20
6235846.45765545
 10
694130.832955805
 20
6235928.61446682
  0
LWPOLYLINE
  5
2052B
100
AcDbEntity
  8
0
100
AcDbPolyline
 70
0
 90
2
 10
694043.438905935
 20
6235819.33682636
 10
694044.435138466
 20
6235846.45765545
  0
LWPOLYLINE
  5
2052C
100
AcDbEntity
  8
0
100
AcDbPolyline
 70
0
 90
2
 10
693989.186873513
 20
6235765.11641055
 10
694043.438905935
 20
6235819.33682636
  0
LWPOLYLINE
  5
2052D
100
AcDbEntity
  8
0
100
AcDbPolyline
 70
0
 90
2
 10
693931.381446629
 20
6235707.34672341
 10
693989.186873513
 20
6235765.11641055
  0
LWPOLYLINE
  5
2052E
100
AcDbEntity
  8
0
100
AcDbPolyline
 70
0
 90
2
 10
695303.906999098
 20
6235118.52757701
 10
695313.037803353
 20
6235134.38384125
  0
LWPOLYLINE
  5
2052F
100
AcDbEntity
  8
0
100
AcDbPolyline
 70
0
 90
2
 10
695297.52542882
 20
6235108.28140779
 10
695303.906999098
 20
6235118.52757701
  0
LWPOLYLINE
  5
20530
100
AcDbEntity
  8
0
100
AcDbPolyline
 70
0
 90
2
 10
695286.902864093
 20
6235091.49863462
 10
695297.52542882
 20
6235108.28140779
  0
LWPOLYLINE
  5
20531
100
AcDbEntity
  8
0
100
AcDbPolyline
 70
0
 90
2
 10
695184.102967068
 20
6234922.53623952
 10
695286.902864093
 20
6235091.49863462
  0
LWPOLYLINE
  5
20532
100
AcDbEntity
  8
0
100
AcDbPolyline
 70
0
 90
2
 10
695113.5875932
 20
6234814.56551675
 10
695184.102967068
 20
6234922.53623952
  0
LWPOLYLINE
  5
20533
100
AcDbEntity
  8
0
100
AcDbPolyline
 70
0
 90
2
 10
695084.521107105
 20
6234757.99320554
 10
695113.5875932
 20
6234814.56551675
  0
LWPOLYLINE
  5
20534
100
AcDbEntity
  8
0
100
AcDbPolyline
 70
0
 90
2
 10
695060.708639052
 20
6234688.36286382
 10
695084.521107105
 20
6234757.99320554
  0
LWPOLYLINE
  5
20535
100
AcDbEntity
  8
0
100
AcDbPolyline
 70
0
 90
2
 10
695059.835304872
 20
6234643.84671689
 10
695060.708639052
 20
6234688.36286382
  0
LWPOLYLINE
  5
20536
100
AcDbEntity
  8
0
100
AcDbPolyline
 70
0
 90
2
 10
695059.835304872
 20
6234643.84671689
 10
695066.823488371
 20
6234606.57848958
  0
LWPOLYLINE
  5
20537
100
AcDbEntity
  8
0
100
AcDbPolyline
 70
0
 90
2
 10
695066.823488371
 20
6234606.57848958
 10
695073.530813688
 20
6234580.35519376
  0
LWPOLYLINE
  5
20538
100
AcDbEntity
  8
0
100
AcDbPolyline
 70
0
 90
2
 10
695073.530813688
 20
6234580.35519376
 10
695098.567738465
 20
6234504.23959857
  0
LWPOLYLINE
  5
20539
100
AcDbEntity
  8
0
100
AcDbPolyline
 70
0
 90
2
 10
695098.567738465
 20
6234504.23959857
 10
695123.393515663
 20
6234442.54973785
  0
LWPOLYLINE
  5
2053A
100
AcDbEntity
  8
0
100
AcDbPolyline
 70
0
 90
2
 10
695123.393515663
 20
6234442.54973785
 10
695147.296759679
 20
6234389.10000135
  0
LWPOLYLINE
  5
2053B
100
AcDbEntity
  8
0
100
AcDbPolyline
 70
0
 90
2
 10
695147.296759679
 20
6234389.10000135
 10
695158.026784193
 20
6234359.68309431
  0
LWPOLYLINE
  5
2053C
100
AcDbEntity
  8
0
100
AcDbPolyline
 70
0
 90
2
 10
695158.026784193
 20
6234359.68309431
 10
695164.912778711
 20
6234340.03360607
  0
LWPOLYLINE
  5
2053D
100
AcDbEntity
  8
0
100
AcDbPolyline
 70
0
 90
2
 10
695164.912778711
 20
6234340.03360607
 10
695171.884181125
 20
6234312.12814524
  0
LWPOLYLINE
  5
2053E
100
AcDbEntity
  8
0
100
AcDbPolyline
 70
0
 90
2
 10
695171.884181125
 20
6234312.12814524
 10
695173.256807063
 20
6234288.48133166
  0
LWPOLYLINE
  5
2053F
100
AcDbEntity
  8
0
100
AcDbPolyline
 70
0
 90
2
 10
695173.256807063
 20
6234288.48133166
 10
695173.647999696
 20
6234281.68842852
  0
LWPOLYLINE
  5
20540
100
AcDbEntity
  8
0
100
AcDbPolyline
 70
0
 90
2
 10
695169.664163598
 20
6234255.50055622
 10
695173.647999696
 20
6234281.68842852
  0
LWPOLYLINE
  5
20541
100
AcDbEntity
  8
0
100
AcDbPolyline
 70
0
 90
2
 10
695161.229198146
 20
6234216.20113396
 10
695169.664163598
 20
6234255.50055622
  0
LWPOLYLINE
  5
20542
100
AcDbEntity
  8
0
100
AcDbPolyline
 70
0
 90
2
 10
695153.842934656
 20
6234186.30193988
 10
695161.229198146
 20
6234216.20113396
  0
LWPOLYLINE
  5
20543
100
AcDbEntity
  8
0
100
AcDbPolyline
 70
0
 90
2
 10
695150.844944882
 20
6234175.37471682
 10
695153.842934656
 20
6234186.30193988
  0
LWPOLYLINE
  5
20544
100
AcDbEntity
  8
0
100
AcDbPolyline
 70
0
 90
2
 10
695132.710769748
 20
6234101.3108074
 10
695150.844944882
 20
6234175.37471682
  0
LWPOLYLINE
  5
20545
100
AcDbEntity
  8
0
100
AcDbPolyline
 70
0
 90
2
 10
695131.649441067
 20
6234097.48350831
 10
695132.710769748
 20
6234101.3108074
  0
LWPOLYLINE
  5
20546
100
AcDbEntity
  8
0
100
AcDbPolyline
 70
0
 90
2
 10
695111.842714637
 20
6234022.61878011
 10
695131.649441067
 20
6234097.48350831
  0
LWPOLYLINE
  5
20547
100
AcDbEntity
  8
0
100
AcDbPolyline
 70
0
 90
2
 10
695049.797192902
 20
6233749.42770674
 10
695111.842714637
 20
6234022.61878011
  0
LWPOLYLINE
  5
20548
100
AcDbEntity
  8
0
100
AcDbPolyline
 70
0
 90
2
 10
695039.982952648
 20
6233672.65671459
 10
695049.797192902
 20
6233749.42770674
  0
LWPOLYLINE
  5
20549
100
AcDbEntity
  8
0
100
AcDbPolyline
 70
0
 90
2
 10
695039.982952648
 20
6233672.65671459
 10
695051.004718323
 20
6233592.23345821
  0
LWPOLYLINE
  5
2054A
100
AcDbEntity
  8
0
100
AcDbPolyline
 70
0
 90
2
 10
695051.004718323
 20
6233592.23345821
 10
695069.240696829
 20
6233507.30188609
  0
LWPOLYLINE
  5
2054B
100
AcDbEntity
  8
0
100
AcDbPolyline
 70
0
 90
2
 10
695069.240696829
 20
6233507.30188609
 10
695105.193532707
 20
6233391.42193396
  0
LWPOLYLINE
  5
2054C
100
AcDbEntity
  8
0
100
AcDbPolyline
 70
0
 90
2
 10
695105.193532707
 20
6233391.42193396
 10
695172.331758222
 20
6233164.1599877
  0
LWPOLYLINE
  5
2054D
100
AcDbEntity
  8
0
100
AcDbPolyline
 70
0
 90
2
 10
695172.331758222
 20
6233164.1599877
 10
695201.321398027
 20
6233039.90325253
  0
LWPOLYLINE
  5
2054E
100
AcDbEntity
  8
0
100
AcDbPolyline
 70
0
 90
2
 10
695201.321398027
 20
6233039.90325253
 10
695210.516775006
 20
6232956.00810618
  0
LWPOLYLINE
  5
2054F
100
AcDbEntity
  8
0
100
AcDbPolyline
 70
0
 90
2
 10
695201.688394833
 20
6232861.04550016
 10
695210.516775006
 20
6232956.00810618
  0
LWPOLYLINE
  5
20550
100
AcDbEntity
  8
0
100
AcDbPolyline
 70
0
 90
2
 10
695151.120503699
 20
6232751.1122661
 10
695201.688394832
 20
6232861.04550016
  0
LWPOLYLINE
  5
20551
100
AcDbEntity
  8
0
100
AcDbPolyline
 70
0
 90
2
 10
695092.887374534
 20
6232677.39164388
 10
695151.120503699
 20
6232751.1122661
  0
LWPOLYLINE
  5
20552
100
AcDbEntity
  8
0
100
AcDbPolyline
 70
0
 90
2
 10
695031.56665604
 20
6232625.93625423
 10
695092.88737453
 20
6232677.39164388
  0
LWPOLYLINE
  5
20553
100
AcDbEntity
  8
0
100
AcDbPolyline
 70
0
 90
2
 10
694622.051527761
 20
6232309.24403513
 10
695031.56665604
 20
6232625.93625423
  0
LWPOLYLINE
  5
20554
100
AcDbEntity
  8
0
100
AcDbPolyline
 70
0
 90
2
 10
694522.645521735
 20
6232232.07456762
 10
694622.051527761
 20
6232309.24403513
  0
LWPOLYLINE
  5
20555
100
AcDbEntity
  8
0
100
AcDbPolyline
 70
0
 90
2
 10
694489.963761088
 20
6232204.4702377
 10
694522.645521735
 20
6232232.07456762
  0
LWPOLYLINE
  5
20556
100
AcDbEntity
  8
0
100
AcDbPolyline
 70
0
 90
2
 10
694472.713633092
 20
6232174.11286235
 10
694489.963761089
 20
6232204.4702377
  0
LWPOLYLINE
  5
20557
100
AcDbEntity
  8
0
100
AcDbPolyline
 70
0
 90
2
 10
694469.120092397
 20
6232147.37544585
 10
694472.713633092
 20
6232174.11286235
  0
LWPOLYLINE
  5
20558
100
AcDbEntity
  8
0
100
AcDbPolyline
 70
0
 90
2
 10
694469.120092397
 20
6232147.37544585
 10
694473.930721558
 20
6232120.05067909
  0
LWPOLYLINE
  5
20559
100
AcDbEntity
  8
0
100
AcDbPolyline
 70
0
 90
2
 10
694473.930721558
 20
6232120.05067909
 10
694525.121075064
 20
6231982.70007796
  0
LWPOLYLINE
  5
2055A
100
AcDbEntity
  8
0
100
AcDbPolyline
 70
0
 90
2
 10
694525.121075064
 20
6231982.70007796
 10
694542.069549778
 20
6231935.45118015
  0
LWPOLYLINE
  5
2055B
100
AcDbEntity
  8
0
100
AcDbPolyline
 70
0
 90
2
 10
694542.069549778
 20
6231935.45118015
 10
694591.41971203
 20
6231792.7338089
  0
LWPOLYLINE
  5
2055C
100
AcDbEntity
  8
0
100
AcDbPolyline
 70
0
 90
2
 10
694591.41971203
 20
6231792.7338089
 10
694625.591398153
 20
6231693.90189486
  0
LWPOLYLINE
  5
2055D
100
AcDbEntity
  8
0
100
AcDbPolyline
 70
0
 90
2
 10
694625.591398153
 20
6231693.90189486
 10
694635.304996594
 20
6231665.80821341
  0
LWPOLYLINE
  5
2055E
100
AcDbEntity
  8
0
100
AcDbPolyline
 70
0
 90
2
 10
694635.304996594
 20
6231665.80821341
 10
694708.661099812
 20
6231442.53470919
  0
LWPOLYLINE
  5
2055F
100
AcDbEntity
  8
0
100
AcDbPolyline
 70
0
 90
2
 10
694699.296331401
 20
6231230.79850471
 10
694708.661099812
 20
6231442.53470919
  0
LWPOLYLINE
  5
20560
100
AcDbEntity
  8
0
100
AcDbPolyline
 70
0
 90
2
 10
694695.041552286
 20
6231134.49716103
 10
694699.296331401
 20
6231230.79850471
  0
LWPOLYLINE
  5
20561
100
AcDbEntity
  8
0
100
AcDbPolyline
 70
0
 90
2
 10
694695.041552286
 20
6231134.49716103
 10
694700.730114798
 20
6231107.59151285
  0
LWPOLYLINE
  5
20562
100
AcDbEntity
  8
0
100
AcDbPolyline
 70
0
 90
2
 10
694700.730114798
 20
6231107.59151285
 10
694773.064935905
 20
6230765.56986474
  0
LWPOLYLINE
  5
20563
100
AcDbEntity
  8
0
100
AcDbPolyline
 70
0
 90
2
 10
694773.064935905
 20
6230765.56986474
 10
694851.779894225
 20
6230380.45633063
  0
LWPOLYLINE
  5
20564
100
AcDbEntity
  8
0
100
AcDbPolyline
 70
0
 90
2
 10
694851.779894225
 20
6230380.45633063
 10
694945.910265627
 20
6229919.96935646
  0
LWPOLYLINE
  5
20565
100
AcDbEntity
  8
0
100
AcDbPolyline
 70
0
 90
2
 10
694943.225350637
 20
6229892.24751296
 10
694945.910265627
 20
6229919.96935646
  0
LWPOLYLINE
  5
20566
100
AcDbEntity
  8
0
100
AcDbPolyline
 70
0
 90
2
 10
694941.520276016
 20
6229842.88981948
 10
694943.225350637
 20
6229892.24751296
  0
LWPOLYLINE
  5
20567
100
AcDbEntity
  8
0
100
AcDbPolyline
 70
0
 90
2
 10
694878.8735621
 20
6229563.34961965
 10
694941.520276016
 20
6229842.88981948
  0
LWPOLYLINE
  5
20568
100
AcDbEntity
  8
0
100
AcDbPolyline
 70
0
 90
2
 10
694794.47099258
 20
6229211.24702868
 10
694878.8735621
 20
6229563.34961965
  0
LWPOLYLINE
  5
20569
100
AcDbEntity
  8
0
100
AcDbPolyline
 70
0
 90
2
 10
694789.80822278
 20
6229140.05220259
 10
694794.47099258
 20
6229211.24702868
  0
LWPOLYLINE
  5
2056A
100
AcDbEntity
  8
0
100
AcDbPolyline
 70
0
 90
2
 10
694789.80822278
 20
6229140.05220259
 10
694827.35783894
 20
6229009.66184959
  0
LWPOLYLINE
  5
2056B
100
AcDbEntity
  8
0
100
AcDbPolyline
 70
0
 90
2
 10
694827.35783894
 20
6229009.66184959
 10
695306.287955462
 20
6228299.93199166
  0
LWPOLYLINE
  5
2056C
100
AcDbEntity
  8
0
100
AcDbPolyline
 70
0
 90
2
 10
695306.287955462
 20
6228299.93199166
 10
695445.54616699
 20
6228081.97086672
  0
LWPOLYLINE
  5
2056D
100
AcDbEntity
  8
0
100
AcDbPolyline
 70
0
 90
2
 10
695445.54616699
 20
6228081.97086672
 10
695650.716289563
 20
6227760.88545802
  0
LWPOLYLINE
  5
2056E
100
AcDbEntity
  8
0
100
AcDbPolyline
 70
0
 90
2
 10
695650.716289563
 20
6227760.88545802
 10
695672.379877639
 20
6227726.97493253
  0
LWPOLYLINE
  5
2056F
100
AcDbEntity
  8
0
100
AcDbPolyline
 70
0
 90
2
 10
695672.379877639
 20
6227726.97493253
 10
695678.199023321
 20
6227713.99848332
  0
LWPOLYLINE
  5
20570
100
AcDbEntity
  8
0
100
AcDbPolyline
 70
0
 90
2
 10
695678.199023321
 20
6227713.99848332
 10
695758.212397357
 20
6227535.63978082
  0
LWPOLYLINE
  5
20571
100
AcDbEntity
  8
0
100
AcDbPolyline
 70
0
 90
2
 10
695758.212397357
 20
6227535.63978082
 10
695883.653972889
 20
6227245.86304522
  0
LWPOLYLINE
  5
20572
100
AcDbEntity
  8
0
100
AcDbPolyline
 70
0
 90
2
 10
695883.653972889
 20
6227245.86304522
 10
695912.772901507
 20
6227163.20368871
  0
LWPOLYLINE
  5
20573
100
AcDbEntity
  8
0
100
AcDbPolyline
 70
0
 90
2
 10
695912.772901507
 20
6227163.20368871
 10
695927.90002916
 20
6227068.01037024
  0
LWPOLYLINE
  5
20574
100
AcDbEntity
  8
0
100
AcDbPolyline
 70
0
 90
2
 10
695927.90002916
 20
6227068.01037024
 10
695952.642385619
 20
6226829.6293959
  0
LWPOLYLINE
  5
20575
100
AcDbEntity
  8
0
100
AcDbPolyline
 70
0
 90
2
 10
695952.642385619
 20
6226829.6293959
 10
695971.926910028
 20
6226744.64749255
  0
LWPOLYLINE
  5
20576
100
AcDbEntity
  8
0
100
AcDbPolyline
 70
0
 90
2
 10
695971.926910028
 20
6226744.64749255
 10
696116.600843146
 20
6226356.5928717
  0
LWPOLYLINE
  5
20577
100
AcDbEntity
  8
0
100
AcDbPolyline
 70
0
 90
2
 10
696116.600843146
 20
6226356.5928717
 10
696311.107736044
 20
6225835.60218879
  0
LWPOLYLINE
  5
20578
100
AcDbEntity
  8
0
100
AcDbPolyline
 70
0
 90
2
 10
696311.107736044
 20
6225835.60218879
 10
696398.341167475
 20
6225601.94861682
  0
LWPOLYLINE
  5
20579
100
AcDbEntity
  8
0
100
AcDbPolyline
 70
0
 90
2
 10
696398.341167475
 20
6225601.94861682
 10
696511.675699828
 20
6225295.6004475
  0
LWPOLYLINE
  5
2057A
100
AcDbEntity
  8
0
100
AcDbPolyline
 70
0
 90
2
 10
696511.675699828
 20
6225295.6004475
 10
696546.918006304
 20
6225208.16424216
  0
LWPOLYLINE
  5
2057B
100
AcDbEntity
  8
0
100
AcDbPolyline
 70
0
 90
2
 10
696546.918006304
 20
6225208.16424216
 10
696685.351065043
 20
6224858.33853937
  0
LWPOLYLINE
  5
2057C
100
AcDbEntity
  8
0
100
AcDbPolyline
 70
0
 90
2
 10
696685.351065043
 20
6224858.33853937
 10
696761.7033442
 20
6224665.40107301
  0
LWPOLYLINE
  5
2057D
100
AcDbEntity
  8
0
100
AcDbPolyline
 70
0
 90
2
 10
696761.7033442
 20
6224665.40107301
 10
696847.502864067
 20
6224449.7797258
  0
LWPOLYLINE
  5
2057E
100
AcDbEntity
  8
0
100
AcDbPolyline
 70
0
 90
2
 10
696847.502864067
 20
6224449.7797258
 10
696909.256058773
 20
6224294.60830824
  0
LWPOLYLINE
  5
2057F
100
AcDbEntity
  8
0
100
AcDbPolyline
 70
0
 90
2
 10
696909.256058773
 20
6224294.60830824
 10
696960.721799767
 20
6224165.2828309
  0
LWPOLYLINE
  5
20580
100
AcDbEntity
  8
0
100
AcDbPolyline
 70
0
 90
2
 10
696960.721799767
 20
6224165.2828309
 10
696972.374801695
 20
6224134.87434252
  0
LWPOLYLINE
  5
20581
100
AcDbEntity
  8
0
100
AcDbPolyline
 70
0
 90
2
 10
696972.374801695
 20
6224134.87434252
 10
697030.990420633
 20
6223981.88967217
  0
LWPOLYLINE
  5
20582
100
AcDbEntity
  8
0
100
AcDbPolyline
 70
0
 90
2
 10
697030.990420633
 20
6223981.88967217
 10
697139.975010135
 20
6223697.44680134
  0
LWPOLYLINE
  5
20583
100
AcDbEntity
  8
0
100
AcDbPolyline
 70
0
 90
2
 10
697139.975010135
 20
6223697.44680134
 10
697145.056424179
 20
6223684.18148083
  0
LWPOLYLINE
  5
20584
100
AcDbEntity
  8
0
100
AcDbPolyline
 70
0
 90
2
 10
697145.056424179
 20
6223684.18148083
 10
697179.055728261
 20
6223566.59487566
  0
LWPOLYLINE
  5
20585
100
AcDbEntity
  8
0
100
AcDbPolyline
 70
0
 90
2
 10
697179.055728261
 20
6223566.59487566
 10
697200.32512174
 20
6223493.04434243
  0
LWPOLYLINE
  5
20586
100
AcDbEntity
  8
0
100
AcDbPolyline
 70
0
 90
2
 10
697200.32512174
 20
6223493.04434243
 10
697225.054691442
 20
6223407.51396689
  0
LWPOLYLINE
  5
20587
100
AcDbEntity
  8
0
100
AcDbPolyline
 70
0
 90
2
 10
697225.054691442
 20
6223407.51396689
 10
697312.458433701
 20
6223227.91113353
  0
LWPOLYLINE
  5
20588
100
AcDbEntity
  8
0
100
AcDbPolyline
 70
0
 90
2
 10
697312.458433701
 20
6223227.91113353
 10
697339.596329833
 20
6223154.12957416
  0
LWPOLYLINE
  5
20589
100
AcDbEntity
  8
0
100
AcDbPolyline
 70
0
 90
2
 10
697339.596329833
 20
6223154.12957416
 10
697350.054616227
 20
6223055.88164416
  0
LWPOLYLINE
  5
2058A
100
AcDbEntity
  8
0
100
AcDbPolyline
 70
0
 90
2
 10
697305.515731625
 20
6222939.36265361
 10
697350.054616228
 20
6223055.88164416
  0
LWPOLYLINE
  5
2058B
100
AcDbEntity
  8
0
100
AcDbPolyline
 70
0
 90
2
 10
697276.515949077
 20
6222862.20603649
 10
697305.515731625
 20
6222939.36265361
  0
LWPOLYLINE
  5
2058C
100
AcDbEntity
  8
0
100
AcDbPolyline
 70
0
 90
2
 10
697244.981030881
 20
6222773.6522824
 10
697276.515949077
 20
6222862.20603649
  0
LWPOLYLINE
  5
2058D
100
AcDbEntity
  8
0
100
AcDbPolyline
 70
0
 90
2
 10
697238.866308994
 20
6222762.91507385
 10
697244.98103088
 20
6222773.6522824
  0
LWPOLYLINE
  5
2058E
100
AcDbEntity
  8
0
100
AcDbPolyline
 70
0
 90
2
 10
697171.709467913
 20
6222644.91164818
 10
697238.866308994
 20
6222762.91507385
  0
LWPOLYLINE
  5
2058F
100
AcDbEntity
  8
0
100
AcDbPolyline
 70
0
 90
2
 10
697027.764770832
 20
6222388.86984267
 10
697171.709467913
 20
6222644.91164818
  0
LWPOLYLINE
  5
20590
100
AcDbEntity
  8
0
100
AcDbPolyline
 70
0
 90
2
 10
696983.987262751
 20
6222308.82979072
 10
697027.764770832
 20
6222388.86984267
  0
LWPOLYLINE
  5
20591
100
AcDbEntity
  8
0
100
AcDbPolyline
 70
0
 90
2
 10
696872.515208631
 20
6222104.43663175
 10
696983.987262751
 20
6222308.82979072
  0
LWPOLYLINE
  5
20592
100
AcDbEntity
  8
0
100
AcDbPolyline
 70
0
 90
2
 10
696865.664123618
 20
6222090.15500125
 10
696872.515208631
 20
6222104.43663175
  0
LWPOLYLINE
  5
20593
100
AcDbEntity
  8
0
100
AcDbPolyline
 70
0
 90
2
 10
696847.9928028
 20
6222053.3280684
 10
696865.664123618
 20
6222090.15500125
  0
LWPOLYLINE
  5
20594
100
AcDbEntity
  8
0
100
AcDbPolyline
 70
0
 90
2
 10
696619.996786763
 20
6221535.7522111
 10
696847.992802799
 20
6222053.3280684
  0
LWPOLYLINE
  5
20595
100
AcDbEntity
  8
0
100
AcDbPolyline
 70
0
 90
2
 10
696595.303290518
 20
6221489.5869346
 10
696619.996786763
 20
6221535.7522111
  0
LWPOLYLINE
  5
20596
100
AcDbEntity
  8
0
100
AcDbPolyline
 70
0
 90
2
 10
696579.167712789
 20
6221466.1746639
 10
696595.303290518
 20
6221489.5869346
  0
LWPOLYLINE
  5
20597
100
AcDbEntity
  8
0
100
AcDbPolyline
 70
0
 90
2
 10
696566.010578664
 20
6221447.64752414
 10
696579.167712789
 20
6221466.1746639
  0
LWPOLYLINE
  5
20598
100
AcDbEntity
  8
0
100
AcDbPolyline
 70
0
 90
2
 10
696548.846817133
 20
6221427.76641636
 10
696566.010578664
 20
6221447.64752414
  0
LWPOLYLINE
  5
20599
100
AcDbEntity
  8
0
100
AcDbPolyline
 70
0
 90
2
 10
696534.503186736
 20
6221413.64376854
 10
696548.846817135
 20
6221427.76641636
  0
LWPOLYLINE
  5
2059A
100
AcDbEntity
  8
0
100
AcDbPolyline
 70
0
 90
2
 10
696516.172688408
 20
6221397.59960712
 10
696534.503186736
 20
6221413.64376854
  0
LWPOLYLINE
  5
2059B
100
AcDbEntity
  8
0
100
AcDbPolyline
 70
0
 90
2
 10
696495.391231846
 20
6221384.73157845
 10
696516.172688408
 20
6221397.59960712
  0
LWPOLYLINE
  5
2059C
100
AcDbEntity
  8
0
100
AcDbPolyline
 70
0
 90
2
 10
696467.858419613
 20
6221366.90618599
 10
696495.391231846
 20
6221384.73157845
  0
LWPOLYLINE
  5
2059D
100
AcDbEntity
  8
0
100
AcDbPolyline
 70
0
 90
2
 10
696428.546446603
 20
6221343.02387589
 10
696467.858419613
 20
6221366.90618599
  0
LWPOLYLINE
  5
2059E
100
AcDbEntity
  8
0
100
AcDbPolyline
 70
0
 90
2
 10
696385.184279893
 20
6221320.90722055
 10
696428.546446603
 20
6221343.02387589
  0
LWPOLYLINE
  5
2059F
100
AcDbEntity
  8
0
100
AcDbPolyline
 70
0
 90
2
 10
694438.091157395
 20
6232198.16395076
 10
694469.120092397
 20
6232147.37544585
  0
LWPOLYLINE
  5
205A0
100
AcDbEntity
  8
0
100
AcDbPolyline
 70
0
 90
2
 10
694436.56644015
 20
6232200.66948436
 10
694438.091157395
 20
6232198.16395076
  0
LWPOLYLINE
  5
205A1
100
AcDbEntity
  8
0
100
AcDbPolyline
 70
0
 90
2
 10
694418.466695163
 20
6232246.08282451
 10
694436.56644015
 20
6232200.66948436
  0
LWPOLYLINE
  5
205A2
100
AcDbEntity
  8
0
100
AcDbPolyline
 70
0
 90
2
 10
694411.049279584
 20
6232269.65519749
 10
694418.466695163
 20
6232246.08282451
  0
LWPOLYLINE
  5
205A3
100
AcDbEntity
  8
0
100
AcDbPolyline
 70
0
 90
2
 10
694385.237495706
 20
6232351.69161917
 10
694411.049279584
 20
6232269.65519749
  0
LWPOLYLINE
  5
205A4
100
AcDbEntity
  8
0
100
AcDbPolyline
 70
0
 90
2
 10
694349.415418618
 20
6232460.91682724
 10
694385.237495706
 20
6232351.69161917
  0
LWPOLYLINE
  5
205A5
100
AcDbEntity
  8
0
100
AcDbPolyline
 70
0
 90
2
 10
695092.88737453
 20
6232677.39164388
 10
695172.341085526
 20
6232730.98040961
  0
LWPOLYLINE
  5
205A6
100
AcDbEntity
  8
0
100
AcDbPolyline
 70
0
 90
2
 10
695172.341085526
 20
6232730.98040961
 10
695260.785613972
 20
6232800.45356042
  0
LWPOLYLINE
  5
205A7
100
AcDbEntity
  8
0
100
AcDbPolyline
 70
0
 90
2
 10
695260.785613972
 20
6232800.45356042
 10
695492.980898977
 20
6232986.25641402
  0
LWPOLYLINE
  5
205A8
100
AcDbEntity
  8
0
100
AcDbPolyline
 70
0
 90
2
 10
695492.980898977
 20
6232986.25641402
 10
695553.03275226
 20
6233043.07850133
  0
LWPOLYLINE
  5
205A9
100
AcDbEntity
  8
0
100
AcDbPolyline
 70
0
 90
2
 10
695553.032752263
 20
6233043.07850133
 10
695585.762304883
 20
6233077.77237663
  0
LWPOLYLINE
  5
205AA
100
AcDbEntity
  8
0
100
AcDbPolyline
 70
0
 90
2
 10
695585.762304874
 20
6233077.77237662
 10
695638.567503253
 20
6233128.20013444
  0
LWPOLYLINE
  5
205AB
100
AcDbEntity
  8
0
100
AcDbPolyline
 70
0
 90
2
 10
695638.567503263
 20
6233128.20013445
 10
695784.711055881
 20
6233275.94915926
  0
LWPOLYLINE
  5
205AC
100
AcDbEntity
  8
0
100
AcDbPolyline
 70
0
 90
2
 10
695784.711055881
 20
6233275.94915926
 10
695873.414503421
 20
6233365.61328594
  0
LWPOLYLINE
  5
205AD
100
AcDbEntity
  8
0
100
AcDbPolyline
 70
0
 90
2
 10
697013.924851786
 20
6236864.73018267
 10
697223.418830348
 20
6236761.84202313
  0
LWPOLYLINE
  5
205AE
100
AcDbEntity
  8
0
100
AcDbPolyline
 70
0
 90
2
 10
697223.418830348
 20
6236761.84202313
 10
697358.353343043
 20
6236688.8451586
  0
LWPOLYLINE
  5
205AF
100
AcDbEntity
  8
0
100
AcDbPolyline
 70
0
 90
2
 10
697358.353343043
 20
6236688.8451586
 10
697490.921863231
 20
6236624.01412118
  0
LWPOLYLINE
  5
205B0
100
AcDbEntity
  8
0
100
AcDbPolyline
 70
0
 90
2
 10
697490.921863231
 20
6236624.01412118
 10
697627.483781632
 20
6236552.41587269
  0
LWPOLYLINE
  5
205B1
100
AcDbEntity
  8
0
100
AcDbPolyline
 70
0
 90
2
 10
697627.483781632
 20
6236552.41587269
 10
697793.974801565
 20
6236477.80550179
  0
LWPOLYLINE
  5
205B2
100
AcDbEntity
  8
0
100
AcDbPolyline
 70
0
 90
2
 10
697793.974801565
 20
6236477.80550179
 10
697824.671415777
 20
6236462.55175939
  0
LWPOLYLINE
  5
205B3
100
AcDbEntity
  8
0
100
AcDbPolyline
 70
0
 90
2
 10
697824.671415777
 20
6236462.55175939
 10
697872.451882371
 20
6236435.59399942
  0
LWPOLYLINE
  5
205B4
100
AcDbEntity
  8
0
100
AcDbPolyline
 70
0
 90
2
 10
697872.451882371
 20
6236435.59399942
 10
697904.025185086
 20
6236418.05161649
  0
LWPOLYLINE
  5
205B5
100
AcDbEntity
  8
0
100
AcDbPolyline
 70
0
 90
2
 10
697904.025185086
 20
6236418.05161649
 10
697932.860857375
 20
6236404.11688079
  0
LWPOLYLINE
  5
205B6
100
AcDbEntity
  8
0
100
AcDbPolyline
 70
0
 90
2
 10
697932.860857375
 20
6236404.11688079
 10
697977.458193937
 20
6236383.16598333
  0
LWPOLYLINE
  5
205B7
100
AcDbEntity
  8
0
100
AcDbPolyline
 70
0
 90
2
 10
697977.458193937
 20
6236383.16598333
 10
698014.432515722
 20
6236363.79033632
  0
LWPOLYLINE
  5
205B8
100
AcDbEntity
  8
0
100
AcDbPolyline
 70
0
 90
2
 10
698014.432515722
 20
6236363.79033632
 10
698061.180676075
 20
6236342.1374323
  0
LWPOLYLINE
  5
205B9
100
AcDbEntity
  8
0
100
AcDbPolyline
 70
0
 90
2
 10
698061.180676075
 20
6236342.1374323
 10
698092.235033069
 20
6236326.04372822
  0
LWPOLYLINE
  5
205BA
100
AcDbEntity
  8
0
100
AcDbPolyline
 70
0
 90
2
 10
698092.235033069
 20
6236326.04372822
 10
698108.972837093
 20
6236316.33086304
  0
LWPOLYLINE
  5
205BB
100
AcDbEntity
  8
0
100
AcDbPolyline
 70
0
 90
2
 10
698108.972837093
 20
6236316.33086304
 10
698124.171566186
 20
6236301.2515472
  0
LWPOLYLINE
  5
205BC
100
AcDbEntity
  8
0
100
AcDbPolyline
 70
0
 90
2
 10
698124.171566186
 20
6236301.2515472
 10
698153.387404978
 20
6236275.01785458
  0
LWPOLYLINE
  5
205BD
100
AcDbEntity
  8
0
100
AcDbPolyline
 70
0
 90
2
 10
698153.387404978
 20
6236275.01785458
 10
698162.166207586
 20
6236267.95662785
  0
LWPOLYLINE
  5
205BE
100
AcDbEntity
  8
0
100
AcDbPolyline
 70
0
 90
2
 10
697655.514924587
 20
6235634.49838885
 10
697683.024267575
 20
6235615.09379252
  0
LWPOLYLINE
  5
205BF
100
AcDbEntity
  8
0
100
AcDbPolyline
 70
0
 90
2
 10
697683.024267572
 20
6235615.09379252
 10
697704.408857811
 20
6235592.50736765
  0
LWPOLYLINE
  5
205C0
100
AcDbEntity
  8
0
100
AcDbPolyline
 70
0
 90
2
 10
697704.408857811
 20
6235592.50736765
 10
697766.807008857
 20
6235524.06535614
  0
LWPOLYLINE
  5
205C1
100
AcDbEntity
  8
0
100
AcDbPolyline
 70
0
 90
2
 10
697766.807008858
 20
6235524.06535614
 10
697821.828667068
 20
6235459.38455962
  0
LWPOLYLINE
  5
205C2
100
AcDbEntity
  8
0
100
AcDbPolyline
 70
0
 90
2
 10
697821.828667068
 20
6235459.38455962
 10
697858.287067126
 20
6235414.43329555
  0
LWPOLYLINE
  5
205C3
100
AcDbEntity
  8
0
100
AcDbPolyline
 70
0
 90
2
 10
697858.287067126
 20
6235414.43329555
 10
697903.100058906
 20
6235361.02965672
  0
LWPOLYLINE
  5
205C4
100
AcDbEntity
  8
0
100
AcDbPolyline
 70
0
 90
2
 10
697903.100058905
 20
6235361.02965672
 10
697961.885475478
 20
6235287.99707863
  0
LWPOLYLINE
  5
205C5
100
AcDbEntity
  8
0
100
AcDbPolyline
 70
0
 90
2
 10
697961.885475479
 20
6235287.99707863
 10
697996.453666966
 20
6235239.4031287
  0
LWPOLYLINE
  5
205C6
100
AcDbEntity
  8
0
100
AcDbPolyline
 70
0
 90
2
 10
697996.453666966
 20
6235239.4031287
 10
698020.766607762
 20
6235210.93424504
  0
LWPOLYLINE
  5
205C7
100
AcDbEntity
  8
0
100
AcDbPolyline
 70
0
 90
2
 10
698020.766607762
 20
6235210.93424504
 10
698030.591813223
 20
6235189.65242272
  0
LWPOLYLINE
  5
205C8
100
AcDbEntity
  8
0
100
AcDbPolyline
 70
0
 90
2
 10
698030.591813223
 20
6235189.65242272
 10
698046.391716365
 20
6235147.62365323
  0
LWPOLYLINE
  5
205C9
100
AcDbEntity
  8
0
100
AcDbPolyline
 70
0
 90
2
 10
698046.391716364
 20
6235147.62365323
 10
698071.283122387
 20
6235099.07181648
  0
LWPOLYLINE
  5
205CA
100
AcDbEntity
  8
0
100
AcDbPolyline
 70
0
 90
2
 10
698071.283122387
 20
6235099.07181648
 10
698083.433956595
 20
6235063.81873013
  0
LWPOLYLINE
  5
205CB
100
AcDbEntity
  8
0
100
AcDbPolyline
 70
0
 90
2
 10
698083.433956595
 20
6235063.81873013
 10
698087.799846112
 20
6235052.18267648
  0
LWPOLYLINE
  5
205CC
100
AcDbEntity
  8
0
100
AcDbPolyline
 70
0
 90
2
 10
698087.799846112
 20
6235052.18267648
 10
698090.854421437
 20
6235026.77440718
  0
LWPOLYLINE
  5
205CD
100
AcDbEntity
  8
0
100
AcDbPolyline
 70
0
 90
2
 10
696652.068916086
 20
6237185.96731291
 10
696655.660726141
 20
6237195.85328315
  0
LWPOLYLINE
  5
205CE
100
AcDbEntity
  8
0
100
AcDbPolyline
 70
0
 90
2
 10
696655.660726141
 20
6237195.85328315
 10
696657.858584331
 20
6237201.90723134
  0
LWPOLYLINE
  5
205CF
100
AcDbEntity
  8
0
100
AcDbPolyline
 70
0
 90
2
 10
696653.815130797
 20
6237208.55413062
 10
696657.858584331
 20
6237201.90723134
  0
LWPOLYLINE
  5
205D0
100
AcDbEntity
  8
0
100
AcDbPolyline
 70
0
 90
2
 10
696647.325596705
 20
6237214.26339161
 10
696653.815130796
 20
6237208.55413062
  0
LWPOLYLINE
  5
205D1
100
AcDbEntity
  8
0
100
AcDbPolyline
 70
0
 90
2
 10
696631.595032544
 20
6237226.79247494
 10
696647.325596705
 20
6237214.26339161
  0
LWPOLYLINE
  5
205D2
100
AcDbEntity
  8
0
100
AcDbPolyline
 70
0
 90
2
 10
696601.089389783
 20
6237254.15772078
 10
696631.595032544
 20
6237226.79247494
  0
LWPOLYLINE
  5
205D3
100
AcDbEntity
  8
0
100
AcDbPolyline
 70
0
 90
2
 10
696531.989804441
 20
6237325.21476834
 10
696601.089389784
 20
6237254.15772078
  0
LWPOLYLINE
  5
205D4
100
AcDbEntity
  8
0
100
AcDbPolyline
 70
0
 90
2
 10
695100.512828249
 20
6235170.41395935
 10
695122.210199133
 20
6235157.68362562
  0
LWPOLYLINE
  5
205D5
100
AcDbEntity
  8
0
100
AcDbPolyline
 70
0
 90
2
 10
695047.910191801
 20
6235215.13975486
 10
695100.512828249
 20
6235170.41395935
  0
LWPOLYLINE
  5
205D6
100
AcDbEntity
  8
0
100
AcDbPolyline
 70
0
 90
2
 10
695006.931224687
 20
6235212.75504262
 10
695047.910191801
 20
6235215.13975486
  0
LWPOLYLINE
  5
205D7
100
AcDbEntity
  8
0
100
AcDbPolyline
 70
0
 90
2
 10
694970.018680884
 20
6235184.56179017
 10
695006.931224687
 20
6235212.75504262
  0
LWPOLYLINE
  5
205D8
100
AcDbEntity
  8
0
100
AcDbPolyline
 70
0
 90
2
 10
694937.793099595
 20
6235166.05777199
 10
694970.018680884
 20
6235184.56179017
  0
LWPOLYLINE
  5
205D9
100
AcDbEntity
  8
0
100
AcDbPolyline
 70
0
 90
2
 10
693835.701282735
 20
6237291.72702372
 10
693919.039855818
 20
6237335.95482008
  0
LWPOLYLINE
  5
205DA
100
AcDbEntity
  8
0
100
AcDbPolyline
 70
0
 90
2
 10
693919.039855818
 20
6237335.95482008
 10
694000.933259546
 20
6237379.30492046
  0
LWPOLYLINE
  5
205DB
100
AcDbEntity
  8
0
100
AcDbPolyline
 70
0
 90
2
 10
694000.933259546
 20
6237379.30492046
 10
694034.956353975
 20
6237397.68391911
  0
LWPOLYLINE
  5
205DC
100
AcDbEntity
  8
0
100
AcDbPolyline
 70
0
 90
2
 10
694034.956353975
 20
6237397.68391911
 10
694056.356513014
 20
6237410.00476618
  0
LWPOLYLINE
  5
205DD
100
AcDbEntity
  8
0
100
AcDbPolyline
 70
0
 90
2
 10
694056.356513014
 20
6237410.00476618
 10
694293.758652739
 20
6237539.46858805
  0
LWPOLYLINE
  5
205DE
100
AcDbEntity
  8
0
100
AcDbPolyline
 70
0
 90
2
 10
693503.300948775
 20
6237343.47355411
 10
693553.358892549
 20
6237367.87059069
  0
LWPOLYLINE
  5
205DF
100
AcDbEntity
  8
0
100
AcDbPolyline
 70
0
 90
2
 10
693553.358892549
 20
6237367.87059069
 10
693651.990167167
 20
6237418.15969044
  0
LWPOLYLINE
  5
205E0
100
AcDbEntity
  8
0
100
AcDbPolyline
 70
0
 90
2
 10
693651.990167167
 20
6237418.15969044
 10
693677.312357802
 20
6237412.87752956
  0
LWPOLYLINE
  5
205E1
100
AcDbEntity
  8
0
100
AcDbPolyline
 70
0
 90
2
 10
693677.312357802
 20
6237412.87752956
 10
693703.570877005
 20
6237425.66234668
  0
LWPOLYLINE
  5
205E2
100
AcDbEntity
  8
0
100
AcDbPolyline
 70
0
 90
2
 10
693695.891648721
 20
6237440.86341405
 10
693808.415650903
 20
6237498.69816308
  0
LWPOLYLINE
  5
205E3
100
AcDbEntity
  8
0
100
AcDbPolyline
 70
0
 90
2
 10
696012.756622829
 20
6233671.92739207
 10
696057.4931609
 20
6233701.20163934
  0
LWPOLYLINE
  5
205E4
100
AcDbEntity
  8
0
100
AcDbPolyline
 70
0
 90
2
 10
694408.5804756
 20
6235787.86425612
 10
694478.058761181
 20
6235833.09744333
  0
LWPOLYLINE
  5
205E5
100
AcDbEntity
  8
0
100
AcDbPolyline
 70
0
 90
2
 10
694405.241891416
 20
6235776.9109091
 10
694408.5804756
 20
6235787.86425612
  0
LWPOLYLINE
  5
205E6
100
AcDbEntity
  8
0
100
AcDbPolyline
 70
0
 90
2
 10
694405.241891416
 20
6235776.9109091
 10
694418.823496343
 20
6235744.02206731
  0
LWPOLYLINE
  5
205E7
100
AcDbEntity
  8
0
100
AcDbPolyline
 70
0
 90
2
 10
694418.823496344
 20
6235744.02206731
 10
694495.827940897
 20
6235654.20855657
  0
LWPOLYLINE
  5
205E8
100
AcDbEntity
  8
0
100
AcDbPolyline
 70
0
 90
2
 10
694495.827940897
 20
6235654.20855657
 10
694631.790099683
 20
6235495.64356764
  0
LWPOLYLINE
  5
205E9
100
AcDbEntity
  8
0
100
AcDbPolyline
 70
0
 90
2
 10
694420.234443259
 20
6235522.71000403
 10
694528.682761996
 20
6235401.56837726
  0
LWPOLYLINE
  5
205EA
100
AcDbEntity
  8
0
100
AcDbPolyline
 70
0
 90
2
 10
694287.149035799
 20
6235535.45559687
 10
694378.582813134
 20
6235441.74875837
  0
LWPOLYLINE
  5
205EB
100
AcDbEntity
  8
0
100
AcDbPolyline
 70
0
 90
2
 10
694378.582813134
 20
6235441.74875837
 10
694459.809880869
 20
6235336.20891829
  0
LWPOLYLINE
  5
205EC
100
AcDbEntity
  8
0
100
AcDbPolyline
 70
0
 90
2
 10
694792.752984165
 20
6235754.43727032
 10
694799.840215913
 20
6235786.77462969
  0
LWPOLYLINE
  5
205ED
100
AcDbEntity
  8
0
100
AcDbPolyline
 70
0
 90
2
 10
694790.583184839
 20
6235741.29636849
 10
694792.752984165
 20
6235754.43727032
  0
LWPOLYLINE
  5
205EE
100
AcDbEntity
  8
0
100
AcDbPolyline
 70
0
 90
2
 10
694789.27999566
 20
6235728.3510717
 10
694790.583184839
 20
6235741.29636849
  0
LWPOLYLINE
  5
205EF
100
AcDbEntity
  8
0
100
AcDbPolyline
 70
0
 90
2
 10
694789.27999566
 20
6235728.3510717
 10
694793.418691501
 20
6235710.5934095
  0
LWPOLYLINE
  5
205F0
100
AcDbEntity
  8
0
100
AcDbPolyline
 70
0
 90
2
 10
694793.418691501
 20
6235710.5934095
 10
694803.422655039
 20
6235695.75637679
  0
LWPOLYLINE
  5
205F1
100
AcDbEntity
  8
0
100
AcDbPolyline
 70
0
 90
2
 10
694803.422655038
 20
6235695.75637679
 10
694815.24029672
 20
6235684.99273121
  0
LWPOLYLINE
  5
205F2
100
AcDbEntity
  8
0
100
AcDbPolyline
 70
0
 90
2
 10
694815.24029672
 20
6235684.99273121
 10
694825.128636891
 20
6235668.06599125
  0
LWPOLYLINE
  5
205F3
100
AcDbEntity
  8
0
100
AcDbPolyline
 70
0
 90
2
 10
694821.317096396
 20
6235654.02527181
 10
694825.128636889
 20
6235668.06599124
  0
LWPOLYLINE
  5
205F4
100
AcDbEntity
  8
0
100
AcDbPolyline
 70
0
 90
2
 10
694810.726546229
 20
6235645.3823995
 10
694821.317096396
 20
6235654.02527181
  0
LWPOLYLINE
  5
205F5
100
AcDbEntity
  8
0
100
AcDbPolyline
 70
0
 90
2
 10
694798.398321757
 20
6235637.39595538
 10
694810.726546229
 20
6235645.3823995
  0
LWPOLYLINE
  5
205F6
100
AcDbEntity
  8
0
100
AcDbPolyline
 70
0
 90
2
 10
694781.216145844
 20
6235627.59405564
 10
694798.398321757
 20
6235637.39595538
  0
LWPOLYLINE
  5
205F7
100
AcDbEntity
  8
0
100
AcDbPolyline
 70
0
 90
2
 10
694765.201690848
 20
6235613.5650974
 10
694781.216145844
 20
6235627.59405564
  0
LWPOLYLINE
  5
205F8
100
AcDbEntity
  8
0
100
AcDbPolyline
 70
0
 90
2
 10
694742.395063766
 20
6235595.01281395
 10
694765.201690848
 20
6235613.5650974
  0
LWPOLYLINE
  5
205F9
100
AcDbEntity
  8
0
100
AcDbPolyline
 70
0
 90
2
 10
694542.494023962
 20
6235218.67587675
 10
694543.687407558
 20
6235210.74910789
  0
LWPOLYLINE
  5
205FA
100
AcDbEntity
  8
0
100
AcDbPolyline
 70
0
 90
2
 10
694538.832544145
 20
6235229.52212671
 10
694542.494023962
 20
6235218.67587675
  0
LWPOLYLINE
  5
205FB
100
AcDbEntity
  8
0
100
AcDbPolyline
 70
0
 90
2
 10
694531.27348675
 20
6235249.8551059
 10
694538.832544145
 20
6235229.52212671
  0
LWPOLYLINE
  5
205FC
100
AcDbEntity
  8
0
100
AcDbPolyline
 70
0
 90
2
 10
694507.940196366
 20
6235264.74312545
 10
694531.27348675
 20
6235249.8551059
  0
LWPOLYLINE
  5
205FD
100
AcDbEntity
  8
0
100
AcDbPolyline
 70
0
 90
2
 10
694485.150802766
 20
6235267.69547248
 10
694507.940196366
 20
6235264.74312545
  0
LWPOLYLINE
  5
205FE
100
AcDbEntity
  8
0
100
AcDbPolyline
 70
0
 90
2
 10
694460.914118825
 20
6235273.24611104
 10
694485.150802766
 20
6235267.69547248
  0
LWPOLYLINE
  5
205FF
100
AcDbEntity
  8
0
100
AcDbPolyline
 70
0
 90
2
 10
694425.709408487
 20
6235273.22556331
 10
694460.914118825
 20
6235273.24611104
  0
LWPOLYLINE
  5
20600
100
AcDbEntity
  8
0
100
AcDbPolyline
 70
0
 90
2
 10
694406.859777225
 20
6235289.35495026
 10
694425.709408487
 20
6235273.22556331
  0
LWPOLYLINE
  5
20601
100
AcDbEntity
  8
0
100
AcDbPolyline
 70
0
 90
2
 10
694631.790099683
 20
6235495.64356764
 10
694661.219077672
 20
6235468.53856951
  0
LWPOLYLINE
  5
20602
100
AcDbEntity
  8
0
100
AcDbPolyline
 70
0
 90
2
 10
694661.219077672
 20
6235468.53856951
 10
694705.590139608
 20
6235430.66736382
  0
LWPOLYLINE
  5
20603
100
AcDbEntity
  8
0
100
AcDbPolyline
 70
0
 90
2
 10
694705.590139608
 20
6235430.66736382
 10
694717.071715806
 20
6235412.57573443
  0
LWPOLYLINE
  5
20604
100
AcDbEntity
  8
0
100
AcDbPolyline
 70
0
 90
2
 10
694709.94324717
 20
6235393.63529855
 10
694717.071715806
 20
6235412.57573443
  0
LWPOLYLINE
  5
20605
100
AcDbEntity
  8
0
100
AcDbPolyline
 70
0
 90
2
 10
694632.494752047
 20
6235259.93044715
 10
694709.94324717
 20
6235393.63529855
  0
LWPOLYLINE
  5
20606
100
AcDbEntity
  8
0
100
AcDbPolyline
 70
0
 90
2
 10
694613.380614934
 20
6235222.98782947
 10
694632.494752047
 20
6235259.93044715
  0
LWPOLYLINE
  5
20607
100
AcDbEntity
  8
0
100
AcDbPolyline
 70
0
 90
2
 10
694987.24620396
 20
6235758.85848776
 10
694998.147103216
 20
6235756.48054097
  0
LWPOLYLINE
  5
20608
100
AcDbEntity
  8
0
100
AcDbPolyline
 70
0
 90
2
 10
694959.378617613
 20
6235764.95371845
 10
694987.24620396
 20
6235758.85848776
  0
LWPOLYLINE
  5
20609
100
AcDbEntity
  8
0
100
AcDbPolyline
 70
0
 90
2
 10
694937.179077759
 20
6235762.51303937
 10
694959.378617613
 20
6235764.95371845
  0
LWPOLYLINE
  5
2060A
100
AcDbEntity
  8
0
100
AcDbPolyline
 70
0
 90
2
 10
694910.900291967
 20
6235760.19832259
 10
694937.179077759
 20
6235762.51303937
  0
LWPOLYLINE
  5
2060B
100
AcDbEntity
  8
0
100
AcDbPolyline
 70
0
 90
2
 10
694839.810989959
 20
6235773.98532846
 10
694910.900291967
 20
6235760.19832259
  0
LWPOLYLINE
  5
2060C
100
AcDbEntity
  8
0
100
AcDbPolyline
 70
0
 90
2
 10
694836.924105834
 20
6235763.49806831
 10
694839.810989959
 20
6235773.98532846
  0
LWPOLYLINE
  5
2060D
100
AcDbEntity
  8
0
100
AcDbPolyline
 70
0
 90
2
 10
694684.28409302
 20
6235849.61015173
 10
694697.077509011
 20
6235833.7743041
  0
LWPOLYLINE
  5
2060E
100
AcDbEntity
  8
0
100
AcDbPolyline
 70
0
 90
2
 10
694680.08171601
 20
6235768.43630451
 10
694697.077509011
 20
6235833.7743041
  0
LWPOLYLINE
  5
2060F
100
AcDbEntity
  8
0
100
AcDbPolyline
 70
0
 90
2
 10
694255.79192316
 20
6235969.71313959
 10
694263.314369979
 20
6235955.31940365
  0
LWPOLYLINE
  5
20610
100
AcDbEntity
  8
0
100
AcDbPolyline
 70
0
 90
2
 10
694263.314369978
 20
6235955.31940365
 10
694270.679524757
 20
6235944.51894376
  0
LWPOLYLINE
  5
20611
100
AcDbEntity
  8
0
100
AcDbPolyline
 70
0
 90
2
 10
694270.679524757
 20
6235944.51894376
 10
694277.33458884
 20
6235932.40428841
  0
LWPOLYLINE
  5
20612
100
AcDbEntity
  8
0
100
AcDbPolyline
 70
0
 90
2
 10
694277.33458884
 20
6235932.40428841
 10
694286.088947258
 20
6235916.0490807
  0
LWPOLYLINE
  5
20613
100
AcDbEntity
  8
0
100
AcDbPolyline
 70
0
 90
2
 10
694286.088947259
 20
6235916.0490807
 10
694295.150640245
 20
6235905.49308133
  0
LWPOLYLINE
  5
20614
100
AcDbEntity
  8
0
100
AcDbPolyline
 70
0
 90
2
 10
694295.150640245
 20
6235905.49308133
 10
694300.948993241
 20
6235889.69444443
  0
LWPOLYLINE
  5
20615
100
AcDbEntity
  8
0
100
AcDbPolyline
 70
0
 90
2
 10
694297.680219909
 20
6235877.8860637
 10
694300.948993241
 20
6235889.69444443
  0
LWPOLYLINE
  5
20616
100
AcDbEntity
  8
0
100
AcDbPolyline
 70
0
 90
2
 10
694284.673735575
 20
6235865.15513071
 10
694297.680219909
 20
6235877.8860637
  0
LWPOLYLINE
  5
20617
100
AcDbEntity
  8
0
100
AcDbPolyline
 70
0
 90
2
 10
694272.801372732
 20
6235859.01904687
 10
694284.673735575
 20
6235865.15513071
  0
LWPOLYLINE
  5
20618
100
AcDbEntity
  8
0
100
AcDbPolyline
 70
0
 90
2
 10
694098.769394426
 20
6235768.42592005
 10
694130.712488223
 20
6235736.984356
  0
LWPOLYLINE
  5
20619
100
AcDbEntity
  8
0
100
AcDbPolyline
 70
0
 90
2
 10
694760.570742618
 20
6236003.29490199
 10
694768.439288388
 20
6236005.98366028
  0
LWPOLYLINE
  5
2061A
100
AcDbEntity
  8
0
100
AcDbPolyline
 70
0
 90
2
 10
694768.439288388
 20
6236005.98366028
 10
694780.409695919
 20
6236010.08578208
  0
LWPOLYLINE
  5
2061B
100
AcDbEntity
  8
0
100
AcDbPolyline
 70
0
 90
2
 10
694780.409695919
 20
6236010.08578208
 10
694828.294606346
 20
6236012.27129465
  0
LWPOLYLINE
  5
2061C
100
AcDbEntity
  8
0
100
AcDbPolyline
 70
0
 90
2
 10
694828.294606346
 20
6236012.27129465
 10
694846.190820239
 20
6236015.50711603
  0
LWPOLYLINE
  5
2061D
100
AcDbEntity
  8
0
100
AcDbPolyline
 70
0
 90
2
 10
694846.190820239
 20
6236015.50711603
 10
694861.47808541
 20
6236021.62242704
  0
LWPOLYLINE
  5
2061E
100
AcDbEntity
  8
0
100
AcDbPolyline
 70
0
 90
2
 10
694861.478085409
 20
6236021.62242704
 10
694867.800139299
 20
6236033.83827739
  0
LWPOLYLINE
  5
2061F
100
AcDbEntity
  8
0
100
AcDbPolyline
 70
0
 90
2
 10
694867.800139299
 20
6236033.83827739
 10
694910.341353118
 20
6236109.11646837
  0
LWPOLYLINE
  5
20620
100
AcDbEntity
  8
0
100
AcDbPolyline
 70
0
 90
2
 10
694937.17907778
 20
6235762.51303937
 10
694938.492748218
 20
6235736.46690881
  0
LWPOLYLINE
  5
20621
100
AcDbEntity
  8
0
100
AcDbPolyline
 70
0
 90
2
 10
694938.492748218
 20
6235736.46690881
 10
694944.281610936
 20
6235705.2969192
  0
LWPOLYLINE
  5
20622
100
AcDbEntity
  8
0
100
AcDbPolyline
 70
0
 90
2
 10
694944.281610935
 20
6235705.2969192
 10
694949.618698811
 20
6235696.80146359
  0
LWPOLYLINE
  5
20623
100
AcDbEntity
  8
0
100
AcDbPolyline
 70
0
 90
2
 10
694949.618698811
 20
6235696.80146359
 10
694958.87100818
 20
6235691.77317476
  0
LWPOLYLINE
  5
20624
100
AcDbEntity
  8
0
100
AcDbPolyline
 70
0
 90
2
 10
694958.87100818
 20
6235691.77317476
 10
694980.483870982
 20
6235685.9941426
  0
LWPOLYLINE
  5
20625
100
AcDbEntity
  8
0
100
AcDbPolyline
 70
0
 90
2
 10
694931.410614624
 20
6235551.46111667
 10
694940.157490082
 20
6235542.14041519
  0
LWPOLYLINE
  5
20626
100
AcDbEntity
  8
0
100
AcDbPolyline
 70
0
 90
2
 10
694917.726654764
 20
6235566.36395062
 10
694931.410614624
 20
6235551.46111667
  0
LWPOLYLINE
  5
20627
100
AcDbEntity
  8
0
100
AcDbPolyline
 70
0
 90
2
 10
694909.493405129
 20
6235575.31800061
 10
694917.726654764
 20
6235566.36395062
  0
LWPOLYLINE
  5
20628
100
AcDbEntity
  8
0
100
AcDbPolyline
 70
0
 90
2
 10
694909.493405129
 20
6235575.31800061
 10
694910.413789077
 20
6235599.22559528
  0
LWPOLYLINE
  5
20629
100
AcDbEntity
  8
0
100
AcDbPolyline
 70
0
 90
2
 10
694910.413789077
 20
6235599.22559528
 10
694944.281610936
 20
6235705.2969192
  0
LWPOLYLINE
  5
2062A
100
AcDbEntity
  8
0
100
AcDbPolyline
 70
0
 90
2
 10
694679.448014845
 20
6235716.84188364
 10
694737.669077655
 20
6235705.14037038
  0
LWPOLYLINE
  5
2062B
100
AcDbEntity
  8
0
100
AcDbPolyline
 70
0
 90
2
 10
694737.669077655
 20
6235705.14037038
 10
694750.134444374
 20
6235702.63252102
  0
LWPOLYLINE
  5
2062C
100
AcDbEntity
  8
0
100
AcDbPolyline
 70
0
 90
2
 10
694750.134444374
 20
6235702.63252102
 10
694798.398321757
 20
6235637.39595538
  0
LWPOLYLINE
  5
2062D
100
AcDbEntity
  8
0
100
AcDbPolyline
 70
0
 90
2
 10
694002.259372008
 20
6235642.66128268
 10
694011.509781438
 20
6235632.59258547
  0
LWPOLYLINE
  5
2062E
100
AcDbEntity
  8
0
100
AcDbPolyline
 70
0
 90
2
 10
693980.538214931
 20
6235661.38165534
 10
694002.259372004
 20
6235642.66128268
  0
LWPOLYLINE
  5
2062F
100
AcDbEntity
  8
0
100
AcDbPolyline
 70
0
 90
2
 10
693931.381446629
 20
6235707.34672341
 10
693980.538214931
 20
6235661.38165534
  0
LWPOLYLINE
  5
20630
100
AcDbEntity
  8
0
100
AcDbPolyline
 70
0
 90
2
 10
693889.410658586
 20
6235748.92361386
 10
693931.381446629
 20
6235707.34672341
  0
LWPOLYLINE
  5
20631
100
AcDbEntity
  8
0
100
AcDbPolyline
 70
0
 90
2
 10
693869.657102857
 20
6235767.41060421
 10
693889.410658586
 20
6235748.92361386
  0
LWPOLYLINE
  5
20632
100
AcDbEntity
  8
0
100
AcDbPolyline
 70
0
 90
2
 10
693841.674816057
 20
6235792.35694087
 10
693869.657102857
 20
6235767.41060421
  0
LWPOLYLINE
  5
20633
100
AcDbEntity
  8
0
100
AcDbPolyline
 70
0
 90
2
 10
694200.613083164
 20
6235908.25785265
 10
694249.987813019
 20
6235860.66715229
  0
LWPOLYLINE
  5
20634
100
AcDbEntity
  8
0
100
AcDbPolyline
 70
0
 90
2
 10
694200.613083164
 20
6235908.25785265
 10
694225.042109133
 20
6235934.9624882
  0
LWPOLYLINE
  5
20635
100
AcDbEntity
  8
0
100
AcDbPolyline
 70
0
 90
2
 10
694225.042109133
 20
6235934.9624882
 10
694237.422409446
 20
6235948.48961312
  0
LWPOLYLINE
  5
20636
100
AcDbEntity
  8
0
100
AcDbPolyline
 70
0
 90
2
 10
694237.422409446
 20
6235948.48961312
 10
694255.79192316
 20
6235969.71313959
  0
LWPOLYLINE
  5
20637
100
AcDbEntity
  8
0
100
AcDbPolyline
 70
0
 90
2
 10
694255.742654923
 20
6235978.02642827
 10
694255.79192316
 20
6235969.71313959
  0
LWPOLYLINE
  5
20638
100
AcDbEntity
  8
0
100
AcDbPolyline
 70
0
 90
2
 10
692710.589281302
 20
6237535.23944516
 10
692750.41553364
 20
6237481.70699751
  0
LWPOLYLINE
  5
20639
100
AcDbEntity
  8
0
100
AcDbPolyline
 70
0
 90
2
 10
692710.589281302
 20
6237535.23944516
 10
692724.988333379
 20
6237569.73101515
  0
LWPOLYLINE
  5
2063A
100
AcDbEntity
  8
0
100
AcDbPolyline
 70
0
 90
2
 10
692724.988333379
 20
6237569.73101515
 10
692898.351847968
 20
6237693.39141508
  0
LWPOLYLINE
  5
2063B
100
AcDbEntity
  8
0
100
AcDbPolyline
 70
0
 90
2
 10
692625.786052672
 20
6238595.41894659
 10
692626.661006741
 20
6238634.70568369
  0
LWPOLYLINE
  5
2063C
100
AcDbEntity
  8
0
100
AcDbPolyline
 70
0
 90
2
 10
692625.786052672
 20
6238595.41894659
 10
692669.044289448
 20
6238601.408234
  0
LWPOLYLINE
  5
2063D
100
AcDbEntity
  8
0
100
AcDbPolyline
 70
0
 90
2
 10
692669.044289448
 20
6238601.408234
 10
692693.928680761
 20
6238601.22844466
  0
LWPOLYLINE
  5
2063E
100
AcDbEntity
  8
0
100
AcDbPolyline
 70
0
 90
2
 10
692693.928680761
 20
6238601.22844466
 10
692729.54868832
 20
6238594.99091026
  0
LWPOLYLINE
  5
2063F
100
AcDbEntity
  8
0
100
AcDbPolyline
 70
0
 90
2
 10
692729.54868832
 20
6238594.99091026
 10
692776.13646122
 20
6238580.72227957
  0
LWPOLYLINE
  5
20640
100
AcDbEntity
  8
0
100
AcDbPolyline
 70
0
 90
2
 10
692776.13646122
 20
6238580.72227957
 10
692793.20072083
 20
6238550.24968603
  0
LWPOLYLINE
  5
20641
100
AcDbEntity
  8
0
100
AcDbPolyline
 70
0
 90
2
 10
692793.20072083
 20
6238550.24968603
 10
692812.301122121
 20
6238527.86134682
  0
LWPOLYLINE
  5
20642
100
AcDbEntity
  8
0
100
AcDbPolyline
 70
0
 90
2
 10
692812.301122121
 20
6238527.86134682
 10
692815.511704973
 20
6238501.86763758
  0
LWPOLYLINE
  5
20643
100
AcDbEntity
  8
0
100
AcDbPolyline
 70
0
 90
2
 10
692815.511704972
 20
6238501.86763758
 10
692830.441613263
 20
6238483.20327232
  0
LWPOLYLINE
  5
20644
100
AcDbEntity
  8
0
100
AcDbPolyline
 70
0
 90
2
 10
692830.441613261
 20
6238483.20327232
 10
692839.474715721
 20
6238478.85211184
  0
LWPOLYLINE
  5
20645
100
AcDbEntity
  8
0
100
AcDbPolyline
 70
0
 90
2
 10
692839.474715721
 20
6238478.85211184
 10
692846.639945075
 20
6238485.20645488
  0
LWPOLYLINE
  5
20646
100
AcDbEntity
  8
0
100
AcDbPolyline
 70
0
 90
2
 10
692846.639945075
 20
6238485.20645488
 10
692855.041650189
 20
6238489.87785099
  0
LWPOLYLINE
  5
20647
100
AcDbEntity
  8
0
100
AcDbPolyline
 70
0
 90
2
 10
692855.041650189
 20
6238489.87785099
 10
692872.833589358
 20
6238477.36223886
  0
LWPOLYLINE
  5
20648
100
AcDbEntity
  8
0
100
AcDbPolyline
 70
0
 90
2
 10
692872.833589358
 20
6238477.36223886
 10
692904.327712843
 20
6238447.40889357
  0
LWPOLYLINE
  5
20649
100
AcDbEntity
  8
0
100
AcDbPolyline
 70
0
 90
2
 10
692904.32771284
 20
6238447.40889357
 10
692928.856895513
 20
6238419.3031141
  0
LWPOLYLINE
  5
2064A
100
AcDbEntity
  8
0
100
AcDbPolyline
 70
0
 90
2
 10
694894.788006525
 20
6238395.23944368
 10
694980.667406576
 20
6238375.19885315
  0
LWPOLYLINE
  5
2064B
100
AcDbEntity
  8
0
100
AcDbPolyline
 70
0
 90
2
 10
694980.667406576
 20
6238375.19885315
 10
695065.115612903
 20
6238354.31418141
  0
LWPOLYLINE
  5
2064C
100
AcDbEntity
  8
0
100
AcDbPolyline
 70
0
 90
2
 10
694014.491187214
 20
6238160.4891367
 10
694031.226259951
 20
6238136.80541729
  0
LWPOLYLINE
  5
2064D
100
AcDbEntity
  8
0
100
AcDbPolyline
 70
0
 90
2
 10
694010.931932561
 20
6238194.25819814
 10
694014.491187214
 20
6238160.4891367
  0
LWPOLYLINE
  5
2064E
100
AcDbEntity
  8
0
100
AcDbPolyline
 70
0
 90
2
 10
693965.483194686
 20
6238344.01085503
 10
694010.931932561
 20
6238194.25819814
  0
LWPOLYLINE
  5
2064F
100
AcDbEntity
  8
0
100
AcDbPolyline
 70
0
 90
2
 10
693941.888620331
 20
6238394.51420241
 10
693965.483194686
 20
6238344.01085503
  0
LWPOLYLINE
  5
20650
100
AcDbEntity
  8
0
100
AcDbPolyline
 70
0
 90
2
 10
693908.961914196
 20
6238419.75819333
 10
693941.888620331
 20
6238394.51420241
  0
LWPOLYLINE
  5
20651
100
AcDbEntity
  8
0
100
AcDbPolyline
 70
0
 90
2
 10
693870.360725682
 20
6238448.89106543
 10
693908.961914196
 20
6238419.75819333
  0
LWPOLYLINE
  5
20652
100
AcDbEntity
  8
0
100
AcDbPolyline
 70
0
 90
2
 10
693861.359844704
 20
6238484.72019846
 10
693870.360725682
 20
6238448.89106543
  0
LWPOLYLINE
  5
20653
100
AcDbEntity
  8
0
100
AcDbPolyline
 70
0
 90
2
 10
693820.419385345
 20
6238474.95622486
 10
693861.359844704
 20
6238484.72019846
  0
LWPOLYLINE
  5
20654
100
AcDbEntity
  8
0
100
AcDbPolyline
 70
0
 90
2
 10
693819.948308169
 20
6238490.91934107
 10
693820.269779944
 20
6238480.02581543
  0
LWPOLYLINE
  5
20655
100
AcDbEntity
  8
0
100
AcDbPolyline
 70
0
 90
2
 10
693820.269779944
 20
6238480.02581543
 10
693820.419385345
 20
6238474.95622486
  0
LWPOLYLINE
  5
20656
100
AcDbEntity
  8
0
100
AcDbPolyline
 70
0
 90
2
 10
695074.094045846
 20
6238384.46510507
 10
695091.703543478
 20
6238463.74568387
  0
LWPOLYLINE
  5
20657
100
AcDbEntity
  8
0
100
AcDbPolyline
 70
0
 90
2
 10
695117.130265308
 20
6238374.45078099
 10
695192.540017327
 20
6238484.48954488
  0
LWPOLYLINE
  5
20658
100
AcDbEntity
  8
0
100
AcDbPolyline
 70
0
 90
2
 10
695192.540017327
 20
6238484.48954488
 10
695248.359456774
 20
6238467.42596196
  0
LWPOLYLINE
  5
20659
100
AcDbEntity
  8
0
100
AcDbPolyline
 70
0
 90
2
 10
695248.359456774
 20
6238467.42596196
 10
695345.098295327
 20
6238397.29330394
  0
LWPOLYLINE
  5
2065A
100
AcDbEntity
  8
0
100
AcDbPolyline
 70
0
 90
2
 10
694446.998659502
 20
6233307.29478699
 10
694561.684000862
 20
6233282.49792889
  0
LWPOLYLINE
  5
2065B
100
AcDbEntity
  8
0
100
AcDbPolyline
 70
0
 90
2
 10
694428.368516598
 20
6233311.32916055
 10
694446.998659502
 20
6233307.29478699
  0
LWPOLYLINE
  5
2065C
100
AcDbEntity
  8
0
100
AcDbPolyline
 70
0
 90
2
 10
694247.135501101
 20
6233350.52548263
 10
694428.368516598
 20
6233311.32916055
  0
LWPOLYLINE
  5
2065D
100
AcDbEntity
  8
0
100
AcDbPolyline
 70
0
 90
2
 10
694228.719625253
 20
6233354.50356146
 10
694247.135501101
 20
6233350.52548263
  0
LWPOLYLINE
  5
2065E
100
AcDbEntity
  8
0
100
AcDbPolyline
 70
0
 90
2
 10
694209.879892992
 20
6233358.23951341
 10
694228.719625253
 20
6233354.50356146
  0
LWPOLYLINE
  5
2065F
100
AcDbEntity
  8
0
100
AcDbPolyline
 70
0
 90
2
 10
693974.60437046
 20
6233404.86658761
 10
694209.879892992
 20
6233358.23951341
  0
LWPOLYLINE
  5
20660
100
AcDbEntity
  8
0
100
AcDbPolyline
 70
0
 90
2
 10
693931.541059691
 20
6233413.4004996
 10
693974.60437046
 20
6233404.86658761
  0
LWPOLYLINE
  5
20661
100
AcDbEntity
  8
0
100
AcDbPolyline
 70
0
 90
2
 10
693847.614934676
 20
6233423.74766714
 10
693931.541059691
 20
6233413.4004996
  0
LWPOLYLINE
  5
20662
100
AcDbEntity
  8
0
100
AcDbPolyline
 70
0
 90
2
 10
693719.136667884
 20
6233449.05228579
 10
693847.614934676
 20
6233423.74766714
  0
LWPOLYLINE
  5
20663
100
AcDbEntity
  8
0
100
AcDbPolyline
 70
0
 90
2
 10
693485.41145311
 20
6233498.22809982
 10
693719.136667884
 20
6233449.05228579
  0
LWPOLYLINE
  5
20664
100
AcDbEntity
  8
0
100
AcDbPolyline
 70
0
 90
2
 10
697998.525092429
 20
6233991.00853531
 10
698034.922446795
 20
6234014.64525252
  0
LWPOLYLINE
  5
20665
100
AcDbEntity
  8
0
100
AcDbPolyline
 70
0
 90
2
 10
697977.178950582
 20
6233980.54373871
 10
697998.525092429
 20
6233991.00853531
  0
LWPOLYLINE
  5
20666
100
AcDbEntity
  8
0
100
AcDbPolyline
 70
0
 90
2
 10
697967.965850528
 20
6233981.61045759
 10
697977.178950582
 20
6233980.54373871
  0
LWPOLYLINE
  5
20667
100
AcDbEntity
  8
0
100
AcDbPolyline
 70
0
 90
2
 10
697877.667855087
 20
6234081.85498216
 10
697967.965850529
 20
6233981.61045759
  0
LWPOLYLINE
  5
20668
100
AcDbEntity
  8
0
100
AcDbPolyline
 70
0
 90
2
 10
697871.393447676
 20
6234087.88486902
 10
697877.667855084
 20
6234081.85498216
  0
LWPOLYLINE
  5
20669
100
AcDbEntity
  8
0
100
AcDbPolyline
 70
0
 90
2
 10
697863.765713473
 20
6234108.64466924
 10
697871.393447676
 20
6234087.88486902
  0
LWPOLYLINE
  5
2066A
100
AcDbEntity
  8
0
100
AcDbPolyline
 70
0
 90
2
 10
697863.765713472
 20
6234108.64466924
 10
697865.402242509
 20
6234112.87846648
  0
LWPOLYLINE
  5
2066B
100
AcDbEntity
  8
0
100
AcDbPolyline
 70
0
 90
2
 10
697865.402242509
 20
6234112.87846648
 10
697872.790693386
 20
6234118.87249723
  0
LWPOLYLINE
  5
2066C
100
AcDbEntity
  8
0
100
AcDbPolyline
 70
0
 90
2
 10
697872.790693386
 20
6234118.87249723
 10
697879.488091482
 20
6234121.67980928
  0
LWPOLYLINE
  5
2066D
100
AcDbEntity
  8
0
100
AcDbPolyline
 70
0
 90
2
 10
697879.488091482
 20
6234121.67980928
 10
697894.452773813
 20
6234122.37316842
  0
LWPOLYLINE
  5
2066E
100
AcDbEntity
  8
0
100
AcDbPolyline
 70
0
 90
2
 10
697894.452773813
 20
6234122.37316842
 10
697936.411884519
 20
6234127.99618837
  0
LWPOLYLINE
  5
2066F
100
AcDbEntity
  8
0
100
AcDbPolyline
 70
0
 90
2
 10
697936.411884519
 20
6234127.99618837
 10
698070.380073196
 20
6234177.09120524
  0
LWPOLYLINE
  5
20670
100
AcDbEntity
  8
0
100
AcDbPolyline
 70
0
 90
2
 10
698070.380073196
 20
6234177.09120524
 10
698117.915761503
 20
6234186.09596717
  0
LWPOLYLINE
  5
20671
100
AcDbEntity
  8
0
100
AcDbPolyline
 70
0
 90
2
 10
698117.915761503
 20
6234186.09596717
 10
698216.126201014
 20
6234196.15974047
  0
LWPOLYLINE
  5
20672
100
AcDbEntity
  8
0
100
AcDbPolyline
 70
0
 90
2
 10
698216.126201014
 20
6234196.15974047
 10
698243.764532006
 20
6234219.1912725
  0
LWPOLYLINE
  5
20673
100
AcDbEntity
  8
0
100
AcDbPolyline
 70
0
 90
2
 10
698243.764532007
 20
6234219.1912725
 10
698291.797070479
 20
6234287.19124828
  0
LWPOLYLINE
  5
20674
100
AcDbEntity
  8
0
100
AcDbPolyline
 70
0
 90
2
 10
698291.797070479
 20
6234287.19124828
 10
698573.693077615
 20
6234686.87445279
  0
LWPOLYLINE
  5
20675
100
AcDbEntity
  8
0
100
AcDbPolyline
 70
0
 90
2
 10
698573.693077616
 20
6234686.87445279
 10
698681.11026142
 20
6234788.65409678
  0
LWPOLYLINE
  5
20676
100
AcDbEntity
  8
0
100
AcDbPolyline
 70
0
 90
2
 10
698681.110261418
 20
6234788.65409678
 10
698797.909352411
 20
6234947.23577818
  0
LWPOLYLINE
  5
20677
100
AcDbEntity
  8
0
100
AcDbPolyline
 70
0
 90
2
 10
698797.909352411
 20
6234947.23577818
 10
698806.348287498
 20
6234968.49697838
  0
LWPOLYLINE
  5
20678
100
AcDbEntity
  8
0
100
AcDbPolyline
 70
0
 90
2
 10
698806.348287498
 20
6234968.49697838
 10
698816.514347216
 20
6234985.34614537
  0
LWPOLYLINE
  5
20679
100
AcDbEntity
  8
0
100
AcDbPolyline
 70
0
 90
2
 10
697560.152663317
 20
6236755.77060627
 10
697566.165663349
 20
6236769.38130705
  0
LWPOLYLINE
  5
2067A
100
AcDbEntity
  8
0
100
AcDbPolyline
 70
0
 90
2
 10
697566.165663349
 20
6236769.38130705
 10
697599.512642931
 20
6236839.61579462
  0
LWPOLYLINE
  5
2067B
100
AcDbEntity
  8
0
100
AcDbPolyline
 70
0
 90
2
 10
697599.512642931
 20
6236839.61579462
 10
697635.830782454
 20
6236907.46892378
  0
LWPOLYLINE
  5
2067C
100
AcDbEntity
  8
0
100
AcDbPolyline
 70
0
 90
2
 10
697635.830782454
 20
6236907.46892378
 10
697676.512270769
 20
6236997.56307998
  0
LWPOLYLINE
  5
2067D
100
AcDbEntity
  8
0
100
AcDbPolyline
 70
0
 90
2
 10
697676.512270769
 20
6236997.56307998
 10
697716.238676741
 20
6237084.51450589
  0
LWPOLYLINE
  5
2067E
100
AcDbEntity
  8
0
100
AcDbPolyline
 70
0
 90
2
 10
695784.711056376
 20
6233275.94915976
 10
696003.575461071
 20
6233064.80499406
  0
LWPOLYLINE
  5
2067F
100
AcDbEntity
  8
0
100
AcDbPolyline
 70
0
 90
2
 10
696003.575461071
 20
6233064.80499406
 10
696086.692501791
 20
6232982.41860099
  0
LWPOLYLINE
  5
20680
100
AcDbEntity
  8
0
100
AcDbPolyline
 70
0
 90
2
 10
696086.692501791
 20
6232982.41860099
 10
696126.708989748
 20
6232947.77093832
  0
LWPOLYLINE
  5
20681
100
AcDbEntity
  8
0
100
AcDbPolyline
 70
0
 90
2
 10
696126.708989748
 20
6232947.77093832
 10
696176.954937751
 20
6232932.86657501
  0
LWPOLYLINE
  5
20682
100
AcDbEntity
  8
0
100
AcDbPolyline
 70
0
 90
2
 10
696176.954937751
 20
6232932.86657501
 10
696225.746085537
 20
6232927.59393225
  0
LWPOLYLINE
  5
20683
100
AcDbEntity
  8
0
100
AcDbPolyline
 70
0
 90
2
 10
696225.746085537
 20
6232927.59393225
 10
696248.424228406
 20
6232936.03717246
  0
LWPOLYLINE
  5
20684
100
AcDbEntity
  8
0
100
AcDbPolyline
 70
0
 90
2
 10
696043.296972906
 20
6231914.51325547
 10
696090.819531288
 20
6232012.72502191
  0
LWPOLYLINE
  5
20685
100
AcDbEntity
  8
0
100
AcDbPolyline
 70
0
 90
2
 10
696090.819531288
 20
6232012.72502191
 10
696123.18031021
 20
6232076.5553055
  0
LWPOLYLINE
  5
20686
100
AcDbEntity
  8
0
100
AcDbPolyline
 70
0
 90
2
 10
696123.18031021
 20
6232076.5553055
 10
696165.412623703
 20
6232161.30499331
  0
LWPOLYLINE
  5
20687
100
AcDbEntity
  8
0
100
AcDbPolyline
 70
0
 90
2
 10
696165.412623703
 20
6232161.30499331
 10
696187.683875412
 20
6232216.61349928
  0
LWPOLYLINE
  5
20688
100
AcDbEntity
  8
0
100
AcDbPolyline
 70
0
 90
2
 10
696886.356816208
 20
6232416.55363713
 10
696909.347240151
 20
6232168.04959423
  0
LWPOLYLINE
  5
20689
100
AcDbEntity
  8
0
100
AcDbPolyline
 70
0
 90
2
 10
697753.064868161
 20
6231489.79844725
 10
697785.694739394
 20
6231429.18401101
  0
LWPOLYLINE
  5
2068A
100
AcDbEntity
  8
0
100
AcDbPolyline
 70
0
 90
2
 10
697711.000038642
 20
6231548.92883906
 10
697753.064868161
 20
6231489.79844725
  0
LWPOLYLINE
  5
2068B
100
AcDbEntity
  8
0
100
AcDbPolyline
 70
0
 90
2
 10
697678.35986106
 20
6231573.91645548
 10
697711.000038643
 20
6231548.92883906
  0
LWPOLYLINE
  5
2068C
100
AcDbEntity
  8
0
100
AcDbPolyline
 70
0
 90
2
 10
697650.153565637
 20
6231606.132109
 10
697678.35986106
 20
6231573.91645548
  0
LWPOLYLINE
  5
2068D
100
AcDbEntity
  8
0
100
AcDbPolyline
 70
0
 90
2
 10
697607.808368179
 20
6231677.96945909
 10
697650.153565637
 20
6231606.132109
  0
LWPOLYLINE
  5
2068E
100
AcDbEntity
  8
0
100
AcDbPolyline
 70
0
 90
2
 10
697549.111501843
 20
6231757.59021421
 10
697607.808368178
 20
6231677.96945909
  0
LWPOLYLINE
  5
2068F
100
AcDbEntity
  8
0
100
AcDbPolyline
 70
0
 90
2
 10
697459.002969518
 20
6231860.88635787
 10
697549.111501843
 20
6231757.59021421
  0
LWPOLYLINE
  5
20690
100
AcDbEntity
  8
0
100
AcDbPolyline
 70
0
 90
2
 10
697355.889004934
 20
6231981.83164899
 10
697459.002969518
 20
6231860.88635787
  0
LWPOLYLINE
  5
20691
100
AcDbEntity
  8
0
100
AcDbPolyline
 70
0
 90
2
 10
697237.849648345
 20
6232118.3094766
 10
697355.889004934
 20
6231981.83164899
  0
LWPOLYLINE
  5
20692
100
AcDbEntity
  8
0
100
AcDbPolyline
 70
0
 90
2
 10
697165.654891351
 20
6232207.19937139
 10
697237.849648345
 20
6232118.3094766
  0
LWPOLYLINE
  5
20693
100
AcDbEntity
  8
0
100
AcDbPolyline
 70
0
 90
2
 10
697135.841491964
 20
6232226.19004253
 10
697165.654891351
 20
6232207.19937139
  0
LWPOLYLINE
  5
20694
100
AcDbEntity
  8
0
100
AcDbPolyline
 70
0
 90
2
 10
697024.319508925
 20
6232311.23933971
 10
697135.841491964
 20
6232226.19004253
  0
LWPOLYLINE
  5
20695
100
AcDbEntity
  8
0
100
AcDbPolyline
 70
0
 90
2
 10
697005.606862453
 20
6232326.19456597
 10
697024.319508925
 20
6232311.23933971
  0
LWPOLYLINE
  5
20696
100
AcDbEntity
  8
0
100
AcDbPolyline
 70
0
 90
2
 10
697005.606865575
 20
6232326.19456347
 10
697058.255653712
 20
6232386.38681965
  0
LWPOLYLINE
  5
20697
100
AcDbEntity
  8
0
100
AcDbPolyline
 70
0
 90
2
 10
696800.181208694
 20
6232655.58154916
 10
697058.255653712
 20
6232386.38681965
  0
LWPOLYLINE
  5
20698
100
AcDbEntity
  8
0
100
AcDbPolyline
 70
0
 90
2
 10
697814.428818488
 20
6232269.88578573
 10
697818.08749424
 20
6232244.01493086
  0
LWPOLYLINE
  5
20699
100
AcDbEntity
  8
0
100
AcDbPolyline
 70
0
 90
2
 10
697809.522068616
 20
6232283.91612699
 10
697814.428818488
 20
6232269.88578573
  0
LWPOLYLINE
  5
2069A
100
AcDbEntity
  8
0
100
AcDbPolyline
 70
0
 90
2
 10
697793.535529396
 20
6232292.53997254
 10
697809.522068616
 20
6232283.91612699
  0
LWPOLYLINE
  5
2069B
100
AcDbEntity
  8
0
100
AcDbPolyline
 70
0
 90
2
 10
697769.982039729
 20
6232290.49125279
 10
697793.535529396
 20
6232292.53997254
  0
LWPOLYLINE
  5
2069C
100
AcDbEntity
  8
0
100
AcDbPolyline
 70
0
 90
2
 10
697738.918097551
 20
6232293.06686303
 10
697769.982039729
 20
6232290.49125279
  0
LWPOLYLINE
  5
2069D
100
AcDbEntity
  8
0
100
AcDbPolyline
 70
0
 90
2
 10
697714.795781987
 20
6232294.58156915
 10
697738.918097551
 20
6232293.06686303
  0
LWPOLYLINE
  5
2069E
100
AcDbEntity
  8
0
100
AcDbPolyline
 70
0
 90
2
 10
697683.830861067
 20
6232298.24344589
 10
697714.795781987
 20
6232294.58156915
  0
LWPOLYLINE
  5
2069F
100
AcDbEntity
  8
0
100
AcDbPolyline
 70
0
 90
2
 10
697672.057449492
 20
6232298.28966883
 10
697683.830861067
 20
6232298.24344589
  0
LWPOLYLINE
  5
206A0
100
AcDbEntity
  8
0
100
AcDbPolyline
 70
0
 90
2
 10
697661.110419181
 20
6232298.34070342
 10
697672.057449492
 20
6232298.28966883
  0
LWPOLYLINE
  5
206A1
100
AcDbEntity
  8
0
100
AcDbPolyline
 70
0
 90
2
 10
697617.424954824
 20
6232299.95442969
 10
697661.110419181
 20
6232298.34070342
  0
LWPOLYLINE
  5
206A2
100
AcDbEntity
  8
0
100
AcDbPolyline
 70
0
 90
2
 10
697582.159757742
 20
6232305.49158288
 10
697617.424954824
 20
6232299.95442969
  0
LWPOLYLINE
  5
206A3
100
AcDbEntity
  8
0
100
AcDbPolyline
 70
0
 90
2
 10
697541.944454
 20
6232312.17132194
 10
697582.159757742
 20
6232305.49158288
  0
LWPOLYLINE
  5
206A4
100
AcDbEntity
  8
0
100
AcDbPolyline
 70
0
 90
2
 10
697485.534882701
 20
6232321.6367398
 10
697541.944454
 20
6232312.17132194
  0
LWPOLYLINE
  5
206A5
100
AcDbEntity
  8
0
100
AcDbPolyline
 70
0
 90
2
 10
697443.650072471
 20
6232330.02379686
 10
697485.534882701
 20
6232321.6367398
  0
LWPOLYLINE
  5
206A6
100
AcDbEntity
  8
0
100
AcDbPolyline
 70
0
 90
2
 10
697403.160056823
 20
6232339.43434603
 10
697443.650072471
 20
6232330.02379686
  0
LWPOLYLINE
  5
206A7
100
AcDbEntity
  8
0
100
AcDbPolyline
 70
0
 90
2
 10
697370.676618724
 20
6232354.86670511
 10
697403.160056823
 20
6232339.43434603
  0
LWPOLYLINE
  5
206A8
100
AcDbEntity
  8
0
100
AcDbPolyline
 70
0
 90
2
 10
697337.352072567
 20
6232381.25166116
 10
697370.676618724
 20
6232354.86670511
  0
LWPOLYLINE
  5
206A9
100
AcDbEntity
  8
0
100
AcDbPolyline
 70
0
 90
2
 10
697265.771411025
 20
6232456.46814292
 10
697337.352072565
 20
6232381.25166116
  0
LWPOLYLINE
  5
206AA
100
AcDbEntity
  8
0
100
AcDbPolyline
 70
0
 90
2
 10
697068.528915088
 20
6232667.89323785
 10
697265.771411025
 20
6232456.46814292
  0
LWPOLYLINE
  5
206AB
100
AcDbEntity
  8
0
100
AcDbPolyline
 70
0
 90
2
 10
695655.976673285
 20
6233584.45268586
 10
695881.547724606
 20
6233373.19833799
  0
LWPOLYLINE
  5
206AC
100
AcDbEntity
  8
0
100
AcDbPolyline
 70
0
 90
2
 10
695873.414503421
 20
6233365.61328594
 10
696096.304831317
 20
6233165.32615263
  0
LWPOLYLINE
  5
206AD
100
AcDbEntity
  8
0
100
AcDbPolyline
 70
0
 90
2
 10
696096.304831317
 20
6233165.32615263
 10
696114.60440281
 20
6233150.01401439
  0
LWPOLYLINE
  5
206AE
100
AcDbEntity
  8
0
100
AcDbPolyline
 70
0
 90
2
 10
696114.604402812
 20
6233150.01401439
 10
696138.541491662
 20
6233124.64970473
  0
LWPOLYLINE
  5
206AF
100
AcDbEntity
  8
0
100
AcDbPolyline
 70
0
 90
2
 10
696138.541491662
 20
6233124.64970473
 10
696174.4763906
 20
6233061.14486296
  0
LWPOLYLINE
  5
206B0
100
AcDbEntity
  8
0
100
AcDbPolyline
 70
0
 90
2
 10
696174.4763906
 20
6233061.14486296
 10
696185.25351284
 20
6233042.14346412
  0
LWPOLYLINE
  5
206B1
100
AcDbEntity
  8
0
100
AcDbPolyline
 70
0
 90
2
 10
696185.25351284
 20
6233042.14346412
 10
696188.478356728
 20
6233036.46161932
  0
LWPOLYLINE
  5
206B2
100
AcDbEntity
  8
0
100
AcDbPolyline
 70
0
 90
2
 10
696188.478356729
 20
6233036.46161932
 10
696202.007601111
 20
6233012.60388259
  0
LWPOLYLINE
  5
206B3
100
AcDbEntity
  8
0
100
AcDbPolyline
 70
0
 90
2
 10
696202.007601111
 20
6233012.60388259
 10
696248.424228403
 20
6232936.03717246
  0
LWPOLYLINE
  5
206B4
100
AcDbEntity
  8
0
100
AcDbPolyline
 70
0
 90
2
 10
696248.424228404
 20
6232936.03717246
 10
696273.952953661
 20
6232908.2608034
  0
LWPOLYLINE
  5
206B5
100
AcDbEntity
  8
0
100
AcDbPolyline
 70
0
 90
2
 10
696273.952953661
 20
6232908.2608034
 10
696297.951785605
 20
6232882.14207651
  0
LWPOLYLINE
  5
206B6
100
AcDbEntity
  8
0
100
AcDbPolyline
 70
0
 90
2
 10
696297.951785605
 20
6232882.14207651
 10
696329.011675594
 20
6232853.28245503
  0
LWPOLYLINE
  5
206B7
100
AcDbEntity
  8
0
100
AcDbPolyline
 70
0
 90
2
 10
696329.011675594
 20
6232853.28245503
 10
696346.995004844
 20
6232835.83869415
  0
LWPOLYLINE
  5
206B8
100
AcDbEntity
  8
0
100
AcDbPolyline
 70
0
 90
2
 10
696346.995004844
 20
6232835.83869415
 10
696355.334308399
 20
6232823.93780139
  0
LWPOLYLINE
  5
206B9
100
AcDbEntity
  8
0
100
AcDbPolyline
 70
0
 90
2
 10
696355.334308399
 20
6232823.93780139
 10
696360.061174595
 20
6232815.19274837
  0
LWPOLYLINE
  5
206BA
100
AcDbEntity
  8
0
100
AcDbPolyline
 70
0
 90
2
 10
696360.061174595
 20
6232815.19274837
 10
696360.334438663
 20
6232807.75903729
  0
LWPOLYLINE
  5
206BB
100
AcDbEntity
  8
0
100
AcDbPolyline
 70
0
 90
2
 10
693805.23150748
 20
6237980.91969237
 10
693861.751666613
 20
6238014.91103911
  0
LWPOLYLINE
  5
206BC
100
AcDbEntity
  8
0
100
AcDbPolyline
 70
0
 90
2
 10
693765.55331779
 20
6237957.05751116
 10
693805.23150748
 20
6237980.91969237
  0
LWPOLYLINE
  5
206BD
100
AcDbEntity
  8
0
100
AcDbPolyline
 70
0
 90
2
 10
693733.355242847
 20
6238017.04716691
 10
693765.55331779
 20
6237957.05751116
  0
LWPOLYLINE
  5
206BE
100
AcDbEntity
  8
0
100
AcDbPolyline
 70
0
 90
2
 10
693757.374512689
 20
6237929.16455874
 10
693768.098605276
 20
6237909.49832524
  0
LWPOLYLINE
  5
206BF
100
AcDbEntity
  8
0
100
AcDbPolyline
 70
0
 90
2
 10
693736.276249068
 20
6237919.53401856
 10
693757.374512689
 20
6237929.16455874
  0
LWPOLYLINE
  5
206C0
100
AcDbEntity
  8
0
100
AcDbPolyline
 70
0
 90
2
 10
693726.407084087
 20
6237937.18814245
 10
693736.276249068
 20
6237919.53401856
  0
LWPOLYLINE
  5
206C1
100
AcDbEntity
  8
0
100
AcDbPolyline
 70
0
 90
2
 10
693687.602636508
 20
6238044.54167988
 10
693826.469500185
 20
6238111.33254215
  0
LWPOLYLINE
  5
206C2
100
AcDbEntity
  8
0
100
AcDbPolyline
 70
0
 90
2
 10
693684.594148283
 20
6238023.87270109
 10
693687.602636508
 20
6238044.54167988
  0
LWPOLYLINE
  5
206C3
100
AcDbEntity
  8
0
100
AcDbPolyline
 70
0
 90
2
 10
693684.594148283
 20
6238023.87270109
 10
693688.498873365
 20
6238018.10878343
  0
LWPOLYLINE
  5
206C4
100
AcDbEntity
  8
0
100
AcDbPolyline
 70
0
 90
2
 10
693688.498873366
 20
6238018.10878343
 10
693718.792363443
 20
6237961.23145738
  0
LWPOLYLINE
  5
206C5
100
AcDbEntity
  8
0
100
AcDbPolyline
 70
0
 90
2
 10
693748.25516267
 20
6237811.16290196
 10
694053.305487422
 20
6237963.19467379
  0
LWPOLYLINE
  5
206C6
100
AcDbEntity
  8
0
100
AcDbPolyline
 70
0
 90
2
 10
693652.340805592
 20
6237998.99998978
 10
693688.498873366
 20
6238018.10878343
  0
LWPOLYLINE
  5
206C7
100
AcDbEntity
  8
0
100
AcDbPolyline
 70
0
 90
2
 10
693805.23150748
 20
6237980.91969237
 10
693829.227937032
 20
6237940.96757894
  0
LWPOLYLINE
  5
206C8
100
AcDbEntity
  8
0
100
AcDbPolyline
 70
0
 90
2
 10
693795.871629753
 20
6237996.51235805
 10
693805.23150748
 20
6237980.91969237
  0
LWPOLYLINE
  5
206C9
100
AcDbEntity
  8
0
100
AcDbPolyline
 70
0
 90
2
 10
693757.374512687
 20
6237929.16455874
 10
693770.140917226
 20
6237947.46789008
  0
LWPOLYLINE
  5
206CA
100
AcDbEntity
  8
0
100
AcDbPolyline
 70
0
 90
2
 10
693765.55331779
 20
6237957.05751116
 10
693770.140917226
 20
6237947.46789008
  0
LWPOLYLINE
  5
206CB
100
AcDbEntity
  8
0
100
AcDbPolyline
 70
0
 90
2
 10
694082.371210023
 20
6237910.23200333
 10
694141.264807995
 20
6237939.92096141
  0
LWPOLYLINE
  5
206CC
100
AcDbEntity
  8
0
100
AcDbPolyline
 70
0
 90
2
 10
694090.187457126
 20
6237895.03781377
 10
694182.652738843
 20
6237943.09798844
  0
LWPOLYLINE
  5
206CD
100
AcDbEntity
  8
0
100
AcDbPolyline
 70
0
 90
2
 10
694176.573309514
 20
6237956.39809911
 10
694182.652738843
 20
6237943.09798844
  0
LWPOLYLINE
  5
206CE
100
AcDbEntity
  8
0
100
AcDbPolyline
 70
0
 90
2
 10
694176.573309514
 20
6237956.39809911
 10
694182.229863042
 20
6237959.47576712
  0
LWPOLYLINE
  5
206CF
100
AcDbEntity
  8
0
100
AcDbPolyline
 70
0
 90
2
 10
693593.150870438
 20
6238446.38601409
 10
693606.848155568
 20
6238439.23852114
  0
LWPOLYLINE
  5
206D0
100
AcDbEntity
  8
0
100
AcDbPolyline
 70
0
 90
2
 10
693606.848155568
 20
6238439.23852114
 10
693615.562746364
 20
6238434.8187468
  0
LWPOLYLINE
  5
206D1
100
AcDbEntity
  8
0
100
AcDbPolyline
 70
0
 90
2
 10
693615.562746364
 20
6238434.8187468
 10
693630.908736314
 20
6238427.03278468
  0
LWPOLYLINE
  5
206D2
100
AcDbEntity
  8
0
100
AcDbPolyline
 70
0
 90
2
 10
693630.908736314
 20
6238427.03278468
 10
693631.444527476
 20
6238446.53053099
  0
LWPOLYLINE
  5
206D3
100
AcDbEntity
  8
0
100
AcDbPolyline
 70
0
 90
2
 10
693631.444527476
 20
6238446.53053099
 10
693631.662994878
 20
6238454.56612982
  0
LWPOLYLINE
  5
206D4
100
AcDbEntity
  8
0
100
AcDbPolyline
 70
0
 90
2
 10
692998.282371154
 20
6238812.81205409
 10
693153.964766227
 20
6238824.67662628
  0
LWPOLYLINE
  5
206D5
100
AcDbEntity
  8
0
100
AcDbPolyline
 70
0
 90
2
 10
692997.82684193
 20
6238795.45835223
 10
693153.89273576
 20
6238809.69219225
  0
LWPOLYLINE
  5
206D6
100
AcDbEntity
  8
0
100
AcDbPolyline
 70
0
 90
2
 10
692855.81416024
 20
6238063.15248372
 10
692915.702741307
 20
6238090.14937906
  0
LWPOLYLINE
  5
206D7
100
AcDbEntity
  8
0
100
AcDbPolyline
 70
0
 90
2
 10
692915.702741307
 20
6238090.14937906
 10
692941.228526416
 20
6238126.07040853
  0
LWPOLYLINE
  5
206D8
100
AcDbEntity
  8
0
100
AcDbPolyline
 70
0
 90
2
 10
692941.228526416
 20
6238126.07040853
 10
692950.960252612
 20
6238139.21784038
  0
LWPOLYLINE
  5
206D9
100
AcDbEntity
  8
0
100
AcDbPolyline
 70
0
 90
2
 10
692943.660878783
 20
6238159.68728032
 10
692950.960252612
 20
6238139.21784038
  0
LWPOLYLINE
  5
206DA
100
AcDbEntity
  8
0
100
AcDbPolyline
 70
0
 90
2
 10
692937.173631156
 20
6238180.86226627
 10
692943.660878783
 20
6238159.68728032
  0
LWPOLYLINE
  5
206DB
100
AcDbEntity
  8
0
100
AcDbPolyline
 70
0
 90
2
 10
692937.173631156
 20
6238180.86226627
 10
692960.366328286
 20
6238202.22070679
  0
LWPOLYLINE
  5
206DC
100
AcDbEntity
  8
0
100
AcDbPolyline
 70
0
 90
2
 10
692960.366328286
 20
6238202.22070679
 10
692962.493031162
 20
6238218.85856526
  0
LWPOLYLINE
  5
206DD
100
AcDbEntity
  8
0
100
AcDbPolyline
 70
0
 90
2
 10
692957.075301906
 20
6238241.63129864
 10
692962.493031162
 20
6238218.85856526
  0
LWPOLYLINE
  5
206DE
100
AcDbEntity
  8
0
100
AcDbPolyline
 70
0
 90
2
 10
692957.075301906
 20
6238241.63129864
 10
692978.72895842
 20
6238244.74003409
  0
LWPOLYLINE
  5
206DF
100
AcDbEntity
  8
0
100
AcDbPolyline
 70
0
 90
2
 10
692978.72895842
 20
6238244.74003409
 10
693017.591165032
 20
6238263.47501401
  0
LWPOLYLINE
  5
206E0
100
AcDbEntity
  8
0
100
AcDbPolyline
 70
0
 90
2
 10
693017.591165032
 20
6238263.47501401
 10
693020.257843823
 20
6238281.88738488
  0
LWPOLYLINE
  5
206E1
100
AcDbEntity
  8
0
100
AcDbPolyline
 70
0
 90
2
 10
692803.682492396
 20
6238252.09406338
 10
692815.720354377
 20
6238268.5891072
  0
LWPOLYLINE
  5
206E2
100
AcDbEntity
  8
0
100
AcDbPolyline
 70
0
 90
2
 10
692800.367352757
 20
6238247.73077119
 10
692803.682492395
 20
6238252.09406338
  0
LWPOLYLINE
  5
206E3
100
AcDbEntity
  8
0
100
AcDbPolyline
 70
0
 90
2
 10
692774.51089728
 20
6238225.57288572
 10
692800.367352757
 20
6238247.73077119
  0
LWPOLYLINE
  5
206E4
100
AcDbEntity
  8
0
100
AcDbPolyline
 70
0
 90
2
 10
692757.001096438
 20
6238187.61864598
 10
692774.510897281
 20
6238225.57288572
  0
LWPOLYLINE
  5
206E5
100
AcDbEntity
  8
0
100
AcDbPolyline
 70
0
 90
2
 10
692732.661404497
 20
6238146.71411416
 10
692757.001096438
 20
6238187.61864598
  0
LWPOLYLINE
  5
206E6
100
AcDbEntity
  8
0
100
AcDbPolyline
 70
0
 90
2
 10
692732.661404497
 20
6238146.71411416
 10
692735.24448922
 20
6238106.99283147
  0
LWPOLYLINE
  5
206E7
100
AcDbEntity
  8
0
100
AcDbPolyline
 70
0
 90
2
 10
692735.24448922
 20
6238106.99283147
 10
692766.988808893
 20
6238082.24401595
  0
LWPOLYLINE
  5
206E8
100
AcDbEntity
  8
0
100
AcDbPolyline
 70
0
 90
2
 10
692766.988808892
 20
6238082.24401595
 10
692784.859203611
 20
6238057.86034667
  0
LWPOLYLINE
  5
206E9
100
AcDbEntity
  8
0
100
AcDbPolyline
 70
0
 90
2
 10
692784.859203611
 20
6238057.86034667
 10
692836.069088502
 20
6238083.69470846
  0
LWPOLYLINE
  5
206EA
100
AcDbEntity
  8
0
100
AcDbPolyline
 70
0
 90
2
 10
692836.069088502
 20
6238083.69470846
 10
692847.473401737
 20
6238080.72143694
  0
LWPOLYLINE
  5
206EB
100
AcDbEntity
  8
0
100
AcDbPolyline
 70
0
 90
2
 10
692847.473401737
 20
6238080.72143694
 10
692855.814160239
 20
6238063.15248372
  0
LWPOLYLINE
  5
206EC
100
AcDbEntity
  8
0
100
AcDbPolyline
 70
0
 90
2
 10
692855.814160239
 20
6238063.15248372
 10
692878.641056277
 20
6238031.27980945
  0
LWPOLYLINE
  5
206ED
100
AcDbEntity
  8
0
100
AcDbPolyline
 70
0
 90
2
 10
692878.641056277
 20
6238031.27980945
 10
692899.088573272
 20
6237990.54951434
  0
LWPOLYLINE
  5
206EE
100
AcDbEntity
  8
0
100
AcDbPolyline
 70
0
 90
2
 10
692899.088573272
 20
6237990.54951434
 10
692919.715235237
 20
6237959.31319197
  0
LWPOLYLINE
  5
206EF
100
AcDbEntity
  8
0
100
AcDbPolyline
 70
0
 90
2
 10
692943.888835594
 20
6238240.10955646
 10
692957.075301906
 20
6238241.63129864
  0
LWPOLYLINE
  5
206F0
100
AcDbEntity
  8
0
100
AcDbPolyline
 70
0
 90
2
 10
692902.721701311
 20
6238220.73599099
 10
692943.888835594
 20
6238240.10955646
  0
LWPOLYLINE
  5
206F1
100
AcDbEntity
  8
0
100
AcDbPolyline
 70
0
 90
2
 10
692893.041672231
 20
6238222.22654833
 10
692902.721701311
 20
6238220.73599099
  0
LWPOLYLINE
  5
206F2
100
AcDbEntity
  8
0
100
AcDbPolyline
 70
0
 90
2
 10
692851.69751649
 20
6238201.40757807
 10
692893.041672231
 20
6238222.22654833
  0
LWPOLYLINE
  5
206F3
100
AcDbEntity
  8
0
100
AcDbPolyline
 70
0
 90
2
 10
692829.573428859
 20
6238228.4633247
 10
692851.69751649
 20
6238201.40757807
  0
LWPOLYLINE
  5
206F4
100
AcDbEntity
  8
0
100
AcDbPolyline
 70
0
 90
2
 10
692800.367352757
 20
6238247.73077119
 10
692829.573428858
 20
6238228.4633247
  0
LWPOLYLINE
  5
206F5
100
AcDbEntity
  8
0
100
AcDbPolyline
 70
0
 90
2
 10
693421.6128038
 20
6237560.94239514
 10
693459.246429231
 20
6237578.82280843
  0
LWPOLYLINE
  5
206F6
100
AcDbEntity
  8
0
100
AcDbPolyline
 70
0
 90
2
 10
693418.556093882
 20
6237538.4211894
 10
693421.6128038
 20
6237560.94239514
  0
LWPOLYLINE
  5
206F7
100
AcDbEntity
  8
0
100
AcDbPolyline
 70
0
 90
2
 10
693418.556093882
 20
6237538.4211894
 10
693439.31957749
 20
6237494.44136487
  0
LWPOLYLINE
  5
206F8
100
AcDbEntity
  8
0
100
AcDbPolyline
 70
0
 90
2
 10
693439.31957749
 20
6237494.44136487
 10
693446.919951706
 20
6237478.35573467
  0
LWPOLYLINE
  5
206F9
100
AcDbEntity
  8
0
100
AcDbPolyline
 70
0
 90
2
 10
693405.29598453
 20
6237586.66491336
 10
693421.6128038
 20
6237560.94239514
  0
LWPOLYLINE
  5
206FA
100
AcDbEntity
  8
0
100
AcDbPolyline
 70
0
 90
2
 10
693382.943180075
 20
6237629.84827406
 10
693405.29598453
 20
6237586.66491336
  0
LWPOLYLINE
  5
206FB
100
AcDbEntity
  8
0
100
AcDbPolyline
 70
0
 90
2
 10
693382.943180075
 20
6237629.84827406
 10
693384.733414295
 20
6237667.43813053
  0
LWPOLYLINE
  5
206FC
100
AcDbEntity
  8
0
100
AcDbPolyline
 70
0
 90
2
 10
693384.733414295
 20
6237667.43813053
 10
693410.520589029
 20
6237677.04531219
  0
LWPOLYLINE
  5
206FD
100
AcDbEntity
  8
0
100
AcDbPolyline
 70
0
 90
2
 10
693410.520589029
 20
6237677.04531219
 10
693423.291502196
 20
6237655.87711034
  0
LWPOLYLINE
  5
206FE
100
AcDbEntity
  8
0
100
AcDbPolyline
 70
0
 90
2
 10
693423.291502198
 20
6237655.87711034
 10
693429.874255089
 20
6237703.4265612
  0
LWPOLYLINE
  5
206FF
100
AcDbEntity
  8
0
100
AcDbPolyline
 70
0
 90
2
 10
693423.291502196
 20
6237655.87711034
 10
693459.246428786
 20
6237578.82280938
  0
LWPOLYLINE
  5
20700
100
AcDbEntity
  8
0
100
AcDbPolyline
 70
0
 90
2
 10
693459.246428786
 20
6237578.82280938
 10
693471.29708716
 20
6237553.0184571
  0
LWPOLYLINE
  5
20701
100
AcDbEntity
  8
0
100
AcDbPolyline
 70
0
 90
2
 10
693471.29708716
 20
6237553.0184571
 10
693472.886791265
 20
6237550.53795385
  0
LWPOLYLINE
  5
20702
100
AcDbEntity
  8
0
100
AcDbPolyline
 70
0
 90
2
 10
693472.886791265
 20
6237550.53795385
 10
693490.443804451
 20
6237523.21104726
  0
LWPOLYLINE
  5
20703
100
AcDbEntity
  8
0
100
AcDbPolyline
 70
0
 90
2
 10
693490.443804452
 20
6237523.21104726
 10
693501.469921777
 20
6237506.04359683
  0
LWPOLYLINE
  5
20704
100
AcDbEntity
  8
0
100
AcDbPolyline
 70
0
 90
2
 10
693501.469921777
 20
6237506.04359683
 10
693518.154997141
 20
6237472.76946387
  0
LWPOLYLINE
  5
20705
100
AcDbEntity
  8
0
100
AcDbPolyline
 70
0
 90
2
 10
693489.495877008
 20
6237486.36154885
 10
693499.714406935
 20
6237466.33733783
  0
LWPOLYLINE
  5
20706
100
AcDbEntity
  8
0
100
AcDbPolyline
 70
0
 90
2
 10
693499.714406935
 20
6237466.33733783
 10
693515.332756523
 20
6237471.35956717
  0
LWPOLYLINE
  5
20707
100
AcDbEntity
  8
0
100
AcDbPolyline
 70
0
 90
2
 10
693515.332756523
 20
6237471.35956717
 10
693518.154997136
 20
6237472.76946387
  0
LWPOLYLINE
  5
20708
100
AcDbEntity
  8
0
100
AcDbPolyline
 70
0
 90
2
 10
693518.154997136
 20
6237472.76946387
 10
693529.454360896
 20
6237479.0003194
  0
LWPOLYLINE
  5
20709
100
AcDbEntity
  8
0
100
AcDbPolyline
 70
0
 90
2
 10
693439.319577502
 20
6237494.44136484
 10
693490.443804451
 20
6237523.21104726
  0
LWPOLYLINE
  5
2070A
100
AcDbEntity
  8
0
100
AcDbPolyline
 70
0
 90
2
 10
693490.443804451
 20
6237523.21104726
 10
693512.344980932
 20
6237531.204614
  0
LWPOLYLINE
  5
2070B
100
AcDbEntity
  8
0
100
AcDbPolyline
 70
0
 90
2
 10
693512.344980932
 20
6237531.204614
 10
693532.762637071
 20
6237538.65168745
  0
LWPOLYLINE
  5
2070C
100
AcDbEntity
  8
0
100
AcDbPolyline
 70
0
 90
2
 10
693528.738333235
 20
6237563.19258531
 10
693532.762637071
 20
6237538.65168745
  0
LWPOLYLINE
  5
2070D
100
AcDbEntity
  8
0
100
AcDbPolyline
 70
0
 90
2
 10
693506.618065876
 20
6237613.94342395
 10
693528.738333235
 20
6237563.19258531
  0
LWPOLYLINE
  5
2070E
100
AcDbEntity
  8
0
100
AcDbPolyline
 70
0
 90
2
 10
693497.522903326
 20
6237563.5043244
 10
693512.344983505
 20
6237531.20461494
  0
LWPOLYLINE
  5
2070F
100
AcDbEntity
  8
0
100
AcDbPolyline
 70
0
 90
2
 10
693481.702502962
 20
6237597.9769842
 10
693497.522903326
 20
6237563.5043244
  0
LWPOLYLINE
  5
20710
100
AcDbEntity
  8
0
100
AcDbPolyline
 70
0
 90
2
 10
693472.886791418
 20
6237550.53795361
 10
693497.522905255
 20
6237563.5043202
  0
LWPOLYLINE
  5
20711
100
AcDbEntity
  8
0
100
AcDbPolyline
 70
0
 90
2
 10
693466.360772105
 20
6238244.88427295
 10
693466.366401732
 20
6238244.90429931
  0
LWPOLYLINE
  5
20712
100
AcDbEntity
  8
0
100
AcDbPolyline
 70
0
 90
2
 10
693466.366401732
 20
6238244.90429931
 10
693468.471445047
 20
6238252.39260306
  0
LWPOLYLINE
  5
20713
100
AcDbEntity
  8
0
100
AcDbPolyline
 70
0
 90
2
 10
693463.482498602
 20
6238226.66254492
 10
693466.360772105
 20
6238244.88427295
  0
LWPOLYLINE
  5
20714
100
AcDbEntity
  8
0
100
AcDbPolyline
 70
0
 90
2
 10
693448.652805926
 20
6238218.54385755
 10
693463.482498602
 20
6238226.66254492
  0
LWPOLYLINE
  5
20715
100
AcDbEntity
  8
0
100
AcDbPolyline
 70
0
 90
2
 10
693430.716656318
 20
6238204.75555504
 10
693448.652805926
 20
6238218.54385755
  0
LWPOLYLINE
  5
20716
100
AcDbEntity
  8
0
100
AcDbPolyline
 70
0
 90
2
 10
693419.752560603
 20
6238198.0161424
 10
693430.716656318
 20
6238204.75555504
  0
LWPOLYLINE
  5
20717
100
AcDbEntity
  8
0
100
AcDbPolyline
 70
0
 90
2
 10
693403.351585595
 20
6238185.26735325
 10
693419.752560603
 20
6238198.0161424
  0
LWPOLYLINE
  5
20718
100
AcDbEntity
  8
0
100
AcDbPolyline
 70
0
 90
2
 10
693383.01569762
 20
6238170.7462353
 10
693403.351585595
 20
6238185.26735325
  0
LWPOLYLINE
  5
20719
100
AcDbEntity
  8
0
100
AcDbPolyline
 70
0
 90
2
 10
693352.639860578
 20
6238149.21578798
 10
693383.01569762
 20
6238170.7462353
  0
LWPOLYLINE
  5
2071A
100
AcDbEntity
  8
0
100
AcDbPolyline
 70
0
 90
2
 10
693343.773448156
 20
6238139.18308139
 10
693352.639860582
 20
6238149.21578798
  0
LWPOLYLINE
  5
2071B
100
AcDbEntity
  8
0
100
AcDbPolyline
 70
0
 90
2
 10
693342.511066628
 20
6238128.42500408
 10
693343.773448156
 20
6238139.18308139
  0
LWPOLYLINE
  5
2071C
100
AcDbEntity
  8
0
100
AcDbPolyline
 70
0
 90
2
 10
693259.56998553
 20
6238088.8293354
 10
693342.511066628
 20
6238128.42500408
  0
LWPOLYLINE
  5
2071D
100
AcDbEntity
  8
0
100
AcDbPolyline
 70
0
 90
2
 10
693383.015697786
 20
6238170.74623542
 10
693388.882662264
 20
6238157.27948519
  0
LWPOLYLINE
  5
2071E
100
AcDbEntity
  8
0
100
AcDbPolyline
 70
0
 90
2
 10
693388.882662264
 20
6238157.27948519
 10
693393.131043927
 20
6238148.03083965
  0
LWPOLYLINE
  5
2071F
100
AcDbEntity
  8
0
100
AcDbPolyline
 70
0
 90
2
 10
693393.131043927
 20
6238148.03083965
 10
693421.468272755
 20
6238078.62325551
  0
LWPOLYLINE
  5
20720
100
AcDbEntity
  8
0
100
AcDbPolyline
 70
0
 90
2
 10
693378.243463538
 20
6238056.04183513
 10
693421.468272755
 20
6238078.62325551
  0
LWPOLYLINE
  5
20721
100
AcDbEntity
  8
0
100
AcDbPolyline
 70
0
 90
2
 10
692950.795463262
 20
6237701.78244934
 10
692957.992600793
 20
6237670.13942661
  0
LWPOLYLINE
  5
20722
100
AcDbEntity
  8
0
100
AcDbPolyline
 70
0
 90
2
 10
692957.992600793
 20
6237670.13942661
 10
692981.573181362
 20
6237636.61809
  0
LWPOLYLINE
  5
20723
100
AcDbEntity
  8
0
100
AcDbPolyline
 70
0
 90
2
 10
692980.592317778
 20
6237607.94912818
 10
692981.573181362
 20
6237636.61809
  0
LWPOLYLINE
  5
20724
100
AcDbEntity
  8
0
100
AcDbPolyline
 70
0
 90
2
 10
692933.745590422
 20
6237590.78215344
 10
692980.592317778
 20
6237607.94912818
  0
LWPOLYLINE
  5
20725
100
AcDbEntity
  8
0
100
AcDbPolyline
 70
0
 90
2
 10
693181.281145699
 20
6237550.69881039
 10
693198.247131078
 20
6237567.35116311
  0
LWPOLYLINE
  5
20726
100
AcDbEntity
  8
0
100
AcDbPolyline
 70
0
 90
2
 10
693198.247131077
 20
6237567.35116311
 10
693221.470778295
 20
6237608.91005671
  0
LWPOLYLINE
  5
20727
100
AcDbEntity
  8
0
100
AcDbPolyline
 70
0
 90
2
 10
693221.470778295
 20
6237608.91005671
 10
693234.0960263
 20
6237631.49664632
  0
LWPOLYLINE
  5
20728
100
AcDbEntity
  8
0
100
AcDbPolyline
 70
0
 90
2
 10
693221.685329182
 20
6237680.35889926
 10
693234.0960263
 20
6237631.49664632
  0
LWPOLYLINE
  5
20729
100
AcDbEntity
  8
0
100
AcDbPolyline
 70
0
 90
2
 10
693181.185385781
 20
6237680.27463571
 10
693185.521939829
 20
6237668.25426104
  0
LWPOLYLINE
  5
2072A
100
AcDbEntity
  8
0
100
AcDbPolyline
 70
0
 90
2
 10
693185.521939829
 20
6237668.25426104
 10
693194.614042427
 20
6237628.24815295
  0
LWPOLYLINE
  5
2072B
100
AcDbEntity
  8
0
100
AcDbPolyline
 70
0
 90
2
 10
693194.614042427
 20
6237628.24815295
 10
693204.429643407
 20
6237617.35652324
  0
LWPOLYLINE
  5
2072C
100
AcDbEntity
  8
0
100
AcDbPolyline
 70
0
 90
2
 10
693204.429643406
 20
6237617.35652324
 10
693221.470778295
 20
6237608.91005671
  0
LWPOLYLINE
  5
2072D
100
AcDbEntity
  8
0
100
AcDbPolyline
 70
0
 90
2
 10
693159.033703445
 20
6237661.23619581
 10
693185.521939829
 20
6237668.25426104
  0
LWPOLYLINE
  5
2072E
100
AcDbEntity
  8
0
100
AcDbPolyline
 70
0
 90
2
 10
693159.033703445
 20
6237661.23619581
 10
693159.591830868
 20
6237654.94130204
  0
LWPOLYLINE
  5
2072F
100
AcDbEntity
  8
0
100
AcDbPolyline
 70
0
 90
2
 10
693125.54928244
 20
6237647.80432619
 10
693159.591830868
 20
6237654.94130204
  0
LWPOLYLINE
  5
20730
100
AcDbEntity
  8
0
100
AcDbPolyline
 70
0
 90
2
 10
693109.832687777
 20
6237640.98444353
 10
693125.54928244
 20
6237647.80432619
  0
LWPOLYLINE
  5
20731
100
AcDbEntity
  8
0
100
AcDbPolyline
 70
0
 90
2
 10
693109.832687777
 20
6237640.98444353
 10
693116.511283753
 20
6237609.30698768
  0
LWPOLYLINE
  5
20732
100
AcDbEntity
  8
0
100
AcDbPolyline
 70
0
 90
2
 10
693063.26887744
 20
6237594.68028325
 10
693116.511283753
 20
6237609.30698768
  0
LWPOLYLINE
  5
20733
100
AcDbEntity
  8
0
100
AcDbPolyline
 70
0
 90
2
 10
693063.26887744
 20
6237594.68028325
 10
693083.144099975
 20
6237509.76168007
  0
LWPOLYLINE
  5
20734
100
AcDbEntity
  8
0
100
AcDbPolyline
 70
0
 90
2
 10
693046.782406144
 20
6237500.49175958
 10
693076.184773844
 20
6237481.13418423
  0
LWPOLYLINE
  5
20735
100
AcDbEntity
  8
0
100
AcDbPolyline
 70
0
 90
2
 10
693076.184773844
 20
6237481.13418423
 10
693102.373224915
 20
6237463.94982216
  0
LWPOLYLINE
  5
20736
100
AcDbEntity
  8
0
100
AcDbPolyline
 70
0
 90
2
 10
693102.373224914
 20
6237463.94982216
 10
693163.767948793
 20
6237434.13640637
  0
LWPOLYLINE
  5
20737
100
AcDbEntity
  8
0
100
AcDbPolyline
 70
0
 90
2
 10
693163.767948793
 20
6237434.13640637
 10
693202.921898834
 20
6237418.35340376
  0
LWPOLYLINE
  5
20738
100
AcDbEntity
  8
0
100
AcDbPolyline
 70
0
 90
2
 10
693202.921898834
 20
6237418.35340376
 10
693298.733761233
 20
6237396.25360732
  0
LWPOLYLINE
  5
20739
100
AcDbEntity
  8
0
100
AcDbPolyline
 70
0
 90
2
 10
693279.994842582
 20
6237380.50146699
 10
693298.733761233
 20
6237396.25360732
  0
LWPOLYLINE
  5
2073A
100
AcDbEntity
  8
0
100
AcDbPolyline
 70
0
 90
2
 10
693279.994842582
 20
6237380.50146699
 10
693293.948476745
 20
6237350.49139878
  0
LWPOLYLINE
  5
2073B
100
AcDbEntity
  8
0
100
AcDbPolyline
 70
0
 90
2
 10
693293.948476745
 20
6237350.49139878
 10
693294.181743461
 20
6237332.05419032
  0
LWPOLYLINE
  5
2073C
100
AcDbEntity
  8
0
100
AcDbPolyline
 70
0
 90
2
 10
693294.181743461
 20
6237332.05419032
 10
693303.417790152
 20
6237310.54711599
  0
LWPOLYLINE
  5
2073D
100
AcDbEntity
  8
0
100
AcDbPolyline
 70
0
 90
2
 10
693303.417790152
 20
6237310.54711599
 10
693309.583938142
 20
6237297.75143213
  0
LWPOLYLINE
  5
2073E
100
AcDbEntity
  8
0
100
AcDbPolyline
 70
0
 90
2
 10
693159.591830868
 20
6237654.94130204
 10
693167.159799955
 20
6237622.54619893
  0
LWPOLYLINE
  5
2073F
100
AcDbEntity
  8
0
100
AcDbPolyline
 70
0
 90
2
 10
693167.159799955
 20
6237622.54619893
 10
693170.058188564
 20
6237604.31886599
  0
LWPOLYLINE
  5
20740
100
AcDbEntity
  8
0
100
AcDbPolyline
 70
0
 90
2
 10
693170.058188564
 20
6237604.31886599
 10
693181.281145699
 20
6237550.69881039
  0
LWPOLYLINE
  5
20741
100
AcDbEntity
  8
0
100
AcDbPolyline
 70
0
 90
2
 10
693179.835539772
 20
6237542.46283155
 10
693181.281145699
 20
6237550.69881039
  0
LWPOLYLINE
  5
20742
100
AcDbEntity
  8
0
100
AcDbPolyline
 70
0
 90
2
 10
693178.612314457
 20
6237533.70188336
 10
693179.835539772
 20
6237542.46283155
  0
LWPOLYLINE
  5
20743
100
AcDbEntity
  8
0
100
AcDbPolyline
 70
0
 90
2
 10
693083.144099975
 20
6237509.76168007
 10
693178.612314457
 20
6237533.70188336
  0
LWPOLYLINE
  5
20744
100
AcDbEntity
  8
0
100
AcDbPolyline
 70
0
 90
2
 10
693070.060133137
 20
6237505.51340361
 10
693083.144099975
 20
6237509.76168007
  0
LWPOLYLINE
  5
20745
100
AcDbEntity
  8
0
100
AcDbPolyline
 70
0
 90
2
 10
693163.767948793
 20
6237434.13640637
 10
693202.741883741
 20
6237453.71366677
  0
LWPOLYLINE
  5
20746
100
AcDbEntity
  8
0
100
AcDbPolyline
 70
0
 90
2
 10
693202.741883742
 20
6237453.71366677
 10
693219.913957312
 20
6237480.89788514
  0
LWPOLYLINE
  5
20747
100
AcDbEntity
  8
0
100
AcDbPolyline
 70
0
 90
2
 10
693219.913957312
 20
6237480.89788514
 10
693252.535262838
 20
6237496.96652807
  0
LWPOLYLINE
  5
20748
100
AcDbEntity
  8
0
100
AcDbPolyline
 70
0
 90
2
 10
693252.535262838
 20
6237496.96652807
 10
693269.991323572
 20
6237504.44534631
  0
LWPOLYLINE
  5
20749
100
AcDbEntity
  8
0
100
AcDbPolyline
 70
0
 90
2
 10
693251.536185508
 20
6237517.78787318
 10
693252.535262848
 20
6237496.96652807
  0
LWPOLYLINE
  5
2074A
100
AcDbEntity
  8
0
100
AcDbPolyline
 70
0
 90
2
 10
693202.741883742
 20
6237453.71366677
 10
693224.457666183
 20
6237456.22428396
  0
LWPOLYLINE
  5
2074B
100
AcDbEntity
  8
0
100
AcDbPolyline
 70
0
 90
2
 10
693224.457666183
 20
6237456.22428396
 10
693284.385434458
 20
6237474.02050428
  0
LWPOLYLINE
  5
2074C
100
AcDbEntity
  8
0
100
AcDbPolyline
 70
0
 90
2
 10
693116.511283753
 20
6237609.30698768
 10
693170.058188564
 20
6237604.31886599
  0
LWPOLYLINE
  5
2074D
100
AcDbEntity
  8
0
100
AcDbPolyline
 70
0
 90
2
 10
693167.159799956
 20
6237622.54619892
 10
693194.614042427
 20
6237628.24815295
  0
LWPOLYLINE
  5
2074E
100
AcDbEntity
  8
0
100
AcDbPolyline
 70
0
 90
2
 10
693163.90707133
 20
6237508.51331581
 10
693178.612314457
 20
6237533.70188336
  0
LWPOLYLINE
  5
2074F
100
AcDbEntity
  8
0
100
AcDbPolyline
 70
0
 90
2
 10
693087.826737846
 20
6237489.95421832
 10
693163.907071331
 20
6237508.51331581
  0
LWPOLYLINE
  5
20750
100
AcDbEntity
  8
0
100
AcDbPolyline
 70
0
 90
2
 10
693131.163975349
 20
6238066.05894386
 10
693139.396301531
 20
6238018.56785754
  0
LWPOLYLINE
  5
20751
100
AcDbEntity
  8
0
100
AcDbPolyline
 70
0
 90
2
 10
693139.396301531
 20
6238018.56785754
 10
693158.883744071
 20
6237926.05225419
  0
LWPOLYLINE
  5
20752
100
AcDbEntity
  8
0
100
AcDbPolyline
 70
0
 90
2
 10
693158.883744071
 20
6237926.05225419
 10
693170.52153849
 20
6237894.23160597
  0
LWPOLYLINE
  5
20753
100
AcDbEntity
  8
0
100
AcDbPolyline
 70
0
 90
2
 10
693170.52153849
 20
6237894.23160597
 10
693180.082380401
 20
6237873.32984278
  0
LWPOLYLINE
  5
20754
100
AcDbEntity
  8
0
100
AcDbPolyline
 70
0
 90
2
 10
693180.082380401
 20
6237873.32984278
 10
693209.161004224
 20
6237837.10483452
  0
LWPOLYLINE
  5
20755
100
AcDbEntity
  8
0
100
AcDbPolyline
 70
0
 90
2
 10
693209.161004224
 20
6237837.10483452
 10
693216.457250001
 20
6237820.71529011
  0
LWPOLYLINE
  5
20756
100
AcDbEntity
  8
0
100
AcDbPolyline
 70
0
 90
2
 10
693342.511066628
 20
6238128.42500408
 10
693378.243463538
 20
6238056.04183513
  0
LWPOLYLINE
  5
20757
100
AcDbEntity
  8
0
100
AcDbPolyline
 70
0
 90
2
 10
693378.243463538
 20
6238056.04183513
 10
693388.363356734
 20
6238037.47320584
  0
LWPOLYLINE
  5
20758
100
AcDbEntity
  8
0
100
AcDbPolyline
 70
0
 90
2
 10
693373.061736763
 20
6238005.52403843
 10
693388.363356734
 20
6238037.47320584
  0
LWPOLYLINE
  5
20759
100
AcDbEntity
  8
0
100
AcDbPolyline
 70
0
 90
2
 10
693372.096366971
 20
6237993.55327924
 10
693373.061736763
 20
6238005.52403843
  0
LWPOLYLINE
  5
2075A
100
AcDbEntity
  8
0
100
AcDbPolyline
 70
0
 90
2
 10
693372.096366971
 20
6237993.55327924
 10
693391.121071902
 20
6237952.55987474
  0
LWPOLYLINE
  5
2075B
100
AcDbEntity
  8
0
100
AcDbPolyline
 70
0
 90
2
 10
693232.391666669
 20
6237962.30904321
 10
693257.287795877
 20
6237920.8677288
  0
LWPOLYLINE
  5
2075C
100
AcDbEntity
  8
0
100
AcDbPolyline
 70
0
 90
2
 10
693220.190835486
 20
6237979.83626891
 10
693232.391666669
 20
6237962.30904321
  0
LWPOLYLINE
  5
2075D
100
AcDbEntity
  8
0
100
AcDbPolyline
 70
0
 90
2
 10
693316.353605806
 20
6237960.81889748
 10
693336.320603415
 20
6237916.2787423
  0
LWPOLYLINE
  5
2075E
100
AcDbEntity
  8
0
100
AcDbPolyline
 70
0
 90
2
 10
693336.320603415
 20
6237916.2787423
 10
693342.280629279
 20
6237905.27956452
  0
LWPOLYLINE
  5
2075F
100
AcDbEntity
  8
0
100
AcDbPolyline
 70
0
 90
2
 10
693466.360772105
 20
6238244.88427295
 10
693468.355493373
 20
6238224.98864536
  0
LWPOLYLINE
  5
20760
100
AcDbEntity
  8
0
100
AcDbPolyline
 70
0
 90
2
 10
693468.355493373
 20
6238224.98864536
 10
693478.086962844
 20
6238176.4067117
  0
LWPOLYLINE
  5
20761
100
AcDbEntity
  8
0
100
AcDbPolyline
 70
0
 90
2
 10
693478.086962844
 20
6238176.4067117
 10
693480.980563339
 20
6238149.83037663
  0
LWPOLYLINE
  5
20762
100
AcDbEntity
  8
0
100
AcDbPolyline
 70
0
 90
2
 10
693473.327632915
 20
6238116.1990424
 10
693480.980563339
 20
6238149.83037663
  0
LWPOLYLINE
  5
20763
100
AcDbEntity
  8
0
100
AcDbPolyline
 70
0
 90
2
 10
693470.25838279
 20
6238065.10806319
 10
693473.327632915
 20
6238116.1990424
  0
LWPOLYLINE
  5
20764
100
AcDbEntity
  8
0
100
AcDbPolyline
 70
0
 90
2
 10
694073.204547336
 20
6237252.08495986
 10
694221.336188059
 20
6237330.3329253
  0
LWPOLYLINE
  5
20765
100
AcDbEntity
  8
0
100
AcDbPolyline
 70
0
 90
2
 10
694221.336188059
 20
6237330.3329253
 10
694362.784467158
 20
6237405.57319997
  0
LWPOLYLINE
  5
20766
100
AcDbEntity
  8
0
100
AcDbPolyline
 70
0
 90
2
 10
697275.673335028
 20
6236865.02968012
 10
697284.334621104
 20
6236883.00952516
  0
LWPOLYLINE
  5
20767
100
AcDbEntity
  8
0
100
AcDbPolyline
 70
0
 90
2
 10
697223.418830343
 20
6236761.84202312
 10
697275.673335028
 20
6236865.02968012
  0
LWPOLYLINE
  5
20768
100
AcDbEntity
  8
0
100
AcDbPolyline
 70
0
 90
2
 10
697175.082906828
 20
6236662.06898535
 10
697223.418830343
 20
6236761.84202312
  0
LWPOLYLINE
  5
20769
100
AcDbEntity
  8
0
100
AcDbPolyline
 70
0
 90
2
 10
697159.080736272
 20
6236634.70976588
 10
697175.082906828
 20
6236662.06898535
  0
LWPOLYLINE
  5
2076A
100
AcDbEntity
  8
0
100
AcDbPolyline
 70
0
 90
2
 10
697125.095651315
 20
6236605.24909085
 10
697159.080736271
 20
6236634.70976588
  0
LWPOLYLINE
  5
2076B
100
AcDbEntity
  8
0
100
AcDbPolyline
 70
0
 90
2
 10
697026.992732429
 20
6236540.01020843
 10
697125.095651315
 20
6236605.24909085
  0
LWPOLYLINE
  5
2076C
100
AcDbEntity
  8
0
100
AcDbPolyline
 70
0
 90
2
 10
697890.45604171
 20
6237079.4595059
 10
697995.446368745
 20
6237061.31070693
  0
LWPOLYLINE
  5
2076D
100
AcDbEntity
  8
0
100
AcDbPolyline
 70
0
 90
2
 10
697995.446368745
 20
6237061.31070693
 10
698056.307864047
 20
6237050.42396452
  0
LWPOLYLINE
  5
2076E
100
AcDbEntity
  8
0
100
AcDbPolyline
 70
0
 90
2
 10
698056.307864047
 20
6237050.42396452
 10
698125.569488187
 20
6237039.67172346
  0
LWPOLYLINE
  5
2076F
100
AcDbEntity
  8
0
100
AcDbPolyline
 70
0
 90
2
 10
698125.569488187
 20
6237039.67172346
 10
698137.911346114
 20
6237037.26844478
  0
LWPOLYLINE
  5
20770
100
AcDbEntity
  8
0
100
AcDbPolyline
 70
0
 90
2
 10
698137.911346114
 20
6237037.26844478
 10
698197.558320446
 20
6237029.15873671
  0
LWPOLYLINE
  5
20771
100
AcDbEntity
  8
0
100
AcDbPolyline
 70
0
 90
2
 10
694067.039857361
 20
6238652.72820849
 10
694082.679272625
 20
6238648.04489239
  0
LWPOLYLINE
  5
20772
100
AcDbEntity
  8
0
100
AcDbPolyline
 70
0
 90
2
 10
694054.509873825
 20
6238650.85381727
 10
694067.039857361
 20
6238652.72820849
  0
LWPOLYLINE
  5
20773
100
AcDbEntity
  8
0
100
AcDbPolyline
 70
0
 90
2
 10
694033.362183521
 20
6238639.40233471
 10
694054.509873825
 20
6238650.85381727
  0
LWPOLYLINE
  5
20774
100
AcDbEntity
  8
0
100
AcDbPolyline
 70
0
 90
2
 10
694009.548453695
 20
6238623.12570248
 10
694033.362183521
 20
6238639.40233471
  0
LWPOLYLINE
  5
20775
100
AcDbEntity
  8
0
100
AcDbPolyline
 70
0
 90
2
 10
693966.821311161
 20
6238589.64763479
 10
694009.548453695
 20
6238623.12570248
  0
LWPOLYLINE
  5
20776
100
AcDbEntity
  8
0
100
AcDbPolyline
 70
0
 90
2
 10
693903.87856765
 20
6238539.74556724
 10
693966.821311161
 20
6238589.64763479
  0
LWPOLYLINE
  5
20777
100
AcDbEntity
  8
0
100
AcDbPolyline
 70
0
 90
2
 10
693858.555527378
 20
6238508.3242938
 10
693903.87856765
 20
6238539.74556724
  0
LWPOLYLINE
  5
20778
100
AcDbEntity
  8
0
100
AcDbPolyline
 70
0
 90
2
 10
693819.948308169
 20
6238490.91934107
 10
693858.555527378
 20
6238508.3242938
  0
LWPOLYLINE
  5
20779
100
AcDbEntity
  8
0
100
AcDbPolyline
 70
0
 90
2
 10
693795.795031099
 20
6238481.80712206
 10
693819.948308169
 20
6238490.91934107
  0
LWPOLYLINE
  5
2077A
100
AcDbEntity
  8
0
100
AcDbPolyline
 70
0
 90
2
 10
693726.232068965
 20
6238455.43892648
 10
693795.795031099
 20
6238481.80712206
  0
LWPOLYLINE
  5
2077B
100
AcDbEntity
  8
0
100
AcDbPolyline
 70
0
 90
2
 10
693647.102681255
 20
6238409.32015551
 10
693726.232068965
 20
6238455.43892648
  0
LWPOLYLINE
  5
2077C
100
AcDbEntity
  8
0
100
AcDbPolyline
 70
0
 90
2
 10
693606.744466573
 20
6238370.16841524
 10
693647.102681256
 20
6238409.32015551
  0
LWPOLYLINE
  5
2077D
100
AcDbEntity
  8
0
100
AcDbPolyline
 70
0
 90
2
 10
693591.908255392
 20
6238355.78439817
 10
693606.744466573
 20
6238370.16841524
  0
LWPOLYLINE
  5
2077E
100
AcDbEntity
  8
0
100
AcDbPolyline
 70
0
 90
2
 10
693548.536865905
 20
6238302.87516167
 10
693591.90825539
 20
6238355.78439817
  0
LWPOLYLINE
  5
2077F
100
AcDbEntity
  8
0
100
AcDbPolyline
 70
0
 90
2
 10
693521.820728487
 20
6238273.3500527
 10
693548.536865905
 20
6238302.87516167
  0
LWPOLYLINE
  5
20780
100
AcDbEntity
  8
0
100
AcDbPolyline
 70
0
 90
2
 10
693494.262813715
 20
6238256.21557148
 10
693521.820728488
 20
6238273.3500527
  0
LWPOLYLINE
  5
20781
100
AcDbEntity
  8
0
100
AcDbPolyline
 70
0
 90
2
 10
693468.471445047
 20
6238252.39260306
 10
693494.262813715
 20
6238256.21557148
  0
LWPOLYLINE
  5
20782
100
AcDbEntity
  8
0
100
AcDbPolyline
 70
0
 90
2
 10
693166.247049614
 20
6238275.41085579
 10
693468.471445047
 20
6238252.39260306
  0
LWPOLYLINE
  5
20783
100
AcDbEntity
  8
0
100
AcDbPolyline
 70
0
 90
2
 10
693020.186404934
 20
6238345.03003694
 10
693020.257843823
 20
6238281.88738488
  0
LWPOLYLINE
  5
20784
100
AcDbEntity
  8
0
100
AcDbPolyline
 70
0
 90
2
 10
693013.323122104
 20
6238387.94620366
 10
693020.186404934
 20
6238345.03003694
  0
LWPOLYLINE
  5
20785
100
AcDbEntity
  8
0
100
AcDbPolyline
 70
0
 90
2
 10
692980.261176865
 20
6238432.90931488
 10
693013.323122105
 20
6238387.94620366
  0
LWPOLYLINE
  5
20786
100
AcDbEntity
  8
0
100
AcDbPolyline
 70
0
 90
2
 10
692924.820559281
 20
6238500.98156814
 10
692980.261176865
 20
6238432.90931488
  0
LWPOLYLINE
  5
20787
100
AcDbEntity
  8
0
100
AcDbPolyline
 70
0
 90
2
 10
692898.720764474
 20
6238525.27102319
 10
692924.820559281
 20
6238500.98156814
  0
LWPOLYLINE
  5
20788
100
AcDbEntity
  8
0
100
AcDbPolyline
 70
0
 90
2
 10
692866.033820867
 20
6238548.27065206
 10
692898.720764474
 20
6238525.27102319
  0
LWPOLYLINE
  5
20789
100
AcDbEntity
  8
0
100
AcDbPolyline
 70
0
 90
2
 10
692799.23845223
 20
6238593.48179496
 10
692866.033820867
 20
6238548.27065206
  0
LWPOLYLINE
  5
2078A
100
AcDbEntity
  8
0
100
AcDbPolyline
 70
0
 90
2
 10
692750.805638197
 20
6238619.19239129
 10
692799.23845223
 20
6238593.48179496
  0
LWPOLYLINE
  5
2078B
100
AcDbEntity
  8
0
100
AcDbPolyline
 70
0
 90
2
 10
692724.596840927
 20
6238624.65122233
 10
692750.805638197
 20
6238619.19239129
  0
LWPOLYLINE
  5
2078C
100
AcDbEntity
  8
0
100
AcDbPolyline
 70
0
 90
2
 10
692626.661006741
 20
6238634.70568369
 10
692724.596840927
 20
6238624.65122233
  0
LWPOLYLINE
  5
2078D
100
AcDbEntity
  8
0
100
AcDbPolyline
 70
0
 90
2
 10
692615.035280982
 20
6238635.8859826
 10
692626.661006741
 20
6238634.70568369
  0
LWPOLYLINE
  5
2078E
100
AcDbEntity
  8
0
100
AcDbPolyline
 70
0
 90
2
 10
692593.247926997
 20
6238638.80324798
 10
692615.035280982
 20
6238635.8859826
  0
LWPOLYLINE
  5
2078F
100
AcDbEntity
  8
0
100
AcDbPolyline
 70
0
 90
2
 10
692576.195108451
 20
6238649.41379925
 10
692593.247926997
 20
6238638.80324798
  0
LWPOLYLINE
  5
20790
100
AcDbEntity
  8
0
100
AcDbPolyline
 70
0
 90
2
 10
692573.425357493
 20
6238715.14284926
 10
692576.195108451
 20
6238649.41379925
  0
LWPOLYLINE
  5
20791
100
AcDbEntity
  8
0
100
AcDbPolyline
 70
0
 90
2
 10
693153.547789182
 20
6238276.15100756
 10
693166.247049614
 20
6238275.41085579
  0
LWPOLYLINE
  5
20792
100
AcDbEntity
  8
0
100
AcDbPolyline
 70
0
 90
2
 10
693122.394620307
 20
6238277.95046568
 10
693153.547789182
 20
6238276.15100756
  0
LWPOLYLINE
  5
20793
100
AcDbEntity
  8
0
100
AcDbPolyline
 70
0
 90
2
 10
693079.667822184
 20
6238280.98734802
 10
693082.762913511
 20
6238280.76735896
  0
LWPOLYLINE
  5
20794
100
AcDbEntity
  8
0
100
AcDbPolyline
 70
0
 90
2
 10
693082.762913511
 20
6238280.76735896
 10
693122.394620307
 20
6238277.95046568
  0
LWPOLYLINE
  5
20795
100
AcDbEntity
  8
0
100
AcDbPolyline
 70
0
 90
2
 10
693038.227074293
 20
6238260.68599773
 10
693079.667822184
 20
6238280.98734802
  0
LWPOLYLINE
  5
20796
100
AcDbEntity
  8
0
100
AcDbPolyline
 70
0
 90
2
 10
693020.257843823
 20
6238281.88738488
 10
693038.227074292
 20
6238260.68599773
  0
LWPOLYLINE
  5
20797
100
AcDbEntity
  8
0
100
AcDbPolyline
 70
0
 90
2
 10
692625.671097608
 20
6238307.26283603
 10
692632.259560538
 20
6238311.14962189
  0
LWPOLYLINE
  5
20798
100
AcDbEntity
  8
0
100
AcDbPolyline
 70
0
 90
2
 10
692632.259560538
 20
6238311.14962189
 10
692653.782668765
 20
6238302.16790221
  0
LWPOLYLINE
  5
20799
100
AcDbEntity
  8
0
100
AcDbPolyline
 70
0
 90
2
 10
692653.782668765
 20
6238302.16790221
 10
692683.806178014
 20
6238260.79928029
  0
LWPOLYLINE
  5
2079A
100
AcDbEntity
  8
0
100
AcDbPolyline
 70
0
 90
2
 10
692683.806178015
 20
6238260.79928029
 10
692728.104162774
 20
6238254.01730822
  0
LWPOLYLINE
  5
2079B
100
AcDbEntity
  8
0
100
AcDbPolyline
 70
0
 90
2
 10
692728.104162774
 20
6238254.01730822
 10
692780.152807788
 20
6238257.54005657
  0
LWPOLYLINE
  5
2079C
100
AcDbEntity
  8
0
100
AcDbPolyline
 70
0
 90
2
 10
692780.152807788
 20
6238257.54005657
 10
692815.720354374
 20
6238268.5891072
  0
LWPOLYLINE
  5
2079D
100
AcDbEntity
  8
0
100
AcDbPolyline
 70
0
 90
2
 10
692815.720354374
 20
6238268.5891072
 10
692826.449727818
 20
6238271.33696179
  0
LWPOLYLINE
  5
2079E
100
AcDbEntity
  8
0
100
AcDbPolyline
 70
0
 90
2
 10
692826.449727818
 20
6238271.33696179
 10
692861.920320977
 20
6238278.21318422
  0
LWPOLYLINE
  5
2079F
100
AcDbEntity
  8
0
100
AcDbPolyline
 70
0
 90
2
 10
692861.920320977
 20
6238278.21318422
 10
692906.76171397
 20
6238298.38793407
  0
LWPOLYLINE
  5
207A0
100
AcDbEntity
  8
0
100
AcDbPolyline
 70
0
 90
2
 10
692906.76171397
 20
6238298.38793407
 10
692953.117743507
 20
6238323.89293133
  0
LWPOLYLINE
  5
207A1
100
AcDbEntity
  8
0
100
AcDbPolyline
 70
0
 90
2
 10
692953.117743507
 20
6238323.89293133
 10
692970.713888874
 20
6238336.98383739
  0
LWPOLYLINE
  5
207A2
100
AcDbEntity
  8
0
100
AcDbPolyline
 70
0
 90
2
 10
692970.713888874
 20
6238336.98383739
 10
692990.875806062
 20
6238332.04415759
  0
LWPOLYLINE
  5
207A3
100
AcDbEntity
  8
0
100
AcDbPolyline
 70
0
 90
2
 10
692990.875806062
 20
6238332.04415759
 10
693008.008160716
 20
6238303.54831395
  0
LWPOLYLINE
  5
207A4
100
AcDbEntity
  8
0
100
AcDbPolyline
 70
0
 90
2
 10
693008.008160716
 20
6238303.54831395
 10
693012.756158959
 20
6238286.11801381
  0
LWPOLYLINE
  5
207A5
100
AcDbEntity
  8
0
100
AcDbPolyline
 70
0
 90
2
 10
693012.756158959
 20
6238286.11801381
 10
693020.257843822
 20
6238281.88738488
  0
LWPOLYLINE
  5
207A6
100
AcDbEntity
  8
0
100
AcDbPolyline
 70
0
 90
2
 10
693827.82893225
 20
6237201.31450886
 10
693875.504500226
 20
6237192.63488116
  0
LWPOLYLINE
  5
207A7
100
AcDbEntity
  8
0
100
AcDbPolyline
 70
0
 90
2
 10
693875.504500226
 20
6237192.63488116
 10
693919.320359327
 20
6237188.43970014
  0
LWPOLYLINE
  5
207A8
100
AcDbEntity
  8
0
100
AcDbPolyline
 70
0
 90
2
 10
693919.320359327
 20
6237188.43970014
 10
693941.551590596
 20
6237188.38011617
  0
LWPOLYLINE
  5
207A9
100
AcDbEntity
  8
0
100
AcDbPolyline
 70
0
 90
2
 10
693805.297598314
 20
6237700.80380396
 10
693834.375396864
 20
6237714.46449724
  0
LWPOLYLINE
  5
207AA
100
AcDbEntity
  8
0
100
AcDbPolyline
 70
0
 90
2
 10
693834.375396864
 20
6237714.46449724
 10
693839.006480773
 20
6237717.03805708
  0
LWPOLYLINE
  5
207AB
100
AcDbEntity
  8
0
100
AcDbPolyline
 70
0
 90
2
 10
693839.006480773
 20
6237717.03805708
 10
693859.293585664
 20
6237727.60195648
  0
LWPOLYLINE
  5
207AC
100
AcDbEntity
  8
0
100
AcDbPolyline
 70
0
 90
2
 10
693859.293585664
 20
6237727.60195648
 10
693870.822736926
 20
6237733.53212557
  0
LWPOLYLINE
  5
207AD
100
AcDbEntity
  8
0
100
AcDbPolyline
 70
0
 90
2
 10
693870.822736926
 20
6237733.53212557
 10
693912.428997057
 20
6237755.97800224
  0
LWPOLYLINE
  5
207AE
100
AcDbEntity
  8
0
100
AcDbPolyline
 70
0
 90
2
 10
693896.925661975
 20
6237776.17352606
 10
693912.428997057
 20
6237755.97800224
  0
LWPOLYLINE
  5
207AF
100
AcDbEntity
  8
0
100
AcDbPolyline
 70
0
 90
2
 10
693823.828034461
 20
6237748.52914856
 10
693839.006480779
 20
6237717.03805708
  0
LWPOLYLINE
  5
207B0
100
AcDbEntity
  8
0
100
AcDbPolyline
 70
0
 90
2
 10
693802.624365522
 20
6237787.78336529
 10
693823.828034461
 20
6237748.52914856
  0
LWPOLYLINE
  5
207B1
100
AcDbEntity
  8
0
100
AcDbPolyline
 70
0
 90
2
 10
693755.847390909
 20
6237702.35847004
 10
693795.362284368
 20
6237719.62521959
  0
LWPOLYLINE
  5
207B2
100
AcDbEntity
  8
0
100
AcDbPolyline
 70
0
 90
2
 10
693714.642773734
 20
6237684.43574122
 10
693755.847390909
 20
6237702.35847004
  0
LWPOLYLINE
  5
207B3
100
AcDbEntity
  8
0
100
AcDbPolyline
 70
0
 90
2
 10
693692.619468618
 20
6237684.34972083
 10
693714.642773734
 20
6237684.43574122
  0
LWPOLYLINE
  5
207B4
100
AcDbEntity
  8
0
100
AcDbPolyline
 70
0
 90
2
 10
693676.365316474
 20
6237677.90456505
 10
693692.619468618
 20
6237684.34972083
  0
LWPOLYLINE
  5
207B5
100
AcDbEntity
  8
0
100
AcDbPolyline
 70
0
 90
2
 10
693836.174412611
 20
6237643.73066453
 10
693864.788384474
 20
6237658.86413861
  0
LWPOLYLINE
  5
207B6
100
AcDbEntity
  8
0
100
AcDbPolyline
 70
0
 90
2
 10
693864.788384474
 20
6237658.86413861
 10
693911.621386456
 20
6237683.63194841
  0
LWPOLYLINE
  5
207B7
100
AcDbEntity
  8
0
100
AcDbPolyline
 70
0
 90
2
 10
693834.375396865
 20
6237714.46449724
 10
693864.788384474
 20
6237658.86413861
  0
LWPOLYLINE
  5
207B8
100
AcDbEntity
  8
0
100
AcDbPolyline
 70
0
 90
2
 10
693912.428997057
 20
6237755.97800224
 10
693944.400439844
 20
6237693.14783958
  0
LWPOLYLINE
  5
207B9
100
AcDbEntity
  8
0
100
AcDbPolyline
 70
0
 90
2
 10
693927.820409535
 20
6237683.91133019
 10
693944.400439844
 20
6237693.14783958
  0
LWPOLYLINE
  5
207BA
100
AcDbEntity
  8
0
100
AcDbPolyline
 70
0
 90
2
 10
693922.522956706
 20
6237676.88209703
 10
693938.55794594
 20
6237646.655276
  0
LWPOLYLINE
  5
207BB
100
AcDbEntity
  8
0
100
AcDbPolyline
 70
0
 90
2
 10
693938.55794594
 20
6237646.655276
 10
693946.594777529
 20
6237631.50541425
  0
LWPOLYLINE
  5
207BC
100
AcDbEntity
  8
0
100
AcDbPolyline
 70
0
 90
2
 10
693851.178925351
 20
6237779.9686862
 10
693869.593174816
 20
6237789.94593945
  0
LWPOLYLINE
  5
207BD
100
AcDbEntity
  8
0
100
AcDbPolyline
 70
0
 90
2
 10
693851.178925351
 20
6237779.9686862
 10
693857.168448911
 20
6237756.60966955
  0
LWPOLYLINE
  5
207BE
100
AcDbEntity
  8
0
100
AcDbPolyline
 70
0
 90
2
 10
693857.168448911
 20
6237756.60966955
 10
693870.822736938
 20
6237733.53212558
  0
LWPOLYLINE
  5
207BF
100
AcDbEntity
  8
0
100
AcDbPolyline
 70
0
 90
2
 10
694006.587147524
 20
6237817.27539075
 10
694036.731907034
 20
6237757.10488975
  0
LWPOLYLINE
  5
207C0
100
AcDbEntity
  8
0
100
AcDbPolyline
 70
0
 90
2
 10
694036.731907034
 20
6237757.10488975
 10
694044.700499172
 20
6237742.51947317
  0
LWPOLYLINE
  5
207C1
100
AcDbEntity
  8
0
100
AcDbPolyline
 70
0
 90
2
 10
694044.700499171
 20
6237742.51947317
 10
694061.545196945
 20
6237711.69223378
  0
LWPOLYLINE
  5
207C2
100
AcDbEntity
  8
0
100
AcDbPolyline
 70
0
 90
2
 10
694061.545196945
 20
6237711.69223378
 10
694069.364552498
 20
6237697.38214353
  0
LWPOLYLINE
  5
207C3
100
AcDbEntity
  8
0
100
AcDbPolyline
 70
0
 90
2
 10
693755.847390909
 20
6237702.35847004
 10
693770.534798358
 20
6237668.41485898
  0
LWPOLYLINE
  5
207C4
100
AcDbEntity
  8
0
100
AcDbPolyline
 70
0
 90
2
 10
693770.534798358
 20
6237668.41485898
 10
693775.569260276
 20
6237642.02503204
  0
LWPOLYLINE
  5
207C5
100
AcDbEntity
  8
0
100
AcDbPolyline
 70
0
 90
2
 10
694162.963279617
 20
6237906.35338049
 10
694223.675949988
 20
6237800.16481889
  0
LWPOLYLINE
  5
207C6
100
AcDbEntity
  8
0
100
AcDbPolyline
 70
0
 90
2
 10
694223.675949988
 20
6237800.16481889
 10
694232.413679591
 20
6237784.88222742
  0
LWPOLYLINE
  5
207C7
100
AcDbEntity
  8
0
100
AcDbPolyline
 70
0
 90
2
 10
693973.849912139
 20
6237700.53959886
 10
693989.298610344
 20
6237673.49906472
  0
LWPOLYLINE
  5
207C8
100
AcDbEntity
  8
0
100
AcDbPolyline
 70
0
 90
2
 10
693989.298610344
 20
6237673.49906472
 10
693997.654123594
 20
6237658.87404335
  0
LWPOLYLINE
  5
207C9
100
AcDbEntity
  8
0
100
AcDbPolyline
 70
0
 90
2
 10
694200.205104533
 20
6237271.4631205
 10
694206.997705881
 20
6237262.28635097
  0
LWPOLYLINE
  5
207CA
100
AcDbEntity
  8
0
100
AcDbPolyline
 70
0
 90
2
 10
694139.954317348
 20
6237254.88777239
 10
694151.71533018
 20
6237234.46691454
  0
LWPOLYLINE
  5
207CB
100
AcDbEntity
  8
0
100
AcDbPolyline
 70
0
 90
2
 10
693948.593803507
 20
6237605.01115529
 10
693979.094701847
 20
6237620.14201691
  0
LWPOLYLINE
  5
207CC
100
AcDbEntity
  8
0
100
AcDbPolyline
 70
0
 90
2
 10
693967.908863758
 20
6237642.82990554
 10
693979.094701843
 20
6237620.14201692
  0
LWPOLYLINE
  5
207CD
100
AcDbEntity
  8
0
100
AcDbPolyline
 70
0
 90
2
 10
693889.299956674
 20
6237585.22771993
 10
693918.606761555
 20
6237600.82775405
  0
LWPOLYLINE
  5
207CE
100
AcDbEntity
  8
0
100
AcDbPolyline
 70
0
 90
2
 10
693918.606761555
 20
6237600.82775405
 10
693940.918167924
 20
6237612.60986384
  0
LWPOLYLINE
  5
207CF
100
AcDbEntity
  8
0
100
AcDbPolyline
 70
0
 90
2
 10
693940.918167924
 20
6237612.60986384
 10
693948.593803507
 20
6237605.01115529
  0
LWPOLYLINE
  5
207D0
100
AcDbEntity
  8
0
100
AcDbPolyline
 70
0
 90
2
 10
694081.045843339
 20
6237683.32239012
 10
694103.609338456
 20
6237695.13917054
  0
LWPOLYLINE
  5
207D1
100
AcDbEntity
  8
0
100
AcDbPolyline
 70
0
 90
2
 10
694074.389647934
 20
6237688.29200865
 10
694081.045843339
 20
6237683.32239012
  0
LWPOLYLINE
  5
207D2
100
AcDbEntity
  8
0
100
AcDbPolyline
 70
0
 90
2
 10
694069.364552498
 20
6237697.38214353
 10
694074.389647933
 20
6237688.29200865
  0
LWPOLYLINE
  5
207D3
100
AcDbEntity
  8
0
100
AcDbPolyline
 70
0
 90
2
 10
693979.094701843
 20
6237620.14201692
 10
694011.448451539
 20
6237561.91097011
  0
LWPOLYLINE
  5
207D4
100
AcDbEntity
  8
0
100
AcDbPolyline
 70
0
 90
2
 10
694011.448451539
 20
6237561.91097011
 10
694138.743821242
 20
6237632.29812325
  0
LWPOLYLINE
  5
207D5
100
AcDbEntity
  8
0
100
AcDbPolyline
 70
0
 90
2
 10
694103.609338456
 20
6237695.13917054
 10
694138.743821241
 20
6237632.29812325
  0
LWPOLYLINE
  5
207D6
100
AcDbEntity
  8
0
100
AcDbPolyline
 70
0
 90
2
 10
694103.609338456
 20
6237695.13917054
 10
694131.582313804
 20
6237709.33130548
  0
LWPOLYLINE
  5
207D7
100
AcDbEntity
  8
0
100
AcDbPolyline
 70
0
 90
2
 10
694127.335198698
 20
6237728.60041335
 10
694131.582313803
 20
6237709.33130548
  0
LWPOLYLINE
  5
207D8
100
AcDbEntity
  8
0
100
AcDbPolyline
 70
0
 90
2
 10
693918.606761558
 20
6237600.82775405
 10
693932.213113288
 20
6237580.32309286
  0
LWPOLYLINE
  5
207D9
100
AcDbEntity
  8
0
100
AcDbPolyline
 70
0
 90
2
 10
693932.213113288
 20
6237580.32309286
 10
693979.878905884
 20
6237500.24908991
  0
LWPOLYLINE
  5
207DA
100
AcDbEntity
  8
0
100
AcDbPolyline
 70
0
 90
2
 10
693979.878905892
 20
6237500.2490899
 10
694061.667682758
 20
6237544.04172954
  0
LWPOLYLINE
  5
207DB
100
AcDbEntity
  8
0
100
AcDbPolyline
 70
0
 90
2
 10
693992.519544674
 20
6237479.70067321
 10
694034.956353975
 20
6237397.68391911
  0
LWPOLYLINE
  5
207DC
100
AcDbEntity
  8
0
100
AcDbPolyline
 70
0
 90
2
 10
694041.010087532
 20
6237437.76456318
 10
694056.356513016
 20
6237410.00476618
  0
LWPOLYLINE
  5
207DD
100
AcDbEntity
  8
0
100
AcDbPolyline
 70
0
 90
2
 10
694015.008112178
 20
6237482.68520663
 10
694041.010087532
 20
6237437.76456318
  0
LWPOLYLINE
  5
207DE
100
AcDbEntity
  8
0
100
AcDbPolyline
 70
0
 90
2
 10
693992.519544674
 20
6237479.70067321
 10
694015.008112178
 20
6237482.68520663
  0
LWPOLYLINE
  5
207DF
100
AcDbEntity
  8
0
100
AcDbPolyline
 70
0
 90
2
 10
693979.878905884
 20
6237500.24908991
 10
693992.519544674
 20
6237479.70067321
  0
LWPOLYLINE
  5
207E0
100
AcDbEntity
  8
0
100
AcDbPolyline
 70
0
 90
2
 10
693979.878905892
 20
6237500.2490899
 10
693985.837151234
 20
6237528.92210599
  0
LWPOLYLINE
  5
207E1
100
AcDbEntity
  8
0
100
AcDbPolyline
 70
0
 90
2
 10
693985.837151234
 20
6237528.92210599
 10
694004.606640062
 20
6237542.57219476
  0
LWPOLYLINE
  5
207E2
100
AcDbEntity
  8
0
100
AcDbPolyline
 70
0
 90
2
 10
694004.606640062
 20
6237542.57219476
 10
694011.448451539
 20
6237561.91097011
  0
LWPOLYLINE
  5
207E3
100
AcDbEntity
  8
0
100
AcDbPolyline
 70
0
 90
2
 10
693947.223805785
 20
6237592.14118284
 10
693948.593803507
 20
6237605.01115529
  0
LWPOLYLINE
  5
207E4
100
AcDbEntity
  8
0
100
AcDbPolyline
 70
0
 90
2
 10
693947.223805785
 20
6237592.14118284
 10
693985.837151234
 20
6237528.92210599
  0
LWPOLYLINE
  5
207E5
100
AcDbEntity
  8
0
100
AcDbPolyline
 70
0
 90
2
 10
694364.754927067
 20
6237830.12511473
 10
694382.539586395
 20
6237839.86418925
  0
LWPOLYLINE
  5
207E6
100
AcDbEntity
  8
0
100
AcDbPolyline
 70
0
 90
2
 10
694352.429211491
 20
6237850.14064887
 10
694364.754927067
 20
6237830.12511473
  0
LWPOLYLINE
  5
207E7
100
AcDbEntity
  8
0
100
AcDbPolyline
 70
0
 90
2
 10
693001.811913932
 20
6237065.59942855
 10
693012.942234281
 20
6237064.76532708
  0
LWPOLYLINE
  5
207E8
100
AcDbEntity
  8
0
100
AcDbPolyline
 70
0
 90
2
 10
693012.942234281
 20
6237064.76532708
 10
693023.838815556
 20
6237056.47472401
  0
LWPOLYLINE
  5
207E9
100
AcDbEntity
  8
0
100
AcDbPolyline
 70
0
 90
2
 10
693023.838815556
 20
6237056.47472401
 10
693032.491336008
 20
6237051.13679956
  0
LWPOLYLINE
  5
207EA
100
AcDbEntity
  8
0
100
AcDbPolyline
 70
0
 90
2
 10
693032.491336008
 20
6237051.13679956
 10
693044.775781976
 20
6237050.17664684
  0
LWPOLYLINE
  5
207EB
100
AcDbEntity
  8
0
100
AcDbPolyline
 70
0
 90
2
 10
693044.775781976
 20
6237050.17664684
 10
693069.08645396
 20
6237036.95320728
  0
LWPOLYLINE
  5
207EC
100
AcDbEntity
  8
0
100
AcDbPolyline
 70
0
 90
2
 10
692975.658726174
 20
6237120.94104451
 10
692991.659717576
 20
6237087.07678386
  0
LWPOLYLINE
  5
207ED
100
AcDbEntity
  8
0
100
AcDbPolyline
 70
0
 90
2
 10
692991.659717576
 20
6237087.07678386
 10
692995.98402233
 20
6237077.93150629
  0
LWPOLYLINE
  5
207EE
100
AcDbEntity
  8
0
100
AcDbPolyline
 70
0
 90
2
 10
692995.98402233
 20
6237077.93150629
 10
693001.811913932
 20
6237065.59942855
  0
LWPOLYLINE
  5
207EF
100
AcDbEntity
  8
0
100
AcDbPolyline
 70
0
 90
2
 10
693001.811913932
 20
6237065.59942855
 10
693003.359359432
 20
6237039.8984032
  0
LWPOLYLINE
  5
207F0
100
AcDbEntity
  8
0
100
AcDbPolyline
 70
0
 90
2
 10
693003.359359432
 20
6237039.8984032
 10
693006.973424041
 20
6237027.65568004
  0
LWPOLYLINE
  5
207F1
100
AcDbEntity
  8
0
100
AcDbPolyline
 70
0
 90
2
 10
692995.98402233
 20
6237077.93150629
 10
693062.32398345
 20
6237114.51768722
  0
LWPOLYLINE
  5
207F2
100
AcDbEntity
  8
0
100
AcDbPolyline
 70
0
 90
2
 10
693062.32398345
 20
6237114.51768722
 10
693079.389099994
 20
6237079.78783463
  0
LWPOLYLINE
  5
207F3
100
AcDbEntity
  8
0
100
AcDbPolyline
 70
0
 90
2
 10
692932.33110607
 20
6237140.03754415
 10
692933.454917045
 20
6237165.83707219
  0
LWPOLYLINE
  5
207F4
100
AcDbEntity
  8
0
100
AcDbPolyline
 70
0
 90
2
 10
692922.282761791
 20
6237112.00642085
 10
692932.33110607
 20
6237140.03754415
  0
LWPOLYLINE
  5
207F5
100
AcDbEntity
  8
0
100
AcDbPolyline
 70
0
 90
2
 10
692922.282761791
 20
6237112.00642085
 10
692937.455472738
 20
6237102.21468509
  0
LWPOLYLINE
  5
207F6
100
AcDbEntity
  8
0
100
AcDbPolyline
 70
0
 90
2
 10
692923.267298981
 20
6237082.13339927
 10
692937.455472737
 20
6237102.21468509
  0
LWPOLYLINE
  5
207F7
100
AcDbEntity
  8
0
100
AcDbPolyline
 70
0
 90
2
 10
692923.267298982
 20
6237082.13339927
 10
692932.213910894
 20
6237059.85456451
  0
LWPOLYLINE
  5
207F8
100
AcDbEntity
  8
0
100
AcDbPolyline
 70
0
 90
2
 10
692966.405105877
 20
6237140.80938643
 10
692987.540187519
 20
6237152.4883988
  0
LWPOLYLINE
  5
207F9
100
AcDbEntity
  8
0
100
AcDbPolyline
 70
0
 90
2
 10
692937.455472737
 20
6237102.21468509
 10
692966.405105876
 20
6237140.80938643
  0
LWPOLYLINE
  5
207FA
100
AcDbEntity
  8
0
100
AcDbPolyline
 70
0
 90
2
 10
692932.33110607
 20
6237140.03754415
 10
692966.405105877
 20
6237140.80938643
  0
LWPOLYLINE
  5
207FB
100
AcDbEntity
  8
0
100
AcDbPolyline
 70
0
 90
2
 10
697845.45439887
 20
6236251.03361048
 10
697882.766159714
 20
6236238.98517017
  0
LWPOLYLINE
  5
207FC
100
AcDbEntity
  8
0
100
AcDbPolyline
 70
0
 90
2
 10
697882.766159714
 20
6236238.98517017
 10
697884.868690217
 20
6236239.17183484
  0
LWPOLYLINE
  5
207FD
100
AcDbEntity
  8
0
100
AcDbPolyline
 70
0
 90
2
 10
697884.868690217
 20
6236239.17183484
 10
697886.817510907
 20
6236242.40577688
  0
LWPOLYLINE
  5
207FE
100
AcDbEntity
  8
0
100
AcDbPolyline
 70
0
 90
2
 10
697886.817510907
 20
6236242.40577688
 10
697909.005971998
 20
6236286.27432726
  0
LWPOLYLINE
  5
207FF
100
AcDbEntity
  8
0
100
AcDbPolyline
 70
0
 90
2
 10
694810.726546228
 20
6235645.3823995
 10
694839.824461569
 20
6235609.21220862
  0
LWPOLYLINE
  5
20800
100
AcDbEntity
  8
0
100
AcDbPolyline
 70
0
 90
2
 10
695614.8566899
 20
6236796.4613229
 10
695635.525084115
 20
6236796.9741366
  0
LWPOLYLINE
  5
20801
100
AcDbEntity
  8
0
100
AcDbPolyline
 70
0
 90
2
 10
695600.696619663
 20
6236794.95388263
 10
695614.8566899
 20
6236796.4613229
  0
LWPOLYLINE
  5
20802
100
AcDbEntity
  8
0
100
AcDbPolyline
 70
0
 90
2
 10
695578.759510753
 20
6236793.94835115
 10
695600.696619663
 20
6236794.95388263
  0
LWPOLYLINE
  5
20803
100
AcDbEntity
  8
0
100
AcDbPolyline
 70
0
 90
2
 10
695564.777673438
 20
6236798.03388166
 10
695578.759510753
 20
6236793.94835115
  0
LWPOLYLINE
  5
20804
100
AcDbEntity
  8
0
100
AcDbPolyline
 70
0
 90
2
 10
695552.728928467
 20
6236806.94554972
 10
695564.777673438
 20
6236798.03388166
  0
LWPOLYLINE
  5
20805
100
AcDbEntity
  8
0
100
AcDbPolyline
 70
0
 90
2
 10
695536.341555815
 20
6236816.51675336
 10
695552.728928467
 20
6236806.94554972
  0
LWPOLYLINE
  5
20806
100
AcDbEntity
  8
0
100
AcDbPolyline
 70
0
 90
2
 10
695512.406578329
 20
6236821.45056351
 10
695536.341555815
 20
6236816.51675336
  0
LWPOLYLINE
  5
20807
100
AcDbEntity
  8
0
100
AcDbPolyline
 70
0
 90
2
 10
695495.400393572
 20
6236825.83247326
 10
695512.406578329
 20
6236821.45056351
  0
LWPOLYLINE
  5
20808
100
AcDbEntity
  8
0
100
AcDbPolyline
 70
0
 90
2
 10
695481.495043396
 20
6236832.31838497
 10
695495.400393572
 20
6236825.83247326
  0
LWPOLYLINE
  5
20809
100
AcDbEntity
  8
0
100
AcDbPolyline
 70
0
 90
2
 10
693534.585053608
 20
6235951.50833941
 10
693653.592938158
 20
6236066.63447926
  0
LWPOLYLINE
  5
2080A
100
AcDbEntity
  8
0
100
AcDbPolyline
 70
0
 90
2
 10
693653.592938159
 20
6236066.63447926
 10
693720.362315536
 20
6236138.48443229
  0
LWPOLYLINE
  5
2080B
100
AcDbEntity
  8
0
100
AcDbPolyline
 70
0
 90
2
 10
693720.362315536
 20
6236138.48443229
 10
693741.987148457
 20
6236161.74835651
  0
LWPOLYLINE
  5
2080C
100
AcDbEntity
  8
0
100
AcDbPolyline
 70
0
 90
2
 10
693741.987148458
 20
6236161.74835651
 10
693837.018584949
 20
6236257.45559632
  0
LWPOLYLINE
  5
2080D
100
AcDbEntity
  8
0
100
AcDbPolyline
 70
0
 90
2
 10
693950.615961917
 20
6236398.91934042
 10
693979.122285254
 20
6236367.2985014
  0
LWPOLYLINE
  5
2080E
100
AcDbEntity
  8
0
100
AcDbPolyline
 70
0
 90
2
 10
693984.062722672
 20
6236332.91228936
 10
694002.056498037
 20
6236290.68131375
  0
LWPOLYLINE
  5
2080F
100
AcDbEntity
  8
0
100
AcDbPolyline
 70
0
 90
2
 10
693896.841404213
 20
6236288.43012636
 10
693904.09239007
 20
6236268.49473376
  0
LWPOLYLINE
  5
20810
100
AcDbEntity
  8
0
100
AcDbPolyline
 70
0
 90
2
 10
693942.066790508
 20
6236307.79602625
 10
693952.18046352
 20
6236277.3344719
  0
LWPOLYLINE
  5
20811
100
AcDbEntity
  8
0
100
AcDbPolyline
 70
0
 90
2
 10
693963.405416664
 20
6236351.24617396
 10
693979.122285253
 20
6236367.2985014
  0
LWPOLYLINE
  5
20812
100
AcDbEntity
  8
0
100
AcDbPolyline
 70
0
 90
2
 10
693954.46372839
 20
6236342.12300665
 10
693963.405416665
 20
6236351.24617396
  0
LWPOLYLINE
  5
20813
100
AcDbEntity
  8
0
100
AcDbPolyline
 70
0
 90
2
 10
693944.027466356
 20
6236334.73771864
 10
693954.463728388
 20
6236342.12300665
  0
LWPOLYLINE
  5
20814
100
AcDbEntity
  8
0
100
AcDbPolyline
 70
0
 90
2
 10
693925.77735701
 20
6236321.82528514
 10
693944.027466356
 20
6236334.73771864
  0
LWPOLYLINE
  5
20815
100
AcDbEntity
  8
0
100
AcDbPolyline
 70
0
 90
2
 10
693919.739571391
 20
6236320.52542885
 10
693925.77735701
 20
6236321.82528514
  0
LWPOLYLINE
  5
20816
100
AcDbEntity
  8
0
100
AcDbPolyline
 70
0
 90
2
 10
693891.014089183
 20
6236314.33799536
 10
693919.739571391
 20
6236320.52542885
  0
LWPOLYLINE
  5
20817
100
AcDbEntity
  8
0
100
AcDbPolyline
 70
0
 90
2
 10
693870.064235524
 20
6236310.00878792
 10
693891.014089183
 20
6236314.33799536
  0
LWPOLYLINE
  5
20818
100
AcDbEntity
  8
0
100
AcDbPolyline
 70
0
 90
2
 10
693864.114718783
 20
6236292.00402099
 10
693870.064235524
 20
6236310.00878792
  0
LWPOLYLINE
  5
20819
100
AcDbEntity
  8
0
100
AcDbPolyline
 70
0
 90
2
 10
693837.01858495
 20
6236257.45559632
 10
693864.114718784
 20
6236292.00402099
  0
LWPOLYLINE
  5
2081A
100
AcDbEntity
  8
0
100
AcDbPolyline
 70
0
 90
2
 10
693889.701386158
 20
6236389.83117059
 10
693944.027466356
 20
6236334.73771864
  0
LWPOLYLINE
  5
2081B
100
AcDbEntity
  8
0
100
AcDbPolyline
 70
0
 90
2
 10
694061.324880372
 20
6236345.28655772
 10
694068.672137061
 20
6236332.53431479
  0
LWPOLYLINE
  5
2081C
100
AcDbEntity
  8
0
100
AcDbPolyline
 70
0
 90
2
 10
694068.672137061
 20
6236332.53431479
 10
694076.497911553
 20
6236318.54425405
  0
LWPOLYLINE
  5
2081D
100
AcDbEntity
  8
0
100
AcDbPolyline
 70
0
 90
2
 10
694075.8470593
 20
6236305.00473271
 10
694076.497911553
 20
6236318.54425405
  0
LWPOLYLINE
  5
2081E
100
AcDbEntity
  8
0
100
AcDbPolyline
 70
0
 90
2
 10
694068.882704424
 20
6236300.05096614
 10
694075.8470593
 20
6236305.00473271
  0
LWPOLYLINE
  5
2081F
100
AcDbEntity
  8
0
100
AcDbPolyline
 70
0
 90
2
 10
694052.942309336
 20
6236298.2003088
 10
694068.882704424
 20
6236300.05096614
  0
LWPOLYLINE
  5
20820
100
AcDbEntity
  8
0
100
AcDbPolyline
 70
0
 90
2
 10
694026.810610845
 20
6236295.18412152
 10
694052.942309336
 20
6236298.2003088
  0
LWPOLYLINE
  5
20821
100
AcDbEntity
  8
0
100
AcDbPolyline
 70
0
 90
2
 10
694002.056498037
 20
6236290.68131375
 10
694026.810610845
 20
6236295.18412152
  0
LWPOLYLINE
  5
20822
100
AcDbEntity
  8
0
100
AcDbPolyline
 70
0
 90
2
 10
693977.456564286
 20
6236283.87827521
 10
694002.056498037
 20
6236290.68131375
  0
LWPOLYLINE
  5
20823
100
AcDbEntity
  8
0
100
AcDbPolyline
 70
0
 90
2
 10
693972.821027261
 20
6236282.5974949
 10
693977.456564286
 20
6236283.87827521
  0
LWPOLYLINE
  5
20824
100
AcDbEntity
  8
0
100
AcDbPolyline
 70
0
 90
2
 10
693952.18046352
 20
6236277.3344719
 10
693972.821027261
 20
6236282.5974949
  0
LWPOLYLINE
  5
20825
100
AcDbEntity
  8
0
100
AcDbPolyline
 70
0
 90
2
 10
693940.623827064
 20
6236274.37929276
 10
693952.18046352
 20
6236277.3344719
  0
LWPOLYLINE
  5
20826
100
AcDbEntity
  8
0
100
AcDbPolyline
 70
0
 90
2
 10
693929.33830363
 20
6236272.56228883
 10
693940.623827064
 20
6236274.37929276
  0
LWPOLYLINE
  5
20827
100
AcDbEntity
  8
0
100
AcDbPolyline
 70
0
 90
2
 10
693904.09239007
 20
6236268.49473376
 10
693929.33830363
 20
6236272.56228883
  0
LWPOLYLINE
  5
20828
100
AcDbEntity
  8
0
100
AcDbPolyline
 70
0
 90
2
 10
693879.822657487
 20
6236262.75507396
 10
693904.09239007
 20
6236268.49473376
  0
LWPOLYLINE
  5
20829
100
AcDbEntity
  8
0
100
AcDbPolyline
 70
0
 90
2
 10
693854.264013142
 20
6236257.36944074
 10
693879.822657487
 20
6236262.75507396
  0
LWPOLYLINE
  5
2082A
100
AcDbEntity
  8
0
100
AcDbPolyline
 70
0
 90
2
 10
693837.01858495
 20
6236257.45559632
 10
693854.264013142
 20
6236257.36944074
  0
LWPOLYLINE
  5
2082B
100
AcDbEntity
  8
0
100
AcDbPolyline
 70
0
 90
2
 10
694034.464518453
 20
6236340.68776588
 10
694052.942309335
 20
6236298.2003088
  0
LWPOLYLINE
  5
2082C
100
AcDbEntity
  8
0
100
AcDbPolyline
 70
0
 90
2
 10
693918.353087766
 20
6236299.11635564
 10
693929.338310314
 20
6236272.56228991
  0
LWPOLYLINE
  5
2082D
100
AcDbEntity
  8
0
100
AcDbPolyline
 70
0
 90
2
 10
693961.025479181
 20
6236318.77889801
 10
693977.456566995
 20
6236283.87827596
  0
LWPOLYLINE
  5
2082E
100
AcDbEntity
  8
0
100
AcDbPolyline
 70
0
 90
2
 10
693864.114718784
 20
6236292.00402099
 10
693879.822657487
 20
6236262.75507396
  0
LWPOLYLINE
  5
2082F
100
AcDbEntity
  8
0
100
AcDbPolyline
 70
0
 90
2
 10
693918.113320405
 20
6236397.4423163
 10
693963.405416663
 20
6236351.24617396
  0
LWPOLYLINE
  5
20830
100
AcDbEntity
  8
0
100
AcDbPolyline
 70
0
 90
2
 10
694007.508029984
 20
6236338.2026667
 10
694026.810610846
 20
6236295.18412152
  0
LWPOLYLINE
  5
20831
100
AcDbEntity
  8
0
100
AcDbPolyline
 70
0
 90
2
 10
693873.507356592
 20
6236373.89127153
 10
693919.739572397
 20
6236320.52542907
  0
LWPOLYLINE
  5
20832
100
AcDbEntity
  8
0
100
AcDbPolyline
 70
0
 90
2
 10
693322.639134967
 20
6236683.1126036
 10
693405.404874016
 20
6236601.86950152
  0
LWPOLYLINE
  5
20833
100
AcDbEntity
  8
0
100
AcDbPolyline
 70
0
 90
2
 10
693497.891553254
 20
6236094.71832555
 10
693655.746187562
 20
6236248.37923073
  0
LWPOLYLINE
  5
20834
100
AcDbEntity
  8
0
100
AcDbPolyline
 70
0
 90
2
 10
693655.746187558
 20
6236248.37923073
 10
693741.987148458
 20
6236161.74835651
  0
LWPOLYLINE
  5
20835
100
AcDbEntity
  8
0
100
AcDbPolyline
 70
0
 90
2
 10
693511.796609982
 20
6236398.21584662
 10
693557.585968141
 20
6236436.08448157
  0
LWPOLYLINE
  5
20836
100
AcDbEntity
  8
0
100
AcDbPolyline
 70
0
 90
2
 10
693557.585968141
 20
6236436.08448157
 10
693561.883471854
 20
6236460.55694981
  0
LWPOLYLINE
  5
20837
100
AcDbEntity
  8
0
100
AcDbPolyline
 70
0
 90
2
 10
693561.883471854
 20
6236460.55694981
 10
693577.831558689
 20
6236481.52278069
  0
LWPOLYLINE
  5
20838
100
AcDbEntity
  8
0
100
AcDbPolyline
 70
0
 90
2
 10
693577.831558689
 20
6236481.52278069
 10
693578.449524968
 20
6236497.73585145
  0
LWPOLYLINE
  5
20839
100
AcDbEntity
  8
0
100
AcDbPolyline
 70
0
 90
2
 10
693578.449524968
 20
6236497.73585145
 10
693583.757685737
 20
6236514.84163141
  0
LWPOLYLINE
  5
2083A
100
AcDbEntity
  8
0
100
AcDbPolyline
 70
0
 90
2
 10
693583.757685737
 20
6236514.84163141
 10
693593.538882354
 20
6236522.70906449
  0
LWPOLYLINE
  5
2083B
100
AcDbEntity
  8
0
100
AcDbPolyline
 70
0
 90
2
 10
693593.538882354
 20
6236522.70906449
 10
693615.181533975
 20
6236507.50589583
  0
LWPOLYLINE
  5
2083C
100
AcDbEntity
  8
0
100
AcDbPolyline
 70
0
 90
2
 10
693275.405234327
 20
6236636.45315105
 10
693322.639134967
 20
6236683.1126036
  0
LWPOLYLINE
  5
2083D
100
AcDbEntity
  8
0
100
AcDbPolyline
 70
0
 90
2
 10
693322.639134967
 20
6236683.1126036
 10
693386.822292889
 20
6236713.68695563
  0
LWPOLYLINE
  5
2083E
100
AcDbEntity
  8
0
100
AcDbPolyline
 70
0
 90
2
 10
693386.822292889
 20
6236713.68695563
 10
693425.074860284
 20
6236674.94705957
  0
LWPOLYLINE
  5
2083F
100
AcDbEntity
  8
0
100
AcDbPolyline
 70
0
 90
2
 10
693425.074860284
 20
6236674.94705957
 10
693492.91436198
 20
6236744.12264372
  0
LWPOLYLINE
  5
20840
100
AcDbEntity
  8
0
100
AcDbPolyline
 70
0
 90
2
 10
693491.781082024
 20
6236754.19247021
 10
693492.91436198
 20
6236744.12264372
  0
LWPOLYLINE
  5
20841
100
AcDbEntity
  8
0
100
AcDbPolyline
 70
0
 90
2
 10
693466.92619098
 20
6236780.72048158
 10
693491.781082023
 20
6236754.19247021
  0
LWPOLYLINE
  5
20842
100
AcDbEntity
  8
0
100
AcDbPolyline
 70
0
 90
2
 10
693307.179220625
 20
6237256.29938569
 10
693318.348814142
 20
6237302.26171488
  0
LWPOLYLINE
  5
20843
100
AcDbEntity
  8
0
100
AcDbPolyline
 70
0
 90
2
 10
693295.533902771
 20
6237215.48761698
 10
693307.179220625
 20
6237256.29938569
  0
LWPOLYLINE
  5
20844
100
AcDbEntity
  8
0
100
AcDbPolyline
 70
0
 90
2
 10
693295.533902771
 20
6237215.48761698
 10
693306.118897558
 20
6237167.08895262
  0
LWPOLYLINE
  5
20845
100
AcDbEntity
  8
0
100
AcDbPolyline
 70
0
 90
2
 10
693306.118897558
 20
6237167.08895262
 10
693310.659605692
 20
6237136.74160359
  0
LWPOLYLINE
  5
20846
100
AcDbEntity
  8
0
100
AcDbPolyline
 70
0
 90
2
 10
693310.659605692
 20
6237136.74160359
 10
693312.80414195
 20
6237089.40959997
  0
LWPOLYLINE
  5
20847
100
AcDbEntity
  8
0
100
AcDbPolyline
 70
0
 90
2
 10
693312.80414195
 20
6237089.40959997
 10
693316.584286496
 20
6237052.69647439
  0
LWPOLYLINE
  5
20848
100
AcDbEntity
  8
0
100
AcDbPolyline
 70
0
 90
2
 10
693316.584286496
 20
6237052.69647439
 10
693319.900121214
 20
6237026.0946546
  0
LWPOLYLINE
  5
20849
100
AcDbEntity
  8
0
100
AcDbPolyline
 70
0
 90
2
 10
693315.260974037
 20
6237009.15328197
 10
693319.900121214
 20
6237026.0946546
  0
LWPOLYLINE
  5
2084A
100
AcDbEntity
  8
0
100
AcDbPolyline
 70
0
 90
2
 10
693298.892460244
 20
6236988.44798099
 10
693315.260974037
 20
6237009.15328197
  0
LWPOLYLINE
  5
2084B
100
AcDbEntity
  8
0
100
AcDbPolyline
 70
0
 90
2
 10
693269.918160077
 20
6236959.61429013
 10
693298.892460248
 20
6236988.44798099
  0
LWPOLYLINE
  5
2084C
100
AcDbEntity
  8
0
100
AcDbPolyline
 70
0
 90
2
 10
693247.466007155
 20
6236929.99498159
 10
693269.918160076
 20
6236959.61429013
  0
LWPOLYLINE
  5
2084D
100
AcDbEntity
  8
0
100
AcDbPolyline
 70
0
 90
2
 10
693235.003856593
 20
6236906.76939644
 10
693247.466007155
 20
6236929.99498159
  0
LWPOLYLINE
  5
2084E
100
AcDbEntity
  8
0
100
AcDbPolyline
 70
0
 90
2
 10
693226.950987513
 20
6236881.58107544
 10
693235.003856593
 20
6236906.76939644
  0
LWPOLYLINE
  5
2084F
100
AcDbEntity
  8
0
100
AcDbPolyline
 70
0
 90
2
 10
693216.682057114
 20
6236833.63125219
 10
693226.950987513
 20
6236881.58107544
  0
LWPOLYLINE
  5
20850
100
AcDbEntity
  8
0
100
AcDbPolyline
 70
0
 90
2
 10
693212.234605754
 20
6236800.51375905
 10
693216.682057114
 20
6236833.63125219
  0
LWPOLYLINE
  5
20851
100
AcDbEntity
  8
0
100
AcDbPolyline
 70
0
 90
2
 10
693208.572375884
 20
6236773.90804361
 10
693212.234605754
 20
6236800.51375905
  0
LWPOLYLINE
  5
20852
100
AcDbEntity
  8
0
100
AcDbPolyline
 70
0
 90
2
 10
693206.362977671
 20
6236751.13568945
 10
693208.572375884
 20
6236773.90804361
  0
LWPOLYLINE
  5
20853
100
AcDbEntity
  8
0
100
AcDbPolyline
 70
0
 90
2
 10
693197.965476173
 20
6236721.61809915
 10
693206.362977671
 20
6236751.13568945
  0
LWPOLYLINE
  5
20854
100
AcDbEntity
  8
0
100
AcDbPolyline
 70
0
 90
2
 10
693193.593321212
 20
6236698.75898719
 10
693197.965476173
 20
6236721.61809915
  0
LWPOLYLINE
  5
20855
100
AcDbEntity
  8
0
100
AcDbPolyline
 70
0
 90
2
 10
693193.593321212
 20
6236698.75898719
 10
693198.219884215
 20
6236680.07486347
  0
LWPOLYLINE
  5
20856
100
AcDbEntity
  8
0
100
AcDbPolyline
 70
0
 90
2
 10
693198.219884215
 20
6236680.07486347
 10
693219.503868655
 20
6236651.9011715
  0
LWPOLYLINE
  5
20857
100
AcDbEntity
  8
0
100
AcDbPolyline
 70
0
 90
2
 10
693219.503868655
 20
6236651.9011715
 10
693230.951909252
 20
6236625.97965976
  0
LWPOLYLINE
  5
20858
100
AcDbEntity
  8
0
100
AcDbPolyline
 70
0
 90
2
 10
693230.951909252
 20
6236625.97965976
 10
693241.249034336
 20
6236601.62231951
  0
LWPOLYLINE
  5
20859
100
AcDbEntity
  8
0
100
AcDbPolyline
 70
0
 90
2
 10
693511.796609975
 20
6236398.21584663
 10
693655.746187558
 20
6236248.37923073
  0
LWPOLYLINE
  5
2085A
100
AcDbEntity
  8
0
100
AcDbPolyline
 70
0
 90
2
 10
693275.405234328
 20
6236636.45315105
 10
693511.796609975
 20
6236398.21584663
  0
LWPOLYLINE
  5
2085B
100
AcDbEntity
  8
0
100
AcDbPolyline
 70
0
 90
2
 10
693241.24903101
 20
6236601.62231612
 10
693275.40523432
 20
6236636.45315104
  0
LWPOLYLINE
  5
2085C
100
AcDbEntity
  8
0
100
AcDbPolyline
 70
0
 90
2
 10
693139.714130583
 20
6236498.09912224
 10
693241.24903101
 20
6236601.62231612
  0
LWPOLYLINE
  5
2085D
100
AcDbEntity
  8
0
100
AcDbPolyline
 70
0
 90
2
 10
693133.486176103
 20
6236471.51117501
 10
693139.714130583
 20
6236498.09912224
  0
LWPOLYLINE
  5
2085E
100
AcDbEntity
  8
0
100
AcDbPolyline
 70
0
 90
2
 10
693133.486176103
 20
6236471.51117501
 10
693140.106590176
 20
6236459.66095462
  0
LWPOLYLINE
  5
2085F
100
AcDbEntity
  8
0
100
AcDbPolyline
 70
0
 90
2
 10
693140.106590177
 20
6236459.66095462
 10
693497.891553254
 20
6236094.71832555
  0
LWPOLYLINE
  5
20860
100
AcDbEntity
  8
0
100
AcDbPolyline
 70
0
 90
2
 10
693491.781082024
 20
6236754.19247021
 10
693508.284294159
 20
6236763.03335648
  0
LWPOLYLINE
  5
20861
100
AcDbEntity
  8
0
100
AcDbPolyline
 70
0
 90
2
 10
693508.284294159
 20
6236763.03335648
 10
693516.962434947
 20
6236780.29189418
  0
LWPOLYLINE
  5
20862
100
AcDbEntity
  8
0
100
AcDbPolyline
 70
0
 90
2
 10
693516.962434947
 20
6236780.29189418
 10
693524.849337475
 20
6236800.21207534
  0
LWPOLYLINE
  5
20863
100
AcDbEntity
  8
0
100
AcDbPolyline
 70
0
 90
2
 10
693524.849337475
 20
6236800.21207534
 10
693537.603485479
 20
6236816.97557969
  0
LWPOLYLINE
  5
20864
100
AcDbEntity
  8
0
100
AcDbPolyline
 70
0
 90
2
 10
693537.603485479
 20
6236816.97557969
 10
693555.511743534
 20
6236824.53164615
  0
LWPOLYLINE
  5
20865
100
AcDbEntity
  8
0
100
AcDbPolyline
 70
0
 90
2
 10
693555.511743534
 20
6236824.53164615
 10
693565.020282536
 20
6236823.61422003
  0
LWPOLYLINE
  5
20866
100
AcDbEntity
  8
0
100
AcDbPolyline
 70
0
 90
2
 10
693565.020282536
 20
6236823.61422003
 10
693572.129974984
 20
6236830.69166205
  0
LWPOLYLINE
  5
20867
100
AcDbEntity
  8
0
100
AcDbPolyline
 70
0
 90
2
 10
693572.129974984
 20
6236830.69166205
 10
693572.225410782
 20
6236843.5035825
  0
LWPOLYLINE
  5
20868
100
AcDbEntity
  8
0
100
AcDbPolyline
 70
0
 90
2
 10
693578.090074552
 20
6236535.49578636
 10
693593.538882354
 20
6236522.70906449
  0
LWPOLYLINE
  5
20869
100
AcDbEntity
  8
0
100
AcDbPolyline
 70
0
 90
2
 10
696646.239136576
 20
6232082.93270198
 10
696655.887703136
 20
6232138.12027332
  0
LWPOLYLINE
  5
2086A
100
AcDbEntity
  8
0
100
AcDbPolyline
 70
0
 90
2
 10
696645.347933279
 20
6232013.95778293
 10
696646.239136576
 20
6232082.93270198
  0
LWPOLYLINE
  5
2086B
100
AcDbEntity
  8
0
100
AcDbPolyline
 70
0
 90
2
 10
696624.615236558
 20
6231924.21699343
 10
696645.347933279
 20
6232013.95778293
  0
LWPOLYLINE
  5
2086C
100
AcDbEntity
  8
0
100
AcDbPolyline
 70
0
 90
2
 10
696613.154959218
 20
6231874.60899002
 10
696624.615236558
 20
6231924.21699343
  0
LWPOLYLINE
  5
2086D
100
AcDbEntity
  8
0
100
AcDbPolyline
 70
0
 90
2
 10
696602.387942154
 20
6231843.70435641
 10
696613.154959218
 20
6231874.60899002
  0
LWPOLYLINE
  5
2086E
100
AcDbEntity
  8
0
100
AcDbPolyline
 70
0
 90
2
 10
696578.279936845
 20
6231749.32755785
 10
696602.387942154
 20
6231843.70435641
  0
LWPOLYLINE
  5
2086F
100
AcDbEntity
  8
0
100
AcDbPolyline
 70
0
 90
2
 10
696560.0754736
 20
6231659.27999969
 10
696578.279936845
 20
6231749.32755785
  0
LWPOLYLINE
  5
20870
100
AcDbEntity
  8
0
100
AcDbPolyline
 70
0
 90
2
 10
696543.427238173
 20
6231579.43686433
 10
696560.0754736
 20
6231659.27999969
  0
LWPOLYLINE
  5
20871
100
AcDbEntity
  8
0
100
AcDbPolyline
 70
0
 90
2
 10
696314.97495361
 20
6232034.15108652
 10
696387.540064444
 20
6232009.20463449
  0
LWPOLYLINE
  5
20872
100
AcDbEntity
  8
0
100
AcDbPolyline
 70
0
 90
2
 10
696387.540064444
 20
6232009.20463449
 10
696460.033219863
 20
6231979.08379043
  0
LWPOLYLINE
  5
20873
100
AcDbEntity
  8
0
100
AcDbPolyline
 70
0
 90
2
 10
696460.033219863
 20
6231979.08379043
 10
696624.615238851
 20
6231924.21700337
  0
LWPOLYLINE
  5
20874
100
AcDbEntity
  8
0
100
AcDbPolyline
 70
0
 90
2
 10
696624.615238851
 20
6231924.21700337
 10
696686.053601668
 20
6231897.35897406
  0
LWPOLYLINE
  5
20875
100
AcDbEntity
  8
0
100
AcDbPolyline
 70
0
 90
2
 10
696686.053601668
 20
6231897.35897406
 10
696732.633125156
 20
6231885.59104842
  0
LWPOLYLINE
  5
20876
100
AcDbEntity
  8
0
100
AcDbPolyline
 70
0
 90
2
 10
696732.633125156
 20
6231885.59104842
 10
696790.20013185
 20
6231881.01777238
  0
LWPOLYLINE
  5
20877
100
AcDbEntity
  8
0
100
AcDbPolyline
 70
0
 90
2
 10
696814.227071486
 20
6232096.75164317
 10
696825.787124747
 20
6232198.64525384
  0
LWPOLYLINE
  5
20878
100
AcDbEntity
  8
0
100
AcDbPolyline
 70
0
 90
2
 10
696795.134628321
 20
6231937.72763912
 10
696814.227071486
 20
6232096.75164317
  0
LWPOLYLINE
  5
20879
100
AcDbEntity
  8
0
100
AcDbPolyline
 70
0
 90
2
 10
696790.200130168
 20
6231881.01775306
 10
696795.134628321
 20
6231937.72763912
  0
LWPOLYLINE
  5
2087A
100
AcDbEntity
  8
0
100
AcDbPolyline
 70
0
 90
2
 10
696787.163810244
 20
6231846.12113184
 10
696790.200130168
 20
6231881.01775306
  0
LWPOLYLINE
  5
2087B
100
AcDbEntity
  8
0
100
AcDbPolyline
 70
0
 90
2
 10
696752.013881304
 20
6231726.91166078
 10
696787.163810244
 20
6231846.12113184
  0
LWPOLYLINE
  5
2087C
100
AcDbEntity
  8
0
100
AcDbPolyline
 70
0
 90
2
 10
696732.436806737
 20
6231622.59849772
 10
696752.013881304
 20
6231726.91166078
  0
LWPOLYLINE
  5
2087D
100
AcDbEntity
  8
0
100
AcDbPolyline
 70
0
 90
2
 10
696697.935451008
 20
6231489.20700119
 10
696732.436806737
 20
6231622.59849772
  0
LWPOLYLINE
  5
2087E
100
AcDbEntity
  8
0
100
AcDbPolyline
 70
0
 90
2
 10
696674.112261755
 20
6231388.75650215
 10
696697.935451008
 20
6231489.20700119
  0
LWPOLYLINE
  5
2087F
100
AcDbEntity
  8
0
100
AcDbPolyline
 70
0
 90
2
 10
695560.273769127
 20
6232668.1805354
 10
695806.880560943
 20
6232650.20183721
  0
LWPOLYLINE
  5
20880
100
AcDbEntity
  8
0
100
AcDbPolyline
 70
0
 90
2
 10
695806.880560943
 20
6232650.20183721
 10
696110.080881092
 20
6232639.74997183
  0
LWPOLYLINE
  5
20881
100
AcDbEntity
  8
0
100
AcDbPolyline
 70
0
 90
2
 10
696110.080881092
 20
6232639.74997183
 10
696187.57775981
 20
6232637.07611783
  0
LWPOLYLINE
  5
20882
100
AcDbEntity
  8
0
100
AcDbPolyline
 70
0
 90
2
 10
696187.57775981
 20
6232637.07611783
 10
696247.534869925
 20
6232635.01376586
  0
LWPOLYLINE
  5
20883
100
AcDbEntity
  8
0
100
AcDbPolyline
 70
0
 90
2
 10
696490.44482111
 20
6232201.46218552
 10
696495.563766699
 20
6232268.82548783
  0
LWPOLYLINE
  5
20884
100
AcDbEntity
  8
0
100
AcDbPolyline
 70
0
 90
2
 10
696488.174329054
 20
6232118.23375609
 10
696490.44482111
 20
6232201.46218552
  0
LWPOLYLINE
  5
20885
100
AcDbEntity
  8
0
100
AcDbPolyline
 70
0
 90
2
 10
696479.639361067
 20
6232038.77490718
 10
696488.174329054
 20
6232118.23375609
  0
LWPOLYLINE
  5
20886
100
AcDbEntity
  8
0
100
AcDbPolyline
 70
0
 90
2
 10
696460.033219863
 20
6231979.08379043
 10
696479.639361067
 20
6232038.77490718
  0
LWPOLYLINE
  5
20887
100
AcDbEntity
  8
0
100
AcDbPolyline
 70
0
 90
2
 10
696436.394142297
 20
6231874.59675903
 10
696460.033219863
 20
6231979.08379043
  0
LWPOLYLINE
  5
20888
100
AcDbEntity
  8
0
100
AcDbPolyline
 70
0
 90
2
 10
696408.23258354
 20
6231780.03485304
 10
696436.394142297
 20
6231874.59675903
  0
LWPOLYLINE
  5
20889
100
AcDbEntity
  8
0
100
AcDbPolyline
 70
0
 90
2
 10
696369.015574018
 20
6231660.63125053
 10
696408.23258354
 20
6231780.03485304
  0
LWPOLYLINE
  5
2088A
100
AcDbEntity
  8
0
100
AcDbPolyline
 70
0
 90
2
 10
696349.598309082
 20
6231596.88089764
 10
696369.015574018
 20
6231660.63125053
  0
LWPOLYLINE
  5
2088B
100
AcDbEntity
  8
0
100
AcDbPolyline
 70
0
 90
2
 10
697026.142762976
 20
6232171.39246318
 10
697059.349638741
 20
6232112.09312033
  0
LWPOLYLINE
  5
2088C
100
AcDbEntity
  8
0
100
AcDbPolyline
 70
0
 90
2
 10
697059.349638741
 20
6232112.09312033
 10
697118.193848565
 20
6232025.60663955
  0
LWPOLYLINE
  5
2088D
100
AcDbEntity
  8
0
100
AcDbPolyline
 70
0
 90
2
 10
697118.193848565
 20
6232025.60663955
 10
697178.975544102
 20
6231941.22785484
  0
LWPOLYLINE
  5
2088E
100
AcDbEntity
  8
0
100
AcDbPolyline
 70
0
 90
2
 10
697178.975544103
 20
6231941.22785484
 10
697238.259563094
 20
6231889.21913928
  0
LWPOLYLINE
  5
2088F
100
AcDbEntity
  8
0
100
AcDbPolyline
 70
0
 90
2
 10
697238.259563094
 20
6231889.21913928
 10
697296.296680876
 20
6231776.32307139
  0
LWPOLYLINE
  5
20890
100
AcDbEntity
  8
0
100
AcDbPolyline
 70
0
 90
2
 10
697296.296680876
 20
6231776.32307139
 10
697358.112698632
 20
6231669.68848656
  0
LWPOLYLINE
  5
20891
100
AcDbEntity
  8
0
100
AcDbPolyline
 70
0
 90
2
 10
697358.112698632
 20
6231669.68848656
 10
697402.309828865
 20
6231592.65066784
  0
LWPOLYLINE
  5
20892
100
AcDbEntity
  8
0
100
AcDbPolyline
 70
0
 90
2
 10
697402.309828865
 20
6231592.65066784
 10
697414.461090225
 20
6231562.52342154
  0
LWPOLYLINE
  5
20893
100
AcDbEntity
  8
0
100
AcDbPolyline
 70
0
 90
2
 10
697414.461090225
 20
6231562.52342154
 10
697434.431844256
 20
6231513.02668725
  0
LWPOLYLINE
  5
20894
100
AcDbEntity
  8
0
100
AcDbPolyline
 70
0
 90
2
 10
697434.431844256
 20
6231513.02668725
 10
697449.059894361
 20
6231416.36441012
  0
LWPOLYLINE
  5
20895
100
AcDbEntity
  8
0
100
AcDbPolyline
 70
0
 90
2
 10
697449.059894361
 20
6231416.36441012
 10
697450.887152517
 20
6231407.08510583
  0
LWPOLYLINE
  5
20896
100
AcDbEntity
  8
0
100
AcDbPolyline
 70
0
 90
2
 10
697450.887152517
 20
6231407.08510583
 10
697467.645007596
 20
6231321.92488767
  0
LWPOLYLINE
  5
20897
100
AcDbEntity
  8
0
100
AcDbPolyline
 70
0
 90
2
 10
693238.491646842
 20
6237303.42583639
 10
693249.402973305
 20
6237280.22036194
  0
LWPOLYLINE
  5
20898
100
AcDbEntity
  8
0
100
AcDbPolyline
 70
0
 90
2
 10
693249.402973305
 20
6237280.22036194
 10
693255.072891378
 20
6237268.16196194
  0
LWPOLYLINE
  5
20899
100
AcDbEntity
  8
0
100
AcDbPolyline
 70
0
 90
2
 10
693238.491646842
 20
6237303.42583639
 10
693251.023216002
 20
6237309.46648391
  0
LWPOLYLINE
  5
2089A
100
AcDbEntity
  8
0
100
AcDbPolyline
 70
0
 90
2
 10
693278.679873035
 20
6237324.71958482
 10
693294.181743461
 20
6237332.05419032
  0
LWPOLYLINE
  5
2089B
100
AcDbEntity
  8
0
100
AcDbPolyline
 70
0
 90
2
 10
693288.599841821
 20
6237425.38892711
 10
693298.733761233
 20
6237396.25360732
  0
LWPOLYLINE
  5
2089C
100
AcDbEntity
  8
0
100
AcDbPolyline
 70
0
 90
2
 10
693284.396524286
 20
6237443.08892983
 10
693288.599841821
 20
6237425.38892711
  0
LWPOLYLINE
  5
2089D
100
AcDbEntity
  8
0
100
AcDbPolyline
 70
0
 90
2
 10
693284.385434458
 20
6237474.02050428
 10
693284.396524286
 20
6237443.08892983
  0
LWPOLYLINE
  5
2089E
100
AcDbEntity
  8
0
100
AcDbPolyline
 70
0
 90
2
 10
693284.385434458
 20
6237474.02050427
 10
693284.419545296
 20
6237485.87098642
  0
LWPOLYLINE
  5
2089F
100
AcDbEntity
  8
0
100
AcDbPolyline
 70
0
 90
2
 10
693284.419545296
 20
6237485.87098642
 10
693284.720544133
 20
6237510.05065958
  0
LWPOLYLINE
  5
208A0
100
AcDbEntity
  8
0
100
AcDbPolyline
 70
0
 90
2
 10
693284.557476082
 20
6237534.1981613
 10
693284.720544133
 20
6237510.05065958
  0
LWPOLYLINE
  5
208A1
100
AcDbEntity
  8
0
100
AcDbPolyline
 70
0
 90
2
 10
693284.37322635
 20
6237558.81286581
 10
693284.557476082
 20
6237534.1981613
  0
LWPOLYLINE
  5
208A2
100
AcDbEntity
  8
0
100
AcDbPolyline
 70
0
 90
2
 10
693284.373226349
 20
6237558.81286581
 10
693303.720600501
 20
6237583.85556285
  0
LWPOLYLINE
  5
208A3
100
AcDbEntity
  8
0
100
AcDbPolyline
 70
0
 90
2
 10
693303.720600501
 20
6237583.85556285
 10
693316.738681923
 20
6237604.88853421
  0
LWPOLYLINE
  5
208A4
100
AcDbEntity
  8
0
100
AcDbPolyline
 70
0
 90
2
 10
693316.738681923
 20
6237604.88853421
 10
693326.879770996
 20
6237623.11595958
  0
LWPOLYLINE
  5
208A5
100
AcDbEntity
  8
0
100
AcDbPolyline
 70
0
 90
2
 10
693326.879770996
 20
6237623.11595958
 10
693331.07060246
 20
6237630.61812836
  0
LWPOLYLINE
  5
208A6
100
AcDbEntity
  8
0
100
AcDbPolyline
 70
0
 90
2
 10
693331.07060246
 20
6237630.61812836
 10
693341.779182745
 20
6237671.78895093
  0
LWPOLYLINE
  5
208A7
100
AcDbEntity
  8
0
100
AcDbPolyline
 70
0
 90
2
 10
693341.779182745
 20
6237671.78895093
 10
693347.413699997
 20
6237689.06536036
  0
LWPOLYLINE
  5
208A8
100
AcDbEntity
  8
0
100
AcDbPolyline
 70
0
 90
2
 10
693347.413699997
 20
6237689.06536036
 10
693374.761549892
 20
6237713.6685215
  0
LWPOLYLINE
  5
208A9
100
AcDbEntity
  8
0
100
AcDbPolyline
 70
0
 90
2
 10
693374.761549892
 20
6237713.6685215
 10
693392.212377375
 20
6237722.60789627
  0
LWPOLYLINE
  5
208AA
100
AcDbEntity
  8
0
100
AcDbPolyline
 70
0
 90
2
 10
693392.212377375
 20
6237722.60789627
 10
693454.182811205
 20
6237751.37861036
  0
LWPOLYLINE
  5
208AB
100
AcDbEntity
  8
0
100
AcDbPolyline
 70
0
 90
2
 10
693454.182811205
 20
6237751.37861036
 10
693464.982255479
 20
6237756.98474581
  0
LWPOLYLINE
  5
208AC
100
AcDbEntity
  8
0
100
AcDbPolyline
 70
0
 90
2
 10
693464.982255479
 20
6237756.98474581
 10
693480.607370664
 20
6237731.32026454
  0
LWPOLYLINE
  5
208AD
100
AcDbEntity
  8
0
100
AcDbPolyline
 70
0
 90
2
 10
693480.607370664
 20
6237731.32026454
 10
693496.120135891
 20
6237697.19036035
  0
LWPOLYLINE
  5
208AE
100
AcDbEntity
  8
0
100
AcDbPolyline
 70
0
 90
2
 10
693496.120135891
 20
6237697.19036035
 10
693506.146641646
 20
6237674.00294959
  0
LWPOLYLINE
  5
208AF
100
AcDbEntity
  8
0
100
AcDbPolyline
 70
0
 90
2
 10
693506.146641646
 20
6237674.00294959
 10
693524.559854117
 20
6237630.80863681
  0
LWPOLYLINE
  5
208B0
100
AcDbEntity
  8
0
100
AcDbPolyline
 70
0
 90
2
 10
693102.373224914
 20
6237463.94982216
 10
693150.157780721
 20
6237457.81992141
  0
LWPOLYLINE
  5
208B1
100
AcDbEntity
  8
0
100
AcDbPolyline
 70
0
 90
2
 10
693150.157780721
 20
6237457.81992141
 10
693175.532477543
 20
6237474.1060434
  0
LWPOLYLINE
  5
208B2
100
AcDbEntity
  8
0
100
AcDbPolyline
 70
0
 90
2
 10
693175.532477543
 20
6237474.1060434
 10
693196.163123511
 20
6237492.76351183
  0
LWPOLYLINE
  5
208B3
100
AcDbEntity
  8
0
100
AcDbPolyline
 70
0
 90
2
 10
693196.163123511
 20
6237492.76351183
 10
693217.277761202
 20
6237512.37933476
  0
LWPOLYLINE
  5
208B4
100
AcDbEntity
  8
0
100
AcDbPolyline
 70
0
 90
2
 10
693217.277761203
 20
6237512.37933476
 10
693231.824018018
 20
6237529.42382409
  0
LWPOLYLINE
  5
208B5
100
AcDbEntity
  8
0
100
AcDbPolyline
 70
0
 90
2
 10
693231.824018018
 20
6237529.42382409
 10
693254.100736572
 20
6237554.75501011
  0
LWPOLYLINE
  5
208B6
100
AcDbEntity
  8
0
100
AcDbPolyline
 70
0
 90
2
 10
693254.100736572
 20
6237554.75501011
 10
693268.27698927
 20
6237575.43899771
  0
LWPOLYLINE
  5
208B7
100
AcDbEntity
  8
0
100
AcDbPolyline
 70
0
 90
2
 10
693268.276989269
 20
6237575.43899771
 10
693283.644205748
 20
6237607.36828807
  0
LWPOLYLINE
  5
208B8
100
AcDbEntity
  8
0
100
AcDbPolyline
 70
0
 90
2
 10
693283.644205748
 20
6237607.36828807
 10
693296.095134944
 20
6237637.49349953
  0
LWPOLYLINE
  5
208B9
100
AcDbEntity
  8
0
100
AcDbPolyline
 70
0
 90
2
 10
693296.095134944
 20
6237637.49349953
 10
693300.945662883
 20
6237666.4606372
  0
LWPOLYLINE
  5
208BA
100
AcDbEntity
  8
0
100
AcDbPolyline
 70
0
 90
2
 10
693300.945662883
 20
6237666.4606372
 10
693312.552562772
 20
6237685.7576624
  0
LWPOLYLINE
  5
208BB
100
AcDbEntity
  8
0
100
AcDbPolyline
 70
0
 90
2
 10
693312.552562772
 20
6237685.7576624
 10
693326.847236685
 20
6237708.33105674
  0
LWPOLYLINE
  5
208BC
100
AcDbEntity
  8
0
100
AcDbPolyline
 70
0
 90
2
 10
693326.847236685
 20
6237708.33105674
 10
693340.775177957
 20
6237727.90056932
  0
LWPOLYLINE
  5
208BD
100
AcDbEntity
  8
0
100
AcDbPolyline
 70
0
 90
2
 10
693340.775177957
 20
6237727.90056932
 10
693356.828620053
 20
6237752.05860763
  0
LWPOLYLINE
  5
208BE
100
AcDbEntity
  8
0
100
AcDbPolyline
 70
0
 90
2
 10
693356.828620053
 20
6237752.05860763
 10
693370.790179953
 20
6237778.27320501
  0
LWPOLYLINE
  5
208BF
100
AcDbEntity
  8
0
100
AcDbPolyline
 70
0
 90
2
 10
693370.790179953
 20
6237778.27320501
 10
693383.512310287
 20
6237791.30083441
  0
LWPOLYLINE
  5
208C0
100
AcDbEntity
  8
0
100
AcDbPolyline
 70
0
 90
2
 10
693383.512310292
 20
6237791.30083441
 10
693394.563218849
 20
6237800.94215993
  0
LWPOLYLINE
  5
208C1
100
AcDbEntity
  8
0
100
AcDbPolyline
 70
0
 90
2
 10
693490.000870411
 20
6237812.52674246
 10
693491.359367632
 20
6237796.67082357
  0
LWPOLYLINE
  5
208C2
100
AcDbEntity
  8
0
100
AcDbPolyline
 70
0
 90
2
 10
693484.525872011
 20
6237827.8726798
 10
693490.000870411
 20
6237812.52674246
  0
LWPOLYLINE
  5
208C3
100
AcDbEntity
  8
0
100
AcDbPolyline
 70
0
 90
2
 10
693477.581641814
 20
6237847.28742025
 10
693484.525872011
 20
6237827.8726798
  0
LWPOLYLINE
  5
208C4
100
AcDbEntity
  8
0
100
AcDbPolyline
 70
0
 90
2
 10
693465.516780169
 20
6237832.09338417
 10
693473.456697446
 20
6237818.77646584
  0
LWPOLYLINE
  5
208C5
100
AcDbEntity
  8
0
100
AcDbPolyline
 70
0
 90
2
 10
693473.456697445
 20
6237818.77646584
 10
693482.27363087
 20
6237800.08202599
  0
LWPOLYLINE
  5
208C6
100
AcDbEntity
  8
0
100
AcDbPolyline
 70
0
 90
2
 10
693482.27363087
 20
6237800.08202599
 10
693491.359367632
 20
6237796.67082357
  0
LWPOLYLINE
  5
208C7
100
AcDbEntity
  8
0
100
AcDbPolyline
 70
0
 90
2
 10
693491.359367632
 20
6237796.67082357
 10
693502.062520057
 20
6237771.69719014
  0
LWPOLYLINE
  5
208C8
100
AcDbEntity
  8
0
100
AcDbPolyline
 70
0
 90
2
 10
693502.062520057
 20
6237771.69719014
 10
693514.904576837
 20
6237741.71540138
  0
LWPOLYLINE
  5
208C9
100
AcDbEntity
  8
0
100
AcDbPolyline
 70
0
 90
2
 10
693514.904576837
 20
6237741.71540138
 10
693523.593164356
 20
6237718.87976398
  0
LWPOLYLINE
  5
208CA
100
AcDbEntity
  8
0
100
AcDbPolyline
 70
0
 90
2
 10
693523.593164356
 20
6237718.87976398
 10
693527.060827034
 20
6237698.67198686
  0
LWPOLYLINE
  5
208CB
100
AcDbEntity
  8
0
100
AcDbPolyline
 70
0
 90
2
 10
693527.060827034
 20
6237698.67198686
 10
693538.732861275
 20
6237673.41912073
  0
LWPOLYLINE
  5
208CC
100
AcDbEntity
  8
0
100
AcDbPolyline
 70
0
 90
2
 10
693538.732861275
 20
6237673.41912073
 10
693552.561558471
 20
6237656.85827272
  0
LWPOLYLINE
  5
208CD
100
AcDbEntity
  8
0
100
AcDbPolyline
 70
0
 90
2
 10
693552.561558471
 20
6237656.85827272
 10
693555.424205819
 20
6237649.98800503
  0
LWPOLYLINE
  5
208CE
100
AcDbEntity
  8
0
100
AcDbPolyline
 70
0
 90
2
 10
693555.424205819
 20
6237649.98800503
 10
693562.62494452
 20
6237610.84410821
  0
LWPOLYLINE
  5
208CF
100
AcDbEntity
  8
0
100
AcDbPolyline
 70
0
 90
2
 10
693562.62494452
 20
6237610.84410821
 10
693566.467851347
 20
6237582.37134456
  0
LWPOLYLINE
  5
208D0
100
AcDbEntity
  8
0
100
AcDbPolyline
 70
0
 90
2
 10
693566.467851347
 20
6237582.37134456
 10
693570.338468711
 20
6237560.26463179
  0
LWPOLYLINE
  5
208D1
100
AcDbEntity
  8
0
100
AcDbPolyline
 70
0
 90
2
 10
693570.338468711
 20
6237560.26463179
 10
693575.239769459
 20
6237543.62200828
  0
LWPOLYLINE
  5
208D2
100
AcDbEntity
  8
0
100
AcDbPolyline
 70
0
 90
2
 10
693575.239769459
 20
6237543.62200828
 10
693585.74248201
 20
6237523.0869809
  0
LWPOLYLINE
  5
208D3
100
AcDbEntity
  8
0
100
AcDbPolyline
 70
0
 90
2
 10
693585.74248201
 20
6237523.0869809
 10
693596.086270391
 20
6237506.05598725
  0
LWPOLYLINE
  5
208D4
100
AcDbEntity
  8
0
100
AcDbPolyline
 70
0
 90
2
 10
693596.086270391
 20
6237506.05598725
 10
693606.888140339
 20
6237499.85815073
  0
LWPOLYLINE
  5
208D5
100
AcDbEntity
  8
0
100
AcDbPolyline
 70
0
 90
2
 10
693606.888140339
 20
6237499.85815073
 10
693621.272626272
 20
6237499.24026305
  0
LWPOLYLINE
  5
208D6
100
AcDbEntity
  8
0
100
AcDbPolyline
 70
0
 90
2
 10
693621.272626272
 20
6237499.24026305
 10
693637.262454119
 20
6237505.37219706
  0
LWPOLYLINE
  5
208D7
100
AcDbEntity
  8
0
100
AcDbPolyline
 70
0
 90
2
 10
693637.262454119
 20
6237505.37219706
 10
693648.139872124
 20
6237511.59537759
  0
LWPOLYLINE
  5
208D8
100
AcDbEntity
  8
0
100
AcDbPolyline
 70
0
 90
2
 10
693648.139872124
 20
6237511.59537759
 10
693661.157419797
 20
6237514.42680581
  0
LWPOLYLINE
  5
208D9
100
AcDbEntity
  8
0
100
AcDbPolyline
 70
0
 90
2
 10
693373.653644617
 20
6237733.72697322
 10
693374.761549893
 20
6237713.6685215
  0
LWPOLYLINE
  5
208DA
100
AcDbEntity
  8
0
100
AcDbPolyline
 70
0
 90
2
 10
693373.653644617
 20
6237733.72697322
 10
693380.069563055
 20
6237740.05934798
  0
LWPOLYLINE
  5
208DB
100
AcDbEntity
  8
0
100
AcDbPolyline
 70
0
 90
2
 10
693380.069563055
 20
6237740.05934798
 10
693387.475968446
 20
6237745.48916704
  0
LWPOLYLINE
  5
208DC
100
AcDbEntity
  8
0
100
AcDbPolyline
 70
0
 90
2
 10
693387.475968446
 20
6237745.48916704
 10
693455.510734302
 20
6237776.01737545
  0
LWPOLYLINE
  5
208DD
100
AcDbEntity
  8
0
100
AcDbPolyline
 70
0
 90
2
 10
693552.561558471
 20
6237656.85827272
 10
693554.933027614
 20
6237667.78936415
  0
LWPOLYLINE
  5
208DE
100
AcDbEntity
  8
0
100
AcDbPolyline
 70
0
 90
2
 10
693548.109561968
 20
6237684.66804256
 10
693554.933027614
 20
6237667.78936415
  0
LWPOLYLINE
  5
208DF
100
AcDbEntity
  8
0
100
AcDbPolyline
 70
0
 90
2
 10
693543.903966602
 20
6237700.07152121
 10
693548.109561968
 20
6237684.66804256
  0
LWPOLYLINE
  5
208E0
100
AcDbEntity
  8
0
100
AcDbPolyline
 70
0
 90
2
 10
693540.12985468
 20
6237712.941975
 10
693543.903966602
 20
6237700.07152121
  0
LWPOLYLINE
  5
208E1
100
AcDbEntity
  8
0
100
AcDbPolyline
 70
0
 90
2
 10
693661.157419797
 20
6237514.42680581
 10
693677.595581068
 20
6237524.07933446
  0
LWPOLYLINE
  5
208E2
100
AcDbEntity
  8
0
100
AcDbPolyline
 70
0
 90
2
 10
693387.475968446
 20
6237745.48916704
 10
693392.599138581
 20
6237766.0976374
  0
LWPOLYLINE
  5
208E3
100
AcDbEntity
  8
0
100
AcDbPolyline
 70
0
 90
2
 10
693392.599138581
 20
6237766.0976374
 10
693442.847285982
 20
6237793.72371428
  0
LWPOLYLINE
  5
208E4
100
AcDbEntity
  8
0
100
AcDbPolyline
 70
0
 90
2
 10
693433.817948962
 20
6237813.95798788
 10
693442.847285982
 20
6237793.72371428
  0
LWPOLYLINE
  5
208E5
100
AcDbEntity
  8
0
100
AcDbPolyline
 70
0
 90
2
 10
693411.327645541
 20
6237800.50956498
 10
693433.817948962
 20
6237813.95798788
  0
LWPOLYLINE
  5
208E6
100
AcDbEntity
  8
0
100
AcDbPolyline
 70
0
 90
2
 10
694410.530581976
 20
6235855.61443604
 10
694428.535053247
 20
6235868.35049564
  0
LWPOLYLINE
  5
208E7
100
AcDbEntity
  8
0
100
AcDbPolyline
 70
0
 90
2
 10
694428.535053247
 20
6235868.35049564
 10
694440.250227334
 20
6235873.29830059
  0
LWPOLYLINE
  5
208E8
100
AcDbEntity
  8
0
100
AcDbPolyline
 70
0
 90
2
 10
694440.250227334
 20
6235873.29830059
 10
694465.018097908
 20
6235873.86929447
  0
LWPOLYLINE
  5
208E9
100
AcDbEntity
  8
0
100
AcDbPolyline
 70
0
 90
2
 10
694465.018097908
 20
6235873.86929447
 10
694468.57690286
 20
6235873.98684543
  0
LWPOLYLINE
  5
208EA
100
AcDbEntity
  8
0
100
AcDbPolyline
 70
0
 90
2
 10
694498.869744459
 20
6235936.45191758
 10
694511.401188346
 20
6235892.27944942
  0
LWPOLYLINE
  5
208EB
100
AcDbEntity
  8
0
100
AcDbPolyline
 70
0
 90
2
 10
694861.47808541
 20
6236021.62242704
 10
694870.789361217
 20
6236023.85334149
  0
LWPOLYLINE
  5
208EC
100
AcDbEntity
  8
0
100
AcDbPolyline
 70
0
 90
2
 10
694870.789361217
 20
6236023.85334149
 10
694881.3495353
 20
6236022.52969417
  0
LWPOLYLINE
  5
208ED
100
AcDbEntity
  8
0
100
AcDbPolyline
 70
0
 90
2
 10
694881.3495353
 20
6236022.52969417
 10
694891.313538441
 20
6236026.23955858
  0
LWPOLYLINE
  5
208EE
100
AcDbEntity
  8
0
100
AcDbPolyline
 70
0
 90
2
 10
694891.31353844
 20
6236026.23955858
 10
694899.445315128
 20
6236038.52695034
  0
LWPOLYLINE
  5
208EF
100
AcDbEntity
  8
0
100
AcDbPolyline
 70
0
 90
2
 10
694899.445315128
 20
6236038.52695034
 10
694931.8173729
 20
6236098.53789376
  0
LWPOLYLINE
  5
208F0
100
AcDbEntity
  8
0
100
AcDbPolyline
 70
0
 90
2
 10
694454.676108017
 20
6236032.45264732
 10
694457.085583292
 20
6236086.41290697
  0
LWPOLYLINE
  5
208F1
100
AcDbEntity
  8
0
100
AcDbPolyline
 70
0
 90
2
 10
694453.293455157
 20
6235975.44035283
 10
694454.676108017
 20
6236032.45264732
  0
LWPOLYLINE
  5
208F2
100
AcDbEntity
  8
0
100
AcDbPolyline
 70
0
 90
2
 10
694453.293455157
 20
6235975.44035283
 10
694456.026236912
 20
6235934.94570321
  0
LWPOLYLINE
  5
208F3
100
AcDbEntity
  8
0
100
AcDbPolyline
 70
0
 90
2
 10
694456.026236912
 20
6235934.94570321
 10
694467.70287979
 20
6235892.21672578
  0
LWPOLYLINE
  5
208F4
100
AcDbEntity
  8
0
100
AcDbPolyline
 70
0
 90
2
 10
694467.70287979
 20
6235892.21672578
 10
694483.737676726
 20
6235889.84847839
  0
LWPOLYLINE
  5
208F5
100
AcDbEntity
  8
0
100
AcDbPolyline
 70
0
 90
2
 10
694483.737676726
 20
6235889.84847839
 10
694511.401188346
 20
6235892.27944942
  0
LWPOLYLINE
  5
208F6
100
AcDbEntity
  8
0
100
AcDbPolyline
 70
0
 90
2
 10
694436.697531664
 20
6235990.13384659
 10
694438.043838368
 20
6235950.90251175
  0
LWPOLYLINE
  5
208F7
100
AcDbEntity
  8
0
100
AcDbPolyline
 70
0
 90
2
 10
694438.043838368
 20
6235950.90251175
 10
694438.261420612
 20
6235926.63457398
  0
LWPOLYLINE
  5
208F8
100
AcDbEntity
  8
0
100
AcDbPolyline
 70
0
 90
2
 10
694438.261420612
 20
6235926.63457398
 10
694442.63658381
 20
6235908.28551543
  0
LWPOLYLINE
  5
208F9
100
AcDbEntity
  8
0
100
AcDbPolyline
 70
0
 90
2
 10
694442.63658381
 20
6235908.28551543
 10
694448.61661777
 20
6235893.55427044
  0
LWPOLYLINE
  5
208FA
100
AcDbEntity
  8
0
100
AcDbPolyline
 70
0
 90
2
 10
694448.61661777
 20
6235893.55427044
 10
694467.70287979
 20
6235892.21672578
  0
LWPOLYLINE
  5
208FB
100
AcDbEntity
  8
0
100
AcDbPolyline
 70
0
 90
2
 10
694415.806673682
 20
6235827.16275781
 10
694441.174888981
 20
6235843.32194646
  0
LWPOLYLINE
  5
208FC
100
AcDbEntity
  8
0
100
AcDbPolyline
 70
0
 90
2
 10
694441.174888981
 20
6235843.32194646
 10
694459.112830867
 20
6235857.38158209
  0
LWPOLYLINE
  5
208FD
100
AcDbEntity
  8
0
100
AcDbPolyline
 70
0
 90
2
 10
694459.112830867
 20
6235857.38158209
 10
694467.806681001
 20
6235870.58540287
  0
LWPOLYLINE
  5
208FE
100
AcDbEntity
  8
0
100
AcDbPolyline
 70
0
 90
2
 10
694467.806681001
 20
6235870.58540287
 10
694468.576902854
 20
6235873.98684541
  0
LWPOLYLINE
  5
208FF
100
AcDbEntity
  8
0
100
AcDbPolyline
 70
0
 90
2
 10
694468.576902854
 20
6235873.98684541
 10
694470.756353035
 20
6235883.52753162
  0
LWPOLYLINE
  5
20900
100
AcDbEntity
  8
0
100
AcDbPolyline
 70
0
 90
2
 10
694467.70287979
 20
6235892.21672578
 10
694470.756353035
 20
6235883.52753162
  0
LWPOLYLINE
  5
20901
100
AcDbEntity
  8
0
100
AcDbPolyline
 70
0
 90
2
 10
694264.252406267
 20
6235171.37309283
 10
694285.70121996
 20
6235145.20661859
  0
LWPOLYLINE
  5
20902
100
AcDbEntity
  8
0
100
AcDbPolyline
 70
0
 90
2
 10
694264.252406268
 20
6235171.37309283
 10
694268.639203759
 20
6235189.47447383
  0
LWPOLYLINE
  5
20903
100
AcDbEntity
  8
0
100
AcDbPolyline
 70
0
 90
2
 10
694268.639203759
 20
6235189.47447383
 10
694311.538980218
 20
6235213.3748305
  0
LWPOLYLINE
  5
20904
100
AcDbEntity
  8
0
100
AcDbPolyline
 70
0
 90
2
 10
694311.538980217
 20
6235213.3748305
 10
694345.556272348
 20
6235177.9603452
  0
LWPOLYLINE
  5
20905
100
AcDbEntity
  8
0
100
AcDbPolyline
 70
0
 90
2
 10
694311.538980218
 20
6235213.3748305
 10
694330.346702629
 20
6235223.40470441
  0
LWPOLYLINE
  5
20906
100
AcDbEntity
  8
0
100
AcDbPolyline
 70
0
 90
2
 10
694330.346702629
 20
6235223.40470441
 10
694338.043601813
 20
6235227.99084903
  0
LWPOLYLINE
  5
20907
100
AcDbEntity
  8
0
100
AcDbPolyline
 70
0
 90
2
 10
694338.043601813
 20
6235227.99084903
 10
694345.573185662
 20
6235234.88793111
  0
LWPOLYLINE
  5
20908
100
AcDbEntity
  8
0
100
AcDbPolyline
 70
0
 90
2
 10
694345.573185662
 20
6235234.88793111
 10
694359.964602079
 20
6235248.75206195
  0
LWPOLYLINE
  5
20909
100
AcDbEntity
  8
0
100
AcDbPolyline
 70
0
 90
2
 10
695006.642508272
 20
6235406.69855743
 10
695026.903923825
 20
6235406.60975398
  0
LWPOLYLINE
  5
2090A
100
AcDbEntity
  8
0
100
AcDbPolyline
 70
0
 90
2
 10
694980.614381215
 20
6235406.18966253
 10
695006.642508272
 20
6235406.69855743
  0
LWPOLYLINE
  5
2090B
100
AcDbEntity
  8
0
100
AcDbPolyline
 70
0
 90
2
 10
694817.470587652
 20
6235232.3739944
 10
694872.195221307
 20
6235230.75832806
  0
LWPOLYLINE
  5
2090C
100
AcDbEntity
  8
0
100
AcDbPolyline
 70
0
 90
2
 10
694860.614407914
 20
6235295.62866579
 10
694878.276792711
 20
6235296.43486742
  0
LWPOLYLINE
  5
2090D
100
AcDbEntity
  8
0
100
AcDbPolyline
 70
0
 90
2
 10
694878.276792711
 20
6235296.43486742
 10
694902.664744828
 20
6235293.43496575
  0
LWPOLYLINE
  5
2090E
100
AcDbEntity
  8
0
100
AcDbPolyline
 70
0
 90
2
 10
694902.664744828
 20
6235293.43496575
 10
694918.756652073
 20
6235291.5055234
  0
LWPOLYLINE
  5
2090F
100
AcDbEntity
  8
0
100
AcDbPolyline
 70
0
 90
2
 10
694918.756652073
 20
6235291.5055234
 10
694924.584828685
 20
6235296.60938641
  0
LWPOLYLINE
  5
20910
100
AcDbEntity
  8
0
100
AcDbPolyline
 70
0
 90
2
 10
694924.584828685
 20
6235296.60938641
 10
694948.389879591
 20
6235295.76792646
  0
LWPOLYLINE
  5
20911
100
AcDbEntity
  8
0
100
AcDbPolyline
 70
0
 90
2
 10
694948.389879591
 20
6235295.76792646
 10
694977.643012941
 20
6235295.29802719
  0
LWPOLYLINE
  5
20912
100
AcDbEntity
  8
0
100
AcDbPolyline
 70
0
 90
2
 10
694977.643012941
 20
6235295.29802719
 10
695004.48447986
 20
6235295.55418977
  0
LWPOLYLINE
  5
20913
100
AcDbEntity
  8
0
100
AcDbPolyline
 70
0
 90
2
 10
695004.35987554
 20
6235318.81215464
 10
695004.48447986
 20
6235295.55418977
  0
LWPOLYLINE
  5
20914
100
AcDbEntity
  8
0
100
AcDbPolyline
 70
0
 90
2
 10
695004.35987554
 20
6235318.81215464
 10
695004.872068481
 20
6235340.77272232
  0
LWPOLYLINE
  5
20915
100
AcDbEntity
  8
0
100
AcDbPolyline
 70
0
 90
2
 10
695004.872068481
 20
6235340.77272232
 10
695005.681810764
 20
6235362.88064618
  0
LWPOLYLINE
  5
20916
100
AcDbEntity
  8
0
100
AcDbPolyline
 70
0
 90
2
 10
695005.650844617
 20
6235385.03934503
 10
695005.681810764
 20
6235362.88064618
  0
LWPOLYLINE
  5
20917
100
AcDbEntity
  8
0
100
AcDbPolyline
 70
0
 90
2
 10
695005.650844617
 20
6235385.03934503
 10
695006.642508297
 20
6235406.69855743
  0
LWPOLYLINE
  5
20918
100
AcDbEntity
  8
0
100
AcDbPolyline
 70
0
 90
2
 10
695004.35987554
 20
6235318.81215464
 10
695081.430329292
 20
6235317.14987138
  0
LWPOLYLINE
  5
20919
100
AcDbEntity
  8
0
100
AcDbPolyline
 70
0
 90
2
 10
694911.560537813
 20
6235320.03635663
 10
695004.35987554
 20
6235318.81215464
  0
LWPOLYLINE
  5
2091A
100
AcDbEntity
  8
0
100
AcDbPolyline
 70
0
 90
2
 10
694890.715978653
 20
6235325.13751815
 10
694911.560537813
 20
6235320.03635663
  0
LWPOLYLINE
  5
2091B
100
AcDbEntity
  8
0
100
AcDbPolyline
 70
0
 90
2
 10
694877.447362884
 20
6235328.89026308
 10
694890.715978653
 20
6235325.13751815
  0
LWPOLYLINE
  5
2091C
100
AcDbEntity
  8
0
100
AcDbPolyline
 70
0
 90
2
 10
694863.237904099
 20
6235337.33754143
 10
694877.447362884
 20
6235328.89026308
  0
LWPOLYLINE
  5
2091D
100
AcDbEntity
  8
0
100
AcDbPolyline
 70
0
 90
2
 10
694856.56715856
 20
6235348.38062151
 10
694863.237904099
 20
6235337.33754143
  0
LWPOLYLINE
  5
2091E
100
AcDbEntity
  8
0
100
AcDbPolyline
 70
0
 90
2
 10
694856.236425697
 20
6235359.98060841
 10
694856.567158561
 20
6235348.38062151
  0
LWPOLYLINE
  5
2091F
100
AcDbEntity
  8
0
100
AcDbPolyline
 70
0
 90
2
 10
694856.236425697
 20
6235359.98060841
 10
694857.224652564
 20
6235374.92913644
  0
LWPOLYLINE
  5
20920
100
AcDbEntity
  8
0
100
AcDbPolyline
 70
0
 90
2
 10
694857.224652564
 20
6235374.92913644
 10
694860.164014633
 20
6235387.40293343
  0
LWPOLYLINE
  5
20921
100
AcDbEntity
  8
0
100
AcDbPolyline
 70
0
 90
2
 10
694860.164014633
 20
6235387.40293343
 10
694866.17146282
 20
6235410.61749481
  0
LWPOLYLINE
  5
20922
100
AcDbEntity
  8
0
100
AcDbPolyline
 70
0
 90
2
 10
694866.17146282
 20
6235410.61749481
 10
694868.856900293
 20
6235424.0271992
  0
LWPOLYLINE
  5
20923
100
AcDbEntity
  8
0
100
AcDbPolyline
 70
0
 90
2
 10
694868.856900293
 20
6235424.0271992
 10
694871.457057154
 20
6235436.0396493
  0
LWPOLYLINE
  5
20924
100
AcDbEntity
  8
0
100
AcDbPolyline
 70
0
 90
2
 10
694871.457057154
 20
6235436.0396493
 10
694874.728918602
 20
6235447.89326705
  0
LWPOLYLINE
  5
20925
100
AcDbEntity
  8
0
100
AcDbPolyline
 70
0
 90
2
 10
694874.728918602
 20
6235447.89326705
 10
694881.008613873
 20
6235462.14702098
  0
LWPOLYLINE
  5
20926
100
AcDbEntity
  8
0
100
AcDbPolyline
 70
0
 90
2
 10
694881.008613873
 20
6235462.14702098
 10
694893.081201422
 20
6235496.41759145
  0
LWPOLYLINE
  5
20927
100
AcDbEntity
  8
0
100
AcDbPolyline
 70
0
 90
2
 10
694833.388278046
 20
6235255.49451305
 10
694848.254054156
 20
6235255.2589078
  0
LWPOLYLINE
  5
20928
100
AcDbEntity
  8
0
100
AcDbPolyline
 70
0
 90
2
 10
694848.254054156
 20
6235255.2589078
 10
694862.581033421
 20
6235253.49392878
  0
LWPOLYLINE
  5
20929
100
AcDbEntity
  8
0
100
AcDbPolyline
 70
0
 90
2
 10
694862.581033421
 20
6235253.49392878
 10
694870.734932074
 20
6235247.51236383
  0
LWPOLYLINE
  5
2092A
100
AcDbEntity
  8
0
100
AcDbPolyline
 70
0
 90
2
 10
694870.734932073
 20
6235247.51236383
 10
694876.278373921
 20
6235238.99277551
  0
LWPOLYLINE
  5
2092B
100
AcDbEntity
  8
0
100
AcDbPolyline
 70
0
 90
2
 10
694872.195221307
 20
6235230.75832806
 10
694876.278373921
 20
6235238.99277551
  0
LWPOLYLINE
  5
2092C
100
AcDbEntity
  8
0
100
AcDbPolyline
 70
0
 90
2
 10
694870.449502628
 20
6235227.23424983
 10
694872.195221307
 20
6235230.75832806
  0
LWPOLYLINE
  5
2092D
100
AcDbEntity
  8
0
100
AcDbPolyline
 70
0
 90
2
 10
694870.449502628
 20
6235227.23424983
 10
694870.462654704
 20
6235220.27917738
  0
LWPOLYLINE
  5
2092E
100
AcDbEntity
  8
0
100
AcDbPolyline
 70
0
 90
2
 10
694870.462654704
 20
6235220.27917738
 10
694886.273450643
 20
6235205.87451538
  0
LWPOLYLINE
  5
2092F
100
AcDbEntity
  8
0
100
AcDbPolyline
 70
0
 90
2
 10
694886.273450643
 20
6235205.87451538
 10
694942.391774591
 20
6235182.58684058
  0
LWPOLYLINE
  5
20930
100
AcDbEntity
  8
0
100
AcDbPolyline
 70
0
 90
2
 10
695005.681810723
 20
6235362.88064618
 10
695043.476047729
 20
6235362.35549791
  0
LWPOLYLINE
  5
20931
100
AcDbEntity
  8
0
100
AcDbPolyline
 70
0
 90
2
 10
694934.813785886
 20
6235362.96590692
 10
695005.681810723
 20
6235362.88064618
  0
LWPOLYLINE
  5
20932
100
AcDbEntity
  8
0
100
AcDbPolyline
 70
0
 90
2
 10
694908.683795033
 20
6235340.47108742
 10
694912.293046073
 20
6235341.12633382
  0
LWPOLYLINE
  5
20933
100
AcDbEntity
  8
0
100
AcDbPolyline
 70
0
 90
2
 10
694912.293046073
 20
6235341.12633382
 10
695004.872068468
 20
6235340.77272232
  0
LWPOLYLINE
  5
20934
100
AcDbEntity
  8
0
100
AcDbPolyline
 70
0
 90
2
 10
695004.872068468
 20
6235340.77272232
 10
695076.992308013
 20
6235339.93208773
  0
LWPOLYLINE
  5
20935
100
AcDbEntity
  8
0
100
AcDbPolyline
 70
0
 90
2
 10
694965.344836923
 20
6235384.68096452
 10
695005.650844426
 20
6235385.03934503
  0
LWPOLYLINE
  5
20936
100
AcDbEntity
  8
0
100
AcDbPolyline
 70
0
 90
2
 10
695005.650844426
 20
6235385.03934503
 10
695036.851851647
 20
6235385.28309472
  0
LWPOLYLINE
  5
20937
100
AcDbEntity
  8
0
100
AcDbPolyline
 70
0
 90
2
 10
694948.486425457
 20
6235270.66945707
 10
694973.200362684
 20
6235246.39419356
  0
LWPOLYLINE
  5
20938
100
AcDbEntity
  8
0
100
AcDbPolyline
 70
0
 90
2
 10
694977.643012941
 20
6235295.29802719
 10
694980.472207783
 20
6235258.6423643
  0
LWPOLYLINE
  5
20939
100
AcDbEntity
  8
0
100
AcDbPolyline
 70
0
 90
2
 10
694973.200362684
 20
6235246.39419356
 10
694980.472207783
 20
6235258.6423643
  0
LWPOLYLINE
  5
2093A
100
AcDbEntity
  8
0
100
AcDbPolyline
 70
0
 90
2
 10
694942.391774591
 20
6235182.58684058
 10
694973.200362684
 20
6235246.39419356
  0
LWPOLYLINE
  5
2093B
100
AcDbEntity
  8
0
100
AcDbPolyline
 70
0
 90
2
 10
694937.793099595
 20
6235166.05777199
 10
694942.391774591
 20
6235182.58684058
  0
LWPOLYLINE
  5
2093C
100
AcDbEntity
  8
0
100
AcDbPolyline
 70
0
 90
2
 10
692714.407765504
 20
6236442.87928975
 10
692840.348385859
 20
6236367.72215952
  0
LWPOLYLINE
  5
2093D
100
AcDbEntity
  8
0
100
AcDbPolyline
 70
0
 90
2
 10
692840.348385859
 20
6236367.72215952
 10
692950.328944226
 20
6236307.31834868
  0
LWPOLYLINE
  5
2093E
100
AcDbEntity
  8
0
100
AcDbPolyline
 70
0
 90
2
 10
694680.08171601
 20
6235768.43630451
 10
694690.50036504
 20
6235768.32070661
  0
LWPOLYLINE
  5
2093F
100
AcDbEntity
  8
0
100
AcDbPolyline
 70
0
 90
2
 10
694690.50036504
 20
6235768.32070661
 10
694702.554150797
 20
6235771.1556169
  0
LWPOLYLINE
  5
20940
100
AcDbEntity
  8
0
100
AcDbPolyline
 70
0
 90
2
 10
694702.554150797
 20
6235771.1556169
 10
694715.271959803
 20
6235775.90467827
  0
LWPOLYLINE
  5
20941
100
AcDbEntity
  8
0
100
AcDbPolyline
 70
0
 90
2
 10
694715.271959803
 20
6235775.90467827
 10
694731.219468473
 20
6235784.99235263
  0
LWPOLYLINE
  5
20942
100
AcDbEntity
  8
0
100
AcDbPolyline
 70
0
 90
2
 10
694731.219468473
 20
6235784.99235263
 10
694745.409300797
 20
6235790.95679405
  0
LWPOLYLINE
  5
20943
100
AcDbEntity
  8
0
100
AcDbPolyline
 70
0
 90
2
 10
694745.409300797
 20
6235790.95679405
 10
694757.988450892
 20
6235798.74276864
  0
LWPOLYLINE
  5
20944
100
AcDbEntity
  8
0
100
AcDbPolyline
 70
0
 90
2
 10
694757.988450892
 20
6235798.74276864
 10
694768.140270962
 20
6235801.47994504
  0
LWPOLYLINE
  5
20945
100
AcDbEntity
  8
0
100
AcDbPolyline
 70
0
 90
2
 10
694768.140270962
 20
6235801.47994504
 10
694780.447111006
 20
6235798.63055991
  0
LWPOLYLINE
  5
20946
100
AcDbEntity
  8
0
100
AcDbPolyline
 70
0
 90
2
 10
694780.447111006
 20
6235798.63055991
 10
694793.654735105
 20
6235792.77920935
  0
LWPOLYLINE
  5
20947
100
AcDbEntity
  8
0
100
AcDbPolyline
 70
0
 90
2
 10
694793.654735105
 20
6235792.77920935
 10
694799.840215913
 20
6235786.77462969
  0
LWPOLYLINE
  5
20948
100
AcDbEntity
  8
0
100
AcDbPolyline
 70
0
 90
2
 10
694484.164542251
 20
6235837.14327675
 10
694491.813188114
 20
6235836.35480119
  0
LWPOLYLINE
  5
20949
100
AcDbEntity
  8
0
100
AcDbPolyline
 70
0
 90
2
 10
694491.813188114
 20
6235836.35480119
 10
694503.582577403
 20
6235828.53094293
  0
LWPOLYLINE
  5
2094A
100
AcDbEntity
  8
0
100
AcDbPolyline
 70
0
 90
2
 10
694503.582577403
 20
6235828.53094293
 10
694509.708572224
 20
6235819.32411341
  0
LWPOLYLINE
  5
2094B
100
AcDbEntity
  8
0
100
AcDbPolyline
 70
0
 90
2
 10
694509.708572224
 20
6235819.32411341
 10
694519.547419706
 20
6235812.17030874
  0
LWPOLYLINE
  5
2094C
100
AcDbEntity
  8
0
100
AcDbPolyline
 70
0
 90
2
 10
694519.547419706
 20
6235812.17030874
 10
694535.618042961
 20
6235810.24974174
  0
LWPOLYLINE
  5
2094D
100
AcDbEntity
  8
0
100
AcDbPolyline
 70
0
 90
2
 10
694535.618042961
 20
6235810.24974174
 10
694548.514459352
 20
6235811.21650797
  0
LWPOLYLINE
  5
2094E
100
AcDbEntity
  8
0
100
AcDbPolyline
 70
0
 90
2
 10
694548.514459352
 20
6235811.21650797
 10
694562.270795879
 20
6235809.93740057
  0
LWPOLYLINE
  5
2094F
100
AcDbEntity
  8
0
100
AcDbPolyline
 70
0
 90
2
 10
694562.270795879
 20
6235809.93740057
 10
694575.737156104
 20
6235798.40114032
  0
LWPOLYLINE
  5
20950
100
AcDbEntity
  8
0
100
AcDbPolyline
 70
0
 90
2
 10
694575.737156104
 20
6235798.40114032
 10
694587.988250583
 20
6235788.32549289
  0
LWPOLYLINE
  5
20951
100
AcDbEntity
  8
0
100
AcDbPolyline
 70
0
 90
2
 10
694587.988250581
 20
6235788.32549289
 10
694595.690576188
 20
6235778.05364989
  0
LWPOLYLINE
  5
20952
100
AcDbEntity
  8
0
100
AcDbPolyline
 70
0
 90
2
 10
694595.690576189
 20
6235778.05364989
 10
694603.975014748
 20
6235754.87797777
  0
LWPOLYLINE
  5
20953
100
AcDbEntity
  8
0
100
AcDbPolyline
 70
0
 90
2
 10
694603.975014748
 20
6235754.87797777
 10
694612.779303527
 20
6235737.05422627
  0
LWPOLYLINE
  5
20954
100
AcDbEntity
  8
0
100
AcDbPolyline
 70
0
 90
2
 10
694612.779303527
 20
6235737.05422627
 10
694623.084607368
 20
6235719.6779197
  0
LWPOLYLINE
  5
20955
100
AcDbEntity
  8
0
100
AcDbPolyline
 70
0
 90
2
 10
694623.084607368
 20
6235719.6779197
 10
694628.489995603
 20
6235709.66924504
  0
LWPOLYLINE
  5
20956
100
AcDbEntity
  8
0
100
AcDbPolyline
 70
0
 90
2
 10
694628.489995603
 20
6235709.66924504
 10
694631.851902906
 20
6235708.79701976
  0
LWPOLYLINE
  5
20957
100
AcDbEntity
  8
0
100
AcDbPolyline
 70
0
 90
2
 10
694631.851902906
 20
6235708.79701976
 10
694643.507612272
 20
6235705.79492568
  0
LWPOLYLINE
  5
20958
100
AcDbEntity
  8
0
100
AcDbPolyline
 70
0
 90
2
 10
694643.507612272
 20
6235705.79492568
 10
694661.652878644
 20
6235703.73531858
  0
LWPOLYLINE
  5
20959
100
AcDbEntity
  8
0
100
AcDbPolyline
 70
0
 90
2
 10
694661.652878644
 20
6235703.73531858
 10
694679.448014845
 20
6235716.84188364
  0
LWPOLYLINE
  5
2095A
100
AcDbEntity
  8
0
100
AcDbPolyline
 70
0
 90
2
 10
694676.969415358
 20
6235725.71323611
 10
694679.448014845
 20
6235716.84188364
  0
LWPOLYLINE
  5
2095B
100
AcDbEntity
  8
0
100
AcDbPolyline
 70
0
 90
2
 10
694676.969415358
 20
6235725.71323611
 10
694681.712020591
 20
6235756.51660397
  0
LWPOLYLINE
  5
2095C
100
AcDbEntity
  8
0
100
AcDbPolyline
 70
0
 90
2
 10
694662.111976765
 20
6235767.60562999
 10
694681.712020591
 20
6235756.51660397
  0
LWPOLYLINE
  5
2095D
100
AcDbEntity
  8
0
100
AcDbPolyline
 70
0
 90
2
 10
694595.690576189
 20
6235778.05364989
 10
694609.429798836
 20
6235777.15289982
  0
LWPOLYLINE
  5
2095E
100
AcDbEntity
  8
0
100
AcDbPolyline
 70
0
 90
2
 10
694609.429798836
 20
6235777.15289982
 10
694622.028344403
 20
6235776.2113314
  0
LWPOLYLINE
  5
2095F
100
AcDbEntity
  8
0
100
AcDbPolyline
 70
0
 90
2
 10
694622.028344403
 20
6235776.2113314
 10
694638.529410337
 20
6235773.16263543
  0
LWPOLYLINE
  5
20960
100
AcDbEntity
  8
0
100
AcDbPolyline
 70
0
 90
2
 10
694638.529410337
 20
6235773.16263543
 10
694646.466290098
 20
6235775.4529635
  0
LWPOLYLINE
  5
20961
100
AcDbEntity
  8
0
100
AcDbPolyline
 70
0
 90
2
 10
694491.813188114
 20
6235836.35480119
 10
694510.970348452
 20
6235839.73578608
  0
LWPOLYLINE
  5
20962
100
AcDbEntity
  8
0
100
AcDbPolyline
 70
0
 90
2
 10
694510.970348452
 20
6235839.73578608
 10
694523.32686136
 20
6235844.09996701
  0
LWPOLYLINE
  5
20963
100
AcDbEntity
  8
0
100
AcDbPolyline
 70
0
 90
2
 10
694523.32686136
 20
6235844.09996701
 10
694542.729915165
 20
6235852.57527685
  0
LWPOLYLINE
  5
20964
100
AcDbEntity
  8
0
100
AcDbPolyline
 70
0
 90
2
 10
694542.729915165
 20
6235852.57527685
 10
694555.274215952
 20
6235861.12819079
  0
LWPOLYLINE
  5
20965
100
AcDbEntity
  8
0
100
AcDbPolyline
 70
0
 90
2
 10
694555.274215952
 20
6235861.12819079
 10
694563.89932235
 20
6235875.83392139
  0
LWPOLYLINE
  5
20966
100
AcDbEntity
  8
0
100
AcDbPolyline
 70
0
 90
2
 10
694563.899322349
 20
6235875.83392139
 10
694569.099635115
 20
6235883.39446542
  0
LWPOLYLINE
  5
20967
100
AcDbEntity
  8
0
100
AcDbPolyline
 70
0
 90
2
 10
694569.099635115
 20
6235883.39446542
 10
694576.54324986
 20
6235899.3617027
  0
LWPOLYLINE
  5
20968
100
AcDbEntity
  8
0
100
AcDbPolyline
 70
0
 90
2
 10
694891.313538441
 20
6236026.23955858
 10
694903.433732724
 20
6236028.55421854
  0
LWPOLYLINE
  5
20969
100
AcDbEntity
  8
0
100
AcDbPolyline
 70
0
 90
2
 10
694903.433732724
 20
6236028.55421854
 10
694921.152017721
 20
6236037.72355528
  0
LWPOLYLINE
  5
2096A
100
AcDbEntity
  8
0
100
AcDbPolyline
 70
0
 90
2
 10
694921.152017721
 20
6236037.72355528
 10
694931.912360313
 20
6236046.56403917
  0
LWPOLYLINE
  5
2096B
100
AcDbEntity
  8
0
100
AcDbPolyline
 70
0
 90
2
 10
694931.912360312
 20
6236046.56403917
 10
694937.222468097
 20
6236058.49970546
  0
LWPOLYLINE
  5
2096C
100
AcDbEntity
  8
0
100
AcDbPolyline
 70
0
 90
2
 10
694937.222468097
 20
6236058.49970546
 10
694948.247616936
 20
6236079.89264439
  0
LWPOLYLINE
  5
2096D
100
AcDbEntity
  8
0
100
AcDbPolyline
 70
0
 90
2
 10
694948.247616936
 20
6236079.89264439
 10
694955.269679613
 20
6236093.08811142
  0
LWPOLYLINE
  5
2096E
100
AcDbEntity
  8
0
100
AcDbPolyline
 70
0
 90
2
 10
694955.269679613
 20
6236093.08811142
 10
694959.839005433
 20
6236107.50918814
  0
LWPOLYLINE
  5
2096F
100
AcDbEntity
  8
0
100
AcDbPolyline
 70
0
 90
2
 10
694959.839005433
 20
6236107.50918814
 10
694972.655868353
 20
6236125.82946524
  0
LWPOLYLINE
  5
20970
100
AcDbEntity
  8
0
100
AcDbPolyline
 70
0
 90
2
 10
694972.655868353
 20
6236125.82946524
 10
694978.847383445
 20
6236135.31969365
  0
LWPOLYLINE
  5
20971
100
AcDbEntity
  8
0
100
AcDbPolyline
 70
0
 90
2
 10
694978.847383445
 20
6236135.31969365
 10
695006.441941781
 20
6236148.19553446
  0
LWPOLYLINE
  5
20972
100
AcDbEntity
  8
0
100
AcDbPolyline
 70
0
 90
2
 10
695006.441941781
 20
6236148.19553446
 10
695032.730706185
 20
6236150.51145558
  0
LWPOLYLINE
  5
20973
100
AcDbEntity
  8
0
100
AcDbPolyline
 70
0
 90
2
 10
695032.730706185
 20
6236150.51145558
 10
695051.779428337
 20
6236162.75186401
  0
LWPOLYLINE
  5
20974
100
AcDbEntity
  8
0
100
AcDbPolyline
 70
0
 90
2
 10
695051.779428337
 20
6236162.75186401
 10
695074.669693991
 20
6236175.30171114
  0
LWPOLYLINE
  5
20975
100
AcDbEntity
  8
0
100
AcDbPolyline
 70
0
 90
2
 10
695074.669693991
 20
6236175.30171114
 10
695097.70015466
 20
6236183.28783923
  0
LWPOLYLINE
  5
20976
100
AcDbEntity
  8
0
100
AcDbPolyline
 70
0
 90
2
 10
695097.70015466
 20
6236183.28783923
 10
695130.931723447
 20
6236230.2532972
  0
LWPOLYLINE
  5
20977
100
AcDbEntity
  8
0
100
AcDbPolyline
 70
0
 90
2
 10
695130.931723447
 20
6236230.2532972
 10
695145.672415854
 20
6236251.01414311
  0
LWPOLYLINE
  5
20978
100
AcDbEntity
  8
0
100
AcDbPolyline
 70
0
 90
2
 10
695145.672415854
 20
6236251.01414311
 10
695156.196278624
 20
6236267.31292778
  0
LWPOLYLINE
  5
20979
100
AcDbEntity
  8
0
100
AcDbPolyline
 70
0
 90
2
 10
695156.196278624
 20
6236267.31292778
 10
695170.076550491
 20
6236299.41560621
  0
LWPOLYLINE
  5
2097A
100
AcDbEntity
  8
0
100
AcDbPolyline
 70
0
 90
2
 10
695170.076550491
 20
6236299.41560621
 10
695192.645793136
 20
6236324.39152218
  0
LWPOLYLINE
  5
2097B
100
AcDbEntity
  8
0
100
AcDbPolyline
 70
0
 90
2
 10
695192.645793136
 20
6236324.39152218
 10
695205.095409694
 20
6236345.00324332
  0
LWPOLYLINE
  5
2097C
100
AcDbEntity
  8
0
100
AcDbPolyline
 70
0
 90
2
 10
695205.095409694
 20
6236345.00324332
 10
695214.178883911
 20
6236372.14923158
  0
LWPOLYLINE
  5
2097D
100
AcDbEntity
  8
0
100
AcDbPolyline
 70
0
 90
2
 10
695214.178883911
 20
6236372.14923158
 10
695233.707319624
 20
6236384.45708563
  0
LWPOLYLINE
  5
2097E
100
AcDbEntity
  8
0
100
AcDbPolyline
 70
0
 90
2
 10
695233.707319624
 20
6236384.45708563
 10
695263.811733896
 20
6236395.62145902
  0
LWPOLYLINE
  5
2097F
100
AcDbEntity
  8
0
100
AcDbPolyline
 70
0
 90
2
 10
695263.811733897
 20
6236395.62145902
 10
695272.124326496
 20
6236404.59614936
  0
LWPOLYLINE
  5
20980
100
AcDbEntity
  8
0
100
AcDbPolyline
 70
0
 90
2
 10
695272.124326496
 20
6236404.59614936
 10
695276.133562797
 20
6236420.64179513
  0
LWPOLYLINE
  5
20981
100
AcDbEntity
  8
0
100
AcDbPolyline
 70
0
 90
2
 10
695276.133562797
 20
6236420.64179513
 10
695279.24335835
 20
6236431.91995722
  0
LWPOLYLINE
  5
20982
100
AcDbEntity
  8
0
100
AcDbPolyline
 70
0
 90
2
 10
695279.24335835
 20
6236431.91995722
 10
695296.097310133
 20
6236441.608816
  0
LWPOLYLINE
  5
20983
100
AcDbEntity
  8
0
100
AcDbPolyline
 70
0
 90
2
 10
695296.097310133
 20
6236441.608816
 10
695328.115855547
 20
6236449.19390724
  0
LWPOLYLINE
  5
20984
100
AcDbEntity
  8
0
100
AcDbPolyline
 70
0
 90
2
 10
695328.115855547
 20
6236449.19390724
 10
695352.131036273
 20
6236454.75196847
  0
LWPOLYLINE
  5
20985
100
AcDbEntity
  8
0
100
AcDbPolyline
 70
0
 90
2
 10
695352.131036272
 20
6236454.75196847
 10
695369.86663423
 20
6236474.33546551
  0
LWPOLYLINE
  5
20986
100
AcDbEntity
  8
0
100
AcDbPolyline
 70
0
 90
2
 10
695363.107282949
 20
6236480.66965176
 10
695369.866634231
 20
6236474.33546551
  0
LWPOLYLINE
  5
20987
100
AcDbEntity
  8
0
100
AcDbPolyline
 70
0
 90
2
 10
695361.061030424
 20
6236485.22428662
 10
695363.10728295
 20
6236480.66965176
  0
LWPOLYLINE
  5
20988
100
AcDbEntity
  8
0
100
AcDbPolyline
 70
0
 90
2
 10
695361.061030424
 20
6236485.22428662
 10
695367.293538581
 20
6236501.38297407
  0
LWPOLYLINE
  5
20989
100
AcDbEntity
  8
0
100
AcDbPolyline
 70
0
 90
2
 10
695366.337532209
 20
6236511.41612079
 10
695367.293538581
 20
6236501.38297407
  0
LWPOLYLINE
  5
2098A
100
AcDbEntity
  8
0
100
AcDbPolyline
 70
0
 90
2
 10
695366.337532209
 20
6236511.41612079
 10
695374.7278262
 20
6236523.15906204
  0
LWPOLYLINE
  5
2098B
100
AcDbEntity
  8
0
100
AcDbPolyline
 70
0
 90
2
 10
695374.727826199
 20
6236523.15906204
 10
695388.131340588
 20
6236527.78566023
  0
LWPOLYLINE
  5
2098C
100
AcDbEntity
  8
0
100
AcDbPolyline
 70
0
 90
2
 10
695388.131340588
 20
6236527.78566023
 10
695402.655090071
 20
6236527.33596094
  0
LWPOLYLINE
  5
2098D
100
AcDbEntity
  8
0
100
AcDbPolyline
 70
0
 90
2
 10
695402.655090071
 20
6236527.33596094
 10
695406.986881464
 20
6236535.10314863
  0
LWPOLYLINE
  5
2098E
100
AcDbEntity
  8
0
100
AcDbPolyline
 70
0
 90
2
 10
695406.986881463
 20
6236535.10314863
 10
695414.351180253
 20
6236535.21742686
  0
LWPOLYLINE
  5
2098F
100
AcDbEntity
  8
0
100
AcDbPolyline
 70
0
 90
2
 10
695414.351180253
 20
6236535.21742686
 10
695424.856795164
 20
6236529.91319912
  0
LWPOLYLINE
  5
20990
100
AcDbEntity
  8
0
100
AcDbPolyline
 70
0
 90
2
 10
695424.856795164
 20
6236529.91319912
 10
695433.096880005
 20
6236530.29055591
  0
LWPOLYLINE
  5
20991
100
AcDbEntity
  8
0
100
AcDbPolyline
 70
0
 90
2
 10
695433.096880005
 20
6236530.29055591
 10
695445.65623501
 20
6236529.08221878
  0
LWPOLYLINE
  5
20992
100
AcDbEntity
  8
0
100
AcDbPolyline
 70
0
 90
2
 10
695445.65623501
 20
6236529.08221878
 10
695456.808881206
 20
6236527.27442997
  0
LWPOLYLINE
  5
20993
100
AcDbEntity
  8
0
100
AcDbPolyline
 70
0
 90
2
 10
695456.808881206
 20
6236527.27442997
 10
695473.990460214
 20
6236530.20164363
  0
LWPOLYLINE
  5
20994
100
AcDbEntity
  8
0
100
AcDbPolyline
 70
0
 90
2
 10
695473.990460214
 20
6236530.20164363
 10
695486.134541104
 20
6236538.05924728
  0
LWPOLYLINE
  5
20995
100
AcDbEntity
  8
0
100
AcDbPolyline
 70
0
 90
2
 10
695486.134541104
 20
6236538.05924728
 10
695493.498711598
 20
6236544.81729817
  0
LWPOLYLINE
  5
20996
100
AcDbEntity
  8
0
100
AcDbPolyline
 70
0
 90
2
 10
695493.498711598
 20
6236544.81729817
 10
695495.686190099
 20
6236551.68376828
  0
LWPOLYLINE
  5
20997
100
AcDbEntity
  8
0
100
AcDbPolyline
 70
0
 90
2
 10
695495.686190099
 20
6236551.68376828
 10
695504.579615923
 20
6236560.29542688
  0
LWPOLYLINE
  5
20998
100
AcDbEntity
  8
0
100
AcDbPolyline
 70
0
 90
2
 10
695504.579615923
 20
6236560.29542688
 10
695516.143500828
 20
6236565.09454577
  0
LWPOLYLINE
  5
20999
100
AcDbEntity
  8
0
100
AcDbPolyline
 70
0
 90
2
 10
695516.143500828
 20
6236565.09454577
 10
695534.775353874
 20
6236575.38978569
  0
LWPOLYLINE
  5
2099A
100
AcDbEntity
  8
0
100
AcDbPolyline
 70
0
 90
2
 10
695534.775353874
 20
6236575.38978569
 10
695548.18029046
 20
6236582.95979668
  0
LWPOLYLINE
  5
2099B
100
AcDbEntity
  8
0
100
AcDbPolyline
 70
0
 90
2
 10
695548.180290461
 20
6236582.95979668
 10
695553.023790496
 20
6236594.05013311
  0
LWPOLYLINE
  5
2099C
100
AcDbEntity
  8
0
100
AcDbPolyline
 70
0
 90
2
 10
695553.023790496
 20
6236594.05013311
 10
695556.595315361
 20
6236601.87183273
  0
LWPOLYLINE
  5
2099D
100
AcDbEntity
  8
0
100
AcDbPolyline
 70
0
 90
2
 10
695556.595315361
 20
6236601.87183273
 10
695563.040688008
 20
6236609.30132576
  0
LWPOLYLINE
  5
2099E
100
AcDbEntity
  8
0
100
AcDbPolyline
 70
0
 90
2
 10
695563.040688008
 20
6236609.30132576
 10
695567.906400603
 20
6236616.11222915
  0
LWPOLYLINE
  5
2099F
100
AcDbEntity
  8
0
100
AcDbPolyline
 70
0
 90
2
 10
695567.906400604
 20
6236616.11222915
 10
695578.969380454
 20
6236620.18631164
  0
LWPOLYLINE
  5
209A0
100
AcDbEntity
  8
0
100
AcDbPolyline
 70
0
 90
2
 10
695578.969380455
 20
6236620.18631164
 10
695585.523407731
 20
6236629.0365007
  0
LWPOLYLINE
  5
209A1
100
AcDbEntity
  8
0
100
AcDbPolyline
 70
0
 90
2
 10
695585.523407731
 20
6236629.0365007
 10
695597.030110007
 20
6236639.00547675
  0
LWPOLYLINE
  5
209A2
100
AcDbEntity
  8
0
100
AcDbPolyline
 70
0
 90
2
 10
695597.030110005
 20
6236639.00547675
 10
695604.057801508
 20
6236649.30423523
  0
LWPOLYLINE
  5
209A3
100
AcDbEntity
  8
0
100
AcDbPolyline
 70
0
 90
2
 10
695604.057801508
 20
6236649.30423523
 10
695604.558339892
 20
6236657.88813038
  0
LWPOLYLINE
  5
209A4
100
AcDbEntity
  8
0
100
AcDbPolyline
 70
0
 90
2
 10
695604.558339892
 20
6236657.88813038
 10
695615.206274983
 20
6236674.94077995
  0
LWPOLYLINE
  5
209A5
100
AcDbEntity
  8
0
100
AcDbPolyline
 70
0
 90
2
 10
695615.206274983
 20
6236674.94077995
 10
695626.353609812
 20
6236688.81714565
  0
LWPOLYLINE
  5
209A6
100
AcDbEntity
  8
0
100
AcDbPolyline
 70
0
 90
2
 10
695626.353609812
 20
6236688.81714565
 10
695633.36497269
 20
6236703.39569286
  0
LWPOLYLINE
  5
209A7
100
AcDbEntity
  8
0
100
AcDbPolyline
 70
0
 90
2
 10
695633.36497269
 20
6236703.39569286
 10
695640.756657069
 20
6236725.11467617
  0
LWPOLYLINE
  5
209A8
100
AcDbEntity
  8
0
100
AcDbPolyline
 70
0
 90
2
 10
695640.756657069
 20
6236725.11467617
 10
695646.506332606
 20
6236739.99211404
  0
LWPOLYLINE
  5
209A9
100
AcDbEntity
  8
0
100
AcDbPolyline
 70
0
 90
2
 10
695646.506332606
 20
6236739.99211404
 10
695653.386827549
 20
6236753.49458551
  0
LWPOLYLINE
  5
209AA
100
AcDbEntity
  8
0
100
AcDbPolyline
 70
0
 90
2
 10
695653.386827549
 20
6236753.49458551
 10
695669.709405732
 20
6236771.34265784
  0
LWPOLYLINE
  5
209AB
100
AcDbEntity
  8
0
100
AcDbPolyline
 70
0
 90
2
 10
695669.709405733
 20
6236771.34265784
 10
695679.085714347
 20
6236777.12322457
  0
LWPOLYLINE
  5
209AC
100
AcDbEntity
  8
0
100
AcDbPolyline
 70
0
 90
2
 10
695679.085714347
 20
6236777.12322457
 10
695687.497036393
 20
6236788.37736879
  0
LWPOLYLINE
  5
209AD
100
AcDbEntity
  8
0
100
AcDbPolyline
 70
0
 90
2
 10
695687.497036392
 20
6236788.37736879
 10
695697.61829441
 20
6236789.55495368
  0
LWPOLYLINE
  5
209AE
100
AcDbEntity
  8
0
100
AcDbPolyline
 70
0
 90
2
 10
695697.61829441
 20
6236789.55495368
 10
695713.774596424
 20
6236799.3808298
  0
LWPOLYLINE
  5
209AF
100
AcDbEntity
  8
0
100
AcDbPolyline
 70
0
 90
2
 10
695713.774596424
 20
6236799.3808298
 10
695730.104290321
 20
6236809.21472553
  0
LWPOLYLINE
  5
209B0
100
AcDbEntity
  8
0
100
AcDbPolyline
 70
0
 90
2
 10
695730.104290321
 20
6236809.21472553
 10
695741.993963086
 20
6236818.66665545
  0
LWPOLYLINE
  5
209B1
100
AcDbEntity
  8
0
100
AcDbPolyline
 70
0
 90
2
 10
695741.993963086
 20
6236818.66665545
 10
695754.442829215
 20
6236827.43086109
  0
LWPOLYLINE
  5
209B2
100
AcDbEntity
  8
0
100
AcDbPolyline
 70
0
 90
2
 10
695754.442829216
 20
6236827.43086109
 10
695761.050823677
 20
6236835.22486873
  0
LWPOLYLINE
  5
209B3
100
AcDbEntity
  8
0
100
AcDbPolyline
 70
0
 90
2
 10
695761.050823677
 20
6236835.22486873
 10
695770.870352354
 20
6236846.90051315
  0
LWPOLYLINE
  5
209B4
100
AcDbEntity
  8
0
100
AcDbPolyline
 70
0
 90
2
 10
695770.870352354
 20
6236846.90051315
 10
695777.078654949
 20
6236859.4806148
  0
LWPOLYLINE
  5
209B5
100
AcDbEntity
  8
0
100
AcDbPolyline
 70
0
 90
2
 10
695777.078654949
 20
6236859.4806148
 10
695782.821443358
 20
6236870.43418524
  0
LWPOLYLINE
  5
209B6
100
AcDbEntity
  8
0
100
AcDbPolyline
 70
0
 90
2
 10
695782.821443358
 20
6236870.43418524
 10
695790.80739952
 20
6236884.58959028
  0
LWPOLYLINE
  5
209B7
100
AcDbEntity
  8
0
100
AcDbPolyline
 70
0
 90
2
 10
697586.447905389
 20
6235278.8540668
 10
697591.969138
 20
6235193.91016096
  0
LWPOLYLINE
  5
209B8
100
AcDbEntity
  8
0
100
AcDbPolyline
 70
0
 90
2
 10
697687.098705453
 20
6235195.69425957
 10
697690.861700423
 20
6235142.99639538
  0
LWPOLYLINE
  5
209B9
100
AcDbEntity
  8
0
100
AcDbPolyline
 70
0
 90
2
 10
697588.900257504
 20
6235193.38912084
 10
697591.969137998
 20
6235193.91016096
  0
LWPOLYLINE
  5
209BA
100
AcDbEntity
  8
0
100
AcDbPolyline
 70
0
 90
2
 10
697591.969137998
 20
6235193.91016096
 10
697611.091965826
 20
6235200.22400001
  0
LWPOLYLINE
  5
209BB
100
AcDbEntity
  8
0
100
AcDbPolyline
 70
0
 90
2
 10
697611.091965826
 20
6235200.22400001
 10
697635.945827658
 20
6235202.41115049
  0
LWPOLYLINE
  5
209BC
100
AcDbEntity
  8
0
100
AcDbPolyline
 70
0
 90
2
 10
697635.945827658
 20
6235202.41115049
 10
697654.827036207
 20
6235206.1612541
  0
LWPOLYLINE
  5
209BD
100
AcDbEntity
  8
0
100
AcDbPolyline
 70
0
 90
2
 10
697654.827036207
 20
6235206.1612541
 10
697682.61186392
 20
6235209.1643626
  0
LWPOLYLINE
  5
209BE
100
AcDbEntity
  8
0
100
AcDbPolyline
 70
0
 90
2
 10
697682.61186392
 20
6235209.1643626
 10
697692.881683987
 20
6235213.65295446
  0
LWPOLYLINE
  5
209BF
100
AcDbEntity
  8
0
100
AcDbPolyline
 70
0
 90
2
 10
697692.881683987
 20
6235213.65295446
 10
697718.434215915
 20
6235224.48988586
  0
LWPOLYLINE
  5
209C0
100
AcDbEntity
  8
0
100
AcDbPolyline
 70
0
 90
2
 10
697718.434215915
 20
6235224.48988586
 10
697729.12976535
 20
6235231.04940824
  0
LWPOLYLINE
  5
209C1
100
AcDbEntity
  8
0
100
AcDbPolyline
 70
0
 90
2
 10
697729.129765351
 20
6235231.04940824
 10
697734.805247822
 20
6235236.84137705
  0
LWPOLYLINE
  5
209C2
100
AcDbEntity
  8
0
100
AcDbPolyline
 70
0
 90
2
 10
697734.805247819
 20
6235236.84137705
 10
697794.150176921
 20
6235283.74526653
  0
LWPOLYLINE
  5
209C3
100
AcDbEntity
  8
0
100
AcDbPolyline
 70
0
 90
2
 10
697794.150176921
 20
6235283.74526653
 10
697815.463761169
 20
6235302.27881064
  0
LWPOLYLINE
  5
209C4
100
AcDbEntity
  8
0
100
AcDbPolyline
 70
0
 90
2
 10
697768.315735801
 20
6235337.72814574
 10
697815.463761169
 20
6235302.27881064
  0
LWPOLYLINE
  5
209C5
100
AcDbEntity
  8
0
100
AcDbPolyline
 70
0
 90
2
 10
697768.3157358
 20
6235337.72814574
 10
697778.333735521
 20
6235348.18032012
  0
LWPOLYLINE
  5
209C6
100
AcDbEntity
  8
0
100
AcDbPolyline
 70
0
 90
2
 10
697778.333735522
 20
6235348.18032012
 10
697858.287067127
 20
6235414.43329555
  0
LWPOLYLINE
  5
209C7
100
AcDbEntity
  8
0
100
AcDbPolyline
 70
0
 90
2
 10
697650.707435421
 20
6235277.16892783
 10
697654.827036211
 20
6235206.1612541
  0
LWPOLYLINE
  5
209C8
100
AcDbEntity
  8
0
100
AcDbPolyline
 70
0
 90
2
 10
697685.691291163
 20
6235285.77809892
 10
697692.881684045
 20
6235213.65295449
  0
LWPOLYLINE
  5
209C9
100
AcDbEntity
  8
0
100
AcDbPolyline
 70
0
 90
2
 10
697612.463453512
 20
6235113.02576503
 10
697614.361189306
 20
6235086.24841014
  0
LWPOLYLINE
  5
209CA
100
AcDbEntity
  8
0
100
AcDbPolyline
 70
0
 90
2
 10
697596.453350795
 20
6235143.72038853
 10
697612.463453512
 20
6235113.02576503
  0
LWPOLYLINE
  5
209CB
100
AcDbEntity
  8
0
100
AcDbPolyline
 70
0
 90
2
 10
697588.880756062
 20
6235159.72313221
 10
697596.453350795
 20
6235143.72038853
  0
LWPOLYLINE
  5
209CC
100
AcDbEntity
  8
0
100
AcDbPolyline
 70
0
 90
2
 10
697588.880756062
 20
6235159.72313221
 10
697588.900257505
 20
6235193.38912084
  0
LWPOLYLINE
  5
209CD
100
AcDbEntity
  8
0
100
AcDbPolyline
 70
0
 90
2
 10
697562.786823237
 20
6235185.40306453
 10
697588.900257504
 20
6235193.38912084
  0
LWPOLYLINE
  5
209CE
100
AcDbEntity
  8
0
100
AcDbPolyline
 70
0
 90
2
 10
697529.210340351
 20
6235183.13605189
 10
697562.786823237
 20
6235185.40306453
  0
LWPOLYLINE
  5
209CF
100
AcDbEntity
  8
0
100
AcDbPolyline
 70
0
 90
2
 10
697499.711654363
 20
6235201.20122508
 10
697529.210340351
 20
6235183.13605189
  0
LWPOLYLINE
  5
209D0
100
AcDbEntity
  8
0
100
AcDbPolyline
 70
0
 90
2
 10
697496.058153071
 20
6235209.82748835
 10
697499.711654363
 20
6235201.20122508
  0
LWPOLYLINE
  5
209D1
100
AcDbEntity
  8
0
100
AcDbPolyline
 70
0
 90
2
 10
697479.764579974
 20
6235216.46450193
 10
697496.058153072
 20
6235209.82748835
  0
LWPOLYLINE
  5
209D2
100
AcDbEntity
  8
0
100
AcDbPolyline
 70
0
 90
2
 10
697682.611863922
 20
6235209.1643626
 10
697687.098705453
 20
6235195.69425957
  0
LWPOLYLINE
  5
209D3
100
AcDbEntity
  8
0
100
AcDbPolyline
 70
0
 90
2
 10
697687.098705453
 20
6235195.69425957
 10
697707.333386773
 20
6235172.63088387
  0
LWPOLYLINE
  5
209D4
100
AcDbEntity
  8
0
100
AcDbPolyline
 70
0
 90
2
 10
697707.333386773
 20
6235172.63088387
 10
697710.572195677
 20
6235168.94616018
  0
LWPOLYLINE
  5
209D5
100
AcDbEntity
  8
0
100
AcDbPolyline
 70
0
 90
2
 10
697710.572195676
 20
6235168.94616018
 10
697718.95358923
 20
6235162.17766362
  0
LWPOLYLINE
  5
209D6
100
AcDbEntity
  8
0
100
AcDbPolyline
 70
0
 90
2
 10
697718.95358923
 20
6235162.17766362
 10
697879.493449478
 20
6235172.2237964
  0
LWPOLYLINE
  5
209D7
100
AcDbEntity
  8
0
100
AcDbPolyline
 70
0
 90
2
 10
695611.392487775
 20
6235945.64757931
 10
695626.024168026
 20
6235954.94598166
  0
LWPOLYLINE
  5
209D8
100
AcDbEntity
  8
0
100
AcDbPolyline
 70
0
 90
2
 10
695626.024168026
 20
6235954.94598166
 10
695646.479505129
 20
6235950.57754755
  0
LWPOLYLINE
  5
209D9
100
AcDbEntity
  8
0
100
AcDbPolyline
 70
0
 90
2
 10
695646.479505129
 20
6235950.57754755
 10
695673.493554345
 20
6235942.51922738
  0
LWPOLYLINE
  5
209DA
100
AcDbEntity
  8
0
100
AcDbPolyline
 70
0
 90
2
 10
695673.493554345
 20
6235942.51922738
 10
695704.07949714
 20
6235929.28539491
  0
LWPOLYLINE
  5
209DB
100
AcDbEntity
  8
0
100
AcDbPolyline
 70
0
 90
2
 10
695704.07949714
 20
6235929.28539491
 10
695726.423220915
 20
6235917.32357795
  0
LWPOLYLINE
  5
209DC
100
AcDbEntity
  8
0
100
AcDbPolyline
 70
0
 90
2
 10
695726.423220915
 20
6235917.32357795
 10
695793.654473142
 20
6235898.3469391
  0
LWPOLYLINE
  5
209DD
100
AcDbEntity
  8
0
100
AcDbPolyline
 70
0
 90
2
 10
695793.654473142
 20
6235898.3469391
 10
695853.307590606
 20
6235856.97463524
  0
LWPOLYLINE
  5
209DE
100
AcDbEntity
  8
0
100
AcDbPolyline
 70
0
 90
2
 10
695853.307590606
 20
6235856.97463524
 10
695887.440986338
 20
6235862.94405919
  0
LWPOLYLINE
  5
209DF
100
AcDbEntity
  8
0
100
AcDbPolyline
 70
0
 90
2
 10
694071.58239023
 20
6235674.37046592
 10
694077.09224215
 20
6235679.92684083
  0
LWPOLYLINE
  5
209E0
100
AcDbEntity
  8
0
100
AcDbPolyline
 70
0
 90
2
 10
694057.299432493
 20
6235660.32269371
 10
694071.582390223
 20
6235674.37046592
  0
LWPOLYLINE
  5
209E1
100
AcDbEntity
  8
0
100
AcDbPolyline
 70
0
 90
2
 10
694035.160983602
 20
6235645.46087751
 10
694057.299432493
 20
6235660.32269371
  0
LWPOLYLINE
  5
209E2
100
AcDbEntity
  8
0
100
AcDbPolyline
 70
0
 90
2
 10
694025.447304711
 20
6235638.94435785
 10
694035.160983602
 20
6235645.46087751
  0
LWPOLYLINE
  5
209E3
100
AcDbEntity
  8
0
100
AcDbPolyline
 70
0
 90
2
 10
694011.509781437
 20
6235632.59258547
 10
694025.447304711
 20
6235638.94435785
  0
LWPOLYLINE
  5
209E4
100
AcDbEntity
  8
0
100
AcDbPolyline
 70
0
 90
2
 10
696921.734423814
 20
6235979.13609292
 10
696965.659855219
 20
6236076.71746041
  0
LWPOLYLINE
  5
209E5
100
AcDbEntity
  8
0
100
AcDbPolyline
 70
0
 90
2
 10
697958.763974776
 20
6236984.32963975
 10
697995.446368765
 20
6237061.31070693
  0
LWPOLYLINE
  5
209E6
100
AcDbEntity
  8
0
100
AcDbPolyline
 70
0
 90
2
 10
697909.515387087
 20
6236886.17673288
 10
697958.763974777
 20
6236984.32963975
  0
LWPOLYLINE
  5
209E7
100
AcDbEntity
  8
0
100
AcDbPolyline
 70
0
 90
2
 10
698012.764380543
 20
6236957.69576501
 10
698056.307864047
 20
6237050.42396452
  0
LWPOLYLINE
  5
209E8
100
AcDbEntity
  8
0
100
AcDbPolyline
 70
0
 90
2
 10
697969.591553372
 20
6236864.82928522
 10
698012.764380543
 20
6236957.69576501
  0
LWPOLYLINE
  5
209E9
100
AcDbEntity
  8
0
100
AcDbPolyline
 70
0
 90
2
 10
697922.520228628
 20
6236767.89208975
 10
697969.591553372
 20
6236864.82928522
  0
LWPOLYLINE
  5
209EA
100
AcDbEntity
  8
0
100
AcDbPolyline
 70
0
 90
2
 10
697889.603390355
 20
6236705.21041791
 10
697922.520228628
 20
6236767.89208975
  0
LWPOLYLINE
  5
209EB
100
AcDbEntity
  8
0
100
AcDbPolyline
 70
0
 90
2
 10
697499.774497124
 20
6237182.01707723
 10
697508.642181037
 20
6237067.564632
  0
LWPOLYLINE
  5
209EC
100
AcDbEntity
  8
0
100
AcDbPolyline
 70
0
 90
2
 10
696266.058857779
 20
6238269.35905875
 10
696289.812916859
 20
6238301.3858086
  0
LWPOLYLINE
  5
209ED
100
AcDbEntity
  8
0
100
AcDbPolyline
 70
0
 90
2
 10
696289.812916858
 20
6238301.3858086
 10
696294.049421983
 20
6238307.09867675
  0
LWPOLYLINE
  5
209EE
100
AcDbEntity
  8
0
100
AcDbPolyline
 70
0
 90
2
 10
696294.049421983
 20
6238307.09867675
 10
696298.592616769
 20
6238314.64266064
  0
LWPOLYLINE
  5
209EF
100
AcDbEntity
  8
0
100
AcDbPolyline
 70
0
 90
2
 10
696298.592616769
 20
6238314.64266064
 10
696316.585020769
 20
6238344.55396853
  0
LWPOLYLINE
  5
209F0
100
AcDbEntity
  8
0
100
AcDbPolyline
 70
0
 90
2
 10
696316.585020769
 20
6238344.55396853
 10
696338.106611015
 20
6238381.91813717
  0
LWPOLYLINE
  5
209F1
100
AcDbEntity
  8
0
100
AcDbPolyline
 70
0
 90
2
 10
696338.106611015
 20
6238381.91813717
 10
696357.168301156
 20
6238416.49384355
  0
LWPOLYLINE
  5
209F2
100
AcDbEntity
  8
0
100
AcDbPolyline
 70
0
 90
2
 10
696357.168301156
 20
6238416.49384355
 10
696380.632291205
 20
6238457.48139125
  0
LWPOLYLINE
  5
209F3
100
AcDbEntity
  8
0
100
AcDbPolyline
 70
0
 90
2
 10
696380.632291205
 20
6238457.48139125
 10
696405.159091811
 20
6238497.61512059
  0
LWPOLYLINE
  5
209F4
100
AcDbEntity
  8
0
100
AcDbPolyline
 70
0
 90
2
 10
696405.159091811
 20
6238497.61512059
 10
696423.876797871
 20
6238523.87065282
  0
LWPOLYLINE
  5
209F5
100
AcDbEntity
  8
0
100
AcDbPolyline
 70
0
 90
2
 10
696423.876797876
 20
6238523.87065283
 10
696441.562421091
 20
6238538.30723266
  0
LWPOLYLINE
  5
209F6
100
AcDbEntity
  8
0
100
AcDbPolyline
 70
0
 90
2
 10
696441.562421091
 20
6238538.30723266
 10
696473.133459929
 20
6238555.2340381
  0
LWPOLYLINE
  5
209F7
100
AcDbEntity
  8
0
100
AcDbPolyline
 70
0
 90
2
 10
696473.133459929
 20
6238555.2340381
 10
696505.27871886
 20
6238565.88934338
  0
LWPOLYLINE
  5
209F8
100
AcDbEntity
  8
0
100
AcDbPolyline
 70
0
 90
2
 10
696505.27871886
 20
6238565.88934338
 10
696550.308611729
 20
6238572.06671886
  0
LWPOLYLINE
  5
209F9
100
AcDbEntity
  8
0
100
AcDbPolyline
 70
0
 90
2
 10
696550.308611729
 20
6238572.06671886
 10
696594.594005287
 20
6238573.79592845
  0
LWPOLYLINE
  5
209FA
100
AcDbEntity
  8
0
100
AcDbPolyline
 70
0
 90
2
 10
696594.594005287
 20
6238573.79592845
 10
696634.938113061
 20
6238576.48088975
  0
LWPOLYLINE
  5
209FB
100
AcDbEntity
  8
0
100
AcDbPolyline
 70
0
 90
2
 10
696634.938113061
 20
6238576.48088975
 10
696683.783078239
 20
6238579.45796985
  0
LWPOLYLINE
  5
209FC
100
AcDbEntity
  8
0
100
AcDbPolyline
 70
0
 90
2
 10
696683.783078239
 20
6238579.45796985
 10
696724.562015075
 20
6238581.59532516
  0
LWPOLYLINE
  5
209FD
100
AcDbEntity
  8
0
100
AcDbPolyline
 70
0
 90
2
 10
696724.562015075
 20
6238581.59532516
 10
696746.129784745
 20
6238584.36274038
  0
LWPOLYLINE
  5
209FE
100
AcDbEntity
  8
0
100
AcDbPolyline
 70
0
 90
2
 10
696746.129784745
 20
6238584.36274038
 10
696770.801065128
 20
6238591.42026941
  0
LWPOLYLINE
  5
209FF
100
AcDbEntity
  8
0
100
AcDbPolyline
 70
0
 90
2
 10
696770.801065128
 20
6238591.42026941
 10
696795.691890439
 20
6238603.93911963
  0
LWPOLYLINE
  5
20A00
100
AcDbEntity
  8
0
100
AcDbPolyline
 70
0
 90
2
 10
696795.691890439
 20
6238603.93911963
 10
696827.472117363
 20
6238622.48353572
  0
LWPOLYLINE
  5
20A01
100
AcDbEntity
  8
0
100
AcDbPolyline
 70
0
 90
2
 10
696827.472117363
 20
6238622.48353572
 10
696858.834069964
 20
6238643.22721806
  0
LWPOLYLINE
  5
20A02
100
AcDbEntity
  8
0
100
AcDbPolyline
 70
0
 90
2
 10
696858.834069964
 20
6238643.22721806
 10
696891.893436745
 20
6238668.46387074
  0
LWPOLYLINE
  5
20A03
100
AcDbEntity
  8
0
100
AcDbPolyline
 70
0
 90
2
 10
696891.893436741
 20
6238668.46387074
 10
696904.945303993
 20
6238681.74104493
  0
LWPOLYLINE
  5
20A04
100
AcDbEntity
  8
0
100
AcDbPolyline
 70
0
 90
2
 10
696904.945303994
 20
6238681.74104493
 10
696914.650453471
 20
6238696.66959215
  0
LWPOLYLINE
  5
20A05
100
AcDbEntity
  8
0
100
AcDbPolyline
 70
0
 90
2
 10
696914.650453471
 20
6238696.66959215
 10
696923.023668115
 20
6238714.10054884
  0
LWPOLYLINE
  5
20A06
100
AcDbEntity
  8
0
100
AcDbPolyline
 70
0
 90
2
 10
696923.023668115
 20
6238714.10054884
 10
696928.482867888
 20
6238731.87629045
  0
LWPOLYLINE
  5
20A07
100
AcDbEntity
  8
0
100
AcDbPolyline
 70
0
 90
2
 10
696928.482867888
 20
6238731.87629045
 10
696936.350865063
 20
6238764.81221452
  0
LWPOLYLINE
  5
20A08
100
AcDbEntity
  8
0
100
AcDbPolyline
 70
0
 90
2
 10
696936.350865063
 20
6238764.81221452
 10
696940.601729796
 20
6238796.78964335
  0
LWPOLYLINE
  5
20A09
100
AcDbEntity
  8
0
100
AcDbPolyline
 70
0
 90
2
 10
696940.601729796
 20
6238796.78964335
 10
696942.803332435
 20
6238833.49924088
  0
LWPOLYLINE
  5
20A0A
100
AcDbEntity
  8
0
100
AcDbPolyline
 70
0
 90
2
 10
696940.334671904
 20
6238868.81152266
 10
696942.803332435
 20
6238833.49924088
  0
LWPOLYLINE
  5
20A0B
100
AcDbEntity
  8
0
100
AcDbPolyline
 70
0
 90
2
 10
696931.406758149
 20
6238912.30862308
 10
696940.334671904
 20
6238868.81152266
  0
LWPOLYLINE
  5
20A0C
100
AcDbEntity
  8
0
100
AcDbPolyline
 70
0
 90
2
 10
696922.49526989
 20
6238942.1509796
 10
696931.406758149
 20
6238912.30862308
  0
LWPOLYLINE
  5
20A0D
100
AcDbEntity
  8
0
100
AcDbPolyline
 70
0
 90
2
 10
696912.872293701
 20
6238974.36832481
 10
696922.49526989
 20
6238942.1509796
  0
LWPOLYLINE
  5
20A0E
100
AcDbEntity
  8
0
100
AcDbPolyline
 70
0
 90
2
 10
696172.482184369
 20
6238167.76100627
 10
696223.157475332
 20
6238163.42607868
  0
LWPOLYLINE
  5
20A0F
100
AcDbEntity
  8
0
100
AcDbPolyline
 70
0
 90
2
 10
696124.812934295
 20
6238177.58541052
 10
696172.482184369
 20
6238167.76100627
  0
LWPOLYLINE
  5
20A10
100
AcDbEntity
  8
0
100
AcDbPolyline
 70
0
 90
2
 10
696086.863522789
 20
6238185.23760107
 10
696124.812934295
 20
6238177.58541052
  0
LWPOLYLINE
  5
20A11
100
AcDbEntity
  8
0
100
AcDbPolyline
 70
0
 90
2
 10
694160.409299188
 20
6236869.89292051
 10
694214.208456405
 20
6236899.03798577
  0
LWPOLYLINE
  5
20A12
100
AcDbEntity
  8
0
100
AcDbPolyline
 70
0
 90
2
 10
694126.716854211
 20
6236852.75437943
 10
694160.409299188
 20
6236869.89292051
  0
LWPOLYLINE
  5
20A13
100
AcDbEntity
  8
0
100
AcDbPolyline
 70
0
 90
2
 10
694086.745508791
 20
6236829.80169661
 10
694126.716854211
 20
6236852.75437943
  0
LWPOLYLINE
  5
20A14
100
AcDbEntity
  8
0
100
AcDbPolyline
 70
0
 90
2
 10
694062.048444128
 20
6236817.69879932
 10
694086.745508791
 20
6236829.80169661
  0
LWPOLYLINE
  5
20A15
100
AcDbEntity
  8
0
100
AcDbPolyline
 70
0
 90
2
 10
694045.743876422
 20
6236814.07028231
 10
694062.048444128
 20
6236817.69879932
  0
LWPOLYLINE
  5
20A16
100
AcDbEntity
  8
0
100
AcDbPolyline
 70
0
 90
2
 10
694037.537828547
 20
6236820.19570316
 10
694045.743876422
 20
6236814.07028231
  0
LWPOLYLINE
  5
20A17
100
AcDbEntity
  8
0
100
AcDbPolyline
 70
0
 90
2
 10
693989.185507289
 20
6236797.09696271
 10
694037.537828548
 20
6236820.19570316
  0
LWPOLYLINE
  5
20A18
100
AcDbEntity
  8
0
100
AcDbPolyline
 70
0
 90
2
 10
693949.028661881
 20
6236777.92712637
 10
693989.185507289
 20
6236797.09696271
  0
LWPOLYLINE
  5
20A19
100
AcDbEntity
  8
0
100
AcDbPolyline
 70
0
 90
2
 10
694236.222419068
 20
6236499.26660957
 10
694244.856198549
 20
6236463.03108986
  0
LWPOLYLINE
  5
20A1A
100
AcDbEntity
  8
0
100
AcDbPolyline
 70
0
 90
2
 10
694244.856198549
 20
6236463.03108986
 10
694249.945288228
 20
6236436.6106505
  0
LWPOLYLINE
  5
20A1B
100
AcDbEntity
  8
0
100
AcDbPolyline
 70
0
 90
2
 10
693803.847643926
 20
6237556.62111942
 10
693827.107520381
 20
6237510.92825862
  0
LWPOLYLINE
  5
20A1C
100
AcDbEntity
  8
0
100
AcDbPolyline
 70
0
 90
2
 10
695011.564685513
 20
6236682.29116548
 10
695046.913326761
 20
6236684.21885561
  0
LWPOLYLINE
  5
20A1D
100
AcDbEntity
  8
0
100
AcDbPolyline
 70
0
 90
2
 10
694177.05255975
 20
6236969.19943476
 10
694214.208456405
 20
6236899.03798577
  0
LWPOLYLINE
  5
20A1E
100
AcDbEntity
  8
0
100
AcDbPolyline
 70
0
 90
2
 10
694214.208456405
 20
6236899.03798577
 10
694249.58638002
 20
6236832.22907754
  0
LWPOLYLINE
  5
20A1F
100
AcDbEntity
  8
0
100
AcDbPolyline
 70
0
 90
2
 10
694238.163639964
 20
6236774.68184709
 10
694249.58638002
 20
6236832.22907754
  0
LWPOLYLINE
  5
20A20
100
AcDbEntity
  8
0
100
AcDbPolyline
 70
0
 90
2
 10
695100.677904131
 20
6236845.91140211
 10
695125.56740247
 20
6236842.0779446
  0
LWPOLYLINE
  5
20A21
100
AcDbEntity
  8
0
100
AcDbPolyline
 70
0
 90
2
 10
694177.05255975
 20
6236969.19943476
 10
694215.575993097
 20
6236988.46445438
  0
LWPOLYLINE
  5
20A22
100
AcDbEntity
  8
0
100
AcDbPolyline
 70
0
 90
2
 10
694055.033675505
 20
6236905.87431229
 10
694177.05255975
 20
6236969.19943476
  0
LWPOLYLINE
  5
20A23
100
AcDbEntity
  8
0
100
AcDbPolyline
 70
0
 90
2
 10
694135.241372643
 20
6236680.25499091
 10
694137.802409692
 20
6236672.81396031
  0
LWPOLYLINE
  5
20A24
100
AcDbEntity
  8
0
100
AcDbPolyline
 70
0
 90
2
 10
694119.936634327
 20
6236729.284694
 10
694135.241372643
 20
6236680.25499091
  0
LWPOLYLINE
  5
20A25
100
AcDbEntity
  8
0
100
AcDbPolyline
 70
0
 90
2
 10
694103.336797947
 20
6236782.09002661
 10
694119.936634327
 20
6236729.284694
  0
LWPOLYLINE
  5
20A26
100
AcDbEntity
  8
0
100
AcDbPolyline
 70
0
 90
2
 10
694086.745508794
 20
6236829.80169661
 10
694103.336797947
 20
6236782.09002661
  0
LWPOLYLINE
  5
20A27
100
AcDbEntity
  8
0
100
AcDbPolyline
 70
0
 90
2
 10
693442.847285981
 20
6237793.72371428
 10
693455.510734301
 20
6237776.01737545
  0
LWPOLYLINE
  5
20A28
100
AcDbEntity
  8
0
100
AcDbPolyline
 70
0
 90
2
 10
693455.510734301
 20
6237776.01737545
 10
693464.982255479
 20
6237756.98474581
  0
LWPOLYLINE
  5
20A29
100
AcDbEntity
  8
0
100
AcDbPolyline
 70
0
 90
2
 10
695079.30707787
 20
6236759.33661081
 10
695119.267668616
 20
6236770.90614402
  0
LWPOLYLINE
  5
20A2A
100
AcDbEntity
  8
0
100
AcDbPolyline
 70
0
 90
2
 10
694249.58638002
 20
6236832.22907754
 10
694285.780987081
 20
6236853.17214267
  0
LWPOLYLINE
  5
20A2B
100
AcDbEntity
  8
0
100
AcDbPolyline
 70
0
 90
2
 10
693668.279431434
 20
6237496.59205197
 10
693672.033865898
 20
6237488.81485593
  0
LWPOLYLINE
  5
20A2C
100
AcDbEntity
  8
0
100
AcDbPolyline
 70
0
 90
2
 10
693661.157419797
 20
6237514.42680581
 10
693665.907264438
 20
6237502.53237005
  0
LWPOLYLINE
  5
20A2D
100
AcDbEntity
  8
0
100
AcDbPolyline
 70
0
 90
2
 10
693665.907264438
 20
6237502.53237005
 10
693668.279431434
 20
6237496.59205197
  0
LWPOLYLINE
  5
20A2E
100
AcDbEntity
  8
0
100
AcDbPolyline
 70
0
 90
2
 10
695766.111538696
 20
6238131.45466185
 10
695772.619416642
 20
6238157.46981815
  0
LWPOLYLINE
  5
20A2F
100
AcDbEntity
  8
0
100
AcDbPolyline
 70
0
 90
2
 10
695740.701937469
 20
6238136.88756099
 10
695756.691404659
 20
6238197.96084135
  0
LWPOLYLINE
  5
20A30
100
AcDbEntity
  8
0
100
AcDbPolyline
 70
0
 90
2
 10
695766.111538579
 20
6238131.45466188
 10
695793.990969345
 20
6238125.48875341
  0
LWPOLYLINE
  5
20A31
100
AcDbEntity
  8
0
100
AcDbPolyline
 70
0
 90
2
 10
695740.701937463
 20
6238136.88756099
 10
695766.111538579
 20
6238131.45466188
  0
LWPOLYLINE
  5
20A32
100
AcDbEntity
  8
0
100
AcDbPolyline
 70
0
 90
2
 10
695694.737313543
 20
6238148.81257163
 10
695740.701937463
 20
6238136.88756099
  0
LWPOLYLINE
  5
20A33
100
AcDbEntity
  8
0
100
AcDbPolyline
 70
0
 90
2
 10
698095.224147532
 20
6238579.15263111
 10
698113.99179163
 20
6238583.6808632
  0
LWPOLYLINE
  5
20A34
100
AcDbEntity
  8
0
100
AcDbPolyline
 70
0
 90
2
 10
698113.99179163
 20
6238583.6808632
 10
698114.269538413
 20
6238606.2898589
  0
LWPOLYLINE
  5
20A35
100
AcDbEntity
  8
0
100
AcDbPolyline
 70
0
 90
2
 10
698081.483017158
 20
6238724.53610851
 10
698114.269538413
 20
6238606.2898589
  0
LWPOLYLINE
  5
20A36
100
AcDbEntity
  8
0
100
AcDbPolyline
 70
0
 90
2
 10
698077.47366674
 20
6238763.68958145
 10
698081.483017158
 20
6238724.53610851
  0
LWPOLYLINE
  5
20A37
100
AcDbEntity
  8
0
100
AcDbPolyline
 70
0
 90
2
 10
698072.800161877
 20
6238786.41415761
 10
698077.47366674
 20
6238763.68958145
  0
LWPOLYLINE
  5
20A38
100
AcDbEntity
  8
0
100
AcDbPolyline
 70
0
 90
2
 10
698070.874815009
 20
6238795.80014454
 10
698072.800161877
 20
6238786.41415761
  0
LWPOLYLINE
  5
20A39
100
AcDbEntity
  8
0
100
AcDbPolyline
 70
0
 90
2
 10
698057.931905027
 20
6238829.82326059
 10
698070.874815009
 20
6238795.80014454
  0
LWPOLYLINE
  5
20A3A
100
AcDbEntity
  8
0
100
AcDbPolyline
 70
0
 90
2
 10
698036.942046041
 20
6238879.04579854
 10
698057.931905027
 20
6238829.82326059
  0
LWPOLYLINE
  5
20A3B
100
AcDbEntity
  8
0
100
AcDbPolyline
 70
0
 90
2
 10
698002.339975098
 20
6238943.72220356
 10
698036.942046041
 20
6238879.04579854
  0
LWPOLYLINE
  5
20A3C
100
AcDbEntity
  8
0
100
AcDbPolyline
 70
0
 90
2
 10
697966.009459234
 20
6238976.14678312
 10
698002.339975098
 20
6238943.72220356
  0
LWPOLYLINE
  5
20A3D
100
AcDbEntity
  8
0
100
AcDbPolyline
 70
0
 90
2
 10
697910.498475882
 20
6239032.77441282
 10
697966.009459237
 20
6238976.14678312
  0
LWPOLYLINE
  5
20A3E
100
AcDbEntity
  8
0
100
AcDbPolyline
 70
0
 90
2
 10
697868.964244243
 20
6239053.27558755
 10
697910.498475882
 20
6239032.77441282
  0
LWPOLYLINE
  5
20A3F
100
AcDbEntity
  8
0
100
AcDbPolyline
 70
0
 90
2
 10
697824.50223006
 20
6239065.47017174
 10
697868.964244243
 20
6239053.27558755
  0
LWPOLYLINE
  5
20A40
100
AcDbEntity
  8
0
100
AcDbPolyline
 70
0
 90
2
 10
697789.622493779
 20
6239080.58444166
 10
697824.50223006
 20
6239065.47017174
  0
LWPOLYLINE
  5
20A41
100
AcDbEntity
  8
0
100
AcDbPolyline
 70
0
 90
2
 10
697757.723287607
 20
6239081.07792313
 10
697789.622493779
 20
6239080.58444166
  0
LWPOLYLINE
  5
20A42
100
AcDbEntity
  8
0
100
AcDbPolyline
 70
0
 90
2
 10
697720.292924675
 20
6239065.16242398
 10
697757.723287607
 20
6239081.07792313
  0
LWPOLYLINE
  5
20A43
100
AcDbEntity
  8
0
100
AcDbPolyline
 70
0
 90
2
 10
697710.337250886
 20
6239060.93292097
 10
697720.292924675
 20
6239065.16242398
  0
LWPOLYLINE
  5
20A44
100
AcDbEntity
  8
0
100
AcDbPolyline
 70
0
 90
2
 10
697667.616149059
 20
6239013.10257332
 10
697710.337250886
 20
6239060.93292097
  0
LWPOLYLINE
  5
20A45
100
AcDbEntity
  8
0
100
AcDbPolyline
 70
0
 90
2
 10
697627.890373619
 20
6238987.91830844
 10
697667.616149059
 20
6239013.10257332
  0
LWPOLYLINE
  5
20A46
100
AcDbEntity
  8
0
100
AcDbPolyline
 70
0
 90
2
 10
697552.603706894
 20
6238964.41982546
 10
697627.890373619
 20
6238987.91830844
  0
LWPOLYLINE
  5
20A47
100
AcDbEntity
  8
0
100
AcDbPolyline
 70
0
 90
2
 10
697494.513277594
 20
6238991.79353338
 10
697552.603706894
 20
6238964.41982546
  0
LWPOLYLINE
  5
20A48
100
AcDbEntity
  8
0
100
AcDbPolyline
 70
0
 90
2
 10
697455.189206942
 20
6239009.77018766
 10
697494.513277594
 20
6238991.79353338
  0
LWPOLYLINE
  5
20A49
100
AcDbEntity
  8
0
100
AcDbPolyline
 70
0
 90
2
 10
697440.870133413
 20
6239014.80345972
 10
697455.189206942
 20
6239009.77018766
  0
LWPOLYLINE
  5
20A4A
100
AcDbEntity
  8
0
100
AcDbPolyline
 70
0
 90
2
 10
697389.517359383
 20
6239002.56037563
 10
697440.870133413
 20
6239014.80345972
  0
LWPOLYLINE
  5
20A4B
100
AcDbEntity
  8
0
100
AcDbPolyline
 70
0
 90
2
 10
697333.253789885
 20
6238992.50964604
 10
697389.517359383
 20
6239002.56037563
  0
LWPOLYLINE
  5
20A4C
100
AcDbEntity
  8
0
100
AcDbPolyline
 70
0
 90
2
 10
697267.790098576
 20
6238985.6234946
 10
697333.253789885
 20
6238992.50964604
  0
LWPOLYLINE
  5
20A4D
100
AcDbEntity
  8
0
100
AcDbPolyline
 70
0
 90
2
 10
697222.425924091
 20
6238997.10253446
 10
697267.790098576
 20
6238985.6234946
  0
LWPOLYLINE
  5
20A4E
100
AcDbEntity
  8
0
100
AcDbPolyline
 70
0
 90
2
 10
697176.354972698
 20
6238982.67623828
 10
697222.425924091
 20
6238997.10253446
  0
LWPOLYLINE
  5
20A4F
100
AcDbEntity
  8
0
100
AcDbPolyline
 70
0
 90
2
 10
697134.358940855
 20
6238970.43423571
 10
697176.354972698
 20
6238982.67623828
  0
LWPOLYLINE
  5
20A50
100
AcDbEntity
  8
0
100
AcDbPolyline
 70
0
 90
2
 10
697083.27274396
 20
6238945.5549657
 10
697134.358940855
 20
6238970.43423571
  0
LWPOLYLINE
  5
20A51
100
AcDbEntity
  8
0
100
AcDbPolyline
 70
0
 90
2
 10
697038.916701953
 20
6238914.544157
 10
697083.27274396
 20
6238945.5549657
  0
LWPOLYLINE
  5
20A52
100
AcDbEntity
  8
0
100
AcDbPolyline
 70
0
 90
2
 10
696995.373152089
 20
6238893.87155601
 10
697038.916701953
 20
6238914.544157
  0
LWPOLYLINE
  5
20A53
100
AcDbEntity
  8
0
100
AcDbPolyline
 70
0
 90
2
 10
696959.000451928
 20
6238877.00862069
 10
696995.373152089
 20
6238893.87155601
  0
LWPOLYLINE
  5
20A54
100
AcDbEntity
  8
0
100
AcDbPolyline
 70
0
 90
2
 10
696940.334671904
 20
6238868.81152266
 10
696959.000451928
 20
6238877.00862069
  0
LWPOLYLINE
  5
20A55
100
AcDbEntity
  8
0
100
AcDbPolyline
 70
0
 90
2
 10
696905.455951199
 20
6238847.13553304
 10
696940.334671904
 20
6238868.81152266
  0
LWPOLYLINE
  5
20A56
100
AcDbEntity
  8
0
100
AcDbPolyline
 70
0
 90
2
 10
696874.723968069
 20
6238827.16734294
 10
696905.455951199
 20
6238847.13553304
  0
LWPOLYLINE
  5
20A57
100
AcDbEntity
  8
0
100
AcDbPolyline
 70
0
 90
2
 10
696845.173584548
 20
6238808.07884197
 10
696874.723968069
 20
6238827.16734294
  0
LWPOLYLINE
  5
20A58
100
AcDbEntity
  8
0
100
AcDbPolyline
 70
0
 90
2
 10
696810.478940615
 20
6238785.48696305
 10
696845.173584548
 20
6238808.07884197
  0
LWPOLYLINE
  5
20A59
100
AcDbEntity
  8
0
100
AcDbPolyline
 70
0
 90
2
 10
696770.879693673
 20
6238763.07037166
 10
696810.478940615
 20
6238785.48696305
  0
LWPOLYLINE
  5
20A5A
100
AcDbEntity
  8
0
100
AcDbPolyline
 70
0
 90
2
 10
696746.930098396
 20
6238734.60977458
 10
696770.879693672
 20
6238763.07037166
  0
LWPOLYLINE
  5
20A5B
100
AcDbEntity
  8
0
100
AcDbPolyline
 70
0
 90
2
 10
696690.694664267
 20
6238709.59829435
 10
696746.930098396
 20
6238734.60977458
  0
LWPOLYLINE
  5
20A5C
100
AcDbEntity
  8
0
100
AcDbPolyline
 70
0
 90
2
 10
696677.066722283
 20
6238707.18616078
 10
696690.694664267
 20
6238709.59829435
  0
LWPOLYLINE
  5
20A5D
100
AcDbEntity
  8
0
100
AcDbPolyline
 70
0
 90
2
 10
696644.789399778
 20
6238689.60089907
 10
696677.066722283
 20
6238707.18616078
  0
LWPOLYLINE
  5
20A5E
100
AcDbEntity
  8
0
100
AcDbPolyline
 70
0
 90
2
 10
696591.875412325
 20
6238655.11270328
 10
696644.789399778
 20
6238689.60089907
  0
LWPOLYLINE
  5
20A5F
100
AcDbEntity
  8
0
100
AcDbPolyline
 70
0
 90
2
 10
696559.373532809
 20
6238667.42595165
 10
696591.875412325
 20
6238655.11270328
  0
LWPOLYLINE
  5
20A60
100
AcDbEntity
  8
0
100
AcDbPolyline
 70
0
 90
2
 10
696526.105863405
 20
6238674.00788244
 10
696559.373532809
 20
6238667.42595165
  0
LWPOLYLINE
  5
20A61
100
AcDbEntity
  8
0
100
AcDbPolyline
 70
0
 90
2
 10
696518.712216354
 20
6238674.20221699
 10
696526.105863405
 20
6238674.00788244
  0
LWPOLYLINE
  5
20A62
100
AcDbEntity
  8
0
100
AcDbPolyline
 70
0
 90
2
 10
696459.37783503
 20
6238675.73767184
 10
696518.712216354
 20
6238674.20221699
  0
LWPOLYLINE
  5
20A63
100
AcDbEntity
  8
0
100
AcDbPolyline
 70
0
 90
2
 10
696429.243015997
 20
6238678.44051101
 10
696459.37783503
 20
6238675.73767184
  0
LWPOLYLINE
  5
20A64
100
AcDbEntity
  8
0
100
AcDbPolyline
 70
0
 90
2
 10
696365.126727489
 20
6238673.86010347
 10
696429.243015997
 20
6238678.44051101
  0
LWPOLYLINE
  5
20A65
100
AcDbEntity
  8
0
100
AcDbPolyline
 70
0
 90
2
 10
696291.595707763
 20
6238688.84543705
 10
696365.126727489
 20
6238673.86010347
  0
LWPOLYLINE
  5
20A66
100
AcDbEntity
  8
0
100
AcDbPolyline
 70
0
 90
2
 10
696268.204924264
 20
6238695.22630211
 10
696291.595707762
 20
6238688.84543705
  0
LWPOLYLINE
  5
20A67
100
AcDbEntity
  8
0
100
AcDbPolyline
 70
0
 90
2
 10
696222.095501755
 20
6238699.85955965
 10
696268.204924264
 20
6238695.22630211
  0
LWPOLYLINE
  5
20A68
100
AcDbEntity
  8
0
100
AcDbPolyline
 70
0
 90
2
 10
696190.905125657
 20
6238699.34967333
 10
696222.095501755
 20
6238699.85955965
  0
LWPOLYLINE
  5
20A69
100
AcDbEntity
  8
0
100
AcDbPolyline
 70
0
 90
2
 10
696148.644787968
 20
6238691.80968772
 10
696190.905125657
 20
6238699.34967333
  0
LWPOLYLINE
  5
20A6A
100
AcDbEntity
  8
0
100
AcDbPolyline
 70
0
 90
2
 10
696136.491914578
 20
6238691.99756657
 10
696148.644787968
 20
6238691.80968772
  0
LWPOLYLINE
  5
20A6B
100
AcDbEntity
  8
0
100
AcDbPolyline
 70
0
 90
2
 10
696108.999740754
 20
6238692.43868524
 10
696136.491914578
 20
6238691.99756657
  0
LWPOLYLINE
  5
20A6C
100
AcDbEntity
  8
0
100
AcDbPolyline
 70
0
 90
2
 10
696072.178244088
 20
6238701.43565647
 10
696108.999740754
 20
6238692.43868524
  0
LWPOLYLINE
  5
20A6D
100
AcDbEntity
  8
0
100
AcDbPolyline
 70
0
 90
2
 10
696024.769889983
 20
6238712.19798985
 10
696072.178244088
 20
6238701.43565647
  0
LWPOLYLINE
  5
20A6E
100
AcDbEntity
  8
0
100
AcDbPolyline
 70
0
 90
2
 10
696061.927869344
 20
6238681.300698
 10
696072.178244103
 20
6238701.43565647
  0
LWPOLYLINE
  5
20A6F
100
AcDbEntity
  8
0
100
AcDbPolyline
 70
0
 90
2
 10
696036.358434313
 20
6238628.98183786
 10
696061.927869344
 20
6238681.300698
  0
LWPOLYLINE
  5
20A70
100
AcDbEntity
  8
0
100
AcDbPolyline
 70
0
 90
2
 10
696014.218812068
 20
6238590.86628384
 10
696036.358434313
 20
6238628.98183786
  0
LWPOLYLINE
  5
20A71
100
AcDbEntity
  8
0
100
AcDbPolyline
 70
0
 90
2
 10
695994.599672678
 20
6238560.01205822
 10
696014.218812068
 20
6238590.86628384
  0
LWPOLYLINE
  5
20A72
100
AcDbEntity
  8
0
100
AcDbPolyline
 70
0
 90
2
 10
695974.614399139
 20
6238532.79739343
 10
695994.599672678
 20
6238560.01205822
  0
LWPOLYLINE
  5
20A73
100
AcDbEntity
  8
0
100
AcDbPolyline
 70
0
 90
2
 10
695971.859069496
 20
6238528.88073339
 10
695974.614399139
 20
6238532.79739343
  0
LWPOLYLINE
  5
20A74
100
AcDbEntity
  8
0
100
AcDbPolyline
 70
0
 90
2
 10
695952.948073759
 20
6238502.04997298
 10
695971.859069496
 20
6238528.88073339
  0
LWPOLYLINE
  5
20A75
100
AcDbEntity
  8
0
100
AcDbPolyline
 70
0
 90
2
 10
695927.376316481
 20
6238462.96352934
 10
695952.948073759
 20
6238502.04997298
  0
LWPOLYLINE
  5
20A76
100
AcDbEntity
  8
0
100
AcDbPolyline
 70
0
 90
2
 10
695905.270476765
 20
6238428.52879094
 10
695927.376316481
 20
6238462.96352934
  0
LWPOLYLINE
  5
20A77
100
AcDbEntity
  8
0
100
AcDbPolyline
 70
0
 90
2
 10
695882.082008669
 20
6238396.17357513
 10
695905.270476765
 20
6238428.52879094
  0
LWPOLYLINE
  5
20A78
100
AcDbEntity
  8
0
100
AcDbPolyline
 70
0
 90
2
 10
696139.553530918
 20
6237650.62194257
 10
696147.627179699
 20
6237666.58808853
  0
LWPOLYLINE
  5
20A79
100
AcDbEntity
  8
0
100
AcDbPolyline
 70
0
 90
2
 10
696132.961197793
 20
6237634.70162871
 10
696139.553530918
 20
6237650.62194257
  0
LWPOLYLINE
  5
20A7A
100
AcDbEntity
  8
0
100
AcDbPolyline
 70
0
 90
2
 10
696127.2693235
 20
6237617.15065013
 10
696132.961197793
 20
6237634.70162871
  0
LWPOLYLINE
  5
20A7B
100
AcDbEntity
  8
0
100
AcDbPolyline
 70
0
 90
2
 10
696125.015639432
 20
6237597.45028482
 10
696127.2693235
 20
6237617.15065013
  0
LWPOLYLINE
  5
20A7C
100
AcDbEntity
  8
0
100
AcDbPolyline
 70
0
 90
2
 10
696122.565989459
 20
6237578.23138966
 10
696125.015639432
 20
6237597.45028482
  0
LWPOLYLINE
  5
20A7D
100
AcDbEntity
  8
0
100
AcDbPolyline
 70
0
 90
2
 10
695601.388972265
 20
6237769.31903386
 10
695626.572783007
 20
6237746.51878588
  0
LWPOLYLINE
  5
20A7E
100
AcDbEntity
  8
0
100
AcDbPolyline
 70
0
 90
2
 10
695626.572783007
 20
6237746.51878588
 10
695656.330523378
 20
6237724.00648942
  0
LWPOLYLINE
  5
20A7F
100
AcDbEntity
  8
0
100
AcDbPolyline
 70
0
 90
2
 10
695656.330523378
 20
6237724.00648942
 10
695680.208146522
 20
6237704.39042101
  0
LWPOLYLINE
  5
20A80
100
AcDbEntity
  8
0
100
AcDbPolyline
 70
0
 90
2
 10
695680.208146522
 20
6237704.39042101
 10
695717.609718546
 20
6237682.22915941
  0
LWPOLYLINE
  5
20A81
100
AcDbEntity
  8
0
100
AcDbPolyline
 70
0
 90
2
 10
695717.609718546
 20
6237682.22915941
 10
695740.723358629
 20
6237658.44276292
  0
LWPOLYLINE
  5
20A82
100
AcDbEntity
  8
0
100
AcDbPolyline
 70
0
 90
2
 10
695740.72335863
 20
6237658.44276292
 10
695752.179571134
 20
6237633.86513822
  0
LWPOLYLINE
  5
20A83
100
AcDbEntity
  8
0
100
AcDbPolyline
 70
0
 90
2
 10
695752.179571133
 20
6237633.86513822
 10
695765.131388515
 20
6237616.73556641
  0
LWPOLYLINE
  5
20A84
100
AcDbEntity
  8
0
100
AcDbPolyline
 70
0
 90
2
 10
695765.131388515
 20
6237616.73556641
 10
695773.252555319
 20
6237599.50695245
  0
LWPOLYLINE
  5
20A85
100
AcDbEntity
  8
0
100
AcDbPolyline
 70
0
 90
2
 10
694237.271007847
 20
6237882.11458028
 10
694268.668330821
 20
6237824.16537842
  0
LWPOLYLINE
  5
20A86
100
AcDbEntity
  8
0
100
AcDbPolyline
 70
0
 90
2
 10
694268.668330821
 20
6237824.16537842
 10
694276.666686707
 20
6237809.40302622
  0
LWPOLYLINE
  5
20A87
100
AcDbEntity
  8
0
100
AcDbPolyline
 70
0
 90
2
 10
694237.271007847
 20
6237882.11458028
 10
694254.828184016
 20
6237905.84323093
  0
LWPOLYLINE
  5
20A88
100
AcDbEntity
  8
0
100
AcDbPolyline
 70
0
 90
2
 10
694248.853659778
 20
6237947.36076249
 10
694254.828184017
 20
6237905.84323093
  0
LWPOLYLINE
  5
20A89
100
AcDbEntity
  8
0
100
AcDbPolyline
 70
0
 90
2
 10
694248.853659778
 20
6237947.36076249
 10
694300.478249272
 20
6237979.7752343
  0
LWPOLYLINE
  5
20A8A
100
AcDbEntity
  8
0
100
AcDbPolyline
 70
0
 90
2
 10
694725.232059558
 20
6238461.75534909
 10
694744.014711993
 20
6238452.82597528
  0
LWPOLYLINE
  5
20A8B
100
AcDbEntity
  8
0
100
AcDbPolyline
 70
0
 90
2
 10
694709.58029608
 20
6238473.46957568
 10
694725.232059558
 20
6238461.75534909
  0
LWPOLYLINE
  5
20A8C
100
AcDbEntity
  8
0
100
AcDbPolyline
 70
0
 90
2
 10
694709.58029608
 20
6238473.46957568
 10
694710.342249959
 20
6238483.69268793
  0
LWPOLYLINE
  5
20A8D
100
AcDbEntity
  8
0
100
AcDbPolyline
 70
0
 90
2
 10
694028.325429736
 20
6237818.43134922
 10
694109.176574106
 20
6237861.4024281
  0
LWPOLYLINE
  5
20A8E
100
AcDbEntity
  8
0
100
AcDbPolyline
 70
0
 90
2
 10
695635.863497182
 20
6238046.14438681
 10
695657.900165972
 20
6238085.96946209
  0
LWPOLYLINE
  5
20A8F
100
AcDbEntity
  8
0
100
AcDbPolyline
 70
0
 90
2
 10
695633.546217944
 20
6238042.27037672
 10
695635.863497182
 20
6238046.14438681
  0
LWPOLYLINE
  5
20A90
100
AcDbEntity
  8
0
100
AcDbPolyline
 70
0
 90
2
 10
695633.546217944
 20
6238042.27037672
 10
695638.612587868
 20
6238025.31391155
  0
LWPOLYLINE
  5
20A91
100
AcDbEntity
  8
0
100
AcDbPolyline
 70
0
 90
2
 10
695629.061729803
 20
6237973.19785052
 10
695638.612587868
 20
6238025.31391155
  0
LWPOLYLINE
  5
20A92
100
AcDbEntity
  8
0
100
AcDbPolyline
 70
0
 90
2
 10
695629.061729803
 20
6237973.19785052
 10
695649.072665022
 20
6237965.05308842
  0
LWPOLYLINE
  5
20A93
100
AcDbEntity
  8
0
100
AcDbPolyline
 70
0
 90
2
 10
695641.698943112
 20
6237938.67521994
 10
695649.072665022
 20
6237965.05308842
  0
LWPOLYLINE
  5
20A94
100
AcDbEntity
  8
0
100
AcDbPolyline
 70
0
 90
2
 10
695583.819121925
 20
6238039.86723249
 10
695607.593168936
 20
6238051.15705986
  0
LWPOLYLINE
  5
20A95
100
AcDbEntity
  8
0
100
AcDbPolyline
 70
0
 90
2
 10
695578.945018668
 20
6238038.82999494
 10
695583.819121925
 20
6238039.86723249
  0
LWPOLYLINE
  5
20A96
100
AcDbEntity
  8
0
100
AcDbPolyline
 70
0
 90
2
 10
695556.344423675
 20
6238043.50104496
 10
695578.945018668
 20
6238038.82999494
  0
LWPOLYLINE
  5
20A97
100
AcDbEntity
  8
0
100
AcDbPolyline
 70
0
 90
2
 10
695561.506865039
 20
6237923.72809384
 10
695568.592351161
 20
6237952.47805213
  0
LWPOLYLINE
  5
20A98
100
AcDbEntity
  8
0
100
AcDbPolyline
 70
0
 90
2
 10
695561.506865039
 20
6237923.72809384
 10
695643.979588107
 20
6237904.51361198
  0
LWPOLYLINE
  5
20A99
100
AcDbEntity
  8
0
100
AcDbPolyline
 70
0
 90
2
 10
695643.979588107
 20
6237904.51361198
 10
695724.532065248
 20
6237882.12480582
  0
LWPOLYLINE
  5
20A9A
100
AcDbEntity
  8
0
100
AcDbPolyline
 70
0
 90
2
 10
695724.532065248
 20
6237882.12480582
 10
695734.466903469
 20
6237909.48984115
  0
LWPOLYLINE
  5
20A9B
100
AcDbEntity
  8
0
100
AcDbPolyline
 70
0
 90
2
 10
694757.504532241
 20
6238358.68162161
 10
694758.829821764
 20
6238311.85799801
  0
LWPOLYLINE
  5
20A9C
100
AcDbEntity
  8
0
100
AcDbPolyline
 70
0
 90
2
 10
694757.504532241
 20
6238358.68162161
 10
694759.180498146
 20
6238402.56574355
  0
LWPOLYLINE
  5
20A9D
100
AcDbEntity
  8
0
100
AcDbPolyline
 70
0
 90
2
 10
694759.180498146
 20
6238402.56574355
 10
694761.369588168
 20
6238426.10779152
  0
LWPOLYLINE
  5
20A9E
100
AcDbEntity
  8
0
100
AcDbPolyline
 70
0
 90
2
 10
694761.369588168
 20
6238426.10779152
 10
694778.659641907
 20
6238418.74899621
  0
LWPOLYLINE
  5
20A9F
100
AcDbEntity
  8
0
100
AcDbPolyline
 70
0
 90
2
 10
694778.659641907
 20
6238418.74899621
 10
694796.380453437
 20
6238419.75902719
  0
LWPOLYLINE
  5
20AA0
100
AcDbEntity
  8
0
100
AcDbPolyline
 70
0
 90
2
 10
694796.380453437
 20
6238419.75902719
 10
694804.465224717
 20
6238426.03621588
  0
LWPOLYLINE
  5
20AA1
100
AcDbEntity
  8
0
100
AcDbPolyline
 70
0
 90
2
 10
694804.465224717
 20
6238426.03621588
 10
694805.3413032
 20
6238438.10382276
  0
LWPOLYLINE
  5
20AA2
100
AcDbEntity
  8
0
100
AcDbPolyline
 70
0
 90
2
 10
694801.480273223
 20
6238451.17006657
 10
694805.3413032
 20
6238438.10382276
  0
LWPOLYLINE
  5
20AA3
100
AcDbEntity
  8
0
100
AcDbPolyline
 70
0
 90
2
 10
694788.122329827
 20
6238457.49334132
 10
694801.480273223
 20
6238451.17006657
  0
LWPOLYLINE
  5
20AA4
100
AcDbEntity
  8
0
100
AcDbPolyline
 70
0
 90
2
 10
694767.250004109
 20
6238458.36815198
 10
694788.122329827
 20
6238457.49334132
  0
LWPOLYLINE
  5
20AA5
100
AcDbEntity
  8
0
100
AcDbPolyline
 70
0
 90
2
 10
694749.167013182
 20
6238460.80839947
 10
694767.250004109
 20
6238458.36815198
  0
LWPOLYLINE
  5
20AA6
100
AcDbEntity
  8
0
100
AcDbPolyline
 70
0
 90
2
 10
694744.014711993
 20
6238452.82597528
 10
694749.167013182
 20
6238460.80839947
  0
LWPOLYLINE
  5
20AA7
100
AcDbEntity
  8
0
100
AcDbPolyline
 70
0
 90
2
 10
694744.014711993
 20
6238452.82597528
 10
694744.54400883
 20
6238441.23500516
  0
LWPOLYLINE
  5
20AA8
100
AcDbEntity
  8
0
100
AcDbPolyline
 70
0
 90
2
 10
694744.54400883
 20
6238441.23500516
 10
694749.863493023
 20
6238432.10332002
  0
LWPOLYLINE
  5
20AA9
100
AcDbEntity
  8
0
100
AcDbPolyline
 70
0
 90
2
 10
694749.863493024
 20
6238432.10332002
 10
694761.369588168
 20
6238426.10779152
  0
LWPOLYLINE
  5
20AAA
100
AcDbEntity
  8
0
100
AcDbPolyline
 70
0
 90
2
 10
693187.610181261
 20
6237254.67331926
 10
693188.742922924
 20
6237270.09587424
  0
LWPOLYLINE
  5
20AAB
100
AcDbEntity
  8
0
100
AcDbPolyline
 70
0
 90
2
 10
693181.683088047
 20
6237285.63791185
 10
693188.742922924
 20
6237270.09587424
  0
LWPOLYLINE
  5
20AAC
100
AcDbEntity
  8
0
100
AcDbPolyline
 70
0
 90
2
 10
693181.683088048
 20
6237285.63791185
 10
693218.630771912
 20
6237304.20944998
  0
LWPOLYLINE
  5
20AAD
100
AcDbEntity
  8
0
100
AcDbPolyline
 70
0
 90
2
 10
693204.949801398
 20
6237331.63490812
 10
693218.630771912
 20
6237304.20944998
  0
LWPOLYLINE
  5
20AAE
100
AcDbEntity
  8
0
100
AcDbPolyline
 70
0
 90
2
 10
693201.530217683
 20
6237339.98496256
 10
693204.949801398
 20
6237331.63490812
  0
LWPOLYLINE
  5
20AAF
100
AcDbEntity
  8
0
100
AcDbPolyline
 70
0
 90
2
 10
693195.613766828
 20
6237350.01656311
 10
693201.530217683
 20
6237339.98496256
  0
LWPOLYLINE
  5
20AB0
100
AcDbEntity
  8
0
100
AcDbPolyline
 70
0
 90
2
 10
693176.059677233
 20
6237385.29091434
 10
693195.613766828
 20
6237350.01656311
  0
LWPOLYLINE
  5
20AB1
100
AcDbEntity
  8
0
100
AcDbPolyline
 70
0
 90
2
 10
693162.926267699
 20
6237401.1821717
 10
693176.059677232
 20
6237385.29091434
  0
LWPOLYLINE
  5
20AB2
100
AcDbEntity
  8
0
100
AcDbPolyline
 70
0
 90
2
 10
693435.432691385
 20
6237402.48302797
 10
693442.534272685
 20
6237385.70634918
  0
LWPOLYLINE
  5
20AB3
100
AcDbEntity
  8
0
100
AcDbPolyline
 70
0
 90
2
 10
693442.534272685
 20
6237385.70634918
 10
693448.668593271
 20
6237371.2147139
  0
LWPOLYLINE
  5
20AB4
100
AcDbEntity
  8
0
100
AcDbPolyline
 70
0
 90
2
 10
693412.157417534
 20
6237460.65024801
 10
693435.432691385
 20
6237402.48302797
  0
LWPOLYLINE
  5
20AB5
100
AcDbEntity
  8
0
100
AcDbPolyline
 70
0
 90
2
 10
693394.504113479
 20
6237459.84993247
 10
693412.157417535
 20
6237460.65024801
  0
LWPOLYLINE
  5
20AB6
100
AcDbEntity
  8
0
100
AcDbPolyline
 70
0
 90
2
 10
693353.408056813
 20
6237442.19223711
 10
693394.504113479
 20
6237459.84993247
  0
LWPOLYLINE
  5
20AB7
100
AcDbEntity
  8
0
100
AcDbPolyline
 70
0
 90
2
 10
693328.849660709
 20
6237497.74907693
 10
693353.408056812
 20
6237442.19223711
  0
LWPOLYLINE
  5
20AB8
100
AcDbEntity
  8
0
100
AcDbPolyline
 70
0
 90
2
 10
693328.849660709
 20
6237497.74907693
 10
693339.23151688
 20
6237528.88416318
  0
LWPOLYLINE
  5
20AB9
100
AcDbEntity
  8
0
100
AcDbPolyline
 70
0
 90
2
 10
693339.23151688
 20
6237528.88416318
 10
693353.939936156
 20
6237553.70570862
  0
LWPOLYLINE
  5
20ABA
100
AcDbEntity
  8
0
100
AcDbPolyline
 70
0
 90
2
 10
693353.939936157
 20
6237553.70570862
 10
693367.73788863
 20
6237564.24054974
  0
LWPOLYLINE
  5
20ABB
100
AcDbEntity
  8
0
100
AcDbPolyline
 70
0
 90
2
 10
693357.367908825
 20
6237587.62446603
 10
693367.73788863
 20
6237564.24054974
  0
LWPOLYLINE
  5
20ABC
100
AcDbEntity
  8
0
100
AcDbPolyline
 70
0
 90
2
 10
693330.626556967
 20
6237574.95364897
 10
693357.367908825
 20
6237587.62446603
  0
LWPOLYLINE
  5
20ABD
100
AcDbEntity
  8
0
100
AcDbPolyline
 70
0
 90
2
 10
693167.119447748
 20
6237312.41044323
 10
693204.949801398
 20
6237331.63490812
  0
LWPOLYLINE
  5
20ABE
100
AcDbEntity
  8
0
100
AcDbPolyline
 70
0
 90
2
 10
693167.119447748
 20
6237312.41044323
 10
693181.683088048
 20
6237285.63791185
  0
LWPOLYLINE
  5
20ABF
100
AcDbEntity
  8
0
100
AcDbPolyline
 70
0
 90
2
 10
693865.871143203
 20
6237434.5394975
 10
693898.340954837
 20
6237374.01666223
  0
LWPOLYLINE
  5
20AC0
100
AcDbEntity
  8
0
100
AcDbPolyline
 70
0
 90
2
 10
693898.340954837
 20
6237374.01666223
 10
693919.039855818
 20
6237335.95482008
  0
LWPOLYLINE
  5
20AC1
100
AcDbEntity
  8
0
100
AcDbPolyline
 70
0
 90
2
 10
693818.802176444
 20
6237331.5558453
 10
693898.340954837
 20
6237374.01666223
  0
LWPOLYLINE
  5
20AC2
100
AcDbEntity
  8
0
100
AcDbPolyline
 70
0
 90
2
 10
693802.200878759
 20
6237323.97984311
 10
693818.802176444
 20
6237331.5558453
  0
LWPOLYLINE
  5
20AC3
100
AcDbEntity
  8
0
100
AcDbPolyline
 70
0
 90
2
 10
693745.778816491
 20
6237342.0052437
 10
693779.637698206
 20
6237360.06255347
  0
LWPOLYLINE
  5
20AC4
100
AcDbEntity
  8
0
100
AcDbPolyline
 70
0
 90
2
 10
693779.637698206
 20
6237360.06255347
 10
693802.200878004
 20
6237323.97984432
  0
LWPOLYLINE
  5
20AC5
100
AcDbEntity
  8
0
100
AcDbPolyline
 70
0
 90
2
 10
693802.200878004
 20
6237323.97984432
 10
693813.264860793
 20
6237306.29090891
  0
LWPOLYLINE
  5
20AC6
100
AcDbEntity
  8
0
100
AcDbPolyline
 70
0
 90
2
 10
693813.264860793
 20
6237306.29090891
 10
693853.800638555
 20
6237222.89311643
  0
LWPOLYLINE
  5
20AC7
100
AcDbEntity
  8
0
100
AcDbPolyline
 70
0
 90
2
 10
693817.536821076
 20
6237206.24198534
 10
693853.800638555
 20
6237222.89311643
  0
LWPOLYLINE
  5
20AC8
100
AcDbEntity
  8
0
100
AcDbPolyline
 70
0
 90
2
 10
693865.871143204
 20
6237434.5394975
 10
693946.935404868
 20
6237478.75387474
  0
LWPOLYLINE
  5
20AC9
100
AcDbEntity
  8
0
100
AcDbPolyline
 70
0
 90
2
 10
693861.080267051
 20
6237444.35390077
 10
693865.871143203
 20
6237434.5394975
  0
LWPOLYLINE
  5
20ACA
100
AcDbEntity
  8
0
100
AcDbPolyline
 70
0
 90
2
 10
693832.628978022
 20
6237429.29482558
 10
693861.080267051
 20
6237444.35390077
  0
LWPOLYLINE
  5
20ACB
100
AcDbEntity
  8
0
100
AcDbPolyline
 70
0
 90
2
 10
693861.080267051
 20
6237444.35390077
 10
693941.577682805
 20
6237487.5169211
  0
LWPOLYLINE
  5
20ACC
100
AcDbEntity
  8
0
100
AcDbPolyline
 70
0
 90
2
 10
694726.973581941
 20
6238104.1957816
 10
694731.874891184
 20
6238078.40255738
  0
LWPOLYLINE
  5
20ACD
100
AcDbEntity
  8
0
100
AcDbPolyline
 70
0
 90
2
 10
694731.874891184
 20
6238078.40255738
 10
694734.016539201
 20
6238058.68104791
  0
LWPOLYLINE
  5
20ACE
100
AcDbEntity
  8
0
100
AcDbPolyline
 70
0
 90
2
 10
694734.016539202
 20
6238058.68104791
 10
694744.141422837
 20
6238043.53758207
  0
LWPOLYLINE
  5
20ACF
100
AcDbEntity
  8
0
100
AcDbPolyline
 70
0
 90
2
 10
694744.141422838
 20
6238043.53758207
 10
694755.26784647
 20
6238033.6454969
  0
LWPOLYLINE
  5
20AD0
100
AcDbEntity
  8
0
100
AcDbPolyline
 70
0
 90
2
 10
694755.26784647
 20
6238033.6454969
 10
694772.867977777
 20
6238039.6436532
  0
LWPOLYLINE
  5
20AD1
100
AcDbEntity
  8
0
100
AcDbPolyline
 70
0
 90
2
 10
695386.860893173
 20
6237772.65195793
 10
695399.942641391
 20
6237760.23141291
  0
LWPOLYLINE
  5
20AD2
100
AcDbEntity
  8
0
100
AcDbPolyline
 70
0
 90
2
 10
695371.803485908
 20
6237773.86843182
 10
695386.860893173
 20
6237772.65195793
  0
LWPOLYLINE
  5
20AD3
100
AcDbEntity
  8
0
100
AcDbPolyline
 70
0
 90
2
 10
695350.581402501
 20
6237768.20357794
 10
695371.803485908
 20
6237773.86843182
  0
LWPOLYLINE
  5
20AD4
100
AcDbEntity
  8
0
100
AcDbPolyline
 70
0
 90
2
 10
695336.72917125
 20
6237762.61993055
 10
695350.581402501
 20
6237768.20357794
  0
LWPOLYLINE
  5
20AD5
100
AcDbEntity
  8
0
100
AcDbPolyline
 70
0
 90
2
 10
695317.037414866
 20
6237751.1842741
 10
695336.72917125
 20
6237762.61993055
  0
LWPOLYLINE
  5
20AD6
100
AcDbEntity
  8
0
100
AcDbPolyline
 70
0
 90
2
 10
695297.550489801
 20
6237738.11947758
 10
695317.037414866
 20
6237751.1842741
  0
LWPOLYLINE
  5
20AD7
100
AcDbEntity
  8
0
100
AcDbPolyline
 70
0
 90
2
 10
695283.098709481
 20
6237728.95265921
 10
695297.550489801
 20
6237738.11947758
  0
LWPOLYLINE
  5
20AD8
100
AcDbEntity
  8
0
100
AcDbPolyline
 70
0
 90
2
 10
695261.034154388
 20
6237719.44856405
 10
695283.098709481
 20
6237728.95265921
  0
LWPOLYLINE
  5
20AD9
100
AcDbEntity
  8
0
100
AcDbPolyline
 70
0
 90
2
 10
695247.797255553
 20
6237708.68772362
 10
695261.034154388
 20
6237719.44856405
  0
LWPOLYLINE
  5
20ADA
100
AcDbEntity
  8
0
100
AcDbPolyline
 70
0
 90
2
 10
695230.522337427
 20
6237686.20494019
 10
695247.797255551
 20
6237708.68772362
  0
LWPOLYLINE
  5
20ADB
100
AcDbEntity
  8
0
100
AcDbPolyline
 70
0
 90
2
 10
694687.323180333
 20
6237708.61989445
 10
694697.585983648
 20
6237678.6348552
  0
LWPOLYLINE
  5
20ADC
100
AcDbEntity
  8
0
100
AcDbPolyline
 70
0
 90
2
 10
694690.098895217
 20
6237646.03389518
 10
694697.585983648
 20
6237678.6348552
  0
LWPOLYLINE
  5
20ADD
100
AcDbEntity
  8
0
100
AcDbPolyline
 70
0
 90
2
 10
694687.908872955
 20
6237636.49248759
 10
694690.098895217
 20
6237646.03389518
  0
LWPOLYLINE
  5
20ADE
100
AcDbEntity
  8
0
100
AcDbPolyline
 70
0
 90
2
 10
694687.908872955
 20
6237636.49248759
 10
694734.516007835
 20
6237615.1443692
  0
LWPOLYLINE
  5
20ADF
100
AcDbEntity
  8
0
100
AcDbPolyline
 70
0
 90
2
 10
694772.867977777
 20
6238039.6436532
 10
694774.325260972
 20
6238025.85158744
  0
LWPOLYLINE
  5
20AE0
100
AcDbEntity
  8
0
100
AcDbPolyline
 70
0
 90
2
 10
694774.325260972
 20
6238025.85158744
 10
694775.021205187
 20
6238019.26501015
  0
LWPOLYLINE
  5
20AE1
100
AcDbEntity
  8
0
100
AcDbPolyline
 70
0
 90
2
 10
694772.867977777
 20
6238039.6436532
 10
694775.138787376
 20
6238071.4604613
  0
LWPOLYLINE
  5
20AE2
100
AcDbEntity
  8
0
100
AcDbPolyline
 70
0
 90
2
 10
694774.404087507
 20
6238092.98513887
 10
694775.138787376
 20
6238071.4604613
  0
LWPOLYLINE
  5
20AE3
100
AcDbEntity
  8
0
100
AcDbPolyline
 70
0
 90
2
 10
694768.446050034
 20
6238103.86002568
 10
694774.404087507
 20
6238092.98513887
  0
LWPOLYLINE
  5
20AE4
100
AcDbEntity
  8
0
100
AcDbPolyline
 70
0
 90
2
 10
694753.952484973
 20
6238116.8197892
 10
694768.446050034
 20
6238103.86002568
  0
LWPOLYLINE
  5
20AE5
100
AcDbEntity
  8
0
100
AcDbPolyline
 70
0
 90
2
 10
694734.484082706
 20
6238108.25061871
 10
694753.952484973
 20
6238116.8197892
  0
LWPOLYLINE
  5
20AE6
100
AcDbEntity
  8
0
100
AcDbPolyline
 70
0
 90
2
 10
694726.973581941
 20
6238104.1957816
 10
694734.484082706
 20
6238108.25061871
  0
LWPOLYLINE
  5
20AE7
100
AcDbEntity
  8
0
100
AcDbPolyline
 70
0
 90
2
 10
694706.773054454
 20
6238095.3480866
 10
694726.973581941
 20
6238104.1957816
  0
LWPOLYLINE
  5
20AE8
100
AcDbEntity
  8
0
100
AcDbPolyline
 70
0
 90
2
 10
694677.94705731
 20
6238085.1147093
 10
694706.773054454
 20
6238095.3480866
  0
LWPOLYLINE
  5
20AE9
100
AcDbEntity
  8
0
100
AcDbPolyline
 70
0
 90
2
 10
693516.664445323
 20
6237887.47201679
 10
693522.931438562
 20
6237858.77480729
  0
LWPOLYLINE
  5
20AEA
100
AcDbEntity
  8
0
100
AcDbPolyline
 70
0
 90
2
 10
693522.931438562
 20
6237858.77480729
 10
693530.967903629
 20
6237841.82852764
  0
LWPOLYLINE
  5
20AEB
100
AcDbEntity
  8
0
100
AcDbPolyline
 70
0
 90
2
 10
693530.967903628
 20
6237841.82852764
 10
693543.463923039
 20
6237816.60192866
  0
LWPOLYLINE
  5
20AEC
100
AcDbEntity
  8
0
100
AcDbPolyline
 70
0
 90
2
 10
693543.463923039
 20
6237816.60192866
 10
693569.614911323
 20
6237765.5103084
  0
LWPOLYLINE
  5
20AED
100
AcDbEntity
  8
0
100
AcDbPolyline
 70
0
 90
2
 10
693569.614911323
 20
6237765.5103084
 10
693591.770394634
 20
6237725.88583881
  0
LWPOLYLINE
  5
20AEE
100
AcDbEntity
  8
0
100
AcDbPolyline
 70
0
 90
2
 10
693591.770394634
 20
6237725.88583881
 10
693615.58312483
 20
6237693.5151909
  0
LWPOLYLINE
  5
20AEF
100
AcDbEntity
  8
0
100
AcDbPolyline
 70
0
 90
2
 10
693615.583124831
 20
6237693.5151909
 10
693643.19945587
 20
6237675.94186466
  0
LWPOLYLINE
  5
20AF0
100
AcDbEntity
  8
0
100
AcDbPolyline
 70
0
 90
2
 10
693643.19945587
 20
6237675.94186466
 10
693656.262412134
 20
6237672.56662587
  0
LWPOLYLINE
  5
20AF1
100
AcDbEntity
  8
0
100
AcDbPolyline
 70
0
 90
2
 10
693656.262412134
 20
6237672.56662587
 10
693676.365316474
 20
6237677.90456505
  0
LWPOLYLINE
  5
20AF2
100
AcDbEntity
  8
0
100
AcDbPolyline
 70
0
 90
2
 10
693530.967903629
 20
6237841.82852764
 10
693579.12902552
 20
6237866.17366278
  0
LWPOLYLINE
  5
20AF3
100
AcDbEntity
  8
0
100
AcDbPolyline
 70
0
 90
2
 10
693657.523280695
 20
6237715.88445611
 10
693676.365316473
 20
6237677.90456505
  0
LWPOLYLINE
  5
20AF4
100
AcDbEntity
  8
0
100
AcDbPolyline
 70
0
 90
2
 10
693676.365316473
 20
6237677.90456505
 10
693701.511833052
 20
6237630.66937117
  0
LWPOLYLINE
  5
20AF5
100
AcDbEntity
  8
0
100
AcDbPolyline
 70
0
 90
2
 10
693701.511833052
 20
6237630.66937117
 10
693722.011154287
 20
6237590.37948142
  0
LWPOLYLINE
  5
20AF6
100
AcDbEntity
  8
0
100
AcDbPolyline
 70
0
 90
2
 10
695734.46690347
 20
6237909.48984115
 10
695754.199427944
 20
6237904.98902087
  0
LWPOLYLINE
  5
20AF7
100
AcDbEntity
  8
0
100
AcDbPolyline
 70
0
 90
2
 10
695754.199427944
 20
6237904.98902087
 10
695808.262997458
 20
6237891.65270555
  0
LWPOLYLINE
  5
20AF8
100
AcDbEntity
  8
0
100
AcDbPolyline
 70
0
 90
2
 10
695808.262997458
 20
6237891.65270555
 10
695944.126835393
 20
6237858.40849896
  0
LWPOLYLINE
  5
20AF9
100
AcDbEntity
  8
0
100
AcDbPolyline
 70
0
 90
2
 10
695736.344099205
 20
6237916.73243725
 10
695775.110916958
 20
6238056.00032493
  0
LWPOLYLINE
  5
20AFA
100
AcDbEntity
  8
0
100
AcDbPolyline
 70
0
 90
2
 10
695735.543905096
 20
6237914.28793832
 10
695736.344099205
 20
6237916.73243725
  0
LWPOLYLINE
  5
20AFB
100
AcDbEntity
  8
0
100
AcDbPolyline
 70
0
 90
2
 10
695734.466903469
 20
6237909.48984115
 10
695735.543905096
 20
6237914.28793832
  0
LWPOLYLINE
  5
20AFC
100
AcDbEntity
  8
0
100
AcDbPolyline
 70
0
 90
2
 10
694888.745281834
 20
6238055.12510741
 10
694970.313424884
 20
6238079.30767061
  0
LWPOLYLINE
  5
20AFD
100
AcDbEntity
  8
0
100
AcDbPolyline
 70
0
 90
2
 10
694970.313424884
 20
6238079.30767061
 10
695000.890821446
 20
6238085.43185911
  0
LWPOLYLINE
  5
20AFE
100
AcDbEntity
  8
0
100
AcDbPolyline
 70
0
 90
2
 10
693253.426388028
 20
6238100.05436528
 10
693259.56998553
 20
6238088.8293354
  0
LWPOLYLINE
  5
20AFF
100
AcDbEntity
  8
0
100
AcDbPolyline
 70
0
 90
2
 10
693259.56998553
 20
6238088.8293354
 10
693263.817277309
 20
6238081.65381459
  0
LWPOLYLINE
  5
20B00
100
AcDbEntity
  8
0
100
AcDbPolyline
 70
0
 90
2
 10
693263.817277309
 20
6238081.65381459
 10
693316.353605806
 20
6237960.81889748
  0
LWPOLYLINE
  5
20B01
100
AcDbEntity
  8
0
100
AcDbPolyline
 70
0
 90
2
 10
694150.425658304
 20
6237863.69217185
 10
694195.570840827
 20
6237784.56903302
  0
LWPOLYLINE
  5
20B02
100
AcDbEntity
  8
0
100
AcDbPolyline
 70
0
 90
2
 10
694195.570840827
 20
6237784.56903302
 10
694204.072116454
 20
6237769.66937875
  0
LWPOLYLINE
  5
20B03
100
AcDbEntity
  8
0
100
AcDbPolyline
 70
0
 90
2
 10
693819.332787458
 20
6237191.57638439
 10
693823.775496682
 20
6237194.62064114
  0
LWPOLYLINE
  5
20B04
100
AcDbEntity
  8
0
100
AcDbPolyline
 70
0
 90
2
 10
693793.597673683
 20
6237174.75728355
 10
693819.332787458
 20
6237191.57638439
  0
LWPOLYLINE
  5
20B05
100
AcDbEntity
  8
0
100
AcDbPolyline
 70
0
 90
2
 10
693741.320750468
 20
6237173.49774838
 10
693793.597673683
 20
6237174.75728355
  0
LWPOLYLINE
  5
20B06
100
AcDbEntity
  8
0
100
AcDbPolyline
 70
0
 90
2
 10
695813.102373374
 20
6232144.14538847
 10
695829.57086297
 20
6232180.92706894
  0
LWPOLYLINE
  5
20B07
100
AcDbEntity
  8
0
100
AcDbPolyline
 70
0
 90
2
 10
695797.078681978
 20
6232108.36510583
 10
695813.102373374
 20
6232144.14538847
  0
LWPOLYLINE
  5
20B08
100
AcDbEntity
  8
0
100
AcDbPolyline
 70
0
 90
2
 10
696459.60268872
 20
6234083.70937006
 10
696510.480595817
 20
6234027.41588815
  0
LWPOLYLINE
  5
20B09
100
AcDbEntity
  8
0
100
AcDbPolyline
 70
0
 90
2
 10
696430.960443545
 20
6234131.60664784
 10
696459.60268872
 20
6234083.70937006
  0
LWPOLYLINE
  5
20B0A
100
AcDbEntity
  8
0
100
AcDbPolyline
 70
0
 90
2
 10
696414.357718722
 20
6234171.94262582
 10
696430.960443545
 20
6234131.60664784
  0
LWPOLYLINE
  5
20B0B
100
AcDbEntity
  8
0
100
AcDbPolyline
 70
0
 90
2
 10
696414.357718723
 20
6234171.94262582
 10
696470.934480542
 20
6234224.27241346
  0
LWPOLYLINE
  5
20B0C
100
AcDbEntity
  8
0
100
AcDbPolyline
 70
0
 90
2
 10
696470.934480542
 20
6234224.27241346
 10
696532.521183904
 20
6234267.19128675
  0
LWPOLYLINE
  5
20B0D
100
AcDbEntity
  8
0
100
AcDbPolyline
 70
0
 90
2
 10
696532.521183904
 20
6234267.19128675
 10
696556.742212395
 20
6234284.4582299
  0
LWPOLYLINE
  5
20B0E
100
AcDbEntity
  8
0
100
AcDbPolyline
 70
0
 90
2
 10
696555.272647396
 20
6234303.29620994
 10
696556.742212395
 20
6234284.4582299
  0
LWPOLYLINE
  5
20B0F
100
AcDbEntity
  8
0
100
AcDbPolyline
 70
0
 90
2
 10
696551.438509375
 20
6234321.4122686
 10
696555.272647396
 20
6234303.29620994
  0
LWPOLYLINE
  5
20B10
100
AcDbEntity
  8
0
100
AcDbPolyline
 70
0
 90
2
 10
696551.438509376
 20
6234321.4122686
 10
696566.43630217
 20
6234336.74994486
  0
LWPOLYLINE
  5
20B11
100
AcDbEntity
  8
0
100
AcDbPolyline
 70
0
 90
2
 10
695948.174508547
 20
6232198.17915589
 10
696165.412623705
 20
6232161.30499332
  0
LWPOLYLINE
  5
20B12
100
AcDbEntity
  8
0
100
AcDbPolyline
 70
0
 90
2
 10
695920.972219387
 20
6232132.69176754
 10
695948.174508547
 20
6232198.17915589
  0
LWPOLYLINE
  5
20B13
100
AcDbEntity
  8
0
100
AcDbPolyline
 70
0
 90
2
 10
695882.655162185
 20
6232146.83104324
 10
695920.972219387
 20
6232132.69176754
  0
LWPOLYLINE
  5
20B14
100
AcDbEntity
  8
0
100
AcDbPolyline
 70
0
 90
2
 10
695638.567503264
 20
6233128.20013445
 10
695807.851656197
 20
6233097.21937122
  0
LWPOLYLINE
  5
20B15
100
AcDbEntity
  8
0
100
AcDbPolyline
 70
0
 90
2
 10
695847.67142938
 20
6232887.30677393
 10
695848.548149054
 20
6232989.64320151
  0
LWPOLYLINE
  5
20B16
100
AcDbEntity
  8
0
100
AcDbPolyline
 70
0
 90
2
 10
695841.859257708
 20
6232806.14643678
 10
695847.67142938
 20
6232887.30677393
  0
LWPOLYLINE
  5
20B17
100
AcDbEntity
  8
0
100
AcDbPolyline
 70
0
 90
2
 10
695823.929125725
 20
6232729.19054554
 10
695841.859257708
 20
6232806.14643678
  0
LWPOLYLINE
  5
20B18
100
AcDbEntity
  8
0
100
AcDbPolyline
 70
0
 90
2
 10
695806.880560943
 20
6232650.20183721
 10
695823.929125724
 20
6232729.19054554
  0
LWPOLYLINE
  5
20B19
100
AcDbEntity
  8
0
100
AcDbPolyline
 70
0
 90
2
 10
695779.770010787
 20
6232548.02350162
 10
695806.880560943
 20
6232650.20183721
  0
LWPOLYLINE
  5
20B1A
100
AcDbEntity
  8
0
100
AcDbPolyline
 70
0
 90
2
 10
695953.344642877
 20
6233531.05604653
 10
695999.341534891
 20
6233466.68514772
  0
LWPOLYLINE
  5
20B1B
100
AcDbEntity
  8
0
100
AcDbPolyline
 70
0
 90
2
 10
695999.341534891
 20
6233466.68514772
 10
696053.280520557
 20
6233408.26381966
  0
LWPOLYLINE
  5
20B1C
100
AcDbEntity
  8
0
100
AcDbPolyline
 70
0
 90
2
 10
696053.280520557
 20
6233408.26381966
 10
696106.880286383
 20
6233348.60132971
  0
LWPOLYLINE
  5
20B1D
100
AcDbEntity
  8
0
100
AcDbPolyline
 70
0
 90
2
 10
696106.880286383
 20
6233348.60132971
 10
696153.220951055
 20
6233296.31989846
  0
LWPOLYLINE
  5
20B1E
100
AcDbEntity
  8
0
100
AcDbPolyline
 70
0
 90
2
 10
696153.220951055
 20
6233296.31989846
 10
696181.630544258
 20
6233262.31042461
  0
LWPOLYLINE
  5
20B1F
100
AcDbEntity
  8
0
100
AcDbPolyline
 70
0
 90
2
 10
696181.63054426
 20
6233262.31042461
 10
696229.374218065
 20
6233214.96541113
  0
LWPOLYLINE
  5
20B20
100
AcDbEntity
  8
0
100
AcDbPolyline
 70
0
 90
2
 10
696229.374218065
 20
6233214.96541113
 10
696284.885427024
 20
6233159.65083613
  0
LWPOLYLINE
  5
20B21
100
AcDbEntity
  8
0
100
AcDbPolyline
 70
0
 90
2
 10
696284.885427024
 20
6233159.65083613
 10
696300.55131687
 20
6233144.74236112
  0
LWPOLYLINE
  5
20B22
100
AcDbEntity
  8
0
100
AcDbPolyline
 70
0
 90
2
 10
696300.55131687
 20
6233144.74236112
 10
696348.302310643
 20
6233123.79521357
  0
LWPOLYLINE
  5
20B23
100
AcDbEntity
  8
0
100
AcDbPolyline
 70
0
 90
2
 10
696348.302310643
 20
6233123.79521357
 10
696366.799475229
 20
6233110.83405708
  0
LWPOLYLINE
  5
20B24
100
AcDbEntity
  8
0
100
AcDbPolyline
 70
0
 90
2
 10
696366.799475229
 20
6233110.83405708
 10
696403.341407902
 20
6233077.18850355
  0
LWPOLYLINE
  5
20B25
100
AcDbEntity
  8
0
100
AcDbPolyline
 70
0
 90
2
 10
696403.341407906
 20
6233077.18850355
 10
696419.253152915
 20
6233058.43481392
  0
LWPOLYLINE
  5
20B26
100
AcDbEntity
  8
0
100
AcDbPolyline
 70
0
 90
2
 10
696419.253152915
 20
6233058.43481392
 10
696419.912632334
 20
6233026.38370583
  0
LWPOLYLINE
  5
20B27
100
AcDbEntity
  8
0
100
AcDbPolyline
 70
0
 90
2
 10
696419.912632335
 20
6233026.38370583
 10
696435.044048598
 20
6232998.25289369
  0
LWPOLYLINE
  5
20B28
100
AcDbEntity
  8
0
100
AcDbPolyline
 70
0
 90
2
 10
696435.044048597
 20
6232998.25289369
 10
696444.613190117
 20
6232969.06378676
  0
LWPOLYLINE
  5
20B29
100
AcDbEntity
  8
0
100
AcDbPolyline
 70
0
 90
2
 10
696444.613190117
 20
6232969.06378676
 10
696482.569204721
 20
6232976.72820919
  0
LWPOLYLINE
  5
20B2A
100
AcDbEntity
  8
0
100
AcDbPolyline
 70
0
 90
2
 10
696482.569204721
 20
6232976.72820919
 10
696487.625425043
 20
6232972.57990665
  0
LWPOLYLINE
  5
20B2B
100
AcDbEntity
  8
0
100
AcDbPolyline
 70
0
 90
2
 10
696487.625425043
 20
6232972.57990665
 10
696490.718938765
 20
6232970.04603715
  0
LWPOLYLINE
  5
20B2C
100
AcDbEntity
  8
0
100
AcDbPolyline
 70
0
 90
2
 10
696490.718938765
 20
6232970.04603715
 10
696499.286956985
 20
6232963.02804984
  0
LWPOLYLINE
  5
20B2D
100
AcDbEntity
  8
0
100
AcDbPolyline
 70
0
 90
2
 10
696499.286956986
 20
6232963.02804984
 10
696512.407251551
 20
6232943.37712412
  0
LWPOLYLINE
  5
20B2E
100
AcDbEntity
  8
0
100
AcDbPolyline
 70
0
 90
2
 10
696512.407251551
 20
6232943.37712412
 10
696514.683391809
 20
6232939.95931532
  0
LWPOLYLINE
  5
20B2F
100
AcDbEntity
  8
0
100
AcDbPolyline
 70
0
 90
2
 10
696514.683391809
 20
6232939.95931532
 10
696521.955585111
 20
6232933.9733666
  0
LWPOLYLINE
  5
20B30
100
AcDbEntity
  8
0
100
AcDbPolyline
 70
0
 90
2
 10
695939.658108744
 20
6233783.77856702
 10
696057.493160902
 20
6233701.20163934
  0
LWPOLYLINE
  5
20B31
100
AcDbEntity
  8
0
100
AcDbPolyline
 70
0
 90
2
 10
695876.960092917
 20
6233834.18583724
 10
695939.658108744
 20
6233783.77856702
  0
LWPOLYLINE
  5
20B32
100
AcDbEntity
  8
0
100
AcDbPolyline
 70
0
 90
2
 10
696292.226307018
 20
6234251.58090772
 10
696332.192224151
 20
6234255.94840517
  0
LWPOLYLINE
  5
20B33
100
AcDbEntity
  8
0
100
AcDbPolyline
 70
0
 90
2
 10
695500.781298417
 20
6232942.61625907
 10
695673.088017686
 20
6232916.58357242
  0
LWPOLYLINE
  5
20B34
100
AcDbEntity
  8
0
100
AcDbPolyline
 70
0
 90
2
 10
695673.088017686
 20
6232916.58357242
 10
695847.671429348
 20
6232887.30677394
  0
LWPOLYLINE
  5
20B35
100
AcDbEntity
  8
0
100
AcDbPolyline
 70
0
 90
2
 10
695847.671429348
 20
6232887.30677394
 10
696032.75765509
 20
6232854.55042676
  0
LWPOLYLINE
  5
20B36
100
AcDbEntity
  8
0
100
AcDbPolyline
 70
0
 90
2
 10
696032.75765509
 20
6232854.55042676
 10
696150.606190645
 20
6232832.20266743
  0
LWPOLYLINE
  5
20B37
100
AcDbEntity
  8
0
100
AcDbPolyline
 70
0
 90
2
 10
695539.715509969
 20
6232763.00329754
 10
695704.061663525
 20
6232743.51822201
  0
LWPOLYLINE
  5
20B38
100
AcDbEntity
  8
0
100
AcDbPolyline
 70
0
 90
2
 10
695704.061663525
 20
6232743.51822201
 10
695823.929125726
 20
6232729.19054555
  0
LWPOLYLINE
  5
20B39
100
AcDbEntity
  8
0
100
AcDbPolyline
 70
0
 90
2
 10
695823.929125726
 20
6232729.19054555
 10
695997.219516676
 20
6232710.96247317
  0
LWPOLYLINE
  5
20B3A
100
AcDbEntity
  8
0
100
AcDbPolyline
 70
0
 90
2
 10
695997.219516676
 20
6232710.96247317
 10
696114.315125461
 20
6232705.23265253
  0
LWPOLYLINE
  5
20B3B
100
AcDbEntity
  8
0
100
AcDbPolyline
 70
0
 90
2
 10
695735.930978763
 20
6232406.44371096
 10
695967.205220558
 20
6232305.50586442
  0
LWPOLYLINE
  5
20B3C
100
AcDbEntity
  8
0
100
AcDbPolyline
 70
0
 90
2
 10
695967.205220558
 20
6232305.50586442
 10
696114.256432488
 20
6232247.18616504
  0
LWPOLYLINE
  5
20B3D
100
AcDbEntity
  8
0
100
AcDbPolyline
 70
0
 90
2
 10
696114.256432488
 20
6232247.18616504
 10
696187.683875399
 20
6232216.61349929
  0
LWPOLYLINE
  5
20B3E
100
AcDbEntity
  8
0
100
AcDbPolyline
 70
0
 90
2
 10
696187.683875399
 20
6232216.61349929
 10
696275.744576672
 20
6232178.68814606
  0
LWPOLYLINE
  5
20B3F
100
AcDbEntity
  8
0
100
AcDbPolyline
 70
0
 90
2
 10
696275.744576672
 20
6232178.68814606
 10
696313.132302152
 20
6232160.99829355
  0
LWPOLYLINE
  5
20B40
100
AcDbEntity
  8
0
100
AcDbPolyline
 70
0
 90
2
 10
696313.132302153
 20
6232160.99829355
 10
696327.638039406
 20
6232143.81814058
  0
LWPOLYLINE
  5
20B41
100
AcDbEntity
  8
0
100
AcDbPolyline
 70
0
 90
2
 10
695736.17089464
 20
6232174.06226683
 10
695755.040806462
 20
6232217.71983802
  0
LWPOLYLINE
  5
20B42
100
AcDbEntity
  8
0
100
AcDbPolyline
 70
0
 90
2
 10
695721.554788172
 20
6232140.24175348
 10
695736.17089464
 20
6232174.06226683
  0
LWPOLYLINE
  5
20B43
100
AcDbEntity
  8
0
100
AcDbPolyline
 70
0
 90
2
 10
697329.240077001
 20
6234580.49441188
 10
697329.943491459
 20
6234559.49192408
  0
LWPOLYLINE
  5
20B44
100
AcDbEntity
  8
0
100
AcDbPolyline
 70
0
 90
2
 10
697308.726367062
 20
6234537.26475972
 10
697329.943491459
 20
6234559.49192408
  0
LWPOLYLINE
  5
20B45
100
AcDbEntity
  8
0
100
AcDbPolyline
 70
0
 90
2
 10
697279.821422415
 20
6234513.09963611
 10
697308.726367062
 20
6234537.26475972
  0
LWPOLYLINE
  5
20B46
100
AcDbEntity
  8
0
100
AcDbPolyline
 70
0
 90
2
 10
697255.735294553
 20
6234494.47457855
 10
697279.821422415
 20
6234513.09963611
  0
LWPOLYLINE
  5
20B47
100
AcDbEntity
  8
0
100
AcDbPolyline
 70
0
 90
2
 10
697237.400476737
 20
6234479.22539765
 10
697255.735294553
 20
6234494.47457855
  0
LWPOLYLINE
  5
20B48
100
AcDbEntity
  8
0
100
AcDbPolyline
 70
0
 90
2
 10
697220.213640727
 20
6234463.32704096
 10
697237.400476737
 20
6234479.22539765
  0
LWPOLYLINE
  5
20B49
100
AcDbEntity
  8
0
100
AcDbPolyline
 70
0
 90
2
 10
695762.346514032
 20
6232162.69852037
 10
695780.60939759
 20
6232201.42373283
  0
LWPOLYLINE
  5
20B4A
100
AcDbEntity
  8
0
100
AcDbPolyline
 70
0
 90
2
 10
695745.368838035
 20
6232126.70755103
 10
695762.346514031
 20
6232162.69852037
  0
LWPOLYLINE
  5
20B4B
100
AcDbEntity
  8
0
100
AcDbPolyline
 70
0
 90
2
 10
695920.086319237
 20
6232978.40955847
 10
696003.575461081
 20
6233064.80499405
  0
LWPOLYLINE
  5
20B4C
100
AcDbEntity
  8
0
100
AcDbPolyline
 70
0
 90
2
 10
696003.575461081
 20
6233064.80499405
 10
696096.304831325
 20
6233165.32615262
  0
LWPOLYLINE
  5
20B4D
100
AcDbEntity
  8
0
100
AcDbPolyline
 70
0
 90
2
 10
696751.662366792
 20
6234468.7682989
 10
696783.181721817
 20
6234422.64425664
  0
LWPOLYLINE
  5
20B4E
100
AcDbEntity
  8
0
100
AcDbPolyline
 70
0
 90
2
 10
696783.181721816
 20
6234422.64425664
 10
696871.435992605
 20
6234298.34031774
  0
LWPOLYLINE
  5
20B4F
100
AcDbEntity
  8
0
100
AcDbPolyline
 70
0
 90
2
 10
696094.261078866
 20
6231726.63806344
 10
696147.356758103
 20
6231886.14728503
  0
LWPOLYLINE
  5
20B50
100
AcDbEntity
  8
0
100
AcDbPolyline
 70
0
 90
2
 10
696147.356758103
 20
6231886.14728503
 10
696178.152731436
 20
6231994.63928832
  0
LWPOLYLINE
  5
20B51
100
AcDbEntity
  8
0
100
AcDbPolyline
 70
0
 90
2
 10
696178.152731436
 20
6231994.63928832
 10
696195.728144413
 20
6232044.62687404
  0
LWPOLYLINE
  5
20B52
100
AcDbEntity
  8
0
100
AcDbPolyline
 70
0
 90
2
 10
696195.728144413
 20
6232044.62687404
 10
696236.488187592
 20
6232091.71067319
  0
LWPOLYLINE
  5
20B53
100
AcDbEntity
  8
0
100
AcDbPolyline
 70
0
 90
2
 10
696236.488187592
 20
6232091.71067319
 10
696291.687391414
 20
6232101.39079296
  0
LWPOLYLINE
  5
20B54
100
AcDbEntity
  8
0
100
AcDbPolyline
 70
0
 90
2
 10
696291.687391414
 20
6232101.39079296
 10
696329.342425258
 20
6232102.25091763
  0
LWPOLYLINE
  5
20B55
100
AcDbEntity
  8
0
100
AcDbPolyline
 70
0
 90
2
 10
695519.188332468
 20
6232857.7049233
 10
695714.566099902
 20
6232826.48713014
  0
LWPOLYLINE
  5
20B56
100
AcDbEntity
  8
0
100
AcDbPolyline
 70
0
 90
2
 10
695714.566099902
 20
6232826.48713014
 10
695841.859257703
 20
6232806.14643678
  0
LWPOLYLINE
  5
20B57
100
AcDbEntity
  8
0
100
AcDbPolyline
 70
0
 90
2
 10
695841.859257703
 20
6232806.14643678
 10
696016.230787843
 20
6232781.62621227
  0
LWPOLYLINE
  5
20B58
100
AcDbEntity
  8
0
100
AcDbPolyline
 70
0
 90
2
 10
696016.230787843
 20
6232781.62621227
 10
696129.937438842
 20
6232763.04496712
  0
LWPOLYLINE
  5
20B59
100
AcDbEntity
  8
0
100
AcDbPolyline
 70
0
 90
2
 10
696288.886634955
 20
6234260.04414442
 10
696310.410242717
 20
6234266.68504855
  0
LWPOLYLINE
  5
20B5A
100
AcDbEntity
  8
0
100
AcDbPolyline
 70
0
 90
2
 10
696310.410242717
 20
6234266.68504855
 10
696324.944641159
 20
6234269.82783188
  0
LWPOLYLINE
  5
20B5B
100
AcDbEntity
  8
0
100
AcDbPolyline
 70
0
 90
2
 10
696952.332719967
 20
6234569.92757611
 10
697029.100342539
 20
6234458.62975226
  0
LWPOLYLINE
  5
20B5C
100
AcDbEntity
  8
0
100
AcDbPolyline
 70
0
 90
2
 10
696916.613294156
 20
6234621.70906461
 10
696952.332719967
 20
6234569.92757611
  0
LWPOLYLINE
  5
20B5D
100
AcDbEntity
  8
0
100
AcDbPolyline
 70
0
 90
2
 10
696897.309093267
 20
6234649.70142707
 10
696916.613294156
 20
6234621.70906461
  0
LWPOLYLINE
  5
20B5E
100
AcDbEntity
  8
0
100
AcDbPolyline
 70
0
 90
2
 10
696880.099400993
 20
6234670.8011149
 10
696897.309093267
 20
6234649.70142707
  0
LWPOLYLINE
  5
20B5F
100
AcDbEntity
  8
0
100
AcDbPolyline
 70
0
 90
2
 10
696858.550903152
 20
6234697.36363378
 10
696880.099400993
 20
6234670.8011149
  0
LWPOLYLINE
  5
20B60
100
AcDbEntity
  8
0
100
AcDbPolyline
 70
0
 90
2
 10
696837.546791035
 20
6234724.6536149
 10
696858.550903152
 20
6234697.36363378
  0
LWPOLYLINE
  5
20B61
100
AcDbEntity
  8
0
100
AcDbPolyline
 70
0
 90
2
 10
696795.439693207
 20
6234779.37419463
 10
696837.546791036
 20
6234724.6536149
  0
LWPOLYLINE
  5
20B62
100
AcDbEntity
  8
0
100
AcDbPolyline
 70
0
 90
2
 10
696539.727255798
 20
6235036.70096036
 10
696795.439693207
 20
6234779.37419463
  0
LWPOLYLINE
  5
20B63
100
AcDbEntity
  8
0
100
AcDbPolyline
 70
0
 90
2
 10
696523.015229768
 20
6235054.48063094
 10
696539.727255797
 20
6235036.70096036
  0
LWPOLYLINE
  5
20B64
100
AcDbEntity
  8
0
100
AcDbPolyline
 70
0
 90
2
 10
696520.980085634
 20
6235074.40731324
 10
696523.015229768
 20
6235054.48063094
  0
LWPOLYLINE
  5
20B65
100
AcDbEntity
  8
0
100
AcDbPolyline
 70
0
 90
2
 10
696514.759287205
 20
6235092.4358202
 10
696520.980085634
 20
6235074.40731324
  0
LWPOLYLINE
  5
20B66
100
AcDbEntity
  8
0
100
AcDbPolyline
 70
0
 90
2
 10
696424.305605056
 20
6234055.18783027
 10
696459.602688718
 20
6234083.70937006
  0
LWPOLYLINE
  5
20B67
100
AcDbEntity
  8
0
100
AcDbPolyline
 70
0
 90
2
 10
696459.602688718
 20
6234083.70937006
 10
696530.966919665
 20
6234135.19297582
  0
LWPOLYLINE
  5
20B68
100
AcDbEntity
  8
0
100
AcDbPolyline
 70
0
 90
2
 10
696530.966919665
 20
6234135.19297582
 10
696585.304423688
 20
6234180.82215681
  0
LWPOLYLINE
  5
20B69
100
AcDbEntity
  8
0
100
AcDbPolyline
 70
0
 90
2
 10
696585.304423688
 20
6234180.82215681
 10
696645.334594774
 20
6234229.61248827
  0
LWPOLYLINE
  5
20B6A
100
AcDbEntity
  8
0
100
AcDbPolyline
 70
0
 90
2
 10
697003.334079217
 20
6234610.10279455
 10
697076.325086853
 20
6234667.60195969
  0
LWPOLYLINE
  5
20B6B
100
AcDbEntity
  8
0
100
AcDbPolyline
 70
0
 90
2
 10
697076.325086853
 20
6234667.60195969
 10
697183.768689982
 20
6234745.5545457
  0
LWPOLYLINE
  5
20B6C
100
AcDbEntity
  8
0
100
AcDbPolyline
 70
0
 90
2
 10
697183.768689982
 20
6234745.5545457
 10
697291.844923851
 20
6235002.63219706
  0
LWPOLYLINE
  5
20B6D
100
AcDbEntity
  8
0
100
AcDbPolyline
 70
0
 90
2
 10
697291.844923851
 20
6235002.63219706
 10
697352.698581396
 20
6235009.40183529
  0
LWPOLYLINE
  5
20B6E
100
AcDbEntity
  8
0
100
AcDbPolyline
 70
0
 90
2
 10
697352.698581396
 20
6235009.40183529
 10
697386.917338404
 20
6235001.16282249
  0
LWPOLYLINE
  5
20B6F
100
AcDbEntity
  8
0
100
AcDbPolyline
 70
0
 90
2
 10
697386.917338404
 20
6235001.16282249
 10
697394.498400495
 20
6234999.33956885
  0
LWPOLYLINE
  5
20B70
100
AcDbEntity
  8
0
100
AcDbPolyline
 70
0
 90
2
 10
695655.476414135
 20
6232210.45177832
 10
695667.688966254
 20
6232239.49142467
  0
LWPOLYLINE
  5
20B71
100
AcDbEntity
  8
0
100
AcDbPolyline
 70
0
 90
2
 10
695608.903638718
 20
6232098.94586316
 10
695655.476414135
 20
6232210.45177832
  0
LWPOLYLINE
  5
20B72
100
AcDbEntity
  8
0
100
AcDbPolyline
 70
0
 90
2
 10
697076.325086855
 20
6234667.60195969
 10
697156.185360875
 20
6234547.88790342
  0
LWPOLYLINE
  5
20B73
100
AcDbEntity
  8
0
100
AcDbPolyline
 70
0
 90
2
 10
697041.831988232
 20
6234719.30528913
 10
697076.325086855
 20
6234667.60195969
  0
LWPOLYLINE
  5
20B74
100
AcDbEntity
  8
0
100
AcDbPolyline
 70
0
 90
2
 10
697038.442043016
 20
6234724.38808102
 10
697041.831988232
 20
6234719.30528913
  0
LWPOLYLINE
  5
20B75
100
AcDbEntity
  8
0
100
AcDbPolyline
 70
0
 90
2
 10
696278.217250784
 20
6234279.85270426
 10
696367.131385534
 20
6234314.38289931
  0
LWPOLYLINE
  5
20B76
100
AcDbEntity
  8
0
100
AcDbPolyline
 70
0
 90
2
 10
696367.131385534
 20
6234314.38289931
 10
696399.58762707
 20
6234305.21869626
  0
LWPOLYLINE
  5
20B77
100
AcDbEntity
  8
0
100
AcDbPolyline
 70
0
 90
2
 10
696324.944641159
 20
6234269.82783188
 10
696399.58762707
 20
6234305.21869626
  0
LWPOLYLINE
  5
20B78
100
AcDbEntity
  8
0
100
AcDbPolyline
 70
0
 90
2
 10
696324.944641159
 20
6234269.82783188
 10
696332.192224151
 20
6234255.94840517
  0
LWPOLYLINE
  5
20B79
100
AcDbEntity
  8
0
100
AcDbPolyline
 70
0
 90
2
 10
696332.192224151
 20
6234255.94840517
 10
696340.003370794
 20
6234247.51240834
  0
LWPOLYLINE
  5
20B7A
100
AcDbEntity
  8
0
100
AcDbPolyline
 70
0
 90
2
 10
696340.003370794
 20
6234247.51240834
 10
696357.874279871
 20
6234228.21342996
  0
LWPOLYLINE
  5
20B7B
100
AcDbEntity
  8
0
100
AcDbPolyline
 70
0
 90
2
 10
696357.874279872
 20
6234228.21342996
 10
696414.357718723
 20
6234171.94262582
  0
LWPOLYLINE
  5
20B7C
100
AcDbEntity
  8
0
100
AcDbPolyline
 70
0
 90
2
 10
696181.630544259
 20
6233262.31042461
 10
696232.186361002
 20
6233339.74143269
  0
LWPOLYLINE
  5
20B7D
100
AcDbEntity
  8
0
100
AcDbPolyline
 70
0
 90
2
 10
696114.604402812
 20
6233150.01401439
 10
696181.63054426
 20
6233262.31042461
  0
LWPOLYLINE
  5
20B7E
100
AcDbEntity
  8
0
100
AcDbPolyline
 70
0
 90
2
 10
695655.476414136
 20
6232210.45177832
 10
695673.430213147
 20
6232202.86894252
  0
LWPOLYLINE
  5
20B7F
100
AcDbEntity
  8
0
100
AcDbPolyline
 70
0
 90
2
 10
695673.430213147
 20
6232202.86894252
 10
695695.612852834
 20
6232191.83475342
  0
LWPOLYLINE
  5
20B80
100
AcDbEntity
  8
0
100
AcDbPolyline
 70
0
 90
2
 10
695695.612852834
 20
6232191.83475342
 10
695715.326408389
 20
6232183.28484704
  0
LWPOLYLINE
  5
20B81
100
AcDbEntity
  8
0
100
AcDbPolyline
 70
0
 90
2
 10
695715.326408389
 20
6232183.28484704
 10
695736.170895093
 20
6232174.06226802
  0
LWPOLYLINE
  5
20B82
100
AcDbEntity
  8
0
100
AcDbPolyline
 70
0
 90
2
 10
695736.170895093
 20
6232174.06226802
 10
695762.346514032
 20
6232162.69852037
  0
LWPOLYLINE
  5
20B83
100
AcDbEntity
  8
0
100
AcDbPolyline
 70
0
 90
2
 10
695762.346514032
 20
6232162.69852037
 10
695788.148287223
 20
6232150.81618242
  0
LWPOLYLINE
  5
20B84
100
AcDbEntity
  8
0
100
AcDbPolyline
 70
0
 90
2
 10
695788.148287223
 20
6232150.81618242
 10
695813.102373374
 20
6232144.14538847
  0
LWPOLYLINE
  5
20B85
100
AcDbEntity
  8
0
100
AcDbPolyline
 70
0
 90
2
 10
695813.102373374
 20
6232144.14538847
 10
695854.735840559
 20
6232155.68412741
  0
LWPOLYLINE
  5
20B86
100
AcDbEntity
  8
0
100
AcDbPolyline
 70
0
 90
2
 10
695854.735840559
 20
6232155.68412741
 10
695882.655162185
 20
6232146.83104324
  0
LWPOLYLINE
  5
20B87
100
AcDbEntity
  8
0
100
AcDbPolyline
 70
0
 90
2
 10
695673.430211421
 20
6232202.86893853
 10
695707.728513465
 20
6232282.15620519
  0
LWPOLYLINE
  5
20B88
100
AcDbEntity
  8
0
100
AcDbPolyline
 70
0
 90
2
 10
695624.556430931
 20
6232089.90870345
 10
695673.43021142
 20
6232202.86893853
  0
LWPOLYLINE
  5
20B89
100
AcDbEntity
  8
0
100
AcDbPolyline
 70
0
 90
2
 10
696340.003372016
 20
6234247.51240702
 10
696419.680913131
 20
6234288.38537189
  0
LWPOLYLINE
  5
20B8A
100
AcDbEntity
  8
0
100
AcDbPolyline
 70
0
 90
2
 10
696177.00175265
 20
6231624.14757729
 10
696228.680685541
 20
6231742.32644539
  0
LWPOLYLINE
  5
20B8B
100
AcDbEntity
  8
0
100
AcDbPolyline
 70
0
 90
2
 10
696228.680685541
 20
6231742.32644539
 10
696256.288816429
 20
6231858.64284578
  0
LWPOLYLINE
  5
20B8C
100
AcDbEntity
  8
0
100
AcDbPolyline
 70
0
 90
2
 10
696256.288816429
 20
6231858.64284578
 10
696314.97495361
 20
6232034.15108652
  0
LWPOLYLINE
  5
20B8D
100
AcDbEntity
  8
0
100
AcDbPolyline
 70
0
 90
2
 10
696314.97495361
 20
6232034.15108652
 10
696329.342425258
 20
6232102.25091763
  0
LWPOLYLINE
  5
20B8E
100
AcDbEntity
  8
0
100
AcDbPolyline
 70
0
 90
2
 10
696327.638039407
 20
6232143.81814058
 10
696329.342425258
 20
6232102.25091763
  0
LWPOLYLINE
  5
20B8F
100
AcDbEntity
  8
0
100
AcDbPolyline
 70
0
 90
2
 10
696566.436302176
 20
6234336.74994486
 10
696623.158740938
 20
6234264.26248343
  0
LWPOLYLINE
  5
20B90
100
AcDbEntity
  8
0
100
AcDbPolyline
 70
0
 90
2
 10
696623.158740937
 20
6234264.26248343
 10
696645.334594194
 20
6234229.61248918
  0
LWPOLYLINE
  5
20B91
100
AcDbEntity
  8
0
100
AcDbPolyline
 70
0
 90
2
 10
696645.334594194
 20
6234229.61248918
 10
696654.390677812
 20
6234215.47124201
  0
LWPOLYLINE
  5
20B92
100
AcDbEntity
  8
0
100
AcDbPolyline
 70
0
 90
2
 10
696654.390677812
 20
6234215.47124201
 10
696695.867846299
 20
6234163.56261975
  0
LWPOLYLINE
  5
20B93
100
AcDbEntity
  8
0
100
AcDbPolyline
 70
0
 90
2
 10
695553.032752262
 20
6233043.07850133
 10
695848.548149025
 20
6232989.64320152
  0
LWPOLYLINE
  5
20B94
100
AcDbEntity
  8
0
100
AcDbPolyline
 70
0
 90
2
 10
695848.548149025
 20
6232989.64320152
 10
695920.086319222
 20
6232978.40955847
  0
LWPOLYLINE
  5
20B95
100
AcDbEntity
  8
0
100
AcDbPolyline
 70
0
 90
2
 10
695920.086319222
 20
6232978.40955847
 10
695981.495788908
 20
6232967.19179993
  0
LWPOLYLINE
  5
20B96
100
AcDbEntity
  8
0
100
AcDbPolyline
 70
0
 90
2
 10
695695.612850892
 20
6232191.83474901
 10
695715.860355835
 20
6232237.85149093
  0
LWPOLYLINE
  5
20B97
100
AcDbEntity
  8
0
100
AcDbPolyline
 70
0
 90
2
 10
695681.213790591
 20
6232159.10558737
 10
695695.612850892
 20
6232191.83474901
  0
LWPOLYLINE
  5
20B98
100
AcDbEntity
  8
0
100
AcDbPolyline
 70
0
 90
2
 10
695788.14828528
 20
6232150.81617795
 10
695805.51463774
 20
6232190.79349204
  0
LWPOLYLINE
  5
20B99
100
AcDbEntity
  8
0
100
AcDbPolyline
 70
0
 90
2
 10
695772.748961286
 20
6232115.37672072
 10
695788.14828528
 20
6232150.81617795
  0
LWPOLYLINE
  5
20B9A
100
AcDbEntity
  8
0
100
AcDbPolyline
 70
0
 90
2
 10
696110.080881092
 20
6232639.74997183
 10
696114.315125461
 20
6232705.23265253
  0
LWPOLYLINE
  5
20B9B
100
AcDbEntity
  8
0
100
AcDbPolyline
 70
0
 90
2
 10
696114.315125461
 20
6232705.23265253
 10
696129.937438842
 20
6232763.04496712
  0
LWPOLYLINE
  5
20B9C
100
AcDbEntity
  8
0
100
AcDbPolyline
 70
0
 90
2
 10
696129.937438842
 20
6232763.04496712
 10
696150.606190645
 20
6232832.20266743
  0
LWPOLYLINE
  5
20B9D
100
AcDbEntity
  8
0
100
AcDbPolyline
 70
0
 90
2
 10
696150.606190645
 20
6232832.20266743
 10
696168.462948315
 20
6232893.29469719
  0
LWPOLYLINE
  5
20B9E
100
AcDbEntity
  8
0
100
AcDbPolyline
 70
0
 90
2
 10
696168.462948314
 20
6232893.29469719
 10
696176.954937753
 20
6232932.86657501
  0
LWPOLYLINE
  5
20B9F
100
AcDbEntity
  8
0
100
AcDbPolyline
 70
0
 90
2
 10
695715.326399287
 20
6232183.28482472
 10
695733.434935728
 20
6232227.28644119
  0
LWPOLYLINE
  5
20BA0
100
AcDbEntity
  8
0
100
AcDbPolyline
 70
0
 90
2
 10
695701.579737936
 20
6232149.88322126
 10
695715.326399287
 20
6232183.28482472
  0
LWPOLYLINE
  5
20BA1
100
AcDbEntity
  8
0
100
AcDbPolyline
 70
0
 90
2
 10
695492.980898977
 20
6232986.25641402
 10
695500.781298417
 20
6232942.61625907
  0
LWPOLYLINE
  5
20BA2
100
AcDbEntity
  8
0
100
AcDbPolyline
 70
0
 90
2
 10
695500.781298417
 20
6232942.61625907
 10
695519.188331412
 20
6232857.70492817
  0
LWPOLYLINE
  5
20BA3
100
AcDbEntity
  8
0
100
AcDbPolyline
 70
0
 90
2
 10
695519.188331412
 20
6232857.70492817
 10
695539.7155096
 20
6232763.00329924
  0
LWPOLYLINE
  5
20BA4
100
AcDbEntity
  8
0
100
AcDbPolyline
 70
0
 90
2
 10
695539.7155096
 20
6232763.00329924
 10
695560.273769127
 20
6232668.1805354
  0
LWPOLYLINE
  5
20BA5
100
AcDbEntity
  8
0
100
AcDbPolyline
 70
0
 90
2
 10
695560.273769127
 20
6232668.1805354
 10
695583.452250568
 20
6232587.81276142
  0
LWPOLYLINE
  5
20BA6
100
AcDbEntity
  8
0
100
AcDbPolyline
 70
0
 90
2
 10
695583.452250568
 20
6232587.81276142
 10
695600.115032169
 20
6232576.35837085
  0
LWPOLYLINE
  5
20BA7
100
AcDbEntity
  8
0
100
AcDbPolyline
 70
0
 90
2
 10
697075.985232096
 20
6232191.9385436
 10
697135.841491964
 20
6232226.19004253
  0
LWPOLYLINE
  5
20BA8
100
AcDbEntity
  8
0
100
AcDbPolyline
 70
0
 90
2
 10
697026.142762974
 20
6232171.39246318
 10
697075.985232096
 20
6232191.9385436
  0
LWPOLYLINE
  5
20BA9
100
AcDbEntity
  8
0
100
AcDbPolyline
 70
0
 90
2
 10
696975.927128998
 20
6232158.93381001
 10
697026.142762974
 20
6232171.39246318
  0
LWPOLYLINE
  5
20BAA
100
AcDbEntity
  8
0
100
AcDbPolyline
 70
0
 90
2
 10
696909.347240151
 20
6232168.04959423
 10
696975.927128998
 20
6232158.93381001
  0
LWPOLYLINE
  5
20BAB
100
AcDbEntity
  8
0
100
AcDbPolyline
 70
0
 90
2
 10
696738.844326735
 20
6232539.52412132
 10
696800.181208695
 20
6232655.58154916
  0
LWPOLYLINE
  5
20BAC
100
AcDbEntity
  8
0
100
AcDbPolyline
 70
0
 90
2
 10
696738.844326731
 20
6232539.52412132
 10
696886.356816206
 20
6232416.55363713
  0
LWPOLYLINE
  5
20BAD
100
AcDbEntity
  8
0
100
AcDbPolyline
 70
0
 90
2
 10
696608.225279396
 20
6232336.95489029
 10
696790.340141909
 20
6232299.25474401
  0
LWPOLYLINE
  5
20BAE
100
AcDbEntity
  8
0
100
AcDbPolyline
 70
0
 90
2
 10
696509.242941223
 20
6232358.56455982
 10
696608.225279396
 20
6232336.95489029
  0
LWPOLYLINE
  5
20BAF
100
AcDbEntity
  8
0
100
AcDbPolyline
 70
0
 90
2
 10
696483.798882494
 20
6232341.82211151
 10
696509.242941223
 20
6232358.56455982
  0
LWPOLYLINE
  5
20BB0
100
AcDbEntity
  8
0
100
AcDbPolyline
 70
0
 90
2
 10
696476.162805555
 20
6232356.92094053
 10
696483.798882494
 20
6232341.82211151
  0
LWPOLYLINE
  5
20BB1
100
AcDbEntity
  8
0
100
AcDbPolyline
 70
0
 90
2
 10
696445.510228534
 20
6232389.3990109
 10
696476.162805555
 20
6232356.92094053
  0
LWPOLYLINE
  5
20BB2
100
AcDbEntity
  8
0
100
AcDbPolyline
 70
0
 90
2
 10
696418.268759484
 20
6232451.91945742
 10
696445.510228534
 20
6232389.3990109
  0
LWPOLYLINE
  5
20BB3
100
AcDbEntity
  8
0
100
AcDbPolyline
 70
0
 90
2
 10
696389.673464511
 20
6232465.7541348
 10
696418.268759484
 20
6232451.91945742
  0
LWPOLYLINE
  5
20BB4
100
AcDbEntity
  8
0
100
AcDbPolyline
 70
0
 90
2
 10
696313.817206951
 20
6232499.73407397
 10
696389.673464511
 20
6232465.7541348
  0
LWPOLYLINE
  5
20BB5
100
AcDbEntity
  8
0
100
AcDbPolyline
 70
0
 90
2
 10
696313.817206951
 20
6232499.73407397
 10
696329.585798512
 20
6232573.80640781
  0
LWPOLYLINE
  5
20BB6
100
AcDbEntity
  8
0
100
AcDbPolyline
 70
0
 90
2
 10
696256.035211669
 20
6232884.7868635
 10
696273.95295526
 20
6232908.26080166
  0
LWPOLYLINE
  5
20BB7
100
AcDbEntity
  8
0
100
AcDbPolyline
 70
0
 90
2
 10
696239.500871331
 20
6232823.6102126
 10
696256.035211669
 20
6232884.7868635
  0
LWPOLYLINE
  5
20BB8
100
AcDbEntity
  8
0
100
AcDbPolyline
 70
0
 90
2
 10
696219.825409168
 20
6232749.22503562
 10
696239.500871331
 20
6232823.6102126
  0
LWPOLYLINE
  5
20BB9
100
AcDbEntity
  8
0
100
AcDbPolyline
 70
0
 90
2
 10
696187.57775981
 20
6232637.07611783
 10
696219.825409168
 20
6232749.22503562
  0
LWPOLYLINE
  5
20BBA
100
AcDbEntity
  8
0
100
AcDbPolyline
 70
0
 90
2
 10
696471.679137087
 20
6232479.99079387
 10
696618.08286169
 20
6232379.89017083
  0
LWPOLYLINE
  5
20BBB
100
AcDbEntity
  8
0
100
AcDbPolyline
 70
0
 90
2
 10
696608.225279396
 20
6232336.95489029
 10
696618.08286169
 20
6232379.89017083
  0
LWPOLYLINE
  5
20BBC
100
AcDbEntity
  8
0
100
AcDbPolyline
 70
0
 90
2
 10
696280.673399208
 20
6232840.96237776
 10
696297.951785605
 20
6232882.14207651
  0
LWPOLYLINE
  5
20BBD
100
AcDbEntity
  8
0
100
AcDbPolyline
 70
0
 90
2
 10
696267.549956169
 20
6232770.46726904
 10
696280.673399208
 20
6232840.96237776
  0
LWPOLYLINE
  5
20BBE
100
AcDbEntity
  8
0
100
AcDbPolyline
 70
0
 90
2
 10
696251.442024709
 20
6232692.68988343
 10
696267.549956169
 20
6232770.46726904
  0
LWPOLYLINE
  5
20BBF
100
AcDbEntity
  8
0
100
AcDbPolyline
 70
0
 90
2
 10
696247.534869926
 20
6232635.01376586
 10
696251.442024709
 20
6232692.68988343
  0
LWPOLYLINE
  5
20BC0
100
AcDbEntity
  8
0
100
AcDbPolyline
 70
0
 90
2
 10
695600.115032169
 20
6232576.35837085
 10
695624.499851921
 20
6232570.25138885
  0
LWPOLYLINE
  5
20BC1
100
AcDbEntity
  8
0
100
AcDbPolyline
 70
0
 90
2
 10
695624.499851921
 20
6232570.25138885
 10
695671.325228719
 20
6232563.58917263
  0
LWPOLYLINE
  5
20BC2
100
AcDbEntity
  8
0
100
AcDbPolyline
 70
0
 90
2
 10
695671.325228719
 20
6232563.58917263
 10
695721.027794258
 20
6232558.01787933
  0
LWPOLYLINE
  5
20BC3
100
AcDbEntity
  8
0
100
AcDbPolyline
 70
0
 90
2
 10
695721.027794258
 20
6232558.01787933
 10
695779.770010787
 20
6232548.02350162
  0
LWPOLYLINE
  5
20BC4
100
AcDbEntity
  8
0
100
AcDbPolyline
 70
0
 90
2
 10
695779.770010787
 20
6232548.02350162
 10
696226.987369455
 20
6232370.36370061
  0
LWPOLYLINE
  5
20BC5
100
AcDbEntity
  8
0
100
AcDbPolyline
 70
0
 90
2
 10
694364.553399875
 20
6231929.08039505
 10
694525.12107507
 20
6231982.70007795
  0
LWPOLYLINE
  5
20BC6
100
AcDbEntity
  8
0
100
AcDbPolyline
 70
0
 90
2
 10
694316.647906369
 20
6231925.66487407
 10
694364.553399875
 20
6231929.08039505
  0
LWPOLYLINE
  5
20BC7
100
AcDbEntity
  8
0
100
AcDbPolyline
 70
0
 90
2
 10
694284.662008462
 20
6231928.74751525
 10
694316.647906369
 20
6231925.66487407
  0
LWPOLYLINE
  5
20BC8
100
AcDbEntity
  8
0
100
AcDbPolyline
 70
0
 90
2
 10
694277.15222258
 20
6231929.4762408
 10
694284.662008462
 20
6231928.74751525
  0
LWPOLYLINE
  5
20BC9
100
AcDbEntity
  8
0
100
AcDbPolyline
 70
0
 90
2
 10
694076.646017841
 20
6231960.22761961
 10
694277.15222258
 20
6231929.4762408
  0
LWPOLYLINE
  5
20BCA
100
AcDbEntity
  8
0
100
AcDbPolyline
 70
0
 90
2
 10
693432.383957983
 20
6233579.64925143
 10
693487.993610581
 20
6233558.07987619
  0
LWPOLYLINE
  5
20BCB
100
AcDbEntity
  8
0
100
AcDbPolyline
 70
0
 90
2
 10
693487.993610581
 20
6233558.07987619
 10
693500.653555219
 20
6233553.16917664
  0
LWPOLYLINE
  5
20BCC
100
AcDbEntity
  8
0
100
AcDbPolyline
 70
0
 90
2
 10
693500.653555219
 20
6233553.16917664
 10
693631.435780216
 20
6233524.07254291
  0
LWPOLYLINE
  5
20BCD
100
AcDbEntity
  8
0
100
AcDbPolyline
 70
0
 90
2
 10
693631.435780216
 20
6233524.07254291
 10
693730.238450755
 20
6233495.08990321
  0
LWPOLYLINE
  5
20BCE
100
AcDbEntity
  8
0
100
AcDbPolyline
 70
0
 90
2
 10
693719.136667883
 20
6233449.05228579
 10
693730.238450755
 20
6233495.08990321
  0
LWPOLYLINE
  5
20BCF
100
AcDbEntity
  8
0
100
AcDbPolyline
 70
0
 90
2
 10
696226.987369455
 20
6232370.36370061
 10
696234.363311505
 20
6232421.81174132
  0
LWPOLYLINE
  5
20BD0
100
AcDbEntity
  8
0
100
AcDbPolyline
 70
0
 90
2
 10
696234.363311505
 20
6232421.81174132
 10
696234.396601257
 20
6232448.15381652
  0
LWPOLYLINE
  5
20BD1
100
AcDbEntity
  8
0
100
AcDbPolyline
 70
0
 90
2
 10
696224.238123641
 20
6232468.9448249
 10
696234.396601257
 20
6232448.15381652
  0
LWPOLYLINE
  5
20BD2
100
AcDbEntity
  8
0
100
AcDbPolyline
 70
0
 90
2
 10
696220.214848905
 20
6232491.60044625
 10
696224.238123641
 20
6232468.9448249
  0
LWPOLYLINE
  5
20BD3
100
AcDbEntity
  8
0
100
AcDbPolyline
 70
0
 90
2
 10
696220.214848905
 20
6232491.60044625
 10
696227.538072635
 20
6232522.40168486
  0
LWPOLYLINE
  5
20BD4
100
AcDbEntity
  8
0
100
AcDbPolyline
 70
0
 90
2
 10
696227.538072635
 20
6232522.40168486
 10
696238.594072672
 20
6232602.23202678
  0
LWPOLYLINE
  5
20BD5
100
AcDbEntity
  8
0
100
AcDbPolyline
 70
0
 90
2
 10
696238.594072672
 20
6232602.23202678
 10
696247.534869926
 20
6232635.01376586
  0
LWPOLYLINE
  5
20BD6
100
AcDbEntity
  8
0
100
AcDbPolyline
 70
0
 90
2
 10
696247.534869925
 20
6232635.01376586
 10
696282.214691961
 20
6232673.21367209
  0
LWPOLYLINE
  5
20BD7
100
AcDbEntity
  8
0
100
AcDbPolyline
 70
0
 90
2
 10
696282.214691961
 20
6232673.21367209
 10
696313.269181241
 20
6232723.08556242
  0
LWPOLYLINE
  5
20BD8
100
AcDbEntity
  8
0
100
AcDbPolyline
 70
0
 90
2
 10
696313.269181241
 20
6232723.08556242
 10
696328.610440209
 20
6232750.71066519
  0
LWPOLYLINE
  5
20BD9
100
AcDbEntity
  8
0
100
AcDbPolyline
 70
0
 90
2
 10
696328.610440209
 20
6232750.71066519
 10
696341.447393201
 20
6232772.24591448
  0
LWPOLYLINE
  5
20BDA
100
AcDbEntity
  8
0
100
AcDbPolyline
 70
0
 90
2
 10
696341.447393201
 20
6232772.24591448
 10
696354.000202705
 20
6232792.11838235
  0
LWPOLYLINE
  5
20BDB
100
AcDbEntity
  8
0
100
AcDbPolyline
 70
0
 90
2
 10
696354.000202705
 20
6232792.11838235
 10
696360.334438663
 20
6232807.75903729
  0
LWPOLYLINE
  5
20BDC
100
AcDbEntity
  8
0
100
AcDbPolyline
 70
0
 90
2
 10
693826.87583868
 20
6233293.40473341
 10
693847.614934679
 20
6233423.74766714
  0
LWPOLYLINE
  5
20BDD
100
AcDbEntity
  8
0
100
AcDbPolyline
 70
0
 90
2
 10
693826.87583868
 20
6233293.40473341
 10
693878.696189409
 20
6233265.24764592
  0
LWPOLYLINE
  5
20BDE
100
AcDbEntity
  8
0
100
AcDbPolyline
 70
0
 90
2
 10
693878.324666875
 20
6233232.22542341
 10
693878.696189409
 20
6233265.24764592
  0
LWPOLYLINE
  5
20BDF
100
AcDbEntity
  8
0
100
AcDbPolyline
 70
0
 90
2
 10
693878.324666875
 20
6233232.22542341
 10
693922.866420044
 20
6233185.68084434
  0
LWPOLYLINE
  5
20BE0
100
AcDbEntity
  8
0
100
AcDbPolyline
 70
0
 90
2
 10
693917.762601776
 20
6233159.18755574
 10
693922.866420044
 20
6233185.68084434
  0
LWPOLYLINE
  5
20BE1
100
AcDbEntity
  8
0
100
AcDbPolyline
 70
0
 90
2
 10
693902.669323812
 20
6233080.77660009
 10
693917.762601776
 20
6233159.18755574
  0
LWPOLYLINE
  5
20BE2
100
AcDbEntity
  8
0
100
AcDbPolyline
 70
0
 90
2
 10
693902.669323812
 20
6233080.77660009
 10
693979.024386819
 20
6232993.33009813
  0
LWPOLYLINE
  5
20BE3
100
AcDbEntity
  8
0
100
AcDbPolyline
 70
0
 90
2
 10
693979.02438682
 20
6232993.33009813
 10
694013.31831047
 20
6232925.14225488
  0
LWPOLYLINE
  5
20BE4
100
AcDbEntity
  8
0
100
AcDbPolyline
 70
0
 90
2
 10
694013.31831047
 20
6232925.14225488
 10
694040.145858378
 20
6232884.01416449
  0
LWPOLYLINE
  5
20BE5
100
AcDbEntity
  8
0
100
AcDbPolyline
 70
0
 90
2
 10
694040.145858379
 20
6232884.01416449
 10
694112.400984582
 20
6232872.86115016
  0
LWPOLYLINE
  5
20BE6
100
AcDbEntity
  8
0
100
AcDbPolyline
 70
0
 90
2
 10
694200.606106014
 20
6233323.34102672
 10
694209.879892992
 20
6233358.23951341
  0
LWPOLYLINE
  5
20BE7
100
AcDbEntity
  8
0
100
AcDbPolyline
 70
0
 90
2
 10
694188.594457391
 20
6233278.1411312
 10
694200.606106014
 20
6233323.34102672
  0
LWPOLYLINE
  5
20BE8
100
AcDbEntity
  8
0
100
AcDbPolyline
 70
0
 90
2
 10
694176.694010134
 20
6233233.35879532
 10
694188.594457391
 20
6233278.1411312
  0
LWPOLYLINE
  5
20BE9
100
AcDbEntity
  8
0
100
AcDbPolyline
 70
0
 90
2
 10
694162.375728829
 20
6233162.7510864
 10
694176.694010134
 20
6233233.35879532
  0
LWPOLYLINE
  5
20BEA
100
AcDbEntity
  8
0
100
AcDbPolyline
 70
0
 90
2
 10
694151.71760174
 20
6233110.16686819
 10
694162.375728829
 20
6233162.7510864
  0
LWPOLYLINE
  5
20BEB
100
AcDbEntity
  8
0
100
AcDbPolyline
 70
0
 90
2
 10
694117.388348797
 20
6232904.36544639
 10
694151.71760174
 20
6233110.16686819
  0
LWPOLYLINE
  5
20BEC
100
AcDbEntity
  8
0
100
AcDbPolyline
 70
0
 90
2
 10
694112.400984155
 20
6232872.86114746
 10
694117.388348797
 20
6232904.36544639
  0
LWPOLYLINE
  5
20BED
100
AcDbEntity
  8
0
100
AcDbPolyline
 70
0
 90
2
 10
694109.146920735
 20
6232852.30366495
 10
694112.400984155
 20
6232872.86114746
  0
LWPOLYLINE
  5
20BEE
100
AcDbEntity
  8
0
100
AcDbPolyline
 70
0
 90
2
 10
693475.847536233
 20
6233525.99590665
 10
693487.993623012
 20
6233558.07987137
  0
LWPOLYLINE
  5
20BEF
100
AcDbEntity
  8
0
100
AcDbPolyline
 70
0
 90
2
 10
693475.847536233
 20
6233525.99590665
 10
693485.41145311
 20
6233498.22809982
  0
LWPOLYLINE
  5
20BF0
100
AcDbEntity
  8
0
100
AcDbPolyline
 70
0
 90
2
 10
694435.203506503
 20
6232663.85608049
 10
694475.564188016
 20
6232768.00912321
  0
LWPOLYLINE
  5
20BF1
100
AcDbEntity
  8
0
100
AcDbPolyline
 70
0
 90
2
 10
693954.607678259
 20
6233539.87052106
 10
693974.6043781
 20
6233404.8665861
  0
LWPOLYLINE
  5
20BF2
100
AcDbEntity
  8
0
100
AcDbPolyline
 70
0
 90
2
 10
693934.324848845
 20
6233581.98710211
 10
693954.607678259
 20
6233539.87052106
  0
LWPOLYLINE
  5
20BF3
100
AcDbEntity
  8
0
100
AcDbPolyline
 70
0
 90
2
 10
693934.324848845
 20
6233581.98710211
 10
693934.497200522
 20
6233639.76833864
  0
LWPOLYLINE
  5
20BF4
100
AcDbEntity
  8
0
100
AcDbPolyline
 70
0
 90
2
 10
693934.497200522
 20
6233639.76833864
 10
693995.140845078
 20
6233632.16673121
  0
LWPOLYLINE
  5
20BF5
100
AcDbEntity
  8
0
100
AcDbPolyline
 70
0
 90
2
 10
694013.617664254
 20
6232045.03478088
 10
694187.258187744
 20
6232042.33129815
  0
LWPOLYLINE
  5
20BF6
100
AcDbEntity
  8
0
100
AcDbPolyline
 70
0
 90
2
 10
694187.258187744
 20
6232042.33129815
 10
694284.283803772
 20
6232049.86187449
  0
LWPOLYLINE
  5
20BF7
100
AcDbEntity
  8
0
100
AcDbPolyline
 70
0
 90
2
 10
694284.283803772
 20
6232049.86187449
 10
694405.96871365
 20
6232064.11193755
  0
LWPOLYLINE
  5
20BF8
100
AcDbEntity
  8
0
100
AcDbPolyline
 70
0
 90
2
 10
694603.384826936
 20
6232233.59898265
 10
694670.009285955
 20
6232024.76600683
  0
LWPOLYLINE
  5
20BF9
100
AcDbEntity
  8
0
100
AcDbPolyline
 70
0
 90
2
 10
694670.009285955
 20
6232024.76600683
 10
694714.108624702
 20
6231878.83445966
  0
LWPOLYLINE
  5
20BFA
100
AcDbEntity
  8
0
100
AcDbPolyline
 70
0
 90
2
 10
694607.171181704
 20
6232621.11151706
 10
694620.264270305
 20
6232453.55829099
  0
LWPOLYLINE
  5
20BFB
100
AcDbEntity
  8
0
100
AcDbPolyline
 70
0
 90
2
 10
694620.264270305
 20
6232453.55829099
 10
694622.051527814
 20
6232309.24403517
  0
LWPOLYLINE
  5
20BFC
100
AcDbEntity
  8
0
100
AcDbPolyline
 70
0
 90
2
 10
694692.488420155
 20
6232267.74253271
 10
694801.320508745
 20
6232304.23635387
  0
LWPOLYLINE
  5
20BFD
100
AcDbEntity
  8
0
100
AcDbPolyline
 70
0
 90
2
 10
694603.384826932
 20
6232233.59898265
 10
694692.488420155
 20
6232267.74253271
  0
LWPOLYLINE
  5
20BFE
100
AcDbEntity
  8
0
100
AcDbPolyline
 70
0
 90
2
 10
694489.963761086
 20
6232204.4702377
 10
694603.384826932
 20
6232233.59898265
  0
LWPOLYLINE
  5
20BFF
100
AcDbEntity
  8
0
100
AcDbPolyline
 70
0
 90
2
 10
694117.388348797
 20
6232904.3654464
 10
694144.870527318
 20
6232876.34279515
  0
LWPOLYLINE
  5
20C00
100
AcDbEntity
  8
0
100
AcDbPolyline
 70
0
 90
2
 10
694144.870527318
 20
6232876.34279515
 10
694220.873964237
 20
6232851.77401989
  0
LWPOLYLINE
  5
20C01
100
AcDbEntity
  8
0
100
AcDbPolyline
 70
0
 90
2
 10
694220.873964237
 20
6232851.77401989
 10
694318.415472605
 20
6232820.09344421
  0
LWPOLYLINE
  5
20C02
100
AcDbEntity
  8
0
100
AcDbPolyline
 70
0
 90
2
 10
694318.415472605
 20
6232820.09344421
 10
694351.51264313
 20
6232792.02639774
  0
LWPOLYLINE
  5
20C03
100
AcDbEntity
  8
0
100
AcDbPolyline
 70
0
 90
2
 10
693922.866420044
 20
6233185.68084434
 10
693932.974449494
 20
6233192.40411706
  0
LWPOLYLINE
  5
20C04
100
AcDbEntity
  8
0
100
AcDbPolyline
 70
0
 90
2
 10
693932.974449494
 20
6233192.40411706
 10
694062.696543258
 20
6233163.86240214
  0
LWPOLYLINE
  5
20C05
100
AcDbEntity
  8
0
100
AcDbPolyline
 70
0
 90
2
 10
694062.696543258
 20
6233163.86240214
 10
694089.235022827
 20
6233177.49655558
  0
LWPOLYLINE
  5
20C06
100
AcDbEntity
  8
0
100
AcDbPolyline
 70
0
 90
2
 10
694089.235022827
 20
6233177.49655558
 10
694110.883496046
 20
6233263.60770002
  0
LWPOLYLINE
  5
20C07
100
AcDbEntity
  8
0
100
AcDbPolyline
 70
0
 90
2
 10
694110.883496046
 20
6233263.60770002
 10
694129.122528734
 20
6233262.84246848
  0
LWPOLYLINE
  5
20C08
100
AcDbEntity
  8
0
100
AcDbPolyline
 70
0
 90
2
 10
694129.122528734
 20
6233262.84246848
 10
694143.14527669
 20
6233333.93824027
  0
LWPOLYLINE
  5
20C09
100
AcDbEntity
  8
0
100
AcDbPolyline
 70
0
 90
2
 10
694143.14527669
 20
6233333.93824027
 10
694200.606106014
 20
6233323.34102672
  0
LWPOLYLINE
  5
20C0A
100
AcDbEntity
  8
0
100
AcDbPolyline
 70
0
 90
2
 10
694273.310203122
 20
6231879.31967052
 10
694279.641106585
 20
6231781.19296535
  0
LWPOLYLINE
  5
20C0B
100
AcDbEntity
  8
0
100
AcDbPolyline
 70
0
 90
2
 10
694273.310203122
 20
6231879.31967052
 10
694284.66200864
 20
6231928.74751523
  0
LWPOLYLINE
  5
20C0C
100
AcDbEntity
  8
0
100
AcDbPolyline
 70
0
 90
2
 10
694284.28380378
 20
6232049.86187449
 10
694284.66200864
 20
6231928.74751523
  0
LWPOLYLINE
  5
20C0D
100
AcDbEntity
  8
0
100
AcDbPolyline
 70
0
 90
2
 10
693679.132911003
 20
6233291.59754487
 10
693719.136667883
 20
6233449.05228579
  0
LWPOLYLINE
  5
20C0E
100
AcDbEntity
  8
0
100
AcDbPolyline
 70
0
 90
2
 10
693665.298100092
 20
6233220.43430337
 10
693679.132911003
 20
6233291.59754487
  0
LWPOLYLINE
  5
20C0F
100
AcDbEntity
  8
0
100
AcDbPolyline
 70
0
 90
2
 10
693647.960845819
 20
6233065.18925245
 10
693665.298100092
 20
6233220.43430337
  0
LWPOLYLINE
  5
20C10
100
AcDbEntity
  8
0
100
AcDbPolyline
 70
0
 90
2
 10
693636.599681286
 20
6232939.40830151
 10
693647.960845819
 20
6233065.18925245
  0
LWPOLYLINE
  5
20C11
100
AcDbEntity
  8
0
100
AcDbPolyline
 70
0
 90
2
 10
693636.599681286
 20
6232939.40830151
 10
693678.542751575
 20
6232847.65521141
  0
LWPOLYLINE
  5
20C12
100
AcDbEntity
  8
0
100
AcDbPolyline
 70
0
 90
2
 10
693678.542751575
 20
6232847.65521141
 10
693709.820974891
 20
6232802.85909353
  0
LWPOLYLINE
  5
20C13
100
AcDbEntity
  8
0
100
AcDbPolyline
 70
0
 90
2
 10
693709.820974891
 20
6232802.85909353
 10
693817.810997386
 20
6232598.54435711
  0
LWPOLYLINE
  5
20C14
100
AcDbEntity
  8
0
100
AcDbPolyline
 70
0
 90
2
 10
693817.810997386
 20
6232598.54435711
 10
693956.731538065
 20
6232336.61377612
  0
LWPOLYLINE
  5
20C15
100
AcDbEntity
  8
0
100
AcDbPolyline
 70
0
 90
2
 10
693917.76260187
 20
6233159.18755623
 10
694060.785047783
 20
6233130.30196659
  0
LWPOLYLINE
  5
20C16
100
AcDbEntity
  8
0
100
AcDbPolyline
 70
0
 90
2
 10
694060.785047783
 20
6233130.30196659
 10
694151.717601739
 20
6233110.16686819
  0
LWPOLYLINE
  5
20C17
100
AcDbEntity
  8
0
100
AcDbPolyline
 70
0
 90
2
 10
694151.717601739
 20
6233110.16686819
 10
694212.52729124
 20
6233100.45749122
  0
LWPOLYLINE
  5
20C18
100
AcDbEntity
  8
0
100
AcDbPolyline
 70
0
 90
2
 10
694410.39438545
 20
6232661.18901262
 10
694422.353592753
 20
6232485.8816788
  0
LWPOLYLINE
  5
20C19
100
AcDbEntity
  8
0
100
AcDbPolyline
 70
0
 90
2
 10
694337.18365765
 20
6232660.4559672
 10
694410.39438545
 20
6232661.18901262
  0
LWPOLYLINE
  5
20C1A
100
AcDbEntity
  8
0
100
AcDbPolyline
 70
0
 90
2
 10
694410.39438545
 20
6232661.18901262
 10
694435.203506503
 20
6232663.85608049
  0
LWPOLYLINE
  5
20C1B
100
AcDbEntity
  8
0
100
AcDbPolyline
 70
0
 90
2
 10
694435.203506503
 20
6232663.85608049
 10
694485.291725144
 20
6232666.23585241
  0
LWPOLYLINE
  5
20C1C
100
AcDbEntity
  8
0
100
AcDbPolyline
 70
0
 90
2
 10
694485.291725144
 20
6232666.23585241
 10
694491.942898587
 20
6232533.89185962
  0
LWPOLYLINE
  5
20C1D
100
AcDbEntity
  8
0
100
AcDbPolyline
 70
0
 90
2
 10
694491.942898587
 20
6232533.89185962
 10
694494.634160039
 20
6232508.07578905
  0
LWPOLYLINE
  5
20C1E
100
AcDbEntity
  8
0
100
AcDbPolyline
 70
0
 90
2
 10
694494.634160039
 20
6232508.07578905
 10
694499.802731434
 20
6232453.08987855
  0
LWPOLYLINE
  5
20C1F
100
AcDbEntity
  8
0
100
AcDbPolyline
 70
0
 90
2
 10
694499.802731434
 20
6232453.08987855
 10
694502.224073127
 20
6232429.24565262
  0
LWPOLYLINE
  5
20C20
100
AcDbEntity
  8
0
100
AcDbPolyline
 70
0
 90
2
 10
694499.325733647
 20
6232322.66199322
 10
694502.224073127
 20
6232429.24565262
  0
LWPOLYLINE
  5
20C21
100
AcDbEntity
  8
0
100
AcDbPolyline
 70
0
 90
2
 10
694493.612126926
 20
6232308.92550276
 10
694499.325733647
 20
6232322.66199322
  0
LWPOLYLINE
  5
20C22
100
AcDbEntity
  8
0
100
AcDbPolyline
 70
0
 90
2
 10
694476.364638224
 20
6232296.00175011
 10
694493.612126926
 20
6232308.92550276
  0
LWPOLYLINE
  5
20C23
100
AcDbEntity
  8
0
100
AcDbPolyline
 70
0
 90
2
 10
694411.049279584
 20
6232269.65519749
 10
694476.364638224
 20
6232296.00175011
  0
LWPOLYLINE
  5
20C24
100
AcDbEntity
  8
0
100
AcDbPolyline
 70
0
 90
2
 10
695066.823488372
 20
6234606.57848957
 10
695116.691447797
 20
6234618.32053311
  0
LWPOLYLINE
  5
20C25
100
AcDbEntity
  8
0
100
AcDbPolyline
 70
0
 90
2
 10
695116.691447797
 20
6234618.32053311
 10
695193.206127959
 20
6234745.81608117
  0
LWPOLYLINE
  5
20C26
100
AcDbEntity
  8
0
100
AcDbPolyline
 70
0
 90
2
 10
695193.206127959
 20
6234745.81608117
 10
695255.092751855
 20
6234843.76258616
  0
LWPOLYLINE
  5
20C27
100
AcDbEntity
  8
0
100
AcDbPolyline
 70
0
 90
2
 10
695255.092751855
 20
6234843.76258616
 10
695313.791144848
 20
6234946.03428924
  0
LWPOLYLINE
  5
20C28
100
AcDbEntity
  8
0
100
AcDbPolyline
 70
0
 90
2
 10
695312.147795781
 20
6235014.68025697
 10
695313.791144848
 20
6234946.03428924
  0
LWPOLYLINE
  5
20C29
100
AcDbEntity
  8
0
100
AcDbPolyline
 70
0
 90
2
 10
695312.147795781
 20
6235014.68025697
 10
695324.940977733
 20
6235094.93299707
  0
LWPOLYLINE
  5
20C2A
100
AcDbEntity
  8
0
100
AcDbPolyline
 70
0
 90
2
 10
695297.525428821
 20
6235108.28140779
 10
695324.940977733
 20
6235094.93299707
  0
LWPOLYLINE
  5
20C2B
100
AcDbEntity
  8
0
100
AcDbPolyline
 70
0
 90
2
 10
696433.531942519
 20
6233794.85804819
 10
696515.074830617
 20
6233711.63867584
  0
LWPOLYLINE
  5
20C2C
100
AcDbEntity
  8
0
100
AcDbPolyline
 70
0
 90
2
 10
696515.074830617
 20
6233711.63867584
 10
696549.317365652
 20
6233737.61530485
  0
LWPOLYLINE
  5
20C2D
100
AcDbEntity
  8
0
100
AcDbPolyline
 70
0
 90
2
 10
696302.137727175
 20
6233692.85196579
 10
696330.329080387
 20
6233705.47308679
  0
LWPOLYLINE
  5
20C2E
100
AcDbEntity
  8
0
100
AcDbPolyline
 70
0
 90
2
 10
696330.329080387
 20
6233705.47308679
 10
696433.531942519
 20
6233794.85804819
  0
LWPOLYLINE
  5
20C2F
100
AcDbEntity
  8
0
100
AcDbPolyline
 70
0
 90
2
 10
696433.531942519
 20
6233794.85804819
 10
696466.320822501
 20
6233827.44432366
  0
LWPOLYLINE
  5
20C30
100
AcDbEntity
  8
0
100
AcDbPolyline
 70
0
 90
2
 10
696373.083462241
 20
6233662.27020936
 10
696440.789927025
 20
6233709.71551755
  0
LWPOLYLINE
  5
20C31
100
AcDbEntity
  8
0
100
AcDbPolyline
 70
0
 90
2
 10
696352.303065838
 20
6233658.31637371
 10
696373.083462241
 20
6233662.27020936
  0
LWPOLYLINE
  5
20C32
100
AcDbEntity
  8
0
100
AcDbPolyline
 70
0
 90
2
 10
696318.038734451
 20
6233676.1709279
 10
696352.303065838
 20
6233658.31637371
  0
LWPOLYLINE
  5
20C33
100
AcDbEntity
  8
0
100
AcDbPolyline
 70
0
 90
2
 10
696302.137727174
 20
6233692.85196579
 10
696318.038734451
 20
6233676.1709279
  0
LWPOLYLINE
  5
20C34
100
AcDbEntity
  8
0
100
AcDbPolyline
 70
0
 90
2
 10
696197.85631481
 20
6233792.2640628
 10
696263.55336742
 20
6233843.13678873
  0
LWPOLYLINE
  5
20C35
100
AcDbEntity
  8
0
100
AcDbPolyline
 70
0
 90
2
 10
696263.55336742
 20
6233843.13678873
 10
696274.55568892
 20
6233851.65712028
  0
LWPOLYLINE
  5
20C36
100
AcDbEntity
  8
0
100
AcDbPolyline
 70
0
 90
2
 10
696274.55568892
 20
6233851.65712028
 10
696372.013840127
 20
6233923.50988514
  0
LWPOLYLINE
  5
20C37
100
AcDbEntity
  8
0
100
AcDbPolyline
 70
0
 90
2
 10
696372.013840127
 20
6233923.50988514
 10
696510.480595818
 20
6234027.41588815
  0
LWPOLYLINE
  5
20C38
100
AcDbEntity
  8
0
100
AcDbPolyline
 70
0
 90
2
 10
696510.480595818
 20
6234027.41588815
 10
696558.946462993
 20
6234063.78984545
  0
LWPOLYLINE
  5
20C39
100
AcDbEntity
  8
0
100
AcDbPolyline
 70
0
 90
2
 10
696558.946462993
 20
6234063.78984545
 10
696695.867845752
 20
6234163.56261935
  0
LWPOLYLINE
  5
20C3A
100
AcDbEntity
  8
0
100
AcDbPolyline
 70
0
 90
2
 10
696695.867845752
 20
6234163.56261935
 10
696699.636293231
 20
6234166.31118073
  0
LWPOLYLINE
  5
20C3B
100
AcDbEntity
  8
0
100
AcDbPolyline
 70
0
 90
2
 10
696699.636293231
 20
6234166.31118073
 10
696753.618659544
 20
6234205.71729066
  0
LWPOLYLINE
  5
20C3C
100
AcDbEntity
  8
0
100
AcDbPolyline
 70
0
 90
2
 10
696753.618659544
 20
6234205.71729066
 10
696830.110656484
 20
6234261.7453284
  0
LWPOLYLINE
  5
20C3D
100
AcDbEntity
  8
0
100
AcDbPolyline
 70
0
 90
2
 10
696830.110656484
 20
6234261.7453284
 10
696871.435992605
 20
6234298.34031774
  0
LWPOLYLINE
  5
20C3E
100
AcDbEntity
  8
0
100
AcDbPolyline
 70
0
 90
2
 10
696871.435992605
 20
6234298.34031774
 10
696927.374053298
 20
6234369.89847467
  0
LWPOLYLINE
  5
20C3F
100
AcDbEntity
  8
0
100
AcDbPolyline
 70
0
 90
2
 10
696927.374053298
 20
6234369.89847467
 10
696974.768205808
 20
6234420.46327744
  0
LWPOLYLINE
  5
20C40
100
AcDbEntity
  8
0
100
AcDbPolyline
 70
0
 90
2
 10
696974.768205808
 20
6234420.46327744
 10
697029.10034186
 20
6234458.62975178
  0
LWPOLYLINE
  5
20C41
100
AcDbEntity
  8
0
100
AcDbPolyline
 70
0
 90
2
 10
697029.10034186
 20
6234458.62975178
 10
697036.188284035
 20
6234463.60518843
  0
LWPOLYLINE
  5
20C42
100
AcDbEntity
  8
0
100
AcDbPolyline
 70
0
 90
2
 10
697036.188284035
 20
6234463.60518843
 10
697118.786852788
 20
6234522.00526624
  0
LWPOLYLINE
  5
20C43
100
AcDbEntity
  8
0
100
AcDbPolyline
 70
0
 90
2
 10
697118.786852788
 20
6234522.00526624
 10
697156.185360875
 20
6234547.88790342
  0
LWPOLYLINE
  5
20C44
100
AcDbEntity
  8
0
100
AcDbPolyline
 70
0
 90
2
 10
697156.185360875
 20
6234547.88790342
 10
697202.921806169
 20
6234579.90953118
  0
LWPOLYLINE
  5
20C45
100
AcDbEntity
  8
0
100
AcDbPolyline
 70
0
 90
2
 10
697202.921806169
 20
6234579.90953118
 10
697244.105572193
 20
6234612.57816571
  0
LWPOLYLINE
  5
20C46
100
AcDbEntity
  8
0
100
AcDbPolyline
 70
0
 90
2
 10
697244.105572193
 20
6234612.57816571
 10
697264.893838276
 20
6234647.58231715
  0
LWPOLYLINE
  5
20C47
100
AcDbEntity
  8
0
100
AcDbPolyline
 70
0
 90
2
 10
692878.1916041
 20
6236981.84918908
 10
692882.165951355
 20
6236979.7549412
  0
LWPOLYLINE
  5
20C48
100
AcDbEntity
  8
0
100
AcDbPolyline
 70
0
 90
2
 10
692882.165951355
 20
6236979.7549412
 10
692906.045796793
 20
6236963.83592056
  0
LWPOLYLINE
  5
20C49
100
AcDbEntity
  8
0
100
AcDbPolyline
 70
0
 90
2
 10
692906.045796793
 20
6236963.83592056
 10
692945.726681945
 20
6236952.38793018
  0
LWPOLYLINE
  5
20C4A
100
AcDbEntity
  8
0
100
AcDbPolyline
 70
0
 90
2
 10
692945.726681945
 20
6236952.38793018
 10
692988.709863144
 20
6236947.39864935
  0
LWPOLYLINE
  5
20C4B
100
AcDbEntity
  8
0
100
AcDbPolyline
 70
0
 90
2
 10
692988.709863144
 20
6236947.39864935
 10
693025.415810774
 20
6236945.32490017
  0
LWPOLYLINE
  5
20C4C
100
AcDbEntity
  8
0
100
AcDbPolyline
 70
0
 90
2
 10
693025.415810774
 20
6236945.32490017
 10
693044.104050341
 20
6236916.29737604
  0
LWPOLYLINE
  5
20C4D
100
AcDbEntity
  8
0
100
AcDbPolyline
 70
0
 90
2
 10
694857.109419887
 20
6236779.50391117
 10
694863.946118617
 20
6236781.64421529
  0
LWPOLYLINE
  5
20C4E
100
AcDbEntity
  8
0
100
AcDbPolyline
 70
0
 90
2
 10
694863.946118617
 20
6236781.64421529
 10
694890.651437534
 20
6236788.48191039
  0
LWPOLYLINE
  5
20C4F
100
AcDbEntity
  8
0
100
AcDbPolyline
 70
0
 90
2
 10
694925.318824468
 20
6236847.97387562
 10
694925.63392631
 20
6236839.71722584
  0
LWPOLYLINE
  5
20C50
100
AcDbEntity
  8
0
100
AcDbPolyline
 70
0
 90
2
 10
694925.63392631
 20
6236839.71722584
 10
694926.784574762
 20
6236833.96222393
  0
LWPOLYLINE
  5
20C51
100
AcDbEntity
  8
0
100
AcDbPolyline
 70
0
 90
2
 10
693843.695799995
 20
6237561.66419661
 10
693856.73042337
 20
6237534.06626626
  0
LWPOLYLINE
  5
20C52
100
AcDbEntity
  8
0
100
AcDbPolyline
 70
0
 90
2
 10
693862.646618114
 20
6237522.84277194
 10
693866.200657628
 20
6237526.44864195
  0
LWPOLYLINE
  5
20C53
100
AcDbEntity
  8
0
100
AcDbPolyline
 70
0
 90
2
 10
693857.478361975
 20
6237522.25121282
 10
693862.646618114
 20
6237522.84277194
  0
LWPOLYLINE
  5
20C54
100
AcDbEntity
  8
0
100
AcDbPolyline
 70
0
 90
2
 10
693853.308420678
 20
6237526.0522741
 10
693857.478361975
 20
6237522.25121282
  0
LWPOLYLINE
  5
20C55
100
AcDbEntity
  8
0
100
AcDbPolyline
 70
0
 90
2
 10
693852.83975439
 20
6237530.35593284
 10
693853.308420678
 20
6237526.0522741
  0
LWPOLYLINE
  5
20C56
100
AcDbEntity
  8
0
100
AcDbPolyline
 70
0
 90
2
 10
693852.83975439
 20
6237530.35593284
 10
693856.73042337
 20
6237534.06626626
  0
LWPOLYLINE
  5
20C57
100
AcDbEntity
  8
0
100
AcDbPolyline
 70
0
 90
2
 10
693856.73042337
 20
6237534.06626626
 10
693861.900687158
 20
6237534.61332948
  0
LWPOLYLINE
  5
20C58
100
AcDbEntity
  8
0
100
AcDbPolyline
 70
0
 90
2
 10
693861.900687158
 20
6237534.61332948
 10
693865.196640228
 20
6237531.19613675
  0
LWPOLYLINE
  5
20C59
100
AcDbEntity
  8
0
100
AcDbPolyline
 70
0
 90
2
 10
693865.196640229
 20
6237531.19613675
 10
693866.200657629
 20
6237526.44864195
  0
LWPOLYLINE
  5
20C5A
100
AcDbEntity
  8
0
100
AcDbPolyline
 70
0
 90
2
 10
693862.646618113
 20
6237522.84277194
 10
693874.862242946
 20
6237500.56927427
  0
LWPOLYLINE
  5
20C5B
100
AcDbEntity
  8
0
100
AcDbPolyline
 70
0
 90
2
 10
693829.586872926
 20
6237514.96457887
 10
693853.308420678
 20
6237526.0522741
  0
LWPOLYLINE
  5
20C5C
100
AcDbEntity
  8
0
100
AcDbPolyline
 70
0
 90
2
 10
693865.196640229
 20
6237531.19613675
 10
693894.315814305
 20
6237546.0183167
  0
LWPOLYLINE
  5
20C5D
100
AcDbEntity
  8
0
100
AcDbPolyline
 70
0
 90
2
 10
693845.075860609
 20
6237485.259917
 10
693857.478361975
 20
6237522.25121282
  0
LWPOLYLINE
  5
20C5E
100
AcDbEntity
  8
0
100
AcDbPolyline
 70
0
 90
2
 10
693861.900687158
 20
6237534.61332948
 10
693875.320848944
 20
6237575.56347289
  0
LWPOLYLINE
  5
20C5F
100
AcDbEntity
  8
0
100
AcDbPolyline
 70
0
 90
2
 10
693866.200657629
 20
6237526.44864195
 10
693910.346213133
 20
6237519.15861567
  0
LWPOLYLINE
  5
20C60
100
AcDbEntity
  8
0
100
AcDbPolyline
 70
0
 90
2
 10
693813.046247884
 20
6237545.27916641
 10
693852.83975439
 20
6237530.35593284
  0
LWPOLYLINE
  5
20C61
100
AcDbEntity
  8
0
100
AcDbPolyline
 70
0
 90
2
 10
694557.422440766
 20
6237926.62371476
 10
694561.519891736
 20
6237918.16059999
  0
LWPOLYLINE
  5
20C62
100
AcDbEntity
  8
0
100
AcDbPolyline
 70
0
 90
2
 10
694494.765458483
 20
6237898.66337346
 10
694557.422440766
 20
6237926.62371476
  0
LWPOLYLINE
  5
20C63
100
AcDbEntity
  8
0
100
AcDbPolyline
 70
0
 90
2
 10
694451.228554135
 20
6237878.89910473
 10
694494.765458483
 20
6237898.66337346
  0
LWPOLYLINE
  5
20C64
100
AcDbEntity
  8
0
100
AcDbPolyline
 70
0
 90
2
 10
694401.684679387
 20
6237855.29452658
 10
694451.228554135
 20
6237878.89910473
  0
LWPOLYLINE
  5
20C65
100
AcDbEntity
  8
0
100
AcDbPolyline
 70
0
 90
2
 10
694380.483851718
 20
6237844.79775674
 10
694401.684679387
 20
6237855.29452658
  0
LWPOLYLINE
  5
20C66
100
AcDbEntity
  8
0
100
AcDbPolyline
 70
0
 90
2
 10
694380.483851718
 20
6237844.79775674
 10
694382.539586391
 20
6237839.86418926
  0
LWPOLYLINE
  5
20C67
100
AcDbEntity
  8
0
100
AcDbPolyline
 70
0
 90
2
 10
694382.539586391
 20
6237839.86418926
 10
694385.251914314
 20
6237834.41434638
  0
LWPOLYLINE
  5
20C68
100
AcDbEntity
  8
0
100
AcDbPolyline
 70
0
 90
2
 10
694385.251914314
 20
6237834.41434638
 10
694405.684093809
 20
6237845.29968708
  0
LWPOLYLINE
  5
20C69
100
AcDbEntity
  8
0
100
AcDbPolyline
 70
0
 90
2
 10
694405.684093809
 20
6237845.29968708
 10
694456.197346299
 20
6237869.56157659
  0
LWPOLYLINE
  5
20C6A
100
AcDbEntity
  8
0
100
AcDbPolyline
 70
0
 90
2
 10
694456.197346299
 20
6237869.56157659
 10
694498.868862224
 20
6237889.3867525
  0
LWPOLYLINE
  5
20C6B
100
AcDbEntity
  8
0
100
AcDbPolyline
 70
0
 90
2
 10
694498.868862224
 20
6237889.3867525
 10
694561.519891736
 20
6237918.16059999
  0
LWPOLYLINE
  5
20C6C
100
AcDbEntity
  8
0
100
AcDbPolyline
 70
0
 90
2
 10
694561.519891736
 20
6237918.16059999
 10
694568.159335206
 20
6237918.46345391
  0
LWPOLYLINE
  5
20C6D
100
AcDbEntity
  8
0
100
AcDbPolyline
 70
0
 90
2
 10
694568.159335206
 20
6237918.46345391
 10
694574.21234909
 20
6237919.92114139
  0
LWPOLYLINE
  5
20C6E
100
AcDbEntity
  8
0
100
AcDbPolyline
 70
0
 90
2
 10
694574.212349088
 20
6237919.92114139
 10
694577.693274194
 20
6237923.61350635
  0
LWPOLYLINE
  5
20C6F
100
AcDbEntity
  8
0
100
AcDbPolyline
 70
0
 90
2
 10
694577.141850188
 20
6237928.62676256
 10
694577.693274194
 20
6237923.61350635
  0
LWPOLYLINE
  5
20C70
100
AcDbEntity
  8
0
100
AcDbPolyline
 70
0
 90
2
 10
694575.135749225
 20
6237932.60387797
 10
694577.141850187
 20
6237928.62676256
  0
LWPOLYLINE
  5
20C71
100
AcDbEntity
  8
0
100
AcDbPolyline
 70
0
 90
2
 10
694570.302498545
 20
6237932.70666322
 10
694575.135749225
 20
6237932.60387797
  0
LWPOLYLINE
  5
20C72
100
AcDbEntity
  8
0
100
AcDbPolyline
 70
0
 90
2
 10
694565.099130049
 20
6237931.39920554
 10
694570.302498543
 20
6237932.70666322
  0
LWPOLYLINE
  5
20C73
100
AcDbEntity
  8
0
100
AcDbPolyline
 70
0
 90
2
 10
694560.771368808
 20
6237929.8084331
 10
694565.099130049
 20
6237931.39920554
  0
LWPOLYLINE
  5
20C74
100
AcDbEntity
  8
0
100
AcDbPolyline
 70
0
 90
2
 10
694557.422440766
 20
6237926.62371476
 10
694560.771368808
 20
6237929.8084331
  0
LWPOLYLINE
  5
20C75
100
AcDbEntity
  8
0
100
AcDbPolyline
 70
0
 90
2
 10
697967.201729942
 20
6235044.21487093
 10
697969.961554733
 20
6235032.38162897
  0
LWPOLYLINE
  5
20C76
100
AcDbEntity
  8
0
100
AcDbPolyline
 70
0
 90
2
 10
697960.092603519
 20
6235055.41170695
 10
697967.201729942
 20
6235044.21487093
  0
LWPOLYLINE
  5
20C77
100
AcDbEntity
  8
0
100
AcDbPolyline
 70
0
 90
2
 10
697952.994648893
 20
6235063.28713335
 10
697960.092603519
 20
6235055.41170695
  0
LWPOLYLINE
  5
20C78
100
AcDbEntity
  8
0
100
AcDbPolyline
 70
0
 90
2
 10
697944.896279069
 20
6235063.40216141
 10
697952.994648893
 20
6235063.28713335
  0
LWPOLYLINE
  5
20C79
100
AcDbEntity
  8
0
100
AcDbPolyline
 70
0
 90
2
 10
697937.657832812
 20
6235063.32297425
 10
697944.896279069
 20
6235063.40216141
  0
LWPOLYLINE
  5
20C7A
100
AcDbEntity
  8
0
100
AcDbPolyline
 70
0
 90
2
 10
697924.436634902
 20
6235058.05043635
 10
697937.657832812
 20
6235063.32297425
  0
LWPOLYLINE
  5
20C7B
100
AcDbEntity
  8
0
100
AcDbPolyline
 70
0
 90
2
 10
697909.600462476
 20
6235047.28543028
 10
697924.436634902
 20
6235058.05043635
  0
LWPOLYLINE
  5
20C7C
100
AcDbEntity
  8
0
100
AcDbPolyline
 70
0
 90
2
 10
697903.4962649
 20
6235035.33112742
 10
697909.600462477
 20
6235047.28543028
  0
LWPOLYLINE
  5
20C7D
100
AcDbEntity
  8
0
100
AcDbPolyline
 70
0
 90
2
 10
697721.253742314
 20
6234994.88367667
 10
697734.651094986
 20
6234992.73954649
  0
LWPOLYLINE
  5
20C7E
100
AcDbEntity
  8
0
100
AcDbPolyline
 70
0
 90
2
 10
697734.651094986
 20
6234992.73954649
 10
697746.257472284
 20
6234992.1177361
  0
LWPOLYLINE
  5
20C7F
100
AcDbEntity
  8
0
100
AcDbPolyline
 70
0
 90
2
 10
697746.257472284
 20
6234992.1177361
 10
697765.06021933
 20
6235002.1406238
  0
LWPOLYLINE
  5
20C80
100
AcDbEntity
  8
0
100
AcDbPolyline
 70
0
 90
2
 10
697765.06021933
 20
6235002.1406238
 10
697782.420124253
 20
6235014.88361603
  0
LWPOLYLINE
  5
20C81
100
AcDbEntity
  8
0
100
AcDbPolyline
 70
0
 90
2
 10
697782.420124251
 20
6235014.88361603
 10
697791.775109199
 20
6235028.80534076
  0
LWPOLYLINE
  5
20C82
100
AcDbEntity
  8
0
100
AcDbPolyline
 70
0
 90
2
 10
693786.266120466
 20
6235700.91239095
 10
693869.65710286
 20
6235767.41060421
  0
LWPOLYLINE
  5
20C83
100
AcDbEntity
  8
0
100
AcDbPolyline
 70
0
 90
2
 10
693782.753251228
 20
6235689.79567353
 10
693786.266120466
 20
6235700.91239095
  0
LWPOLYLINE
  5
20C84
100
AcDbEntity
  8
0
100
AcDbPolyline
 70
0
 90
2
 10
693782.753251228
 20
6235689.79567353
 10
693786.962046025
 20
6235679.56454195
  0
LWPOLYLINE
  5
20C85
100
AcDbEntity
  8
0
100
AcDbPolyline
 70
0
 90
2
 10
693786.962046025
 20
6235679.56454195
 10
693797.433129115
 20
6235673.09549872
  0
LWPOLYLINE
  5
20C86
100
AcDbEntity
  8
0
100
AcDbPolyline
 70
0
 90
2
 10
693797.433129115
 20
6235673.09549872
 10
693814.960117565
 20
6235658.65366368
  0
LWPOLYLINE
  5
20C87
100
AcDbEntity
  8
0
100
AcDbPolyline
 70
0
 90
2
 10
693814.960117565
 20
6235658.65366368
 10
693844.514158912
 20
6235626.86750393
  0
LWPOLYLINE
  5
20C88
100
AcDbEntity
  8
0
100
AcDbPolyline
 70
0
 90
2
 10
693844.514158912
 20
6235626.86750393
 10
693849.001988773
 20
6235622.25590586
  0
LWPOLYLINE
  5
20C89
100
AcDbEntity
  8
0
100
AcDbPolyline
 70
0
 90
2
 10
693849.001988773
 20
6235622.25590586
 10
693870.641178105
 20
6235599.99764982
  0
LWPOLYLINE
  5
20C8A
100
AcDbEntity
  8
0
100
AcDbPolyline
 70
0
 90
2
 10
693870.641178105
 20
6235599.99764982
 10
693878.399448871
 20
6235588.32266231
  0
LWPOLYLINE
  5
20C8B
100
AcDbEntity
  8
0
100
AcDbPolyline
 70
0
 90
2
 10
693878.39944887
 20
6235588.32266231
 10
693886.12108408
 20
6235583.33407347
  0
LWPOLYLINE
  5
20C8C
100
AcDbEntity
  8
0
100
AcDbPolyline
 70
0
 90
2
 10
693886.12108408
 20
6235583.33407347
 10
693896.168948726
 20
6235580.31266575
  0
LWPOLYLINE
  5
20C8D
100
AcDbEntity
  8
0
100
AcDbPolyline
 70
0
 90
2
 10
693896.168948728
 20
6235580.31266575
 10
693906.834470132
 20
6235569.57234233
  0
LWPOLYLINE
  5
20C8E
100
AcDbEntity
  8
0
100
AcDbPolyline
 70
0
 90
2
 10
693906.834470137
 20
6235569.57234233
 10
693925.427606076
 20
6235555.19048587
  0
LWPOLYLINE
  5
20C8F
100
AcDbEntity
  8
0
100
AcDbPolyline
 70
0
 90
2
 10
693925.427606076
 20
6235555.19048587
 10
693934.198849083
 20
6235548.83401987
  0
LWPOLYLINE
  5
20C90
100
AcDbEntity
  8
0
100
AcDbPolyline
 70
0
 90
2
 10
693716.683048272
 20
6235819.5320363
 10
693786.654517568
 20
6235739.40856351
  0
LWPOLYLINE
  5
20C91
100
AcDbEntity
  8
0
100
AcDbPolyline
 70
0
 90
2
 10
693774.241085529
 20
6235788.80470649
 10
693803.455046766
 20
6235752.72254609
  0
LWPOLYLINE
  5
20C92
100
AcDbEntity
  8
0
100
AcDbPolyline
 70
0
 90
2
 10
693681.948228927
 20
6235822.26957821
 10
693770.478332302
 20
6235724.23919746
  0
LWPOLYLINE
  5
20C93
100
AcDbEntity
  8
0
100
AcDbPolyline
 70
0
 90
2
 10
693866.014371482
 20
6235636.92848988
 10
693891.323764027
 20
6235610.28914609
  0
LWPOLYLINE
  5
20C94
100
AcDbEntity
  8
0
100
AcDbPolyline
 70
0
 90
2
 10
693820.853094652
 20
6235682.17333713
 10
693866.014371482
 20
6235636.92848988
  0
LWPOLYLINE
  5
20C95
100
AcDbEntity
  8
0
100
AcDbPolyline
 70
0
 90
2
 10
693577.667191046
 20
6235766.18621229
 10
693620.442882388
 20
6235806.1700289
  0
LWPOLYLINE
  5
20C96
100
AcDbEntity
  8
0
100
AcDbPolyline
 70
0
 90
2
 10
693544.887785751
 20
6235737.98115951
 10
693577.667191046
 20
6235766.18621229
  0
LWPOLYLINE
  5
20C97
100
AcDbEntity
  8
0
100
AcDbPolyline
 70
0
 90
2
 10
693528.202747148
 20
6235723.3358806
 10
693544.887785751
 20
6235737.98115951
  0
LWPOLYLINE
  5
20C98
100
AcDbEntity
  8
0
100
AcDbPolyline
 70
0
 90
2
 10
693517.21116959
 20
6235686.92292049
 10
693528.202747148
 20
6235723.3358806
  0
LWPOLYLINE
  5
20C99
100
AcDbEntity
  8
0
100
AcDbPolyline
 70
0
 90
2
 10
693500.359450246
 20
6235666.49622998
 10
693517.211169589
 20
6235686.92292049
  0
LWPOLYLINE
  5
20C9A
100
AcDbEntity
  8
0
100
AcDbPolyline
 70
0
 90
2
 10
693465.226020732
 20
6235633.48126955
 10
693500.359450245
 20
6235666.49622998
  0
LWPOLYLINE
  5
20C9B
100
AcDbEntity
  8
0
100
AcDbPolyline
 70
0
 90
2
 10
693428.16683775
 20
6235595.67547756
 10
693465.22602074
 20
6235633.48126956
  0
LWPOLYLINE
  5
20C9C
100
AcDbEntity
  8
0
100
AcDbPolyline
 70
0
 90
2
 10
693402.354686779
 20
6235574.40850204
 10
693428.166837749
 20
6235595.67547756
  0
LWPOLYLINE
  5
20C9D
100
AcDbEntity
  8
0
100
AcDbPolyline
 70
0
 90
2
 10
693380.788919396
 20
6235553.9805679
 10
693402.354686779
 20
6235574.40850204
  0
LWPOLYLINE
  5
20C9E
100
AcDbEntity
  8
0
100
AcDbPolyline
 70
0
 90
2
 10
693849.001989178
 20
6235622.25590544
 10
693866.014371487
 20
6235636.92848987
  0
LWPOLYLINE
  5
20C9F
100
AcDbEntity
  8
0
100
AcDbPolyline
 70
0
 90
2
 10
693803.455046765
 20
6235752.72254609
 10
693816.052034444
 20
6235764.25175029
  0
LWPOLYLINE
  5
20CA0
100
AcDbEntity
  8
0
100
AcDbPolyline
 70
0
 90
2
 10
693786.654517566
 20
6235739.40856351
 10
693803.455046765
 20
6235752.72254609
  0
LWPOLYLINE
  5
20CA1
100
AcDbEntity
  8
0
100
AcDbPolyline
 70
0
 90
2
 10
693770.478332302
 20
6235724.23919746
 10
693786.654517566
 20
6235739.40856351
  0
LWPOLYLINE
  5
20CA2
100
AcDbEntity
  8
0
100
AcDbPolyline
 70
0
 90
2
 10
693760.987843006
 20
6235714.99132607
 10
693770.478332302
 20
6235724.23919746
  0
LWPOLYLINE
  5
20CA3
100
AcDbEntity
  8
0
100
AcDbPolyline
 70
0
 90
2
 10
693760.987843006
 20
6235714.99132607
 10
693762.907360714
 20
6235708.13404219
  0
LWPOLYLINE
  5
20CA4
100
AcDbEntity
  8
0
100
AcDbPolyline
 70
0
 90
2
 10
693762.907360714
 20
6235708.13404219
 10
693770.447021973
 20
6235701.26435484
  0
LWPOLYLINE
  5
20CA5
100
AcDbEntity
  8
0
100
AcDbPolyline
 70
0
 90
2
 10
693770.447021973
 20
6235701.26435484
 10
693782.753251228
 20
6235689.79567353
  0
LWPOLYLINE
  5
20CA6
100
AcDbEntity
  8
0
100
AcDbPolyline
 70
0
 90
2
 10
697264.893838276
 20
6234647.58231715
 10
697282.085456973
 20
6234696.83390463
  0
LWPOLYLINE
  5
20CA7
100
AcDbEntity
  8
0
100
AcDbPolyline
 70
0
 90
2
 10
697282.085456973
 20
6234696.83390463
 10
697304.293756329
 20
6234754.05363275
  0
LWPOLYLINE
  5
20CA8
100
AcDbEntity
  8
0
100
AcDbPolyline
 70
0
 90
2
 10
697304.29375633
 20
6234754.05363275
 10
697359.656923762
 20
6234904.68213702
  0
LWPOLYLINE
  5
20CA9
100
AcDbEntity
  8
0
100
AcDbPolyline
 70
0
 90
2
 10
697359.656923762
 20
6234904.68213702
 10
697394.498400495
 20
6234999.33956885
  0
LWPOLYLINE
  5
20CAA
100
AcDbEntity
  8
0
100
AcDbPolyline
 70
0
 90
2
 10
697394.498400495
 20
6234999.33956885
 10
697399.688508163
 20
6235012.28748918
  0
LWPOLYLINE
  5
20CAB
100
AcDbEntity
  8
0
100
AcDbPolyline
 70
0
 90
2
 10
694744.388021776
 20
6238783.27270583
 10
694747.055729988
 20
6238794.01760885
  0
LWPOLYLINE
  5
20CAC
100
AcDbEntity
  8
0
100
AcDbPolyline
 70
0
 90
2
 10
694738.188267455
 20
6238769.70237508
 10
694744.388021776
 20
6238783.27270583
  0
LWPOLYLINE
  5
20CAD
100
AcDbEntity
  8
0
100
AcDbPolyline
 70
0
 90
2
 10
694737.135697414
 20
6238756.19990867
 10
694738.188267455
 20
6238769.70237508
  0
LWPOLYLINE
  5
20CAE
100
AcDbEntity
  8
0
100
AcDbPolyline
 70
0
 90
2
 10
694733.005488087
 20
6238741.06320279
 10
694737.135697414
 20
6238756.19990867
  0
LWPOLYLINE
  5
20CAF
100
AcDbEntity
  8
0
100
AcDbPolyline
 70
0
 90
2
 10
694727.65148246
 20
6238723.37369689
 10
694733.005488087
 20
6238741.06320279
  0
LWPOLYLINE
  5
20CB0
100
AcDbEntity
  8
0
100
AcDbPolyline
 70
0
 90
2
 10
694718.27704435
 20
6238702.68043316
 10
694727.65148246
 20
6238723.37369689
  0
LWPOLYLINE
  5
20CB1
100
AcDbEntity
  8
0
100
AcDbPolyline
 70
0
 90
2
 10
694703.368292571
 20
6238679.2487306
 10
694718.27704435
 20
6238702.68043316
  0
LWPOLYLINE
  5
20CB2
100
AcDbEntity
  8
0
100
AcDbPolyline
 70
0
 90
2
 10
694692.540564457
 20
6238664.96557088
 10
694703.368292571
 20
6238679.2487306
  0
LWPOLYLINE
  5
20CB3
100
AcDbEntity
  8
0
100
AcDbPolyline
 70
0
 90
2
 10
694682.020158897
 20
6238654.68708635
 10
694692.540564457
 20
6238664.96557088
  0
LWPOLYLINE
  5
20CB4
100
AcDbEntity
  8
0
100
AcDbPolyline
 70
0
 90
2
 10
694676.410228151
 20
6238653.60610359
 10
694682.020158897
 20
6238654.68708635
  0
LWPOLYLINE
  5
20CB5
100
AcDbEntity
  8
0
100
AcDbPolyline
 70
0
 90
2
 10
694670.801522901
 20
6238656.98396832
 10
694676.410228151
 20
6238653.60610359
  0
LWPOLYLINE
  5
20CB6
100
AcDbEntity
  8
0
100
AcDbPolyline
 70
0
 90
2
 10
694467.046919651
 20
6238765.48804199
 10
694499.86272223
 20
6238831.40285094
  0
LWPOLYLINE
  5
20CB7
100
AcDbEntity
  8
0
100
AcDbPolyline
 70
0
 90
2
 10
694499.862722231
 20
6238831.40285094
 10
694513.580535861
 20
6238840.82352082
  0
LWPOLYLINE
  5
20CB8
100
AcDbEntity
  8
0
100
AcDbPolyline
 70
0
 90
2
 10
694513.58053586
 20
6238840.82352082
 10
694541.434617571
 20
6238886.93837217
  0
LWPOLYLINE
  5
20CB9
100
AcDbEntity
  8
0
100
AcDbPolyline
 70
0
 90
2
 10
694541.434617571
 20
6238886.93837217
 10
694565.656389202
 20
6238928.74103928
  0
LWPOLYLINE
  5
20CBA
100
AcDbEntity
  8
0
100
AcDbPolyline
 70
0
 90
2
 10
694565.656389203
 20
6238928.74103928
 10
694585.859574497
 20
6238945.603104
  0
LWPOLYLINE
  5
20CBB
100
AcDbEntity
  8
0
100
AcDbPolyline
 70
0
 90
2
 10
697880.7658467
 20
6237342.99355265
 10
697884.140019673
 20
6237377.31709425
  0
LWPOLYLINE
  5
20CBC
100
AcDbEntity
  8
0
100
AcDbPolyline
 70
0
 90
2
 10
697875.460987359
 20
6237309.20473236
 10
697880.7658467
 20
6237342.99355265
  0
LWPOLYLINE
  5
20CBD
100
AcDbEntity
  8
0
100
AcDbPolyline
 70
0
 90
2
 10
697874.067141718
 20
6237286.78938643
 10
697875.460987359
 20
6237309.20473236
  0
LWPOLYLINE
  5
20CBE
100
AcDbEntity
  8
0
100
AcDbPolyline
 70
0
 90
2
 10
697873.17356596
 20
6237249.16978792
 10
697874.067141718
 20
6237286.78938643
  0
LWPOLYLINE
  5
20CBF
100
AcDbEntity
  8
0
100
AcDbPolyline
 70
0
 90
2
 10
697873.17356596
 20
6237249.16978792
 10
697874.682427696
 20
6237211.81767974
  0
LWPOLYLINE
  5
20CC0
100
AcDbEntity
  8
0
100
AcDbPolyline
 70
0
 90
2
 10
697874.682427696
 20
6237211.81767974
 10
697875.535433643
 20
6237201.32287366
  0
LWPOLYLINE
  5
20CC1
100
AcDbEntity
  8
0
100
AcDbPolyline
 70
0
 90
2
 10
697875.535433643
 20
6237201.32287366
 10
697876.429126326
 20
6237187.54144854
  0
LWPOLYLINE
  5
20CC2
100
AcDbEntity
  8
0
100
AcDbPolyline
 70
0
 90
2
 10
697876.429126326
 20
6237187.54144854
 10
697879.739823373
 20
6237175.32129417
  0
LWPOLYLINE
  5
20CC3
100
AcDbEntity
  8
0
100
AcDbPolyline
 70
0
 90
2
 10
697879.739823373
 20
6237175.32129417
 10
697883.344710148
 20
6237160.50627583
  0
LWPOLYLINE
  5
20CC4
100
AcDbEntity
  8
0
100
AcDbPolyline
 70
0
 90
2
 10
697883.344710148
 20
6237160.50627583
 10
697884.948018286
 20
6237157.39245839
  0
LWPOLYLINE
  5
20CC5
100
AcDbEntity
  8
0
100
AcDbPolyline
 70
0
 90
2
 10
697884.948018286
 20
6237157.39245839
 10
697887.61411888
 20
6237149.96926997
  0
LWPOLYLINE
  5
20CC6
100
AcDbEntity
  8
0
100
AcDbPolyline
 70
0
 90
2
 10
697887.61411888
 20
6237149.96926997
 10
697890.074183867
 20
6237140.02834357
  0
LWPOLYLINE
  5
20CC7
100
AcDbEntity
  8
0
100
AcDbPolyline
 70
0
 90
2
 10
697890.074183867
 20
6237140.02834357
 10
697893.909926912
 20
6237127.06337244
  0
LWPOLYLINE
  5
20CC8
100
AcDbEntity
  8
0
100
AcDbPolyline
 70
0
 90
2
 10
697893.909926912
 20
6237127.06337244
 10
697900.339223434
 20
6237113.72821089
  0
LWPOLYLINE
  5
20CC9
100
AcDbEntity
  8
0
100
AcDbPolyline
 70
0
 90
2
 10
697900.339223434
 20
6237113.72821089
 10
697901.190341044
 20
6237107.95985094
  0
LWPOLYLINE
  5
20CCA
100
AcDbEntity
  8
0
100
AcDbPolyline
 70
0
 90
2
 10
697899.021428608
 20
6237099.44290248
 10
697901.190341044
 20
6237107.95985094
  0
LWPOLYLINE
  5
20CCB
100
AcDbEntity
  8
0
100
AcDbPolyline
 70
0
 90
2
 10
694044.700499171
 20
6237742.51947317
 10
694104.406356236
 20
6237774.87534945
  0
LWPOLYLINE
  5
20CCC
100
AcDbEntity
  8
0
100
AcDbPolyline
 70
0
 90
2
 10
696188.478356728
 20
6233036.46161932
 10
696284.885427029
 20
6233159.65083613
  0
LWPOLYLINE
  5
20CCD
100
AcDbEntity
  8
0
100
AcDbPolyline
 70
0
 90
2
 10
694849.949728612
 20
6235515.53866169
 10
694850.212697285
 20
6235497.8047762
  0
LWPOLYLINE
  5
20CCE
100
AcDbEntity
  8
0
100
AcDbPolyline
 70
0
 90
2
 10
694849.754228667
 20
6235493.29164347
 10
694850.212697285
 20
6235497.8047762
  0
LWPOLYLINE
  5
20CCF
100
AcDbEntity
  8
0
100
AcDbPolyline
 70
0
 90
2
 10
694849.754228667
 20
6235493.29164347
 10
694849.935487203
 20
6235489.32046831
  0
LWPOLYLINE
  5
20CD0
100
AcDbEntity
  8
0
100
AcDbPolyline
 70
0
 90
2
 10
694849.935487203
 20
6235489.32046831
 10
694850.673944943
 20
6235484.0259491
  0
LWPOLYLINE
  5
20CD1
100
AcDbEntity
  8
0
100
AcDbPolyline
 70
0
 90
2
 10
694850.673944943
 20
6235484.0259491
 10
694852.567124084
 20
6235475.47350228
  0
LWPOLYLINE
  5
20CD2
100
AcDbEntity
  8
0
100
AcDbPolyline
 70
0
 90
2
 10
694852.567124084
 20
6235475.47350228
 10
694856.680344598
 20
6235459.64313101
  0
LWPOLYLINE
  5
20CD3
100
AcDbEntity
  8
0
100
AcDbPolyline
 70
0
 90
2
 10
694856.680344598
 20
6235459.64313101
 10
694862.756616811
 20
6235442.02968512
  0
LWPOLYLINE
  5
20CD4
100
AcDbEntity
  8
0
100
AcDbPolyline
 70
0
 90
2
 10
694862.756616812
 20
6235442.02968512
 10
694871.457057154
 20
6235436.0396493
  0
LWPOLYLINE
  5
20CD5
100
AcDbEntity
  8
0
100
AcDbPolyline
 70
0
 90
2
 10
694893.081201422
 20
6235496.41759145
 10
694899.5404965
 20
6235514.75935885
  0
LWPOLYLINE
  5
20CD6
100
AcDbEntity
  8
0
100
AcDbPolyline
 70
0
 90
2
 10
694899.5404965
 20
6235514.75935885
 10
694904.592258252
 20
6235526.66083276
  0
LWPOLYLINE
  5
20CD7
100
AcDbEntity
  8
0
100
AcDbPolyline
 70
0
 90
2
 10
694904.592258253
 20
6235526.66083276
 10
694908.390580792
 20
6235539.76468767
  0
LWPOLYLINE
  5
20CD8
100
AcDbEntity
  8
0
100
AcDbPolyline
 70
0
 90
2
 10
694908.390580792
 20
6235539.76468767
 10
694912.10394865
 20
6235553.23251747
  0
LWPOLYLINE
  5
20CD9
100
AcDbEntity
  8
0
100
AcDbPolyline
 70
0
 90
2
 10
694912.10394865
 20
6235553.23251747
 10
694917.726655058
 20
6235566.3639503
  0
LWPOLYLINE
  5
20CDA
100
AcDbEntity
  8
0
100
AcDbPolyline
 70
0
 90
2
 10
694799.840215913
 20
6235786.77462969
 10
694807.851406135
 20
6235786.48257129
  0
LWPOLYLINE
  5
20CDB
100
AcDbEntity
  8
0
100
AcDbPolyline
 70
0
 90
2
 10
694807.851406135
 20
6235786.48257129
 10
694811.932900046
 20
6235784.67354785
  0
LWPOLYLINE
  5
20CDC
100
AcDbEntity
  8
0
100
AcDbPolyline
 70
0
 90
2
 10
694811.932900046
 20
6235784.67354785
 10
694816.044351226
 20
6235782.20822731
  0
LWPOLYLINE
  5
20CDD
100
AcDbEntity
  8
0
100
AcDbPolyline
 70
0
 90
2
 10
694816.044351226
 20
6235782.20822731
 10
694819.8369282
 20
6235779.38280227
  0
LWPOLYLINE
  5
20CDE
100
AcDbEntity
  8
0
100
AcDbPolyline
 70
0
 90
2
 10
694819.8369282
 20
6235779.38280227
 10
694825.271395949
 20
6235775.68483154
  0
LWPOLYLINE
  5
20CDF
100
AcDbEntity
  8
0
100
AcDbPolyline
 70
0
 90
2
 10
694825.271395949
 20
6235775.68483154
 10
694830.830797524
 20
6235770.6103517
  0
LWPOLYLINE
  5
20CE0
100
AcDbEntity
  8
0
100
AcDbPolyline
 70
0
 90
2
 10
694830.830797524
 20
6235770.6103517
 10
694835.081415643
 20
6235766.45706834
  0
LWPOLYLINE
  5
20CE1
100
AcDbEntity
  8
0
100
AcDbPolyline
 70
0
 90
2
 10
694835.081415644
 20
6235766.45706834
 10
694836.924105833
 20
6235763.49806831
  0
LWPOLYLINE
  5
20CE2
100
AcDbEntity
  8
0
100
AcDbPolyline
 70
0
 90
2
 10
694834.268626227
 20
6235747.80461586
 10
694836.924105834
 20
6235763.49806831
  0
LWPOLYLINE
  5
20CE3
100
AcDbEntity
  8
0
100
AcDbPolyline
 70
0
 90
2
 10
694834.26451416
 20
6235739.1878607
 10
694834.268626227
 20
6235747.80461586
  0
LWPOLYLINE
  5
20CE4
100
AcDbEntity
  8
0
100
AcDbPolyline
 70
0
 90
2
 10
694834.26451416
 20
6235739.1878607
 10
694836.638108206
 20
6235730.99174714
  0
LWPOLYLINE
  5
20CE5
100
AcDbEntity
  8
0
100
AcDbPolyline
 70
0
 90
2
 10
694836.638108206
 20
6235730.99174714
 10
694839.608369827
 20
6235725.77680248
  0
LWPOLYLINE
  5
20CE6
100
AcDbEntity
  8
0
100
AcDbPolyline
 70
0
 90
2
 10
694836.624422545
 20
6235709.38839605
 10
694839.608369827
 20
6235725.77680248
  0
LWPOLYLINE
  5
20CE7
100
AcDbEntity
  8
0
100
AcDbPolyline
 70
0
 90
2
 10
694825.128636889
 20
6235668.06599124
 10
694836.624422545
 20
6235709.38839605
  0
LWPOLYLINE
  5
20CE8
100
AcDbEntity
  8
0
100
AcDbPolyline
 70
0
 90
2
 10
694773.603020809
 20
6235510.68351175
 10
694827.296955363
 20
6235495.92285945
  0
LWPOLYLINE
  5
20CE9
100
AcDbEntity
  8
0
100
AcDbPolyline
 70
0
 90
2
 10
694773.603020809
 20
6235510.68351175
 10
694779.709195485
 20
6235533.09986608
  0
LWPOLYLINE
  5
20CEA
100
AcDbEntity
  8
0
100
AcDbPolyline
 70
0
 90
2
 10
694779.709195485
 20
6235533.09986608
 10
694813.066030107
 20
6235524.17734122
  0
LWPOLYLINE
  5
20CEB
100
AcDbEntity
  8
0
100
AcDbPolyline
 70
0
 90
2
 10
694813.066030107
 20
6235524.17734122
 10
694819.63251674
 20
6235524.80027124
  0
LWPOLYLINE
  5
20CEC
100
AcDbEntity
  8
0
100
AcDbPolyline
 70
0
 90
2
 10
694819.63251674
 20
6235524.80027124
 10
694822.926744411
 20
6235527.592429
  0
LWPOLYLINE
  5
20CED
100
AcDbEntity
  8
0
100
AcDbPolyline
 70
0
 90
2
 10
694822.926744408
 20
6235527.592429
 10
694824.390598905
 20
6235529.39815447
  0
LWPOLYLINE
  5
20CEE
100
AcDbEntity
  8
0
100
AcDbPolyline
 70
0
 90
2
 10
694705.862762401
 20
6235532.79645259
 10
694718.795041782
 20
6235574.51835664
  0
LWPOLYLINE
  5
20CEF
100
AcDbEntity
  8
0
100
AcDbPolyline
 70
0
 90
2
 10
694930.591075483
 20
6235803.43354896
 10
694947.023544695
 20
6235802.30017433
  0
LWPOLYLINE
  5
20CF0
100
AcDbEntity
  8
0
100
AcDbPolyline
 70
0
 90
2
 10
694791.702060034
 20
6235835.15983492
 10
694930.591075483
 20
6235803.43354896
  0
LWPOLYLINE
  5
20CF1
100
AcDbEntity
  8
0
100
AcDbPolyline
 70
0
 90
2
 10
694791.702060034
 20
6235835.15983492
 10
694793.834420264
 20
6235849.39143229
  0
LWPOLYLINE
  5
20CF2
100
AcDbEntity
  8
0
100
AcDbPolyline
 70
0
 90
2
 10
694947.023544695
 20
6235802.30017433
 10
694947.76133109
 20
6235813.20213528
  0
LWPOLYLINE
  5
20CF3
100
AcDbEntity
  8
0
100
AcDbPolyline
 70
0
 90
2
 10
694947.023544695
 20
6235802.30017433
 10
694970.298228497
 20
6235798.87100089
  0
LWPOLYLINE
  5
20CF4
100
AcDbEntity
  8
0
100
AcDbPolyline
 70
0
 90
2
 10
694970.298228497
 20
6235798.87100089
 10
694988.947393396
 20
6235792.71144175
  0
LWPOLYLINE
  5
20CF5
100
AcDbEntity
  8
0
100
AcDbPolyline
 70
0
 90
2
 10
694988.947393396
 20
6235792.71144175
 10
694993.006879067
 20
6235788.25975456
  0
LWPOLYLINE
  5
20CF6
100
AcDbEntity
  8
0
100
AcDbPolyline
 70
0
 90
2
 10
694993.006879068
 20
6235788.25975456
 10
695000.343506658
 20
6235786.96745593
  0
LWPOLYLINE
  5
20CF7
100
AcDbEntity
  8
0
100
AcDbPolyline
 70
0
 90
2
 10
694863.476046181
 20
6235508.57617401
 10
694881.743887919
 20
6235574.45237012
  0
LWPOLYLINE
  5
20CF8
100
AcDbEntity
  8
0
100
AcDbPolyline
 70
0
 90
2
 10
694826.545166648
 20
6235560.5629285
 10
694832.72370469
 20
6235582.88236413
  0
LWPOLYLINE
  5
20CF9
100
AcDbEntity
  8
0
100
AcDbPolyline
 70
0
 90
2
 10
694815.305315532
 20
6235563.1488069
 10
694826.545166648
 20
6235560.5629285
  0
LWPOLYLINE
  5
20CFA
100
AcDbEntity
  8
0
100
AcDbPolyline
 70
0
 90
2
 10
694810.717651379
 20
6235544.74768826
 10
694815.305315532
 20
6235563.1488069
  0
LWPOLYLINE
  5
20CFB
100
AcDbEntity
  8
0
100
AcDbPolyline
 70
0
 90
2
 10
694718.795041782
 20
6235574.51835664
 10
694756.462227385
 20
6235565.56909659
  0
LWPOLYLINE
  5
20CFC
100
AcDbEntity
  8
0
100
AcDbPolyline
 70
0
 90
2
 10
694759.8590281
 20
6235564.88805208
 10
694798.924102387
 20
6235557.01729968
  0
LWPOLYLINE
  5
20CFD
100
AcDbEntity
  8
0
100
AcDbPolyline
 70
0
 90
2
 10
696936.835313825
 20
6232381.16862034
 10
697005.606862453
 20
6232326.19456597
  0
LWPOLYLINE
  5
20CFE
100
AcDbEntity
  8
0
100
AcDbPolyline
 70
0
 90
2
 10
696886.356816206
 20
6232416.55363713
 10
696936.835313825
 20
6232381.16862034
  0
LWPOLYLINE
  5
20CFF
100
AcDbEntity
  8
0
100
AcDbPolyline
 70
0
 90
2
 10
696226.987369455
 20
6232370.36370061
 10
696476.229072381
 20
6232276.12968067
  0
LWPOLYLINE
  5
20D00
100
AcDbEntity
  8
0
100
AcDbPolyline
 70
0
 90
2
 10
696476.229072381
 20
6232276.12968067
 10
696495.563766699
 20
6232268.82548783
  0
LWPOLYLINE
  5
20D01
100
AcDbEntity
  8
0
100
AcDbPolyline
 70
0
 90
2
 10
696495.563766699
 20
6232268.82548783
 10
696659.897730845
 20
6232227.5042536
  0
LWPOLYLINE
  5
20D02
100
AcDbEntity
  8
0
100
AcDbPolyline
 70
0
 90
2
 10
696659.897730845
 20
6232227.5042536
 10
696752.058231145
 20
6232211.46945206
  0
LWPOLYLINE
  5
20D03
100
AcDbEntity
  8
0
100
AcDbPolyline
 70
0
 90
2
 10
696752.058231145
 20
6232211.46945206
 10
696825.787124746
 20
6232198.64525384
  0
LWPOLYLINE
  5
20D04
100
AcDbEntity
  8
0
100
AcDbPolyline
 70
0
 90
2
 10
696825.787124746
 20
6232198.64525384
 10
696909.347240151
 20
6232168.04959423
  0
LWPOLYLINE
  5
20D05
100
AcDbEntity
  8
0
100
AcDbPolyline
 70
0
 90
2
 10
695859.551448268
 20
6232085.45573454
 10
695882.655162185
 20
6232146.83104324
  0
LWPOLYLINE
  5
20D06
100
AcDbEntity
  8
0
100
AcDbPolyline
 70
0
 90
2
 10
695837.164899924
 20
6232070.94201339
 10
695859.551448268
 20
6232085.45573454
  0
LWPOLYLINE
  5
20D07
100
AcDbEntity
  8
0
100
AcDbPolyline
 70
0
 90
2
 10
695811.402952836
 20
6232008.68724766
 10
695837.164899924
 20
6232070.94201339
  0
LWPOLYLINE
  5
20D08
100
AcDbEntity
  8
0
100
AcDbPolyline
 70
0
 90
2
 10
695737.482834244
 20
6232043.36821932
 10
695811.402952836
 20
6232008.68724766
  0
LWPOLYLINE
  5
20D09
100
AcDbEntity
  8
0
100
AcDbPolyline
 70
0
 90
2
 10
695721.94393699
 20
6232035.52253276
 10
695737.482834244
 20
6232043.36821932
  0
LWPOLYLINE
  5
20D0A
100
AcDbEntity
  8
0
100
AcDbPolyline
 70
0
 90
2
 10
695661.185493178
 20
6232060.49654763
 10
695721.94393699
 20
6232035.52253276
  0
LWPOLYLINE
  5
20D0B
100
AcDbEntity
  8
0
100
AcDbPolyline
 70
0
 90
2
 10
695624.55643093
 20
6232089.90870345
 10
695661.185493178
 20
6232060.49654763
  0
LWPOLYLINE
  5
20D0C
100
AcDbEntity
  8
0
100
AcDbPolyline
 70
0
 90
2
 10
695608.903638718
 20
6232098.94586316
 10
695624.55643093
 20
6232089.90870345
  0
LWPOLYLINE
  5
20D0D
100
AcDbEntity
  8
0
100
AcDbPolyline
 70
0
 90
2
 10
696187.683875412
 20
6232216.61349928
 10
696226.987369455
 20
6232370.36370061
  0
LWPOLYLINE
  5
20D0E
100
AcDbEntity
  8
0
100
AcDbPolyline
 70
0
 90
2
 10
696476.229072602
 20
6232276.12968059
 10
696483.798882494
 20
6232341.82211151
  0
LWPOLYLINE
  5
20D0F
100
AcDbEntity
  8
0
100
AcDbPolyline
 70
0
 90
2
 10
697703.547044265
 20
6235277.46406309
 10
697734.805247822
 20
6235236.84137705
  0
LWPOLYLINE
  5
20D10
100
AcDbEntity
  8
0
100
AcDbPolyline
 70
0
 90
2
 10
697685.691291162
 20
6235285.77809892
 10
697703.547044265
 20
6235277.46406309
  0
LWPOLYLINE
  5
20D11
100
AcDbEntity
  8
0
100
AcDbPolyline
 70
0
 90
2
 10
697677.0506502
 20
6235294.53002312
 10
697685.691291163
 20
6235285.77809892
  0
LWPOLYLINE
  5
20D12
100
AcDbEntity
  8
0
100
AcDbPolyline
 70
0
 90
2
 10
697677.050650199
 20
6235294.53002312
 10
697681.127312572
 20
6235309.63400331
  0
LWPOLYLINE
  5
20D13
100
AcDbEntity
  8
0
100
AcDbPolyline
 70
0
 90
2
 10
697676.371181843
 20
6235316.44778859
 10
697681.127312573
 20
6235309.63400331
  0
LWPOLYLINE
  5
20D14
100
AcDbEntity
  8
0
100
AcDbPolyline
 70
0
 90
2
 10
697602.082610081
 20
6235309.26316847
 10
697676.371181843
 20
6235316.44778859
  0
LWPOLYLINE
  5
20D15
100
AcDbEntity
  8
0
100
AcDbPolyline
 70
0
 90
2
 10
698065.69685026
 20
6235059.49557272
 10
698083.433956596
 20
6235063.81873013
  0
LWPOLYLINE
  5
20D16
100
AcDbEntity
  8
0
100
AcDbPolyline
 70
0
 90
2
 10
698041.390257488
 20
6235058.74708257
 10
698065.69685026
 20
6235059.49557272
  0
LWPOLYLINE
  5
20D17
100
AcDbEntity
  8
0
100
AcDbPolyline
 70
0
 90
2
 10
698017.148725354
 20
6235067.44363945
 10
698041.390257488
 20
6235058.74708257
  0
LWPOLYLINE
  5
20D18
100
AcDbEntity
  8
0
100
AcDbPolyline
 70
0
 90
2
 10
697990.114848748
 20
6235087.33664519
 10
698017.148725354
 20
6235067.44363945
  0
LWPOLYLINE
  5
20D19
100
AcDbEntity
  8
0
100
AcDbPolyline
 70
0
 90
2
 10
697968.507631015
 20
6235104.46046595
 10
697990.114848748
 20
6235087.33664519
  0
LWPOLYLINE
  5
20D1A
100
AcDbEntity
  8
0
100
AcDbPolyline
 70
0
 90
2
 10
697942.829100934
 20
6235119.51171208
 10
697968.507631015
 20
6235104.46046595
  0
LWPOLYLINE
  5
20D1B
100
AcDbEntity
  8
0
100
AcDbPolyline
 70
0
 90
2
 10
697933.674821059
 20
6235129.27607173
 10
697942.829100934
 20
6235119.51171208
  0
LWPOLYLINE
  5
20D1C
100
AcDbEntity
  8
0
100
AcDbPolyline
 70
0
 90
2
 10
697933.67482106
 20
6235129.27607173
 10
697933.959082334
 20
6235139.48915626
  0
LWPOLYLINE
  5
20D1D
100
AcDbEntity
  8
0
100
AcDbPolyline
 70
0
 90
2
 10
697933.959082333
 20
6235139.48915626
 10
697942.978824333
 20
6235148.97019018
  0
LWPOLYLINE
  5
20D1E
100
AcDbEntity
  8
0
100
AcDbPolyline
 70
0
 90
2
 10
697942.97882433
 20
6235148.97019018
 10
697970.678942272
 20
6235172.29302064
  0
LWPOLYLINE
  5
20D1F
100
AcDbEntity
  8
0
100
AcDbPolyline
 70
0
 90
2
 10
697970.678942272
 20
6235172.29302064
 10
698020.766607762
 20
6235210.93424504
  0
LWPOLYLINE
  5
20D20
100
AcDbEntity
  8
0
100
AcDbPolyline
 70
0
 90
2
 10
697691.808439548
 20
6235420.71081814
 10
697778.333735522
 20
6235348.18032012
  0
LWPOLYLINE
  5
20D21
100
AcDbEntity
  8
0
100
AcDbPolyline
 70
0
 90
2
 10
697685.328102762
 20
6235432.43878039
 10
697691.808439547
 20
6235420.71081814
  0
LWPOLYLINE
  5
20D22
100
AcDbEntity
  8
0
100
AcDbPolyline
 70
0
 90
2
 10
697685.328102762
 20
6235432.43878039
 10
697689.551583275
 20
6235441.95358594
  0
LWPOLYLINE
  5
20D23
100
AcDbEntity
  8
0
100
AcDbPolyline
 70
0
 90
2
 10
697689.551583274
 20
6235441.95358594
 10
697766.807008858
 20
6235524.06535614
  0
LWPOLYLINE
  5
20D24
100
AcDbEntity
  8
0
100
AcDbPolyline
 70
0
 90
2
 10
697941.616347859
 20
6235394.83076689
 10
697977.965434605
 20
6235377.18659503
  0
LWPOLYLINE
  5
20D25
100
AcDbEntity
  8
0
100
AcDbPolyline
 70
0
 90
2
 10
697977.965434605
 20
6235377.18659503
 10
698023.467308969
 20
6235361.19346975
  0
LWPOLYLINE
  5
20D26
100
AcDbEntity
  8
0
100
AcDbPolyline
 70
0
 90
2
 10
698023.467308969
 20
6235361.19346975
 10
698087.54429118
 20
6235336.79908759
  0
LWPOLYLINE
  5
20D27
100
AcDbEntity
  8
0
100
AcDbPolyline
 70
0
 90
2
 10
698087.54429118
 20
6235336.79908759
 10
698120.245397539
 20
6235323.64643596
  0
LWPOLYLINE
  5
20D28
100
AcDbEntity
  8
0
100
AcDbPolyline
 70
0
 90
2
 10
698120.245397539
 20
6235323.64643596
 10
698132.062155857
 20
6235318.74371048
  0
LWPOLYLINE
  5
20D29
100
AcDbEntity
  8
0
100
AcDbPolyline
 70
0
 90
2
 10
698132.062155857
 20
6235318.74371048
 10
698147.926312549
 20
6235310.94101315
  0
LWPOLYLINE
  5
20D2A
100
AcDbEntity
  8
0
100
AcDbPolyline
 70
0
 90
2
 10
698147.926312549
 20
6235310.94101315
 10
698166.758049528
 20
6235302.49579238
  0
LWPOLYLINE
  5
20D2B
100
AcDbEntity
  8
0
100
AcDbPolyline
 70
0
 90
2
 10
698166.75804953
 20
6235302.49579238
 10
698173.465629688
 20
6235293.93374647
  0
LWPOLYLINE
  5
20D2C
100
AcDbEntity
  8
0
100
AcDbPolyline
 70
0
 90
2
 10
698173.465629688
 20
6235293.93374647
 10
698178.673889457
 20
6235276.72969558
  0
LWPOLYLINE
  5
20D2D
100
AcDbEntity
  8
0
100
AcDbPolyline
 70
0
 90
2
 10
698175.211322053
 20
6235252.71335138
 10
698178.673889457
 20
6235276.72969558
  0
LWPOLYLINE
  5
20D2E
100
AcDbEntity
  8
0
100
AcDbPolyline
 70
0
 90
2
 10
698157.190810433
 20
6235234.04094051
 10
698175.211322052
 20
6235252.71335138
  0
LWPOLYLINE
  5
20D2F
100
AcDbEntity
  8
0
100
AcDbPolyline
 70
0
 90
2
 10
698110.563350198
 20
6235196.61758876
 10
698157.190810437
 20
6235234.04094051
  0
LWPOLYLINE
  5
20D30
100
AcDbEntity
  8
0
100
AcDbPolyline
 70
0
 90
2
 10
698073.594952708
 20
6235169.59758903
 10
698110.563350198
 20
6235196.61758876
  0
LWPOLYLINE
  5
20D31
100
AcDbEntity
  8
0
100
AcDbPolyline
 70
0
 90
2
 10
698046.391716365
 20
6235147.62365323
 10
698073.594952708
 20
6235169.59758903
  0
LWPOLYLINE
  5
20D32
100
AcDbEntity
  8
0
100
AcDbPolyline
 70
0
 90
2
 10
697501.364035189
 20
6234864.03655726
 10
697531.719429749
 20
6234950.48396974
  0
LWPOLYLINE
  5
20D33
100
AcDbEntity
  8
0
100
AcDbPolyline
 70
0
 90
2
 10
697465.566150102
 20
6234760.26003016
 10
697501.36403519
 20
6234864.03655726
  0
LWPOLYLINE
  5
20D34
100
AcDbEntity
  8
0
100
AcDbPolyline
 70
0
 90
2
 10
697432.749350451
 20
6234665.04916083
 10
697465.566150102
 20
6234760.26003016
  0
LWPOLYLINE
  5
20D35
100
AcDbEntity
  8
0
100
AcDbPolyline
 70
0
 90
2
 10
697411.562104037
 20
6234602.02354635
 10
697432.749350451
 20
6234665.04916083
  0
LWPOLYLINE
  5
20D36
100
AcDbEntity
  8
0
100
AcDbPolyline
 70
0
 90
2
 10
697399.716328607
 20
6234583.75168215
 10
697411.562104037
 20
6234602.02354635
  0
LWPOLYLINE
  5
20D37
100
AcDbEntity
  8
0
100
AcDbPolyline
 70
0
 90
2
 10
697972.132005211
 20
6236028.66341696
 10
697989.087772107
 20
6236016.74579934
  0
LWPOLYLINE
  5
20D38
100
AcDbEntity
  8
0
100
AcDbPolyline
 70
0
 90
2
 10
697989.087772107
 20
6236016.74579934
 10
697993.898752668
 20
6236013.36432877
  0
LWPOLYLINE
  5
20D39
100
AcDbEntity
  8
0
100
AcDbPolyline
 70
0
 90
2
 10
697993.898752668
 20
6236013.36432877
 10
698024.123197879
 20
6235997.26494479
  0
LWPOLYLINE
  5
20D3A
100
AcDbEntity
  8
0
100
AcDbPolyline
 70
0
 90
2
 10
698024.123197879
 20
6235997.26494479
 10
698059.123366107
 20
6235987.1840526
  0
LWPOLYLINE
  5
20D3B
100
AcDbEntity
  8
0
100
AcDbPolyline
 70
0
 90
2
 10
697892.975539937
 20
6235538.70755714
 10
697916.722103338
 20
6235498.42912024
  0
LWPOLYLINE
  5
20D3C
100
AcDbEntity
  8
0
100
AcDbPolyline
 70
0
 90
2
 10
697916.722103338
 20
6235498.42912024
 10
697929.570750141
 20
6235473.129306
  0
LWPOLYLINE
  5
20D3D
100
AcDbEntity
  8
0
100
AcDbPolyline
 70
0
 90
2
 10
697929.570750141
 20
6235473.129306
 10
697936.326002807
 20
6235462.18359197
  0
LWPOLYLINE
  5
20D3E
100
AcDbEntity
  8
0
100
AcDbPolyline
 70
0
 90
2
 10
697936.003703953
 20
6235444.62256739
 10
697936.326002807
 20
6235462.18359197
  0
LWPOLYLINE
  5
20D3F
100
AcDbEntity
  8
0
100
AcDbPolyline
 70
0
 90
2
 10
697936.003703953
 20
6235444.62256739
 10
697937.947845325
 20
6235415.81852745
  0
LWPOLYLINE
  5
20D40
100
AcDbEntity
  8
0
100
AcDbPolyline
 70
0
 90
2
 10
697937.947845325
 20
6235415.81852745
 10
697941.616347859
 20
6235394.83076689
  0
LWPOLYLINE
  5
20D41
100
AcDbEntity
  8
0
100
AcDbPolyline
 70
0
 90
2
 10
697903.100058905
 20
6235361.02965672
 10
697941.616347859
 20
6235394.83076689
  0
LWPOLYLINE
  5
20D42
100
AcDbEntity
  8
0
100
AcDbPolyline
 70
0
 90
2
 10
697821.828667068
 20
6235459.38455962
 10
697846.602261785
 20
6235484.04254331
  0
LWPOLYLINE
  5
20D43
100
AcDbEntity
  8
0
100
AcDbPolyline
 70
0
 90
2
 10
697846.602261793
 20
6235484.04254332
 10
697892.975539937
 20
6235538.70755714
  0
LWPOLYLINE
  5
20D44
100
AcDbEntity
  8
0
100
AcDbPolyline
 70
0
 90
2
 10
697892.975539937
 20
6235538.70755714
 10
697913.293123723
 20
6235571.72066146
  0
LWPOLYLINE
  5
20D45
100
AcDbEntity
  8
0
100
AcDbPolyline
 70
0
 90
2
 10
697913.293123723
 20
6235571.72066146
 10
697928.790716203
 20
6235596.43964537
  0
LWPOLYLINE
  5
20D46
100
AcDbEntity
  8
0
100
AcDbPolyline
 70
0
 90
2
 10
697928.790716203
 20
6235596.43964537
 10
697930.082999934
 20
6235608.88437968
  0
LWPOLYLINE
  5
20D47
100
AcDbEntity
  8
0
100
AcDbPolyline
 70
0
 90
2
 10
697928.948199642
 20
6235613.53598671
 10
697930.082999934
 20
6235608.88437968
  0
LWPOLYLINE
  5
20D48
100
AcDbEntity
  8
0
100
AcDbPolyline
 70
0
 90
2
 10
697921.750776459
 20
6235627.45986121
 10
697928.948199642
 20
6235613.53598671
  0
LWPOLYLINE
  5
20D49
100
AcDbEntity
  8
0
100
AcDbPolyline
 70
0
 90
2
 10
697906.625846878
 20
6235638.77556998
 10
697921.750776459
 20
6235627.45986121
  0
LWPOLYLINE
  5
20D4A
100
AcDbEntity
  8
0
100
AcDbPolyline
 70
0
 90
2
 10
697873.055897329
 20
6235663.63878411
 10
697906.625846878
 20
6235638.77556998
  0
LWPOLYLINE
  5
20D4B
100
AcDbEntity
  8
0
100
AcDbPolyline
 70
0
 90
2
 10
697821.460571787
 20
6235704.53292662
 10
697873.055897329
 20
6235663.63878411
  0
LWPOLYLINE
  5
20D4C
100
AcDbEntity
  8
0
100
AcDbPolyline
 70
0
 90
2
 10
697791.232437932
 20
6235732.08205493
 10
697821.460571787
 20
6235704.53292662
  0
LWPOLYLINE
  5
20D4D
100
AcDbEntity
  8
0
100
AcDbPolyline
 70
0
 90
2
 10
697754.584164358
 20
6235762.83422728
 10
697791.232437932
 20
6235732.08205493
  0
LWPOLYLINE
  5
20D4E
100
AcDbEntity
  8
0
100
AcDbPolyline
 70
0
 90
2
 10
697704.408857819
 20
6235592.50736764
 10
697734.253333909
 20
6235616.81990445
  0
LWPOLYLINE
  5
20D4F
100
AcDbEntity
  8
0
100
AcDbPolyline
 70
0
 90
2
 10
697734.253333909
 20
6235616.81990445
 10
697767.919532671
 20
6235658.76659119
  0
LWPOLYLINE
  5
20D50
100
AcDbEntity
  8
0
100
AcDbPolyline
 70
0
 90
2
 10
697767.91953267
 20
6235658.76659119
 10
697773.911153839
 20
6235667.37130844
  0
LWPOLYLINE
  5
20D51
100
AcDbEntity
  8
0
100
AcDbPolyline
 70
0
 90
2
 10
695827.422702307
 20
6233944.187451
 10
695876.96009292
 20
6233834.18583724
  0
LWPOLYLINE
  5
20D52
100
AcDbEntity
  8
0
100
AcDbPolyline
 70
0
 90
2
 10
695731.110040156
 20
6234007.01164203
 10
695827.422702307
 20
6233944.187451
  0
LWPOLYLINE
  5
20D53
100
AcDbEntity
  8
0
100
AcDbPolyline
 70
0
 90
2
 10
695623.207700659
 20
6234073.10809804
 10
695731.110040156
 20
6234007.01164203
  0
LWPOLYLINE
  5
20D54
100
AcDbEntity
  8
0
100
AcDbPolyline
 70
0
 90
2
 10
695507.407117149
 20
6234145.17699129
 10
695623.207700659
 20
6234073.10809804
  0
LWPOLYLINE
  5
20D55
100
AcDbEntity
  8
0
100
AcDbPolyline
 70
0
 90
2
 10
695422.671735568
 20
6234191.41576203
 10
695507.407117149
 20
6234145.17699129
  0
LWPOLYLINE
  5
20D56
100
AcDbEntity
  8
0
100
AcDbPolyline
 70
0
 90
2
 10
695404.049238661
 20
6234200.62940549
 10
695422.671735568
 20
6234191.41576203
  0
LWPOLYLINE
  5
20D57
100
AcDbEntity
  8
0
100
AcDbPolyline
 70
0
 90
2
 10
695364.728885643
 20
6234223.42077214
 10
695404.049238661
 20
6234200.62940549
  0
LWPOLYLINE
  5
20D58
100
AcDbEntity
  8
0
100
AcDbPolyline
 70
0
 90
2
 10
695353.384321151
 20
6234228.75399611
 10
695364.728885643
 20
6234223.42077214
  0
LWPOLYLINE
  5
20D59
100
AcDbEntity
  8
0
100
AcDbPolyline
 70
0
 90
2
 10
695277.362910199
 20
6234260.42367177
 10
695353.384321151
 20
6234228.75399611
  0
LWPOLYLINE
  5
20D5A
100
AcDbEntity
  8
0
100
AcDbPolyline
 70
0
 90
2
 10
695173.256807066
 20
6234288.4813316
 10
695277.362910199
 20
6234260.42367177
  0
LWPOLYLINE
  5
20D5B
100
AcDbEntity
  8
0
100
AcDbPolyline
 70
0
 90
2
 10
697849.684941331
 20
6235875.23750519
 10
697868.731401301
 20
6235869.8727784
  0
LWPOLYLINE
  5
20D5C
100
AcDbEntity
  8
0
100
AcDbPolyline
 70
0
 90
2
 10
697868.731401301
 20
6235869.8727784
 10
697887.475023094
 20
6235864.59335061
  0
LWPOLYLINE
  5
20D5D
100
AcDbEntity
  8
0
100
AcDbPolyline
 70
0
 90
2
 10
697887.475023094
 20
6235864.59335061
 10
697946.077867735
 20
6235848.66091532
  0
LWPOLYLINE
  5
20D5E
100
AcDbEntity
  8
0
100
AcDbPolyline
 70
0
 90
2
 10
697946.077867735
 20
6235848.66091532
 10
697966.150351772
 20
6235851.69867429
  0
LWPOLYLINE
  5
20D5F
100
AcDbEntity
  8
0
100
AcDbPolyline
 70
0
 90
2
 10
697966.150351772
 20
6235851.69867429
 10
698029.087781809
 20
6235836.58148841
  0
LWPOLYLINE
  5
20D60
100
AcDbEntity
  8
0
100
AcDbPolyline
 70
0
 90
2
 10
698029.087781809
 20
6235836.58148841
 10
698042.235408826
 20
6235833.8806699
  0
LWPOLYLINE
  5
20D61
100
AcDbEntity
  8
0
100
AcDbPolyline
 70
0
 90
2
 10
698021.077459082
 20
6235799.62387344
 10
698029.087781809
 20
6235836.58148841
  0
LWPOLYLINE
  5
20D62
100
AcDbEntity
  8
0
100
AcDbPolyline
 70
0
 90
2
 10
697937.021474829
 20
6235817.23986849
 10
698021.077459082
 20
6235799.62387344
  0
LWPOLYLINE
  5
20D63
100
AcDbEntity
  8
0
100
AcDbPolyline
 70
0
 90
2
 10
697937.021474829
 20
6235817.23986849
 10
697946.077867735
 20
6235848.66091532
  0
LWPOLYLINE
  5
20D64
100
AcDbEntity
  8
0
100
AcDbPolyline
 70
0
 90
2
 10
697382.740891504
 20
6234575.79927241
 10
697399.716328608
 20
6234583.75168215
  0
LWPOLYLINE
  5
20D65
100
AcDbEntity
  8
0
100
AcDbPolyline
 70
0
 90
2
 10
697362.316317028
 20
6234569.359622
 10
697382.740891504
 20
6234575.79927241
  0
LWPOLYLINE
  5
20D66
100
AcDbEntity
  8
0
100
AcDbPolyline
 70
0
 90
2
 10
697342.666200949
 20
6234570.89275595
 10
697362.316317028
 20
6234569.359622
  0
LWPOLYLINE
  5
20D67
100
AcDbEntity
  8
0
100
AcDbPolyline
 70
0
 90
2
 10
697329.240077
 20
6234580.49441188
 10
697342.666200949
 20
6234570.89275595
  0
LWPOLYLINE
  5
20D68
100
AcDbEntity
  8
0
100
AcDbPolyline
 70
0
 90
2
 10
697298.421438537
 20
6234621.28528506
 10
697329.240077
 20
6234580.49441188
  0
LWPOLYLINE
  5
20D69
100
AcDbEntity
  8
0
100
AcDbPolyline
 70
0
 90
2
 10
697284.750789055
 20
6234635.51304879
 10
697298.421438537
 20
6234621.28528506
  0
LWPOLYLINE
  5
20D6A
100
AcDbEntity
  8
0
100
AcDbPolyline
 70
0
 90
2
 10
697264.893838276
 20
6234647.58231715
 10
697284.750789052
 20
6234635.51304879
  0
LWPOLYLINE
  5
20D6B
100
AcDbEntity
  8
0
100
AcDbPolyline
 70
0
 90
2
 10
694980.472207782
 20
6235258.6423643
 10
694984.720956114
 20
6235262.15819473
  0
LWPOLYLINE
  5
20D6C
100
AcDbEntity
  8
0
100
AcDbPolyline
 70
0
 90
2
 10
694984.720956115
 20
6235262.15819473
 10
694992.252437565
 20
6235271.57577973
  0
LWPOLYLINE
  5
20D6D
100
AcDbEntity
  8
0
100
AcDbPolyline
 70
0
 90
2
 10
694992.252437565
 20
6235271.57577973
 10
694996.9837253
 20
6235277.4433726
  0
LWPOLYLINE
  5
20D6E
100
AcDbEntity
  8
0
100
AcDbPolyline
 70
0
 90
2
 10
694996.9837253
 20
6235277.4433726
 10
695000.701983537
 20
6235283.5991087
  0
LWPOLYLINE
  5
20D6F
100
AcDbEntity
  8
0
100
AcDbPolyline
 70
0
 90
2
 10
695000.701983537
 20
6235283.5991087
 10
695002.182087622
 20
6235288.44874902
  0
LWPOLYLINE
  5
20D70
100
AcDbEntity
  8
0
100
AcDbPolyline
 70
0
 90
2
 10
695002.182087622
 20
6235288.44874902
 10
695004.48447986
 20
6235295.55418977
  0
LWPOLYLINE
  5
20D71
100
AcDbEntity
  8
0
100
AcDbPolyline
 70
0
 90
2
 10
697828.92545604
 20
6235780.77061278
 10
697834.386765918
 20
6235787.00989712
  0
LWPOLYLINE
  5
20D72
100
AcDbEntity
  8
0
100
AcDbPolyline
 70
0
 90
2
 10
697791.232437934
 20
6235732.08205493
 10
697828.92545604
 20
6235780.77061278
  0
LWPOLYLINE
  5
20D73
100
AcDbEntity
  8
0
100
AcDbPolyline
 70
0
 90
2
 10
694495.827947877
 20
6235654.20854843
 10
694502.116638249
 20
6235659.28823509
  0
LWPOLYLINE
  5
20D74
100
AcDbEntity
  8
0
100
AcDbPolyline
 70
0
 90
2
 10
694502.116638249
 20
6235659.28823509
 10
694572.804141015
 20
6235716.30448257
  0
LWPOLYLINE
  5
20D75
100
AcDbEntity
  8
0
100
AcDbPolyline
 70
0
 90
2
 10
694572.804141015
 20
6235716.30448257
 10
694580.513207415
 20
6235722.64175674
  0
LWPOLYLINE
  5
20D76
100
AcDbEntity
  8
0
100
AcDbPolyline
 70
0
 90
2
 10
694580.513207415
 20
6235722.64175674
 10
694590.133862836
 20
6235723.41472254
  0
LWPOLYLINE
  5
20D77
100
AcDbEntity
  8
0
100
AcDbPolyline
 70
0
 90
2
 10
694590.133862836
 20
6235723.41472254
 10
694602.326372192
 20
6235718.98789759
  0
LWPOLYLINE
  5
20D78
100
AcDbEntity
  8
0
100
AcDbPolyline
 70
0
 90
2
 10
694602.326372193
 20
6235718.98789759
 10
694609.988235435
 20
6235707.69986078
  0
LWPOLYLINE
  5
20D79
100
AcDbEntity
  8
0
100
AcDbPolyline
 70
0
 90
2
 10
694609.988235435
 20
6235707.69986078
 10
694615.472667378
 20
6235708.35119131
  0
LWPOLYLINE
  5
20D7A
100
AcDbEntity
  8
0
100
AcDbPolyline
 70
0
 90
2
 10
694615.472667378
 20
6235708.35119131
 10
694623.531227289
 20
6235708.38419868
  0
LWPOLYLINE
  5
20D7B
100
AcDbEntity
  8
0
100
AcDbPolyline
 70
0
 90
2
 10
694623.531227289
 20
6235708.38419868
 10
694628.489995603
 20
6235709.66924504
  0
LWPOLYLINE
  5
20D7C
100
AcDbEntity
  8
0
100
AcDbPolyline
 70
0
 90
2
 10
694705.299784513
 20
6235572.09700678
 10
694710.195982431
 20
6235566.72458993
  0
LWPOLYLINE
  5
20D7D
100
AcDbEntity
  8
0
100
AcDbPolyline
 70
0
 90
2
 10
694689.201240289
 20
6235592.30777168
 10
694705.299784513
 20
6235572.09700678
  0
LWPOLYLINE
  5
20D7E
100
AcDbEntity
  8
0
100
AcDbPolyline
 70
0
 90
2
 10
694689.201240289
 20
6235592.30777168
 10
694698.369897795
 20
6235652.96374348
  0
LWPOLYLINE
  5
20D7F
100
AcDbEntity
  8
0
100
AcDbPolyline
 70
0
 90
2
 10
694631.629060462
 20
6235704.69595325
 10
694631.851903055
 20
6235708.79701972
  0
LWPOLYLINE
  5
20D80
100
AcDbEntity
  8
0
100
AcDbPolyline
 70
0
 90
2
 10
694625.796971173
 20
6235664.5464996
 10
694631.629060462
 20
6235704.69595325
  0
LWPOLYLINE
  5
20D81
100
AcDbEntity
  8
0
100
AcDbPolyline
 70
0
 90
2
 10
694625.796971173
 20
6235664.5464996
 10
694698.369897795
 20
6235652.96374348
  0
LWPOLYLINE
  5
20D82
100
AcDbEntity
  8
0
100
AcDbPolyline
 70
0
 90
2
 10
694698.369897795
 20
6235652.96374348
 10
694729.48356497
 20
6235647.99579751
  0
LWPOLYLINE
  5
20D83
100
AcDbEntity
  8
0
100
AcDbPolyline
 70
0
 90
2
 10
694729.48356497
 20
6235647.99579751
 10
694737.669077655
 20
6235705.14037038
  0
LWPOLYLINE
  5
20D84
100
AcDbEntity
  8
0
100
AcDbPolyline
 70
0
 90
2
 10
694569.068970933
 20
6237002.87515539
 10
694574.29676918
 20
6236988.83436905
  0
LWPOLYLINE
  5
20D85
100
AcDbEntity
  8
0
100
AcDbPolyline
 70
0
 90
2
 10
694574.29676918
 20
6236988.83436905
 10
694580.425145937
 20
6236973.83143527
  0
LWPOLYLINE
  5
20D86
100
AcDbEntity
  8
0
100
AcDbPolyline
 70
0
 90
2
 10
694580.425145937
 20
6236973.83143527
 10
694587.51917556
 20
6236961.74844769
  0
LWPOLYLINE
  5
20D87
100
AcDbEntity
  8
0
100
AcDbPolyline
 70
0
 90
2
 10
694587.519175562
 20
6236961.74844769
 10
694608.676857805
 20
6236945.92614967
  0
LWPOLYLINE
  5
20D88
100
AcDbEntity
  8
0
100
AcDbPolyline
 70
0
 90
2
 10
694608.676857805
 20
6236945.92614967
 10
694636.733393027
 20
6236929.24821251
  0
LWPOLYLINE
  5
20D89
100
AcDbEntity
  8
0
100
AcDbPolyline
 70
0
 90
2
 10
695942.707255169
 20
6238365.11573541
 10
695990.687746949
 20
6238446.36509006
  0
LWPOLYLINE
  5
20D8A
100
AcDbEntity
  8
0
100
AcDbPolyline
 70
0
 90
2
 10
696085.952724756
 20
6238198.97365688
 10
696086.863522789
 20
6238185.23760107
  0
LWPOLYLINE
  5
20D8B
100
AcDbEntity
  8
0
100
AcDbPolyline
 70
0
 90
2
 10
696085.952724756
 20
6238198.97365688
 10
696098.452522021
 20
6238216.7819183
  0
LWPOLYLINE
  5
20D8C
100
AcDbEntity
  8
0
100
AcDbPolyline
 70
0
 90
2
 10
696098.45252202
 20
6238216.7819183
 10
696109.880140704
 20
6238237.92967158
  0
LWPOLYLINE
  5
20D8D
100
AcDbEntity
  8
0
100
AcDbPolyline
 70
0
 90
2
 10
696109.880140704
 20
6238237.92967158
 10
696124.823737787
 20
6238271.82433503
  0
LWPOLYLINE
  5
20D8E
100
AcDbEntity
  8
0
100
AcDbPolyline
 70
0
 90
2
 10
696008.927158149
 20
6238253.66596184
 10
696040.723712645
 20
6238314.90974725
  0
LWPOLYLINE
  5
20D8F
100
AcDbEntity
  8
0
100
AcDbPolyline
 70
0
 90
2
 10
696000.537627683
 20
6238239.19037052
 10
696008.927158149
 20
6238253.66596184
  0
LWPOLYLINE
  5
20D90
100
AcDbEntity
  8
0
100
AcDbPolyline
 70
0
 90
2
 10
695998.742198862
 20
6238227.48135367
 10
696000.537627683
 20
6238239.19037052
  0
LWPOLYLINE
  5
20D91
100
AcDbEntity
  8
0
100
AcDbPolyline
 70
0
 90
2
 10
695990.429388284
 20
6238212.81981232
 10
695998.742198862
 20
6238227.48135367
  0
LWPOLYLINE
  5
20D92
100
AcDbEntity
  8
0
100
AcDbPolyline
 70
0
 90
2
 10
695933.93127841
 20
6238128.1807937
 10
695990.429388284
 20
6238212.81981232
  0
LWPOLYLINE
  5
20D93
100
AcDbEntity
  8
0
100
AcDbPolyline
 70
0
 90
2
 10
694768.439288388
 20
6236005.98366028
 10
694770.333604973
 20
6236001.2100489
  0
LWPOLYLINE
  5
20D94
100
AcDbEntity
  8
0
100
AcDbPolyline
 70
0
 90
2
 10
694770.333604973
 20
6236001.2100489
 10
694771.355192088
 20
6235989.70846494
  0
LWPOLYLINE
  5
20D95
100
AcDbEntity
  8
0
100
AcDbPolyline
 70
0
 90
2
 10
694768.816165612
 20
6235979.62726289
 10
694771.355192088
 20
6235989.70846494
  0
LWPOLYLINE
  5
20D96
100
AcDbEntity
  8
0
100
AcDbPolyline
 70
0
 90
2
 10
694768.577002771
 20
6235970.30867775
 10
694768.816165612
 20
6235979.62726289
  0
LWPOLYLINE
  5
20D97
100
AcDbEntity
  8
0
100
AcDbPolyline
 70
0
 90
2
 10
694765.887199056
 20
6235963.53123149
 10
694768.577002771
 20
6235970.30867775
  0
LWPOLYLINE
  5
20D98
100
AcDbEntity
  8
0
100
AcDbPolyline
 70
0
 90
2
 10
694765.887199056
 20
6235963.53123149
 10
694767.491993153
 20
6235957.61856894
  0
LWPOLYLINE
  5
20D99
100
AcDbEntity
  8
0
100
AcDbPolyline
 70
0
 90
2
 10
694767.491993153
 20
6235957.61856894
 10
694771.450379146
 20
6235951.15563821
  0
LWPOLYLINE
  5
20D9A
100
AcDbEntity
  8
0
100
AcDbPolyline
 70
0
 90
2
 10
694771.450379146
 20
6235951.15563821
 10
694774.320296525
 20
6235946.6383376
  0
LWPOLYLINE
  5
20D9B
100
AcDbEntity
  8
0
100
AcDbPolyline
 70
0
 90
2
 10
694773.869463639
 20
6235941.95835546
 10
694774.320296526
 20
6235946.6383376
  0
LWPOLYLINE
  5
20D9C
100
AcDbEntity
  8
0
100
AcDbPolyline
 70
0
 90
2
 10
694770.814583942
 20
6235935.83306248
 10
694773.869463639
 20
6235941.95835546
  0
LWPOLYLINE
  5
20D9D
100
AcDbEntity
  8
0
100
AcDbPolyline
 70
0
 90
2
 10
694770.814583943
 20
6235935.83306248
 10
694771.359236353
 20
6235923.89727998
  0
LWPOLYLINE
  5
20D9E
100
AcDbEntity
  8
0
100
AcDbPolyline
 70
0
 90
2
 10
694771.359236353
 20
6235923.89727998
 10
694773.448297538
 20
6235907.37256314
  0
LWPOLYLINE
  5
20D9F
100
AcDbEntity
  8
0
100
AcDbPolyline
 70
0
 90
2
 10
694772.494730356
 20
6235899.0134543
 10
694773.448297538
 20
6235907.37256314
  0
LWPOLYLINE
  5
20DA0
100
AcDbEntity
  8
0
100
AcDbPolyline
 70
0
 90
2
 10
694772.494730356
 20
6235899.0134543
 10
694774.974238478
 20
6235888.49244596
  0
LWPOLYLINE
  5
20DA1
100
AcDbEntity
  8
0
100
AcDbPolyline
 70
0
 90
2
 10
694774.974238478
 20
6235888.49244596
 10
694778.284893825
 20
6235881.66555294
  0
LWPOLYLINE
  5
20DA2
100
AcDbEntity
  8
0
100
AcDbPolyline
 70
0
 90
2
 10
694778.284893825
 20
6235881.66555294
 10
694780.308999495
 20
6235873.77673025
  0
LWPOLYLINE
  5
20DA3
100
AcDbEntity
  8
0
100
AcDbPolyline
 70
0
 90
2
 10
694780.308999495
 20
6235873.77673025
 10
694780.475496228
 20
6235870.128141
  0
LWPOLYLINE
  5
20DA4
100
AcDbEntity
  8
0
100
AcDbPolyline
 70
0
 90
2
 10
694778.272621992
 20
6235867.37465255
 10
694780.475496228
 20
6235870.128141
  0
LWPOLYLINE
  5
20DA5
100
AcDbEntity
  8
0
100
AcDbPolyline
 70
0
 90
2
 10
694773.051249382
 20
6235854.29515038
 10
694778.272621993
 20
6235867.37465255
  0
LWPOLYLINE
  5
20DA6
100
AcDbEntity
  8
0
100
AcDbPolyline
 70
0
 90
2
 10
694475.054503785
 20
6236165.58294101
 10
694786.0521662
 20
6236109.30561252
  0
LWPOLYLINE
  5
20DA7
100
AcDbEntity
  8
0
100
AcDbPolyline
 70
0
 90
2
 10
694786.0521662
 20
6236109.30561252
 10
694793.533183935
 20
6236105.92396797
  0
LWPOLYLINE
  5
20DA8
100
AcDbEntity
  8
0
100
AcDbPolyline
 70
0
 90
2
 10
694793.533183935
 20
6236105.92396797
 10
694799.18253161
 20
6236098.86942743
  0
LWPOLYLINE
  5
20DA9
100
AcDbEntity
  8
0
100
AcDbPolyline
 70
0
 90
2
 10
694799.18253161
 20
6236098.86942743
 10
694803.505916577
 20
6236091.75437342
  0
LWPOLYLINE
  5
20DAA
100
AcDbEntity
  8
0
100
AcDbPolyline
 70
0
 90
2
 10
694803.505916577
 20
6236091.75437342
 10
694809.152606449
 20
6236081.22188307
  0
LWPOLYLINE
  5
20DAB
100
AcDbEntity
  8
0
100
AcDbPolyline
 70
0
 90
2
 10
694396.028511634
 20
6236469.7920555
 10
694405.531773202
 20
6236469.28862628
  0
LWPOLYLINE
  5
20DAC
100
AcDbEntity
  8
0
100
AcDbPolyline
 70
0
 90
2
 10
694405.531773202
 20
6236469.28862628
 10
694407.583144442
 20
6236462.28152505
  0
LWPOLYLINE
  5
20DAD
100
AcDbEntity
  8
0
100
AcDbPolyline
 70
0
 90
2
 10
694407.583144442
 20
6236462.28152505
 10
694409.940459691
 20
6236454.41890662
  0
LWPOLYLINE
  5
20DAE
100
AcDbEntity
  8
0
100
AcDbPolyline
 70
0
 90
2
 10
694409.940459691
 20
6236454.41890662
 10
694413.473143008
 20
6236449.92045236
  0
LWPOLYLINE
  5
20DAF
100
AcDbEntity
  8
0
100
AcDbPolyline
 70
0
 90
2
 10
694413.473143009
 20
6236449.92045236
 10
694418.795196713
 20
6236450.16290822
  0
LWPOLYLINE
  5
20DB0
100
AcDbEntity
  8
0
100
AcDbPolyline
 70
0
 90
2
 10
694418.795196713
 20
6236450.16290822
 10
694421.116441689
 20
6236442.95631606
  0
LWPOLYLINE
  5
20DB1
100
AcDbEntity
  8
0
100
AcDbPolyline
 70
0
 90
2
 10
694421.116441689
 20
6236442.95631606
 10
694421.514228965
 20
6236431.77184025
  0
LWPOLYLINE
  5
20DB2
100
AcDbEntity
  8
0
100
AcDbPolyline
 70
0
 90
2
 10
694421.514228965
 20
6236431.77184025
 10
694426.329372042
 20
6236421.20104554
  0
LWPOLYLINE
  5
20DB3
100
AcDbEntity
  8
0
100
AcDbPolyline
 70
0
 90
2
 10
694425.187347614
 20
6236412.74428102
 10
694426.329372042
 20
6236421.20104554
  0
LWPOLYLINE
  5
20DB4
100
AcDbEntity
  8
0
100
AcDbPolyline
 70
0
 90
2
 10
694425.187347614
 20
6236412.74428102
 10
694431.393233305
 20
6236392.90692474
  0
LWPOLYLINE
  5
20DB5
100
AcDbEntity
  8
0
100
AcDbPolyline
 70
0
 90
2
 10
694431.393233305
 20
6236392.90692474
 10
694434.941376186
 20
6236369.53754635
  0
LWPOLYLINE
  5
20DB6
100
AcDbEntity
  8
0
100
AcDbPolyline
 70
0
 90
2
 10
694434.941376186
 20
6236369.53754635
 10
694438.185242279
 20
6236348.35023874
  0
LWPOLYLINE
  5
20DB7
100
AcDbEntity
  8
0
100
AcDbPolyline
 70
0
 90
2
 10
694438.185242279
 20
6236348.35023874
 10
694446.85458289
 20
6236333.45172635
  0
LWPOLYLINE
  5
20DB8
100
AcDbEntity
  8
0
100
AcDbPolyline
 70
0
 90
2
 10
694446.854582891
 20
6236333.45172635
 10
694467.886645043
 20
6236310.48886475
  0
LWPOLYLINE
  5
20DB9
100
AcDbEntity
  8
0
100
AcDbPolyline
 70
0
 90
2
 10
694467.886645043
 20
6236310.48886475
 10
694478.890557101
 20
6236286.05474295
  0
LWPOLYLINE
  5
20DBA
100
AcDbEntity
  8
0
100
AcDbPolyline
 70
0
 90
2
 10
694478.890557101
 20
6236286.05474295
 10
694480.941239758
 20
6236272.52671556
  0
LWPOLYLINE
  5
20DBB
100
AcDbEntity
  8
0
100
AcDbPolyline
 70
0
 90
2
 10
694478.590073496
 20
6236234.19696086
 10
694480.941239758
 20
6236272.52671556
  0
LWPOLYLINE
  5
20DBC
100
AcDbEntity
  8
0
100
AcDbPolyline
 70
0
 90
2
 10
694475.206637227
 20
6236206.11988152
 10
694478.590073496
 20
6236234.19696086
  0
LWPOLYLINE
  5
20DBD
100
AcDbEntity
  8
0
100
AcDbPolyline
 70
0
 90
2
 10
694475.054503785
 20
6236165.58294101
 10
694475.206637227
 20
6236206.11988152
  0
LWPOLYLINE
  5
20DBE
100
AcDbEntity
  8
0
100
AcDbPolyline
 70
0
 90
2
 10
692882.165951357
 20
6236979.7549412
 10
692883.173612211
 20
6236975.0408889
  0
LWPOLYLINE
  5
20DBF
100
AcDbEntity
  8
0
100
AcDbPolyline
 70
0
 90
2
 10
692883.173612212
 20
6236975.0408889
 10
692892.099662139
 20
6236963.65128848
  0
LWPOLYLINE
  5
20DC0
100
AcDbEntity
  8
0
100
AcDbPolyline
 70
0
 90
2
 10
692892.099662139
 20
6236963.65128848
 10
692896.126257067
 20
6236949.55450832
  0
LWPOLYLINE
  5
20DC1
100
AcDbEntity
  8
0
100
AcDbPolyline
 70
0
 90
2
 10
692896.126257067
 20
6236949.55450832
 10
692896.545446191
 20
6236944.40142936
  0
LWPOLYLINE
  5
20DC2
100
AcDbEntity
  8
0
100
AcDbPolyline
 70
0
 90
2
 10
692896.545446191
 20
6236944.40142936
 10
692902.739409824
 20
6236940.03331457
  0
LWPOLYLINE
  5
20DC3
100
AcDbEntity
  8
0
100
AcDbPolyline
 70
0
 90
2
 10
692902.739409824
 20
6236940.03331457
 10
692908.66919129
 20
6236926.68023658
  0
LWPOLYLINE
  5
20DC4
100
AcDbEntity
  8
0
100
AcDbPolyline
 70
0
 90
2
 10
692908.66919129
 20
6236926.68023658
 10
692909.503199986
 20
6236923.06185246
  0
LWPOLYLINE
  5
20DC5
100
AcDbEntity
  8
0
100
AcDbPolyline
 70
0
 90
2
 10
692909.503199986
 20
6236923.06185246
 10
692916.295615979
 20
6236912.73507711
  0
LWPOLYLINE
  5
20DC6
100
AcDbEntity
  8
0
100
AcDbPolyline
 70
0
 90
2
 10
692916.295615979
 20
6236912.73507711
 10
692922.618743923
 20
6236905.37438625
  0
LWPOLYLINE
  5
20DC7
100
AcDbEntity
  8
0
100
AcDbPolyline
 70
0
 90
2
 10
692922.618743922
 20
6236905.37438625
 10
692929.810173907
 20
6236901.05140511
  0
LWPOLYLINE
  5
20DC8
100
AcDbEntity
  8
0
100
AcDbPolyline
 70
0
 90
2
 10
692929.810173908
 20
6236901.05140511
 10
692934.93541664
 20
6236895.6095191
  0
LWPOLYLINE
  5
20DC9
100
AcDbEntity
  8
0
100
AcDbPolyline
 70
0
 90
2
 10
692934.935416639
 20
6236895.6095191
 10
692936.692705027
 20
6236888.73348643
  0
LWPOLYLINE
  5
20DCA
100
AcDbEntity
  8
0
100
AcDbPolyline
 70
0
 90
2
 10
692936.692705027
 20
6236888.73348643
 10
692938.698007329
 20
6236881.17757828
  0
LWPOLYLINE
  5
20DCB
100
AcDbEntity
  8
0
100
AcDbPolyline
 70
0
 90
2
 10
692938.698007329
 20
6236881.17757828
 10
692947.036782359
 20
6236873.58480902
  0
LWPOLYLINE
  5
20DCC
100
AcDbEntity
  8
0
100
AcDbPolyline
 70
0
 90
2
 10
692947.036782357
 20
6236873.58480902
 10
692961.878936952
 20
6236854.64907254
  0
LWPOLYLINE
  5
20DCD
100
AcDbEntity
  8
0
100
AcDbPolyline
 70
0
 90
2
 10
694238.756490537
 20
6236080.1720028
 10
694242.284855927
 20
6236084.5014911
  0
LWPOLYLINE
  5
20DCE
100
AcDbEntity
  8
0
100
AcDbPolyline
 70
0
 90
2
 10
694242.284855927
 20
6236084.5014911
 10
694247.294930175
 20
6236093.2456797
  0
LWPOLYLINE
  5
20DCF
100
AcDbEntity
  8
0
100
AcDbPolyline
 70
0
 90
2
 10
694247.294930175
 20
6236093.2456797
 10
694250.392240551
 20
6236105.68159453
  0
LWPOLYLINE
  5
20DD0
100
AcDbEntity
  8
0
100
AcDbPolyline
 70
0
 90
2
 10
694250.392240551
 20
6236105.68159453
 10
694254.00564062
 20
6236119.60123663
  0
LWPOLYLINE
  5
20DD1
100
AcDbEntity
  8
0
100
AcDbPolyline
 70
0
 90
2
 10
694254.00564062
 20
6236119.60123663
 10
694259.277248894
 20
6236137.33054478
  0
LWPOLYLINE
  5
20DD2
100
AcDbEntity
  8
0
100
AcDbPolyline
 70
0
 90
2
 10
694259.277248894
 20
6236137.33054478
 10
694263.7845193
 20
6236155.48209289
  0
LWPOLYLINE
  5
20DD3
100
AcDbEntity
  8
0
100
AcDbPolyline
 70
0
 90
2
 10
694263.7845193
 20
6236155.48209289
 10
694266.324562763
 20
6236165.56297438
  0
LWPOLYLINE
  5
20DD4
100
AcDbEntity
  8
0
100
AcDbPolyline
 70
0
 90
2
 10
694266.324562763
 20
6236165.56297438
 10
694272.636989039
 20
6236180.47494761
  0
LWPOLYLINE
  5
20DD5
100
AcDbEntity
  8
0
100
AcDbPolyline
 70
0
 90
2
 10
694272.63698904
 20
6236180.47494761
 10
694279.164304395
 20
6236183.43616303
  0
LWPOLYLINE
  5
20DD6
100
AcDbEntity
  8
0
100
AcDbPolyline
 70
0
 90
2
 10
694279.164304395
 20
6236183.43616303
 10
694284.858749682
 20
6236197.32796024
  0
LWPOLYLINE
  5
20DD7
100
AcDbEntity
  8
0
100
AcDbPolyline
 70
0
 90
2
 10
694284.858749682
 20
6236197.32796024
 10
694291.629051395
 20
6236216.90904414
  0
LWPOLYLINE
  5
20DD8
100
AcDbEntity
  8
0
100
AcDbPolyline
 70
0
 90
2
 10
694290.373328087
 20
6236237.12797403
 10
694291.629051395
 20
6236216.90904414
  0
LWPOLYLINE
  5
20DD9
100
AcDbEntity
  8
0
100
AcDbPolyline
 70
0
 90
2
 10
694289.983248724
 20
6236253.06133941
 10
694290.373328087
 20
6236237.12797403
  0
LWPOLYLINE
  5
20DDA
100
AcDbEntity
  8
0
100
AcDbPolyline
 70
0
 90
2
 10
694289.07491636
 20
6236265.64935459
 10
694289.983248724
 20
6236253.06133941
  0
LWPOLYLINE
  5
20DDB
100
AcDbEntity
  8
0
100
AcDbPolyline
 70
0
 90
2
 10
694289.07491636
 20
6236265.64935459
 10
694292.443363763
 20
6236272.12295886
  0
LWPOLYLINE
  5
20DDC
100
AcDbEntity
  8
0
100
AcDbPolyline
 70
0
 90
2
 10
694292.443363762
 20
6236272.12295886
 10
694300.709341458
 20
6236280.80367174
  0
LWPOLYLINE
  5
20DDD
100
AcDbEntity
  8
0
100
AcDbPolyline
 70
0
 90
2
 10
694300.709341456
 20
6236280.80367174
 10
694310.062969523
 20
6236287.54978524
  0
LWPOLYLINE
  5
20DDE
100
AcDbEntity
  8
0
100
AcDbPolyline
 70
0
 90
2
 10
694310.062969523
 20
6236287.54978524
 10
694322.919381723
 20
6236290.45369378
  0
LWPOLYLINE
  5
20DDF
100
AcDbEntity
  8
0
100
AcDbPolyline
 70
0
 90
2
 10
694322.919381723
 20
6236290.45369378
 10
694331.558722529
 20
6236298.15940394
  0
LWPOLYLINE
  5
20DE0
100
AcDbEntity
  8
0
100
AcDbPolyline
 70
0
 90
2
 10
694331.558722529
 20
6236298.15940394
 10
694338.043021385
 20
6236309.42316612
  0
LWPOLYLINE
  5
20DE1
100
AcDbEntity
  8
0
100
AcDbPolyline
 70
0
 90
2
 10
694338.043021385
 20
6236309.42316612
 10
694343.647052968
 20
6236323.11030843
  0
LWPOLYLINE
  5
20DE2
100
AcDbEntity
  8
0
100
AcDbPolyline
 70
0
 90
2
 10
694343.387077269
 20
6236330.45538926
 10
694343.647052968
 20
6236323.11030843
  0
LWPOLYLINE
  5
20DE3
100
AcDbEntity
  8
0
100
AcDbPolyline
 70
0
 90
2
 10
694343.387077269
 20
6236330.45538926
 10
694344.646598989
 20
6236343.15327143
  0
LWPOLYLINE
  5
20DE4
100
AcDbEntity
  8
0
100
AcDbPolyline
 70
0
 90
2
 10
694344.646598989
 20
6236343.15327143
 10
694347.240692134
 20
6236351.08534429
  0
LWPOLYLINE
  5
20DE5
100
AcDbEntity
  8
0
100
AcDbPolyline
 70
0
 90
2
 10
694347.240692134
 20
6236351.08534429
 10
694359.300039418
 20
6236359.08063057
  0
LWPOLYLINE
  5
20DE6
100
AcDbEntity
  8
0
100
AcDbPolyline
 70
0
 90
2
 10
694359.300039418
 20
6236359.08063057
 10
694373.85144088
 20
6236367.02225259
  0
LWPOLYLINE
  5
20DE7
100
AcDbEntity
  8
0
100
AcDbPolyline
 70
0
 90
2
 10
694373.85144088
 20
6236367.02225259
 10
694386.202765359
 20
6236373.64870923
  0
LWPOLYLINE
  5
20DE8
100
AcDbEntity
  8
0
100
AcDbPolyline
 70
0
 90
2
 10
694386.202765359
 20
6236373.64870923
 10
694392.776095922
 20
6236378.31768866
  0
LWPOLYLINE
  5
20DE9
100
AcDbEntity
  8
0
100
AcDbPolyline
 70
0
 90
2
 10
694392.776095922
 20
6236378.31768866
 10
694394.592486953
 20
6236379.60428676
  0
LWPOLYLINE
  5
20DEA
100
AcDbEntity
  8
0
100
AcDbPolyline
 70
0
 90
2
 10
694394.592486953
 20
6236379.60428676
 10
694400.363072001
 20
6236384.99469991
  0
LWPOLYLINE
  5
20DEB
100
AcDbEntity
  8
0
100
AcDbPolyline
 70
0
 90
2
 10
694400.363072001
 20
6236384.99469991
 10
694410.551815839
 20
6236390.70900248
  0
LWPOLYLINE
  5
20DEC
100
AcDbEntity
  8
0
100
AcDbPolyline
 70
0
 90
2
 10
694410.551815839
 20
6236390.70900248
 10
694415.795940574
 20
6236395.11682603
  0
LWPOLYLINE
  5
20DED
100
AcDbEntity
  8
0
100
AcDbPolyline
 70
0
 90
2
 10
694415.795940573
 20
6236395.11682603
 10
694420.019823351
 20
6236401.88589987
  0
LWPOLYLINE
  5
20DEE
100
AcDbEntity
  8
0
100
AcDbPolyline
 70
0
 90
2
 10
694420.019823351
 20
6236401.88589987
 10
694425.187347614
 20
6236412.74428102
  0
LWPOLYLINE
  5
20DEF
100
AcDbEntity
  8
0
100
AcDbPolyline
 70
0
 90
2
 10
695792.197228217
 20
6237831.54559849
 10
695797.960208666
 20
6237851.08352148
  0
LWPOLYLINE
  5
20DF0
100
AcDbEntity
  8
0
100
AcDbPolyline
 70
0
 90
2
 10
695797.960208665
 20
6237851.08352148
 10
695808.262997458
 20
6237891.65270555
  0
LWPOLYLINE
  5
20DF1
100
AcDbEntity
  8
0
100
AcDbPolyline
 70
0
 90
2
 10
696599.545130121
 20
6237508.17723866
 10
696695.250182376
 20
6237465.75912412
  0
LWPOLYLINE
  5
20DF2
100
AcDbEntity
  8
0
100
AcDbPolyline
 70
0
 90
2
 10
696592.319872747
 20
6237511.81269697
 10
696599.545130121
 20
6237508.17723866
  0
LWPOLYLINE
  5
20DF3
100
AcDbEntity
  8
0
100
AcDbPolyline
 70
0
 90
2
 10
696583.709772723
 20
6237510.74709046
 10
696592.319872747
 20
6237511.81269697
  0
LWPOLYLINE
  5
20DF4
100
AcDbEntity
  8
0
100
AcDbPolyline
 70
0
 90
2
 10
696578.761592018
 20
6237503.89760321
 10
696583.709772723
 20
6237510.74709046
  0
LWPOLYLINE
  5
20DF5
100
AcDbEntity
  8
0
100
AcDbPolyline
 70
0
 90
2
 10
696554.687044973
 20
6237448.44544947
 10
696578.761592018
 20
6237503.89760321
  0
LWPOLYLINE
  5
20DF6
100
AcDbEntity
  8
0
100
AcDbPolyline
 70
0
 90
2
 10
694987.246204583
 20
6235758.85848762
 10
694993.006879068
 20
6235788.25975456
  0
LWPOLYLINE
  5
20DF7
100
AcDbEntity
  8
0
100
AcDbPolyline
 70
0
 90
2
 10
694576.54324986
 20
6235899.3617027
 10
694581.202657845
 20
6235913.4742658
  0
LWPOLYLINE
  5
20DF8
100
AcDbEntity
  8
0
100
AcDbPolyline
 70
0
 90
2
 10
694537.626635718
 20
6235924.76390421
 10
694581.202657848
 20
6235913.47426581
  0
LWPOLYLINE
  5
20DF9
100
AcDbEntity
  8
0
100
AcDbPolyline
 70
0
 90
2
 10
694537.626635718
 20
6235924.76390421
 10
694552.178971042
 20
6235976.71395274
  0
LWPOLYLINE
  5
20DFA
100
AcDbEntity
  8
0
100
AcDbPolyline
 70
0
 90
2
 10
694552.178971042
 20
6235976.71395274
 10
694595.983019611
 20
6235964.49855128
  0
LWPOLYLINE
  5
20DFB
100
AcDbEntity
  8
0
100
AcDbPolyline
 70
0
 90
2
 10
694581.202657845
 20
6235913.4742658
 10
694595.98301961
 20
6235964.49855128
  0
LWPOLYLINE
  5
20DFC
100
AcDbEntity
  8
0
100
AcDbPolyline
 70
0
 90
2
 10
694694.287666599
 20
6235872.8841273
 10
694711.275576642
 20
6235924.22137195
  0
LWPOLYLINE
  5
20DFD
100
AcDbEntity
  8
0
100
AcDbPolyline
 70
0
 90
2
 10
694711.275576642
 20
6235924.22137195
 10
694760.570742619
 20
6236003.29490199
  0
LWPOLYLINE
  5
20DFE
100
AcDbEntity
  8
0
100
AcDbPolyline
 70
0
 90
2
 10
694760.570742619
 20
6236003.29490199
 10
694809.152606447
 20
6236081.22188307
  0
LWPOLYLINE
  5
20DFF
100
AcDbEntity
  8
0
100
AcDbPolyline
 70
0
 90
2
 10
694809.152606447
 20
6236081.22188307
 10
694827.594109355
 20
6236105.69513262
  0
LWPOLYLINE
  5
20E00
100
AcDbEntity
  8
0
100
AcDbPolyline
 70
0
 90
2
 10
694827.594109355
 20
6236105.69513262
 10
694845.027548075
 20
6236128.17174358
  0
LWPOLYLINE
  5
20E01
100
AcDbEntity
  8
0
100
AcDbPolyline
 70
0
 90
2
 10
694845.027548074
 20
6236128.17174358
 10
694862.697566176
 20
6236145.59853276
  0
LWPOLYLINE
  5
20E02
100
AcDbEntity
  8
0
100
AcDbPolyline
 70
0
 90
2
 10
694673.134267565
 20
6235764.32950744
 10
694680.08171601
 20
6235768.43630451
  0
LWPOLYLINE
  5
20E03
100
AcDbEntity
  8
0
100
AcDbPolyline
 70
0
 90
2
 10
694662.111976765
 20
6235767.60562999
 10
694673.134267565
 20
6235764.32950744
  0
LWPOLYLINE
  5
20E04
100
AcDbEntity
  8
0
100
AcDbPolyline
 70
0
 90
2
 10
694652.398894307
 20
6235770.49560617
 10
694662.111976765
 20
6235767.60562999
  0
LWPOLYLINE
  5
20E05
100
AcDbEntity
  8
0
100
AcDbPolyline
 70
0
 90
2
 10
694646.466290098
 20
6235775.4529635
 10
694652.398894307
 20
6235770.49560617
  0
LWPOLYLINE
  5
20E06
100
AcDbEntity
  8
0
100
AcDbPolyline
 70
0
 90
2
 10
694646.466290099
 20
6235775.4529635
 10
694669.716620423
 20
6235849.61456291
  0
LWPOLYLINE
  5
20E07
100
AcDbEntity
  8
0
100
AcDbPolyline
 70
0
 90
2
 10
694669.716620423
 20
6235849.61456291
 10
694684.28409302
 20
6235849.61015173
  0
LWPOLYLINE
  5
20E08
100
AcDbEntity
  8
0
100
AcDbPolyline
 70
0
 90
2
 10
694684.28409302
 20
6235849.61015173
 10
694689.397747566
 20
6235856.2082677
  0
LWPOLYLINE
  5
20E09
100
AcDbEntity
  8
0
100
AcDbPolyline
 70
0
 90
2
 10
694689.397747566
 20
6235856.2082677
 10
694694.287666599
 20
6235872.8841273
  0
LWPOLYLINE
  5
20E0A
100
AcDbEntity
  8
0
100
AcDbPolyline
 70
0
 90
2
 10
697121.606504047
 20
6235636.69781545
 10
697163.749695366
 20
6235617.4419013
  0
LWPOLYLINE
  5
20E0B
100
AcDbEntity
  8
0
100
AcDbPolyline
 70
0
 90
2
 10
697163.749695366
 20
6235617.4419013
 10
697205.829836781
 20
6235600.76964352
  0
LWPOLYLINE
  5
20E0C
100
AcDbEntity
  8
0
100
AcDbPolyline
 70
0
 90
2
 10
697205.829836781
 20
6235600.76964352
 10
697259.053704969
 20
6235689.00748138
  0
LWPOLYLINE
  5
20E0D
100
AcDbEntity
  8
0
100
AcDbPolyline
 70
0
 90
2
 10
697259.053704969
 20
6235689.00748138
 10
697301.176344198
 20
6235786.68758779
  0
LWPOLYLINE
  5
20E0E
100
AcDbEntity
  8
0
100
AcDbPolyline
 70
0
 90
2
 10
697301.176344198
 20
6235786.68758779
 10
697325.900455271
 20
6235840.23414774
  0
LWPOLYLINE
  5
20E0F
100
AcDbEntity
  8
0
100
AcDbPolyline
 70
0
 90
2
 10
697809.289567744
 20
6236511.62326871
 10
697845.225847219
 20
6236589.86103916
  0
LWPOLYLINE
  5
20E10
100
AcDbEntity
  8
0
100
AcDbPolyline
 70
0
 90
2
 10
697793.974801579
 20
6236477.80550178
 10
697809.289567744
 20
6236511.62326871
  0
LWPOLYLINE
  5
20E11
100
AcDbEntity
  8
0
100
AcDbPolyline
 70
0
 90
2
 10
697750.841330232
 20
6236389.89325153
 10
697793.974801579
 20
6236477.80550178
  0
LWPOLYLINE
  5
20E12
100
AcDbEntity
  8
0
100
AcDbPolyline
 70
0
 90
2
 10
697700.716088708
 20
6236287.73454538
 10
697750.841330231
 20
6236389.89325153
  0
LWPOLYLINE
  5
20E13
100
AcDbEntity
  8
0
100
AcDbPolyline
 70
0
 90
2
 10
697688.858757995
 20
6236268.11204745
 10
697700.716088708
 20
6236287.73454538
  0
LWPOLYLINE
  5
20E14
100
AcDbEntity
  8
0
100
AcDbPolyline
 70
0
 90
2
 10
697680.757876717
 20
6236250.90421238
 10
697688.858757995
 20
6236268.11204745
  0
LWPOLYLINE
  5
20E15
100
AcDbEntity
  8
0
100
AcDbPolyline
 70
0
 90
2
 10
697626.964710927
 20
6236123.55080232
 10
697680.757876718
 20
6236250.90421238
  0
LWPOLYLINE
  5
20E16
100
AcDbEntity
  8
0
100
AcDbPolyline
 70
0
 90
2
 10
697619.535989375
 20
6236097.04386667
 10
697626.964710927
 20
6236123.55080232
  0
LWPOLYLINE
  5
20E17
100
AcDbEntity
  8
0
100
AcDbPolyline
 70
0
 90
2
 10
697455.025153608
 20
6236060.58054025
 10
697494.978224744
 20
6236068.61584956
  0
LWPOLYLINE
  5
20E18
100
AcDbEntity
  8
0
100
AcDbPolyline
 70
0
 90
2
 10
697494.978224744
 20
6236068.61584956
 10
697549.73078652
 20
6236079.82237605
  0
LWPOLYLINE
  5
20E19
100
AcDbEntity
  8
0
100
AcDbPolyline
 70
0
 90
2
 10
697549.73078652
 20
6236079.82237605
 10
697563.066471698
 20
6236082.5576426
  0
LWPOLYLINE
  5
20E1A
100
AcDbEntity
  8
0
100
AcDbPolyline
 70
0
 90
2
 10
697563.066471698
 20
6236082.5576426
 10
697619.535989375
 20
6236097.04386667
  0
LWPOLYLINE
  5
20E1B
100
AcDbEntity
  8
0
100
AcDbPolyline
 70
0
 90
2
 10
697889.603390352
 20
6236705.21041791
 10
698009.251208794
 20
6236645.5367174
  0
LWPOLYLINE
  5
20E1C
100
AcDbEntity
  8
0
100
AcDbPolyline
 70
0
 90
2
 10
697738.323808783
 20
6236776.99890754
 10
697889.603390352
 20
6236705.21041791
  0
LWPOLYLINE
  5
20E1D
100
AcDbEntity
  8
0
100
AcDbPolyline
 70
0
 90
2
 10
698026.883099629
 20
6236838.88326397
 10
698088.856425957
 20
6236808.52908683
  0
LWPOLYLINE
  5
20E1E
100
AcDbEntity
  8
0
100
AcDbPolyline
 70
0
 90
2
 10
697969.591553366
 20
6236864.82928522
 10
698026.883099629
 20
6236838.88326397
  0
LWPOLYLINE
  5
20E1F
100
AcDbEntity
  8
0
100
AcDbPolyline
 70
0
 90
2
 10
697909.515387085
 20
6236886.17673288
 10
697969.591553366
 20
6236864.82928522
  0
LWPOLYLINE
  5
20E20
100
AcDbEntity
  8
0
100
AcDbPolyline
 70
0
 90
2
 10
697816.246528067
 20
6236934.51238809
 10
697909.515387085
 20
6236886.17673288
  0
LWPOLYLINE
  5
20E21
100
AcDbEntity
  8
0
100
AcDbPolyline
 70
0
 90
2
 10
697676.512270769
 20
6236997.56307998
 10
697816.246528067
 20
6236934.51238809
  0
LWPOLYLINE
  5
20E22
100
AcDbEntity
  8
0
100
AcDbPolyline
 70
0
 90
2
 10
697646.919424631
 20
6237006.50355429
 10
697676.512270769
 20
6236997.56307998
  0
LWPOLYLINE
  5
20E23
100
AcDbEntity
  8
0
100
AcDbPolyline
 70
0
 90
2
 10
697552.073059254
 20
6236126.8836192
 10
697563.066471698
 20
6236082.5576426
  0
LWPOLYLINE
  5
20E24
100
AcDbEntity
  8
0
100
AcDbPolyline
 70
0
 90
2
 10
697534.331656635
 20
6236136.42955119
 10
697552.073059254
 20
6236126.8836192
  0
LWPOLYLINE
  5
20E25
100
AcDbEntity
  8
0
100
AcDbPolyline
 70
0
 90
2
 10
697499.520755352
 20
6236129.86913135
 10
697534.331656635
 20
6236136.42955119
  0
LWPOLYLINE
  5
20E26
100
AcDbEntity
  8
0
100
AcDbPolyline
 70
0
 90
2
 10
697484.24014331
 20
6236109.98856487
 10
697499.520755352
 20
6236129.86913135
  0
LWPOLYLINE
  5
20E27
100
AcDbEntity
  8
0
100
AcDbPolyline
 70
0
 90
2
 10
697484.24014331
 20
6236109.98856487
 10
697494.978224744
 20
6236068.61584956
  0
LWPOLYLINE
  5
20E28
100
AcDbEntity
  8
0
100
AcDbPolyline
 70
0
 90
2
 10
697603.928180892
 20
6236238.60672441
 10
697607.618777464
 20
6236263.77009151
  0
LWPOLYLINE
  5
20E29
100
AcDbEntity
  8
0
100
AcDbPolyline
 70
0
 90
2
 10
697586.800654204
 20
6236203.1118837
 10
697603.928180892
 20
6236238.60672441
  0
LWPOLYLINE
  5
20E2A
100
AcDbEntity
  8
0
100
AcDbPolyline
 70
0
 90
2
 10
697571.367854402
 20
6236191.09397835
 10
697586.800654204
 20
6236203.1118837
  0
LWPOLYLINE
  5
20E2B
100
AcDbEntity
  8
0
100
AcDbPolyline
 70
0
 90
2
 10
697553.540267917
 20
6236187.61566661
 10
697571.367854402
 20
6236191.09397835
  0
LWPOLYLINE
  5
20E2C
100
AcDbEntity
  8
0
100
AcDbPolyline
 70
0
 90
2
 10
697539.089261876
 20
6236197.58140676
 10
697553.540267917
 20
6236187.61566661
  0
LWPOLYLINE
  5
20E2D
100
AcDbEntity
  8
0
100
AcDbPolyline
 70
0
 90
2
 10
697533.791420335
 20
6236211.29274222
 10
697539.089261875
 20
6236197.58140676
  0
LWPOLYLINE
  5
20E2E
100
AcDbEntity
  8
0
100
AcDbPolyline
 70
0
 90
2
 10
697533.791420336
 20
6236211.29274222
 10
697546.522701972
 20
6236238.4796961
  0
LWPOLYLINE
  5
20E2F
100
AcDbEntity
  8
0
100
AcDbPolyline
 70
0
 90
2
 10
697546.522701972
 20
6236238.4796961
 10
697555.772718103
 20
6236273.79921981
  0
LWPOLYLINE
  5
20E30
100
AcDbEntity
  8
0
100
AcDbPolyline
 70
0
 90
2
 10
697692.027685306
 20
6236022.20181026
 10
697721.331494375
 20
6235993.63950011
  0
LWPOLYLINE
  5
20E31
100
AcDbEntity
  8
0
100
AcDbPolyline
 70
0
 90
2
 10
697721.331494376
 20
6235993.63950011
 10
697723.318216044
 20
6235969.78686929
  0
LWPOLYLINE
  5
20E32
100
AcDbEntity
  8
0
100
AcDbPolyline
 70
0
 90
2
 10
697723.318216044
 20
6235969.78686929
 10
697772.803538636
 20
6235895.67501789
  0
LWPOLYLINE
  5
20E33
100
AcDbEntity
  8
0
100
AcDbPolyline
 70
0
 90
2
 10
697772.803538637
 20
6235895.67501789
 10
697824.239695464
 20
6235846.63545171
  0
LWPOLYLINE
  5
20E34
100
AcDbEntity
  8
0
100
AcDbPolyline
 70
0
 90
2
 10
697760.972170839
 20
6236057.6117614
 10
697786.653937136
 20
6236092.87948768
  0
LWPOLYLINE
  5
20E35
100
AcDbEntity
  8
0
100
AcDbPolyline
 70
0
 90
2
 10
697725.65152493
 20
6236011.10698077
 10
697760.972170839
 20
6236057.6117614
  0
LWPOLYLINE
  5
20E36
100
AcDbEntity
  8
0
100
AcDbPolyline
 70
0
 90
2
 10
697721.331494376
 20
6235993.63950011
 10
697725.65152493
 20
6236011.10698077
  0
LWPOLYLINE
  5
20E37
100
AcDbEntity
  8
0
100
AcDbPolyline
 70
0
 90
2
 10
697868.296408118
 20
6236185.58684594
 10
697926.791691234
 20
6236136.26279874
  0
LWPOLYLINE
  5
20E38
100
AcDbEntity
  8
0
100
AcDbPolyline
 70
0
 90
2
 10
697926.791691234
 20
6236136.26279874
 10
698003.183624213
 20
6236068.88585343
  0
LWPOLYLINE
  5
20E39
100
AcDbEntity
  8
0
100
AcDbPolyline
 70
0
 90
2
 10
697902.209290992
 20
6236104.90212934
 10
697926.79169125
 20
6236136.26279873
  0
LWPOLYLINE
  5
20E3A
100
AcDbEntity
  8
0
100
AcDbPolyline
 70
0
 90
2
 10
697882.462628036
 20
6236081.20117292
 10
697902.209290992
 20
6236104.90212934
  0
LWPOLYLINE
  5
20E3B
100
AcDbEntity
  8
0
100
AcDbPolyline
 70
0
 90
2
 10
697839.591273254
 20
6236028.6935359
 10
697877.791071658
 20
6235967.52583901
  0
LWPOLYLINE
  5
20E3C
100
AcDbEntity
  8
0
100
AcDbPolyline
 70
0
 90
2
 10
697877.791071658
 20
6235967.52583901
 10
697905.215156937
 20
6235944.04995789
  0
LWPOLYLINE
  5
20E3D
100
AcDbEntity
  8
0
100
AcDbPolyline
 70
0
 90
2
 10
697785.611307011
 20
6235964.35698959
 10
697839.591273254
 20
6236028.6935359
  0
LWPOLYLINE
  5
20E3E
100
AcDbEntity
  8
0
100
AcDbPolyline
 70
0
 90
2
 10
697778.920676625
 20
6235957.71522156
 10
697785.611307011
 20
6235964.35698959
  0
LWPOLYLINE
  5
20E3F
100
AcDbEntity
  8
0
100
AcDbPolyline
 70
0
 90
2
 10
697721.331494375
 20
6235993.63950011
 10
697778.920676625
 20
6235957.71522156
  0
LWPOLYLINE
  5
20E40
100
AcDbEntity
  8
0
100
AcDbPolyline
 70
0
 90
2
 10
697091.935129519
 20
6236396.86764429
 10
697205.455130048
 20
6236377.91092704
  0
LWPOLYLINE
  5
20E41
100
AcDbEntity
  8
0
100
AcDbPolyline
 70
0
 90
2
 10
697205.455130048
 20
6236377.91092704
 10
697353.81981589
 20
6236343.02238882
  0
LWPOLYLINE
  5
20E42
100
AcDbEntity
  8
0
100
AcDbPolyline
 70
0
 90
2
 10
697353.81981589
 20
6236343.02238882
 10
697511.377382265
 20
6236308.79835736
  0
LWPOLYLINE
  5
20E43
100
AcDbEntity
  8
0
100
AcDbPolyline
 70
0
 90
2
 10
697511.377382265
 20
6236308.79835736
 10
697688.858757995
 20
6236268.11204745
  0
LWPOLYLINE
  5
20E44
100
AcDbEntity
  8
0
100
AcDbPolyline
 70
0
 90
2
 10
697400.387115732
 20
6236084.61738559
 10
697455.025153608
 20
6236060.58054025
  0
LWPOLYLINE
  5
20E45
100
AcDbEntity
  8
0
100
AcDbPolyline
 70
0
 90
2
 10
697334.011740591
 20
6236120.65297668
 10
697400.387115732
 20
6236084.61738559
  0
LWPOLYLINE
  5
20E46
100
AcDbEntity
  8
0
100
AcDbPolyline
 70
0
 90
2
 10
697258.869391157
 20
6236158.58067741
 10
697334.011740591
 20
6236120.65297668
  0
LWPOLYLINE
  5
20E47
100
AcDbEntity
  8
0
100
AcDbPolyline
 70
0
 90
2
 10
697193.119715189
 20
6236192.55152122
 10
697258.869391157
 20
6236158.58067741
  0
LWPOLYLINE
  5
20E48
100
AcDbEntity
  8
0
100
AcDbPolyline
 70
0
 90
2
 10
697130.926331435
 20
6236220.93554762
 10
697193.119715189
 20
6236192.55152122
  0
LWPOLYLINE
  5
20E49
100
AcDbEntity
  8
0
100
AcDbPolyline
 70
0
 90
2
 10
697028.644081543
 20
6236272.1162139
 10
697130.926331435
 20
6236220.93554762
  0
LWPOLYLINE
  5
20E4A
100
AcDbEntity
  8
0
100
AcDbPolyline
 70
0
 90
2
 10
694702.62056672
 20
6236894.07601202
 10
694786.197770169
 20
6236858.30775273
  0
LWPOLYLINE
  5
20E4B
100
AcDbEntity
  8
0
100
AcDbPolyline
 70
0
 90
2
 10
694786.197770169
 20
6236858.30775273
 10
694829.718365778
 20
6236838.6696111
  0
LWPOLYLINE
  5
20E4C
100
AcDbEntity
  8
0
100
AcDbPolyline
 70
0
 90
2
 10
694829.718365778
 20
6236838.6696111
 10
694844.362997386
 20
6236835.13590707
  0
LWPOLYLINE
  5
20E4D
100
AcDbEntity
  8
0
100
AcDbPolyline
 70
0
 90
2
 10
694844.362997386
 20
6236835.13590707
 10
694870.171781796
 20
6236839.8480769
  0
LWPOLYLINE
  5
20E4E
100
AcDbEntity
  8
0
100
AcDbPolyline
 70
0
 90
2
 10
694870.171781796
 20
6236839.8480769
 10
694925.318824459
 20
6236847.97387562
  0
LWPOLYLINE
  5
20E4F
100
AcDbEntity
  8
0
100
AcDbPolyline
 70
0
 90
2
 10
694925.318824459
 20
6236847.97387562
 10
695000.714374
 20
6236860.07997828
  0
LWPOLYLINE
  5
20E50
100
AcDbEntity
  8
0
100
AcDbPolyline
 70
0
 90
2
 10
695000.714374
 20
6236860.07997828
 10
695048.537024886
 20
6236866.54618661
  0
LWPOLYLINE
  5
20E51
100
AcDbEntity
  8
0
100
AcDbPolyline
 70
0
 90
2
 10
695048.537024886
 20
6236866.54618661
 10
695100.601291771
 20
6236878.0000848
  0
LWPOLYLINE
  5
20E52
100
AcDbEntity
  8
0
100
AcDbPolyline
 70
0
 90
2
 10
695100.601291771
 20
6236878.0000848
 10
695161.874037796
 20
6236905.01343328
  0
LWPOLYLINE
  5
20E53
100
AcDbEntity
  8
0
100
AcDbPolyline
 70
0
 90
2
 10
695161.874037796
 20
6236905.01343328
 10
695222.079306869
 20
6236930.9199043
  0
LWPOLYLINE
  5
20E54
100
AcDbEntity
  8
0
100
AcDbPolyline
 70
0
 90
2
 10
695222.079306869
 20
6236930.9199043
 10
695261.54869819
 20
6236948.2983182
  0
LWPOLYLINE
  5
20E55
100
AcDbEntity
  8
0
100
AcDbPolyline
 70
0
 90
2
 10
695261.54869819
 20
6236948.2983182
 10
695285.533511834
 20
6236957.57790763
  0
LWPOLYLINE
  5
20E56
100
AcDbEntity
  8
0
100
AcDbPolyline
 70
0
 90
2
 10
695285.533511834
 20
6236957.57790763
 10
695291.119226993
 20
6236960.99931523
  0
LWPOLYLINE
  5
20E57
100
AcDbEntity
  8
0
100
AcDbPolyline
 70
0
 90
2
 10
695291.119226994
 20
6236960.99931523
 10
695297.024869779
 20
6236967.46736544
  0
LWPOLYLINE
  5
20E58
100
AcDbEntity
  8
0
100
AcDbPolyline
 70
0
 90
2
 10
695297.024869779
 20
6236967.46736544
 10
695298.932659251
 20
6236973.66325848
  0
LWPOLYLINE
  5
20E59
100
AcDbEntity
  8
0
100
AcDbPolyline
 70
0
 90
2
 10
694327.749470846
 20
6236343.36475864
 10
694337.304211963
 20
6236348.28087211
  0
LWPOLYLINE
  5
20E5A
100
AcDbEntity
  8
0
100
AcDbPolyline
 70
0
 90
2
 10
694324.496812364
 20
6236339.25952181
 10
694327.749470845
 20
6236343.36475864
  0
LWPOLYLINE
  5
20E5B
100
AcDbEntity
  8
0
100
AcDbPolyline
 70
0
 90
2
 10
694318.53601313
 20
6236332.04362535
 10
694324.496812364
 20
6236339.25952181
  0
LWPOLYLINE
  5
20E5C
100
AcDbEntity
  8
0
100
AcDbPolyline
 70
0
 90
2
 10
694311.477250012
 20
6236329.16960364
 10
694318.53601313
 20
6236332.04362535
  0
LWPOLYLINE
  5
20E5D
100
AcDbEntity
  8
0
100
AcDbPolyline
 70
0
 90
2
 10
694297.15263901
 20
6236324.5602936
 10
694311.477250012
 20
6236329.16960364
  0
LWPOLYLINE
  5
20E5E
100
AcDbEntity
  8
0
100
AcDbPolyline
 70
0
 90
2
 10
694274.697111332
 20
6236318.53309014
 10
694297.15263901
 20
6236324.5602936
  0
LWPOLYLINE
  5
20E5F
100
AcDbEntity
  8
0
100
AcDbPolyline
 70
0
 90
2
 10
694225.659683567
 20
6236309.9697089
 10
694274.697111332
 20
6236318.53309014
  0
LWPOLYLINE
  5
20E60
100
AcDbEntity
  8
0
100
AcDbPolyline
 70
0
 90
2
 10
694174.593325161
 20
6236299.46421758
 10
694225.659683567
 20
6236309.9697089
  0
LWPOLYLINE
  5
20E61
100
AcDbEntity
  8
0
100
AcDbPolyline
 70
0
 90
2
 10
694133.988365326
 20
6236291.55310401
 10
694174.593325161
 20
6236299.46421758
  0
LWPOLYLINE
  5
20E62
100
AcDbEntity
  8
0
100
AcDbPolyline
 70
0
 90
2
 10
694101.73522185
 20
6236291.66893173
 10
694133.988365326
 20
6236291.55310401
  0
LWPOLYLINE
  5
20E63
100
AcDbEntity
  8
0
100
AcDbPolyline
 70
0
 90
2
 10
694068.882704424
 20
6236300.05096614
 10
694101.73522185
 20
6236291.66893173
  0
LWPOLYLINE
  5
20E64
100
AcDbEntity
  8
0
100
AcDbPolyline
 70
0
 90
2
 10
694337.304211963
 20
6236348.28087211
 10
694344.646598989
 20
6236343.15327143
  0
LWPOLYLINE
  5
20E65
100
AcDbEntity
  8
0
100
AcDbPolyline
 70
0
 90
2
 10
694334.021138711
 20
6236356.56953582
 10
694337.304211963
 20
6236348.28087211
  0
LWPOLYLINE
  5
20E66
100
AcDbEntity
  8
0
100
AcDbPolyline
 70
0
 90
2
 10
694327.493415206
 20
6236366.30445477
 10
694334.021138711
 20
6236356.56953582
  0
LWPOLYLINE
  5
20E67
100
AcDbEntity
  8
0
100
AcDbPolyline
 70
0
 90
2
 10
694318.070280822
 20
6236370.08889213
 10
694327.493415206
 20
6236366.30445477
  0
LWPOLYLINE
  5
20E68
100
AcDbEntity
  8
0
100
AcDbPolyline
 70
0
 90
2
 10
694307.776230428
 20
6236375.68407194
 10
694318.070280822
 20
6236370.08889213
  0
LWPOLYLINE
  5
20E69
100
AcDbEntity
  8
0
100
AcDbPolyline
 70
0
 90
2
 10
694297.20908889
 20
6236381.27798838
 10
694307.776230428
 20
6236375.68407194
  0
LWPOLYLINE
  5
20E6A
100
AcDbEntity
  8
0
100
AcDbPolyline
 70
0
 90
2
 10
694287.297908206
 20
6236390.05634779
 10
694297.20908889
 20
6236381.27798838
  0
LWPOLYLINE
  5
20E6B
100
AcDbEntity
  8
0
100
AcDbPolyline
 70
0
 90
2
 10
694278.416237479
 20
6236399.40549609
 10
694287.297908209
 20
6236390.05634779
  0
LWPOLYLINE
  5
20E6C
100
AcDbEntity
  8
0
100
AcDbPolyline
 70
0
 90
2
 10
694272.565342536
 20
6236406.00559712
 10
694278.416237479
 20
6236399.40549609
  0
LWPOLYLINE
  5
20E6D
100
AcDbEntity
  8
0
100
AcDbPolyline
 70
0
 90
2
 10
694265.200778802
 20
6236410.9428036
 10
694272.565342537
 20
6236406.00559712
  0
LWPOLYLINE
  5
20E6E
100
AcDbEntity
  8
0
100
AcDbPolyline
 70
0
 90
2
 10
694257.982642399
 20
6236418.52848693
 10
694265.2007788
 20
6236410.9428036
  0
LWPOLYLINE
  5
20E6F
100
AcDbEntity
  8
0
100
AcDbPolyline
 70
0
 90
2
 10
694253.367935764
 20
6236427.02410915
 10
694257.982642399
 20
6236418.52848693
  0
LWPOLYLINE
  5
20E70
100
AcDbEntity
  8
0
100
AcDbPolyline
 70
0
 90
2
 10
694249.945288228
 20
6236436.6106505
 10
694253.367935764
 20
6236427.02410915
  0
LWPOLYLINE
  5
20E71
100
AcDbEntity
  8
0
100
AcDbPolyline
 70
0
 90
2
 10
694253.367935764
 20
6236427.02410915
 10
694268.366274874
 20
6236422.69075842
  0
LWPOLYLINE
  5
20E72
100
AcDbEntity
  8
0
100
AcDbPolyline
 70
0
 90
2
 10
694426.329372042
 20
6236421.20104554
 10
694434.740783674
 20
6236431.58300606
  0
LWPOLYLINE
  5
20E73
100
AcDbEntity
  8
0
100
AcDbPolyline
 70
0
 90
2
 10
694434.740783674
 20
6236431.58300606
 10
694440.044531937
 20
6236442.44761716
  0
LWPOLYLINE
  5
20E74
100
AcDbEntity
  8
0
100
AcDbPolyline
 70
0
 90
2
 10
694440.044531937
 20
6236442.44761716
 10
694440.713915716
 20
6236453.10108051
  0
LWPOLYLINE
  5
20E75
100
AcDbEntity
  8
0
100
AcDbPolyline
 70
0
 90
2
 10
694440.713915716
 20
6236453.10108051
 10
694446.350900735
 20
6236457.604877
  0
LWPOLYLINE
  5
20E76
100
AcDbEntity
  8
0
100
AcDbPolyline
 70
0
 90
2
 10
694445.9533003
 20
6236464.83222535
 10
694446.350900735
 20
6236457.604877
  0
LWPOLYLINE
  5
20E77
100
AcDbEntity
  8
0
100
AcDbPolyline
 70
0
 90
2
 10
694445.9533003
 20
6236464.83222535
 10
694451.343445928
 20
6236479.65793125
  0
LWPOLYLINE
  5
20E78
100
AcDbEntity
  8
0
100
AcDbPolyline
 70
0
 90
2
 10
694451.343445928
 20
6236479.65793125
 10
694452.948057114
 20
6236495.5373088
  0
LWPOLYLINE
  5
20E79
100
AcDbEntity
  8
0
100
AcDbPolyline
 70
0
 90
2
 10
694667.464668542
 20
6236852.04210004
 10
694667.771867795
 20
6236833.06177056
  0
LWPOLYLINE
  5
20E7A
100
AcDbEntity
  8
0
100
AcDbPolyline
 70
0
 90
2
 10
694654.394155948
 20
6236788.14249986
 10
694667.771867795
 20
6236833.06177056
  0
LWPOLYLINE
  5
20E7B
100
AcDbEntity
  8
0
100
AcDbPolyline
 70
0
 90
2
 10
694649.171100449
 20
6236739.05847584
 10
694654.394155948
 20
6236788.14249986
  0
LWPOLYLINE
  5
20E7C
100
AcDbEntity
  8
0
100
AcDbPolyline
 70
0
 90
2
 10
694329.626193639
 20
6236738.14904866
 10
694341.791370407
 20
6236744.47715273
  0
LWPOLYLINE
  5
20E7D
100
AcDbEntity
  8
0
100
AcDbPolyline
 70
0
 90
2
 10
694314.982821422
 20
6236727.48347291
 10
694329.626193639
 20
6236738.14904866
  0
LWPOLYLINE
  5
20E7E
100
AcDbEntity
  8
0
100
AcDbPolyline
 70
0
 90
2
 10
694288.601941972
 20
6236713.90923627
 10
694314.982821422
 20
6236727.48347291
  0
LWPOLYLINE
  5
20E7F
100
AcDbEntity
  8
0
100
AcDbPolyline
 70
0
 90
2
 10
694137.802409691
 20
6236672.81396031
 10
694288.601941972
 20
6236713.90923627
  0
LWPOLYLINE
  5
20E80
100
AcDbEntity
  8
0
100
AcDbPolyline
 70
0
 90
2
 10
694125.957641174
 20
6236671.30532485
 10
694137.802409691
 20
6236672.81396031
  0
LWPOLYLINE
  5
20E81
100
AcDbEntity
  8
0
100
AcDbPolyline
 70
0
 90
2
 10
694110.791083898
 20
6236667.89556737
 10
694125.957641174
 20
6236671.30532485
  0
LWPOLYLINE
  5
20E82
100
AcDbEntity
  8
0
100
AcDbPolyline
 70
0
 90
2
 10
694087.671801541
 20
6236660.80239233
 10
694110.791083898
 20
6236667.89556737
  0
LWPOLYLINE
  5
20E83
100
AcDbEntity
  8
0
100
AcDbPolyline
 70
0
 90
2
 10
694053.284406605
 20
6236652.89595132
 10
694087.671801541
 20
6236660.80239233
  0
LWPOLYLINE
  5
20E84
100
AcDbEntity
  8
0
100
AcDbPolyline
 70
0
 90
2
 10
694017.122774359
 20
6236632.12374724
 10
694053.284406605
 20
6236652.89595132
  0
LWPOLYLINE
  5
20E85
100
AcDbEntity
  8
0
100
AcDbPolyline
 70
0
 90
2
 10
694341.791370407
 20
6236744.47715273
 10
694352.699010109
 20
6236698.26860491
  0
LWPOLYLINE
  5
20E86
100
AcDbEntity
  8
0
100
AcDbPolyline
 70
0
 90
2
 10
694352.699010109
 20
6236698.26860491
 10
694363.800457024
 20
6236654.48776989
  0
LWPOLYLINE
  5
20E87
100
AcDbEntity
  8
0
100
AcDbPolyline
 70
0
 90
2
 10
694363.800457024
 20
6236654.48776989
 10
694375.167675382
 20
6236636.7692715
  0
LWPOLYLINE
  5
20E88
100
AcDbEntity
  8
0
100
AcDbPolyline
 70
0
 90
2
 10
697895.108870834
 20
6236558.7761995
 10
697913.452478595
 20
6236588.44310142
  0
LWPOLYLINE
  5
20E89
100
AcDbEntity
  8
0
100
AcDbPolyline
 70
0
 90
2
 10
697887.041529428
 20
6236542.61728823
 10
697895.108870834
 20
6236558.7761995
  0
LWPOLYLINE
  5
20E8A
100
AcDbEntity
  8
0
100
AcDbPolyline
 70
0
 90
2
 10
697885.417342337
 20
6236533.05548114
 10
697887.041529427
 20
6236542.61728823
  0
LWPOLYLINE
  5
20E8B
100
AcDbEntity
  8
0
100
AcDbPolyline
 70
0
 90
2
 10
697885.417342337
 20
6236533.05548114
 10
697890.391333594
 20
6236520.05409004
  0
LWPOLYLINE
  5
20E8C
100
AcDbEntity
  8
0
100
AcDbPolyline
 70
0
 90
2
 10
697890.391333593
 20
6236520.05409004
 10
697894.973253942
 20
6236513.90136036
  0
LWPOLYLINE
  5
20E8D
100
AcDbEntity
  8
0
100
AcDbPolyline
 70
0
 90
2
 10
697894.973253944
 20
6236513.90136036
 10
697901.954975617
 20
6236507.94910233
  0
LWPOLYLINE
  5
20E8E
100
AcDbEntity
  8
0
100
AcDbPolyline
 70
0
 90
2
 10
697901.954975617
 20
6236507.94910233
 10
697903.605308773
 20
6236500.88010917
  0
LWPOLYLINE
  5
20E8F
100
AcDbEntity
  8
0
100
AcDbPolyline
 70
0
 90
2
 10
697896.51272669
 20
6236486.46080557
 10
697903.605308773
 20
6236500.88010917
  0
LWPOLYLINE
  5
20E90
100
AcDbEntity
  8
0
100
AcDbPolyline
 70
0
 90
2
 10
697885.039240587
 20
6236461.40434989
 10
697896.51272669
 20
6236486.46080557
  0
LWPOLYLINE
  5
20E91
100
AcDbEntity
  8
0
100
AcDbPolyline
 70
0
 90
2
 10
697872.451882395
 20
6236435.59399941
 10
697885.039240587
 20
6236461.40434989
  0
LWPOLYLINE
  5
20E92
100
AcDbEntity
  8
0
100
AcDbPolyline
 70
0
 90
2
 10
697779.691489627
 20
6236367.59759621
 10
697824.67141578
 20
6236462.55175939
  0
LWPOLYLINE
  5
20E93
100
AcDbEntity
  8
0
100
AcDbPolyline
 70
0
 90
2
 10
697864.235582871
 20
6236325.41060178
 10
697904.025185087
 20
6236418.05161649
  0
LWPOLYLINE
  5
20E94
100
AcDbEntity
  8
0
100
AcDbPolyline
 70
0
 90
2
 10
697901.954975617
 20
6236507.94910233
 10
697915.11106559
 20
6236511.84772695
  0
LWPOLYLINE
  5
20E95
100
AcDbEntity
  8
0
100
AcDbPolyline
 70
0
 90
2
 10
697915.11106559
 20
6236511.84772695
 10
698015.306315577
 20
6236462.98774784
  0
LWPOLYLINE
  5
20E96
100
AcDbEntity
  8
0
100
AcDbPolyline
 70
0
 90
2
 10
698015.306315577
 20
6236462.98774784
 10
698042.031037109
 20
6236461.22918073
  0
LWPOLYLINE
  5
20E97
100
AcDbEntity
  8
0
100
AcDbPolyline
 70
0
 90
2
 10
698042.031037109
 20
6236461.22918073
 10
698052.851534556
 20
6236485.75417657
  0
LWPOLYLINE
  5
20E98
100
AcDbEntity
  8
0
100
AcDbPolyline
 70
0
 90
2
 10
698052.851534556
 20
6236485.75417657
 10
698065.945714232
 20
6236514.6653741
  0
LWPOLYLINE
  5
20E99
100
AcDbEntity
  8
0
100
AcDbPolyline
 70
0
 90
2
 10
697946.333572476
 20
6236433.45764958
 10
697958.528621459
 20
6236459.01595157
  0
LWPOLYLINE
  5
20E9A
100
AcDbEntity
  8
0
100
AcDbPolyline
 70
0
 90
2
 10
697932.860857375
 20
6236404.11688079
 10
697946.333572476
 20
6236433.45764958
  0
LWPOLYLINE
  5
20E9B
100
AcDbEntity
  8
0
100
AcDbPolyline
 70
0
 90
2
 10
697941.39782014
 20
6236203.04463617
 10
698020.53964049
 20
6236162.83937098
  0
LWPOLYLINE
  5
20E9C
100
AcDbEntity
  8
0
100
AcDbPolyline
 70
0
 90
2
 10
698020.539640489
 20
6236162.83937098
 10
698021.899660441
 20
6236161.23034949
  0
LWPOLYLINE
  5
20E9D
100
AcDbEntity
  8
0
100
AcDbPolyline
 70
0
 90
2
 10
698021.899660441
 20
6236161.23034949
 10
698050.830007547
 20
6236126.96765722
  0
LWPOLYLINE
  5
20E9E
100
AcDbEntity
  8
0
100
AcDbPolyline
 70
0
 90
2
 10
697810.661634195
 20
6236340.29484671
 10
697864.235582872
 20
6236325.41060178
  0
LWPOLYLINE
  5
20E9F
100
AcDbEntity
  8
0
100
AcDbPolyline
 70
0
 90
2
 10
697864.235582872
 20
6236325.41060178
 10
697906.354039005
 20
6236296.19521527
  0
LWPOLYLINE
  5
20EA0
100
AcDbEntity
  8
0
100
AcDbPolyline
 70
0
 90
2
 10
697906.354039005
 20
6236296.19521527
 10
697909.005971998
 20
6236286.27432726
  0
LWPOLYLINE
  5
20EA1
100
AcDbEntity
  8
0
100
AcDbPolyline
 70
0
 90
2
 10
697909.005971998
 20
6236286.27432726
 10
697923.952668078
 20
6236297.50181913
  0
LWPOLYLINE
  5
20EA2
100
AcDbEntity
  8
0
100
AcDbPolyline
 70
0
 90
2
 10
697923.952668078
 20
6236297.50181913
 10
697933.172855034
 20
6236312.9116189
  0
LWPOLYLINE
  5
20EA3
100
AcDbEntity
  8
0
100
AcDbPolyline
 70
0
 90
2
 10
697933.172855034
 20
6236312.9116189
 10
697945.111170813
 20
6236321.25739523
  0
LWPOLYLINE
  5
20EA4
100
AcDbEntity
  8
0
100
AcDbPolyline
 70
0
 90
2
 10
697779.691489628
 20
6236367.59759621
 10
697786.560380617
 20
6236350.14690451
  0
LWPOLYLINE
  5
20EA5
100
AcDbEntity
  8
0
100
AcDbPolyline
 70
0
 90
2
 10
697786.560380617
 20
6236350.14690451
 10
697810.661634196
 20
6236340.29484671
  0
LWPOLYLINE
  5
20EA6
100
AcDbEntity
  8
0
100
AcDbPolyline
 70
0
 90
2
 10
697797.109549104
 20
6236330.86024811
 10
697810.661634195
 20
6236340.29484671
  0
LWPOLYLINE
  5
20EA7
100
AcDbEntity
  8
0
100
AcDbPolyline
 70
0
 90
2
 10
697945.111170813
 20
6236321.25739523
 10
697977.458193937
 20
6236383.16598333
  0
LWPOLYLINE
  5
20EA8
100
AcDbEntity
  8
0
100
AcDbPolyline
 70
0
 90
2
 10
697886.817510907
 20
6236242.40577688
 10
697904.76997317
 20
6236231.26583195
  0
LWPOLYLINE
  5
20EA9
100
AcDbEntity
  8
0
100
AcDbPolyline
 70
0
 90
2
 10
697945.111170812
 20
6236321.25739523
 10
697953.153110275
 20
6236310.66128657
  0
LWPOLYLINE
  5
20EAA
100
AcDbEntity
  8
0
100
AcDbPolyline
 70
0
 90
2
 10
697920.849315932
 20
6236256.63621336
 10
697953.153110275
 20
6236310.66128657
  0
LWPOLYLINE
  5
20EAB
100
AcDbEntity
  8
0
100
AcDbPolyline
 70
0
 90
2
 10
697904.769973171
 20
6236231.26583195
 10
697920.849315932
 20
6236256.63621336
  0
LWPOLYLINE
  5
20EAC
100
AcDbEntity
  8
0
100
AcDbPolyline
 70
0
 90
2
 10
697904.76997317
 20
6236231.26583195
 10
697941.39782014
 20
6236203.04463617
  0
LWPOLYLINE
  5
20EAD
100
AcDbEntity
  8
0
100
AcDbPolyline
 70
0
 90
2
 10
697767.919532674
 20
6235658.76659119
 10
697798.236790138
 20
6235660.39422522
  0
LWPOLYLINE
  5
20EAE
100
AcDbEntity
  8
0
100
AcDbPolyline
 70
0
 90
2
 10
697798.236790138
 20
6235660.39422522
 10
697815.74002225
 20
6235681.23723201
  0
LWPOLYLINE
  5
20EAF
100
AcDbEntity
  8
0
100
AcDbPolyline
 70
0
 90
2
 10
697815.740022251
 20
6235681.23723201
 10
697821.460571787
 20
6235704.53292662
  0
LWPOLYLINE
  5
20EB0
100
AcDbEntity
  8
0
100
AcDbPolyline
 70
0
 90
2
 10
697845.804458037
 20
6236636.84096288
 10
697977.089721426
 20
6236579.69008943
  0
LWPOLYLINE
  5
20EB1
100
AcDbEntity
  8
0
100
AcDbPolyline
 70
0
 90
2
 10
697703.454706085
 20
6236704.54125273
 10
697845.804458037
 20
6236636.84096288
  0
LWPOLYLINE
  5
20EB2
100
AcDbEntity
  8
0
100
AcDbPolyline
 70
0
 90
2
 10
697566.165663302
 20
6236769.38130707
 10
697703.454706085
 20
6236704.54125273
  0
LWPOLYLINE
  5
20EB3
100
AcDbEntity
  8
0
100
AcDbPolyline
 70
0
 90
2
 10
697428.734557875
 20
6236832.15665296
 10
697566.165663302
 20
6236769.38130707
  0
LWPOLYLINE
  5
20EB4
100
AcDbEntity
  8
0
100
AcDbPolyline
 70
0
 90
2
 10
697292.690309033
 20
6236898.60087337
 10
697428.734557875
 20
6236832.15665296
  0
LWPOLYLINE
  5
20EB5
100
AcDbEntity
  8
0
100
AcDbPolyline
 70
0
 90
2
 10
697095.935792742
 20
6236994.18147985
 10
697292.690309033
 20
6236898.60087337
  0
LWPOLYLINE
  5
20EB6
100
AcDbEntity
  8
0
100
AcDbPolyline
 70
0
 90
2
 10
696917.947636626
 20
6237074.23894533
 10
697095.935792742
 20
6236994.18147985
  0
LWPOLYLINE
  5
20EB7
100
AcDbEntity
  8
0
100
AcDbPolyline
 70
0
 90
2
 10
696888.612585206
 20
6237088.41335863
 10
696917.947636626
 20
6237074.23894533
  0
LWPOLYLINE
  5
20EB8
100
AcDbEntity
  8
0
100
AcDbPolyline
 70
0
 90
2
 10
696786.926065643
 20
6237137.54126731
 10
696888.612585206
 20
6237088.41335863
  0
LWPOLYLINE
  5
20EB9
100
AcDbEntity
  8
0
100
AcDbPolyline
 70
0
 90
2
 10
696680.996308996
 20
6237188.95052682
 10
696786.926065643
 20
6237137.54126731
  0
LWPOLYLINE
  5
20EBA
100
AcDbEntity
  8
0
100
AcDbPolyline
 70
0
 90
2
 10
697428.734557879
 20
6236832.15665296
 10
697465.255734225
 20
6236904.2647034
  0
LWPOLYLINE
  5
20EBB
100
AcDbEntity
  8
0
100
AcDbPolyline
 70
0
 90
2
 10
697465.255734225
 20
6236904.2647034
 10
697496.394933451
 20
6236969.49133572
  0
LWPOLYLINE
  5
20EBC
100
AcDbEntity
  8
0
100
AcDbPolyline
 70
0
 90
2
 10
697873.04049102
 20
6236575.15406399
 10
697895.108870835
 20
6236558.7761995
  0
LWPOLYLINE
  5
20EBD
100
AcDbEntity
  8
0
100
AcDbPolyline
 70
0
 90
2
 10
697845.225847207
 20
6236589.86103917
 10
697873.04049102
 20
6236575.15406399
  0
LWPOLYLINE
  5
20EBE
100
AcDbEntity
  8
0
100
AcDbPolyline
 70
0
 90
2
 10
697792.496753145
 20
6236621.14892008
 10
697845.225847207
 20
6236589.86103917
  0
LWPOLYLINE
  5
20EBF
100
AcDbEntity
  8
0
100
AcDbPolyline
 70
0
 90
2
 10
697684.310336141
 20
6236672.17397436
 10
697792.496753145
 20
6236621.14892008
  0
LWPOLYLINE
  5
20EC0
100
AcDbEntity
  8
0
100
AcDbPolyline
 70
0
 90
2
 10
697549.170728404
 20
6236735.36405183
 10
697684.310336141
 20
6236672.17397436
  0
LWPOLYLINE
  5
20EC1
100
AcDbEntity
  8
0
100
AcDbPolyline
 70
0
 90
2
 10
697413.071718723
 20
6236797.1091786
 10
697549.170728404
 20
6236735.36405183
  0
LWPOLYLINE
  5
20EC2
100
AcDbEntity
  8
0
100
AcDbPolyline
 70
0
 90
2
 10
697275.673335036
 20
6236865.02968015
 10
697413.071718723
 20
6236797.1091786
  0
LWPOLYLINE
  5
20EC3
100
AcDbEntity
  8
0
100
AcDbPolyline
 70
0
 90
2
 10
697080.648573396
 20
6236962.11789274
 10
697275.673335036
 20
6236865.02968015
  0
LWPOLYLINE
  5
20EC4
100
AcDbEntity
  8
0
100
AcDbPolyline
 70
0
 90
2
 10
697027.642611212
 20
6236980.95018485
 10
697080.648573396
 20
6236962.11789274
  0
LWPOLYLINE
  5
20EC5
100
AcDbEntity
  8
0
100
AcDbPolyline
 70
0
 90
2
 10
696758.094978998
 20
6236931.33572663
 10
696806.776898177
 20
6236902.85894342
  0
LWPOLYLINE
  5
20EC6
100
AcDbEntity
  8
0
100
AcDbPolyline
 70
0
 90
2
 10
696806.776898177
 20
6236902.85894342
 10
696866.817662738
 20
6236865.43152327
  0
LWPOLYLINE
  5
20EC7
100
AcDbEntity
  8
0
100
AcDbPolyline
 70
0
 90
2
 10
696866.817662738
 20
6236865.43152327
 10
696927.626711486
 20
6236830.21405941
  0
LWPOLYLINE
  5
20EC8
100
AcDbEntity
  8
0
100
AcDbPolyline
 70
0
 90
2
 10
696956.450021047
 20
6237024.3371457
 10
697031.032982794
 20
6236988.59774587
  0
LWPOLYLINE
  5
20EC9
100
AcDbEntity
  8
0
100
AcDbPolyline
 70
0
 90
2
 10
696887.708803459
 20
6237059.43324963
 10
696956.450021047
 20
6237024.3371457
  0
LWPOLYLINE
  5
20ECA
100
AcDbEntity
  8
0
100
AcDbPolyline
 70
0
 90
2
 10
696882.899741124
 20
6237059.92476482
 10
696887.708803459
 20
6237059.43324963
  0
LWPOLYLINE
  5
20ECB
100
AcDbEntity
  8
0
100
AcDbPolyline
 70
0
 90
2
 10
696840.863880744
 20
6237064.26119572
 10
696882.899741124
 20
6237059.92476482
  0
LWPOLYLINE
  5
20ECC
100
AcDbEntity
  8
0
100
AcDbPolyline
 70
0
 90
2
 10
696783.664379647
 20
6237097.08224076
 10
696840.863880744
 20
6237064.26119572
  0
LWPOLYLINE
  5
20ECD
100
AcDbEntity
  8
0
100
AcDbPolyline
 70
0
 90
2
 10
696727.540141018
 20
6237128.54901573
 10
696783.664379647
 20
6237097.08224076
  0
LWPOLYLINE
  5
20ECE
100
AcDbEntity
  8
0
100
AcDbPolyline
 70
0
 90
2
 10
696663.973752536
 20
6237164.32183659
 10
696727.540141018
 20
6237128.54901573
  0
LWPOLYLINE
  5
20ECF
100
AcDbEntity
  8
0
100
AcDbPolyline
 70
0
 90
2
 10
696705.664018508
 20
6236720.36410531
 10
696762.629390389
 20
6236680.18490194
  0
LWPOLYLINE
  5
20ED0
100
AcDbEntity
  8
0
100
AcDbPolyline
 70
0
 90
2
 10
696691.002178888
 20
6236725.83040166
 10
696705.664018508
 20
6236720.36410531
  0
LWPOLYLINE
  5
20ED1
100
AcDbEntity
  8
0
100
AcDbPolyline
 70
0
 90
2
 10
696645.222882604
 20
6236757.98716167
 10
696691.002178888
 20
6236725.83040166
  0
LWPOLYLINE
  5
20ED2
100
AcDbEntity
  8
0
100
AcDbPolyline
 70
0
 90
2
 10
696758.094978809
 20
6236931.33572633
 10
696840.863880744
 20
6237064.26119572
  0
LWPOLYLINE
  5
20ED3
100
AcDbEntity
  8
0
100
AcDbPolyline
 70
0
 90
2
 10
696754.002308094
 20
6236924.77076154
 10
696758.094978809
 20
6236931.33572633
  0
LWPOLYLINE
  5
20ED4
100
AcDbEntity
  8
0
100
AcDbPolyline
 70
0
 90
2
 10
696689.348278022
 20
6236968.98746984
 10
696754.002308094
 20
6236924.77076154
  0
LWPOLYLINE
  5
20ED5
100
AcDbEntity
  8
0
100
AcDbPolyline
 70
0
 90
2
 10
696696.439223759
 20
6236837.92151658
 10
696754.002308093
 20
6236924.77076154
  0
LWPOLYLINE
  5
20ED6
100
AcDbEntity
  8
0
100
AcDbPolyline
 70
0
 90
2
 10
696672.359502108
 20
6236808.64245706
 10
696696.439223759
 20
6236837.92151658
  0
LWPOLYLINE
  5
20ED7
100
AcDbEntity
  8
0
100
AcDbPolyline
 70
0
 90
2
 10
696645.222882604
 20
6236757.98716167
 10
696672.359502108
 20
6236808.64245706
  0
LWPOLYLINE
  5
20ED8
100
AcDbEntity
  8
0
100
AcDbPolyline
 70
0
 90
2
 10
696616.936627063
 20
6236718.92798993
 10
696645.222882604
 20
6236757.98716167
  0
LWPOLYLINE
  5
20ED9
100
AcDbEntity
  8
0
100
AcDbPolyline
 70
0
 90
2
 10
696591.263057586
 20
6236680.95921787
 10
696616.936627063
 20
6236718.92798993
  0
LWPOLYLINE
  5
20EDA
100
AcDbEntity
  8
0
100
AcDbPolyline
 70
0
 90
2
 10
696550.699954332
 20
6236622.1171572
 10
696591.263057585
 20
6236680.95921787
  0
LWPOLYLINE
  5
20EDB
100
AcDbEntity
  8
0
100
AcDbPolyline
 70
0
 90
2
 10
696475.40054488
 20
6236516.42956881
 10
696550.699954333
 20
6236622.1171572
  0
LWPOLYLINE
  5
20EDC
100
AcDbEntity
  8
0
100
AcDbPolyline
 70
0
 90
2
 10
697895.108870835
 20
6236558.7761995
 10
698010.731978947
 20
6236504.29988236
  0
LWPOLYLINE
  5
20EDD
100
AcDbEntity
  8
0
100
AcDbPolyline
 70
0
 90
2
 10
697511.717472074
 20
6236664.87313567
 10
697561.171724652
 20
6236639.34962918
  0
LWPOLYLINE
  5
20EDE
100
AcDbEntity
  8
0
100
AcDbPolyline
 70
0
 90
2
 10
697648.096893234
 20
6236593.98059025
 10
697693.884814447
 20
6236571.3765429
  0
LWPOLYLINE
  5
20EDF
100
AcDbEntity
  8
0
100
AcDbPolyline
 70
0
 90
2
 10
697765.482795408
 20
6236532.17766471
 10
697809.289567744
 20
6236511.62326871
  0
LWPOLYLINE
  5
20EE0
100
AcDbEntity
  8
0
100
AcDbPolyline
 70
0
 90
2
 10
697860.185306001
 20
6236474.37579125
 10
697872.526494263
 20
6236482.59515058
  0
LWPOLYLINE
  5
20EE1
100
AcDbEntity
  8
0
100
AcDbPolyline
 70
0
 90
2
 10
697872.526494262
 20
6236482.59515058
 10
697896.51272669
 20
6236486.46080557
  0
LWPOLYLINE
  5
20EE2
100
AcDbEntity
  8
0
100
AcDbPolyline
 70
0
 90
2
 10
697843.554404857
 20
6236490.78298223
 10
697872.526494262
 20
6236482.59515058
  0
LWPOLYLINE
  5
20EE3
100
AcDbEntity
  8
0
100
AcDbPolyline
 70
0
 90
2
 10
697885.039240586
 20
6236461.40434989
 10
697915.910872493
 20
6236446.80590085
  0
LWPOLYLINE
  5
20EE4
100
AcDbEntity
  8
0
100
AcDbPolyline
 70
0
 90
2
 10
697915.910872493
 20
6236446.80590085
 10
697946.333572479
 20
6236433.45764959
  0
LWPOLYLINE
  5
20EE5
100
AcDbEntity
  8
0
100
AcDbPolyline
 70
0
 90
2
 10
697904.025185087
 20
6236418.05161649
 10
697915.910872493
 20
6236446.80590085
  0
LWPOLYLINE
  5
20EE6
100
AcDbEntity
  8
0
100
AcDbPolyline
 70
0
 90
2
 10
697838.11066736
 20
6236484.99032851
 10
697860.185306001
 20
6236474.37579125
  0
LWPOLYLINE
  5
20EE7
100
AcDbEntity
  8
0
100
AcDbPolyline
 70
0
 90
2
 10
697860.185306001
 20
6236474.37579125
 10
697885.039240586
 20
6236461.40434989
  0
LWPOLYLINE
  5
20EE8
100
AcDbEntity
  8
0
100
AcDbPolyline
 70
0
 90
2
 10
696405.222107334
 20
6237439.75589117
 10
696531.989804444
 20
6237325.21476833
  0
LWPOLYLINE
  5
20EE9
100
AcDbEntity
  8
0
100
AcDbPolyline
 70
0
 90
2
 10
696786.926065866
 20
6237137.5412672
 10
696808.513049721
 20
6237180.96356791
  0
LWPOLYLINE
  5
20EEA
100
AcDbEntity
  8
0
100
AcDbPolyline
 70
0
 90
2
 10
697902.209291
 20
6236104.90212935
 10
697905.391298302
 20
6236089.57700279
  0
LWPOLYLINE
  5
20EEB
100
AcDbEntity
  8
0
100
AcDbPolyline
 70
0
 90
2
 10
697905.391298302
 20
6236089.57700279
 10
697917.448618135
 20
6236088.14070171
  0
LWPOLYLINE
  5
20EEC
100
AcDbEntity
  8
0
100
AcDbPolyline
 70
0
 90
2
 10
697917.448618135
 20
6236088.14070171
 10
697919.321212118
 20
6236072.93322257
  0
LWPOLYLINE
  5
20EED
100
AcDbEntity
  8
0
100
AcDbPolyline
 70
0
 90
2
 10
697919.321212118
 20
6236072.93322257
 10
697920.94191928
 20
6236059.54224668
  0
LWPOLYLINE
  5
20EEE
100
AcDbEntity
  8
0
100
AcDbPolyline
 70
0
 90
2
 10
697920.94191928
 20
6236059.54224668
 10
697924.863391214
 20
6236043.27044289
  0
LWPOLYLINE
  5
20EEF
100
AcDbEntity
  8
0
100
AcDbPolyline
 70
0
 90
2
 10
697920.813301479
 20
6236027.23094816
 10
697924.863391214
 20
6236043.27044289
  0
LWPOLYLINE
  5
20EF0
100
AcDbEntity
  8
0
100
AcDbPolyline
 70
0
 90
2
 10
697916.963469619
 20
6236030.44125679
 10
697920.813301477
 20
6236027.23094816
  0
LWPOLYLINE
  5
20EF1
100
AcDbEntity
  8
0
100
AcDbPolyline
 70
0
 90
2
 10
697920.813301477
 20
6236027.23094816
 10
697949.879704218
 20
6236000.34235942
  0
LWPOLYLINE
  5
20EF2
100
AcDbEntity
  8
0
100
AcDbPolyline
 70
0
 90
2
 10
694311.829114999
 20
6233229.95020468
 10
694352.427030979
 20
6233224.04989316
  0
LWPOLYLINE
  5
20EF3
100
AcDbEntity
  8
0
100
AcDbPolyline
 70
0
 90
2
 10
694300.098137178
 20
6233224.08851
 10
694311.829114997
 20
6233229.95020468
  0
LWPOLYLINE
  5
20EF4
100
AcDbEntity
  8
0
100
AcDbPolyline
 70
0
 90
2
 10
694295.820696032
 20
6233208.16588948
 10
694300.098137178
 20
6233224.08851
  0
LWPOLYLINE
  5
20EF5
100
AcDbEntity
  8
0
100
AcDbPolyline
 70
0
 90
2
 10
694289.845800625
 20
6233185.71210452
 10
694295.820696032
 20
6233208.16588948
  0
LWPOLYLINE
  5
20EF6
100
AcDbEntity
  8
0
100
AcDbPolyline
 70
0
 90
2
 10
694281.605562684
 20
6233168.94048597
 10
694289.845800625
 20
6233185.71210452
  0
LWPOLYLINE
  5
20EF7
100
AcDbEntity
  8
0
100
AcDbPolyline
 70
0
 90
2
 10
694270.506645212
 20
6233149.17418063
 10
694281.605562684
 20
6233168.94048597
  0
LWPOLYLINE
  5
20EF8
100
AcDbEntity
  8
0
100
AcDbPolyline
 70
0
 90
2
 10
694258.910423026
 20
6233147.72171441
 10
694270.506645212
 20
6233149.17418063
  0
LWPOLYLINE
  5
20EF9
100
AcDbEntity
  8
0
100
AcDbPolyline
 70
0
 90
2
 10
694219.299631892
 20
6233153.90190566
 10
694258.910423026
 20
6233147.72171441
  0
LWPOLYLINE
  5
20EFA
100
AcDbEntity
  8
0
100
AcDbPolyline
 70
0
 90
2
 10
694187.820079446
 20
6233157.11915717
 10
694219.299631892
 20
6233153.90190566
  0
LWPOLYLINE
  5
20EFB
100
AcDbEntity
  8
0
100
AcDbPolyline
 70
0
 90
2
 10
694162.375728874
 20
6233162.75108662
 10
694187.820079446
 20
6233157.11915717
  0
LWPOLYLINE
  5
20EFC
100
AcDbEntity
  8
0
100
AcDbPolyline
 70
0
 90
2
 10
694290.228357564
 20
6233228.53307444
 10
694311.829114997
 20
6233229.95020468
  0
LWPOLYLINE
  5
20EFD
100
AcDbEntity
  8
0
100
AcDbPolyline
 70
0
 90
2
 10
694261.150881357
 20
6233230.30959758
 10
694290.228357564
 20
6233228.53307444
  0
LWPOLYLINE
  5
20EFE
100
AcDbEntity
  8
0
100
AcDbPolyline
 70
0
 90
2
 10
694242.983248869
 20
6233248.76742674
 10
694261.150881358
 20
6233230.30959758
  0
LWPOLYLINE
  5
20EFF
100
AcDbEntity
  8
0
100
AcDbPolyline
 70
0
 90
2
 10
694223.287983231
 20
6233264.06822218
 10
694242.983248865
 20
6233248.76742674
  0
LWPOLYLINE
  5
20F00
100
AcDbEntity
  8
0
100
AcDbPolyline
 70
0
 90
2
 10
694205.278865771
 20
6233271.66531682
 10
694223.287983231
 20
6233264.06822218
  0
LWPOLYLINE
  5
20F01
100
AcDbEntity
  8
0
100
AcDbPolyline
 70
0
 90
2
 10
694196.509116657
 20
6233275.42440425
 10
694205.278865771
 20
6233271.66531682
  0
LWPOLYLINE
  5
20F02
100
AcDbEntity
  8
0
100
AcDbPolyline
 70
0
 90
2
 10
694188.594460238
 20
6233278.14114191
 10
694196.509116657
 20
6233275.42440425
  0
LWPOLYLINE
  5
20F03
100
AcDbEntity
  8
0
100
AcDbPolyline
 70
0
 90
2
 10
696882.899741124
 20
6237059.92476482
 10
696888.36646207
 20
6237071.14597189
  0
LWPOLYLINE
  5
20F04
100
AcDbEntity
  8
0
100
AcDbPolyline
 70
0
 90
2
 10
696806.776898175
 20
6236902.85894342
 10
696882.899741124
 20
6237059.92476482
  0
LWPOLYLINE
  5
20F05
100
AcDbEntity
  8
0
100
AcDbPolyline
 70
0
 90
2
 10
696781.887648209
 20
6236855.48325698
 10
696806.776898175
 20
6236902.85894342
  0
LWPOLYLINE
  5
20F06
100
AcDbEntity
  8
0
100
AcDbPolyline
 70
0
 90
2
 10
696729.962177561
 20
6236767.13231702
 10
696781.887648209
 20
6236855.48325698
  0
LWPOLYLINE
  5
20F07
100
AcDbEntity
  8
0
100
AcDbPolyline
 70
0
 90
2
 10
696705.664018509
 20
6236720.36410531
 10
696729.962177561
 20
6236767.13231702
  0
LWPOLYLINE
  5
20F08
100
AcDbEntity
  8
0
100
AcDbPolyline
 70
0
 90
2
 10
696685.915138178
 20
6236686.2795371
 10
696705.664018509
 20
6236720.36410531
  0
LWPOLYLINE
  5
20F09
100
AcDbEntity
  8
0
100
AcDbPolyline
 70
0
 90
2
 10
696627.841171239
 20
6236619.84092213
 10
696685.915138178
 20
6236686.2795371
  0
LWPOLYLINE
  5
20F0A
100
AcDbEntity
  8
0
100
AcDbPolyline
 70
0
 90
2
 10
696599.48417634
 20
6236587.27753155
 10
696627.841171239
 20
6236619.84092213
  0
LWPOLYLINE
  5
20F0B
100
AcDbEntity
  8
0
100
AcDbPolyline
 70
0
 90
2
 10
696550.699954351
 20
6236622.11715723
 10
696599.48417634
 20
6236587.27753155
  0
LWPOLYLINE
  5
20F0C
100
AcDbEntity
  8
0
100
AcDbPolyline
 70
0
 90
2
 10
696505.41042656
 20
6236652.00163786
 10
696550.699954351
 20
6236622.11715723
  0
LWPOLYLINE
  5
20F0D
100
AcDbEntity
  8
0
100
AcDbPolyline
 70
0
 90
2
 10
696462.906669938
 20
6236678.70408806
 10
696505.41042656
 20
6236652.00163786
  0
LWPOLYLINE
  5
20F0E
100
AcDbEntity
  8
0
100
AcDbPolyline
 70
0
 90
2
 10
697729.129765352
 20
6235231.04940824
 10
697733.505393408
 20
6235174.65668453
  0
LWPOLYLINE
  5
20F0F
100
AcDbEntity
  8
0
100
AcDbPolyline
 70
0
 90
2
 10
697707.333386988
 20
6235172.63088363
 10
697733.505393408
 20
6235174.65668453
  0
LWPOLYLINE
  5
20F10
100
AcDbEntity
  8
0
100
AcDbPolyline
 70
0
 90
2
 10
697496.058153072
 20
6235209.82748835
 10
697509.430101472
 20
6235252.2487036
  0
LWPOLYLINE
  5
20F11
100
AcDbEntity
  8
0
100
AcDbPolyline
 70
0
 90
2
 10
697509.430101471
 20
6235252.2487036
 10
697535.794820675
 20
6235316.13901138
  0
LWPOLYLINE
  5
20F12
100
AcDbEntity
  8
0
100
AcDbPolyline
 70
0
 90
2
 10
697535.794820675
 20
6235316.13901138
 10
697559.883525306
 20
6235375.10854885
  0
LWPOLYLINE
  5
20F13
100
AcDbEntity
  8
0
100
AcDbPolyline
 70
0
 90
2
 10
697559.883525307
 20
6235375.10854885
 10
697610.473617458
 20
6235512.92419241
  0
LWPOLYLINE
  5
20F14
100
AcDbEntity
  8
0
100
AcDbPolyline
 70
0
 90
2
 10
697610.473617457
 20
6235512.92419241
 10
697649.285725074
 20
6235582.19619441
  0
LWPOLYLINE
  5
20F15
100
AcDbEntity
  8
0
100
AcDbPolyline
 70
0
 90
2
 10
697649.285725074
 20
6235582.19619441
 10
697683.024267576
 20
6235615.09379252
  0
LWPOLYLINE
  5
20F16
100
AcDbEntity
  8
0
100
AcDbPolyline
 70
0
 90
2
 10
698006.89454677
 20
6235425.39216576
 10
698017.871958619
 20
6235415.01026117
  0
LWPOLYLINE
  5
20F17
100
AcDbEntity
  8
0
100
AcDbPolyline
 70
0
 90
2
 10
698017.871958619
 20
6235415.01026117
 10
698032.299664702
 20
6235402.68155913
  0
LWPOLYLINE
  5
20F18
100
AcDbEntity
  8
0
100
AcDbPolyline
 70
0
 90
2
 10
698032.299664701
 20
6235402.68155913
 10
698037.697501632
 20
6235390.21269773
  0
LWPOLYLINE
  5
20F19
100
AcDbEntity
  8
0
100
AcDbPolyline
 70
0
 90
2
 10
698034.594907295
 20
6235381.71932581
 10
698037.697501633
 20
6235390.21269773
  0
LWPOLYLINE
  5
20F1A
100
AcDbEntity
  8
0
100
AcDbPolyline
 70
0
 90
2
 10
698023.467308969
 20
6235361.19346975
 10
698034.594907295
 20
6235381.71932581
  0
LWPOLYLINE
  5
20F1B
100
AcDbEntity
  8
0
100
AcDbPolyline
 70
0
 90
2
 10
697930.082999934
 20
6235608.88437968
 10
697938.698988304
 20
6235611.78091053
  0
LWPOLYLINE
  5
20F1C
100
AcDbEntity
  8
0
100
AcDbPolyline
 70
0
 90
2
 10
697938.698988304
 20
6235611.78091053
 10
697948.827626292
 20
6235616.34168801
  0
LWPOLYLINE
  5
20F1D
100
AcDbEntity
  8
0
100
AcDbPolyline
 70
0
 90
2
 10
697948.827626292
 20
6235616.34168801
 10
697960.507833397
 20
6235616.50431337
  0
LWPOLYLINE
  5
20F1E
100
AcDbEntity
  8
0
100
AcDbPolyline
 70
0
 90
2
 10
697960.507833397
 20
6235616.50431337
 10
697967.966743937
 20
6235613.68433987
  0
LWPOLYLINE
  5
20F1F
100
AcDbEntity
  8
0
100
AcDbPolyline
 70
0
 90
2
 10
697967.966743937
 20
6235613.68433987
 10
697970.61736992
 20
6235611.2990869
  0
LWPOLYLINE
  5
20F20
100
AcDbEntity
  8
0
100
AcDbPolyline
 70
0
 90
2
 10
697970.61736992
 20
6235611.2990869
 10
697973.325175886
 20
6235605.94011621
  0
LWPOLYLINE
  5
20F21
100
AcDbEntity
  8
0
100
AcDbPolyline
 70
0
 90
2
 10
697973.115203538
 20
6235599.62091791
 10
697973.325175886
 20
6235605.94011621
  0
LWPOLYLINE
  5
20F22
100
AcDbEntity
  8
0
100
AcDbPolyline
 70
0
 90
2
 10
697882.766159714
 20
6236238.98517017
 10
697883.72627158
 20
6236233.81267648
  0
LWPOLYLINE
  5
20F23
100
AcDbEntity
  8
0
100
AcDbPolyline
 70
0
 90
2
 10
697880.948640115
 20
6236229.03540208
 10
697883.72627158
 20
6236233.81267648
  0
LWPOLYLINE
  5
20F24
100
AcDbEntity
  8
0
100
AcDbPolyline
 70
0
 90
2
 10
697878.131297892
 20
6236225.24841231
 10
697880.948640115
 20
6236229.03540208
  0
LWPOLYLINE
  5
20F25
100
AcDbEntity
  8
0
100
AcDbPolyline
 70
0
 90
2
 10
697873.67818693
 20
6236221.38558546
 10
697878.131297893
 20
6236225.24841231
  0
LWPOLYLINE
  5
20F26
100
AcDbEntity
  8
0
100
AcDbPolyline
 70
0
 90
2
 10
697869.85703011
 20
6236216.88321515
 10
697873.678186927
 20
6236221.38558546
  0
LWPOLYLINE
  5
20F27
100
AcDbEntity
  8
0
100
AcDbPolyline
 70
0
 90
2
 10
697864.390823308
 20
6236212.63900661
 10
697869.857030109
 20
6236216.88321515
  0
LWPOLYLINE
  5
20F28
100
AcDbEntity
  8
0
100
AcDbPolyline
 70
0
 90
2
 10
697862.780426485
 20
6236204.91719569
 10
697864.390823308
 20
6236212.63900661
  0
LWPOLYLINE
  5
20F29
100
AcDbEntity
  8
0
100
AcDbPolyline
 70
0
 90
2
 10
697700.716088709
 20
6236287.73454538
 10
697746.236856666
 20
6236259.04310884
  0
LWPOLYLINE
  5
20F2A
100
AcDbEntity
  8
0
100
AcDbPolyline
 70
0
 90
2
 10
697746.236856666
 20
6236259.04310884
 10
697749.876820259
 20
6236256.87080213
  0
LWPOLYLINE
  5
20F2B
100
AcDbEntity
  8
0
100
AcDbPolyline
 70
0
 90
2
 10
697749.876820259
 20
6236256.87080213
 10
697754.131629562
 20
6236253.35585294
  0
LWPOLYLINE
  5
20F2C
100
AcDbEntity
  8
0
100
AcDbPolyline
 70
0
 90
2
 10
697746.236856665
 20
6236259.04310884
 10
697786.560380616
 20
6236350.14690451
  0
LWPOLYLINE
  5
20F2D
100
AcDbEntity
  8
0
100
AcDbPolyline
 70
0
 90
2
 10
697837.678235805
 20
6236240.22798026
 10
697842.304989607
 20
6236229.89696782
  0
LWPOLYLINE
  5
20F2E
100
AcDbEntity
  8
0
100
AcDbPolyline
 70
0
 90
2
 10
697842.304989607
 20
6236229.89696782
 10
697843.89182019
 20
6236223.66107037
  0
LWPOLYLINE
  5
20F2F
100
AcDbEntity
  8
0
100
AcDbPolyline
 70
0
 90
2
 10
697843.89182019
 20
6236223.66107037
 10
697851.038894947
 20
6236214.01541778
  0
LWPOLYLINE
  5
20F30
100
AcDbEntity
  8
0
100
AcDbPolyline
 70
0
 90
2
 10
697851.038894947
 20
6236214.01541778
 10
697862.780426485
 20
6236204.91719569
  0
LWPOLYLINE
  5
20F31
100
AcDbEntity
  8
0
100
AcDbPolyline
 70
0
 90
2
 10
697862.151530738
 20
6236196.24876479
 10
697862.780426485
 20
6236204.91719569
  0
LWPOLYLINE
  5
20F32
100
AcDbEntity
  8
0
100
AcDbPolyline
 70
0
 90
2
 10
697862.151530738
 20
6236196.24876479
 10
697868.296408117
 20
6236185.58684594
  0
LWPOLYLINE
  5
20F33
100
AcDbEntity
  8
0
100
AcDbPolyline
 70
0
 90
2
 10
697749.876820261
 20
6236256.87080213
 10
697768.654862113
 20
6236270.51587742
  0
LWPOLYLINE
  5
20F34
100
AcDbEntity
  8
0
100
AcDbPolyline
 70
0
 90
2
 10
697768.654862113
 20
6236270.51587742
 10
697775.224590392
 20
6236282.97102594
  0
LWPOLYLINE
  5
20F35
100
AcDbEntity
  8
0
100
AcDbPolyline
 70
0
 90
2
 10
697775.224590392
 20
6236282.97102594
 10
697782.559613702
 20
6236297.26753853
  0
LWPOLYLINE
  5
20F36
100
AcDbEntity
  8
0
100
AcDbPolyline
 70
0
 90
2
 10
697782.559613702
 20
6236297.26753853
 10
697797.109549104
 20
6236330.86024811
  0
LWPOLYLINE
  5
20F37
100
AcDbEntity
  8
0
100
AcDbPolyline
 70
0
 90
2
 10
697941.616347859
 20
6235394.83076689
 10
697945.463191343
 20
6235401.60841928
  0
LWPOLYLINE
  5
20F38
100
AcDbEntity
  8
0
100
AcDbPolyline
 70
0
 90
2
 10
697945.463191343
 20
6235401.60841928
 10
697951.501382209
 20
6235410.41619318
  0
LWPOLYLINE
  5
20F39
100
AcDbEntity
  8
0
100
AcDbPolyline
 70
0
 90
2
 10
697599.512642902
 20
6236839.61579463
 10
697662.833745776
 20
6236811.04592146
  0
LWPOLYLINE
  5
20F3A
100
AcDbEntity
  8
0
100
AcDbPolyline
 70
0
 90
2
 10
697465.255734233
 20
6236904.26470342
 10
697599.512642902
 20
6236839.61579463
  0
LWPOLYLINE
  5
20F3B
100
AcDbEntity
  8
0
100
AcDbPolyline
 70
0
 90
2
 10
697359.728462876
 20
6236956.03341836
 10
697465.255734233
 20
6236904.26470342
  0
LWPOLYLINE
  5
20F3C
100
AcDbEntity
  8
0
100
AcDbPolyline
 70
0
 90
2
 10
697480.181096431
 20
6235740.44350445
 10
697497.349336958
 20
6235765.19351179
  0
LWPOLYLINE
  5
20F3D
100
AcDbEntity
  8
0
100
AcDbPolyline
 70
0
 90
2
 10
697497.349336957
 20
6235765.19351179
 10
697552.234000588
 20
6235838.97620824
  0
LWPOLYLINE
  5
20F3E
100
AcDbEntity
  8
0
100
AcDbPolyline
 70
0
 90
2
 10
697552.234000589
 20
6235838.97620824
 10
697575.232385492
 20
6235871.77730312
  0
LWPOLYLINE
  5
20F3F
100
AcDbEntity
  8
0
100
AcDbPolyline
 70
0
 90
2
 10
697575.232385492
 20
6235871.77730312
 10
697584.418929714
 20
6235884.8771246
  0
LWPOLYLINE
  5
20F40
100
AcDbEntity
  8
0
100
AcDbPolyline
 70
0
 90
2
 10
697584.418929713
 20
6235884.8771246
 10
697614.395835947
 20
6235928.15679371
  0
LWPOLYLINE
  5
20F41
100
AcDbEntity
  8
0
100
AcDbPolyline
 70
0
 90
2
 10
697614.395835947
 20
6235928.15679371
 10
697632.651295227
 20
6235929.65971362
  0
LWPOLYLINE
  5
20F42
100
AcDbEntity
  8
0
100
AcDbPolyline
 70
0
 90
2
 10
697632.651295227
 20
6235929.65971362
 10
697651.081754166
 20
6235912.90021327
  0
LWPOLYLINE
  5
20F43
100
AcDbEntity
  8
0
100
AcDbPolyline
 70
0
 90
2
 10
697651.081754166
 20
6235912.90021327
 10
697653.44583777
 20
6235905.02814053
  0
LWPOLYLINE
  5
20F44
100
AcDbEntity
  8
0
100
AcDbPolyline
 70
0
 90
2
 10
697653.44583777
 20
6235905.02814053
 10
697658.072333118
 20
6235898.58737598
  0
LWPOLYLINE
  5
20F45
100
AcDbEntity
  8
0
100
AcDbPolyline
 70
0
 90
2
 10
697658.072333119
 20
6235898.58737598
 10
697714.42091669
 20
6235854.33335581
  0
LWPOLYLINE
  5
20F46
100
AcDbEntity
  8
0
100
AcDbPolyline
 70
0
 90
2
 10
697714.42091669
 20
6235854.33335581
 10
697722.052581007
 20
6235855.01013538
  0
LWPOLYLINE
  5
20F47
100
AcDbEntity
  8
0
100
AcDbPolyline
 70
0
 90
2
 10
697722.052581007
 20
6235855.01013538
 10
697772.803538637
 20
6235895.67501789
  0
LWPOLYLINE
  5
20F48
100
AcDbEntity
  8
0
100
AcDbPolyline
 70
0
 90
2
 10
697403.286162107
 20
6235501.32082105
 10
697407.424525586
 20
6235533.90640446
  0
LWPOLYLINE
  5
20F49
100
AcDbEntity
  8
0
100
AcDbPolyline
 70
0
 90
2
 10
697407.424525587
 20
6235533.90640446
 10
697423.917257009
 20
6235553.68650482
  0
LWPOLYLINE
  5
20F4A
100
AcDbEntity
  8
0
100
AcDbPolyline
 70
0
 90
2
 10
697423.917257009
 20
6235553.68650482
 10
697440.927251274
 20
6235567.38184866
  0
LWPOLYLINE
  5
20F4B
100
AcDbEntity
  8
0
100
AcDbPolyline
 70
0
 90
2
 10
697440.927251274
 20
6235567.38184866
 10
697473.41448753
 20
6235584.00038281
  0
LWPOLYLINE
  5
20F4C
100
AcDbEntity
  8
0
100
AcDbPolyline
 70
0
 90
2
 10
697473.41448753
 20
6235584.00038281
 10
697492.484401349
 20
6235589.54218605
  0
LWPOLYLINE
  5
20F4D
100
AcDbEntity
  8
0
100
AcDbPolyline
 70
0
 90
2
 10
697492.484401349
 20
6235589.54218605
 10
697508.234622518
 20
6235587.50633017
  0
LWPOLYLINE
  5
20F4E
100
AcDbEntity
  8
0
100
AcDbPolyline
 70
0
 90
2
 10
697508.234622518
 20
6235587.50633017
 10
697524.783841302
 20
6235586.05372327
  0
LWPOLYLINE
  5
20F4F
100
AcDbEntity
  8
0
100
AcDbPolyline
 70
0
 90
2
 10
697524.783841302
 20
6235586.05372327
 10
697527.760517454
 20
6235583.19281392
  0
LWPOLYLINE
  5
20F50
100
AcDbEntity
  8
0
100
AcDbPolyline
 70
0
 90
2
 10
697527.760517454
 20
6235583.19281392
 10
697534.192059478
 20
6235577.33706477
  0
LWPOLYLINE
  5
20F51
100
AcDbEntity
  8
0
100
AcDbPolyline
 70
0
 90
2
 10
697408.760680932
 20
6235692.6174035
 10
697434.900864632
 20
6235708.28448934
  0
LWPOLYLINE
  5
20F52
100
AcDbEntity
  8
0
100
AcDbPolyline
 70
0
 90
2
 10
697434.900864632
 20
6235708.28448934
 10
697450.294316437
 20
6235718.65011808
  0
LWPOLYLINE
  5
20F53
100
AcDbEntity
  8
0
100
AcDbPolyline
 70
0
 90
2
 10
697450.294316437
 20
6235718.65011808
 10
697468.086701739
 20
6235728.03433939
  0
LWPOLYLINE
  5
20F54
100
AcDbEntity
  8
0
100
AcDbPolyline
 70
0
 90
2
 10
697468.086701739
 20
6235728.03433939
 10
697480.181096431
 20
6235740.44350445
  0
LWPOLYLINE
  5
20F55
100
AcDbEntity
  8
0
100
AcDbPolyline
 70
0
 90
2
 10
694185.035590323
 20
6238031.5787808
 10
694227.577043357
 20
6238026.84995542
  0
LWPOLYLINE
  5
20F56
100
AcDbEntity
  8
0
100
AcDbPolyline
 70
0
 90
2
 10
694227.577043357
 20
6238026.84995542
 10
694269.636979658
 20
6238045.09562098
  0
LWPOLYLINE
  5
20F57
100
AcDbEntity
  8
0
100
AcDbPolyline
 70
0
 90
2
 10
694269.636979658
 20
6238045.09562098
 10
694336.487940419
 20
6238080.14373354
  0
LWPOLYLINE
  5
20F58
100
AcDbEntity
  8
0
100
AcDbPolyline
 70
0
 90
2
 10
694336.487940419
 20
6238080.14373354
 10
694458.833011616
 20
6238133.56248409
  0
LWPOLYLINE
  5
20F59
100
AcDbEntity
  8
0
100
AcDbPolyline
 70
0
 90
2
 10
694458.833011616
 20
6238133.56248409
 10
694562.250820737
 20
6238185.12939782
  0
LWPOLYLINE
  5
20F5A
100
AcDbEntity
  8
0
100
AcDbPolyline
 70
0
 90
2
 10
694562.250820737
 20
6238185.12939782
 10
694570.432987073
 20
6238201.53194649
  0
LWPOLYLINE
  5
20F5B
100
AcDbEntity
  8
0
100
AcDbPolyline
 70
0
 90
2
 10
694565.970583263
 20
6238212.96576998
 10
694570.432987073
 20
6238201.53194649
  0
LWPOLYLINE
  5
20F5C
100
AcDbEntity
  8
0
100
AcDbPolyline
 70
0
 90
2
 10
694529.29789138
 20
6238228.64871263
 10
694565.970583264
 20
6238212.96576998
  0
LWPOLYLINE
  5
20F5D
100
AcDbEntity
  8
0
100
AcDbPolyline
 70
0
 90
2
 10
694490.445260266
 20
6238245.19117727
 10
694529.29789138
 20
6238228.64871263
  0
LWPOLYLINE
  5
20F5E
100
AcDbEntity
  8
0
100
AcDbPolyline
 70
0
 90
2
 10
694423.380155808
 20
6238280.266977
 10
694490.445260266
 20
6238245.19117727
  0
LWPOLYLINE
  5
20F5F
100
AcDbEntity
  8
0
100
AcDbPolyline
 70
0
 90
2
 10
694408.303639564
 20
6238270.38351614
 10
694423.380155808
 20
6238280.266977
  0
LWPOLYLINE
  5
20F60
100
AcDbEntity
  8
0
100
AcDbPolyline
 70
0
 90
2
 10
694300.303848905
 20
6238148.72058489
 10
694408.303639566
 20
6238270.38351614
  0
LWPOLYLINE
  5
20F61
100
AcDbEntity
  8
0
100
AcDbPolyline
 70
0
 90
2
 10
694276.687659714
 20
6238120.02282439
 10
694300.303848905
 20
6238148.72058489
  0
LWPOLYLINE
  5
20F62
100
AcDbEntity
  8
0
100
AcDbPolyline
 70
0
 90
2
 10
694247.009621039
 20
6238083.926288
 10
694276.687659714
 20
6238120.02282439
  0
LWPOLYLINE
  5
20F63
100
AcDbEntity
  8
0
100
AcDbPolyline
 70
0
 90
2
 10
694210.843533832
 20
6238048.6938393
 10
694247.009621041
 20
6238083.926288
  0
LWPOLYLINE
  5
20F64
100
AcDbEntity
  8
0
100
AcDbPolyline
 70
0
 90
2
 10
694185.035590321
 20
6238031.5787808
 10
694210.843533832
 20
6238048.6938393
  0
LWPOLYLINE
  5
20F65
100
AcDbEntity
  8
0
100
AcDbPolyline
 70
0
 90
2
 10
694147.562920218
 20
6238010.57771701
 10
694185.035590321
 20
6238031.5787808
  0
LWPOLYLINE
  5
20F66
100
AcDbEntity
  8
0
100
AcDbPolyline
 70
0
 90
2
 10
694143.279262079
 20
6238181.30862865
 10
694156.415944968
 20
6238184.33664165
  0
LWPOLYLINE
  5
20F67
100
AcDbEntity
  8
0
100
AcDbPolyline
 70
0
 90
2
 10
694156.415944968
 20
6238184.33664165
 10
694163.809324953
 20
6238182.10943698
  0
LWPOLYLINE
  5
20F68
100
AcDbEntity
  8
0
100
AcDbPolyline
 70
0
 90
2
 10
694163.809324953
 20
6238182.10943698
 10
694170.432751428
 20
6238178.11942788
  0
LWPOLYLINE
  5
20F69
100
AcDbEntity
  8
0
100
AcDbPolyline
 70
0
 90
2
 10
694170.432751428
 20
6238178.11942788
 10
694174.543775714
 20
6238172.74430331
  0
LWPOLYLINE
  5
20F6A
100
AcDbEntity
  8
0
100
AcDbPolyline
 70
0
 90
2
 10
694174.543775714
 20
6238172.74430331
 10
694174.835986737
 20
6238166.32586659
  0
LWPOLYLINE
  5
20F6B
100
AcDbEntity
  8
0
100
AcDbPolyline
 70
0
 90
2
 10
694173.509929374
 20
6238157.69355802
 10
694174.835986737
 20
6238166.32586659
  0
LWPOLYLINE
  5
20F6C
100
AcDbEntity
  8
0
100
AcDbPolyline
 70
0
 90
2
 10
694169.61319528
 20
6238148.95536559
 10
694173.509929374
 20
6238157.69355802
  0
LWPOLYLINE
  5
20F6D
100
AcDbEntity
  8
0
100
AcDbPolyline
 70
0
 90
2
 10
694163.851662355
 20
6238143.554371
 10
694169.61319528
 20
6238148.95536559
  0
LWPOLYLINE
  5
20F6E
100
AcDbEntity
  8
0
100
AcDbPolyline
 70
0
 90
2
 10
694154.096055908
 20
6238140.9589253
 10
694163.851662355
 20
6238143.554371
  0
LWPOLYLINE
  5
20F6F
100
AcDbEntity
  8
0
100
AcDbPolyline
 70
0
 90
2
 10
694145.426975554
 20
6238142.71564764
 10
694154.096055908
 20
6238140.9589253
  0
LWPOLYLINE
  5
20F70
100
AcDbEntity
  8
0
100
AcDbPolyline
 70
0
 90
2
 10
694136.589413175
 20
6238148.31038362
 10
694145.426975554
 20
6238142.71564764
  0
LWPOLYLINE
  5
20F71
100
AcDbEntity
  8
0
100
AcDbPolyline
 70
0
 90
2
 10
694129.849526877
 20
6238154.85892171
 10
694136.589413175
 20
6238148.31038362
  0
LWPOLYLINE
  5
20F72
100
AcDbEntity
  8
0
100
AcDbPolyline
 70
0
 90
2
 10
694129.0136059
 20
6238163.81638617
 10
694129.849526877
 20
6238154.85892171
  0
LWPOLYLINE
  5
20F73
100
AcDbEntity
  8
0
100
AcDbPolyline
 70
0
 90
2
 10
694129.0136059
 20
6238163.81638617
 10
694132.385863687
 20
6238174.67086116
  0
LWPOLYLINE
  5
20F74
100
AcDbEntity
  8
0
100
AcDbPolyline
 70
0
 90
2
 10
694132.385863687
 20
6238174.67086116
 10
694143.279262079
 20
6238181.30862865
  0
LWPOLYLINE
  5
20F75
100
AcDbEntity
  8
0
100
AcDbPolyline
 70
0
 90
2
 10
694094.923942311
 20
6238280.14284544
 10
694143.27926208
 20
6238181.30862865
  0
LWPOLYLINE
  5
20F76
100
AcDbEntity
  8
0
100
AcDbPolyline
 70
0
 90
2
 10
694026.968255937
 20
6238127.81685676
 10
694129.0136059
 20
6238163.81638617
  0
LWPOLYLINE
  5
20F77
100
AcDbEntity
  8
0
100
AcDbPolyline
 70
0
 90
2
 10
694100.208827229
 20
6238288.24189461
 10
694173.613316844
 20
6238212.67459588
  0
LWPOLYLINE
  5
20F78
100
AcDbEntity
  8
0
100
AcDbPolyline
 70
0
 90
2
 10
694136.449579469
 20
6238123.02294932
 10
694145.426975553
 20
6238142.71564764
  0
LWPOLYLINE
  5
20F79
100
AcDbEntity
  8
0
100
AcDbPolyline
 70
0
 90
2
 10
694102.955424848
 20
6238094.93558031
 10
694136.449579469
 20
6238123.02294932
  0
LWPOLYLINE
  5
20F7A
100
AcDbEntity
  8
0
100
AcDbPolyline
 70
0
 90
2
 10
694062.882847127
 20
6238060.56333295
 10
694102.955424848
 20
6238094.93558031
  0
LWPOLYLINE
  5
20F7B
100
AcDbEntity
  8
0
100
AcDbPolyline
 70
0
 90
2
 10
694013.428112599
 20
6238035.83032044
 10
694062.882847127
 20
6238060.56333295
  0
LWPOLYLINE
  5
20F7C
100
AcDbEntity
  8
0
100
AcDbPolyline
 70
0
 90
2
 10
694263.819263612
 20
6238123.77282448
 10
694276.687659714
 20
6238120.02282439
  0
LWPOLYLINE
  5
20F7D
100
AcDbEntity
  8
0
100
AcDbPolyline
 70
0
 90
2
 10
694253.510535166
 20
6238126.78113037
 10
694263.819263612
 20
6238123.77282448
  0
LWPOLYLINE
  5
20F7E
100
AcDbEntity
  8
0
100
AcDbPolyline
 70
0
 90
2
 10
694193.006599516
 20
6238107.31678024
 10
694253.510535166
 20
6238126.78113037
  0
LWPOLYLINE
  5
20F7F
100
AcDbEntity
  8
0
100
AcDbPolyline
 70
0
 90
2
 10
694173.613316838
 20
6238212.67459592
 10
694193.006599516
 20
6238107.31678024
  0
LWPOLYLINE
  5
20F80
100
AcDbEntity
  8
0
100
AcDbPolyline
 70
0
 90
2
 10
694157.239034468
 20
6238298.89697231
 10
694173.613316838
 20
6238212.67459592
  0
LWPOLYLINE
  5
20F81
100
AcDbEntity
  8
0
100
AcDbPolyline
 70
0
 90
2
 10
694157.239034468
 20
6238298.89697231
 10
694165.624118389
 20
6238328.3162933
  0
LWPOLYLINE
  5
20F82
100
AcDbEntity
  8
0
100
AcDbPolyline
 70
0
 90
2
 10
694253.391449431
 20
6238148.20000241
 10
694253.510535167
 20
6238126.78113037
  0
LWPOLYLINE
  5
20F83
100
AcDbEntity
  8
0
100
AcDbPolyline
 70
0
 90
2
 10
694253.391449431
 20
6238148.20000241
 10
694282.310228577
 20
6238257.89834394
  0
LWPOLYLINE
  5
20F84
100
AcDbEntity
  8
0
100
AcDbPolyline
 70
0
 90
2
 10
694253.377243344
 20
6238327.68639237
 10
694282.310228577
 20
6238257.89834394
  0
LWPOLYLINE
  5
20F85
100
AcDbEntity
  8
0
100
AcDbPolyline
 70
0
 90
2
 10
694244.376525404
 20
6238339.04754456
 10
694253.377243345
 20
6238327.68639237
  0
LWPOLYLINE
  5
20F86
100
AcDbEntity
  8
0
100
AcDbPolyline
 70
0
 90
2
 10
694228.159877761
 20
6238359.51033524
 10
694244.376525404
 20
6238339.04754456
  0
LWPOLYLINE
  5
20F87
100
AcDbEntity
  8
0
100
AcDbPolyline
 70
0
 90
2
 10
694145.426975553
 20
6238142.71564764
 10
694163.809324955
 20
6238182.10943698
  0
LWPOLYLINE
  5
20F88
100
AcDbEntity
  8
0
100
AcDbPolyline
 70
0
 90
2
 10
694163.809324955
 20
6238182.10943698
 10
694173.613316845
 20
6238212.67459588
  0
LWPOLYLINE
  5
20F89
100
AcDbEntity
  8
0
100
AcDbPolyline
 70
0
 90
2
 10
694173.613316845
 20
6238212.67459588
 10
694213.704905963
 20
6238293.18581383
  0
LWPOLYLINE
  5
20F8A
100
AcDbEntity
  8
0
100
AcDbPolyline
 70
0
 90
2
 10
694213.704905963
 20
6238293.18581383
 10
694244.376525588
 20
6238339.04754433
  0
LWPOLYLINE
  5
20F8B
100
AcDbEntity
  8
0
100
AcDbPolyline
 70
0
 90
2
 10
694244.376525589
 20
6238339.04754433
 10
694269.333993167
 20
6238401.21346635
  0
LWPOLYLINE
  5
20F8C
100
AcDbEntity
  8
0
100
AcDbPolyline
 70
0
 90
2
 10
694269.333993167
 20
6238401.21346635
 10
694269.334013721
 20
6238401.21351754
  0
LWPOLYLINE
  5
20F8D
100
AcDbEntity
  8
0
100
AcDbPolyline
 70
0
 90
2
 10
694269.334013721
 20
6238401.21351754
 10
694279.973316311
 20
6238427.71501339
  0
LWPOLYLINE
  5
20F8E
100
AcDbEntity
  8
0
100
AcDbPolyline
 70
0
 90
2
 10
694668.127218926
 20
6237457.09388684
 10
694676.36054621
 20
6237410.78624396
  0
LWPOLYLINE
  5
20F8F
100
AcDbEntity
  8
0
100
AcDbPolyline
 70
0
 90
2
 10
694668.127218926
 20
6237457.09388684
 10
694734.516007835
 20
6237615.1443692
  0
LWPOLYLINE
  5
20F90
100
AcDbEntity
  8
0
100
AcDbPolyline
 70
0
 90
2
 10
694734.516007835
 20
6237615.1443692
 10
694775.258996735
 20
6237673.7090107
  0
LWPOLYLINE
  5
20F91
100
AcDbEntity
  8
0
100
AcDbPolyline
 70
0
 90
2
 10
694775.258996735
 20
6237673.7090107
 10
694808.532662594
 20
6237734.07321756
  0
LWPOLYLINE
  5
20F92
100
AcDbEntity
  8
0
100
AcDbPolyline
 70
0
 90
2
 10
694808.532662595
 20
6237734.07321756
 10
694850.700288065
 20
6237880.83174989
  0
LWPOLYLINE
  5
20F93
100
AcDbEntity
  8
0
100
AcDbPolyline
 70
0
 90
2
 10
694850.700288065
 20
6237880.83174989
 10
694887.90140539
 20
6237991.28122372
  0
LWPOLYLINE
  5
20F94
100
AcDbEntity
  8
0
100
AcDbPolyline
 70
0
 90
2
 10
694887.90140539
 20
6237991.28122372
 10
694888.745281868
 20
6238055.12510742
  0
LWPOLYLINE
  5
20F95
100
AcDbEntity
  8
0
100
AcDbPolyline
 70
0
 90
2
 10
697703.547044265
 20
6235277.46406309
 10
697717.21024677
 20
6235290.61533919
  0
LWPOLYLINE
  5
20F96
100
AcDbEntity
  8
0
100
AcDbPolyline
 70
0
 90
2
 10
697549.730788021
 20
6236079.82237636
 10
697556.732484231
 20
6236033.19362529
  0
LWPOLYLINE
  5
20F97
100
AcDbEntity
  8
0
100
AcDbPolyline
 70
0
 90
2
 10
696877.499923194
 20
6236095.39041354
 10
696903.873614187
 20
6236101.93545365
  0
LWPOLYLINE
  5
20F98
100
AcDbEntity
  8
0
100
AcDbPolyline
 70
0
 90
2
 10
697485.143436914
 20
6236039.06611802
 10
697497.798155925
 20
6235985.93241529
  0
LWPOLYLINE
  5
20F99
100
AcDbEntity
  8
0
100
AcDbPolyline
 70
0
 90
2
 10
697485.143436914
 20
6236039.06611802
 10
697489.952030407
 20
6236054.71658866
  0
LWPOLYLINE
  5
20F9A
100
AcDbEntity
  8
0
100
AcDbPolyline
 70
0
 90
2
 10
697489.952030407
 20
6236054.71658866
 10
697494.978224744
 20
6236068.61584956
  0
LWPOLYLINE
  5
20F9B
100
AcDbEntity
  8
0
100
AcDbPolyline
 70
0
 90
2
 10
697595.335798901
 20
6235663.66078915
 10
697628.232787103
 20
6235708.69198169
  0
LWPOLYLINE
  5
20F9C
100
AcDbEntity
  8
0
100
AcDbPolyline
 70
0
 90
2
 10
697628.232787103
 20
6235708.69198169
 10
697654.566063621
 20
6235739.48528858
  0
LWPOLYLINE
  5
20F9D
100
AcDbEntity
  8
0
100
AcDbPolyline
 70
0
 90
2
 10
697654.566063621
 20
6235739.48528858
 10
697670.574113803
 20
6235760.30303724
  0
LWPOLYLINE
  5
20F9E
100
AcDbEntity
  8
0
100
AcDbPolyline
 70
0
 90
2
 10
697670.574113803
 20
6235760.30303724
 10
697683.277991168
 20
6235779.78620935
  0
LWPOLYLINE
  5
20F9F
100
AcDbEntity
  8
0
100
AcDbPolyline
 70
0
 90
2
 10
697683.277991168
 20
6235779.78620935
 10
697712.633927128
 20
6235816.3605125
  0
LWPOLYLINE
  5
20FA0
100
AcDbEntity
  8
0
100
AcDbPolyline
 70
0
 90
2
 10
697712.633927129
 20
6235816.3605125
 10
697732.030645023
 20
6235834.392575
  0
LWPOLYLINE
  5
20FA1
100
AcDbEntity
  8
0
100
AcDbPolyline
 70
0
 90
2
 10
697732.030645022
 20
6235834.392575
 10
697750.130284412
 20
6235854.95084782
  0
LWPOLYLINE
  5
20FA2
100
AcDbEntity
  8
0
100
AcDbPolyline
 70
0
 90
2
 10
697750.130284412
 20
6235854.95084782
 10
697770.973422239
 20
6235877.2749964
  0
LWPOLYLINE
  5
20FA3
100
AcDbEntity
  8
0
100
AcDbPolyline
 70
0
 90
2
 10
697770.973422239
 20
6235877.2749964
 10
697772.803538637
 20
6235895.67501789
  0
LWPOLYLINE
  5
20FA4
100
AcDbEntity
  8
0
100
AcDbPolyline
 70
0
 90
2
 10
697488.129000924
 20
6235457.35582506
 10
697506.191039131
 20
6235502.27928337
  0
LWPOLYLINE
  5
20FA5
100
AcDbEntity
  8
0
100
AcDbPolyline
 70
0
 90
2
 10
697467.238839896
 20
6235405.08931234
 10
697488.129000924
 20
6235457.35582506
  0
LWPOLYLINE
  5
20FA6
100
AcDbEntity
  8
0
100
AcDbPolyline
 70
0
 90
2
 10
697670.574113802
 20
6235760.30303724
 10
697721.348874031
 20
6235720.3167362
  0
LWPOLYLINE
  5
20FA7
100
AcDbEntity
  8
0
100
AcDbPolyline
 70
0
 90
2
 10
697651.609648571
 20
6235777.85153106
 10
697670.574113802
 20
6235760.30303724
  0
LWPOLYLINE
  5
20FA8
100
AcDbEntity
  8
0
100
AcDbPolyline
 70
0
 90
2
 10
697618.940808509
 20
6235802.6245285
 10
697651.609648571
 20
6235777.85153106
  0
LWPOLYLINE
  5
20FA9
100
AcDbEntity
  8
0
100
AcDbPolyline
 70
0
 90
2
 10
697593.136002361
 20
6235826.55615967
 10
697618.940808509
 20
6235802.6245285
  0
LWPOLYLINE
  5
20FAA
100
AcDbEntity
  8
0
100
AcDbPolyline
 70
0
 90
2
 10
697581.04048865
 20
6235843.83209383
 10
697593.136002364
 20
6235826.55615967
  0
LWPOLYLINE
  5
20FAB
100
AcDbEntity
  8
0
100
AcDbPolyline
 70
0
 90
2
 10
697575.232385492
 20
6235871.77730312
 10
697581.040488651
 20
6235843.83209383
  0
LWPOLYLINE
  5
20FAC
100
AcDbEntity
  8
0
100
AcDbPolyline
 70
0
 90
2
 10
697517.959267926
 20
6235391.951984
 10
697538.600523503
 20
6235377.78004578
  0
LWPOLYLINE
  5
20FAD
100
AcDbEntity
  8
0
100
AcDbPolyline
 70
0
 90
2
 10
697490.389340314
 20
6235400.97667411
 10
697517.959267926
 20
6235391.951984
  0
LWPOLYLINE
  5
20FAE
100
AcDbEntity
  8
0
100
AcDbPolyline
 70
0
 90
2
 10
697467.238839897
 20
6235405.08931234
 10
697490.389340314
 20
6235400.97667411
  0
LWPOLYLINE
  5
20FAF
100
AcDbEntity
  8
0
100
AcDbPolyline
 70
0
 90
2
 10
697442.777901104
 20
6235410.41226471
 10
697467.238839897
 20
6235405.08931234
  0
LWPOLYLINE
  5
20FB0
100
AcDbEntity
  8
0
100
AcDbPolyline
 70
0
 90
2
 10
697423.225776609
 20
6235416.08497797
 10
697442.777901104
 20
6235410.41226471
  0
LWPOLYLINE
  5
20FB1
100
AcDbEntity
  8
0
100
AcDbPolyline
 70
0
 90
2
 10
697409.03094045
 20
6235417.78065591
 10
697423.225776609
 20
6235416.08497797
  0
LWPOLYLINE
  5
20FB2
100
AcDbEntity
  8
0
100
AcDbPolyline
 70
0
 90
2
 10
697382.779820204
 20
6235415.61932068
 10
697409.03094045
 20
6235417.78065591
  0
LWPOLYLINE
  5
20FB3
100
AcDbEntity
  8
0
100
AcDbPolyline
 70
0
 90
2
 10
697354.174817514
 20
6235413.5945723
 10
697382.779820204
 20
6235415.61932068
  0
LWPOLYLINE
  5
20FB4
100
AcDbEntity
  8
0
100
AcDbPolyline
 70
0
 90
2
 10
697342.163315635
 20
6235409.30495461
 10
697354.174817514
 20
6235413.5945723
  0
LWPOLYLINE
  5
20FB5
100
AcDbEntity
  8
0
100
AcDbPolyline
 70
0
 90
2
 10
697318.504241167
 20
6235402.79375618
 10
697342.163315635
 20
6235409.30495461
  0
LWPOLYLINE
  5
20FB6
100
AcDbEntity
  8
0
100
AcDbPolyline
 70
0
 90
2
 10
697297.081821782
 20
6235398.94994648
 10
697318.504241167
 20
6235402.79375618
  0
LWPOLYLINE
  5
20FB7
100
AcDbEntity
  8
0
100
AcDbPolyline
 70
0
 90
2
 10
696512.553710756
 20
6238606.78951103
 10
696513.028552512
 20
6238622.07201393
  0
LWPOLYLINE
  5
20FB8
100
AcDbEntity
  8
0
100
AcDbPolyline
 70
0
 90
2
 10
696486.92807379
 20
6238642.39471973
 10
696513.028552512
 20
6238622.07201393
  0
LWPOLYLINE
  5
20FB9
100
AcDbEntity
  8
0
100
AcDbPolyline
 70
0
 90
2
 10
696459.377835031
 20
6238675.73767184
 10
696486.928073792
 20
6238642.39471973
  0
LWPOLYLINE
  5
20FBA
100
AcDbEntity
  8
0
100
AcDbPolyline
 70
0
 90
2
 10
696423.876797871
 20
6238523.87065282
 10
696444.380257264
 20
6238554.7343321
  0
LWPOLYLINE
  5
20FBB
100
AcDbEntity
  8
0
100
AcDbPolyline
 70
0
 90
2
 10
696444.380257264
 20
6238554.7343321
 10
696512.553710756
 20
6238606.78951103
  0
LWPOLYLINE
  5
20FBC
100
AcDbEntity
  8
0
100
AcDbPolyline
 70
0
 90
2
 10
696512.553710756
 20
6238606.78951103
 10
696560.657672353
 20
6238638.75858706
  0
LWPOLYLINE
  5
20FBD
100
AcDbEntity
  8
0
100
AcDbPolyline
 70
0
 90
2
 10
696560.657672353
 20
6238638.75858706
 10
696591.875412325
 20
6238655.11270328
  0
LWPOLYLINE
  5
20FBE
100
AcDbEntity
  8
0
100
AcDbPolyline
 70
0
 90
2
 10
694263.819264163
 20
6238123.77282432
 10
694294.981517699
 20
6238247.84145398
  0
LWPOLYLINE
  5
20FBF
100
AcDbEntity
  8
0
100
AcDbPolyline
 70
0
 90
2
 10
694294.11697714
 20
6238315.58628558
 10
694294.981517699
 20
6238247.84145398
  0
LWPOLYLINE
  5
20FC0
100
AcDbEntity
  8
0
100
AcDbPolyline
 70
0
 90
2
 10
694279.59010874
 20
6238348.3986052
 10
694294.11697714
 20
6238315.58628558
  0
LWPOLYLINE
  5
20FC1
100
AcDbEntity
  8
0
100
AcDbPolyline
 70
0
 90
2
 10
694275.237350225
 20
6238383.05663141
 10
694279.59010874
 20
6238348.3986052
  0
LWPOLYLINE
  5
20FC2
100
AcDbEntity
  8
0
100
AcDbPolyline
 70
0
 90
2
 10
694269.33401372
 20
6238401.21351754
 10
694275.237350225
 20
6238383.05663141
  0
LWPOLYLINE
  5
20FC3
100
AcDbEntity
  8
0
100
AcDbPolyline
 70
0
 90
2
 10
696126.680644513
 20
6237723.51233569
 10
696151.703571614
 20
6237806.05970077
  0
LWPOLYLINE
  5
20FC4
100
AcDbEntity
  8
0
100
AcDbPolyline
 70
0
 90
2
 10
694340.806866977
 20
6232510.28443588
 10
694349.415418618
 20
6232460.91682724
  0
LWPOLYLINE
  5
20FC5
100
AcDbEntity
  8
0
100
AcDbPolyline
 70
0
 90
2
 10
694337.202338599
 20
6232609.6276008
 10
694340.806866977
 20
6232510.28443588
  0
LWPOLYLINE
  5
20FC6
100
AcDbEntity
  8
0
100
AcDbPolyline
 70
0
 90
2
 10
694337.18365765
 20
6232660.4559672
 10
694337.202338599
 20
6232609.6276008
  0
LWPOLYLINE
  5
20FC7
100
AcDbEntity
  8
0
100
AcDbPolyline
 70
0
 90
2
 10
694337.18365765
 20
6232660.4559672
 10
694342.974157659
 20
6232763.08002611
  0
LWPOLYLINE
  5
20FC8
100
AcDbEntity
  8
0
100
AcDbPolyline
 70
0
 90
2
 10
694342.974157659
 20
6232763.08002611
 10
694351.51264313
 20
6232792.02639774
  0
LWPOLYLINE
  5
20FC9
100
AcDbEntity
  8
0
100
AcDbPolyline
 70
0
 90
2
 10
694351.51264313
 20
6232792.02639774
 10
694374.204818101
 20
6232834.79211873
  0
LWPOLYLINE
  5
20FCA
100
AcDbEntity
  8
0
100
AcDbPolyline
 70
0
 90
2
 10
694374.204818101
 20
6232834.79211873
 10
694395.925946459
 20
6232901.21185532
  0
LWPOLYLINE
  5
20FCB
100
AcDbEntity
  8
0
100
AcDbPolyline
 70
0
 90
2
 10
694395.925946459
 20
6232901.21185532
 10
694561.684000861
 20
6233282.49792889
  0
LWPOLYLINE
  5
20FCC
100
AcDbEntity
  8
0
100
AcDbPolyline
 70
0
 90
2
 10
694561.684000862
 20
6233282.49792889
 10
694573.092565129
 20
6233280.28654337
  0
LWPOLYLINE
  5
20FCD
100
AcDbEntity
  8
0
100
AcDbPolyline
 70
0
 90
2
 10
694573.092565129
 20
6233280.28654337
 10
695172.331758222
 20
6233164.1599877
  0
LWPOLYLINE
  5
20FCE
100
AcDbEntity
  8
0
100
AcDbPolyline
 70
0
 90
2
 10
695172.331758222
 20
6233164.1599877
 10
695585.762304882
 20
6233077.77237663
  0
LWPOLYLINE
  5
20FCF
100
AcDbEntity
  8
0
100
AcDbPolyline
 70
0
 90
2
 10
693892.267700706
 20
6238694.11393964
 10
693909.240224095
 20
6238646.73138684
  0
LWPOLYLINE
  5
20FD0
100
AcDbEntity
  8
0
100
AcDbPolyline
 70
0
 90
2
 10
693871.141509402
 20
6238716.71779762
 10
693892.267700706
 20
6238694.11393964
  0
LWPOLYLINE
  5
20FD1
100
AcDbEntity
  8
0
100
AcDbPolyline
 70
0
 90
2
 10
693845.744959732
 20
6238733.62109056
 10
693871.141509402
 20
6238716.71779762
  0
LWPOLYLINE
  5
20FD2
100
AcDbEntity
  8
0
100
AcDbPolyline
 70
0
 90
2
 10
693808.795730353
 20
6238779.03688978
 10
693845.744959732
 20
6238733.62109056
  0
LWPOLYLINE
  5
20FD3
100
AcDbEntity
  8
0
100
AcDbPolyline
 70
0
 90
2
 10
693758.559671909
 20
6238796.92965427
 10
693808.795730354
 20
6238779.03688978
  0
LWPOLYLINE
  5
20FD4
100
AcDbEntity
  8
0
100
AcDbPolyline
 70
0
 90
2
 10
693744.774066463
 20
6238823.24510115
 10
693758.559671909
 20
6238796.92965427
  0
LWPOLYLINE
  5
20FD5
100
AcDbEntity
  8
0
100
AcDbPolyline
 70
0
 90
2
 10
693744.774066463
 20
6238823.24510115
 10
693753.259301184
 20
6238844.75384597
  0
LWPOLYLINE
  5
20FD6
100
AcDbEntity
  8
0
100
AcDbPolyline
 70
0
 90
2
 10
693694.000689742
 20
6238877.16290405
 10
693753.259301184
 20
6238844.75384597
  0
LWPOLYLINE
  5
20FD7
100
AcDbEntity
  8
0
100
AcDbPolyline
 70
0
 90
2
 10
693687.629340334
 20
6238880.41817122
 10
693694.000689742
 20
6238877.16290405
  0
LWPOLYLINE
  5
20FD8
100
AcDbEntity
  8
0
100
AcDbPolyline
 70
0
 90
2
 10
693612.770653043
 20
6238913.97006724
 10
693687.629340334
 20
6238880.41817122
  0
LWPOLYLINE
  5
20FD9
100
AcDbEntity
  8
0
100
AcDbPolyline
 70
0
 90
2
 10
693592.93402654
 20
6238923.12379674
 10
693612.770653043
 20
6238913.97006724
  0
LWPOLYLINE
  5
20FDA
100
AcDbEntity
  8
0
100
AcDbPolyline
 70
0
 90
2
 10
693584.799899664
 20
6238936.50962563
 10
693592.93402654
 20
6238923.12379674
  0
LWPOLYLINE
  5
20FDB
100
AcDbEntity
  8
0
100
AcDbPolyline
 70
0
 90
2
 10
693539.184608816
 20
6238955.87416281
 10
693584.799899665
 20
6238936.50962563
  0
LWPOLYLINE
  5
20FDC
100
AcDbEntity
  8
0
100
AcDbPolyline
 70
0
 90
2
 10
693538.36432511
 20
6238995.95417012
 10
693539.184608816
 20
6238955.87416281
  0
LWPOLYLINE
  5
20FDD
100
AcDbEntity
  8
0
100
AcDbPolyline
 70
0
 90
2
 10
693538.36432511
 20
6238995.95417012
 10
693544.910953749
 20
6239017.80919418
  0
LWPOLYLINE
  5
20FDE
100
AcDbEntity
  8
0
100
AcDbPolyline
 70
0
 90
2
 10
696169.545773895
 20
6236574.93817472
 10
696193.185512029
 20
6236563.65158413
  0
LWPOLYLINE
  5
20FDF
100
AcDbEntity
  8
0
100
AcDbPolyline
 70
0
 90
2
 10
696193.185512029
 20
6236563.65158413
 10
696219.849830509
 20
6236545.32540648
  0
LWPOLYLINE
  5
20FE0
100
AcDbEntity
  8
0
100
AcDbPolyline
 70
0
 90
2
 10
696219.849830509
 20
6236545.32540648
 10
696252.594058957
 20
6236520.62411263
  0
LWPOLYLINE
  5
20FE1
100
AcDbEntity
  8
0
100
AcDbPolyline
 70
0
 90
2
 10
695867.81530531
 20
6236939.98025344
 10
695918.340276945
 20
6236965.04002429
  0
LWPOLYLINE
  5
20FE2
100
AcDbEntity
  8
0
100
AcDbPolyline
 70
0
 90
2
 10
695918.340276945
 20
6236965.04002429
 10
695924.166121324
 20
6236964.30428932
  0
LWPOLYLINE
  5
20FE3
100
AcDbEntity
  8
0
100
AcDbPolyline
 70
0
 90
2
 10
695924.166121324
 20
6236964.30428932
 10
695938.93412268
 20
6236962.4297373
  0
LWPOLYLINE
  5
20FE4
100
AcDbEntity
  8
0
100
AcDbPolyline
 70
0
 90
2
 10
695938.93412268
 20
6236962.4297373
 10
695964.154673532
 20
6236946.26531762
  0
LWPOLYLINE
  5
20FE5
100
AcDbEntity
  8
0
100
AcDbPolyline
 70
0
 90
2
 10
695964.154673532
 20
6236946.26531762
 10
695992.544233951
 20
6236900.03783303
  0
LWPOLYLINE
  5
20FE6
100
AcDbEntity
  8
0
100
AcDbPolyline
 70
0
 90
2
 10
695992.544233951
 20
6236900.03783303
 10
696016.117794718
 20
6236871.3578156
  0
LWPOLYLINE
  5
20FE7
100
AcDbEntity
  8
0
100
AcDbPolyline
 70
0
 90
2
 10
696016.117794719
 20
6236871.3578156
 10
696040.229419997
 20
6236860.02530342
  0
LWPOLYLINE
  5
20FE8
100
AcDbEntity
  8
0
100
AcDbPolyline
 70
0
 90
2
 10
696257.141777277
 20
6236627.34458642
 10
696265.094133414
 20
6236609.27288412
  0
LWPOLYLINE
  5
20FE9
100
AcDbEntity
  8
0
100
AcDbPolyline
 70
0
 90
2
 10
696241.555940173
 20
6236646.8376513
 10
696257.141777277
 20
6236627.34458642
  0
LWPOLYLINE
  5
20FEA
100
AcDbEntity
  8
0
100
AcDbPolyline
 70
0
 90
2
 10
696231.755575876
 20
6236661.49139888
 10
696241.555940173
 20
6236646.8376513
  0
LWPOLYLINE
  5
20FEB
100
AcDbEntity
  8
0
100
AcDbPolyline
 70
0
 90
2
 10
696227.831145408
 20
6236674.19707457
 10
696231.755575876
 20
6236661.49139888
  0
LWPOLYLINE
  5
20FEC
100
AcDbEntity
  8
0
100
AcDbPolyline
 70
0
 90
2
 10
696227.831145408
 20
6236674.19707457
 10
696239.821786567
 20
6236689.40702087
  0
LWPOLYLINE
  5
20FED
100
AcDbEntity
  8
0
100
AcDbPolyline
 70
0
 90
2
 10
696239.821786566
 20
6236689.40702087
 10
696242.714720497
 20
6236694.94644483
  0
LWPOLYLINE
  5
20FEE
100
AcDbEntity
  8
0
100
AcDbPolyline
 70
0
 90
2
 10
696242.714720497
 20
6236694.94644483
 10
696250.047508212
 20
6236708.97241695
  0
LWPOLYLINE
  5
20FEF
100
AcDbEntity
  8
0
100
AcDbPolyline
 70
0
 90
2
 10
696250.047508212
 20
6236708.97241695
 10
696252.754711934
 20
6236717.33469296
  0
LWPOLYLINE
  5
20FF0
100
AcDbEntity
  8
0
100
AcDbPolyline
 70
0
 90
2
 10
693188.524274969
 20
6236313.06700883
 10
693208.92824978
 20
6236331.79189611
  0
LWPOLYLINE
  5
20FF1
100
AcDbEntity
  8
0
100
AcDbPolyline
 70
0
 90
2
 10
693208.92824978
 20
6236331.79189611
 10
693220.398519535
 20
6236342.1425482
  0
LWPOLYLINE
  5
20FF2
100
AcDbEntity
  8
0
100
AcDbPolyline
 70
0
 90
2
 10
693653.592938158
 20
6236066.63447926
 10
693702.307185906
 20
6236081.29593786
  0
LWPOLYLINE
  5
20FF3
100
AcDbEntity
  8
0
100
AcDbPolyline
 70
0
 90
2
 10
693702.307185906
 20
6236081.29593786
 10
693726.021264313
 20
6236102.85994543
  0
LWPOLYLINE
  5
20FF4
100
AcDbEntity
  8
0
100
AcDbPolyline
 70
0
 90
2
 10
693720.3623182
 20
6236138.48443516
 10
693726.021264313
 20
6236102.85994543
  0
LWPOLYLINE
  5
20FF5
100
AcDbEntity
  8
0
100
AcDbPolyline
 70
0
 90
2
 10
697439.30667336
 20
6235111.45800441
 10
697444.493216245
 20
6235123.53634268
  0
LWPOLYLINE
  5
20FF6
100
AcDbEntity
  8
0
100
AcDbPolyline
 70
0
 90
2
 10
697444.493216246
 20
6235123.53634268
 10
697449.236411161
 20
6235134.59092376
  0
LWPOLYLINE
  5
20FF7
100
AcDbEntity
  8
0
100
AcDbPolyline
 70
0
 90
2
 10
697449.236411161
 20
6235134.59092376
 10
697452.709826444
 20
6235144.09304187
  0
LWPOLYLINE
  5
20FF8
100
AcDbEntity
  8
0
100
AcDbPolyline
 70
0
 90
2
 10
697452.709826444
 20
6235144.09304187
 10
697473.188268392
 20
6235200.19730052
  0
LWPOLYLINE
  5
20FF9
100
AcDbEntity
  8
0
100
AcDbPolyline
 70
0
 90
2
 10
697473.188268392
 20
6235200.19730052
 10
697479.764579974
 20
6235216.46450193
  0
LWPOLYLINE
  5
20FFA
100
AcDbEntity
  8
0
100
AcDbPolyline
 70
0
 90
2
 10
697479.764579974
 20
6235216.46450193
 10
697490.937398879
 20
6235248.56179612
  0
LWPOLYLINE
  5
20FFB
100
AcDbEntity
  8
0
100
AcDbPolyline
 70
0
 90
2
 10
697490.937398879
 20
6235248.56179612
 10
697538.600523503
 20
6235377.78004578
  0
LWPOLYLINE
  5
20FFC
100
AcDbEntity
  8
0
100
AcDbPolyline
 70
0
 90
2
 10
697538.600523503
 20
6235377.78004578
 10
697585.281690364
 20
6235499.29535008
  0
LWPOLYLINE
  5
20FFD
100
AcDbEntity
  8
0
100
AcDbPolyline
 70
0
 90
2
 10
697585.281690364
 20
6235499.29535008
 10
697602.231937789
 20
6235538.42693204
  0
LWPOLYLINE
  5
20FFE
100
AcDbEntity
  8
0
100
AcDbPolyline
 70
0
 90
2
 10
697602.231937789
 20
6235538.42693204
 10
697603.943370287
 20
6235542.37429691
  0
LWPOLYLINE
  5
20FFF
100
AcDbEntity
  8
0
100
AcDbPolyline
 70
0
 90
2
 10
697603.943370287
 20
6235542.37429691
 10
697625.101259302
 20
6235583.70729966
  0
LWPOLYLINE
  5
21000
100
AcDbEntity
  8
0
100
AcDbPolyline
 70
0
 90
2
 10
697625.101259302
 20
6235583.70729966
 10
697644.348909566
 20
6235615.85571501
  0
LWPOLYLINE
  5
21001
100
AcDbEntity
  8
0
100
AcDbPolyline
 70
0
 90
2
 10
697644.348909566
 20
6235615.85571501
 10
697655.514924585
 20
6235634.49838885
  0
LWPOLYLINE
  5
21002
100
AcDbEntity
  8
0
100
AcDbPolyline
 70
0
 90
2
 10
697655.514924585
 20
6235634.49838885
 10
697663.34679683
 20
6235647.75857835
  0
LWPOLYLINE
  5
21003
100
AcDbEntity
  8
0
100
AcDbPolyline
 70
0
 90
2
 10
697663.34679683
 20
6235647.75857835
 10
697700.95245958
 20
6235694.2234747
  0
LWPOLYLINE
  5
21004
100
AcDbEntity
  8
0
100
AcDbPolyline
 70
0
 90
2
 10
697700.95245958
 20
6235694.2234747
 10
697721.348832019
 20
6235720.31668245
  0
LWPOLYLINE
  5
21005
100
AcDbEntity
  8
0
100
AcDbPolyline
 70
0
 90
2
 10
697721.348832019
 20
6235720.31668245
 10
697721.348874032
 20
6235720.3167362
  0
LWPOLYLINE
  5
21006
100
AcDbEntity
  8
0
100
AcDbPolyline
 70
0
 90
2
 10
697721.348832018
 20
6235720.31668245
 10
697721.348874031
 20
6235720.3167362
  0
LWPOLYLINE
  5
21007
100
AcDbEntity
  8
0
100
AcDbPolyline
 70
0
 90
2
 10
697721.348874031
 20
6235720.3167362
 10
697754.584164358
 20
6235762.83422728
  0
LWPOLYLINE
  5
21008
100
AcDbEntity
  8
0
100
AcDbPolyline
 70
0
 90
2
 10
697754.584164358
 20
6235762.83422728
 10
697824.239695463
 20
6235846.63545171
  0
LWPOLYLINE
  5
21009
100
AcDbEntity
  8
0
100
AcDbPolyline
 70
0
 90
2
 10
697824.239695463
 20
6235846.63545171
 10
697849.684941332
 20
6235875.23750519
  0
LWPOLYLINE
  5
2100A
100
AcDbEntity
  8
0
100
AcDbPolyline
 70
0
 90
2
 10
697849.684941331
 20
6235875.23750519
 10
697875.655164716
 20
6235906.57290104
  0
LWPOLYLINE
  5
2100B
100
AcDbEntity
  8
0
100
AcDbPolyline
 70
0
 90
2
 10
693714.385999294
 20
6237881.83347367
 10
693748.25516267
 20
6237811.16290196
  0
LWPOLYLINE
  5
2100C
100
AcDbEntity
  8
0
100
AcDbPolyline
 70
0
 90
2
 10
693748.25516267
 20
6237811.16290196
 10
693795.362284354
 20
6237719.62521962
  0
LWPOLYLINE
  5
2100D
100
AcDbEntity
  8
0
100
AcDbPolyline
 70
0
 90
2
 10
693795.362284354
 20
6237719.62521962
 10
693805.297598309
 20
6237700.80380397
  0
LWPOLYLINE
  5
2100E
100
AcDbEntity
  8
0
100
AcDbPolyline
 70
0
 90
2
 10
693805.297598309
 20
6237700.80380397
 10
693836.174412587
 20
6237643.73066457
  0
LWPOLYLINE
  5
2100F
100
AcDbEntity
  8
0
100
AcDbPolyline
 70
0
 90
2
 10
693836.174412587
 20
6237643.73066457
 10
693852.209657897
 20
6237613.47123583
  0
LWPOLYLINE
  5
21010
100
AcDbEntity
  8
0
100
AcDbPolyline
 70
0
 90
2
 10
693852.209657897
 20
6237613.47123583
 10
693857.74791726
 20
6237601.68437349
  0
LWPOLYLINE
  5
21011
100
AcDbEntity
  8
0
100
AcDbPolyline
 70
0
 90
2
 10
693857.74791726
 20
6237601.68437349
 10
693865.326408899
 20
6237588.70835369
  0
LWPOLYLINE
  5
21012
100
AcDbEntity
  8
0
100
AcDbPolyline
 70
0
 90
2
 10
695000.890821446
 20
6238085.43185911
 10
695002.242553151
 20
6238091.71071075
  0
LWPOLYLINE
  5
21013
100
AcDbEntity
  8
0
100
AcDbPolyline
 70
0
 90
2
 10
695002.242553151
 20
6238091.71071075
 10
695029.79293063
 20
6238219.68339356
  0
LWPOLYLINE
  5
21014
100
AcDbEntity
  8
0
100
AcDbPolyline
 70
0
 90
2
 10
695029.79293063
 20
6238219.68339356
 10
695032.72024105
 20
6238233.28087578
  0
LWPOLYLINE
  5
21015
100
AcDbEntity
  8
0
100
AcDbPolyline
 70
0
 90
2
 10
696909.347240151
 20
6232168.04959423
 10
696926.240454969
 20
6231897.17098462
  0
LWPOLYLINE
  5
21016
100
AcDbEntity
  8
0
100
AcDbPolyline
 70
0
 90
2
 10
696922.567070529
 20
6231766.84723535
 10
696926.240454969
 20
6231897.17098462
  0
LWPOLYLINE
  5
21017
100
AcDbEntity
  8
0
100
AcDbPolyline
 70
0
 90
2
 10
696918.325104384
 20
6231735.47314548
 10
696922.567070529
 20
6231766.84723535
  0
LWPOLYLINE
  5
21018
100
AcDbEntity
  8
0
100
AcDbPolyline
 70
0
 90
2
 10
696909.574981651
 20
6231670.80656652
 10
696918.325104384
 20
6231735.47314548
  0
LWPOLYLINE
  5
21019
100
AcDbEntity
  8
0
100
AcDbPolyline
 70
0
 90
2
 10
696870.891982893
 20
6231546.81836276
 10
696909.574981651
 20
6231670.80656652
  0
LWPOLYLINE
  5
2101A
100
AcDbEntity
  8
0
100
AcDbPolyline
 70
0
 90
2
 10
696811.309925615
 20
6231294.91354916
 10
696870.891982894
 20
6231546.81836276
  0
LWPOLYLINE
  5
2101B
100
AcDbEntity
  8
0
100
AcDbPolyline
 70
0
 90
2
 10
695748.691214069
 20
6237167.81139309
 10
695761.82102745
 20
6237129.51039175
  0
LWPOLYLINE
  5
2101C
100
AcDbEntity
  8
0
100
AcDbPolyline
 70
0
 90
2
 10
695722.052296815
 20
6237195.86157968
 10
695748.69121407
 20
6237167.81139309
  0
LWPOLYLINE
  5
2101D
100
AcDbEntity
  8
0
100
AcDbPolyline
 70
0
 90
2
 10
695697.523887563
 20
6237247.87466271
 10
695722.052296815
 20
6237195.86157968
  0
LWPOLYLINE
  5
2101E
100
AcDbEntity
  8
0
100
AcDbPolyline
 70
0
 90
2
 10
695657.943378344
 20
6237340.75390338
 10
695697.523887563
 20
6237247.87466271
  0
LWPOLYLINE
  5
2101F
100
AcDbEntity
  8
0
100
AcDbPolyline
 70
0
 90
2
 10
695635.203252341
 20
6237380.19731542
 10
695657.943378344
 20
6237340.75390338
  0
LWPOLYLINE
  5
21020
100
AcDbEntity
  8
0
100
AcDbPolyline
 70
0
 90
2
 10
695629.87565433
 20
6237389.43918947
 10
695635.203252342
 20
6237380.19731542
  0
LWPOLYLINE
  5
21021
100
AcDbEntity
  8
0
100
AcDbPolyline
 70
0
 90
2
 10
695590.548024829
 20
6237448.96725591
 10
695629.87565433
 20
6237389.43918947
  0
LWPOLYLINE
  5
21022
100
AcDbEntity
  8
0
100
AcDbPolyline
 70
0
 90
2
 10
695581.967183194
 20
6237470.27723528
 10
695590.548024829
 20
6237448.96725591
  0
LWPOLYLINE
  5
21023
100
AcDbEntity
  8
0
100
AcDbPolyline
 70
0
 90
2
 10
695577.3847356
 20
6237488.04740422
 10
695581.967183194
 20
6237470.27723528
  0
LWPOLYLINE
  5
21024
100
AcDbEntity
  8
0
100
AcDbPolyline
 70
0
 90
2
 10
695552.238073513
 20
6237559.57362092
 10
695577.3847356
 20
6237488.04740422
  0
LWPOLYLINE
  5
21025
100
AcDbEntity
  8
0
100
AcDbPolyline
 70
0
 90
2
 10
695538.705718496
 20
6237607.66607151
 10
695552.238073513
 20
6237559.57362092
  0
LWPOLYLINE
  5
21026
100
AcDbEntity
  8
0
100
AcDbPolyline
 70
0
 90
2
 10
695520.074730632
 20
6237646.88586728
 10
695538.705718496
 20
6237607.66607151
  0
LWPOLYLINE
  5
21027
100
AcDbEntity
  8
0
100
AcDbPolyline
 70
0
 90
2
 10
695519.013772191
 20
6237654.59560824
 10
695520.074730632
 20
6237646.88586728
  0
LWPOLYLINE
  5
21028
100
AcDbEntity
  8
0
100
AcDbPolyline
 70
0
 90
2
 10
695516.207629005
 20
6237680.33936891
 10
695519.013772191
 20
6237654.59560824
  0
LWPOLYLINE
  5
21029
100
AcDbEntity
  8
0
100
AcDbPolyline
 70
0
 90
2
 10
695504.188696583
 20
6237739.30277758
 10
695516.207629005
 20
6237680.33936891
  0
LWPOLYLINE
  5
2102A
100
AcDbEntity
  8
0
100
AcDbPolyline
 70
0
 90
2
 10
695492.246968095
 20
6237792.93029237
 10
695504.188696583
 20
6237739.30277758
  0
LWPOLYLINE
  5
2102B
100
AcDbEntity
  8
0
100
AcDbPolyline
 70
0
 90
2
 10
695487.062199892
 20
6237819.65746516
 10
695492.246968095
 20
6237792.93029237
  0
LWPOLYLINE
  5
2102C
100
AcDbEntity
  8
0
100
AcDbPolyline
 70
0
 90
2
 10
696606.278642118
 20
6233152.45772442
 10
696611.712522909
 20
6233148.33809842
  0
LWPOLYLINE
  5
2102D
100
AcDbEntity
  8
0
100
AcDbPolyline
 70
0
 90
2
 10
696585.242328556
 20
6233163.06047077
 10
696606.278642118
 20
6233152.45772442
  0
LWPOLYLINE
  5
2102E
100
AcDbEntity
  8
0
100
AcDbPolyline
 70
0
 90
2
 10
696541.145832512
 20
6233205.57567526
 10
696585.242328556
 20
6233163.06047077
  0
LWPOLYLINE
  5
2102F
100
AcDbEntity
  8
0
100
AcDbPolyline
 70
0
 90
2
 10
696483.135709596
 20
6233270.30299575
 10
696541.145832513
 20
6233205.57567526
  0
LWPOLYLINE
  5
21030
100
AcDbEntity
  8
0
100
AcDbPolyline
 70
0
 90
2
 10
696298.735408928
 20
6233474.04490352
 10
696483.135709596
 20
6233270.30299575
  0
LWPOLYLINE
  5
21031
100
AcDbEntity
  8
0
100
AcDbPolyline
 70
0
 90
2
 10
696254.478521896
 20
6233522.88687111
 10
696298.735408928
 20
6233474.04490352
  0
LWPOLYLINE
  5
21032
100
AcDbEntity
  8
0
100
AcDbPolyline
 70
0
 90
2
 10
696194.712985494
 20
6233584.76129044
 10
696254.478521896
 20
6233522.88687111
  0
LWPOLYLINE
  5
21033
100
AcDbEntity
  8
0
100
AcDbPolyline
 70
0
 90
2
 10
696183.780835958
 20
6233597.69145793
 10
696194.712985494
 20
6233584.76129044
  0
LWPOLYLINE
  5
21034
100
AcDbEntity
  8
0
100
AcDbPolyline
 70
0
 90
2
 10
696179.228687726
 20
6233606.57842823
 10
696183.780835958
 20
6233597.69145793
  0
LWPOLYLINE
  5
21035
100
AcDbEntity
  8
0
100
AcDbPolyline
 70
0
 90
2
 10
696175.503266363
 20
6233617.6213178
 10
696179.228687725
 20
6233606.57842823
  0
LWPOLYLINE
  5
21036
100
AcDbEntity
  8
0
100
AcDbPolyline
 70
0
 90
2
 10
696172.895860516
 20
6233646.52861458
 10
696175.503266363
 20
6233617.6213178
  0
LWPOLYLINE
  5
21037
100
AcDbEntity
  8
0
100
AcDbPolyline
 70
0
 90
2
 10
696172.895860516
 20
6233646.52861458
 10
696177.330611969
 20
6233673.34040462
  0
LWPOLYLINE
  5
21038
100
AcDbEntity
  8
0
100
AcDbPolyline
 70
0
 90
2
 10
696177.330611969
 20
6233673.34040462
 10
696184.371690271
 20
6233723.21264074
  0
LWPOLYLINE
  5
21039
100
AcDbEntity
  8
0
100
AcDbPolyline
 70
0
 90
2
 10
696184.371690271
 20
6233723.21264074
 10
696191.616763582
 20
6233766.33912967
  0
LWPOLYLINE
  5
2103A
100
AcDbEntity
  8
0
100
AcDbPolyline
 70
0
 90
2
 10
696191.616763582
 20
6233766.33912967
 10
696197.85631481
 20
6233792.2640628
  0
LWPOLYLINE
  5
2103B
100
AcDbEntity
  8
0
100
AcDbPolyline
 70
0
 90
2
 10
695487.062199889
 20
6237819.65746516
 10
695494.484063348
 20
6237820.49922609
  0
LWPOLYLINE
  5
2103C
100
AcDbEntity
  8
0
100
AcDbPolyline
 70
0
 90
2
 10
695494.484063348
 20
6237820.49922609
 10
695499.905931001
 20
6237820.42445186
  0
LWPOLYLINE
  5
2103D
100
AcDbEntity
  8
0
100
AcDbPolyline
 70
0
 90
2
 10
695499.905931001
 20
6237820.42445186
 10
695582.931184912
 20
6237801.64645093
  0
LWPOLYLINE
  5
2103E
100
AcDbEntity
  8
0
100
AcDbPolyline
 70
0
 90
2
 10
695582.931184912
 20
6237801.64645093
 10
695613.839135862
 20
6237795.99646368
  0
LWPOLYLINE
  5
2103F
100
AcDbEntity
  8
0
100
AcDbPolyline
 70
0
 90
2
 10
695613.839135862
 20
6237795.99646368
 10
695757.716703052
 20
6237763.15833537
  0
LWPOLYLINE
  5
21040
100
AcDbEntity
  8
0
100
AcDbPolyline
 70
0
 90
2
 10
695757.716703052
 20
6237763.15833537
 10
695763.786160311
 20
6237761.55301139
  0
LWPOLYLINE
  5
21041
100
AcDbEntity
  8
0
100
AcDbPolyline
 70
0
 90
2
 10
695763.78616031
 20
6237761.55301139
 10
695848.121194929
 20
6237739.18385085
  0
LWPOLYLINE
  5
21042
100
AcDbEntity
  8
0
100
AcDbPolyline
 70
0
 90
2
 10
695848.121194929
 20
6237739.18385085
 10
695849.820211055
 20
6237738.94973688
  0
LWPOLYLINE
  5
21043
100
AcDbEntity
  8
0
100
AcDbPolyline
 70
0
 90
2
 10
695849.820211055
 20
6237738.94973688
 10
695918.215696433
 20
6237729.71716391
  0
LWPOLYLINE
  5
21044
100
AcDbEntity
  8
0
100
AcDbPolyline
 70
0
 90
2
 10
695918.215696433
 20
6237729.71716391
 10
695961.508426604
 20
6237714.8623966
  0
LWPOLYLINE
  5
21045
100
AcDbEntity
  8
0
100
AcDbPolyline
 70
0
 90
2
 10
695961.508426604
 20
6237714.8623966
 10
696009.360740194
 20
6237700.34017416
  0
LWPOLYLINE
  5
21046
100
AcDbEntity
  8
0
100
AcDbPolyline
 70
0
 90
2
 10
696009.360740194
 20
6237700.34017416
 10
696091.754692775
 20
6237671.92271848
  0
LWPOLYLINE
  5
21047
100
AcDbEntity
  8
0
100
AcDbPolyline
 70
0
 90
2
 10
696091.754692775
 20
6237671.92271848
 10
696118.884373715
 20
6237672.75746344
  0
LWPOLYLINE
  5
21048
100
AcDbEntity
  8
0
100
AcDbPolyline
 70
0
 90
2
 10
696118.884373715
 20
6237672.75746344
 10
696132.841860714
 20
6237680.76746793
  0
LWPOLYLINE
  5
21049
100
AcDbEntity
  8
0
100
AcDbPolyline
 70
0
 90
2
 10
695414.767585682
 20
6237846.46427452
 10
695444.644349131
 20
6237833.91041031
  0
LWPOLYLINE
  5
2104A
100
AcDbEntity
  8
0
100
AcDbPolyline
 70
0
 90
2
 10
695444.644349131
 20
6237833.91041031
 10
695468.964569287
 20
6237819.36316891
  0
LWPOLYLINE
  5
2104B
100
AcDbEntity
  8
0
100
AcDbPolyline
 70
0
 90
2
 10
695468.964569287
 20
6237819.36316891
 10
695487.062199889
 20
6237819.65746516
  0
LWPOLYLINE
  5
2104C
100
AcDbEntity
  8
0
100
AcDbPolyline
 70
0
 90
2
 10
697399.688508163
 20
6235012.28748918
 10
697414.501878287
 20
6235053.25888842
  0
LWPOLYLINE
  5
2104D
100
AcDbEntity
  8
0
100
AcDbPolyline
 70
0
 90
2
 10
696585.242328558
 20
6233163.06047077
 10
696587.573027884
 20
6233153.32477538
  0
LWPOLYLINE
  5
2104E
100
AcDbEntity
  8
0
100
AcDbPolyline
 70
0
 90
2
 10
696587.573027885
 20
6233153.32477538
 10
696590.043827898
 20
6233147.29638355
  0
LWPOLYLINE
  5
2104F
100
AcDbEntity
  8
0
100
AcDbPolyline
 70
0
 90
2
 10
696590.043827898
 20
6233147.29638355
 10
696594.831996141
 20
6233143.57061683
  0
LWPOLYLINE
  5
21050
100
AcDbEntity
  8
0
100
AcDbPolyline
 70
0
 90
2
 10
696594.831996141
 20
6233143.57061683
 10
696599.136333359
 20
6233142.932648
  0
LWPOLYLINE
  5
21051
100
AcDbEntity
  8
0
100
AcDbPolyline
 70
0
 90
2
 10
696599.136333359
 20
6233142.932648
 10
696606.738103942
 20
6233144.36373555
  0
LWPOLYLINE
  5
21052
100
AcDbEntity
  8
0
100
AcDbPolyline
 70
0
 90
2
 10
696606.738103942
 20
6233144.36373555
 10
696611.712522937
 20
6233148.3380984
  0
LWPOLYLINE
  5
21053
100
AcDbEntity
  8
0
100
AcDbPolyline
 70
0
 90
2
 10
695873.41450342
 20
6233365.61328594
 10
695881.547724603
 20
6233373.19833799
  0
LWPOLYLINE
  5
21054
100
AcDbEntity
  8
0
100
AcDbPolyline
 70
0
 90
2
 10
695881.547724605
 20
6233373.19833799
 10
695926.168522645
 20
6233418.36131511
  0
LWPOLYLINE
  5
21055
100
AcDbEntity
  8
0
100
AcDbPolyline
 70
0
 90
2
 10
695926.168522645
 20
6233418.36131511
 10
695945.408237322
 20
6233468.93731798
  0
LWPOLYLINE
  5
21056
100
AcDbEntity
  8
0
100
AcDbPolyline
 70
0
 90
2
 10
695945.408237322
 20
6233468.93731798
 10
695953.344642877
 20
6233531.05604653
  0
LWPOLYLINE
  5
21057
100
AcDbEntity
  8
0
100
AcDbPolyline
 70
0
 90
2
 10
695953.344642877
 20
6233531.05604653
 10
695956.333804698
 20
6233562.32689627
  0
LWPOLYLINE
  5
21058
100
AcDbEntity
  8
0
100
AcDbPolyline
 70
0
 90
2
 10
695956.333804698
 20
6233562.32689627
 10
695963.61337011
 20
6233613.15701569
  0
LWPOLYLINE
  5
21059
100
AcDbEntity
  8
0
100
AcDbPolyline
 70
0
 90
2
 10
695963.61337011
 20
6233613.15701569
 10
695966.07141663
 20
6233616.59160359
  0
LWPOLYLINE
  5
2105A
100
AcDbEntity
  8
0
100
AcDbPolyline
 70
0
 90
2
 10
695966.07141663
 20
6233616.59160359
 10
695977.364707372
 20
6233632.33659427
  0
LWPOLYLINE
  5
2105B
100
AcDbEntity
  8
0
100
AcDbPolyline
 70
0
 90
2
 10
696360.334438663
 20
6232807.75903729
 10
696378.353223826
 20
6232793.47165058
  0
LWPOLYLINE
  5
2105C
100
AcDbEntity
  8
0
100
AcDbPolyline
 70
0
 90
2
 10
696378.353223826
 20
6232793.47165058
 10
696444.228317464
 20
6232749.69296571
  0
LWPOLYLINE
  5
2105D
100
AcDbEntity
  8
0
100
AcDbPolyline
 70
0
 90
2
 10
696444.228317464
 20
6232749.69296571
 10
696468.072878302
 20
6232737.51303612
  0
LWPOLYLINE
  5
2105E
100
AcDbEntity
  8
0
100
AcDbPolyline
 70
0
 90
2
 10
696468.072878302
 20
6232737.51303612
 10
696550.916381545
 20
6232679.2445177
  0
LWPOLYLINE
  5
2105F
100
AcDbEntity
  8
0
100
AcDbPolyline
 70
0
 90
2
 10
696550.916381545
 20
6232679.2445177
 10
696674.308077645
 20
6232585.66775738
  0
LWPOLYLINE
  5
21060
100
AcDbEntity
  8
0
100
AcDbPolyline
 70
0
 90
2
 10
696674.308077645
 20
6232585.66775738
 10
696705.977597335
 20
6232562.5682737
  0
LWPOLYLINE
  5
21061
100
AcDbEntity
  8
0
100
AcDbPolyline
 70
0
 90
2
 10
696705.977597335
 20
6232562.5682737
 10
696714.838772357
 20
6232557.99340113
  0
LWPOLYLINE
  5
21062
100
AcDbEntity
  8
0
100
AcDbPolyline
 70
0
 90
2
 10
696714.838772357
 20
6232557.99340113
 10
696738.844326731
 20
6232539.52412132
  0
LWPOLYLINE
  5
21063
100
AcDbEntity
  8
0
100
AcDbPolyline
 70
0
 90
2
 10
696202.795586767
 20
6238034.15151176
 10
696211.602892618
 20
6238095.53190048
  0
LWPOLYLINE
  5
21064
100
AcDbEntity
  8
0
100
AcDbPolyline
 70
0
 90
2
 10
696185.647799816
 20
6237943.99560953
 10
696202.795586767
 20
6238034.15151176
  0
LWPOLYLINE
  5
21065
100
AcDbEntity
  8
0
100
AcDbPolyline
 70
0
 90
2
 10
696151.703571614
 20
6237806.05970077
 10
696185.647799816
 20
6237943.99560953
  0
LWPOLYLINE
  5
21066
100
AcDbEntity
  8
0
100
AcDbPolyline
 70
0
 90
2
 10
692898.351847967
 20
6237693.39141508
 10
692912.245387851
 20
6237669.70889572
  0
LWPOLYLINE
  5
21067
100
AcDbEntity
  8
0
100
AcDbPolyline
 70
0
 90
2
 10
692850.447420794
 20
6237771.98273885
 10
692898.351847967
 20
6237693.39141508
  0
LWPOLYLINE
  5
21068
100
AcDbEntity
  8
0
100
AcDbPolyline
 70
0
 90
2
 10
692826.226125265
 20
6237812.98855332
 10
692850.447420795
 20
6237771.98273885
  0
LWPOLYLINE
  5
21069
100
AcDbEntity
  8
0
100
AcDbPolyline
 70
0
 90
2
 10
696211.602892618
 20
6238095.53190048
 10
696369.633619489
 20
6238085.22551896
  0
LWPOLYLINE
  5
2106A
100
AcDbEntity
  8
0
100
AcDbPolyline
 70
0
 90
2
 10
695816.029875994
 20
6238205.9127811
 10
695903.289146871
 20
6238145.64539462
  0
LWPOLYLINE
  5
2106B
100
AcDbEntity
  8
0
100
AcDbPolyline
 70
0
 90
2
 10
695903.289146871
 20
6238145.64539462
 10
695933.931275566
 20
6238128.18079532
  0
LWPOLYLINE
  5
2106C
100
AcDbEntity
  8
0
100
AcDbPolyline
 70
0
 90
2
 10
695933.931275566
 20
6238128.18079532
 10
695971.335879239
 20
6238106.85806351
  0
LWPOLYLINE
  5
2106D
100
AcDbEntity
  8
0
100
AcDbPolyline
 70
0
 90
2
 10
695971.335879239
 20
6238106.85806351
 10
696005.384057781
 20
6238096.99674991
  0
LWPOLYLINE
  5
2106E
100
AcDbEntity
  8
0
100
AcDbPolyline
 70
0
 90
2
 10
696005.384057781
 20
6238096.99674991
 10
696211.602892618
 20
6238095.53190048
  0
LWPOLYLINE
  5
2106F
100
AcDbEntity
  8
0
100
AcDbPolyline
 70
0
 90
2
 10
695780.904408816
 20
6238054.44926737
 10
695982.2615095
 20
6238000.63705927
  0
LWPOLYLINE
  5
21070
100
AcDbEntity
  8
0
100
AcDbPolyline
 70
0
 90
2
 10
695775.110916924
 20
6238056.00032494
 10
695780.904408816
 20
6238054.44926737
  0
LWPOLYLINE
  5
21071
100
AcDbEntity
  8
0
100
AcDbPolyline
 70
0
 90
2
 10
694059.796789098
 20
6238780.93299613
 10
694061.767492083
 20
6238746.3559527
  0
LWPOLYLINE
  5
21072
100
AcDbEntity
  8
0
100
AcDbPolyline
 70
0
 90
2
 10
694061.767492083
 20
6238746.3559527
 10
694067.039857362
 20
6238652.72820849
  0
LWPOLYLINE
  5
21073
100
AcDbEntity
  8
0
100
AcDbPolyline
 70
0
 90
2
 10
697659.134882762
 20
6235068.30025659
 10
697664.419321362
 20
6235048.20091438
  0
LWPOLYLINE
  5
21074
100
AcDbEntity
  8
0
100
AcDbPolyline
 70
0
 90
2
 10
697626.377028772
 20
6235083.34888371
 10
697659.134882762
 20
6235068.30025659
  0
LWPOLYLINE
  5
21075
100
AcDbEntity
  8
0
100
AcDbPolyline
 70
0
 90
2
 10
697614.361189306
 20
6235086.24841014
 10
697626.377028772
 20
6235083.34888371
  0
LWPOLYLINE
  5
21076
100
AcDbEntity
  8
0
100
AcDbPolyline
 70
0
 90
2
 10
698266.667306035
 20
6235018.49231573
 10
698387.409615222
 20
6235014.42477298
  0
LWPOLYLINE
  5
21077
100
AcDbEntity
  8
0
100
AcDbPolyline
 70
0
 90
2
 10
698142.706816246
 20
6235024.33125786
 10
698266.667306035
 20
6235018.49231573
  0
LWPOLYLINE
  5
21078
100
AcDbEntity
  8
0
100
AcDbPolyline
 70
0
 90
2
 10
698090.854421437
 20
6235026.77440718
 10
698142.706816246
 20
6235024.33125786
  0
LWPOLYLINE
  5
21079
100
AcDbEntity
  8
0
100
AcDbPolyline
 70
0
 90
2
 10
698012.203486517
 20
6235030.23819849
 10
698090.854421437
 20
6235026.77440718
  0
LWPOLYLINE
  5
2107A
100
AcDbEntity
  8
0
100
AcDbPolyline
 70
0
 90
2
 10
697969.961554733
 20
6235032.38162897
 10
698012.203486517
 20
6235030.23819849
  0
LWPOLYLINE
  5
2107B
100
AcDbEntity
  8
0
100
AcDbPolyline
 70
0
 90
2
 10
697903.4962649
 20
6235035.33112742
 10
697969.961554733
 20
6235032.38162897
  0
LWPOLYLINE
  5
2107C
100
AcDbEntity
  8
0
100
AcDbPolyline
 70
0
 90
2
 10
697781.616155471
 20
6235040.41853132
 10
697903.4962649
 20
6235035.33112742
  0
LWPOLYLINE
  5
2107D
100
AcDbEntity
  8
0
100
AcDbPolyline
 70
0
 90
2
 10
697664.419320673
 20
6235048.20091443
 10
697781.616155471
 20
6235040.41853132
  0
LWPOLYLINE
  5
2107E
100
AcDbEntity
  8
0
100
AcDbPolyline
 70
0
 90
2
 10
697639.684926204
 20
6235049.85388888
 10
697664.419320673
 20
6235048.20091443
  0
LWPOLYLINE
  5
2107F
100
AcDbEntity
  8
0
100
AcDbPolyline
 70
0
 90
2
 10
697638.577996269
 20
6235038.07560061
 10
697695.166682489
 20
6235035.26664521
  0
LWPOLYLINE
  5
21080
100
AcDbEntity
  8
0
100
AcDbPolyline
 70
0
 90
2
 10
697695.166682489
 20
6235035.26664521
 10
697791.77510917
 20
6235028.80534076
  0
LWPOLYLINE
  5
21081
100
AcDbEntity
  8
0
100
AcDbPolyline
 70
0
 90
2
 10
697791.77510917
 20
6235028.80534076
 10
697933.545227608
 20
6235022.34384813
  0
LWPOLYLINE
  5
21082
100
AcDbEntity
  8
0
100
AcDbPolyline
 70
0
 90
2
 10
697933.545227608
 20
6235022.34384813
 10
698033.350759601
 20
6235017.6859818
  0
LWPOLYLINE
  5
21083
100
AcDbEntity
  8
0
100
AcDbPolyline
 70
0
 90
2
 10
698033.350759601
 20
6235017.6859818
 10
698135.817596054
 20
6235012.97556357
  0
LWPOLYLINE
  5
21084
100
AcDbEntity
  8
0
100
AcDbPolyline
 70
0
 90
2
 10
698135.817596054
 20
6235012.97556357
 10
698195.563638106
 20
6235011.08886706
  0
LWPOLYLINE
  5
21085
100
AcDbEntity
  8
0
100
AcDbPolyline
 70
0
 90
2
 10
698195.563638106
 20
6235011.08886706
 10
698268.087687136
 20
6235008.10192361
  0
LWPOLYLINE
  5
21086
100
AcDbEntity
  8
0
100
AcDbPolyline
 70
0
 90
2
 10
698268.087687136
 20
6235008.10192361
 10
698384.480458379
 20
6235002.87361882
  0
LWPOLYLINE
  5
21087
100
AcDbEntity
  8
0
100
AcDbPolyline
 70
0
 90
2
 10
696844.546626951
 20
6235095.56641595
 10
696872.391938347
 20
6235094.17495562
  0
LWPOLYLINE
  5
21088
100
AcDbEntity
  8
0
100
AcDbPolyline
 70
0
 90
2
 10
696678.663660769
 20
6235100.7744676
 10
696844.546626951
 20
6235095.56641595
  0
LWPOLYLINE
  5
21089
100
AcDbEntity
  8
0
100
AcDbPolyline
 70
0
 90
2
 10
696495.771644427
 20
6235107.98172485
 10
696678.663660769
 20
6235100.7744676
  0
LWPOLYLINE
  5
2108A
100
AcDbEntity
  8
0
100
AcDbPolyline
 70
0
 90
2
 10
696344.996934086
 20
6235112.08099698
 10
696495.771644427
 20
6235107.98172485
  0
LWPOLYLINE
  5
2108B
100
AcDbEntity
  8
0
100
AcDbPolyline
 70
0
 90
2
 10
696181.123443421
 20
6235116.20789376
 10
696344.996934086
 20
6235112.08099698
  0
LWPOLYLINE
  5
2108C
100
AcDbEntity
  8
0
100
AcDbPolyline
 70
0
 90
2
 10
695863.568795056
 20
6235129.11699572
 10
696181.123443421
 20
6235116.20789376
  0
LWPOLYLINE
  5
2108D
100
AcDbEntity
  8
0
100
AcDbPolyline
 70
0
 90
2
 10
695539.937385039
 20
6235140.28863168
 10
695863.568795056
 20
6235129.11699572
  0
LWPOLYLINE
  5
2108E
100
AcDbEntity
  8
0
100
AcDbPolyline
 70
0
 90
2
 10
695452.597837333
 20
6235142.33108521
 10
695539.937385039
 20
6235140.28863168
  0
LWPOLYLINE
  5
2108F
100
AcDbEntity
  8
0
100
AcDbPolyline
 70
0
 90
2
 10
695365.885098428
 20
6235146.15407368
 10
695452.597837333
 20
6235142.33108521
  0
LWPOLYLINE
  5
21090
100
AcDbEntity
  8
0
100
AcDbPolyline
 70
0
 90
2
 10
695318.902260423
 20
6235148.32947575
 10
695365.885098428
 20
6235146.15407368
  0
LWPOLYLINE
  5
21091
100
AcDbEntity
  8
0
100
AcDbPolyline
 70
0
 90
2
 10
695265.249459127
 20
6235151.04750073
 10
695318.902260423
 20
6235148.32947575
  0
LWPOLYLINE
  5
21092
100
AcDbEntity
  8
0
100
AcDbPolyline
 70
0
 90
2
 10
695219.081540826
 20
6235152.92685216
 10
695265.249459127
 20
6235151.04750073
  0
LWPOLYLINE
  5
21093
100
AcDbEntity
  8
0
100
AcDbPolyline
 70
0
 90
2
 10
695122.210199133
 20
6235157.68362562
 10
695219.081540826
 20
6235152.92685216
  0
LWPOLYLINE
  5
21094
100
AcDbEntity
  8
0
100
AcDbPolyline
 70
0
 90
2
 10
694937.793099588
 20
6235166.05777199
 10
695122.210199133
 20
6235157.68362562
  0
LWPOLYLINE
  5
21095
100
AcDbEntity
  8
0
100
AcDbPolyline
 70
0
 90
2
 10
694850.939002798
 20
6235168.66965221
 10
694937.793099588
 20
6235166.05777199
  0
LWPOLYLINE
  5
21096
100
AcDbEntity
  8
0
100
AcDbPolyline
 70
0
 90
2
 10
694775.168653012
 20
6235172.82558573
 10
694850.939002798
 20
6235168.66965221
  0
LWPOLYLINE
  5
21097
100
AcDbEntity
  8
0
100
AcDbPolyline
 70
0
 90
2
 10
694738.740885726
 20
6235175.76752976
 10
694775.168653012
 20
6235172.82558573
  0
LWPOLYLINE
  5
21098
100
AcDbEntity
  8
0
100
AcDbPolyline
 70
0
 90
2
 10
694700.693302627
 20
6235180.18532665
 10
694738.740885726
 20
6235175.76752976
  0
LWPOLYLINE
  5
21099
100
AcDbEntity
  8
0
100
AcDbPolyline
 70
0
 90
2
 10
694649.495683921
 20
6235188.2062719
 10
694700.693302627
 20
6235180.18532665
  0
LWPOLYLINE
  5
2109A
100
AcDbEntity
  8
0
100
AcDbPolyline
 70
0
 90
2
 10
694623.567390451
 20
6235193.6566165
 10
694649.495683921
 20
6235188.2062719
  0
LWPOLYLINE
  5
2109B
100
AcDbEntity
  8
0
100
AcDbPolyline
 70
0
 90
2
 10
694579.987493792
 20
6235202.82821444
 10
694623.567390451
 20
6235193.6566165
  0
LWPOLYLINE
  5
2109C
100
AcDbEntity
  8
0
100
AcDbPolyline
 70
0
 90
2
 10
694605.723269368
 20
6235179.93514144
 10
694649.22295225
 20
6235171.44008813
  0
LWPOLYLINE
  5
2109D
100
AcDbEntity
  8
0
100
AcDbPolyline
 70
0
 90
2
 10
694649.22295225
 20
6235171.44008813
 10
694691.965173988
 20
6235165.3966779
  0
LWPOLYLINE
  5
2109E
100
AcDbEntity
  8
0
100
AcDbPolyline
 70
0
 90
2
 10
694691.965173988
 20
6235165.3966779
 10
694777.560973041
 20
6235157.00581503
  0
LWPOLYLINE
  5
2109F
100
AcDbEntity
  8
0
100
AcDbPolyline
 70
0
 90
2
 10
694777.560973041
 20
6235157.00581503
 10
694890.831805821
 20
6235151.18404517
  0
LWPOLYLINE
  5
210A0
100
AcDbEntity
  8
0
100
AcDbPolyline
 70
0
 90
2
 10
694890.831805821
 20
6235151.18404517
 10
694957.289807475
 20
6235148.46641757
  0
LWPOLYLINE
  5
210A1
100
AcDbEntity
  8
0
100
AcDbPolyline
 70
0
 90
2
 10
694957.289807475
 20
6235148.46641757
 10
695080.750401894
 20
6235143.38247518
  0
LWPOLYLINE
  5
210A2
100
AcDbEntity
  8
0
100
AcDbPolyline
 70
0
 90
2
 10
695080.750401894
 20
6235143.38247518
 10
695130.908883735
 20
6235141.56139689
  0
LWPOLYLINE
  5
210A3
100
AcDbEntity
  8
0
100
AcDbPolyline
 70
0
 90
2
 10
695130.908883735
 20
6235141.56139689
 10
695173.452649031
 20
6235140.02817441
  0
LWPOLYLINE
  5
210A4
100
AcDbEntity
  8
0
100
AcDbPolyline
 70
0
 90
2
 10
695173.452649031
 20
6235140.02817441
 10
695233.55412322
 20
6235138.48448497
  0
LWPOLYLINE
  5
210A5
100
AcDbEntity
  8
0
100
AcDbPolyline
 70
0
 90
2
 10
695233.55412322
 20
6235138.48448497
 10
695264.522623029
 20
6235137.33691757
  0
LWPOLYLINE
  5
210A6
100
AcDbEntity
  8
0
100
AcDbPolyline
 70
0
 90
2
 10
695264.522623029
 20
6235137.33691757
 10
695313.037803353
 20
6235134.38384125
  0
LWPOLYLINE
  5
210A7
100
AcDbEntity
  8
0
100
AcDbPolyline
 70
0
 90
2
 10
694543.687407558
 20
6235210.74910789
 10
694579.987493793
 20
6235202.82821444
  0
LWPOLYLINE
  5
210A8
100
AcDbEntity
  8
0
100
AcDbPolyline
 70
0
 90
2
 10
694470.633026189
 20
6235231.6652091
 10
694543.687407558
 20
6235210.74910789
  0
LWPOLYLINE
  5
210A9
100
AcDbEntity
  8
0
100
AcDbPolyline
 70
0
 90
2
 10
694416.287038648
 20
6235246.80205233
 10
694470.633026189
 20
6235231.6652091
  0
LWPOLYLINE
  5
210AA
100
AcDbEntity
  8
0
100
AcDbPolyline
 70
0
 90
2
 10
694373.050584789
 20
6235259.36882058
 10
694416.287038648
 20
6235246.80205233
  0
LWPOLYLINE
  5
210AB
100
AcDbEntity
  8
0
100
AcDbPolyline
 70
0
 90
2
 10
694364.989297705
 20
6235262.37929934
 10
694373.050584789
 20
6235259.36882058
  0
LWPOLYLINE
  5
210AC
100
AcDbEntity
  8
0
100
AcDbPolyline
 70
0
 90
2
 10
694338.014202888
 20
6235273.65803645
 10
694364.989297705
 20
6235262.37929934
  0
LWPOLYLINE
  5
210AD
100
AcDbEntity
  8
0
100
AcDbPolyline
 70
0
 90
2
 10
694275.841541537
 20
6235299.64287468
 10
694338.014202886
 20
6235273.65803645
  0
LWPOLYLINE
  5
210AE
100
AcDbEntity
  8
0
100
AcDbPolyline
 70
0
 90
2
 10
694239.557758518
 20
6235315.70416554
 10
694275.841541537
 20
6235299.64287468
  0
LWPOLYLINE
  5
210AF
100
AcDbEntity
  8
0
100
AcDbPolyline
 70
0
 90
2
 10
694183.30851653
 20
6235343.78785404
 10
694239.557758518
 20
6235315.70416554
  0
LWPOLYLINE
  5
210B0
100
AcDbEntity
  8
0
100
AcDbPolyline
 70
0
 90
2
 10
694091.740899015
 20
6235393.65231469
 10
694183.30851653
 20
6235343.78785404
  0
LWPOLYLINE
  5
210B1
100
AcDbEntity
  8
0
100
AcDbPolyline
 70
0
 90
2
 10
694018.07537195
 20
6235441.81300604
 10
694091.740899015
 20
6235393.65231469
  0
LWPOLYLINE
  5
210B2
100
AcDbEntity
  8
0
100
AcDbPolyline
 70
0
 90
2
 10
693960.462278195
 20
6235487.00345268
 10
694018.07537195
 20
6235441.81300604
  0
LWPOLYLINE
  5
210B3
100
AcDbEntity
  8
0
100
AcDbPolyline
 70
0
 90
2
 10
693936.341939212
 20
6235507.26479571
 10
693960.462278195
 20
6235487.00345268
  0
LWPOLYLINE
  5
210B4
100
AcDbEntity
  8
0
100
AcDbPolyline
 70
0
 90
2
 10
693916.231788623
 20
6235525.64627378
 10
693936.341939212
 20
6235507.26479571
  0
LWPOLYLINE
  5
210B5
100
AcDbEntity
  8
0
100
AcDbPolyline
 70
0
 90
2
 10
693812.385269735
 20
6235624.96277353
 10
693916.231788623
 20
6235525.64627378
  0
LWPOLYLINE
  5
210B6
100
AcDbEntity
  8
0
100
AcDbPolyline
 70
0
 90
2
 10
693713.847504929
 20
6235725.21350761
 10
693812.385269737
 20
6235624.96277352
  0
LWPOLYLINE
  5
210B7
100
AcDbEntity
  8
0
100
AcDbPolyline
 70
0
 90
2
 10
693523.099201611
 20
6235925.19409487
 10
693713.847504929
 20
6235725.21350761
  0
LWPOLYLINE
  5
210B8
100
AcDbEntity
  8
0
100
AcDbPolyline
 70
0
 90
2
 10
693265.322425161
 20
6236185.03582143
 10
693523.09920161
 20
6235925.19409487
  0
LWPOLYLINE
  5
210B9
100
AcDbEntity
  8
0
100
AcDbPolyline
 70
0
 90
2
 10
693127.720940336
 20
6236325.63052803
 10
693265.322425161
 20
6236185.03582143
  0
LWPOLYLINE
  5
210BA
100
AcDbEntity
  8
0
100
AcDbPolyline
 70
0
 90
2
 10
692932.21193423
 20
6236527.60343903
 10
693127.720940336
 20
6236325.63052803
  0
LWPOLYLINE
  5
210BB
100
AcDbEntity
  8
0
100
AcDbPolyline
 70
0
 90
2
 10
692832.875822755
 20
6236636.12890494
 10
692932.21193423
 20
6236527.60343903
  0
LWPOLYLINE
  5
210BC
100
AcDbEntity
  8
0
100
AcDbPolyline
 70
0
 90
2
 10
694958.63233777
 20
6238249.99160519
 10
695032.720241024
 20
6238233.28087579
  0
LWPOLYLINE
  5
210BD
100
AcDbEntity
  8
0
100
AcDbPolyline
 70
0
 90
2
 10
694863.76082444
 20
6238269.43243483
 10
694958.63233777
 20
6238249.99160519
  0
LWPOLYLINE
  5
210BE
100
AcDbEntity
  8
0
100
AcDbPolyline
 70
0
 90
2
 10
694771.146786555
 20
6238306.32308914
 10
694863.76082444
 20
6238269.43243483
  0
LWPOLYLINE
  5
210BF
100
AcDbEntity
  8
0
100
AcDbPolyline
 70
0
 90
2
 10
694758.829821744
 20
6238311.85799802
 10
694771.146786555
 20
6238306.32308914
  0
LWPOLYLINE
  5
210C0
100
AcDbEntity
  8
0
100
AcDbPolyline
 70
0
 90
2
 10
694690.535380512
 20
6238342.55968181
 10
694758.829821744
 20
6238311.85799802
  0
LWPOLYLINE
  5
210C1
100
AcDbEntity
  8
0
100
AcDbPolyline
 70
0
 90
2
 10
694569.091035404
 20
6238410.0967465
 10
694690.535380512
 20
6238342.55968181
  0
LWPOLYLINE
  5
210C2
100
AcDbEntity
  8
0
100
AcDbPolyline
 70
0
 90
2
 10
694447.079175979
 20
6238463.76666739
 10
694569.091035404
 20
6238410.0967465
  0
LWPOLYLINE
  5
210C3
100
AcDbEntity
  8
0
100
AcDbPolyline
 70
0
 90
2
 10
694327.817198589
 20
6238525.39029984
 10
694447.079175979
 20
6238463.76666739
  0
LWPOLYLINE
  5
210C4
100
AcDbEntity
  8
0
100
AcDbPolyline
 70
0
 90
2
 10
694300.295113401
 20
6238539.70846723
 10
694327.817198589
 20
6238525.39029984
  0
LWPOLYLINE
  5
210C5
100
AcDbEntity
  8
0
100
AcDbPolyline
 70
0
 90
2
 10
694270.922804545
 20
6238555.96009897
 10
694300.295113401
 20
6238539.70846723
  0
LWPOLYLINE
  5
210C6
100
AcDbEntity
  8
0
100
AcDbPolyline
 70
0
 90
2
 10
694194.841665656
 20
6238594.71924532
 10
694270.922804545
 20
6238555.96009897
  0
LWPOLYLINE
  5
210C7
100
AcDbEntity
  8
0
100
AcDbPolyline
 70
0
 90
2
 10
694082.679272625
 20
6238648.04489239
 10
694194.841665656
 20
6238594.71924532
  0
LWPOLYLINE
  5
210C8
100
AcDbEntity
  8
0
100
AcDbPolyline
 70
0
 90
2
 10
694718.795041775
 20
6235574.51835663
 10
694742.395063767
 20
6235595.01281395
  0
LWPOLYLINE
  5
210C9
100
AcDbEntity
  8
0
100
AcDbPolyline
 70
0
 90
2
 10
694710.195982431
 20
6235566.72458993
 10
694718.795041775
 20
6235574.51835663
  0
LWPOLYLINE
  5
210CA
100
AcDbEntity
  8
0
100
AcDbPolyline
 70
0
 90
2
 10
694631.790099592
 20
6235495.64356756
 10
694710.195982431
 20
6235566.72458993
  0
LWPOLYLINE
  5
210CB
100
AcDbEntity
  8
0
100
AcDbPolyline
 70
0
 90
2
 10
694528.682761994
 20
6235401.56837726
 10
694631.790099592
 20
6235495.64356756
  0
LWPOLYLINE
  5
210CC
100
AcDbEntity
  8
0
100
AcDbPolyline
 70
0
 90
2
 10
694510.247338772
 20
6235384.07497034
 10
694528.682761994
 20
6235401.56837726
  0
LWPOLYLINE
  5
210CD
100
AcDbEntity
  8
0
100
AcDbPolyline
 70
0
 90
2
 10
694459.809880863
 20
6235336.20891828
 10
694510.247338772
 20
6235384.07497034
  0
LWPOLYLINE
  5
210CE
100
AcDbEntity
  8
0
100
AcDbPolyline
 70
0
 90
2
 10
694406.859777224
 20
6235289.35495026
 10
694459.809880863
 20
6235336.20891828
  0
LWPOLYLINE
  5
210CF
100
AcDbEntity
  8
0
100
AcDbPolyline
 70
0
 90
2
 10
694684.371909701
 20
6236870.48134083
 10
694702.62056672
 20
6236894.07601202
  0
LWPOLYLINE
  5
210D0
100
AcDbEntity
  8
0
100
AcDbPolyline
 70
0
 90
2
 10
694667.464668542
 20
6236852.04210004
 10
694684.371909701
 20
6236870.48134083
  0
LWPOLYLINE
  5
210D1
100
AcDbEntity
  8
0
100
AcDbPolyline
 70
0
 90
2
 10
695298.932659251
 20
6236973.66325848
 10
695343.362384785
 20
6236989.53058436
  0
LWPOLYLINE
  5
210D2
100
AcDbEntity
  8
0
100
AcDbPolyline
 70
0
 90
2
 10
695343.362384785
 20
6236989.53058436
 10
695425.761275124
 20
6237025.273535
  0
LWPOLYLINE
  5
210D3
100
AcDbEntity
  8
0
100
AcDbPolyline
 70
0
 90
2
 10
695425.761275124
 20
6237025.273535
 10
695628.856103676
 20
6237092.85753551
  0
LWPOLYLINE
  5
210D4
100
AcDbEntity
  8
0
100
AcDbPolyline
 70
0
 90
2
 10
695628.856103676
 20
6237092.85753551
 10
695706.303773598
 20
6237114.65708242
  0
LWPOLYLINE
  5
210D5
100
AcDbEntity
  8
0
100
AcDbPolyline
 70
0
 90
2
 10
695706.303773598
 20
6237114.65708242
 10
695753.280993819
 20
6237126.90028725
  0
LWPOLYLINE
  5
210D6
100
AcDbEntity
  8
0
100
AcDbPolyline
 70
0
 90
2
 10
695753.280993819
 20
6237126.90028725
 10
695761.82102745
 20
6237129.51039175
  0
LWPOLYLINE
  5
210D7
100
AcDbEntity
  8
0
100
AcDbPolyline
 70
0
 90
2
 10
694468.855985168
 20
6237214.42237012
 10
694490.947549703
 20
6237219.60946814
  0
LWPOLYLINE
  5
210D8
100
AcDbEntity
  8
0
100
AcDbPolyline
 70
0
 90
2
 10
696568.543595941
 20
6233110.04542977
 10
696583.637884375
 20
6233117.98557674
  0
LWPOLYLINE
  5
210D9
100
AcDbEntity
  8
0
100
AcDbPolyline
 70
0
 90
2
 10
696563.250050629
 20
6233117.19244524
 10
696574.656672658
 20
6233129.92338559
  0
LWPOLYLINE
  5
210DA
100
AcDbEntity
  8
0
100
AcDbPolyline
 70
0
 90
2
 10
696574.656672658
 20
6233129.92338559
 10
696583.886480689
 20
6233140.53656398
  0
LWPOLYLINE
  5
210DB
100
AcDbEntity
  8
0
100
AcDbPolyline
 70
0
 90
2
 10
696583.886480689
 20
6233140.53656398
 10
696590.043827898
 20
6233147.29638355
  0
LWPOLYLINE
  5
210DC
100
AcDbEntity
  8
0
100
AcDbPolyline
 70
0
 90
2
 10
696572.465061609
 20
6233098.82231571
 10
696588.262238715
 20
6233099.9950513
  0
LWPOLYLINE
  5
210DD
100
AcDbEntity
  8
0
100
AcDbPolyline
 70
0
 90
2
 10
696560.281215396
 20
6233118.64989986
 10
696569.319241996
 20
6233134.78320732
  0
LWPOLYLINE
  5
210DE
100
AcDbEntity
  8
0
100
AcDbPolyline
 70
0
 90
2
 10
696567.273048234
 20
6233037.85375794
 10
696568.682911608
 20
6233039.10272696
  0
LWPOLYLINE
  5
210DF
100
AcDbEntity
  8
0
100
AcDbPolyline
 70
0
 90
2
 10
696568.682911608
 20
6233039.10272696
 10
696579.732694985
 20
6233048.89150316
  0
LWPOLYLINE
  5
210E0
100
AcDbEntity
  8
0
100
AcDbPolyline
 70
0
 90
2
 10
696579.732694985
 20
6233048.89150316
 10
696585.138310393
 20
6233053.68022685
  0
LWPOLYLINE
  5
210E1
100
AcDbEntity
  8
0
100
AcDbPolyline
 70
0
 90
2
 10
696585.138310393
 20
6233053.68022685
 10
696599.405779455
 20
6233066.31948472
  0
LWPOLYLINE
  5
210E2
100
AcDbEntity
  8
0
100
AcDbPolyline
 70
0
 90
2
 10
696490.718938765
 20
6232970.04603715
 10
696567.273048234
 20
6233037.85375794
  0
LWPOLYLINE
  5
210E3
100
AcDbEntity
  8
0
100
AcDbPolyline
 70
0
 90
2
 10
696565.805811498
 20
6233114.04391489
 10
696579.639485085
 20
6233124.66824995
  0
LWPOLYLINE
  5
210E4
100
AcDbEntity
  8
0
100
AcDbPolyline
 70
0
 90
2
 10
696579.639485085
 20
6233124.66824995
 10
696591.603021808
 20
6233133.80203877
  0
LWPOLYLINE
  5
210E5
100
AcDbEntity
  8
0
100
AcDbPolyline
 70
0
 90
2
 10
696591.603021809
 20
6233133.80203877
 10
696599.136333358
 20
6233142.932648
  0
LWPOLYLINE
  5
210E6
100
AcDbEntity
  8
0
100
AcDbPolyline
 70
0
 90
2
 10
696549.147050542
 20
6233121.4706631
 10
696552.090496621
 20
6233141.9050361
  0
LWPOLYLINE
  5
210E7
100
AcDbEntity
  8
0
100
AcDbPolyline
 70
0
 90
2
 10
696526.770701973
 20
6233142.96969331
 10
696549.147050541
 20
6233121.4706631
  0
LWPOLYLINE
  5
210E8
100
AcDbEntity
  8
0
100
AcDbPolyline
 70
0
 90
2
 10
696549.147050541
 20
6233121.4706631
 10
696557.127960874
 20
6233120.19919632
  0
LWPOLYLINE
  5
210E9
100
AcDbEntity
  8
0
100
AcDbPolyline
 70
0
 90
2
 10
696557.127960874
 20
6233120.19919632
 10
696560.281215396
 20
6233118.64989986
  0
LWPOLYLINE
  5
210EA
100
AcDbEntity
  8
0
100
AcDbPolyline
 70
0
 90
2
 10
696560.281215396
 20
6233118.64989986
 10
696563.250050629
 20
6233117.19244524
  0
LWPOLYLINE
  5
210EB
100
AcDbEntity
  8
0
100
AcDbPolyline
 70
0
 90
2
 10
696563.250050629
 20
6233117.19244524
 10
696565.805811361
 20
6233114.04391506
  0
LWPOLYLINE
  5
210EC
100
AcDbEntity
  8
0
100
AcDbPolyline
 70
0
 90
2
 10
696565.805811361
 20
6233114.04391506
 10
696567.689200792
 20
6233111.73392883
  0
LWPOLYLINE
  5
210ED
100
AcDbEntity
  8
0
100
AcDbPolyline
 70
0
 90
2
 10
696567.689200792
 20
6233111.73392883
 10
696568.543595799
 20
6233110.04543005
  0
LWPOLYLINE
  5
210EE
100
AcDbEntity
  8
0
100
AcDbPolyline
 70
0
 90
2
 10
696568.543595799
 20
6233110.04543005
 10
696571.467657467
 20
6233104.29426642
  0
LWPOLYLINE
  5
210EF
100
AcDbEntity
  8
0
100
AcDbPolyline
 70
0
 90
2
 10
696571.467657467
 20
6233104.29426642
 10
696572.465061609
 20
6233098.82231571
  0
LWPOLYLINE
  5
210F0
100
AcDbEntity
  8
0
100
AcDbPolyline
 70
0
 90
2
 10
696572.465061609
 20
6233098.82231571
 10
696572.99510159
 20
6233093.919661
  0
LWPOLYLINE
  5
210F1
100
AcDbEntity
  8
0
100
AcDbPolyline
 70
0
 90
2
 10
696572.99510159
 20
6233093.919661
 10
696582.152112763
 20
6233083.29415073
  0
LWPOLYLINE
  5
210F2
100
AcDbEntity
  8
0
100
AcDbPolyline
 70
0
 90
2
 10
696582.152112764
 20
6233083.29415073
 10
696586.253898911
 20
6233088.40992461
  0
LWPOLYLINE
  5
210F3
100
AcDbEntity
  8
0
100
AcDbPolyline
 70
0
 90
2
 10
696586.253898912
 20
6233088.40992461
 10
696588.245607103
 20
6233093.8744976
  0
LWPOLYLINE
  5
210F4
100
AcDbEntity
  8
0
100
AcDbPolyline
 70
0
 90
2
 10
696588.245607103
 20
6233093.8744976
 10
696588.262238715
 20
6233099.9950513
  0
LWPOLYLINE
  5
210F5
100
AcDbEntity
  8
0
100
AcDbPolyline
 70
0
 90
2
 10
696588.262238715
 20
6233099.9950513
 10
696588.267227216
 20
6233103.1276316
  0
LWPOLYLINE
  5
210F6
100
AcDbEntity
  8
0
100
AcDbPolyline
 70
0
 90
2
 10
696585.569714488
 20
6233113.00250953
 10
696588.267227216
 20
6233103.1276316
  0
LWPOLYLINE
  5
210F7
100
AcDbEntity
  8
0
100
AcDbPolyline
 70
0
 90
2
 10
696583.637884375
 20
6233117.98557674
 10
696585.569714488
 20
6233113.00250953
  0
LWPOLYLINE
  5
210F8
100
AcDbEntity
  8
0
100
AcDbPolyline
 70
0
 90
2
 10
696582.034099553
 20
6233121.64608
 10
696583.637884375
 20
6233117.98557674
  0
LWPOLYLINE
  5
210F9
100
AcDbEntity
  8
0
100
AcDbPolyline
 70
0
 90
2
 10
696579.639485092
 20
6233124.66824996
 10
696582.034099553
 20
6233121.64608
  0
LWPOLYLINE
  5
210FA
100
AcDbEntity
  8
0
100
AcDbPolyline
 70
0
 90
2
 10
696577.587773651
 20
6233127.26031221
 10
696579.639485093
 20
6233124.66824996
  0
LWPOLYLINE
  5
210FB
100
AcDbEntity
  8
0
100
AcDbPolyline
 70
0
 90
2
 10
696574.656672675
 20
6233129.92338561
 10
696577.58777365
 20
6233127.26031221
  0
LWPOLYLINE
  5
210FC
100
AcDbEntity
  8
0
100
AcDbPolyline
 70
0
 90
2
 10
696569.319241997
 20
6233134.78320732
 10
696574.656672675
 20
6233129.92338561
  0
LWPOLYLINE
  5
210FD
100
AcDbEntity
  8
0
100
AcDbPolyline
 70
0
 90
2
 10
696559.990682904
 20
6233139.28105795
 10
696569.319241997
 20
6233134.78320732
  0
LWPOLYLINE
  5
210FE
100
AcDbEntity
  8
0
100
AcDbPolyline
 70
0
 90
2
 10
696552.090496621
 20
6233141.9050361
 10
696559.990682904
 20
6233139.28105795
  0
LWPOLYLINE
  5
210FF
100
AcDbEntity
  8
0
100
AcDbPolyline
 70
0
 90
2
 10
696539.32858791
 20
6233143.10148225
 10
696552.090496621
 20
6233141.9050361
  0
LWPOLYLINE
  5
21100
100
AcDbEntity
  8
0
100
AcDbPolyline
 70
0
 90
2
 10
696526.770701973
 20
6233142.96969331
 10
696539.32858791
 20
6233143.10148225
  0
LWPOLYLINE
  5
21101
100
AcDbEntity
  8
0
100
AcDbPolyline
 70
0
 90
2
 10
697534.192059479
 20
6235577.33706477
 10
697559.161786662
 20
6235617.22973142
  0
LWPOLYLINE
  5
21102
100
AcDbEntity
  8
0
100
AcDbPolyline
 70
0
 90
2
 10
697559.161786662
 20
6235617.22973142
 10
697585.64619689
 20
6235646.2570973
  0
LWPOLYLINE
  5
21103
100
AcDbEntity
  8
0
100
AcDbPolyline
 70
0
 90
2
 10
697585.64619689
 20
6235646.2570973
 10
697591.690500604
 20
6235656.0121537
  0
LWPOLYLINE
  5
21104
100
AcDbEntity
  8
0
100
AcDbPolyline
 70
0
 90
2
 10
697591.690500604
 20
6235656.0121537
 10
697595.335798902
 20
6235663.66078915
  0
LWPOLYLINE
  5
21105
100
AcDbEntity
  8
0
100
AcDbPolyline
 70
0
 90
2
 10
694468.014099493
 20
6232194.89953057
 10
694489.963761086
 20
6232204.4702377
  0
LWPOLYLINE
  5
21106
100
AcDbEntity
  8
0
100
AcDbPolyline
 70
0
 90
2
 10
694454.403031019
 20
6232196.28662203
 10
694468.014099493
 20
6232194.89953057
  0
LWPOLYLINE
  5
21107
100
AcDbEntity
  8
0
100
AcDbPolyline
 70
0
 90
2
 10
694436.566440149
 20
6232200.66948436
 10
694454.403031019
 20
6232196.28662203
  0
LWPOLYLINE
  5
21108
100
AcDbEntity
  8
0
100
AcDbPolyline
 70
0
 90
2
 10
696906.298964737
 20
6232745.91350814
 10
696919.650190128
 20
6232716.58739106
  0
LWPOLYLINE
  5
21109
100
AcDbEntity
  8
0
100
AcDbPolyline
 70
0
 90
2
 10
696892.743136205
 20
6232765.25348423
 10
696906.298964737
 20
6232745.91350814
  0
LWPOLYLINE
  5
2110A
100
AcDbEntity
  8
0
100
AcDbPolyline
 70
0
 90
2
 10
696864.149596007
 20
6232792.53971656
 10
696892.743136203
 20
6232765.25348423
  0
LWPOLYLINE
  5
2110B
100
AcDbEntity
  8
0
100
AcDbPolyline
 70
0
 90
2
 10
696851.829370535
 20
6232813.93207766
 10
696864.149596007
 20
6232792.53971656
  0
LWPOLYLINE
  5
2110C
100
AcDbEntity
  8
0
100
AcDbPolyline
 70
0
 90
2
 10
696851.829370536
 20
6232813.93207766
 10
696856.903518376
 20
6232826.80676816
  0
LWPOLYLINE
  5
2110D
100
AcDbEntity
  8
0
100
AcDbPolyline
 70
0
 90
2
 10
696856.903518376
 20
6232826.80676816
 10
696892.539427074
 20
6232855.98231579
  0
LWPOLYLINE
  5
2110E
100
AcDbEntity
  8
0
100
AcDbPolyline
 70
0
 90
2
 10
696122.565989459
 20
6237578.23138966
 10
696143.334714358
 20
6237568.38463766
  0
LWPOLYLINE
  5
2110F
100
AcDbEntity
  8
0
100
AcDbPolyline
 70
0
 90
2
 10
696143.334714358
 20
6237568.38463766
 10
696147.789050392
 20
6237565.60199836
  0
LWPOLYLINE
  5
21110
100
AcDbEntity
  8
0
100
AcDbPolyline
 70
0
 90
2
 10
696147.789050391
 20
6237565.60199836
 10
696151.482435137
 20
6237561.27950386
  0
LWPOLYLINE
  5
21111
100
AcDbEntity
  8
0
100
AcDbPolyline
 70
0
 90
2
 10
696151.482435137
 20
6237561.27950386
 10
696157.49672136
 20
6237546.44045955
  0
LWPOLYLINE
  5
21112
100
AcDbEntity
  8
0
100
AcDbPolyline
 70
0
 90
2
 10
696157.49672136
 20
6237546.44045955
 10
696164.731274691
 20
6237523.01846082
  0
LWPOLYLINE
  5
21113
100
AcDbEntity
  8
0
100
AcDbPolyline
 70
0
 90
2
 10
696164.731274691
 20
6237523.01846082
 10
696167.54877676
 20
6237508.85732138
  0
LWPOLYLINE
  5
21114
100
AcDbEntity
  8
0
100
AcDbPolyline
 70
0
 90
2
 10
696167.54877676
 20
6237508.85732138
 10
696169.028465012
 20
6237483.83303847
  0
LWPOLYLINE
  5
21115
100
AcDbEntity
  8
0
100
AcDbPolyline
 70
0
 90
2
 10
696168.747392334
 20
6237461.05755338
 10
696169.028465012
 20
6237483.83303847
  0
LWPOLYLINE
  5
21116
100
AcDbEntity
  8
0
100
AcDbPolyline
 70
0
 90
2
 10
696167.70566758
 20
6237451.04406521
 10
696168.747392334
 20
6237461.05755338
  0
LWPOLYLINE
  5
21117
100
AcDbEntity
  8
0
100
AcDbPolyline
 70
0
 90
2
 10
696165.840099884
 20
6237440.99269578
 10
696167.70566758
 20
6237451.04406521
  0
LWPOLYLINE
  5
21118
100
AcDbEntity
  8
0
100
AcDbPolyline
 70
0
 90
2
 10
696163.2226891
 20
6237429.06747133
 10
696165.840099885
 20
6237440.99269578
  0
LWPOLYLINE
  5
21119
100
AcDbEntity
  8
0
100
AcDbPolyline
 70
0
 90
2
 10
696158.881033906
 20
6237415.49121537
 10
696163.2226891
 20
6237429.06747133
  0
LWPOLYLINE
  5
2111A
100
AcDbEntity
  8
0
100
AcDbPolyline
 70
0
 90
2
 10
695792.869828454
 20
6233893.76822365
 10
695876.960092917
 20
6233834.18583724
  0
LWPOLYLINE
  5
2111B
100
AcDbEntity
  8
0
100
AcDbPolyline
 70
0
 90
2
 10
695069.926650059
 20
6234316.72178452
 10
695173.256807066
 20
6234288.4813316
  0
LWPOLYLINE
  5
2111C
100
AcDbEntity
  8
0
100
AcDbPolyline
 70
0
 90
2
 10
695052.747334957
 20
6234310.5531589
 10
695069.926650059
 20
6234316.72178452
  0
LWPOLYLINE
  5
2111D
100
AcDbEntity
  8
0
100
AcDbPolyline
 70
0
 90
2
 10
695028.877461235
 20
6234283.31235706
 10
695052.747334956
 20
6234310.5531589
  0
LWPOLYLINE
  5
2111E
100
AcDbEntity
  8
0
100
AcDbPolyline
 70
0
 90
2
 10
694846.701466479
 20
6234333.79668458
 10
695028.877461236
 20
6234283.31235706
  0
LWPOLYLINE
  5
2111F
100
AcDbEntity
  8
0
100
AcDbPolyline
 70
0
 90
2
 10
694789.075133991
 20
6234343.21765135
 10
694846.701466479
 20
6234333.79668458
  0
LWPOLYLINE
  5
21120
100
AcDbEntity
  8
0
100
AcDbPolyline
 70
0
 90
2
 10
694652.258171419
 20
6234361.07890824
 10
694789.075133991
 20
6234343.21765135
  0
LWPOLYLINE
  5
21121
100
AcDbEntity
  8
0
100
AcDbPolyline
 70
0
 90
2
 10
694528.903352023
 20
6234362.43611966
 10
694652.258171419
 20
6234361.07890824
  0
LWPOLYLINE
  5
21122
100
AcDbEntity
  8
0
100
AcDbPolyline
 70
0
 90
2
 10
696057.4931609
 20
6233701.20163934
 10
696083.739384819
 20
6233715.6045267
  0
LWPOLYLINE
  5
21123
100
AcDbEntity
  8
0
100
AcDbPolyline
 70
0
 90
2
 10
696083.739384819
 20
6233715.6045267
 10
696171.507447975
 20
6233774.56730904
  0
LWPOLYLINE
  5
21124
100
AcDbEntity
  8
0
100
AcDbPolyline
 70
0
 90
2
 10
696171.507447975
 20
6233774.56730904
 10
696174.328131224
 20
6233776.45809514
  0
LWPOLYLINE
  5
21125
100
AcDbEntity
  8
0
100
AcDbPolyline
 70
0
 90
2
 10
696174.328131224
 20
6233776.45809514
 10
696197.85631481
 20
6233792.2640628
  0
LWPOLYLINE
  5
21126
100
AcDbEntity
  8
0
100
AcDbPolyline
 70
0
 90
2
 10
695618.525055484
 20
6234482.36814844
 10
695639.838299535
 20
6234464.43916002
  0
LWPOLYLINE
  5
21127
100
AcDbEntity
  8
0
100
AcDbPolyline
 70
0
 90
2
 10
695639.838299536
 20
6234464.43916002
 10
695644.964811466
 20
6234454.36302258
  0
LWPOLYLINE
  5
21128
100
AcDbEntity
  8
0
100
AcDbPolyline
 70
0
 90
2
 10
695642.70065832
 20
6234438.29675397
 10
695644.964811466
 20
6234454.36302258
  0
LWPOLYLINE
  5
21129
100
AcDbEntity
  8
0
100
AcDbPolyline
 70
0
 90
2
 10
695509.069702982
 20
6234305.34626985
 10
695642.70065832
 20
6234438.29675397
  0
LWPOLYLINE
  5
2112A
100
AcDbEntity
  8
0
100
AcDbPolyline
 70
0
 90
2
 10
695478.770057912
 20
6234273.6951891
 10
695509.069702986
 20
6234305.34626985
  0
LWPOLYLINE
  5
2112B
100
AcDbEntity
  8
0
100
AcDbPolyline
 70
0
 90
2
 10
695404.049238661
 20
6234200.62940549
 10
695478.770057912
 20
6234273.6951891
  0
LWPOLYLINE
  5
2112C
100
AcDbEntity
  8
0
100
AcDbPolyline
 70
0
 90
2
 10
695364.728885643
 20
6234223.42077214
 10
695381.353796896
 20
6234236.14200587
  0
LWPOLYLINE
  5
2112D
100
AcDbEntity
  8
0
100
AcDbPolyline
 70
0
 90
2
 10
695768.375980502
 20
6236681.24044472
 10
695784.303603179
 20
6236693.48614581
  0
LWPOLYLINE
  5
2112E
100
AcDbEntity
  8
0
100
AcDbPolyline
 70
0
 90
2
 10
695757.942057286
 20
6236664.54275044
 10
695768.375980503
 20
6236681.24044472
  0
LWPOLYLINE
  5
2112F
100
AcDbEntity
  8
0
100
AcDbPolyline
 70
0
 90
2
 10
695755.328871339
 20
6236639.89925723
 10
695757.942057287
 20
6236664.54275044
  0
LWPOLYLINE
  5
21130
100
AcDbEntity
  8
0
100
AcDbPolyline
 70
0
 90
2
 10
695751.851651928
 20
6236610.94679576
 10
695755.328871339
 20
6236639.89925723
  0
LWPOLYLINE
  5
21131
100
AcDbEntity
  8
0
100
AcDbPolyline
 70
0
 90
2
 10
695751.851651927
 20
6236610.94679576
 10
695752.965387827
 20
6236608.32258215
  0
LWPOLYLINE
  5
21132
100
AcDbEntity
  8
0
100
AcDbPolyline
 70
0
 90
2
 10
695752.965387827
 20
6236608.32258215
 10
695757.845212537
 20
6236596.8196876
  0
LWPOLYLINE
  5
21133
100
AcDbEntity
  8
0
100
AcDbPolyline
 70
0
 90
2
 10
695757.845212537
 20
6236596.8196876
 10
695769.312873811
 20
6236579.75564053
  0
LWPOLYLINE
  5
21134
100
AcDbEntity
  8
0
100
AcDbPolyline
 70
0
 90
2
 10
695769.312873811
 20
6236579.75564053
 10
695772.782720175
 20
6236562.3135542
  0
LWPOLYLINE
  5
21135
100
AcDbEntity
  8
0
100
AcDbPolyline
 70
0
 90
2
 10
695772.782720175
 20
6236562.3135542
 10
695777.979199463
 20
6236542.2865255
  0
LWPOLYLINE
  5
21136
100
AcDbEntity
  8
0
100
AcDbPolyline
 70
0
 90
2
 10
695777.979199463
 20
6236542.2865255
 10
695787.144824113
 20
6236528.85118215
  0
LWPOLYLINE
  5
21137
100
AcDbEntity
  8
0
100
AcDbPolyline
 70
0
 90
2
 10
695787.144824113
 20
6236528.85118215
 10
695788.601387413
 20
6236520.3793291
  0
LWPOLYLINE
  5
21138
100
AcDbEntity
  8
0
100
AcDbPolyline
 70
0
 90
2
 10
695788.601387412
 20
6236520.3793291
 10
695795.611813454
 20
6236507.3690349
  0
LWPOLYLINE
  5
21139
100
AcDbEntity
  8
0
100
AcDbPolyline
 70
0
 90
2
 10
695795.611813454
 20
6236507.3690349
 10
695797.898249691
 20
6236480.81007202
  0
LWPOLYLINE
  5
2113A
100
AcDbEntity
  8
0
100
AcDbPolyline
 70
0
 90
2
 10
695793.677447823
 20
6236443.84213688
 10
695797.898249691
 20
6236480.81007202
  0
LWPOLYLINE
  5
2113B
100
AcDbEntity
  8
0
100
AcDbPolyline
 70
0
 90
2
 10
695748.311174063
 20
6236580.66493597
 10
695752.965387827
 20
6236608.32258215
  0
LWPOLYLINE
  5
2113C
100
AcDbEntity
  8
0
100
AcDbPolyline
 70
0
 90
2
 10
695744.919953744
 20
6236560.12134384
 10
695748.311174063
 20
6236580.66493597
  0
LWPOLYLINE
  5
2113D
100
AcDbEntity
  8
0
100
AcDbPolyline
 70
0
 90
2
 10
695733.281309348
 20
6236530.5604718
 10
695744.919953744
 20
6236560.12134384
  0
LWPOLYLINE
  5
2113E
100
AcDbEntity
  8
0
100
AcDbPolyline
 70
0
 90
2
 10
695720.043126518
 20
6236511.50487097
 10
695733.281309348
 20
6236530.5604718
  0
LWPOLYLINE
  5
2113F
100
AcDbEntity
  8
0
100
AcDbPolyline
 70
0
 90
2
 10
695693.809191376
 20
6236492.19891733
 10
695720.043126518
 20
6236511.50487097
  0
LWPOLYLINE
  5
21140
100
AcDbEntity
  8
0
100
AcDbPolyline
 70
0
 90
2
 10
695668.862704756
 20
6236477.57820858
 10
695693.809191376
 20
6236492.19891733
  0
LWPOLYLINE
  5
21141
100
AcDbEntity
  8
0
100
AcDbPolyline
 70
0
 90
2
 10
695635.012971548
 20
6236459.97452706
 10
695668.862704756
 20
6236477.57820858
  0
LWPOLYLINE
  5
21142
100
AcDbEntity
  8
0
100
AcDbPolyline
 70
0
 90
2
 10
695600.594308432
 20
6236441.0965843
 10
695635.012971548
 20
6236459.97452706
  0
LWPOLYLINE
  5
21143
100
AcDbEntity
  8
0
100
AcDbPolyline
 70
0
 90
2
 10
695579.740197524
 20
6236423.46480128
 10
695600.594308432
 20
6236441.0965843
  0
LWPOLYLINE
  5
21144
100
AcDbEntity
  8
0
100
AcDbPolyline
 70
0
 90
2
 10
695544.811527768
 20
6236412.58985118
 10
695579.740197524
 20
6236423.46480128
  0
LWPOLYLINE
  5
21145
100
AcDbEntity
  8
0
100
AcDbPolyline
 70
0
 90
2
 10
695523.612043924
 20
6236406.82529933
 10
695544.811527768
 20
6236412.58985118
  0
LWPOLYLINE
  5
21146
100
AcDbEntity
  8
0
100
AcDbPolyline
 70
0
 90
2
 10
695502.626352762
 20
6236399.51006342
 10
695523.612043924
 20
6236406.82529933
  0
LWPOLYLINE
  5
21147
100
AcDbEntity
  8
0
100
AcDbPolyline
 70
0
 90
2
 10
695479.666860356
 20
6236392.31631863
 10
695502.626352762
 20
6236399.51006342
  0
LWPOLYLINE
  5
21148
100
AcDbEntity
  8
0
100
AcDbPolyline
 70
0
 90
2
 10
695445.220266581
 20
6236394.49518417
 10
695479.666860356
 20
6236392.31631863
  0
LWPOLYLINE
  5
21149
100
AcDbEntity
  8
0
100
AcDbPolyline
 70
0
 90
2
 10
695422.457819576
 20
6236395.47040754
 10
695445.220266581
 20
6236394.49518417
  0
LWPOLYLINE
  5
2114A
100
AcDbEntity
  8
0
100
AcDbPolyline
 70
0
 90
2
 10
695399.545595828
 20
6236395.51368993
 10
695422.457819576
 20
6236395.47040754
  0
LWPOLYLINE
  5
2114B
100
AcDbEntity
  8
0
100
AcDbPolyline
 70
0
 90
2
 10
695382.782707578
 20
6236393.46430456
 10
695399.545595828
 20
6236395.51368993
  0
LWPOLYLINE
  5
2114C
100
AcDbEntity
  8
0
100
AcDbPolyline
 70
0
 90
2
 10
695363.665590529
 20
6236390.76100959
 10
695382.782707578
 20
6236393.46430456
  0
LWPOLYLINE
  5
2114D
100
AcDbEntity
  8
0
100
AcDbPolyline
 70
0
 90
2
 10
695332.719422757
 20
6236390.25853021
 10
695363.665590529
 20
6236390.76100959
  0
LWPOLYLINE
  5
2114E
100
AcDbEntity
  8
0
100
AcDbPolyline
 70
0
 90
2
 10
695295.320778755
 20
6236390.06293194
 10
695332.719422757
 20
6236390.25853021
  0
LWPOLYLINE
  5
2114F
100
AcDbEntity
  8
0
100
AcDbPolyline
 70
0
 90
2
 10
695269.582840916
 20
6236384.56015672
 10
695295.320778755
 20
6236390.06293194
  0
LWPOLYLINE
  5
21150
100
AcDbEntity
  8
0
100
AcDbPolyline
 70
0
 90
2
 10
695233.707319624
 20
6236384.45708563
 10
695269.582840916
 20
6236384.56015672
  0
LWPOLYLINE
  5
21151
100
AcDbEntity
  8
0
100
AcDbPolyline
 70
0
 90
2
 10
694392.776095941
 20
6236378.31768867
 10
694404.659668317
 20
6236377.22041654
  0
LWPOLYLINE
  5
21152
100
AcDbEntity
  8
0
100
AcDbPolyline
 70
0
 90
2
 10
694404.659668316
 20
6236377.22041654
 10
694410.977176543
 20
6236370.19586225
  0
LWPOLYLINE
  5
21153
100
AcDbEntity
  8
0
100
AcDbPolyline
 70
0
 90
2
 10
694410.977176543
 20
6236370.19586225
 10
694421.417035491
 20
6236367.67295045
  0
LWPOLYLINE
  5
21154
100
AcDbEntity
  8
0
100
AcDbPolyline
 70
0
 90
2
 10
694421.417035491
 20
6236367.67295045
 10
694431.386010697
 20
6236368.12711662
  0
LWPOLYLINE
  5
21155
100
AcDbEntity
  8
0
100
AcDbPolyline
 70
0
 90
2
 10
694431.386010697
 20
6236368.12711662
 10
694434.941376195
 20
6236369.53754629
  0
LWPOLYLINE
  5
21156
100
AcDbEntity
  8
0
100
AcDbPolyline
 70
0
 90
2
 10
694434.941376195
 20
6236369.53754629
 10
694448.400004867
 20
6236374.8881609
  0
LWPOLYLINE
  5
21157
100
AcDbEntity
  8
0
100
AcDbPolyline
 70
0
 90
2
 10
694448.400004867
 20
6236374.8881609
 10
694464.516176261
 20
6236379.27866933
  0
LWPOLYLINE
  5
21158
100
AcDbEntity
  8
0
100
AcDbPolyline
 70
0
 90
2
 10
694464.516176261
 20
6236379.27866933
 10
694479.671415298
 20
6236382.95663782
  0
LWPOLYLINE
  5
21159
100
AcDbEntity
  8
0
100
AcDbPolyline
 70
0
 90
2
 10
694479.671415298
 20
6236382.95663782
 10
694494.142283651
 20
6236386.93787829
  0
LWPOLYLINE
  5
2115A
100
AcDbEntity
  8
0
100
AcDbPolyline
 70
0
 90
2
 10
694494.142283651
 20
6236386.93787829
 10
694516.713894198
 20
6236388.63543207
  0
LWPOLYLINE
  5
2115B
100
AcDbEntity
  8
0
100
AcDbPolyline
 70
0
 90
2
 10
694516.713894198
 20
6236388.63543207
 10
694532.983001492
 20
6236397.02376074
  0
LWPOLYLINE
  5
2115C
100
AcDbEntity
  8
0
100
AcDbPolyline
 70
0
 90
2
 10
694532.983001492
 20
6236397.02376074
 10
694568.248482062
 20
6236397.9626129
  0
LWPOLYLINE
  5
2115D
100
AcDbEntity
  8
0
100
AcDbPolyline
 70
0
 90
2
 10
694568.248482062
 20
6236397.9626129
 10
694586.920777338
 20
6236397.48747437
  0
LWPOLYLINE
  5
2115E
100
AcDbEntity
  8
0
100
AcDbPolyline
 70
0
 90
2
 10
694586.920777338
 20
6236397.48747437
 10
694606.439432619
 20
6236400.37278598
  0
LWPOLYLINE
  5
2115F
100
AcDbEntity
  8
0
100
AcDbPolyline
 70
0
 90
2
 10
694606.439432619
 20
6236400.37278598
 10
694624.610770043
 20
6236403.53115068
  0
LWPOLYLINE
  5
21160
100
AcDbEntity
  8
0
100
AcDbPolyline
 70
0
 90
2
 10
694624.610770043
 20
6236403.53115068
 10
694643.390847629
 20
6236408.04383971
  0
LWPOLYLINE
  5
21161
100
AcDbEntity
  8
0
100
AcDbPolyline
 70
0
 90
2
 10
694643.390847629
 20
6236408.04383971
 10
694659.102766137
 20
6236414.07755294
  0
LWPOLYLINE
  5
21162
100
AcDbEntity
  8
0
100
AcDbPolyline
 70
0
 90
2
 10
694659.102766137
 20
6236414.07755294
 10
694680.023313112
 20
6236415.35511705
  0
LWPOLYLINE
  5
21163
100
AcDbEntity
  8
0
100
AcDbPolyline
 70
0
 90
2
 10
694680.023313112
 20
6236415.35511705
 10
694696.853449266
 20
6236418.78702052
  0
LWPOLYLINE
  5
21164
100
AcDbEntity
  8
0
100
AcDbPolyline
 70
0
 90
2
 10
694696.853449266
 20
6236418.78702052
 10
694712.383568342
 20
6236428.80323781
  0
LWPOLYLINE
  5
21165
100
AcDbEntity
  8
0
100
AcDbPolyline
 70
0
 90
2
 10
694712.383568342
 20
6236428.80323781
 10
694730.468986076
 20
6236426.62991862
  0
LWPOLYLINE
  5
21166
100
AcDbEntity
  8
0
100
AcDbPolyline
 70
0
 90
2
 10
694730.468986076
 20
6236426.62991862
 10
694748.942698211
 20
6236423.15905764
  0
LWPOLYLINE
  5
21167
100
AcDbEntity
  8
0
100
AcDbPolyline
 70
0
 90
2
 10
694748.942698211
 20
6236423.15905764
 10
694764.881363161
 20
6236424.22084568
  0
LWPOLYLINE
  5
21168
100
AcDbEntity
  8
0
100
AcDbPolyline
 70
0
 90
2
 10
694764.881363161
 20
6236424.22084568
 10
694777.376787754
 20
6236420.4661247
  0
LWPOLYLINE
  5
21169
100
AcDbEntity
  8
0
100
AcDbPolyline
 70
0
 90
2
 10
694777.376787754
 20
6236420.4661247
 10
694795.826815868
 20
6236417.65204949
  0
LWPOLYLINE
  5
2116A
100
AcDbEntity
  8
0
100
AcDbPolyline
 70
0
 90
2
 10
694795.826815868
 20
6236417.65204949
 10
694810.144559657
 20
6236417.63679461
  0
LWPOLYLINE
  5
2116B
100
AcDbEntity
  8
0
100
AcDbPolyline
 70
0
 90
2
 10
694810.144559657
 20
6236417.63679461
 10
694826.098479933
 20
6236418.36509851
  0
LWPOLYLINE
  5
2116C
100
AcDbEntity
  8
0
100
AcDbPolyline
 70
0
 90
2
 10
694826.098479933
 20
6236418.36509851
 10
694846.446472794
 20
6236417.63318712
  0
LWPOLYLINE
  5
2116D
100
AcDbEntity
  8
0
100
AcDbPolyline
 70
0
 90
2
 10
694846.446472794
 20
6236417.63318712
 10
694865.10492299
 20
6236424.80543328
  0
LWPOLYLINE
  5
2116E
100
AcDbEntity
  8
0
100
AcDbPolyline
 70
0
 90
2
 10
694865.104922989
 20
6236424.80543328
 10
694891.512713405
 20
6236451.93912916
  0
LWPOLYLINE
  5
2116F
100
AcDbEntity
  8
0
100
AcDbPolyline
 70
0
 90
2
 10
694891.512713406
 20
6236451.93912916
 10
694908.546416242
 20
6236472.65895121
  0
LWPOLYLINE
  5
21170
100
AcDbEntity
  8
0
100
AcDbPolyline
 70
0
 90
2
 10
694908.546416242
 20
6236472.65895121
 10
694927.62560509
 20
6236485.15665849
  0
LWPOLYLINE
  5
21171
100
AcDbEntity
  8
0
100
AcDbPolyline
 70
0
 90
2
 10
694927.62560509
 20
6236485.15665849
 10
694955.150353486
 20
6236502.36529449
  0
LWPOLYLINE
  5
21172
100
AcDbEntity
  8
0
100
AcDbPolyline
 70
0
 90
2
 10
694955.150353486
 20
6236502.36529449
 10
694982.148171171
 20
6236516.56266113
  0
LWPOLYLINE
  5
21173
100
AcDbEntity
  8
0
100
AcDbPolyline
 70
0
 90
2
 10
694982.148171171
 20
6236516.56266113
 10
695014.036037529
 20
6236532.97898044
  0
LWPOLYLINE
  5
21174
100
AcDbEntity
  8
0
100
AcDbPolyline
 70
0
 90
2
 10
695014.036037529
 20
6236532.97898044
 10
695041.924167749
 20
6236542.22359251
  0
LWPOLYLINE
  5
21175
100
AcDbEntity
  8
0
100
AcDbPolyline
 70
0
 90
2
 10
695041.924167749
 20
6236542.22359251
 10
695086.458549691
 20
6236551.5716797
  0
LWPOLYLINE
  5
21176
100
AcDbEntity
  8
0
100
AcDbPolyline
 70
0
 90
2
 10
695086.458549691
 20
6236551.5716797
 10
695129.493010078
 20
6236557.1954458
  0
LWPOLYLINE
  5
21177
100
AcDbEntity
  8
0
100
AcDbPolyline
 70
0
 90
2
 10
695129.493010078
 20
6236557.1954458
 10
695174.452726229
 20
6236564.56860759
  0
LWPOLYLINE
  5
21178
100
AcDbEntity
  8
0
100
AcDbPolyline
 70
0
 90
2
 10
695174.452726229
 20
6236564.56860759
 10
695210.11525928
 20
6236571.19368214
  0
LWPOLYLINE
  5
21179
100
AcDbEntity
  8
0
100
AcDbPolyline
 70
0
 90
2
 10
695210.11525928
 20
6236571.19368214
 10
695224.11041813
 20
6236571.16508834
  0
LWPOLYLINE
  5
2117A
100
AcDbEntity
  8
0
100
AcDbPolyline
 70
0
 90
2
 10
695224.11041813
 20
6236571.16508834
 10
695238.929229322
 20
6236567.51800506
  0
LWPOLYLINE
  5
2117B
100
AcDbEntity
  8
0
100
AcDbPolyline
 70
0
 90
2
 10
695238.929229322
 20
6236567.51800506
 10
695257.180917417
 20
6236561.70946507
  0
LWPOLYLINE
  5
2117C
100
AcDbEntity
  8
0
100
AcDbPolyline
 70
0
 90
2
 10
695257.180917417
 20
6236561.70946507
 10
695269.685046423
 20
6236557.63331218
  0
LWPOLYLINE
  5
2117D
100
AcDbEntity
  8
0
100
AcDbPolyline
 70
0
 90
2
 10
695269.685046423
 20
6236557.63331218
 10
695280.671928233
 20
6236550.48921664
  0
LWPOLYLINE
  5
2117E
100
AcDbEntity
  8
0
100
AcDbPolyline
 70
0
 90
2
 10
695280.671928233
 20
6236550.48921664
 10
695308.234453601
 20
6236530.48207905
  0
LWPOLYLINE
  5
2117F
100
AcDbEntity
  8
0
100
AcDbPolyline
 70
0
 90
2
 10
695308.234453601
 20
6236530.48207905
 10
695323.189373897
 20
6236516.54165592
  0
LWPOLYLINE
  5
21180
100
AcDbEntity
  8
0
100
AcDbPolyline
 70
0
 90
2
 10
695323.189373897
 20
6236516.54165592
 10
695338.798238261
 20
6236502.96562309
  0
LWPOLYLINE
  5
21181
100
AcDbEntity
  8
0
100
AcDbPolyline
 70
0
 90
2
 10
695338.798238261
 20
6236502.96562309
 10
695345.223625993
 20
6236493.61756626
  0
LWPOLYLINE
  5
21182
100
AcDbEntity
  8
0
100
AcDbPolyline
 70
0
 90
2
 10
695345.223625995
 20
6236493.61756626
 10
695361.061030424
 20
6236485.22428662
  0
LWPOLYLINE
  5
21183
100
AcDbEntity
  8
0
100
AcDbPolyline
 70
0
 90
2
 10
695336.974603876
 20
6236518.12012889
 10
695337.75145232
 20
6236505.76019871
  0
LWPOLYLINE
  5
21184
100
AcDbEntity
  8
0
100
AcDbPolyline
 70
0
 90
2
 10
695333.645442082
 20
6236529.95079179
 10
695336.974603876
 20
6236518.12012889
  0
LWPOLYLINE
  5
21185
100
AcDbEntity
  8
0
100
AcDbPolyline
 70
0
 90
2
 10
695333.645442082
 20
6236529.95079179
 10
695337.59232993
 20
6236546.80740125
  0
LWPOLYLINE
  5
21186
100
AcDbEntity
  8
0
100
AcDbPolyline
 70
0
 90
2
 10
695337.592329931
 20
6236546.80740125
 10
695339.520356765
 20
6236556.09195026
  0
LWPOLYLINE
  5
21187
100
AcDbEntity
  8
0
100
AcDbPolyline
 70
0
 90
2
 10
695339.520356765
 20
6236556.09195026
 10
695349.250546569
 20
6236573.01266249
  0
LWPOLYLINE
  5
21188
100
AcDbEntity
  8
0
100
AcDbPolyline
 70
0
 90
2
 10
695349.250546569
 20
6236573.01266249
 10
695355.543450568
 20
6236585.2726465
  0
LWPOLYLINE
  5
21189
100
AcDbEntity
  8
0
100
AcDbPolyline
 70
0
 90
2
 10
695355.543450568
 20
6236585.2726465
 10
695364.92444046
 20
6236600.46077534
  0
LWPOLYLINE
  5
2118A
100
AcDbEntity
  8
0
100
AcDbPolyline
 70
0
 90
2
 10
695364.92444046
 20
6236600.46077534
 10
695373.875952641
 20
6236610.92521925
  0
LWPOLYLINE
  5
2118B
100
AcDbEntity
  8
0
100
AcDbPolyline
 70
0
 90
2
 10
695373.875952642
 20
6236610.92521925
 10
695389.437162833
 20
6236622.11590818
  0
LWPOLYLINE
  5
2118C
100
AcDbEntity
  8
0
100
AcDbPolyline
 70
0
 90
2
 10
695389.437162833
 20
6236622.11590818
 10
695405.189579909
 20
6236633.73900233
  0
LWPOLYLINE
  5
2118D
100
AcDbEntity
  8
0
100
AcDbPolyline
 70
0
 90
2
 10
695405.189579909
 20
6236633.73900233
 10
695416.754713206
 20
6236643.25311424
  0
LWPOLYLINE
  5
2118E
100
AcDbEntity
  8
0
100
AcDbPolyline
 70
0
 90
2
 10
695416.754713209
 20
6236643.25311424
 10
695421.199331751
 20
6236649.23082101
  0
LWPOLYLINE
  5
2118F
100
AcDbEntity
  8
0
100
AcDbPolyline
 70
0
 90
2
 10
695421.199331751
 20
6236649.23082101
 10
695422.641045611
 20
6236659.77506334
  0
LWPOLYLINE
  5
21190
100
AcDbEntity
  8
0
100
AcDbPolyline
 70
0
 90
2
 10
695422.641045611
 20
6236659.77506334
 10
695422.776961212
 20
6236670.90603475
  0
LWPOLYLINE
  5
21191
100
AcDbEntity
  8
0
100
AcDbPolyline
 70
0
 90
2
 10
695421.538523915
 20
6236677.74933792
 10
695422.776961212
 20
6236670.90603475
  0
LWPOLYLINE
  5
21192
100
AcDbEntity
  8
0
100
AcDbPolyline
 70
0
 90
2
 10
695877.084973088
 20
6236905.33692501
 10
695882.021246612
 20
6236910.45712098
  0
LWPOLYLINE
  5
21193
100
AcDbEntity
  8
0
100
AcDbPolyline
 70
0
 90
2
 10
695872.944820859
 20
6236899.37265862
 10
695877.084973087
 20
6236905.33692501
  0
LWPOLYLINE
  5
21194
100
AcDbEntity
  8
0
100
AcDbPolyline
 70
0
 90
2
 10
695870.978874209
 20
6236894.05441123
 10
695872.944820859
 20
6236899.37265862
  0
LWPOLYLINE
  5
21195
100
AcDbEntity
  8
0
100
AcDbPolyline
 70
0
 90
2
 10
695870.933520938
 20
6236889.09185924
 10
695870.978874209
 20
6236894.05441123
  0
LWPOLYLINE
  5
21196
100
AcDbEntity
  8
0
100
AcDbPolyline
 70
0
 90
2
 10
695869.468373865
 20
6236884.90016721
 10
695870.933520938
 20
6236889.09185924
  0
LWPOLYLINE
  5
21197
100
AcDbEntity
  8
0
100
AcDbPolyline
 70
0
 90
2
 10
695867.959378152
 20
6236881.79888118
 10
695869.468373865
 20
6236884.90016721
  0
LWPOLYLINE
  5
21198
100
AcDbEntity
  8
0
100
AcDbPolyline
 70
0
 90
2
 10
695866.45643966
 20
6236878.43034292
 10
695867.959378152
 20
6236881.79888118
  0
LWPOLYLINE
  5
21199
100
AcDbEntity
  8
0
100
AcDbPolyline
 70
0
 90
2
 10
695863.343396015
 20
6236874.16301044
 10
695866.456439661
 20
6236878.43034292
  0
LWPOLYLINE
  5
2119A
100
AcDbEntity
  8
0
100
AcDbPolyline
 70
0
 90
2
 10
695862.099790548
 20
6236872.17747409
 10
695863.343396015
 20
6236874.16301044
  0
LWPOLYLINE
  5
2119B
100
AcDbEntity
  8
0
100
AcDbPolyline
 70
0
 90
2
 10
695861.029271169
 20
6236870.47856131
 10
695862.099790548
 20
6236872.17747409
  0
LWPOLYLINE
  5
2119C
100
AcDbEntity
  8
0
100
AcDbPolyline
 70
0
 90
2
 10
695859.270451145
 20
6236868.49167106
 10
695861.029271169
 20
6236870.47856131
  0
LWPOLYLINE
  5
2119D
100
AcDbEntity
  8
0
100
AcDbPolyline
 70
0
 90
2
 10
695849.673806532
 20
6236869.14360122
 10
695859.270451144
 20
6236868.49167106
  0
LWPOLYLINE
  5
2119E
100
AcDbEntity
  8
0
100
AcDbPolyline
 70
0
 90
2
 10
695840.709283269
 20
6236874.28341232
 10
695849.673806532
 20
6236869.14360122
  0
LWPOLYLINE
  5
2119F
100
AcDbEntity
  8
0
100
AcDbPolyline
 70
0
 90
2
 10
695826.5089936
 20
6236872.30517807
 10
695840.709283269
 20
6236874.28341232
  0
LWPOLYLINE
  5
211A0
100
AcDbEntity
  8
0
100
AcDbPolyline
 70
0
 90
2
 10
695821.387517494
 20
6236868.64797357
 10
695826.5089936
 20
6236872.30517807
  0
LWPOLYLINE
  5
211A1
100
AcDbEntity
  8
0
100
AcDbPolyline
 70
0
 90
2
 10
695810.87341275
 20
6236867.10649311
 10
695821.387517494
 20
6236868.64797357
  0
LWPOLYLINE
  5
211A2
100
AcDbEntity
  8
0
100
AcDbPolyline
 70
0
 90
2
 10
695800.662952376
 20
6236864.76523335
 10
695810.87341275
 20
6236867.10649311
  0
LWPOLYLINE
  5
211A3
100
AcDbEntity
  8
0
100
AcDbPolyline
 70
0
 90
2
 10
695862.09979059
 20
6236872.17747416
 10
695866.764744903
 20
6236872.52537298
  0
LWPOLYLINE
  5
211A4
100
AcDbEntity
  8
0
100
AcDbPolyline
 70
0
 90
2
 10
695866.764744903
 20
6236872.52537298
 10
695871.506727843
 20
6236873.0886082
  0
LWPOLYLINE
  5
211A5
100
AcDbEntity
  8
0
100
AcDbPolyline
 70
0
 90
2
 10
695871.506727843
 20
6236873.0886082
 10
695874.385969865
 20
6236873.38798542
  0
LWPOLYLINE
  5
211A6
100
AcDbEntity
  8
0
100
AcDbPolyline
 70
0
 90
2
 10
695874.385969865
 20
6236873.38798542
 10
695880.575487111
 20
6236873.92850301
  0
LWPOLYLINE
  5
211A7
100
AcDbEntity
  8
0
100
AcDbPolyline
 70
0
 90
2
 10
695880.575487111
 20
6236873.92850301
 10
695888.231944472
 20
6236874.02360612
  0
LWPOLYLINE
  5
211A8
100
AcDbEntity
  8
0
100
AcDbPolyline
 70
0
 90
2
 10
695888.231944472
 20
6236874.02360612
 10
695893.373381495
 20
6236873.32328445
  0
LWPOLYLINE
  5
211A9
100
AcDbEntity
  8
0
100
AcDbPolyline
 70
0
 90
2
 10
695893.373381495
 20
6236873.32328445
 10
695897.401817692
 20
6236872.66104754
  0
LWPOLYLINE
  5
211AA
100
AcDbEntity
  8
0
100
AcDbPolyline
 70
0
 90
2
 10
695897.401817692
 20
6236872.66104754
 10
695903.782694782
 20
6236870.7914572
  0
LWPOLYLINE
  5
211AB
100
AcDbEntity
  8
0
100
AcDbPolyline
 70
0
 90
2
 10
695757.942057287
 20
6236664.54275044
 10
695776.749424959
 20
6236712.53551836
  0
LWPOLYLINE
  5
211AC
100
AcDbEntity
  8
0
100
AcDbPolyline
 70
0
 90
2
 10
695776.749424959
 20
6236712.53551836
 10
695777.110472504
 20
6236741.06637411
  0
LWPOLYLINE
  5
211AD
100
AcDbEntity
  8
0
100
AcDbPolyline
 70
0
 90
2
 10
695773.801124809
 20
6236776.79706949
 10
695777.110472504
 20
6236741.06637411
  0
LWPOLYLINE
  5
211AE
100
AcDbEntity
  8
0
100
AcDbPolyline
 70
0
 90
2
 10
695773.801124809
 20
6236776.79706949
 10
695776.968021803
 20
6236806.41531345
  0
LWPOLYLINE
  5
211AF
100
AcDbEntity
  8
0
100
AcDbPolyline
 70
0
 90
2
 10
695776.968021803
 20
6236806.41531345
 10
695780.525091599
 20
6236822.25134851
  0
LWPOLYLINE
  5
211B0
100
AcDbEntity
  8
0
100
AcDbPolyline
 70
0
 90
2
 10
695780.525091599
 20
6236822.25134851
 10
695788.806801375
 20
6236839.02873511
  0
LWPOLYLINE
  5
211B1
100
AcDbEntity
  8
0
100
AcDbPolyline
 70
0
 90
2
 10
695788.806801375
 20
6236839.02873511
 10
695800.662952376
 20
6236864.76523335
  0
LWPOLYLINE
  5
211B2
100
AcDbEntity
  8
0
100
AcDbPolyline
 70
0
 90
2
 10
698063.461468502
 20
6236163.06970185
 10
698153.387404977
 20
6236275.01785458
  0
LWPOLYLINE
  5
211B3
100
AcDbEntity
  8
0
100
AcDbPolyline
 70
0
 90
2
 10
698050.146693847
 20
6236147.04600918
 10
698063.461468502
 20
6236163.06970185
  0
LWPOLYLINE
  5
211B4
100
AcDbEntity
  8
0
100
AcDbPolyline
 70
0
 90
2
 10
698047.593819091
 20
6236144.25215284
 10
698050.146693847
 20
6236147.04600918
  0
LWPOLYLINE
  5
211B5
100
AcDbEntity
  8
0
100
AcDbPolyline
 70
0
 90
2
 10
698047.164155028
 20
6236140.66502091
 10
698047.593819091
 20
6236144.25215284
  0
LWPOLYLINE
  5
211B6
100
AcDbEntity
  8
0
100
AcDbPolyline
 70
0
 90
2
 10
698047.164155028
 20
6236140.66502091
 10
698048.263387165
 20
6236136.24588728
  0
LWPOLYLINE
  5
211B7
100
AcDbEntity
  8
0
100
AcDbPolyline
 70
0
 90
2
 10
698048.263387165
 20
6236136.24588728
 10
698051.984592654
 20
6236128.44811152
  0
LWPOLYLINE
  5
211B8
100
AcDbEntity
  8
0
100
AcDbPolyline
 70
0
 90
2
 10
698051.984592654
 20
6236128.44811152
 10
698055.203933197
 20
6236121.69720781
  0
LWPOLYLINE
  5
211B9
100
AcDbEntity
  8
0
100
AcDbPolyline
 70
0
 90
2
 10
698055.203933197
 20
6236121.69720781
 10
698056.75183544
 20
6236114.03268292
  0
LWPOLYLINE
  5
211BA
100
AcDbEntity
  8
0
100
AcDbPolyline
 70
0
 90
2
 10
698055.01159069
 20
6236105.63590621
 10
698056.75183544
 20
6236114.03268292
  0
LWPOLYLINE
  5
211BB
100
AcDbEntity
  8
0
100
AcDbPolyline
 70
0
 90
2
 10
698047.309885631
 20
6236089.7500847
 10
698055.01159069
 20
6236105.63590621
  0
LWPOLYLINE
  5
211BC
100
AcDbEntity
  8
0
100
AcDbPolyline
 70
0
 90
2
 10
698037.27938657
 20
6236075.74047864
 10
698047.309885631
 20
6236089.7500847
  0
LWPOLYLINE
  5
211BD
100
AcDbEntity
  8
0
100
AcDbPolyline
 70
0
 90
2
 10
698020.667662616
 20
6236055.28330167
 10
698037.27938657
 20
6236075.74047864
  0
LWPOLYLINE
  5
211BE
100
AcDbEntity
  8
0
100
AcDbPolyline
 70
0
 90
2
 10
697811.154888983
 20
6235799.61113589
 10
697868.731401301
 20
6235869.8727784
  0
LWPOLYLINE
  5
211BF
100
AcDbEntity
  8
0
100
AcDbPolyline
 70
0
 90
2
 10
697868.731401301
 20
6235869.8727784
 10
697989.087772107
 20
6236016.74579934
  0
LWPOLYLINE
  5
211C0
100
AcDbEntity
  8
0
100
AcDbPolyline
 70
0
 90
2
 10
697989.087772107
 20
6236016.74579934
 10
698020.667662616
 20
6236055.28330167
  0
LWPOLYLINE
  5
211C1
100
AcDbEntity
  8
0
100
AcDbPolyline
 70
0
 90
2
 10
697811.154888983
 20
6235799.61113589
 10
697828.925456041
 20
6235780.77061278
  0
LWPOLYLINE
  5
211C2
100
AcDbEntity
  8
0
100
AcDbPolyline
 70
0
 90
2
 10
697874.682427696
 20
6237211.81767974
 10
697889.652600069
 20
6237225.14210013
  0
LWPOLYLINE
  5
211C3
100
AcDbEntity
  8
0
100
AcDbPolyline
 70
0
 90
2
 10
697889.652600069
 20
6237225.14210013
 10
697907.879507839
 20
6237239.58747936
  0
LWPOLYLINE
  5
211C4
100
AcDbEntity
  8
0
100
AcDbPolyline
 70
0
 90
2
 10
697907.879507839
 20
6237239.58747936
 10
697931.108870001
 20
6237250.30765998
  0
LWPOLYLINE
  5
211C5
100
AcDbEntity
  8
0
100
AcDbPolyline
 70
0
 90
2
 10
697931.108870001
 20
6237250.30765998
 10
697952.949946917
 20
6237253.08228307
  0
LWPOLYLINE
  5
211C6
100
AcDbEntity
  8
0
100
AcDbPolyline
 70
0
 90
2
 10
697952.949946917
 20
6237253.08228307
 10
697976.957077974
 20
6237266.03486915
  0
LWPOLYLINE
  5
211C7
100
AcDbEntity
  8
0
100
AcDbPolyline
 70
0
 90
2
 10
697976.957077974
 20
6237266.03486915
 10
698009.864563511
 20
6237285.97769635
  0
LWPOLYLINE
  5
211C8
100
AcDbEntity
  8
0
100
AcDbPolyline
 70
0
 90
2
 10
698009.864563511
 20
6237285.97769635
 10
698039.603750477
 20
6237307.96978738
  0
LWPOLYLINE
  5
211C9
100
AcDbEntity
  8
0
100
AcDbPolyline
 70
0
 90
2
 10
698039.603750477
 20
6237307.96978738
 10
698057.255382042
 20
6237315.80097838
  0
LWPOLYLINE
  5
211CA
100
AcDbEntity
  8
0
100
AcDbPolyline
 70
0
 90
2
 10
698057.255382042
 20
6237315.80097838
 10
698089.620961666
 20
6237300.20331912
  0
LWPOLYLINE
  5
211CB
100
AcDbEntity
  8
0
100
AcDbPolyline
 70
0
 90
2
 10
698089.620961666
 20
6237300.20331912
 10
698139.592039932
 20
6237274.45431989
  0
LWPOLYLINE
  5
211CC
100
AcDbEntity
  8
0
100
AcDbPolyline
 70
0
 90
2
 10
698139.592039932
 20
6237274.45431989
 10
698202.348476555
 20
6237257.20340682
  0
LWPOLYLINE
  5
211CD
100
AcDbEntity
  8
0
100
AcDbPolyline
 70
0
 90
2
 10
698202.348476555
 20
6237257.20340682
 10
698275.97479828
 20
6237242.64344398
  0
LWPOLYLINE
  5
211CE
100
AcDbEntity
  8
0
100
AcDbPolyline
 70
0
 90
2
 10
698275.97479828
 20
6237242.64344398
 10
698310.142285764
 20
6237235.45832756
  0
LWPOLYLINE
  5
211CF
100
AcDbEntity
  8
0
100
AcDbPolyline
 70
0
 90
2
 10
698310.142285764
 20
6237235.45832756
 10
698351.246707538
 20
6237230.35728768
  0
LWPOLYLINE
  5
211D0
100
AcDbEntity
  8
0
100
AcDbPolyline
 70
0
 90
2
 10
698351.246707538
 20
6237230.35728768
 10
698441.31576234
 20
6237211.73766429
  0
LWPOLYLINE
  5
211D1
100
AcDbEntity
  8
0
100
AcDbPolyline
 70
0
 90
2
 10
698441.31576234
 20
6237211.73766429
 10
698515.438116776
 20
6237195.90051596
  0
LWPOLYLINE
  5
211D2
100
AcDbEntity
  8
0
100
AcDbPolyline
 70
0
 90
2
 10
698515.438116776
 20
6237195.90051596
 10
698697.97189921
 20
6237166.50669679
  0
LWPOLYLINE
  5
211D3
100
AcDbEntity
  8
0
100
AcDbPolyline
 70
0
 90
2
 10
698697.97189921
 20
6237166.50669679
 10
698781.174766279
 20
6237153.42678389
  0
LWPOLYLINE
  5
211D4
100
AcDbEntity
  8
0
100
AcDbPolyline
 70
0
 90
2
 10
698781.17476628
 20
6237153.42678389
 10
698793.277310101
 20
6237136.71182194
  0
LWPOLYLINE
  5
211D5
100
AcDbEntity
  8
0
100
AcDbPolyline
 70
0
 90
2
 10
698793.277310101
 20
6237136.71182194
 10
698827.855190853
 20
6237123.69733122
  0
LWPOLYLINE
  5
211D6
100
AcDbEntity
  8
0
100
AcDbPolyline
 70
0
 90
2
 10
698827.855190853
 20
6237123.69733122
 10
698843.069623589
 20
6237126.93687554
  0
LWPOLYLINE
  5
211D7
100
AcDbEntity
  8
0
100
AcDbPolyline
 70
0
 90
2
 10
698843.069623589
 20
6237126.93687554
 10
698853.907567516
 20
6237129.23675446
  0
LWPOLYLINE
  5
211D8
100
AcDbEntity
  8
0
100
AcDbPolyline
 70
0
 90
2
 10
698853.907567516
 20
6237129.23675446
 10
698873.481098282
 20
6237145.10920695
  0
LWPOLYLINE
  5
211D9
100
AcDbEntity
  8
0
100
AcDbPolyline
 70
0
 90
2
 10
698873.481098282
 20
6237145.10920695
 10
698917.258760349
 20
6237157.81828983
  0
LWPOLYLINE
  5
211DA
100
AcDbEntity
  8
0
100
AcDbPolyline
 70
0
 90
2
 10
698917.258760349
 20
6237157.81828983
 10
698973.397804634
 20
6237166.37768653
  0
LWPOLYLINE
  5
211DB
100
AcDbEntity
  8
0
100
AcDbPolyline
 70
0
 90
2
 10
698973.397804634
 20
6237166.37768653
 10
699031.990215243
 20
6237166.79185043
  0
LWPOLYLINE
  5
211DC
100
AcDbEntity
  8
0
100
AcDbPolyline
 70
0
 90
2
 10
699031.990215243
 20
6237166.79185043
 10
699145.003809259
 20
6237164.41800996
  0
LWPOLYLINE
  5
211DD
100
AcDbEntity
  8
0
100
AcDbPolyline
 70
0
 90
2
 10
699145.003809259
 20
6237164.41800996
 10
699221.486957853
 20
6237159.6835418
  0
LWPOLYLINE
  5
211DE
100
AcDbEntity
  8
0
100
AcDbPolyline
 70
0
 90
2
 10
699221.486957853
 20
6237159.6835418
 10
699279.166435894
 20
6237158.38629647
  0
LWPOLYLINE
  5
211DF
100
AcDbEntity
  8
0
100
AcDbPolyline
 70
0
 90
2
 10
699279.166435894
 20
6237158.38629647
 10
699372.766360208
 20
6237165.07781321
  0
LWPOLYLINE
  5
211E0
100
AcDbEntity
  8
0
100
AcDbPolyline
 70
0
 90
2
 10
699372.766360208
 20
6237165.07781321
 10
699407.608062421
 20
6237175.02228796
  0
LWPOLYLINE
  5
211E1
100
AcDbEntity
  8
0
100
AcDbPolyline
 70
0
 90
2
 10
697899.021428609
 20
6237099.44290248
 10
697909.755784023
 20
6237113.35122517
  0
LWPOLYLINE
  5
211E2
100
AcDbEntity
  8
0
100
AcDbPolyline
 70
0
 90
2
 10
697909.755784023
 20
6237113.35122517
 10
697918.163013476
 20
6237132.45783206
  0
LWPOLYLINE
  5
211E3
100
AcDbEntity
  8
0
100
AcDbPolyline
 70
0
 90
2
 10
697909.755784023
 20
6237113.35122517
 10
697921.339049673
 20
6237092.22897322
  0
LWPOLYLINE
  5
211E4
100
AcDbEntity
  8
0
100
AcDbPolyline
 70
0
 90
2
 10
697921.339049673
 20
6237092.22897322
 10
697928.785043308
 20
6237084.01311411
  0
LWPOLYLINE
  5
211E5
100
AcDbEntity
  8
0
100
AcDbPolyline
 70
0
 90
2
 10
697928.785043307
 20
6237084.01311411
 10
698000.940216574
 20
6237073.76101253
  0
LWPOLYLINE
  5
211E6
100
AcDbEntity
  8
0
100
AcDbPolyline
 70
0
 90
2
 10
698000.940216574
 20
6237073.76101253
 10
698061.757664804
 20
6237064.08739247
  0
LWPOLYLINE
  5
211E7
100
AcDbEntity
  8
0
100
AcDbPolyline
 70
0
 90
2
 10
698061.757664804
 20
6237064.08739247
 10
698126.016182549
 20
6237054.38489514
  0
LWPOLYLINE
  5
211E8
100
AcDbEntity
  8
0
100
AcDbPolyline
 70
0
 90
2
 10
698126.016182549
 20
6237054.38489514
 10
698141.306743826
 20
6237052.38609535
  0
LWPOLYLINE
  5
211E9
100
AcDbEntity
  8
0
100
AcDbPolyline
 70
0
 90
2
 10
698141.306743826
 20
6237052.38609535
 10
698168.677428118
 20
6237048.80806589
  0
LWPOLYLINE
  5
211EA
100
AcDbEntity
  8
0
100
AcDbPolyline
 70
0
 90
2
 10
698168.677428118
 20
6237048.80806589
 10
698186.238307225
 20
6237051.12863387
  0
LWPOLYLINE
  5
211EB
100
AcDbEntity
  8
0
100
AcDbPolyline
 70
0
 90
2
 10
698186.238307225
 20
6237051.12863387
 10
698196.967609098
 20
6237069.27355656
  0
LWPOLYLINE
  5
211EC
100
AcDbEntity
  8
0
100
AcDbPolyline
 70
0
 90
2
 10
698196.967609098
 20
6237069.27355656
 10
698209.397291086
 20
6237098.78995624
  0
LWPOLYLINE
  5
211ED
100
AcDbEntity
  8
0
100
AcDbPolyline
 70
0
 90
2
 10
697425.587534229
 20
6235275.83784754
 10
697449.63474816
 20
6235338.42761674
  0
LWPOLYLINE
  5
211EE
100
AcDbEntity
  8
0
100
AcDbPolyline
 70
0
 90
2
 10
697405.800087495
 20
6235228.42726454
 10
697425.587534229
 20
6235275.83784754
  0
LWPOLYLINE
  5
211EF
100
AcDbEntity
  8
0
100
AcDbPolyline
 70
0
 90
2
 10
697403.8081471
 20
6235223.15164502
 10
697405.800087495
 20
6235228.42726454
  0
LWPOLYLINE
  5
211F0
100
AcDbEntity
  8
0
100
AcDbPolyline
 70
0
 90
2
 10
697342.163315639
 20
6235409.30495461
 10
697342.789381718
 20
6235353.70865967
  0
LWPOLYLINE
  5
211F1
100
AcDbEntity
  8
0
100
AcDbPolyline
 70
0
 90
2
 10
697315.785990399
 20
6235292.69964724
 10
697342.789381717
 20
6235353.70865967
  0
LWPOLYLINE
  5
211F2
100
AcDbEntity
  8
0
100
AcDbPolyline
 70
0
 90
2
 10
697301.787658297
 20
6235256.13599546
 10
697315.785990399
 20
6235292.69964724
  0
LWPOLYLINE
  5
211F3
100
AcDbEntity
  8
0
100
AcDbPolyline
 70
0
 90
2
 10
697301.787658297
 20
6235256.13599546
 10
697403.8081471
 20
6235223.15164502
  0
LWPOLYLINE
  5
211F4
100
AcDbEntity
  8
0
100
AcDbPolyline
 70
0
 90
2
 10
697490.216496421
 20
6235173.78537838
 10
697499.711654363
 20
6235201.20122508
  0
LWPOLYLINE
  5
211F5
100
AcDbEntity
  8
0
100
AcDbPolyline
 70
0
 90
2
 10
697475.939813166
 20
6235134.93415713
 10
697490.216496421
 20
6235173.78537838
  0
LWPOLYLINE
  5
211F6
100
AcDbEntity
  8
0
100
AcDbPolyline
 70
0
 90
2
 10
697449.236411162
 20
6235134.59092376
 10
697475.939813166
 20
6235134.93415713
  0
LWPOLYLINE
  5
211F7
100
AcDbEntity
  8
0
100
AcDbPolyline
 70
0
 90
2
 10
695313.037803353
 20
6235134.38384125
 10
695395.616031672
 20
6235130.66037195
  0
LWPOLYLINE
  5
211F8
100
AcDbEntity
  8
0
100
AcDbPolyline
 70
0
 90
2
 10
695395.616031672
 20
6235130.66037195
 10
695443.990558787
 20
6235128.61638491
  0
LWPOLYLINE
  5
211F9
100
AcDbEntity
  8
0
100
AcDbPolyline
 70
0
 90
2
 10
695443.990558787
 20
6235128.61638491
 10
695485.16942529
 20
6235126.52214527
  0
LWPOLYLINE
  5
211FA
100
AcDbEntity
  8
0
100
AcDbPolyline
 70
0
 90
2
 10
695485.16942529
 20
6235126.52214527
 10
695530.726661765
 20
6235124.97437146
  0
LWPOLYLINE
  5
211FB
100
AcDbEntity
  8
0
100
AcDbPolyline
 70
0
 90
2
 10
695530.726661765
 20
6235124.97437146
 10
695687.978064871
 20
6235120.66405555
  0
LWPOLYLINE
  5
211FC
100
AcDbEntity
  8
0
100
AcDbPolyline
 70
0
 90
2
 10
695687.978064871
 20
6235120.66405555
 10
695816.41630283
 20
6235116.68767224
  0
LWPOLYLINE
  5
211FD
100
AcDbEntity
  8
0
100
AcDbPolyline
 70
0
 90
2
 10
695816.41630283
 20
6235116.68767224
 10
695944.068375389
 20
6235112.53413036
  0
LWPOLYLINE
  5
211FE
100
AcDbEntity
  8
0
100
AcDbPolyline
 70
0
 90
2
 10
695944.068375389
 20
6235112.53413036
 10
695986.831858409
 20
6235110.3056147
  0
LWPOLYLINE
  5
211FF
100
AcDbEntity
  8
0
100
AcDbPolyline
 70
0
 90
2
 10
695986.831858409
 20
6235110.3056147
 10
696060.157588983
 20
6235106.60490535
  0
LWPOLYLINE
  5
21200
100
AcDbEntity
  8
0
100
AcDbPolyline
 70
0
 90
2
 10
696060.157588983
 20
6235106.60490535
 10
696238.220680882
 20
6235099.00108914
  0
LWPOLYLINE
  5
21201
100
AcDbEntity
  8
0
100
AcDbPolyline
 70
0
 90
2
 10
696238.220680882
 20
6235099.00108914
 10
696418.391191658
 20
6235095.43653308
  0
LWPOLYLINE
  5
21202
100
AcDbEntity
  8
0
100
AcDbPolyline
 70
0
 90
2
 10
696418.391191658
 20
6235095.43653308
 10
696479.644469277
 20
6235093.76258974
  0
LWPOLYLINE
  5
21203
100
AcDbEntity
  8
0
100
AcDbPolyline
 70
0
 90
2
 10
696479.644469277
 20
6235093.76258974
 10
696495.893766117
 20
6235093.31764551
  0
LWPOLYLINE
  5
21204
100
AcDbEntity
  8
0
100
AcDbPolyline
 70
0
 90
2
 10
696495.893766117
 20
6235093.31764551
 10
696514.759287205
 20
6235092.4358202
  0
LWPOLYLINE
  5
21205
100
AcDbEntity
  8
0
100
AcDbPolyline
 70
0
 90
2
 10
696514.759287205
 20
6235092.4358202
 10
696563.732848981
 20
6235090.92245868
  0
LWPOLYLINE
  5
21206
100
AcDbEntity
  8
0
100
AcDbPolyline
 70
0
 90
2
 10
696563.732848981
 20
6235090.92245868
 10
696697.769372026
 20
6235084.03086668
  0
LWPOLYLINE
  5
21207
100
AcDbEntity
  8
0
100
AcDbPolyline
 70
0
 90
2
 10
696697.769372026
 20
6235084.03086668
 10
696798.681427526
 20
6235081.78091811
  0
LWPOLYLINE
  5
21208
100
AcDbEntity
  8
0
100
AcDbPolyline
 70
0
 90
2
 10
696798.681427526
 20
6235081.78091811
 10
696844.993199424
 20
6235080.76116461
  0
LWPOLYLINE
  5
21209
100
AcDbEntity
  8
0
100
AcDbPolyline
 70
0
 90
2
 10
696844.993199424
 20
6235080.76116461
 10
696870.998957704
 20
6235079.39635066
  0
LWPOLYLINE
  5
2120A
100
AcDbEntity
  8
0
100
AcDbPolyline
 70
0
 90
2
 10
692823.825493149
 20
6236628.96510275
 10
692925.235670417
 20
6236520.28797267
  0
LWPOLYLINE
  5
2120B
100
AcDbEntity
  8
0
100
AcDbPolyline
 70
0
 90
2
 10
692925.235670417
 20
6236520.28797267
 10
692971.136393527
 20
6236472.42648541
  0
LWPOLYLINE
  5
2120C
100
AcDbEntity
  8
0
100
AcDbPolyline
 70
0
 90
2
 10
692971.136393527
 20
6236472.42648541
 10
692995.927435211
 20
6236446.58390061
  0
LWPOLYLINE
  5
2120D
100
AcDbEntity
  8
0
100
AcDbPolyline
 70
0
 90
2
 10
692995.927435211
 20
6236446.58390061
 10
693094.40957419
 20
6236343.80817025
  0
LWPOLYLINE
  5
2120E
100
AcDbEntity
  8
0
100
AcDbPolyline
 70
0
 90
2
 10
693094.40957419
 20
6236343.80817025
 10
693199.670168102
 20
6236236.09119216
  0
LWPOLYLINE
  5
2120F
100
AcDbEntity
  8
0
100
AcDbPolyline
 70
0
 90
2
 10
693199.670168102
 20
6236236.09119216
 10
693257.359543568
 20
6236176.4713026
  0
LWPOLYLINE
  5
21210
100
AcDbEntity
  8
0
100
AcDbPolyline
 70
0
 90
2
 10
693257.359543568
 20
6236176.4713026
 10
693309.608903327
 20
6236123.62809674
  0
LWPOLYLINE
  5
21211
100
AcDbEntity
  8
0
100
AcDbPolyline
 70
0
 90
2
 10
693309.608903333
 20
6236123.62809674
 10
693405.372976016
 20
6236029.09551733
  0
LWPOLYLINE
  5
21212
100
AcDbEntity
  8
0
100
AcDbPolyline
 70
0
 90
2
 10
693405.372975973
 20
6236029.09551737
 10
693506.16445149
 20
6235927.71458849
  0
LWPOLYLINE
  5
21213
100
AcDbEntity
  8
0
100
AcDbPolyline
 70
0
 90
2
 10
693506.16445149
 20
6235927.71458849
 10
693620.442882389
 20
6235806.1700289
  0
LWPOLYLINE
  5
21214
100
AcDbEntity
  8
0
100
AcDbPolyline
 70
0
 90
2
 10
693620.442882389
 20
6235806.1700289
 10
693668.548316369
 20
6235756.17459722
  0
LWPOLYLINE
  5
21215
100
AcDbEntity
  8
0
100
AcDbPolyline
 70
0
 90
2
 10
693668.548316369
 20
6235756.17459722
 10
693711.252758259
 20
6235711.78656568
  0
LWPOLYLINE
  5
21216
100
AcDbEntity
  8
0
100
AcDbPolyline
 70
0
 90
2
 10
693711.252758259
 20
6235711.78656568
 10
693775.00685804
 20
6235647.18674682
  0
LWPOLYLINE
  5
21217
100
AcDbEntity
  8
0
100
AcDbPolyline
 70
0
 90
2
 10
693775.00685804
 20
6235647.18674682
 10
693834.620350502
 20
6235587.11481676
  0
LWPOLYLINE
  5
21218
100
AcDbEntity
  8
0
100
AcDbPolyline
 70
0
 90
2
 10
693834.620350496
 20
6235587.11481677
 10
693880.945841901
 20
6235542.64746298
  0
LWPOLYLINE
  5
21219
100
AcDbEntity
  8
0
100
AcDbPolyline
 70
0
 90
2
 10
693880.945841901
 20
6235542.64746298
 10
693907.096308171
 20
6235517.87444209
  0
LWPOLYLINE
  5
2121A
100
AcDbEntity
  8
0
100
AcDbPolyline
 70
0
 90
2
 10
693907.096308171
 20
6235517.87444209
 10
693932.166077162
 20
6235494.47925238
  0
LWPOLYLINE
  5
2121B
100
AcDbEntity
  8
0
100
AcDbPolyline
 70
0
 90
2
 10
693932.166077162
 20
6235494.47925238
 10
693960.136683062
 20
6235470.52489179
  0
LWPOLYLINE
  5
2121C
100
AcDbEntity
  8
0
100
AcDbPolyline
 70
0
 90
2
 10
693960.136683062
 20
6235470.52489179
 10
694009.729600508
 20
6235431.55767736
  0
LWPOLYLINE
  5
2121D
100
AcDbEntity
  8
0
100
AcDbPolyline
 70
0
 90
2
 10
694009.729600508
 20
6235431.55767736
 10
694060.954126536
 20
6235397.29106189
  0
LWPOLYLINE
  5
2121E
100
AcDbEntity
  8
0
100
AcDbPolyline
 70
0
 90
2
 10
694060.954126536
 20
6235397.29106189
 10
694136.539518403
 20
6235352.55122467
  0
LWPOLYLINE
  5
2121F
100
AcDbEntity
  8
0
100
AcDbPolyline
 70
0
 90
2
 10
694136.539518403
 20
6235352.55122467
 10
694216.313200707
 20
6235310.65609376
  0
LWPOLYLINE
  5
21220
100
AcDbEntity
  8
0
100
AcDbPolyline
 70
0
 90
2
 10
694216.313200707
 20
6235310.65609376
 10
694279.518187515
 20
6235281.35106591
  0
LWPOLYLINE
  5
21221
100
AcDbEntity
  8
0
100
AcDbPolyline
 70
0
 90
2
 10
694279.518187515
 20
6235281.35106591
 10
694318.399107494
 20
6235265.40829682
  0
LWPOLYLINE
  5
21222
100
AcDbEntity
  8
0
100
AcDbPolyline
 70
0
 90
2
 10
694318.399107494
 20
6235265.40829682
 10
694354.818412606
 20
6235250.47962515
  0
LWPOLYLINE
  5
21223
100
AcDbEntity
  8
0
100
AcDbPolyline
 70
0
 90
2
 10
694354.818412606
 20
6235250.47962515
 10
694359.964602079
 20
6235248.75206195
  0
LWPOLYLINE
  5
21224
100
AcDbEntity
  8
0
100
AcDbPolyline
 70
0
 90
2
 10
694359.964602079
 20
6235248.75206195
 10
694382.560306197
 20
6235241.18658934
  0
LWPOLYLINE
  5
21225
100
AcDbEntity
  8
0
100
AcDbPolyline
 70
0
 90
2
 10
694382.560306197
 20
6235241.18658934
 10
694410.976146677
 20
6235232.91648292
  0
LWPOLYLINE
  5
21226
100
AcDbEntity
  8
0
100
AcDbPolyline
 70
0
 90
2
 10
694410.976146677
 20
6235232.91648292
 10
694476.569876444
 20
6235212.71848189
  0
LWPOLYLINE
  5
21227
100
AcDbEntity
  8
0
100
AcDbPolyline
 70
0
 90
2
 10
694476.569876444
 20
6235212.71848189
 10
694486.458966107
 20
6235209.6688507
  0
LWPOLYLINE
  5
21228
100
AcDbEntity
  8
0
100
AcDbPolyline
 70
0
 90
2
 10
694486.458966107
 20
6235209.6688507
 10
694538.455654218
 20
6235195.40672562
  0
LWPOLYLINE
  5
21229
100
AcDbEntity
  8
0
100
AcDbPolyline
 70
0
 90
2
 10
694538.455654218
 20
6235195.40672562
 10
694571.751599088
 20
6235187.31542856
  0
LWPOLYLINE
  5
2122A
100
AcDbEntity
  8
0
100
AcDbPolyline
 70
0
 90
2
 10
694571.751599088
 20
6235187.31542856
 10
694605.723269368
 20
6235179.93514144
  0
LWPOLYLINE
  5
2122B
100
AcDbEntity
  8
0
100
AcDbPolyline
 70
0
 90
2
 10
692987.540187519
 20
6237152.4883988
 10
693002.251423436
 20
6237145.76363655
  0
LWPOLYLINE
  5
2122C
100
AcDbEntity
  8
0
100
AcDbPolyline
 70
0
 90
2
 10
693002.251423436
 20
6237145.76363655
 10
693069.974649166
 20
6237162.18141677
  0
LWPOLYLINE
  5
2122D
100
AcDbEntity
  8
0
100
AcDbPolyline
 70
0
 90
2
 10
693069.974649166
 20
6237162.18141677
 10
693123.64234
 20
6237176.44810543
  0
LWPOLYLINE
  5
2122E
100
AcDbEntity
  8
0
100
AcDbPolyline
 70
0
 90
2
 10
693116.570382892
 20
6237201.17454067
 10
693123.64234
 20
6237176.44810543
  0
LWPOLYLINE
  5
2122F
100
AcDbEntity
  8
0
100
AcDbPolyline
 70
0
 90
2
 10
693064.782237341
 20
6237184.06140426
 10
693069.974649171
 20
6237162.18141677
  0
LWPOLYLINE
  5
21230
100
AcDbEntity
  8
0
100
AcDbPolyline
 70
0
 90
2
 10
692986.697131703
 20
6237188.55422164
 10
692987.473380214
 20
6237186.54579586
  0
LWPOLYLINE
  5
21231
100
AcDbEntity
  8
0
100
AcDbPolyline
 70
0
 90
2
 10
692987.473380214
 20
6237186.54579586
 10
692993.713046595
 20
6237170.40160151
  0
LWPOLYLINE
  5
21232
100
AcDbEntity
  8
0
100
AcDbPolyline
 70
0
 90
2
 10
692976.680219627
 20
6237203.20482588
 10
692986.697131703
 20
6237188.55422164
  0
LWPOLYLINE
  5
21233
100
AcDbEntity
  8
0
100
AcDbPolyline
 70
0
 90
2
 10
692965.570883804
 20
6237214.56236968
 10
692976.680219627
 20
6237203.20482588
  0
LWPOLYLINE
  5
21234
100
AcDbEntity
  8
0
100
AcDbPolyline
 70
0
 90
2
 10
692927.426915039
 20
6237210.32934153
 10
692965.570883805
 20
6237214.56236968
  0
LWPOLYLINE
  5
21235
100
AcDbEntity
  8
0
100
AcDbPolyline
 70
0
 90
2
 10
692927.426915051
 20
6237210.32934153
 10
692931.435661759
 20
6237180.74105698
  0
LWPOLYLINE
  5
21236
100
AcDbEntity
  8
0
100
AcDbPolyline
 70
0
 90
2
 10
692931.435661759
 20
6237180.74105698
 10
692933.454917045
 20
6237165.83707219
  0
LWPOLYLINE
  5
21237
100
AcDbEntity
  8
0
100
AcDbPolyline
 70
0
 90
2
 10
692886.351779364
 20
6237205.02782248
 10
692927.426915039
 20
6237210.32934153
  0
LWPOLYLINE
  5
21238
100
AcDbEntity
  8
0
100
AcDbPolyline
 70
0
 90
2
 10
692543.40253407
 20
6237147.10189296
 10
692617.321846896
 20
6237152.51169668
  0
LWPOLYLINE
  5
21239
100
AcDbEntity
  8
0
100
AcDbPolyline
 70
0
 90
2
 10
692617.321846896
 20
6237152.51169668
 10
692695.4982091
 20
6237159.3188865
  0
LWPOLYLINE
  5
2123A
100
AcDbEntity
  8
0
100
AcDbPolyline
 70
0
 90
2
 10
692695.4982091
 20
6237159.3188865
 10
692736.216166746
 20
6237162.91925911
  0
LWPOLYLINE
  5
2123B
100
AcDbEntity
  8
0
100
AcDbPolyline
 70
0
 90
2
 10
692736.216166746
 20
6237162.91925911
 10
692755.931646646
 20
6237167.83386013
  0
LWPOLYLINE
  5
2123C
100
AcDbEntity
  8
0
100
AcDbPolyline
 70
0
 90
2
 10
692755.931646646
 20
6237167.83386013
 10
692826.444166013
 20
6237171.02013116
  0
LWPOLYLINE
  5
2123D
100
AcDbEntity
  8
0
100
AcDbPolyline
 70
0
 90
2
 10
692826.444166013
 20
6237171.02013116
 10
692881.734512425
 20
6237176.03850613
  0
LWPOLYLINE
  5
2123E
100
AcDbEntity
  8
0
100
AcDbPolyline
 70
0
 90
2
 10
692881.734512425
 20
6237176.03850613
 10
692931.435661759
 20
6237180.74105698
  0
LWPOLYLINE
  5
2123F
100
AcDbEntity
  8
0
100
AcDbPolyline
 70
0
 90
2
 10
692931.435661759
 20
6237180.74105698
 10
692948.072586833
 20
6237182.31518529
  0
LWPOLYLINE
  5
21240
100
AcDbEntity
  8
0
100
AcDbPolyline
 70
0
 90
2
 10
692948.072586833
 20
6237182.31518529
 10
692987.473380214
 20
6237186.54579586
  0
LWPOLYLINE
  5
21241
100
AcDbEntity
  8
0
100
AcDbPolyline
 70
0
 90
2
 10
692987.473380214
 20
6237186.54579586
 10
693000.807356037
 20
6237187.97751472
  0
LWPOLYLINE
  5
21242
100
AcDbEntity
  8
0
100
AcDbPolyline
 70
0
 90
2
 10
693000.807356037
 20
6237187.97751472
 10
693046.932666299
 20
6237194.84623309
  0
LWPOLYLINE
  5
21243
100
AcDbEntity
  8
0
100
AcDbPolyline
 70
0
 90
2
 10
693046.932666299
 20
6237194.84623309
 10
693119.728590212
 20
6237214.50399418
  0
LWPOLYLINE
  5
21244
100
AcDbEntity
  8
0
100
AcDbPolyline
 70
0
 90
2
 10
693119.728590212
 20
6237214.50399418
 10
693174.48083645
 20
6237236.8795107
  0
LWPOLYLINE
  5
21245
100
AcDbEntity
  8
0
100
AcDbPolyline
 70
0
 90
2
 10
693174.48083645
 20
6237236.8795107
 10
693197.577563406
 20
6237250.24047248
  0
LWPOLYLINE
  5
21246
100
AcDbEntity
  8
0
100
AcDbPolyline
 70
0
 90
2
 10
693197.577563406
 20
6237250.24047248
 10
693249.402973305
 20
6237280.22036194
  0
LWPOLYLINE
  5
21247
100
AcDbEntity
  8
0
100
AcDbPolyline
 70
0
 90
2
 10
693249.402973305
 20
6237280.22036194
 10
693257.601605833
 20
6237284.96309523
  0
LWPOLYLINE
  5
21248
100
AcDbEntity
  8
0
100
AcDbPolyline
 70
0
 90
2
 10
693257.601605833
 20
6237284.96309523
 10
693303.417790152
 20
6237310.54711599
  0
LWPOLYLINE
  5
21249
100
AcDbEntity
  8
0
100
AcDbPolyline
 70
0
 90
2
 10
693303.417790152
 20
6237310.54711599
 10
693339.06290859
 20
6237330.45406177
  0
LWPOLYLINE
  5
2124A
100
AcDbEntity
  8
0
100
AcDbPolyline
 70
0
 90
2
 10
693339.06290859
 20
6237330.45406177
 10
693432.448445054
 20
6237380.27721629
  0
LWPOLYLINE
  5
2124B
100
AcDbEntity
  8
0
100
AcDbPolyline
 70
0
 90
2
 10
693432.448445054
 20
6237380.27721629
 10
693442.534272685
 20
6237385.70634918
  0
LWPOLYLINE
  5
2124C
100
AcDbEntity
  8
0
100
AcDbPolyline
 70
0
 90
2
 10
693442.534272685
 20
6237385.70634918
 10
693529.502206647
 20
6237432.52060061
  0
LWPOLYLINE
  5
2124D
100
AcDbEntity
  8
0
100
AcDbPolyline
 70
0
 90
2
 10
693529.502206647
 20
6237432.52060061
 10
693533.81556127
 20
6237434.78757218
  0
LWPOLYLINE
  5
2124E
100
AcDbEntity
  8
0
100
AcDbPolyline
 70
0
 90
2
 10
693533.81556127
 20
6237434.78757218
 10
693582.984317457
 20
6237460.62921562
  0
LWPOLYLINE
  5
2124F
100
AcDbEntity
  8
0
100
AcDbPolyline
 70
0
 90
2
 10
693582.984317457
 20
6237460.62921562
 10
693665.907264438
 20
6237502.53237005
  0
LWPOLYLINE
  5
21250
100
AcDbEntity
  8
0
100
AcDbPolyline
 70
0
 90
2
 10
693665.907264438
 20
6237502.53237005
 10
693682.640240194
 20
6237510.98798448
  0
LWPOLYLINE
  5
21251
100
AcDbEntity
  8
0
100
AcDbPolyline
 70
0
 90
2
 10
693682.640240194
 20
6237510.98798448
 10
693770.698456473
 20
6237556.31911717
  0
LWPOLYLINE
  5
21252
100
AcDbEntity
  8
0
100
AcDbPolyline
 70
0
 90
2
 10
693770.698456473
 20
6237556.31911717
 10
693780.281360938
 20
6237561.24656235
  0
LWPOLYLINE
  5
21253
100
AcDbEntity
  8
0
100
AcDbPolyline
 70
0
 90
2
 10
693780.281360938
 20
6237561.24656235
 10
693857.74791726
 20
6237601.68437349
  0
LWPOLYLINE
  5
21254
100
AcDbEntity
  8
0
100
AcDbPolyline
 70
0
 90
2
 10
693857.74791726
 20
6237601.68437349
 10
693886.166449976
 20
6237618.93813306
  0
LWPOLYLINE
  5
21255
100
AcDbEntity
  8
0
100
AcDbPolyline
 70
0
 90
2
 10
693886.166449976
 20
6237618.93813306
 10
693938.55794594
 20
6237646.655276
  0
LWPOLYLINE
  5
21256
100
AcDbEntity
  8
0
100
AcDbPolyline
 70
0
 90
2
 10
693938.55794594
 20
6237646.655276
 10
693989.298610344
 20
6237673.49906472
  0
LWPOLYLINE
  5
21257
100
AcDbEntity
  8
0
100
AcDbPolyline
 70
0
 90
2
 10
693989.298610344
 20
6237673.49906472
 10
694014.790793971
 20
6237686.98542323
  0
LWPOLYLINE
  5
21258
100
AcDbEntity
  8
0
100
AcDbPolyline
 70
0
 90
2
 10
694014.790793971
 20
6237686.98542323
 10
694061.545196945
 20
6237711.69223378
  0
LWPOLYLINE
  5
21259
100
AcDbEntity
  8
0
100
AcDbPolyline
 70
0
 90
2
 10
694061.545196945
 20
6237711.69223378
 10
694118.032194851
 20
6237741.54211887
  0
LWPOLYLINE
  5
2125A
100
AcDbEntity
  8
0
100
AcDbPolyline
 70
0
 90
2
 10
694118.032194851
 20
6237741.54211887
 10
694161.682179182
 20
6237765.76390021
  0
LWPOLYLINE
  5
2125B
100
AcDbEntity
  8
0
100
AcDbPolyline
 70
0
 90
2
 10
694161.682179182
 20
6237765.76390021
 10
694195.570840827
 20
6237784.56903302
  0
LWPOLYLINE
  5
2125C
100
AcDbEntity
  8
0
100
AcDbPolyline
 70
0
 90
2
 10
694195.570840827
 20
6237784.56903302
 10
694223.675949989
 20
6237800.16481889
  0
LWPOLYLINE
  5
2125D
100
AcDbEntity
  8
0
100
AcDbPolyline
 70
0
 90
2
 10
694223.675949989
 20
6237800.16481889
 10
694236.65906636
 20
6237807.36927064
  0
LWPOLYLINE
  5
2125E
100
AcDbEntity
  8
0
100
AcDbPolyline
 70
0
 90
2
 10
694236.65906636
 20
6237807.36927064
 10
694268.668330821
 20
6237824.16537842
  0
LWPOLYLINE
  5
2125F
100
AcDbEntity
  8
0
100
AcDbPolyline
 70
0
 90
2
 10
694268.668330821
 20
6237824.16537842
 10
694371.698904026
 20
6237878.22824558
  0
LWPOLYLINE
  5
21260
100
AcDbEntity
  8
0
100
AcDbPolyline
 70
0
 90
2
 10
694371.698904026
 20
6237878.22824558
 10
694402.405886377
 20
6237891.46183923
  0
LWPOLYLINE
  5
21261
100
AcDbEntity
  8
0
100
AcDbPolyline
 70
0
 90
2
 10
694402.405886377
 20
6237891.46183923
 10
694462.520626727
 20
6237917.36910805
  0
LWPOLYLINE
  5
21262
100
AcDbEntity
  8
0
100
AcDbPolyline
 70
0
 90
2
 10
694462.520626727
 20
6237917.36910805
 10
694528.783876346
 20
6237947.08745911
  0
LWPOLYLINE
  5
21263
100
AcDbEntity
  8
0
100
AcDbPolyline
 70
0
 90
2
 10
694528.783876346
 20
6237947.08745911
 10
694610.902644123
 20
6237977.77552617
  0
LWPOLYLINE
  5
21264
100
AcDbEntity
  8
0
100
AcDbPolyline
 70
0
 90
2
 10
694610.902644123
 20
6237977.77552617
 10
694622.519097796
 20
6237981.21490527
  0
LWPOLYLINE
  5
21265
100
AcDbEntity
  8
0
100
AcDbPolyline
 70
0
 90
2
 10
694622.519097796
 20
6237981.21490527
 10
694665.666855
 20
6237994.00233199
  0
LWPOLYLINE
  5
21266
100
AcDbEntity
  8
0
100
AcDbPolyline
 70
0
 90
2
 10
694665.666855
 20
6237994.00233199
 10
694669.155620652
 20
6237995.0362753
  0
LWPOLYLINE
  5
21267
100
AcDbEntity
  8
0
100
AcDbPolyline
 70
0
 90
2
 10
694669.155620652
 20
6237995.0362753
 10
694774.325260971
 20
6238025.85158744
  0
LWPOLYLINE
  5
21268
100
AcDbEntity
  8
0
100
AcDbPolyline
 70
0
 90
2
 10
694774.325260971
 20
6238025.85158744
 10
694808.588821633
 20
6238035.89100864
  0
LWPOLYLINE
  5
21269
100
AcDbEntity
  8
0
100
AcDbPolyline
 70
0
 90
2
 10
694808.588821633
 20
6238035.89100864
 10
694876.259626235
 20
6238056.86205163
  0
LWPOLYLINE
  5
2126A
100
AcDbEntity
  8
0
100
AcDbPolyline
 70
0
 90
2
 10
694876.259626235
 20
6238056.86205163
 10
694992.247920972
 20
6238091.62460005
  0
LWPOLYLINE
  5
2126B
100
AcDbEntity
  8
0
100
AcDbPolyline
 70
0
 90
2
 10
694992.247920972
 20
6238091.62460005
 10
695002.242553151
 20
6238091.71071074
  0
LWPOLYLINE
  5
2126C
100
AcDbEntity
  8
0
100
AcDbPolyline
 70
0
 90
2
 10
695002.242553151
 20
6238091.71071074
 10
695012.67694795
 20
6238091.8006103
  0
LWPOLYLINE
  5
2126D
100
AcDbEntity
  8
0
100
AcDbPolyline
 70
0
 90
2
 10
695012.67694795
 20
6238091.8006103
 10
695072.305788373
 20
6238078.92155498
  0
LWPOLYLINE
  5
2126E
100
AcDbEntity
  8
0
100
AcDbPolyline
 70
0
 90
2
 10
695072.305788373
 20
6238078.92155498
 10
695244.983787117
 20
6238038.22150236
  0
LWPOLYLINE
  5
2126F
100
AcDbEntity
  8
0
100
AcDbPolyline
 70
0
 90
2
 10
695244.983787117
 20
6238038.22150236
 10
695256.254125278
 20
6238036.19589705
  0
LWPOLYLINE
  5
21270
100
AcDbEntity
  8
0
100
AcDbPolyline
 70
0
 90
2
 10
695256.254125278
 20
6238036.19589705
 10
695400.944576735
 20
6237999.03633135
  0
LWPOLYLINE
  5
21271
100
AcDbEntity
  8
0
100
AcDbPolyline
 70
0
 90
2
 10
695400.944576735
 20
6237999.03633135
 10
695547.420680631
 20
6237963.20068381
  0
LWPOLYLINE
  5
21272
100
AcDbEntity
  8
0
100
AcDbPolyline
 70
0
 90
2
 10
695547.420680631
 20
6237963.20068381
 10
695633.420078926
 20
6237940.82589533
  0
LWPOLYLINE
  5
21273
100
AcDbEntity
  8
0
100
AcDbPolyline
 70
0
 90
2
 10
695633.420078926
 20
6237940.82589533
 10
695641.698943112
 20
6237938.67521994
  0
LWPOLYLINE
  5
21274
100
AcDbEntity
  8
0
100
AcDbPolyline
 70
0
 90
2
 10
695641.698943112
 20
6237938.67521994
 10
695665.914265722
 20
6237932.37314185
  0
LWPOLYLINE
  5
21275
100
AcDbEntity
  8
0
100
AcDbPolyline
 70
0
 90
2
 10
695665.914265722
 20
6237932.37314185
 10
695697.551681123
 20
6237924.60588103
  0
LWPOLYLINE
  5
21276
100
AcDbEntity
  8
0
100
AcDbPolyline
 70
0
 90
2
 10
695695.947982347
 20
6237919.38233512
 10
695697.551681123
 20
6237924.60588103
  0
LWPOLYLINE
  5
21277
100
AcDbEntity
  8
0
100
AcDbPolyline
 70
0
 90
2
 10
695736.344099178
 20
6237916.73243726
 10
695756.011525766
 20
6237912.16175782
  0
LWPOLYLINE
  5
21278
100
AcDbEntity
  8
0
100
AcDbPolyline
 70
0
 90
2
 10
695756.011525766
 20
6237912.16175782
 10
695774.022459973
 20
6237907.98331532
  0
LWPOLYLINE
  5
21279
100
AcDbEntity
  8
0
100
AcDbPolyline
 70
0
 90
2
 10
695774.022459973
 20
6237907.98331532
 10
695895.170505612
 20
6237876.33623835
  0
LWPOLYLINE
  5
2127A
100
AcDbEntity
  8
0
100
AcDbPolyline
 70
0
 90
2
 10
695895.170505612
 20
6237876.33623835
 10
695945.83298891
 20
6237864.77387251
  0
LWPOLYLINE
  5
2127B
100
AcDbEntity
  8
0
100
AcDbPolyline
 70
0
 90
2
 10
695945.83298891
 20
6237864.77387251
 10
695989.516139872
 20
6237851.93274593
  0
LWPOLYLINE
  5
2127C
100
AcDbEntity
  8
0
100
AcDbPolyline
 70
0
 90
2
 10
695988.331036024
 20
6237847.19648375
 10
695989.516139872
 20
6237851.93274593
  0
LWPOLYLINE
  5
2127D
100
AcDbEntity
  8
0
100
AcDbPolyline
 70
0
 90
2
 10
695987.407058189
 20
6237843.5312008
 10
695988.331036024
 20
6237847.19648375
  0
LWPOLYLINE
  5
2127E
100
AcDbEntity
  8
0
100
AcDbPolyline
 70
0
 90
2
 10
695978.523255492
 20
6237833.98235499
 10
695987.407058189
 20
6237843.5312008
  0
LWPOLYLINE
  5
2127F
100
AcDbEntity
  8
0
100
AcDbPolyline
 70
0
 90
2
 10
695978.523255492
 20
6237833.98235499
 10
696013.171144038
 20
6237800.85093053
  0
LWPOLYLINE
  5
21280
100
AcDbEntity
  8
0
100
AcDbPolyline
 70
0
 90
2
 10
696013.171144038
 20
6237800.85093053
 10
696132.798889583
 20
6237686.5620301
  0
LWPOLYLINE
  5
21281
100
AcDbEntity
  8
0
100
AcDbPolyline
 70
0
 90
2
 10
696132.798889583
 20
6237686.5620301
 10
696199.770650143
 20
6237623.30481042
  0
LWPOLYLINE
  5
21282
100
AcDbEntity
  8
0
100
AcDbPolyline
 70
0
 90
2
 10
696199.770650143
 20
6237623.30481042
 10
696211.4700012
 20
6237612.26097151
  0
LWPOLYLINE
  5
21283
100
AcDbEntity
  8
0
100
AcDbPolyline
 70
0
 90
2
 10
696211.4700012
 20
6237612.26097151
 10
696217.740903724
 20
6237606.15091529
  0
LWPOLYLINE
  5
21284
100
AcDbEntity
  8
0
100
AcDbPolyline
 70
0
 90
2
 10
696217.740903724
 20
6237606.15091529
 10
696264.279989175
 20
6237560.86044462
  0
LWPOLYLINE
  5
21285
100
AcDbEntity
  8
0
100
AcDbPolyline
 70
0
 90
2
 10
696264.279989175
 20
6237560.86044462
 10
696351.499230536
 20
6237478.1486425
  0
LWPOLYLINE
  5
21286
100
AcDbEntity
  8
0
100
AcDbPolyline
 70
0
 90
2
 10
696351.499230536
 20
6237478.14864251
 10
696404.915055783
 20
6237424.44775684
  0
LWPOLYLINE
  5
21287
100
AcDbEntity
  8
0
100
AcDbPolyline
 70
0
 90
2
 10
696404.915055789
 20
6237424.44775683
 10
696488.020867386
 20
6237344.36928117
  0
LWPOLYLINE
  5
21288
100
AcDbEntity
  8
0
100
AcDbPolyline
 70
0
 90
2
 10
696488.020867386
 20
6237344.36928117
 10
696588.140892598
 20
6237249.29166081
  0
LWPOLYLINE
  5
21289
100
AcDbEntity
  8
0
100
AcDbPolyline
 70
0
 90
2
 10
696588.140892598
 20
6237249.29166081
 10
696655.660726594
 20
6237195.8532844
  0
LWPOLYLINE
  5
2128A
100
AcDbEntity
  8
0
100
AcDbPolyline
 70
0
 90
2
 10
696655.660726594
 20
6237195.8532844
 10
696659.872734881
 20
6237194.97729261
  0
LWPOLYLINE
  5
2128B
100
AcDbEntity
  8
0
100
AcDbPolyline
 70
0
 90
2
 10
696657.658715413
 20
6237183.48273361
 10
696670.833801185
 20
6237176.16432771
  0
LWPOLYLINE
  5
2128C
100
AcDbEntity
  8
0
100
AcDbPolyline
 70
0
 90
2
 10
696670.833801185
 20
6237176.16432771
 10
696689.660372579
 20
6237166.91047951
  0
LWPOLYLINE
  5
2128D
100
AcDbEntity
  8
0
100
AcDbPolyline
 70
0
 90
2
 10
696689.660372579
 20
6237166.91047951
 10
696734.485560831
 20
6237144.86561099
  0
LWPOLYLINE
  5
2128E
100
AcDbEntity
  8
0
100
AcDbPolyline
 70
0
 90
2
 10
696734.485560831
 20
6237144.86561099
 10
696792.990414299
 20
6237116.83063116
  0
LWPOLYLINE
  5
2128F
100
AcDbEntity
  8
0
100
AcDbPolyline
 70
0
 90
2
 10
696792.990414299
 20
6237116.83063116
 10
696882.00010724
 20
6237074.1740944
  0
LWPOLYLINE
  5
21290
100
AcDbEntity
  8
0
100
AcDbPolyline
 70
0
 90
2
 10
696882.00010724
 20
6237074.1740944
 10
696888.366462071
 20
6237071.14597189
  0
LWPOLYLINE
  5
21291
100
AcDbEntity
  8
0
100
AcDbPolyline
 70
0
 90
2
 10
696888.366462071
 20
6237071.14597189
 10
696963.134498368
 20
6237035.93794219
  0
LWPOLYLINE
  5
21292
100
AcDbEntity
  8
0
100
AcDbPolyline
 70
0
 90
2
 10
696963.134498368
 20
6237035.93794219
 10
697038.210748551
 20
6236999.73096494
  0
LWPOLYLINE
  5
21293
100
AcDbEntity
  8
0
100
AcDbPolyline
 70
0
 90
2
 10
697038.210748551
 20
6236999.73096494
 10
697085.621889646
 20
6236977.83125661
  0
LWPOLYLINE
  5
21294
100
AcDbEntity
  8
0
100
AcDbPolyline
 70
0
 90
2
 10
697085.621889646
 20
6236977.83125661
 10
697284.334621107
 20
6236883.00952516
  0
LWPOLYLINE
  5
21295
100
AcDbEntity
  8
0
100
AcDbPolyline
 70
0
 90
2
 10
697284.334621107
 20
6236883.00952516
 10
697297.202248839
 20
6236877.01638569
  0
LWPOLYLINE
  5
21296
100
AcDbEntity
  8
0
100
AcDbPolyline
 70
0
 90
2
 10
697297.202248839
 20
6236877.01638569
 10
697422.988133837
 20
6236818.41358406
  0
LWPOLYLINE
  5
21297
100
AcDbEntity
  8
0
100
AcDbPolyline
 70
0
 90
2
 10
697422.988133837
 20
6236818.41358406
 10
697560.152663317
 20
6236755.77060627
  0
LWPOLYLINE
  5
21298
100
AcDbEntity
  8
0
100
AcDbPolyline
 70
0
 90
2
 10
697560.152663317
 20
6236755.77060627
 10
697682.79485453
 20
6236699.39268389
  0
LWPOLYLINE
  5
21299
100
AcDbEntity
  8
0
100
AcDbPolyline
 70
0
 90
2
 10
697682.79485453
 20
6236699.39268389
 10
697697.54127582
 20
6236692.54018172
  0
LWPOLYLINE
  5
2129A
100
AcDbEntity
  8
0
100
AcDbPolyline
 70
0
 90
2
 10
697697.54127582
 20
6236692.54018172
 10
697728.557087917
 20
6236676.11902866
  0
LWPOLYLINE
  5
2129B
100
AcDbEntity
  8
0
100
AcDbPolyline
 70
0
 90
2
 10
697728.557087917
 20
6236676.11902866
 10
697840.519634805
 20
6236625.08062152
  0
LWPOLYLINE
  5
2129C
100
AcDbEntity
  8
0
100
AcDbPolyline
 70
0
 90
2
 10
697840.519634805
 20
6236625.08062152
 10
697913.452478587
 20
6236588.44310142
  0
LWPOLYLINE
  5
2129D
100
AcDbEntity
  8
0
100
AcDbPolyline
 70
0
 90
2
 10
697913.452478587
 20
6236588.44310142
 10
697969.590630251
 20
6236562.53179309
  0
LWPOLYLINE
  5
2129E
100
AcDbEntity
  8
0
100
AcDbPolyline
 70
0
 90
2
 10
697969.590630251
 20
6236562.53179309
 10
698005.538120312
 20
6236545.31573479
  0
LWPOLYLINE
  5
2129F
100
AcDbEntity
  8
0
100
AcDbPolyline
 70
0
 90
2
 10
698005.538120312
 20
6236545.31573479
 10
698016.940536325
 20
6236539.76942883
  0
LWPOLYLINE
  5
212A0
100
AcDbEntity
  8
0
100
AcDbPolyline
 70
0
 90
2
 10
698016.940536325
 20
6236539.76942883
 10
698029.060115062
 20
6236533.21971416
  0
LWPOLYLINE
  5
212A1
100
AcDbEntity
  8
0
100
AcDbPolyline
 70
0
 90
2
 10
698029.060115062
 20
6236533.21971416
 10
698065.945714219
 20
6236514.66537411
  0
LWPOLYLINE
  5
212A2
100
AcDbEntity
  8
0
100
AcDbPolyline
 70
0
 90
2
 10
698065.945714219
 20
6236514.66537411
 10
698105.474627285
 20
6236495.48715229
  0
LWPOLYLINE
  5
212A3
100
AcDbEntity
  8
0
100
AcDbPolyline
 70
0
 90
2
 10
698105.474627285
 20
6236495.48715229
 10
698157.613323163
 20
6236470.18397185
  0
LWPOLYLINE
  5
212A4
100
AcDbEntity
  8
0
100
AcDbPolyline
 70
0
 90
2
 10
698157.613323163
 20
6236470.18397185
 10
698171.842983932
 20
6236463.26441746
  0
LWPOLYLINE
  5
212A5
100
AcDbEntity
  8
0
100
AcDbPolyline
 70
0
 90
2
 10
698171.842983932
 20
6236463.26441746
 10
698226.651378503
 20
6236436.51419542
  0
LWPOLYLINE
  5
212A6
100
AcDbEntity
  8
0
100
AcDbPolyline
 70
0
 90
2
 10
698226.651378503
 20
6236436.51419542
 10
698236.806425334
 20
6236431.90262831
  0
LWPOLYLINE
  5
212A7
100
AcDbEntity
  8
0
100
AcDbPolyline
 70
0
 90
2
 10
696659.872734881
 20
6237194.97729261
 10
696680.996308996
 20
6237188.95052682
  0
LWPOLYLINE
  5
212A8
100
AcDbEntity
  8
0
100
AcDbPolyline
 70
0
 90
2
 10
696659.872734881
 20
6237194.97729261
 10
696699.186873731
 20
6237297.43836683
  0
LWPOLYLINE
  5
212A9
100
AcDbEntity
  8
0
100
AcDbPolyline
 70
0
 90
2
 10
696699.186873731
 20
6237297.43836683
 10
696727.697785259
 20
6237357.90043024
  0
LWPOLYLINE
  5
212AA
100
AcDbEntity
  8
0
100
AcDbPolyline
 70
0
 90
2
 10
696727.697785259
 20
6237357.90043024
 10
696737.252775045
 20
6237396.23066648
  0
LWPOLYLINE
  5
212AB
100
AcDbEntity
  8
0
100
AcDbPolyline
 70
0
 90
2
 10
696736.289419769
 20
6237417.12084402
 10
696737.252775045
 20
6237396.23066648
  0
LWPOLYLINE
  5
212AC
100
AcDbEntity
  8
0
100
AcDbPolyline
 70
0
 90
2
 10
696708.519140848
 20
6237434.44511324
 10
696736.289419769
 20
6237417.12084402
  0
LWPOLYLINE
  5
212AD
100
AcDbEntity
  8
0
100
AcDbPolyline
 70
0
 90
2
 10
696695.250182376
 20
6237465.75912412
 10
696708.519140848
 20
6237434.44511324
  0
LWPOLYLINE
  5
212AE
100
AcDbEntity
  8
0
100
AcDbPolyline
 70
0
 90
2
 10
694570.302498543
 20
6237932.70666322
 10
694575.685100013
 20
6237935.52713858
  0
LWPOLYLINE
  5
212AF
100
AcDbEntity
  8
0
100
AcDbPolyline
 70
0
 90
2
 10
694575.685100013
 20
6237935.52713858
 10
694585.391472718
 20
6237939.48120917
  0
LWPOLYLINE
  5
212B0
100
AcDbEntity
  8
0
100
AcDbPolyline
 70
0
 90
2
 10
694585.391472718
 20
6237939.48120917
 10
694596.40366695
 20
6237938.89119504
  0
LWPOLYLINE
  5
212B1
100
AcDbEntity
  8
0
100
AcDbPolyline
 70
0
 90
2
 10
694596.40366695
 20
6237938.89119504
 10
694603.818053963
 20
6237937.57971535
  0
LWPOLYLINE
  5
212B2
100
AcDbEntity
  8
0
100
AcDbPolyline
 70
0
 90
2
 10
694603.818053963
 20
6237937.57971535
 10
694609.654267875
 20
6237939.70752721
  0
LWPOLYLINE
  5
212B3
100
AcDbEntity
  8
0
100
AcDbPolyline
 70
0
 90
2
 10
694609.654267875
 20
6237939.70752721
 10
694614.910254907
 20
6237954.41605534
  0
LWPOLYLINE
  5
212B4
100
AcDbEntity
  8
0
100
AcDbPolyline
 70
0
 90
2
 10
694614.910254907
 20
6237954.41605534
 10
694621.779564092
 20
6237960.42556809
  0
LWPOLYLINE
  5
212B5
100
AcDbEntity
  8
0
100
AcDbPolyline
 70
0
 90
2
 10
694621.779564092
 20
6237960.42556809
 10
694628.000875148
 20
6237966.08226393
  0
LWPOLYLINE
  5
212B6
100
AcDbEntity
  8
0
100
AcDbPolyline
 70
0
 90
2
 10
694622.519097796
 20
6237981.21490527
 10
694625.025773711
 20
6237974.29513726
  0
LWPOLYLINE
  5
212B7
100
AcDbEntity
  8
0
100
AcDbPolyline
 70
0
 90
2
 10
694625.025773711
 20
6237974.29513726
 10
694628.000875148
 20
6237966.08226393
  0
LWPOLYLINE
  5
212B8
100
AcDbEntity
  8
0
100
AcDbPolyline
 70
0
 90
2
 10
694565.970583264
 20
6238212.96576998
 10
694643.856382265
 20
6238180.44805694
  0
LWPOLYLINE
  5
212B9
100
AcDbEntity
  8
0
100
AcDbPolyline
 70
0
 90
2
 10
694643.856382265
 20
6238180.44805694
 10
694700.004468039
 20
6238173.46906118
  0
LWPOLYLINE
  5
212BA
100
AcDbEntity
  8
0
100
AcDbPolyline
 70
0
 90
2
 10
694700.004468039
 20
6238173.46906118
 10
694757.68025459
 20
6238191.75268704
  0
LWPOLYLINE
  5
212BB
100
AcDbEntity
  8
0
100
AcDbPolyline
 70
0
 90
2
 10
694757.68025459
 20
6238191.75268704
 10
694793.190290726
 20
6238192.99536041
  0
LWPOLYLINE
  5
212BC
100
AcDbEntity
  8
0
100
AcDbPolyline
 70
0
 90
2
 10
694793.190290726
 20
6238192.99536041
 10
694809.588203452
 20
6238177.33597578
  0
LWPOLYLINE
  5
212BD
100
AcDbEntity
  8
0
100
AcDbPolyline
 70
0
 90
2
 10
694809.588203452
 20
6238177.33597578
 10
694834.635646412
 20
6238173.12956052
  0
LWPOLYLINE
  5
212BE
100
AcDbEntity
  8
0
100
AcDbPolyline
 70
0
 90
2
 10
694834.635646412
 20
6238173.12956052
 10
694862.92824033
 20
6238173.28511104
  0
LWPOLYLINE
  5
212BF
100
AcDbEntity
  8
0
100
AcDbPolyline
 70
0
 90
2
 10
694862.92824033
 20
6238173.28511104
 10
694874.861855331
 20
6238171.53407395
  0
LWPOLYLINE
  5
212C0
100
AcDbEntity
  8
0
100
AcDbPolyline
 70
0
 90
2
 10
694874.861855331
 20
6238171.53407395
 10
694885.612915718
 20
6238204.08404392
  0
LWPOLYLINE
  5
212C1
100
AcDbEntity
  8
0
100
AcDbPolyline
 70
0
 90
2
 10
694885.612915718
 20
6238204.08404392
 10
694901.065058307
 20
6238208.99255599
  0
LWPOLYLINE
  5
212C2
100
AcDbEntity
  8
0
100
AcDbPolyline
 70
0
 90
2
 10
694901.065058307
 20
6238208.99255599
 10
694908.783974629
 20
6238240.93587024
  0
LWPOLYLINE
  5
212C3
100
AcDbEntity
  8
0
100
AcDbPolyline
 70
0
 90
2
 10
694908.783974629
 20
6238240.93587024
 10
694910.775979155
 20
6238247.59248306
  0
LWPOLYLINE
  5
212C4
100
AcDbEntity
  8
0
100
AcDbPolyline
 70
0
 90
2
 10
694910.775979153
 20
6238247.59248306
 10
695015.173832689
 20
6238222.60228486
  0
LWPOLYLINE
  5
212C5
100
AcDbEntity
  8
0
100
AcDbPolyline
 70
0
 90
2
 10
695015.173832689
 20
6238222.60228486
 10
695029.79293063
 20
6238219.68339356
  0
LWPOLYLINE
  5
212C6
100
AcDbEntity
  8
0
100
AcDbPolyline
 70
0
 90
2
 10
695029.79293063
 20
6238219.68339356
 10
695116.287707233
 20
6238202.41359675
  0
LWPOLYLINE
  5
212C7
100
AcDbEntity
  8
0
100
AcDbPolyline
 70
0
 90
2
 10
695116.287707233
 20
6238202.41359675
 10
695179.624633537
 20
6238188.90316618
  0
LWPOLYLINE
  5
212C8
100
AcDbEntity
  8
0
100
AcDbPolyline
 70
0
 90
2
 10
695179.624633537
 20
6238188.90316618
 10
695290.002803004
 20
6238164.18200599
  0
LWPOLYLINE
  5
212C9
100
AcDbEntity
  8
0
100
AcDbPolyline
 70
0
 90
2
 10
695290.002803004
 20
6238164.18200599
 10
695391.737742879
 20
6238141.75408498
  0
LWPOLYLINE
  5
212CA
100
AcDbEntity
  8
0
100
AcDbPolyline
 70
0
 90
2
 10
695391.737742879
 20
6238141.75408498
 10
695593.17273937
 20
6238094.12551973
  0
LWPOLYLINE
  5
212CB
100
AcDbEntity
  8
0
100
AcDbPolyline
 70
0
 90
2
 10
695593.17273937
 20
6238094.12551973
 10
695612.53382019
 20
6238088.90480934
  0
LWPOLYLINE
  5
212CC
100
AcDbEntity
  8
0
100
AcDbPolyline
 70
0
 90
2
 10
695612.533820189
 20
6238088.90480934
 10
695621.876647256
 20
6238079.11140692
  0
LWPOLYLINE
  5
212CD
100
AcDbEntity
  8
0
100
AcDbPolyline
 70
0
 90
2
 10
694858.856838271
 20
6238262.39756881
 10
694910.775979153
 20
6238247.59248306
  0
LWPOLYLINE
  5
212CE
100
AcDbEntity
  8
0
100
AcDbPolyline
 70
0
 90
2
 10
694753.339762758
 20
6238303.79327004
 10
694858.856838271
 20
6238262.39756881
  0
LWPOLYLINE
  5
212CF
100
AcDbEntity
  8
0
100
AcDbPolyline
 70
0
 90
2
 10
694654.888068043
 20
6238349.2481426
 10
694753.339762758
 20
6238303.79327004
  0
LWPOLYLINE
  5
212D0
100
AcDbEntity
  8
0
100
AcDbPolyline
 70
0
 90
2
 10
694562.398728126
 20
6238398.45499558
 10
694654.888068043
 20
6238349.2481426
  0
LWPOLYLINE
  5
212D1
100
AcDbEntity
  8
0
100
AcDbPolyline
 70
0
 90
2
 10
694492.611491114
 20
6238436.10297123
 10
694562.398728126
 20
6238398.45499558
  0
LWPOLYLINE
  5
212D2
100
AcDbEntity
  8
0
100
AcDbPolyline
 70
0
 90
2
 10
694314.780115241
 20
6238520.33748502
 10
694492.611491114
 20
6238436.10297123
  0
LWPOLYLINE
  5
212D3
100
AcDbEntity
  8
0
100
AcDbPolyline
 70
0
 90
2
 10
694192.203770582
 20
6238583.8312387
 10
694314.780115241
 20
6238520.33748502
  0
LWPOLYLINE
  5
212D4
100
AcDbEntity
  8
0
100
AcDbPolyline
 70
0
 90
2
 10
694074.038232411
 20
6238642.93650378
 10
694192.203770582
 20
6238583.8312387
  0
LWPOLYLINE
  5
212D5
100
AcDbEntity
  8
0
100
AcDbPolyline
 70
0
 90
2
 10
694064.723690007
 20
6238645.94583573
 10
694074.038232411
 20
6238642.93650378
  0
LWPOLYLINE
  5
212D6
100
AcDbEntity
  8
0
100
AcDbPolyline
 70
0
 90
2
 10
694036.988775832
 20
6238633.61493121
 10
694047.169628803
 20
6238638.14132437
  0
LWPOLYLINE
  5
212D7
100
AcDbEntity
  8
0
100
AcDbPolyline
 70
0
 90
2
 10
694047.169628803
 20
6238638.14132437
 10
694064.723690007
 20
6238645.94583573
  0
LWPOLYLINE
  5
212D8
100
AcDbEntity
  8
0
100
AcDbPolyline
 70
0
 90
2
 10
693996.482187939
 20
6238599.34583663
 10
694036.988775832
 20
6238633.61493121
  0
LWPOLYLINE
  5
212D9
100
AcDbEntity
  8
0
100
AcDbPolyline
 70
0
 90
2
 10
693888.125212051
 20
6238510.08100678
 10
693996.482187939
 20
6238599.34583663
  0
LWPOLYLINE
  5
212DA
100
AcDbEntity
  8
0
100
AcDbPolyline
 70
0
 90
2
 10
693809.405386741
 20
6238475.21365218
 10
693820.269779944
 20
6238480.02581543
  0
LWPOLYLINE
  5
212DB
100
AcDbEntity
  8
0
100
AcDbPolyline
 70
0
 90
2
 10
693820.269779944
 20
6238480.02581543
 10
693888.125212051
 20
6238510.08100678
  0
LWPOLYLINE
  5
212DC
100
AcDbEntity
  8
0
100
AcDbPolyline
 70
0
 90
2
 10
693753.793359496
 20
6238453.60335576
 10
693796.660827947
 20
6238470.26123978
  0
LWPOLYLINE
  5
212DD
100
AcDbEntity
  8
0
100
AcDbPolyline
 70
0
 90
2
 10
693796.660827947
 20
6238470.26123978
 10
693809.405386741
 20
6238475.21365218
  0
LWPOLYLINE
  5
212DE
100
AcDbEntity
  8
0
100
AcDbPolyline
 70
0
 90
2
 10
693661.369856617
 20
6238400.56012404
 10
693753.793359496
 20
6238453.60335576
  0
LWPOLYLINE
  5
212DF
100
AcDbEntity
  8
0
100
AcDbPolyline
 70
0
 90
2
 10
693575.172533704
 20
6238319.94587476
 10
693661.369856617
 20
6238400.56012404
  0
LWPOLYLINE
  5
212E0
100
AcDbEntity
  8
0
100
AcDbPolyline
 70
0
 90
2
 10
693535.007908631
 20
6238269.65694593
 10
693575.172533704
 20
6238319.94587476
  0
LWPOLYLINE
  5
212E1
100
AcDbEntity
  8
0
100
AcDbPolyline
 70
0
 90
2
 10
693492.45207608
 20
6238246.74785849
 10
693535.007908632
 20
6238269.65694593
  0
LWPOLYLINE
  5
212E2
100
AcDbEntity
  8
0
100
AcDbPolyline
 70
0
 90
2
 10
693447.090754719
 20
6238243.54202684
 10
693466.366401732
 20
6238244.90429931
  0
LWPOLYLINE
  5
212E3
100
AcDbEntity
  8
0
100
AcDbPolyline
 70
0
 90
2
 10
693466.366401732
 20
6238244.90429931
 10
693492.45207608
 20
6238246.74785849
  0
LWPOLYLINE
  5
212E4
100
AcDbEntity
  8
0
100
AcDbPolyline
 70
0
 90
2
 10
693294.92909875
 20
6238251.14495627
 10
693447.090754719
 20
6238243.54202684
  0
LWPOLYLINE
  5
212E5
100
AcDbEntity
  8
0
100
AcDbPolyline
 70
0
 90
2
 10
693190.805378576
 20
6238262.06595898
 10
693294.92909875
 20
6238251.14495627
  0
LWPOLYLINE
  5
212E6
100
AcDbEntity
  8
0
100
AcDbPolyline
 70
0
 90
2
 10
693161.911568934
 20
6238266.86562168
 10
693168.140807524
 20
6238265.83085872
  0
LWPOLYLINE
  5
212E7
100
AcDbEntity
  8
0
100
AcDbPolyline
 70
0
 90
2
 10
693168.140807524
 20
6238265.83085872
 10
693190.805378576
 20
6238262.06595898
  0
LWPOLYLINE
  5
212E8
100
AcDbEntity
  8
0
100
AcDbPolyline
 70
0
 90
2
 10
693153.547789182
 20
6238276.15100756
 10
693161.911568935
 20
6238266.86562168
  0
LWPOLYLINE
  5
212E9
100
AcDbEntity
  8
0
100
AcDbPolyline
 70
0
 90
2
 10
693135.579087766
 20
6238265.6730787
 10
693153.547789182
 20
6238276.15100756
  0
LWPOLYLINE
  5
212EA
100
AcDbEntity
  8
0
100
AcDbPolyline
 70
0
 90
2
 10
693090.983913507
 20
6238270.91031751
 10
693135.579087766
 20
6238265.6730787
  0
LWPOLYLINE
  5
212EB
100
AcDbEntity
  8
0
100
AcDbPolyline
 70
0
 90
2
 10
693071.974322109
 20
6238293.70296201
 10
693082.762913511
 20
6238280.76735896
  0
LWPOLYLINE
  5
212EC
100
AcDbEntity
  8
0
100
AcDbPolyline
 70
0
 90
2
 10
693082.762913511
 20
6238280.76735896
 10
693090.983913507
 20
6238270.91031751
  0
LWPOLYLINE
  5
212ED
100
AcDbEntity
  8
0
100
AcDbPolyline
 70
0
 90
2
 10
693026.996013571
 20
6238341.28084987
 10
693071.974322109
 20
6238293.70296201
  0
LWPOLYLINE
  5
212EE
100
AcDbEntity
  8
0
100
AcDbPolyline
 70
0
 90
2
 10
693018.723293497
 20
6238397.37546567
 10
693026.996013571
 20
6238341.28084987
  0
LWPOLYLINE
  5
212EF
100
AcDbEntity
  8
0
100
AcDbPolyline
 70
0
 90
2
 10
692987.477584935
 20
6238437.17064415
 10
693018.723293497
 20
6238397.37546567
  0
LWPOLYLINE
  5
212F0
100
AcDbEntity
  8
0
100
AcDbPolyline
 70
0
 90
2
 10
692941.389473688
 20
6238492.32338029
 10
692987.477584936
 20
6238437.17064415
  0
LWPOLYLINE
  5
212F1
100
AcDbEntity
  8
0
100
AcDbPolyline
 70
0
 90
2
 10
692871.628267614
 20
6238555.18936704
 10
692941.389473687
 20
6238492.32338029
  0
LWPOLYLINE
  5
212F2
100
AcDbEntity
  8
0
100
AcDbPolyline
 70
0
 90
2
 10
692819.348372534
 20
6238586.7778758
 10
692871.628267614
 20
6238555.18936704
  0
LWPOLYLINE
  5
212F3
100
AcDbEntity
  8
0
100
AcDbPolyline
 70
0
 90
2
 10
692755.412281289
 20
6238622.43249836
 10
692819.348372534
 20
6238586.7778758
  0
LWPOLYLINE
  5
212F4
100
AcDbEntity
  8
0
100
AcDbPolyline
 70
0
 90
2
 10
692673.425213311
 20
6238634.36608047
 10
692755.412281289
 20
6238622.43249836
  0
LWPOLYLINE
  5
212F5
100
AcDbEntity
  8
0
100
AcDbPolyline
 70
0
 90
2
 10
692600.39084036
 20
6238642.90455215
 10
692673.425213311
 20
6238634.36608047
  0
LWPOLYLINE
  5
212F6
100
AcDbEntity
  8
0
100
AcDbPolyline
 70
0
 90
2
 10
692584.405213013
 20
6238649.8068655
 10
692600.39084036
 20
6238642.90455215
  0
LWPOLYLINE
  5
212F7
100
AcDbEntity
  8
0
100
AcDbPolyline
 70
0
 90
2
 10
692581.510421285
 20
6238705.38686086
 10
692584.405213013
 20
6238649.8068655
  0
LWPOLYLINE
  5
212F8
100
AcDbEntity
  8
0
100
AcDbPolyline
 70
0
 90
2
 10
692581.510421285
 20
6238705.38686086
 10
692742.174516227
 20
6238712.26677493
  0
LWPOLYLINE
  5
212F9
100
AcDbEntity
  8
0
100
AcDbPolyline
 70
0
 90
2
 10
692742.174516227
 20
6238712.26677493
 10
692884.224289861
 20
6238716.39351011
  0
LWPOLYLINE
  5
212FA
100
AcDbEntity
  8
0
100
AcDbPolyline
 70
0
 90
2
 10
692884.224289861
 20
6238716.39351011
 10
692965.131426467
 20
6238719.67495124
  0
LWPOLYLINE
  5
212FB
100
AcDbEntity
  8
0
100
AcDbPolyline
 70
0
 90
2
 10
694388.274770596
 20
6235271.44289324
 10
694406.859777224
 20
6235289.35495026
  0
LWPOLYLINE
  5
212FC
100
AcDbEntity
  8
0
100
AcDbPolyline
 70
0
 90
2
 10
694377.612310395
 20
6235262.97629327
 10
694388.274770596
 20
6235271.44289324
  0
LWPOLYLINE
  5
212FD
100
AcDbEntity
  8
0
100
AcDbPolyline
 70
0
 90
2
 10
694373.050584782
 20
6235259.36882057
 10
694377.612310395
 20
6235262.97629327
  0
LWPOLYLINE
  5
212FE
100
AcDbEntity
  8
0
100
AcDbPolyline
 70
0
 90
2
 10
694359.964602079
 20
6235248.75206195
 10
694373.050584782
 20
6235259.36882057
  0
LWPOLYLINE
  5
212FF
100
AcDbEntity
  8
0
100
AcDbPolyline
 70
0
 90
2
 10
694035.160983602
 20
6235645.46087751
 10
694138.276926574
 20
6235522.31783769
  0
LWPOLYLINE
  5
21300
100
AcDbEntity
  8
0
100
AcDbPolyline
 70
0
 90
2
 10
694138.276926576
 20
6235522.31783769
 10
694164.026567955
 20
6235513.76893587
  0
LWPOLYLINE
  5
21301
100
AcDbEntity
  8
0
100
AcDbPolyline
 70
0
 90
2
 10
694164.026567955
 20
6235513.76893587
 10
694309.851697897
 20
6235369.1528347
  0
LWPOLYLINE
  5
21302
100
AcDbEntity
  8
0
100
AcDbPolyline
 70
0
 90
2
 10
694309.851697897
 20
6235369.1528347
 10
694362.053776657
 20
6235319.08332246
  0
LWPOLYLINE
  5
21303
100
AcDbEntity
  8
0
100
AcDbPolyline
 70
0
 90
2
 10
694362.053776657
 20
6235319.08332246
 10
694406.859777225
 20
6235289.35495026
  0
LWPOLYLINE
  5
21304
100
AcDbEntity
  8
0
100
AcDbPolyline
 70
0
 90
2
 10
693916.231788623
 20
6235525.64627378
 10
693926.494867571
 20
6235539.48860081
  0
LWPOLYLINE
  5
21305
100
AcDbEntity
  8
0
100
AcDbPolyline
 70
0
 90
2
 10
693926.494867571
 20
6235539.48860081
 10
693934.198849083
 20
6235548.83401987
  0
LWPOLYLINE
  5
21306
100
AcDbEntity
  8
0
100
AcDbPolyline
 70
0
 90
2
 10
693934.198849082
 20
6235548.83401987
 10
693958.740946981
 20
6235571.08330397
  0
LWPOLYLINE
  5
21307
100
AcDbEntity
  8
0
100
AcDbPolyline
 70
0
 90
2
 10
693958.740946981
 20
6235571.08330397
 10
694007.807544106
 20
6235620.05140362
  0
LWPOLYLINE
  5
21308
100
AcDbEntity
  8
0
100
AcDbPolyline
 70
0
 90
2
 10
694007.807544106
 20
6235620.05140362
 10
694011.509781437
 20
6235632.59258547
  0
LWPOLYLINE
  5
21309
100
AcDbEntity
  8
0
100
AcDbPolyline
 70
0
 90
2
 10
694935.584309467
 20
6236700.17712244
 10
694975.52336437
 20
6236710.74104022
  0
LWPOLYLINE
  5
2130A
100
AcDbEntity
  8
0
100
AcDbPolyline
 70
0
 90
2
 10
694401.808396354
 20
6232186.31408825
 10
694438.091157506
 20
6232198.16395058
  0
LWPOLYLINE
  5
2130B
100
AcDbEntity
  8
0
100
AcDbPolyline
 70
0
 90
2
 10
694381.255501271
 20
6232180.05108572
 10
694401.808396354
 20
6232186.31408825
  0
LWPOLYLINE
  5
2130C
100
AcDbEntity
  8
0
100
AcDbPolyline
 70
0
 90
2
 10
694362.787439767
 20
6232182.87842827
 10
694381.255501271
 20
6232180.05108572
  0
LWPOLYLINE
  5
2130D
100
AcDbEntity
  8
0
100
AcDbPolyline
 70
0
 90
2
 10
694344.595642937
 20
6232190.70100822
 10
694362.787439767
 20
6232182.87842827
  0
LWPOLYLINE
  5
2130E
100
AcDbEntity
  8
0
100
AcDbPolyline
 70
0
 90
2
 10
694327.630552229
 20
6232197.24183041
 10
694344.595642937
 20
6232190.70100822
  0
LWPOLYLINE
  5
2130F
100
AcDbEntity
  8
0
100
AcDbPolyline
 70
0
 90
2
 10
694322.548602009
 20
6232202.67330106
 10
694327.630552229
 20
6232197.24183041
  0
LWPOLYLINE
  5
21310
100
AcDbEntity
  8
0
100
AcDbPolyline
 70
0
 90
2
 10
694312.77431956
 20
6232230.66422463
 10
694322.548602009
 20
6232202.67330106
  0
LWPOLYLINE
  5
21311
100
AcDbEntity
  8
0
100
AcDbPolyline
 70
0
 90
2
 10
694305.590516511
 20
6232260.45610076
 10
694312.77431956
 20
6232230.66422463
  0
LWPOLYLINE
  5
21312
100
AcDbEntity
  8
0
100
AcDbPolyline
 70
0
 90
2
 10
694591.419712516
 20
6231792.7338075
 10
694703.183992674
 20
6231840.45995926
  0
LWPOLYLINE
  5
21313
100
AcDbEntity
  8
0
100
AcDbPolyline
 70
0
 90
2
 10
694703.183992674
 20
6231840.45995926
 10
694861.185013278
 20
6231885.09132866
  0
LWPOLYLINE
  5
21314
100
AcDbEntity
  8
0
100
AcDbPolyline
 70
0
 90
2
 10
694861.185013278
 20
6231885.09132866
 10
694881.440530814
 20
6231890.67421096
  0
LWPOLYLINE
  5
21315
100
AcDbEntity
  8
0
100
AcDbPolyline
 70
0
 90
2
 10
694881.440530814
 20
6231890.67421096
 10
694890.079523562
 20
6231869.27605598
  0
LWPOLYLINE
  5
21316
100
AcDbEntity
  8
0
100
AcDbPolyline
 70
0
 90
2
 10
694890.079523562
 20
6231869.27605598
 10
694902.832299125
 20
6231819.95318002
  0
LWPOLYLINE
  5
21317
100
AcDbEntity
  8
0
100
AcDbPolyline
 70
0
 90
2
 10
694852.788039964
 20
6231806.02306343
 10
694902.832299125
 20
6231819.95318002
  0
LWPOLYLINE
  5
21318
100
AcDbEntity
  8
0
100
AcDbPolyline
 70
0
 90
2
 10
693820.73412292
 20
6235805.81877251
 10
693841.674816057
 20
6235792.35694087
  0
LWPOLYLINE
  5
21319
100
AcDbEntity
  8
0
100
AcDbPolyline
 70
0
 90
2
 10
693793.130358691
 20
6235815.05452852
 10
693820.73412292
 20
6235805.81877251
  0
LWPOLYLINE
  5
2131A
100
AcDbEntity
  8
0
100
AcDbPolyline
 70
0
 90
2
 10
693766.1150585
 20
6235818.4428376
 10
693793.130358691
 20
6235815.05452852
  0
LWPOLYLINE
  5
2131B
100
AcDbEntity
  8
0
100
AcDbPolyline
 70
0
 90
2
 10
693727.882246509
 20
6235819.03710209
 10
693766.1150585
 20
6235818.4428376
  0
LWPOLYLINE
  5
2131C
100
AcDbEntity
  8
0
100
AcDbPolyline
 70
0
 90
2
 10
693716.683048274
 20
6235819.5320363
 10
693727.882246509
 20
6235819.03710209
  0
LWPOLYLINE
  5
2131D
100
AcDbEntity
  8
0
100
AcDbPolyline
 70
0
 90
2
 10
693690.613063733
 20
6235820.70093243
 10
693716.683048273
 20
6235819.5320363
  0
LWPOLYLINE
  5
2131E
100
AcDbEntity
  8
0
100
AcDbPolyline
 70
0
 90
2
 10
693681.948222965
 20
6235822.26957929
 10
693690.613063733
 20
6235820.70093243
  0
LWPOLYLINE
  5
2131F
100
AcDbEntity
  8
0
100
AcDbPolyline
 70
0
 90
2
 10
693673.583863153
 20
6235823.78499403
 10
693681.948222965
 20
6235822.26957929
  0
LWPOLYLINE
  5
21320
100
AcDbEntity
  8
0
100
AcDbPolyline
 70
0
 90
2
 10
693661.302544473
 20
6235828.83456768
 10
693673.583863153
 20
6235823.78499403
  0
LWPOLYLINE
  5
21321
100
AcDbEntity
  8
0
100
AcDbPolyline
 70
0
 90
2
 10
693649.960021172
 20
6235836.86949924
 10
693661.302544473
 20
6235828.83456768
  0
LWPOLYLINE
  5
21322
100
AcDbEntity
  8
0
100
AcDbPolyline
 70
0
 90
2
 10
693624.89252002
 20
6235864.53541977
 10
693649.960021171
 20
6235836.86949924
  0
LWPOLYLINE
  5
21323
100
AcDbEntity
  8
0
100
AcDbPolyline
 70
0
 90
2
 10
693534.585053608
 20
6235951.50833941
 10
693624.892520024
 20
6235864.53541977
  0
LWPOLYLINE
  5
21324
100
AcDbEntity
  8
0
100
AcDbPolyline
 70
0
 90
2
 10
693188.524274954
 20
6236313.06700885
 10
693534.585053605
 20
6235951.50833941
  0
LWPOLYLINE
  5
21325
100
AcDbEntity
  8
0
100
AcDbPolyline
 70
0
 90
2
 10
692861.392843694
 20
6236642.91292852
 10
693188.524274954
 20
6236313.06700885
  0
LWPOLYLINE
  5
21326
100
AcDbEntity
  8
0
100
AcDbPolyline
 70
0
 90
2
 10
692854.86792932
 20
6236649.23911706
 10
692861.392843705
 20
6236642.9129285
  0
LWPOLYLINE
  5
21327
100
AcDbEntity
  8
0
100
AcDbPolyline
 70
0
 90
2
 10
693764.545059927
 20
6237568.53515657
 10
693770.698456473
 20
6237556.31911717
  0
LWPOLYLINE
  5
21328
100
AcDbEntity
  8
0
100
AcDbPolyline
 70
0
 90
2
 10
693770.698456473
 20
6237556.31911717
 10
693777.555444046
 20
6237543.098394
  0
LWPOLYLINE
  5
21329
100
AcDbEntity
  8
0
100
AcDbPolyline
 70
0
 90
2
 10
693764.545057728
 20
6237568.53515544
 10
693852.209657897
 20
6237613.47123583
  0
LWPOLYLINE
  5
2132A
100
AcDbEntity
  8
0
100
AcDbPolyline
 70
0
 90
2
 10
693701.237821733
 20
6237536.0988927
 10
693764.545057728
 20
6237568.53515544
  0
LWPOLYLINE
  5
2132B
100
AcDbEntity
  8
0
100
AcDbPolyline
 70
0
 90
2
 10
693691.068689037
 20
6237554.7427204
 10
693701.237821734
 20
6237536.0988927
  0
LWPOLYLINE
  5
2132C
100
AcDbEntity
  8
0
100
AcDbPolyline
 70
0
 90
2
 10
694138.743821242
 20
6237632.29812325
 10
694150.543925795
 20
6237620.81886346
  0
LWPOLYLINE
  5
2132D
100
AcDbEntity
  8
0
100
AcDbPolyline
 70
0
 90
2
 10
694150.543925795
 20
6237620.81886346
 10
694175.573957641
 20
6237634.08589453
  0
LWPOLYLINE
  5
2132E
100
AcDbEntity
  8
0
100
AcDbPolyline
 70
0
 90
2
 10
694131.582313803
 20
6237709.33130548
 10
694175.573957641
 20
6237634.08589453
  0
LWPOLYLINE
  5
2132F
100
AcDbEntity
  8
0
100
AcDbPolyline
 70
0
 90
2
 10
693793.273395568
 20
6237430.46077314
 10
693815.262470887
 20
6237433.78938491
  0
LWPOLYLINE
  5
21330
100
AcDbEntity
  8
0
100
AcDbPolyline
 70
0
 90
2
 10
693815.262470887
 20
6237433.78938491
 10
693826.297364401
 20
6237440.09820399
  0
LWPOLYLINE
  5
21331
100
AcDbEntity
  8
0
100
AcDbPolyline
 70
0
 90
2
 10
693813.788395278
 20
6237464.73277016
 10
693826.297364401
 20
6237440.09820399
  0
LWPOLYLINE
  5
21332
100
AcDbEntity
  8
0
100
AcDbPolyline
 70
0
 90
2
 10
693813.788395278
 20
6237464.73277016
 10
693922.581520857
 20
6237521.85497388
  0
LWPOLYLINE
  5
21333
100
AcDbEntity
  8
0
100
AcDbPolyline
 70
0
 90
2
 10
693953.038814991
 20
6237193.76231281
 10
693968.556894341
 20
6237167.28073471
  0
LWPOLYLINE
  5
21334
100
AcDbEntity
  8
0
100
AcDbPolyline
 70
0
 90
2
 10
693968.556894341
 20
6237167.28073471
 10
693973.880136277
 20
6237152.73093904
  0
LWPOLYLINE
  5
21335
100
AcDbEntity
  8
0
100
AcDbPolyline
 70
0
 90
2
 10
693973.880136277
 20
6237152.73093904
 10
693983.050480712
 20
6237145.17790394
  0
LWPOLYLINE
  5
21336
100
AcDbEntity
  8
0
100
AcDbPolyline
 70
0
 90
2
 10
693983.050480712
 20
6237145.17790394
 10
693992.253955345
 20
6237140.44653511
  0
LWPOLYLINE
  5
21337
100
AcDbEntity
  8
0
100
AcDbPolyline
 70
0
 90
2
 10
693992.253955345
 20
6237140.44653511
 10
693996.162469612
 20
6237131.48386749
  0
LWPOLYLINE
  5
21338
100
AcDbEntity
  8
0
100
AcDbPolyline
 70
0
 90
2
 10
693886.640768273
 20
6237075.56461344
 10
693996.162469613
 20
6237131.48386749
  0
LWPOLYLINE
  5
21339
100
AcDbEntity
  8
0
100
AcDbPolyline
 70
0
 90
2
 10
693807.519771092
 20
6237032.52146345
 10
693886.640768273
 20
6237075.56461344
  0
LWPOLYLINE
  5
2133A
100
AcDbEntity
  8
0
100
AcDbPolyline
 70
0
 90
2
 10
693902.161924495
 20
6236954.07886016
 10
693941.100881697
 20
6236974.74240568
  0
LWPOLYLINE
  5
2133B
100
AcDbEntity
  8
0
100
AcDbPolyline
 70
0
 90
2
 10
693892.197193174
 20
6236957.11497629
 10
693902.161924495
 20
6236954.07886016
  0
LWPOLYLINE
  5
2133C
100
AcDbEntity
  8
0
100
AcDbPolyline
 70
0
 90
2
 10
693860.701472754
 20
6237012.67735841
 10
693892.197193173
 20
6236957.11497629
  0
LWPOLYLINE
  5
2133D
100
AcDbEntity
  8
0
100
AcDbPolyline
 70
0
 90
2
 10
693860.701472754
 20
6237012.67735841
 10
693867.024516203
 20
6237020.10974117
  0
LWPOLYLINE
  5
2133E
100
AcDbEntity
  8
0
100
AcDbPolyline
 70
0
 90
2
 10
693867.024516205
 20
6237020.10974117
 10
693905.621873858
 20
6237039.26380399
  0
LWPOLYLINE
  5
2133F
100
AcDbEntity
  8
0
100
AcDbPolyline
 70
0
 90
2
 10
693890.971277852
 20
6236940.10500775
 10
693944.822556014
 20
6236967.9782644
  0
LWPOLYLINE
  5
21340
100
AcDbEntity
  8
0
100
AcDbPolyline
 70
0
 90
2
 10
693890.971277852
 20
6236940.10500775
 10
693902.184846387
 20
6236920.51692574
  0
LWPOLYLINE
  5
21341
100
AcDbEntity
  8
0
100
AcDbPolyline
 70
0
 90
2
 10
697909.755784023
 20
6237113.35122517
 10
698005.384543988
 20
6237098.52519808
  0
LWPOLYLINE
  5
21342
100
AcDbEntity
  8
0
100
AcDbPolyline
 70
0
 90
2
 10
694562.951742008
 20
6235373.59086263
 10
694577.533575571
 20
6235382.57100969
  0
LWPOLYLINE
  5
21343
100
AcDbEntity
  8
0
100
AcDbPolyline
 70
0
 90
2
 10
694544.99843439
 20
6235372.77268622
 10
694562.951742008
 20
6235373.59086263
  0
LWPOLYLINE
  5
21344
100
AcDbEntity
  8
0
100
AcDbPolyline
 70
0
 90
2
 10
694530.504809265
 20
6235376.43721174
 10
694544.99843439
 20
6235372.77268622
  0
LWPOLYLINE
  5
21345
100
AcDbEntity
  8
0
100
AcDbPolyline
 70
0
 90
2
 10
694510.247339445
 20
6235384.07497098
 10
694530.504809265
 20
6235376.43721174
  0
LWPOLYLINE
  5
21346
100
AcDbEntity
  8
0
100
AcDbPolyline
 70
0
 90
2
 10
695805.508499807
 20
6233743.4166961
 10
695966.07141663
 20
6233616.59160359
  0
LWPOLYLINE
  5
21347
100
AcDbEntity
  8
0
100
AcDbPolyline
 70
0
 90
2
 10
696916.613298711
 20
6234621.70905801
 10
696937.164989632
 20
6234635.63222661
  0
LWPOLYLINE
  5
21348
100
AcDbEntity
  8
0
100
AcDbPolyline
 70
0
 90
2
 10
696937.164989633
 20
6234635.63222661
 10
696947.546179657
 20
6234652.56435629
  0
LWPOLYLINE
  5
21349
100
AcDbEntity
  8
0
100
AcDbPolyline
 70
0
 90
2
 10
696947.546179656
 20
6234652.56435629
 10
696952.548857104
 20
6234659.78442009
  0
LWPOLYLINE
  5
2134A
100
AcDbEntity
  8
0
100
AcDbPolyline
 70
0
 90
2
 10
696952.548857104
 20
6234659.78442009
 10
696957.950788447
 20
6234665.35081755
  0
LWPOLYLINE
  5
2134B
100
AcDbEntity
  8
0
100
AcDbPolyline
 70
0
 90
2
 10
696957.950788449
 20
6234665.35081755
 10
697024.602141961
 20
6234712.15631512
  0
LWPOLYLINE
  5
2134C
100
AcDbEntity
  8
0
100
AcDbPolyline
 70
0
 90
2
 10
697024.602141961
 20
6234712.15631512
 10
697036.204951679
 20
6234717.00568449
  0
LWPOLYLINE
  5
2134D
100
AcDbEntity
  8
0
100
AcDbPolyline
 70
0
 90
2
 10
697036.204951679
 20
6234717.00568449
 10
697041.831988232
 20
6234719.30528913
  0
LWPOLYLINE
  5
2134E
100
AcDbEntity
  8
0
100
AcDbPolyline
 70
0
 90
2
 10
697059.15598225
 20
6234006.60156237
 10
697259.003859603
 20
6233853.41069144
  0
LWPOLYLINE
  5
2134F
100
AcDbEntity
  8
0
100
AcDbPolyline
 70
0
 90
2
 10
696993.107991786
 20
6234044.11961923
 10
697059.15598225
 20
6234006.60156237
  0
LWPOLYLINE
  5
21350
100
AcDbEntity
  8
0
100
AcDbPolyline
 70
0
 90
2
 10
696968.703084562
 20
6234045.65826128
 10
696993.107991786
 20
6234044.11961923
  0
LWPOLYLINE
  5
21351
100
AcDbEntity
  8
0
100
AcDbPolyline
 70
0
 90
2
 10
696947.54379921
 20
6234042.01832107
 10
696968.703084562
 20
6234045.65826128
  0
LWPOLYLINE
  5
21352
100
AcDbEntity
  8
0
100
AcDbPolyline
 70
0
 90
2
 10
696927.017028
 20
6234039.0764853
 10
696947.54379921
 20
6234042.01832107
  0
LWPOLYLINE
  5
21353
100
AcDbEntity
  8
0
100
AcDbPolyline
 70
0
 90
2
 10
696907.97423249
 20
6234040.19387429
 10
696927.017028
 20
6234039.0764853
  0
LWPOLYLINE
  5
21354
100
AcDbEntity
  8
0
100
AcDbPolyline
 70
0
 90
2
 10
696883.330976613
 20
6234047.03924182
 10
696907.97423249
 20
6234040.19387429
  0
LWPOLYLINE
  5
21355
100
AcDbEntity
  8
0
100
AcDbPolyline
 70
0
 90
2
 10
696867.640743927
 20
6234053.59513731
 10
696883.330976613
 20
6234047.03924182
  0
LWPOLYLINE
  5
21356
100
AcDbEntity
  8
0
100
AcDbPolyline
 70
0
 90
2
 10
696863.960568805
 20
6234055.13103228
 10
696867.640743927
 20
6234053.59513731
  0
LWPOLYLINE
  5
21357
100
AcDbEntity
  8
0
100
AcDbPolyline
 70
0
 90
2
 10
696848.521499435
 20
6234064.73061535
 10
696863.960568805
 20
6234055.13103228
  0
LWPOLYLINE
  5
21358
100
AcDbEntity
  8
0
100
AcDbPolyline
 70
0
 90
2
 10
696836.287274934
 20
6234098.74545173
 10
696848.521499434
 20
6234064.73061535
  0
LWPOLYLINE
  5
21359
100
AcDbEntity
  8
0
100
AcDbPolyline
 70
0
 90
2
 10
696836.287274934
 20
6234098.74545173
 10
696839.034848364
 20
6234111.51303091
  0
LWPOLYLINE
  5
2135A
100
AcDbEntity
  8
0
100
AcDbPolyline
 70
0
 90
2
 10
696837.426743508
 20
6234117.42497638
 10
696839.034848364
 20
6234111.51303091
  0
LWPOLYLINE
  5
2135B
100
AcDbEntity
  8
0
100
AcDbPolyline
 70
0
 90
2
 10
696825.429226994
 20
6234126.49211132
 10
696837.426743508
 20
6234117.42497638
  0
LWPOLYLINE
  5
2135C
100
AcDbEntity
  8
0
100
AcDbPolyline
 70
0
 90
2
 10
696962.776529654
 20
6233685.39601339
 10
697115.943030856
 20
6233888.16262893
  0
LWPOLYLINE
  5
2135D
100
AcDbEntity
  8
0
100
AcDbPolyline
 70
0
 90
2
 10
696962.776528047
 20
6233685.39601467
 10
697042.180477013
 20
6233622.02966544
  0
LWPOLYLINE
  5
2135E
100
AcDbEntity
  8
0
100
AcDbPolyline
 70
0
 90
2
 10
696934.628052358
 20
6233707.85292852
 10
696962.776528047
 20
6233685.39601467
  0
LWPOLYLINE
  5
2135F
100
AcDbEntity
  8
0
100
AcDbPolyline
 70
0
 90
2
 10
696926.816468772
 20
6233718.1383964
 10
696934.628052359
 20
6233707.85292852
  0
LWPOLYLINE
  5
21360
100
AcDbEntity
  8
0
100
AcDbPolyline
 70
0
 90
2
 10
696926.816468772
 20
6233718.1383964
 10
696933.237334352
 20
6233730.7409588
  0
LWPOLYLINE
  5
21361
100
AcDbEntity
  8
0
100
AcDbPolyline
 70
0
 90
2
 10
696933.237334351
 20
6233730.7409588
 10
697010.977958612
 20
6233851.71744619
  0
LWPOLYLINE
  5
21362
100
AcDbEntity
  8
0
100
AcDbPolyline
 70
0
 90
2
 10
696636.953605893
 20
6233128.59881929
 10
696704.529303066
 20
6233196.84248641
  0
LWPOLYLINE
  5
21363
100
AcDbEntity
  8
0
100
AcDbPolyline
 70
0
 90
2
 10
696704.529303066
 20
6233196.84248641
 10
696747.690838748
 20
6233243.88687119
  0
LWPOLYLINE
  5
21364
100
AcDbEntity
  8
0
100
AcDbPolyline
 70
0
 90
2
 10
696747.690838748
 20
6233243.88687119
 10
696754.857250146
 20
6233276.48802045
  0
LWPOLYLINE
  5
21365
100
AcDbEntity
  8
0
100
AcDbPolyline
 70
0
 90
2
 10
696754.857250146
 20
6233276.48802045
 10
696764.26795464
 20
6233289.22793853
  0
LWPOLYLINE
  5
21366
100
AcDbEntity
  8
0
100
AcDbPolyline
 70
0
 90
2
 10
696764.26795464
 20
6233289.22793853
 10
697042.180477014
 20
6233622.02966544
  0
LWPOLYLINE
  5
21367
100
AcDbEntity
  8
0
100
AcDbPolyline
 70
0
 90
2
 10
697042.180477013
 20
6233622.02966544
 10
697044.758999106
 20
6233625.12492215
  0
LWPOLYLINE
  5
21368
100
AcDbEntity
  8
0
100
AcDbPolyline
 70
0
 90
2
 10
697044.758999106
 20
6233625.12492215
 10
697123.292244726
 20
6233707.23611461
  0
LWPOLYLINE
  5
21369
100
AcDbEntity
  8
0
100
AcDbPolyline
 70
0
 90
2
 10
697123.292244727
 20
6233707.23611462
 10
697153.645006225
 20
6233735.57988568
  0
LWPOLYLINE
  5
2136A
100
AcDbEntity
  8
0
100
AcDbPolyline
 70
0
 90
2
 10
697153.645006228
 20
6233735.57988568
 10
697259.003859603
 20
6233853.41069144
  0
LWPOLYLINE
  5
2136B
100
AcDbEntity
  8
0
100
AcDbPolyline
 70
0
 90
2
 10
697259.003859603
 20
6233853.41069144
 10
697270.588761989
 20
6233866.36380444
  0
LWPOLYLINE
  5
2136C
100
AcDbEntity
  8
0
100
AcDbPolyline
 70
0
 90
2
 10
697270.588761989
 20
6233866.36380444
 10
697356.469202993
 20
6233962.45239767
  0
LWPOLYLINE
  5
2136D
100
AcDbEntity
  8
0
100
AcDbPolyline
 70
0
 90
2
 10
697356.469202993
 20
6233962.45239767
 10
697374.434955274
 20
6233970.27193347
  0
LWPOLYLINE
  5
2136E
100
AcDbEntity
  8
0
100
AcDbPolyline
 70
0
 90
2
 10
697374.434955274
 20
6233970.27193347
 10
697397.570146644
 20
6233963.69403096
  0
LWPOLYLINE
  5
2136F
100
AcDbEntity
  8
0
100
AcDbPolyline
 70
0
 90
2
 10
697397.570146644
 20
6233963.69403096
 10
697417.522381037
 20
6233953.80329039
  0
LWPOLYLINE
  5
21370
100
AcDbEntity
  8
0
100
AcDbPolyline
 70
0
 90
2
 10
697417.522381037
 20
6233953.80329039
 10
697479.163286322
 20
6233918.0719028
  0
LWPOLYLINE
  5
21371
100
AcDbEntity
  8
0
100
AcDbPolyline
 70
0
 90
2
 10
697479.163286322
 20
6233918.0719028
 10
697489.923875565
 20
6233915.91636099
  0
LWPOLYLINE
  5
21372
100
AcDbEntity
  8
0
100
AcDbPolyline
 70
0
 90
2
 10
697489.923875565
 20
6233915.91636099
 10
697509.169330623
 20
6233921.45469333
  0
LWPOLYLINE
  5
21373
100
AcDbEntity
  8
0
100
AcDbPolyline
 70
0
 90
2
 10
697509.169330623
 20
6233921.45469333
 10
697518.16602398
 20
6233928.69289343
  0
LWPOLYLINE
  5
21374
100
AcDbEntity
  8
0
100
AcDbPolyline
 70
0
 90
2
 10
697518.16602398
 20
6233928.69289343
 10
697829.09882454
 20
6234130.40372463
  0
LWPOLYLINE
  5
21375
100
AcDbEntity
  8
0
100
AcDbPolyline
 70
0
 90
2
 10
697829.09882454
 20
6234130.40372463
 10
697840.509774151
 20
6234130.43065791
  0
LWPOLYLINE
  5
21376
100
AcDbEntity
  8
0
100
AcDbPolyline
 70
0
 90
2
 10
697840.509774151
 20
6234130.43065791
 10
697857.993376826
 20
6234127.17177309
  0
LWPOLYLINE
  5
21377
100
AcDbEntity
  8
0
100
AcDbPolyline
 70
0
 90
2
 10
697857.993376826
 20
6234127.17177309
 10
697863.675614669
 20
6234124.93799615
  0
LWPOLYLINE
  5
21378
100
AcDbEntity
  8
0
100
AcDbPolyline
 70
0
 90
2
 10
697863.675614669
 20
6234124.93799615
 10
697872.790693386
 20
6234118.87249723
  0
LWPOLYLINE
  5
21379
100
AcDbEntity
  8
0
100
AcDbPolyline
 70
0
 90
2
 10
696730.67856453
 20
6233432.37151552
 10
696770.760890764
 20
6233510.05193967
  0
LWPOLYLINE
  5
2137A
100
AcDbEntity
  8
0
100
AcDbPolyline
 70
0
 90
2
 10
696691.984518378
 20
6233551.48096509
 10
696770.760890765
 20
6233510.05193967
  0
LWPOLYLINE
  5
2137B
100
AcDbEntity
  8
0
100
AcDbPolyline
 70
0
 90
2
 10
696770.760890765
 20
6233510.05193967
 10
696817.572727486
 20
6233470.62938342
  0
LWPOLYLINE
  5
2137C
100
AcDbEntity
  8
0
100
AcDbPolyline
 70
0
 90
2
 10
696541.145832512
 20
6233205.57567526
 10
696608.817669648
 20
6233342.61139855
  0
LWPOLYLINE
  5
2137D
100
AcDbEntity
  8
0
100
AcDbPolyline
 70
0
 90
2
 10
696608.817669648
 20
6233342.61139855
 10
696675.671532675
 20
6233505.00413566
  0
LWPOLYLINE
  5
2137E
100
AcDbEntity
  8
0
100
AcDbPolyline
 70
0
 90
2
 10
696675.671532676
 20
6233505.00413566
 10
696691.984518378
 20
6233551.48096509
  0
LWPOLYLINE
  5
2137F
100
AcDbEntity
  8
0
100
AcDbPolyline
 70
0
 90
2
 10
696691.984518378
 20
6233551.48096509
 10
696691.984535554
 20
6233551.48101403
  0
LWPOLYLINE
  5
21380
100
AcDbEntity
  8
0
100
AcDbPolyline
 70
0
 90
2
 10
696691.984518378
 20
6233551.48096509
 10
696762.884229807
 20
6233753.47836692
  0
LWPOLYLINE
  5
21381
100
AcDbEntity
  8
0
100
AcDbPolyline
 70
0
 90
2
 10
696762.884229807
 20
6233753.47836692
 10
696805.132466461
 20
6233841.90476602
  0
LWPOLYLINE
  5
21382
100
AcDbEntity
  8
0
100
AcDbPolyline
 70
0
 90
2
 10
694606.890210124
 20
6235215.78091844
 10
694613.380614934
 20
6235222.98782947
  0
LWPOLYLINE
  5
21383
100
AcDbEntity
  8
0
100
AcDbPolyline
 70
0
 90
2
 10
694595.397482951
 20
6235207.82210933
 10
694606.890210122
 20
6235215.78091844
  0
LWPOLYLINE
  5
21384
100
AcDbEntity
  8
0
100
AcDbPolyline
 70
0
 90
2
 10
694579.987493792
 20
6235202.82821444
 10
694595.397482951
 20
6235207.82210933
  0
LWPOLYLINE
  5
21385
100
AcDbEntity
  8
0
100
AcDbPolyline
 70
0
 90
2
 10
694616.835752743
 20
6235204.81987936
 10
694623.567393476
 20
6235193.65661586
  0
LWPOLYLINE
  5
21386
100
AcDbEntity
  8
0
100
AcDbPolyline
 70
0
 90
2
 10
694614.187523789
 20
6235212.23444403
 10
694616.835752743
 20
6235204.81987936
  0
LWPOLYLINE
  5
21387
100
AcDbEntity
  8
0
100
AcDbPolyline
 70
0
 90
2
 10
694613.380614934
 20
6235222.98782947
 10
694614.187523789
 20
6235212.23444403
  0
LWPOLYLINE
  5
21388
100
AcDbEntity
  8
0
100
AcDbPolyline
 70
0
 90
2
 10
694345.573185664
 20
6235234.88793111
 10
694357.222129482
 20
6235238.73997844
  0
LWPOLYLINE
  5
21389
100
AcDbEntity
  8
0
100
AcDbPolyline
 70
0
 90
2
 10
694357.222129482
 20
6235238.73997844
 10
694366.79741618
 20
6235240.66957233
  0
LWPOLYLINE
  5
2138A
100
AcDbEntity
  8
0
100
AcDbPolyline
 70
0
 90
2
 10
694366.79741618
 20
6235240.66957233
 10
694382.560306201
 20
6235241.18658934
  0
LWPOLYLINE
  5
2138B
100
AcDbEntity
  8
0
100
AcDbPolyline
 70
0
 90
2
 10
694318.399110851
 20
6235265.40829544
 10
694332.396625472
 20
6235257.22828957
  0
LWPOLYLINE
  5
2138C
100
AcDbEntity
  8
0
100
AcDbPolyline
 70
0
 90
2
 10
694332.396625471
 20
6235257.22828957
 10
694336.272322449
 20
6235252.578135
  0
LWPOLYLINE
  5
2138D
100
AcDbEntity
  8
0
100
AcDbPolyline
 70
0
 90
2
 10
694336.272322448
 20
6235252.578135
 10
694339.297092387
 20
6235244.6566708
  0
LWPOLYLINE
  5
2138E
100
AcDbEntity
  8
0
100
AcDbPolyline
 70
0
 90
2
 10
694339.297092387
 20
6235244.6566708
 10
694339.503453593
 20
6235236.4397105
  0
LWPOLYLINE
  5
2138F
100
AcDbEntity
  8
0
100
AcDbPolyline
 70
0
 90
2
 10
694338.043601813
 20
6235227.99084903
 10
694339.503453593
 20
6235236.4397105
  0
LWPOLYLINE
  5
21390
100
AcDbEntity
  8
0
100
AcDbPolyline
 70
0
 90
2
 10
694380.023428391
 20
6235273.85390746
 10
694406.859777225
 20
6235289.35495026
  0
LWPOLYLINE
  5
21391
100
AcDbEntity
  8
0
100
AcDbPolyline
 70
0
 90
2
 10
694375.078746442
 20
6235272.79276585
 10
694380.023428391
 20
6235273.85390746
  0
LWPOLYLINE
  5
21392
100
AcDbEntity
  8
0
100
AcDbPolyline
 70
0
 90
2
 10
694367.671517294
 20
6235272.62273072
 10
694375.078746442
 20
6235272.79276585
  0
LWPOLYLINE
  5
21393
100
AcDbEntity
  8
0
100
AcDbPolyline
 70
0
 90
2
 10
694338.014202886
 20
6235273.65803645
 10
694367.671517294
 20
6235272.62273072
  0
LWPOLYLINE
  5
21394
100
AcDbEntity
  8
0
100
AcDbPolyline
 70
0
 90
2
 10
694408.252393516
 20
6235263.00036999
 10
694416.287038695
 20
6235246.80205232
  0
LWPOLYLINE
  5
21395
100
AcDbEntity
  8
0
100
AcDbPolyline
 70
0
 90
2
 10
694405.722929278
 20
6235272.86160295
 10
694408.252393516
 20
6235263.00036999
  0
LWPOLYLINE
  5
21396
100
AcDbEntity
  8
0
100
AcDbPolyline
 70
0
 90
2
 10
694405.722929278
 20
6235272.86160295
 10
694406.141559652
 20
6235281.94304127
  0
LWPOLYLINE
  5
21397
100
AcDbEntity
  8
0
100
AcDbPolyline
 70
0
 90
2
 10
694406.141559652
 20
6235281.94304127
 10
694406.859777225
 20
6235289.35495026
  0
LWPOLYLINE
  5
21398
100
AcDbEntity
  8
0
100
AcDbPolyline
 70
0
 90
2
 10
696167.392396986
 20
6236811.52704889
 10
696170.585507851
 20
6236824.71603882
  0
LWPOLYLINE
  5
21399
100
AcDbEntity
  8
0
100
AcDbPolyline
 70
0
 90
2
 10
696165.98415333
 20
6236802.32162699
 10
696167.392396987
 20
6236811.52704889
  0
LWPOLYLINE
  5
2139A
100
AcDbEntity
  8
0
100
AcDbPolyline
 70
0
 90
2
 10
696165.98415333
 20
6236802.32162699
 10
696166.075137985
 20
6236793.18512836
  0
LWPOLYLINE
  5
2139B
100
AcDbEntity
  8
0
100
AcDbPolyline
 70
0
 90
2
 10
696166.075137985
 20
6236793.18512836
 10
696167.392687318
 20
6236786.26756895
  0
LWPOLYLINE
  5
2139C
100
AcDbEntity
  8
0
100
AcDbPolyline
 70
0
 90
2
 10
696167.392687317
 20
6236786.26756895
 10
696173.667634554
 20
6236772.93420078
  0
LWPOLYLINE
  5
2139D
100
AcDbEntity
  8
0
100
AcDbPolyline
 70
0
 90
2
 10
696224.836200387
 20
6236706.65370855
 10
696242.714720497
 20
6236694.94644483
  0
LWPOLYLINE
  5
2139E
100
AcDbEntity
  8
0
100
AcDbPolyline
 70
0
 90
2
 10
696211.121629862
 20
6236715.16376055
 10
696224.836200387
 20
6236706.65370855
  0
LWPOLYLINE
  5
2139F
100
AcDbEntity
  8
0
100
AcDbPolyline
 70
0
 90
2
 10
696199.767232532
 20
6236723.11353966
 10
696211.121629862
 20
6236715.16376055
  0
LWPOLYLINE
  5
213A0
100
AcDbEntity
  8
0
100
AcDbPolyline
 70
0
 90
2
 10
696189.265548364
 20
6236730.61207516
 10
696199.767232532
 20
6236723.11353966
  0
LWPOLYLINE
  5
213A1
100
AcDbEntity
  8
0
100
AcDbPolyline
 70
0
 90
2
 10
696182.541338925
 20
6236735.62012717
 10
696189.265548364
 20
6236730.61207516
  0
LWPOLYLINE
  5
213A2
100
AcDbEntity
  8
0
100
AcDbPolyline
 70
0
 90
2
 10
696175.809009527
 20
6236744.45129572
 10
696182.541338925
 20
6236735.62012717
  0
LWPOLYLINE
  5
213A3
100
AcDbEntity
  8
0
100
AcDbPolyline
 70
0
 90
2
 10
696172.99986071
 20
6236751.1330726
 10
696175.809009527
 20
6236744.45129572
  0
LWPOLYLINE
  5
213A4
100
AcDbEntity
  8
0
100
AcDbPolyline
 70
0
 90
2
 10
696172.99986071
 20
6236751.1330726
 10
696173.667634554
 20
6236772.93420078
  0
LWPOLYLINE
  5
213A5
100
AcDbEntity
  8
0
100
AcDbPolyline
 70
0
 90
2
 10
696181.759682282
 20
6236557.88713024
 10
696193.185512031
 20
6236563.65158413
  0
LWPOLYLINE
  5
213A6
100
AcDbEntity
  8
0
100
AcDbPolyline
 70
0
 90
2
 10
696175.774757008
 20
6236545.86288038
 10
696181.759682282
 20
6236557.88713024
  0
LWPOLYLINE
  5
213A7
100
AcDbEntity
  8
0
100
AcDbPolyline
 70
0
 90
2
 10
696175.774757008
 20
6236545.86288038
 10
696176.277933992
 20
6236534.91719839
  0
LWPOLYLINE
  5
213A8
100
AcDbEntity
  8
0
100
AcDbPolyline
 70
0
 90
2
 10
696176.277933992
 20
6236534.91719839
 10
696178.975248339
 20
6236501.63313357
  0
LWPOLYLINE
  5
213A9
100
AcDbEntity
  8
0
100
AcDbPolyline
 70
0
 90
2
 10
696178.975248339
 20
6236501.63313357
 10
696182.402327871
 20
6236488.67046271
  0
LWPOLYLINE
  5
213AA
100
AcDbEntity
  8
0
100
AcDbPolyline
 70
0
 90
2
 10
696182.402327871
 20
6236488.67046271
 10
696184.382359319
 20
6236478.28314939
  0
LWPOLYLINE
  5
213AB
100
AcDbEntity
  8
0
100
AcDbPolyline
 70
0
 90
2
 10
696184.382359319
 20
6236478.28314939
 10
696186.22624914
 20
6236467.0758347
  0
LWPOLYLINE
  5
213AC
100
AcDbEntity
  8
0
100
AcDbPolyline
 70
0
 90
2
 10
696184.368961369
 20
6236438.73238369
 10
696186.22624914
 20
6236467.0758347
  0
LWPOLYLINE
  5
213AD
100
AcDbEntity
  8
0
100
AcDbPolyline
 70
0
 90
2
 10
696180.737749403
 20
6236423.44989858
 10
696184.368961369
 20
6236438.73238369
  0
LWPOLYLINE
  5
213AE
100
AcDbEntity
  8
0
100
AcDbPolyline
 70
0
 90
2
 10
696175.697267076
 20
6236409.91962473
 10
696180.737749403
 20
6236423.44989858
  0
LWPOLYLINE
  5
213AF
100
AcDbEntity
  8
0
100
AcDbPolyline
 70
0
 90
2
 10
696160.771805926
 20
6236379.64898628
 10
696175.697267076
 20
6236409.91962473
  0
LWPOLYLINE
  5
213B0
100
AcDbEntity
  8
0
100
AcDbPolyline
 70
0
 90
2
 10
696156.165094675
 20
6236371.13261003
 10
696160.771805926
 20
6236379.64898628
  0
LWPOLYLINE
  5
213B1
100
AcDbEntity
  8
0
100
AcDbPolyline
 70
0
 90
2
 10
696146.234929386
 20
6236351.72603136
 10
696156.165094675
 20
6236371.13261003
  0
LWPOLYLINE
  5
213B2
100
AcDbEntity
  8
0
100
AcDbPolyline
 70
0
 90
2
 10
696139.96118501
 20
6236332.33146502
 10
696146.234929386
 20
6236351.72603136
  0
LWPOLYLINE
  5
213B3
100
AcDbEntity
  8
0
100
AcDbPolyline
 70
0
 90
2
 10
696125.24882313
 20
6236297.41127372
 10
696139.96118501
 20
6236332.33146502
  0
LWPOLYLINE
  5
213B4
100
AcDbEntity
  8
0
100
AcDbPolyline
 70
0
 90
2
 10
696090.021212616
 20
6236255.74084776
 10
696125.24882313
 20
6236297.41127372
  0
LWPOLYLINE
  5
213B5
100
AcDbEntity
  8
0
100
AcDbPolyline
 70
0
 90
2
 10
696082.131487953
 20
6236246.23769683
 10
696090.021212616
 20
6236255.74084776
  0
LWPOLYLINE
  5
213B6
100
AcDbEntity
  8
0
100
AcDbPolyline
 70
0
 90
2
 10
696039.613476199
 20
6236218.35623006
 10
696082.131487951
 20
6236246.23769683
  0
LWPOLYLINE
  5
213B7
100
AcDbEntity
  8
0
100
AcDbPolyline
 70
0
 90
2
 10
696025.691316966
 20
6236202.43404003
 10
696039.6134762
 20
6236218.35623006
  0
LWPOLYLINE
  5
213B8
100
AcDbEntity
  8
0
100
AcDbPolyline
 70
0
 90
2
 10
696017.009666854
 20
6236188.40235905
 10
696025.691316966
 20
6236202.43404003
  0
LWPOLYLINE
  5
213B9
100
AcDbEntity
  8
0
100
AcDbPolyline
 70
0
 90
2
 10
696010.719283578
 20
6236162.18523561
 10
696017.009666854
 20
6236188.40235905
  0
LWPOLYLINE
  5
213BA
100
AcDbEntity
  8
0
100
AcDbPolyline
 70
0
 90
2
 10
696010.719283578
 20
6236162.18523561
 10
696011.123666734
 20
6236142.42879854
  0
LWPOLYLINE
  5
213BB
100
AcDbEntity
  8
0
100
AcDbPolyline
 70
0
 90
2
 10
696011.123666734
 20
6236142.42879854
 10
696012.829299889
 20
6236127.05720895
  0
LWPOLYLINE
  5
213BC
100
AcDbEntity
  8
0
100
AcDbPolyline
 70
0
 90
2
 10
696012.829299889
 20
6236127.05720895
 10
696013.431095301
 20
6236113.95352812
  0
LWPOLYLINE
  5
213BD
100
AcDbEntity
  8
0
100
AcDbPolyline
 70
0
 90
2
 10
696013.409148559
 20
6236107.13047699
 10
696013.431095301
 20
6236113.95352812
  0
LWPOLYLINE
  5
213BE
100
AcDbEntity
  8
0
100
AcDbPolyline
 70
0
 90
2
 10
695998.275889232
 20
6236095.8011421
 10
696013.409148559
 20
6236107.13047699
  0
LWPOLYLINE
  5
213BF
100
AcDbEntity
  8
0
100
AcDbPolyline
 70
0
 90
2
 10
695957.752010588
 20
6236075.15750907
 10
695998.275889232
 20
6236095.8011421
  0
LWPOLYLINE
  5
213C0
100
AcDbEntity
  8
0
100
AcDbPolyline
 70
0
 90
2
 10
695946.798951395
 20
6236067.17493076
 10
695957.752010588
 20
6236075.15750907
  0
LWPOLYLINE
  5
213C1
100
AcDbEntity
  8
0
100
AcDbPolyline
 70
0
 90
2
 10
695932.046886968
 20
6236054.70405234
 10
695946.798951395
 20
6236067.17493076
  0
LWPOLYLINE
  5
213C2
100
AcDbEntity
  8
0
100
AcDbPolyline
 70
0
 90
2
 10
695910.311263039
 20
6236027.44372844
 10
695932.04688697
 20
6236054.70405234
  0
LWPOLYLINE
  5
213C3
100
AcDbEntity
  8
0
100
AcDbPolyline
 70
0
 90
2
 10
695895.596090801
 20
6236006.99335767
 10
695910.311263039
 20
6236027.44372844
  0
LWPOLYLINE
  5
213C4
100
AcDbEntity
  8
0
100
AcDbPolyline
 70
0
 90
2
 10
695890.896503541
 20
6235989.65571199
 10
695895.596090801
 20
6236006.99335767
  0
LWPOLYLINE
  5
213C5
100
AcDbEntity
  8
0
100
AcDbPolyline
 70
0
 90
2
 10
695890.317516123
 20
6235980.48851315
 10
695890.896503541
 20
6235989.65571199
  0
LWPOLYLINE
  5
213C6
100
AcDbEntity
  8
0
100
AcDbPolyline
 70
0
 90
2
 10
695890.317516123
 20
6235980.48851315
 10
695897.550899777
 20
6235931.79552262
  0
LWPOLYLINE
  5
213C7
100
AcDbEntity
  8
0
100
AcDbPolyline
 70
0
 90
2
 10
695897.550899777
 20
6235931.79552262
 10
695899.470182762
 20
6235908.10683451
  0
LWPOLYLINE
  5
213C8
100
AcDbEntity
  8
0
100
AcDbPolyline
 70
0
 90
2
 10
695897.412781771
 20
6235894.89226719
 10
695899.470182762
 20
6235908.10683451
  0
LWPOLYLINE
  5
213C9
100
AcDbEntity
  8
0
100
AcDbPolyline
 70
0
 90
2
 10
695893.879292094
 20
6235881.09719141
 10
695897.412781771
 20
6235894.89226719
  0
LWPOLYLINE
  5
213CA
100
AcDbEntity
  8
0
100
AcDbPolyline
 70
0
 90
2
 10
695887.440986339
 20
6235862.94405919
 10
695893.879292094
 20
6235881.09719141
  0
LWPOLYLINE
  5
213CB
100
AcDbEntity
  8
0
100
AcDbPolyline
 70
0
 90
2
 10
693972.315210063
 20
6238512.38241505
 10
693989.793029705
 20
6238517.35748919
  0
LWPOLYLINE
  5
213CC
100
AcDbEntity
  8
0
100
AcDbPolyline
 70
0
 90
2
 10
693960.280601292
 20
6238509.83975817
 10
693972.315210063
 20
6238512.38241505
  0
LWPOLYLINE
  5
213CD
100
AcDbEntity
  8
0
100
AcDbPolyline
 70
0
 90
2
 10
693952.316501879
 20
6238505.66532676
 10
693960.280601292
 20
6238509.83975817
  0
LWPOLYLINE
  5
213CE
100
AcDbEntity
  8
0
100
AcDbPolyline
 70
0
 90
2
 10
693942.770036833
 20
6238499.57972151
 10
693952.316501879
 20
6238505.66532676
  0
LWPOLYLINE
  5
213CF
100
AcDbEntity
  8
0
100
AcDbPolyline
 70
0
 90
2
 10
693920.219005071
 20
6238486.76087154
 10
693942.770036833
 20
6238499.57972151
  0
LWPOLYLINE
  5
213D0
100
AcDbEntity
  8
0
100
AcDbPolyline
 70
0
 90
2
 10
695640.593595037
 20
6237318.55583021
 10
695657.943378343
 20
6237340.75390338
  0
LWPOLYLINE
  5
213D1
100
AcDbEntity
  8
0
100
AcDbPolyline
 70
0
 90
2
 10
695621.754533052
 20
6237293.77031069
 10
695640.593595036
 20
6237318.55583021
  0
LWPOLYLINE
  5
213D2
100
AcDbEntity
  8
0
100
AcDbPolyline
 70
0
 90
2
 10
695608.917261563
 20
6237275.90372537
 10
695621.754533051
 20
6237293.77031069
  0
LWPOLYLINE
  5
213D3
100
AcDbEntity
  8
0
100
AcDbPolyline
 70
0
 90
2
 10
695598.500295759
 20
6237256.15281927
 10
695608.917261563
 20
6237275.90372537
  0
LWPOLYLINE
  5
213D4
100
AcDbEntity
  8
0
100
AcDbPolyline
 70
0
 90
2
 10
695589.095818976
 20
6237243.42643625
 10
695598.500295759
 20
6237256.15281927
  0
LWPOLYLINE
  5
213D5
100
AcDbEntity
  8
0
100
AcDbPolyline
 70
0
 90
2
 10
695580.30871553
 20
6237231.72046952
 10
695589.095818976
 20
6237243.42643625
  0
LWPOLYLINE
  5
213D6
100
AcDbEntity
  8
0
100
AcDbPolyline
 70
0
 90
2
 10
695574.71997398
 20
6237222.82528866
 10
695580.30871553
 20
6237231.72046952
  0
LWPOLYLINE
  5
213D7
100
AcDbEntity
  8
0
100
AcDbPolyline
 70
0
 90
2
 10
695842.972069664
 20
6237305.914723
 10
695859.799023174
 20
6237251.18561911
  0
LWPOLYLINE
  5
213D8
100
AcDbEntity
  8
0
100
AcDbPolyline
 70
0
 90
2
 10
695859.799023174
 20
6237251.18561911
 10
695875.984514551
 20
6237196.1038428
  0
LWPOLYLINE
  5
213D9
100
AcDbEntity
  8
0
100
AcDbPolyline
 70
0
 90
2
 10
695875.984514551
 20
6237196.1038428
 10
695893.154606506
 20
6237137.56711293
  0
LWPOLYLINE
  5
213DA
100
AcDbEntity
  8
0
100
AcDbPolyline
 70
0
 90
2
 10
695893.154606506
 20
6237137.56711293
 10
695910.095335607
 20
6237076.8684997
  0
LWPOLYLINE
  5
213DB
100
AcDbEntity
  8
0
100
AcDbPolyline
 70
0
 90
2
 10
695737.532850708
 20
6237259.75357994
 10
695842.972069664
 20
6237305.914723
  0
LWPOLYLINE
  5
213DC
100
AcDbEntity
  8
0
100
AcDbPolyline
 70
0
 90
2
 10
695824.434642823
 20
6237346.93242239
 10
695842.972069664
 20
6237305.914723
  0
LWPOLYLINE
  5
213DD
100
AcDbEntity
  8
0
100
AcDbPolyline
 70
0
 90
2
 10
695799.104259865
 20
6237405.58528111
 10
695824.434642823
 20
6237346.93242239
  0
LWPOLYLINE
  5
213DE
100
AcDbEntity
  8
0
100
AcDbPolyline
 70
0
 90
2
 10
695764.571646923
 20
6237454.17370781
 10
695799.104259864
 20
6237405.58528111
  0
LWPOLYLINE
  5
213DF
100
AcDbEntity
  8
0
100
AcDbPolyline
 70
0
 90
2
 10
696795.585423254
 20
6236517.39377443
 10
696809.563285505
 20
6236535.66223297
  0
LWPOLYLINE
  5
213E0
100
AcDbEntity
  8
0
100
AcDbPolyline
 70
0
 90
2
 10
696754.878176188
 20
6236540.60925003
 10
696795.585423254
 20
6236517.39377443
  0
LWPOLYLINE
  5
213E1
100
AcDbEntity
  8
0
100
AcDbPolyline
 70
0
 90
2
 10
696809.563285505
 20
6236535.66223297
 10
696844.274855532
 20
6236516.71878256
  0
LWPOLYLINE
  5
213E2
100
AcDbEntity
  8
0
100
AcDbPolyline
 70
0
 90
2
 10
696809.563285505
 20
6236535.66223297
 10
696818.561805968
 20
6236553.52273397
  0
LWPOLYLINE
  5
213E3
100
AcDbEntity
  8
0
100
AcDbPolyline
 70
0
 90
2
 10
696766.49020821
 20
6236588.5094021
 10
696818.561805968
 20
6236553.52273397
  0
LWPOLYLINE
  5
213E4
100
AcDbEntity
  8
0
100
AcDbPolyline
 70
0
 90
2
 10
695861.209224861
 20
6233488.03896281
 10
695880.731466523
 20
6233480.29512774
  0
LWPOLYLINE
  5
213E5
100
AcDbEntity
  8
0
100
AcDbPolyline
 70
0
 90
2
 10
695880.731466523
 20
6233480.29512774
 10
695884.108220674
 20
6233479.2795259
  0
LWPOLYLINE
  5
213E6
100
AcDbEntity
  8
0
100
AcDbPolyline
 70
0
 90
2
 10
695884.108220674
 20
6233479.2795259
 10
695892.093905744
 20
6233483.30194282
  0
LWPOLYLINE
  5
213E7
100
AcDbEntity
  8
0
100
AcDbPolyline
 70
0
 90
2
 10
695892.093905745
 20
6233483.30194282
 10
695920.439004935
 20
6233540.98362057
  0
LWPOLYLINE
  5
213E8
100
AcDbEntity
  8
0
100
AcDbPolyline
 70
0
 90
2
 10
695920.439004935
 20
6233540.98362057
 10
695953.344642877
 20
6233531.05604653
  0
LWPOLYLINE
  5
213E9
100
AcDbEntity
  8
0
100
AcDbPolyline
 70
0
 90
2
 10
697361.514611364
 20
6235823.29804934
 10
697386.458488468
 20
6235803.44982007
  0
LWPOLYLINE
  5
213EA
100
AcDbEntity
  8
0
100
AcDbPolyline
 70
0
 90
2
 10
697386.458488468
 20
6235803.44982007
 10
697417.328969376
 20
6235788.3905006
  0
LWPOLYLINE
  5
213EB
100
AcDbEntity
  8
0
100
AcDbPolyline
 70
0
 90
2
 10
697417.328969377
 20
6235788.3905006
 10
697433.933925477
 20
6235764.23298692
  0
LWPOLYLINE
  5
213EC
100
AcDbEntity
  8
0
100
AcDbPolyline
 70
0
 90
2
 10
697145.564171092
 20
6235925.12629394
 10
697242.867909055
 20
6235880.1609143
  0
LWPOLYLINE
  5
213ED
100
AcDbEntity
  8
0
100
AcDbPolyline
 70
0
 90
2
 10
697242.867909055
 20
6235880.1609143
 10
697294.188357923
 20
6235857.26170254
  0
LWPOLYLINE
  5
213EE
100
AcDbEntity
  8
0
100
AcDbPolyline
 70
0
 90
2
 10
697294.188357923
 20
6235857.26170254
 10
697325.900455271
 20
6235840.23414774
  0
LWPOLYLINE
  5
213EF
100
AcDbEntity
  8
0
100
AcDbPolyline
 70
0
 90
2
 10
697325.900455271
 20
6235840.23414774
 10
697335.650710075
 20
6235837.39643148
  0
LWPOLYLINE
  5
213F0
100
AcDbEntity
  8
0
100
AcDbPolyline
 70
0
 90
2
 10
697335.650710075
 20
6235837.39643148
 10
697361.514611364
 20
6235823.29804934
  0
LWPOLYLINE
  5
213F1
100
AcDbEntity
  8
0
100
AcDbPolyline
 70
0
 90
2
 10
696257.161803841
 20
6238226.14430218
 10
696295.451457616
 20
6238215.9565685
  0
LWPOLYLINE
  5
213F2
100
AcDbEntity
  8
0
100
AcDbPolyline
 70
0
 90
2
 10
696242.761278866
 20
6238232.25918682
 10
696257.161803841
 20
6238226.14430218
  0
LWPOLYLINE
  5
213F3
100
AcDbEntity
  8
0
100
AcDbPolyline
 70
0
 90
2
 10
693711.399936902
 20
6239049.91503667
 10
693778.283446172
 20
6239004.23146859
  0
LWPOLYLINE
  5
213F4
100
AcDbEntity
  8
0
100
AcDbPolyline
 70
0
 90
2
 10
693778.283446172
 20
6239004.23146859
 10
693827.673056993
 20
6238970.10426921
  0
LWPOLYLINE
  5
213F5
100
AcDbEntity
  8
0
100
AcDbPolyline
 70
0
 90
2
 10
693827.673056993
 20
6238970.10426921
 10
693883.950302329
 20
6238925.89077523
  0
LWPOLYLINE
  5
213F6
100
AcDbEntity
  8
0
100
AcDbPolyline
 70
0
 90
2
 10
693883.950302329
 20
6238925.89077523
 10
693946.351190025
 20
6238878.57898158
  0
LWPOLYLINE
  5
213F7
100
AcDbEntity
  8
0
100
AcDbPolyline
 70
0
 90
2
 10
693946.351190025
 20
6238878.57898158
 10
694059.796789098
 20
6238780.93299613
  0
LWPOLYLINE
  5
213F8
100
AcDbEntity
  8
0
100
AcDbPolyline
 70
0
 90
2
 10
693630.857445489
 20
6238041.87604173
 10
693652.340805589
 20
6237998.99998979
  0
LWPOLYLINE
  5
213F9
100
AcDbEntity
  8
0
100
AcDbPolyline
 70
0
 90
2
 10
693652.340805589
 20
6237998.99998979
 10
693669.805722063
 20
6237960.29994905
  0
LWPOLYLINE
  5
213FA
100
AcDbEntity
  8
0
100
AcDbPolyline
 70
0
 90
2
 10
693669.805722063
 20
6237960.29994905
 10
693714.385999294
 20
6237881.83347367
  0
LWPOLYLINE
  5
213FB
100
AcDbEntity
  8
0
100
AcDbPolyline
 70
0
 90
2
 10
693989.171914317
 20
6236918.23976796
 10
694037.537828548
 20
6236820.19570316
  0
LWPOLYLINE
  5
213FC
100
AcDbEntity
  8
0
100
AcDbPolyline
 70
0
 90
2
 10
696549.086092608
 20
6233057.96255276
 10
696551.891493217
 20
6233054.92582147
  0
LWPOLYLINE
  5
213FD
100
AcDbEntity
  8
0
100
AcDbPolyline
 70
0
 90
2
 10
696568.118396514
 20
6233035.55174737
 10
696596.762223357
 20
6233007.09562242
  0
LWPOLYLINE
  5
213FE
100
AcDbEntity
  8
0
100
AcDbPolyline
 70
0
 90
2
 10
696568.118396514
 20
6233035.55174737
 10
696570.367389704
 20
6233037.316144
  0
LWPOLYLINE
  5
213FF
100
AcDbEntity
  8
0
100
AcDbPolyline
 70
0
 90
2
 10
696550.221106971
 20
6233058.6835963
 10
696568.682911608
 20
6233039.10272696
  0
LWPOLYLINE
  5
21400
100
AcDbEntity
  8
0
100
AcDbPolyline
 70
0
 90
2
 10
696568.682911608
 20
6233039.10272696
 10
696570.367389704
 20
6233037.316144
  0
LWPOLYLINE
  5
21401
100
AcDbEntity
  8
0
100
AcDbPolyline
 70
0
 90
2
 10
696549.086092609
 20
6233057.96255276
 10
696550.221106972
 20
6233058.6835963
  0
LWPOLYLINE
  5
21402
100
AcDbEntity
  8
0
100
AcDbPolyline
 70
0
 90
2
 10
696325.787157536
 20
6233296.66664469
 10
696549.086092608
 20
6233057.96255276
  0
LWPOLYLINE
  5
21403
100
AcDbEntity
  8
0
100
AcDbPolyline
 70
0
 90
2
 10
696472.743844625
 20
6233163.22498729
 10
696579.732694985
 20
6233048.89150315
  0
LWPOLYLINE
  5
21404
100
AcDbEntity
  8
0
100
AcDbPolyline
 70
0
 90
2
 10
696345.281959703
 20
6233296.72653653
 10
696472.743844625
 20
6233163.22498729
  0
LWPOLYLINE
  5
21405
100
AcDbEntity
  8
0
100
AcDbPolyline
 70
0
 90
2
 10
696475.942179278
 20
6233166.09171684
 10
696478.818561538
 20
6233168.67662285
  0
LWPOLYLINE
  5
21406
100
AcDbEntity
  8
0
100
AcDbPolyline
 70
0
 90
2
 10
696474.504436696
 20
6233164.79966887
 10
696475.942179278
 20
6233166.09171684
  0
LWPOLYLINE
  5
21407
100
AcDbEntity
  8
0
100
AcDbPolyline
 70
0
 90
2
 10
696472.743844643
 20
6233163.22498727
 10
696474.504436696
 20
6233164.79966887
  0
LWPOLYLINE
  5
21408
100
AcDbEntity
  8
0
100
AcDbPolyline
 70
0
 90
2
 10
696485.794883992
 20
6232970.76791836
 10
696487.62542556
 20
6232972.57990623
  0
LWPOLYLINE
  5
21409
100
AcDbEntity
  8
0
100
AcDbPolyline
 70
0
 90
2
 10
696594.799700268
 20
6233057.71372876
 10
696599.223823679
 20
6233053.12402571
  0
LWPOLYLINE
  5
2140A
100
AcDbEntity
  8
0
100
AcDbPolyline
 70
0
 90
2
 10
696599.223823679
 20
6233053.12402571
 10
696607.923161295
 20
6233061.49455294
  0
LWPOLYLINE
  5
2140B
100
AcDbEntity
  8
0
100
AcDbPolyline
 70
0
 90
2
 10
696593.52976023
 20
6233075.72483338
 10
696607.923161294
 20
6233061.49455294
  0
LWPOLYLINE
  5
2140C
100
AcDbEntity
  8
0
100
AcDbPolyline
 70
0
 90
2
 10
696587.670783105
 20
6233081.51929445
 10
696593.52976023
 20
6233075.72483338
  0
LWPOLYLINE
  5
2140D
100
AcDbEntity
  8
0
100
AcDbPolyline
 70
0
 90
2
 10
696582.152112764
 20
6233083.29415073
 10
696587.670783105
 20
6233081.51929445
  0
LWPOLYLINE
  5
2140E
100
AcDbEntity
  8
0
100
AcDbPolyline
 70
0
 90
2
 10
696478.818561538
 20
6233168.67662285
 10
696585.138310393
 20
6233053.68022685
  0
LWPOLYLINE
  5
2140F
100
AcDbEntity
  8
0
100
AcDbPolyline
 70
0
 90
2
 10
696476.549854274
 20
6233171.12498324
 10
696478.818561539
 20
6233168.67662285
  0
LWPOLYLINE
  5
21410
100
AcDbEntity
  8
0
100
AcDbPolyline
 70
0
 90
2
 10
697534.192059478
 20
6235577.33706477
 10
697543.583816649
 20
6235565.35348012
  0
LWPOLYLINE
  5
21411
100
AcDbEntity
  8
0
100
AcDbPolyline
 70
0
 90
2
 10
697543.58381665
 20
6235565.35348012
 10
697565.503219825
 20
6235552.40019088
  0
LWPOLYLINE
  5
21412
100
AcDbEntity
  8
0
100
AcDbPolyline
 70
0
 90
2
 10
697565.503219825
 20
6235552.40019088
 10
697602.231937789
 20
6235538.42693204
  0
LWPOLYLINE
  5
21413
100
AcDbEntity
  8
0
100
AcDbPolyline
 70
0
 90
2
 10
697506.191039131
 20
6235502.27928337
 10
697534.192059479
 20
6235577.33706477
  0
LWPOLYLINE
  5
21414
100
AcDbEntity
  8
0
100
AcDbPolyline
 70
0
 90
2
 10
697595.335798902
 20
6235663.66078915
 10
697663.34679683
 20
6235647.75857835
  0
LWPOLYLINE
  5
21415
100
AcDbEntity
  8
0
100
AcDbPolyline
 70
0
 90
2
 10
697335.650710074
 20
6235837.39643148
 10
697357.308604564
 20
6235861.75146082
  0
LWPOLYLINE
  5
21416
100
AcDbEntity
  8
0
100
AcDbPolyline
 70
0
 90
2
 10
697357.308604564
 20
6235861.75146082
 10
697366.237609604
 20
6235877.61455266
  0
LWPOLYLINE
  5
21417
100
AcDbEntity
  8
0
100
AcDbPolyline
 70
0
 90
2
 10
696230.151942283
 20
6237735.08186243
 10
696238.847030685
 20
6237783.67124141
  0
LWPOLYLINE
  5
21418
100
AcDbEntity
  8
0
100
AcDbPolyline
 70
0
 90
2
 10
696213.241157847
 20
6237661.20061845
 10
696230.151942283
 20
6237735.08186243
  0
LWPOLYLINE
  5
21419
100
AcDbEntity
  8
0
100
AcDbPolyline
 70
0
 90
2
 10
696599.136333359
 20
6233142.932648
 10
696600.349330722
 20
6233121.02856361
  0
LWPOLYLINE
  5
2141A
100
AcDbEntity
  8
0
100
AcDbPolyline
 70
0
 90
2
 10
696593.52976023
 20
6233075.72483338
 10
696600.349330722
 20
6233121.02856361
  0
LWPOLYLINE
  5
2141B
100
AcDbEntity
  8
0
100
AcDbPolyline
 70
0
 90
2
 10
696184.371690271
 20
6233723.21264074
 10
696302.137727175
 20
6233692.85196579
  0
LWPOLYLINE
  5
2141C
100
AcDbEntity
  8
0
100
AcDbPolyline
 70
0
 90
2
 10
696174.328131758
 20
6233776.4580955
 10
696182.222949192
 20
6233777.16624755
  0
LWPOLYLINE
  5
2141D
100
AcDbEntity
  8
0
100
AcDbPolyline
 70
0
 90
2
 10
696182.222949192
 20
6233777.16624755
 10
696188.921262881
 20
6233772.814409
  0
LWPOLYLINE
  5
2141E
100
AcDbEntity
  8
0
100
AcDbPolyline
 70
0
 90
2
 10
696188.921262881
 20
6233772.814409
 10
696191.616763582
 20
6233766.33912967
  0
LWPOLYLINE
  5
2141F
100
AcDbEntity
  8
0
100
AcDbPolyline
 70
0
 90
2
 10
697455.850701945
 20
6235376.98399736
 10
697467.238839896
 20
6235405.08931234
  0
LWPOLYLINE
  5
21420
100
AcDbEntity
  8
0
100
AcDbPolyline
 70
0
 90
2
 10
697449.63474816
 20
6235338.42761674
 10
697455.850701945
 20
6235376.98399736
  0
LWPOLYLINE
  5
21421
100
AcDbEntity
  8
0
100
AcDbPolyline
 70
0
 90
2
 10
697433.933925477
 20
6235764.23298692
 10
697445.299362853
 20
6235756.2866848
  0
LWPOLYLINE
  5
21422
100
AcDbEntity
  8
0
100
AcDbPolyline
 70
0
 90
2
 10
697006.694661844
 20
6235969.03338371
 10
697099.346772843
 20
6235936.12340038
  0
LWPOLYLINE
  5
21423
100
AcDbEntity
  8
0
100
AcDbPolyline
 70
0
 90
2
 10
697099.346772843
 20
6235936.12340038
 10
697145.564171092
 20
6235925.12629394
  0
LWPOLYLINE
  5
21424
100
AcDbEntity
  8
0
100
AcDbPolyline
 70
0
 90
2
 10
696886.150223831
 20
6235377.77140756
 10
697119.45431086
 20
6235870.35756655
  0
LWPOLYLINE
  5
21425
100
AcDbEntity
  8
0
100
AcDbPolyline
 70
0
 90
2
 10
697119.45431086
 20
6235870.35756655
 10
697145.564171093
 20
6235925.12629394
  0
LWPOLYLINE
  5
21426
100
AcDbEntity
  8
0
100
AcDbPolyline
 70
0
 90
2
 10
697013.924851778
 20
6236864.73018266
 10
697061.961423283
 20
6236949.76189784
  0
LWPOLYLINE
  5
21427
100
AcDbEntity
  8
0
100
AcDbPolyline
 70
0
 90
2
 10
697061.961423283
 20
6236949.76189784
 10
697080.648573396
 20
6236962.11789274
  0
LWPOLYLINE
  5
21428
100
AcDbEntity
  8
0
100
AcDbPolyline
 70
0
 90
2
 10
697027.642611212
 20
6236980.95018485
 10
697055.790618819
 20
6236962.79796799
  0
LWPOLYLINE
  5
21429
100
AcDbEntity
  8
0
100
AcDbPolyline
 70
0
 90
2
 10
697055.790618819
 20
6236962.79796799
 10
697061.961423283
 20
6236949.76189784
  0
LWPOLYLINE
  5
2142A
100
AcDbEntity
  8
0
100
AcDbPolyline
 70
0
 90
2
 10
696089.157614533
 20
6237587.98769491
 10
696122.565989459
 20
6237578.23138966
  0
LWPOLYLINE
  5
2142B
100
AcDbEntity
  8
0
100
AcDbPolyline
 70
0
 90
2
 10
696054.922957134
 20
6237602.22088111
 10
696089.157614533
 20
6237587.98769491
  0
LWPOLYLINE
  5
2142C
100
AcDbEntity
  8
0
100
AcDbPolyline
 70
0
 90
2
 10
696027.206962923
 20
6237621.97074364
 10
696054.922957134
 20
6237602.22088111
  0
LWPOLYLINE
  5
2142D
100
AcDbEntity
  8
0
100
AcDbPolyline
 70
0
 90
2
 10
695993.921674931
 20
6237630.95311063
 10
696027.206962923
 20
6237621.97074364
  0
LWPOLYLINE
  5
2142E
100
AcDbEntity
  8
0
100
AcDbPolyline
 70
0
 90
2
 10
695885.984018279
 20
6237667.9308738
 10
695993.921674931
 20
6237630.95311063
  0
LWPOLYLINE
  5
2142F
100
AcDbEntity
  8
0
100
AcDbPolyline
 70
0
 90
2
 10
696136.491914665
 20
6238691.99756657
 10
696174.922213225
 20
6238711.29990574
  0
LWPOLYLINE
  5
21430
100
AcDbEntity
  8
0
100
AcDbPolyline
 70
0
 90
2
 10
696174.922213225
 20
6238711.29990574
 10
696194.102999954
 20
6238721.1558563
  0
LWPOLYLINE
  5
21431
100
AcDbEntity
  8
0
100
AcDbPolyline
 70
0
 90
2
 10
696194.102999954
 20
6238721.1558563
 10
696251.248756518
 20
6238709.17141374
  0
LWPOLYLINE
  5
21432
100
AcDbEntity
  8
0
100
AcDbPolyline
 70
0
 90
2
 10
696251.248756518
 20
6238709.17141374
 10
696277.96528447
 20
6238700.1009929
  0
LWPOLYLINE
  5
21433
100
AcDbEntity
  8
0
100
AcDbPolyline
 70
0
 90
2
 10
696277.96528447
 20
6238700.1009929
 10
696291.595707762
 20
6238688.84543705
  0
LWPOLYLINE
  5
21434
100
AcDbEntity
  8
0
100
AcDbPolyline
 70
0
 90
2
 10
696611.712522936
 20
6233148.3380984
 10
696649.743451793
 20
6233188.49042404
  0
LWPOLYLINE
  5
21435
100
AcDbEntity
  8
0
100
AcDbPolyline
 70
0
 90
2
 10
697194.492941373
 20
6234440.00075126
 10
697220.213640727
 20
6234463.32704096
  0
LWPOLYLINE
  5
21436
100
AcDbEntity
  8
0
100
AcDbPolyline
 70
0
 90
2
 10
697148.57411479
 20
6234413.91398962
 10
697194.492941373
 20
6234440.00075126
  0
LWPOLYLINE
  5
21437
100
AcDbEntity
  8
0
100
AcDbPolyline
 70
0
 90
2
 10
697106.5134292
 20
6234384.30493193
 10
697148.57411479
 20
6234413.91398962
  0
LWPOLYLINE
  5
21438
100
AcDbEntity
  8
0
100
AcDbPolyline
 70
0
 90
2
 10
696946.106271415
 20
6234214.5113484
 10
696996.761146923
 20
6234304.85513942
  0
LWPOLYLINE
  5
21439
100
AcDbEntity
  8
0
100
AcDbPolyline
 70
0
 90
2
 10
696852.318017058
 20
6234140.32772421
 10
696946.106271415
 20
6234214.5113484
  0
LWPOLYLINE
  5
2143A
100
AcDbEntity
  8
0
100
AcDbPolyline
 70
0
 90
2
 10
696848.829618027
 20
6234137.56963743
 10
696852.318017058
 20
6234140.32772421
  0
LWPOLYLINE
  5
2143B
100
AcDbEntity
  8
0
100
AcDbPolyline
 70
0
 90
2
 10
696825.429226995
 20
6234126.49211132
 10
696848.829618027
 20
6234137.56963743
  0
LWPOLYLINE
  5
2143C
100
AcDbEntity
  8
0
100
AcDbPolyline
 70
0
 90
2
 10
696753.618659544
 20
6234205.71729066
 10
696825.429226995
 20
6234126.49211132
  0
LWPOLYLINE
  5
2143D
100
AcDbEntity
  8
0
100
AcDbPolyline
 70
0
 90
2
 10
697419.413768325
 20
6235065.10153848
 10
697439.30667336
 20
6235111.45800441
  0
LWPOLYLINE
  5
2143E
100
AcDbEntity
  8
0
100
AcDbPolyline
 70
0
 90
2
 10
696870.998957704
 20
6235079.39635066
 10
696913.513677302
 20
6235091.48978749
  0
LWPOLYLINE
  5
2143F
100
AcDbEntity
  8
0
100
AcDbPolyline
 70
0
 90
2
 10
696913.513677302
 20
6235091.48978749
 10
697014.263912844
 20
6235131.11778042
  0
LWPOLYLINE
  5
21440
100
AcDbEntity
  8
0
100
AcDbPolyline
 70
0
 90
2
 10
697014.263912844
 20
6235131.11778042
 10
697439.306673841
 20
6235111.45800553
  0
LWPOLYLINE
  5
21441
100
AcDbEntity
  8
0
100
AcDbPolyline
 70
0
 90
2
 10
697439.306673841
 20
6235111.45800553
 10
697564.442794754
 20
6235107.33659762
  0
LWPOLYLINE
  5
21442
100
AcDbEntity
  8
0
100
AcDbPolyline
 70
0
 90
2
 10
697564.442794754
 20
6235107.33659762
 10
697583.625408545
 20
6235103.24140082
  0
LWPOLYLINE
  5
21443
100
AcDbEntity
  8
0
100
AcDbPolyline
 70
0
 90
2
 10
697583.625408545
 20
6235103.24140082
 10
697609.582087885
 20
6235057.05517307
  0
LWPOLYLINE
  5
21444
100
AcDbEntity
  8
0
100
AcDbPolyline
 70
0
 90
2
 10
697609.582087885
 20
6235057.05517307
 10
697624.912787162
 20
6235050.84222358
  0
LWPOLYLINE
  5
21445
100
AcDbEntity
  8
0
100
AcDbPolyline
 70
0
 90
2
 10
697624.912787162
 20
6235050.84222358
 10
697638.577996269
 20
6235038.07560061
  0
LWPOLYLINE
  5
21446
100
AcDbEntity
  8
0
100
AcDbPolyline
 70
0
 90
2
 10
697613.121912492
 20
6235063.37236177
 10
697639.684926204
 20
6235049.85388888
  0
LWPOLYLINE
  5
21447
100
AcDbEntity
  8
0
100
AcDbPolyline
 70
0
 90
2
 10
697590.343008576
 20
6235109.20400016
 10
697613.121912492
 20
6235063.37236177
  0
LWPOLYLINE
  5
21448
100
AcDbEntity
  8
0
100
AcDbPolyline
 70
0
 90
2
 10
697564.553134722
 20
6235119.31398278
 10
697590.343008576
 20
6235109.20400016
  0
LWPOLYLINE
  5
21449
100
AcDbEntity
  8
0
100
AcDbPolyline
 70
0
 90
2
 10
697444.493216364
 20
6235123.53634296
 10
697564.553134722
 20
6235119.31398278
  0
LWPOLYLINE
  5
2144A
100
AcDbEntity
  8
0
100
AcDbPolyline
 70
0
 90
2
 10
697009.241981754
 20
6235138.86749931
 10
697444.493216364
 20
6235123.53634296
  0
LWPOLYLINE
  5
2144B
100
AcDbEntity
  8
0
100
AcDbPolyline
 70
0
 90
2
 10
696907.787969517
 20
6235099.28518788
 10
697009.241981754
 20
6235138.86749931
  0
LWPOLYLINE
  5
2144C
100
AcDbEntity
  8
0
100
AcDbPolyline
 70
0
 90
2
 10
696872.391938347
 20
6235094.17495562
 10
696907.787969517
 20
6235099.28518788
  0
LWPOLYLINE
  5
2144D
100
AcDbEntity
  8
0
100
AcDbPolyline
 70
0
 90
2
 10
697934.524064568
 20
6237144.70987388
 10
698018.65633241
 20
6237130.6551168
  0
LWPOLYLINE
  5
2144E
100
AcDbEntity
  8
0
100
AcDbPolyline
 70
0
 90
2
 10
695724.70079244
 20
6234582.75215082
 10
695818.069848528
 20
6234668.78521081
  0
LWPOLYLINE
  5
2144F
100
AcDbEntity
  8
0
100
AcDbPolyline
 70
0
 90
2
 10
695700.736983039
 20
6234560.6639822
 10
695724.70079244
 20
6234582.75215082
  0
LWPOLYLINE
  5
21450
100
AcDbEntity
  8
0
100
AcDbPolyline
 70
0
 90
2
 10
695618.52505186
 20
6234482.36814499
 10
695700.736983039
 20
6234560.6639822
  0
LWPOLYLINE
  5
21451
100
AcDbEntity
  8
0
100
AcDbPolyline
 70
0
 90
2
 10
695392.615929055
 20
6234267.23340611
 10
695618.52505186
 20
6234482.36814499
  0
LWPOLYLINE
  5
21452
100
AcDbEntity
  8
0
100
AcDbPolyline
 70
0
 90
2
 10
695350.36937553
 20
6234280.27114892
 10
695392.615929055
 20
6234267.23340611
  0
LWPOLYLINE
  5
21453
100
AcDbEntity
  8
0
100
AcDbPolyline
 70
0
 90
2
 10
695313.859100175
 20
6234320.82595882
 10
695350.369375529
 20
6234280.27114892
  0
LWPOLYLINE
  5
21454
100
AcDbEntity
  8
0
100
AcDbPolyline
 70
0
 90
2
 10
696513.028552512
 20
6238622.07201393
 10
696517.225056273
 20
6238665.9404333
  0
LWPOLYLINE
  5
21455
100
AcDbEntity
  8
0
100
AcDbPolyline
 70
0
 90
2
 10
696517.225056273
 20
6238665.9404333
 10
696518.712216559
 20
6238674.20221699
  0
LWPOLYLINE
  5
21456
100
AcDbEntity
  8
0
100
AcDbPolyline
 70
0
 90
2
 10
695968.762418927
 20
6238724.41607733
 10
695987.66903506
 20
6238718.6412648
  0
LWPOLYLINE
  5
21457
100
AcDbEntity
  8
0
100
AcDbPolyline
 70
0
 90
2
 10
695958.502889767
 20
6238733.91018623
 10
695968.762418927
 20
6238724.41607733
  0
LWPOLYLINE
  5
21458
100
AcDbEntity
  8
0
100
AcDbPolyline
 70
0
 90
2
 10
695952.740175405
 20
6238761.54677132
 10
695958.502889767
 20
6238733.91018623
  0
LWPOLYLINE
  5
21459
100
AcDbEntity
  8
0
100
AcDbPolyline
 70
0
 90
2
 10
695950.707017394
 20
6238773.24706231
 10
695952.740175405
 20
6238761.54677132
  0
LWPOLYLINE
  5
2145A
100
AcDbEntity
  8
0
100
AcDbPolyline
 70
0
 90
2
 10
695949.557374784
 20
6238794.61911969
 10
695950.707017394
 20
6238773.24706231
  0
LWPOLYLINE
  5
2145B
100
AcDbEntity
  8
0
100
AcDbPolyline
 70
0
 90
2
 10
695949.557374784
 20
6238794.61911969
 10
695951.361666854
 20
6238805.99412896
  0
LWPOLYLINE
  5
2145C
100
AcDbEntity
  8
0
100
AcDbPolyline
 70
0
 90
2
 10
695951.361666854
 20
6238805.99412896
 10
695964.761946602
 20
6238854.94413621
  0
LWPOLYLINE
  5
2145D
100
AcDbEntity
  8
0
100
AcDbPolyline
 70
0
 90
2
 10
695964.761946602
 20
6238854.94413621
 10
695978.970074235
 20
6238904.26575614
  0
LWPOLYLINE
  5
2145E
100
AcDbEntity
  8
0
100
AcDbPolyline
 70
0
 90
2
 10
695978.970074235
 20
6238904.26575614
 10
695994.372696766
 20
6238938.52675935
  0
LWPOLYLINE
  5
2145F
100
AcDbEntity
  8
0
100
AcDbPolyline
 70
0
 90
2
 10
695987.66903506
 20
6238718.6412648
 10
696012.437349772
 20
6238715.62179065
  0
LWPOLYLINE
  5
21460
100
AcDbEntity
  8
0
100
AcDbPolyline
 70
0
 90
2
 10
696012.437349772
 20
6238715.62179065
 10
696024.769889983
 20
6238712.19798985
  0
LWPOLYLINE
  5
21461
100
AcDbEntity
  8
0
100
AcDbPolyline
 70
0
 90
2
 10
695928.419803302
 20
6238544.66450964
 10
695971.859069749
 20
6238528.88073375
  0
LWPOLYLINE
  5
21462
100
AcDbEntity
  8
0
100
AcDbPolyline
 70
0
 90
2
 10
695928.419803302
 20
6238544.66450964
 10
695938.17715689
 20
6238571.36440758
  0
LWPOLYLINE
  5
21463
100
AcDbEntity
  8
0
100
AcDbPolyline
 70
0
 90
2
 10
695938.17715689
 20
6238571.36440758
 10
695953.209257692
 20
6238595.631387
  0
LWPOLYLINE
  5
21464
100
AcDbEntity
  8
0
100
AcDbPolyline
 70
0
 90
2
 10
695953.209257692
 20
6238595.631387
 10
695967.145974045
 20
6238621.85458732
  0
LWPOLYLINE
  5
21465
100
AcDbEntity
  8
0
100
AcDbPolyline
 70
0
 90
2
 10
695967.145974045
 20
6238621.85458732
 10
695980.388270529
 20
6238648.87082377
  0
LWPOLYLINE
  5
21466
100
AcDbEntity
  8
0
100
AcDbPolyline
 70
0
 90
2
 10
695980.388270529
 20
6238648.87082377
 10
695989.467067825
 20
6238675.87411263
  0
LWPOLYLINE
  5
21467
100
AcDbEntity
  8
0
100
AcDbPolyline
 70
0
 90
2
 10
695985.65306286
 20
6238700.93605441
 10
695989.467067825
 20
6238675.87411263
  0
LWPOLYLINE
  5
21468
100
AcDbEntity
  8
0
100
AcDbPolyline
 70
0
 90
2
 10
695985.65306286
 20
6238700.93605441
 10
695988.156270376
 20
6238711.68551847
  0
LWPOLYLINE
  5
21469
100
AcDbEntity
  8
0
100
AcDbPolyline
 70
0
 90
2
 10
695987.669035064
 20
6238718.6412648
 10
695988.156270376
 20
6238711.68551847
  0
LWPOLYLINE
  5
2146A
100
AcDbEntity
  8
0
100
AcDbPolyline
 70
0
 90
2
 10
696657.427423979
 20
6237899.46157267
 10
696666.493264211
 20
6237905.02960297
  0
LWPOLYLINE
  5
2146B
100
AcDbEntity
  8
0
100
AcDbPolyline
 70
0
 90
2
 10
696628.283395267
 20
6237867.21774971
 10
696657.427423982
 20
6237899.46157267
  0
LWPOLYLINE
  5
2146C
100
AcDbEntity
  8
0
100
AcDbPolyline
 70
0
 90
2
 10
696607.334813004
 20
6237855.78484347
 10
696628.283395264
 20
6237867.21774971
  0
LWPOLYLINE
  5
2146D
100
AcDbEntity
  8
0
100
AcDbPolyline
 70
0
 90
2
 10
696581.340123763
 20
6237841.78971197
 10
696607.334813004
 20
6237855.78484347
  0
LWPOLYLINE
  5
2146E
100
AcDbEntity
  8
0
100
AcDbPolyline
 70
0
 90
2
 10
696568.148633029
 20
6237828.22867009
 10
696581.340123764
 20
6237841.78971197
  0
LWPOLYLINE
  5
2146F
100
AcDbEntity
  8
0
100
AcDbPolyline
 70
0
 90
2
 10
696564.30026668
 20
6237806.94955567
 10
696568.14863303
 20
6237828.22867009
  0
LWPOLYLINE
  5
21470
100
AcDbEntity
  8
0
100
AcDbPolyline
 70
0
 90
2
 10
696557.340997414
 20
6237762.93159586
 10
696564.30026668
 20
6237806.94955567
  0
LWPOLYLINE
  5
21471
100
AcDbEntity
  8
0
100
AcDbPolyline
 70
0
 90
2
 10
696555.400787804
 20
6237758.0265762
 10
696557.340997414
 20
6237762.93159586
  0
LWPOLYLINE
  5
21472
100
AcDbEntity
  8
0
100
AcDbPolyline
 70
0
 90
2
 10
696666.493264211
 20
6237905.02960297
 10
696695.05606903
 20
6237949.8656567
  0
LWPOLYLINE
  5
21473
100
AcDbEntity
  8
0
100
AcDbPolyline
 70
0
 90
2
 10
696695.056069029
 20
6237949.8656567
 10
696712.019910862
 20
6237971.91699924
  0
LWPOLYLINE
  5
21474
100
AcDbEntity
  8
0
100
AcDbPolyline
 70
0
 90
2
 10
696712.019910862
 20
6237971.91699924
 10
696762.550970688
 20
6238052.99226744
  0
LWPOLYLINE
  5
21475
100
AcDbEntity
  8
0
100
AcDbPolyline
 70
0
 90
2
 10
696762.550970688
 20
6238052.99226744
 10
696788.115807304
 20
6238112.31606062
  0
LWPOLYLINE
  5
21476
100
AcDbEntity
  8
0
100
AcDbPolyline
 70
0
 90
2
 10
696788.115807303
 20
6238112.31606062
 10
696842.81303988
 20
6238168.00162835
  0
LWPOLYLINE
  5
21477
100
AcDbEntity
  8
0
100
AcDbPolyline
 70
0
 90
2
 10
696842.81303988
 20
6238168.00162835
 10
696851.722364719
 20
6238191.33172003
  0
LWPOLYLINE
  5
21478
100
AcDbEntity
  8
0
100
AcDbPolyline
 70
0
 90
2
 10
696851.722364719
 20
6238191.33172003
 10
696853.966185539
 20
6238229.31389568
  0
LWPOLYLINE
  5
21479
100
AcDbEntity
  8
0
100
AcDbPolyline
 70
0
 90
2
 10
696843.542471823
 20
6238238.79850424
 10
696853.966185539
 20
6238229.31389568
  0
LWPOLYLINE
  5
2147A
100
AcDbEntity
  8
0
100
AcDbPolyline
 70
0
 90
2
 10
696826.385862315
 20
6238235.35364281
 10
696843.542471823
 20
6238238.79850424
  0
LWPOLYLINE
  5
2147B
100
AcDbEntity
  8
0
100
AcDbPolyline
 70
0
 90
2
 10
696813.795087324
 20
6238234.10376825
 10
696826.385862315
 20
6238235.35364281
  0
LWPOLYLINE
  5
2147C
100
AcDbEntity
  8
0
100
AcDbPolyline
 70
0
 90
2
 10
696795.737879676
 20
6238242.91296333
 10
696813.795087324
 20
6238234.10376825
  0
LWPOLYLINE
  5
2147D
100
AcDbEntity
  8
0
100
AcDbPolyline
 70
0
 90
2
 10
696779.926440886
 20
6238246.49742974
 10
696795.737879676
 20
6238242.91296333
  0
LWPOLYLINE
  5
2147E
100
AcDbEntity
  8
0
100
AcDbPolyline
 70
0
 90
2
 10
696735.965854411
 20
6238246.79916939
 10
696779.926440886
 20
6238246.49742974
  0
LWPOLYLINE
  5
2147F
100
AcDbEntity
  8
0
100
AcDbPolyline
 70
0
 90
2
 10
696657.28629502
 20
6238249.14550085
 10
696735.965854411
 20
6238246.79916939
  0
LWPOLYLINE
  5
21480
100
AcDbEntity
  8
0
100
AcDbPolyline
 70
0
 90
2
 10
696622.398620219
 20
6238254.84960088
 10
696657.28629502
 20
6238249.14550085
  0
LWPOLYLINE
  5
21481
100
AcDbEntity
  8
0
100
AcDbPolyline
 70
0
 90
2
 10
696582.526144677
 20
6238260.31306732
 10
696622.398620219
 20
6238254.84960088
  0
LWPOLYLINE
  5
21482
100
AcDbEntity
  8
0
100
AcDbPolyline
 70
0
 90
2
 10
696547.646748884
 20
6238258.70553395
 10
696582.526144677
 20
6238260.31306732
  0
LWPOLYLINE
  5
21483
100
AcDbEntity
  8
0
100
AcDbPolyline
 70
0
 90
2
 10
696475.39870563
 20
6238266.01113866
 10
696547.646748884
 20
6238258.70553395
  0
LWPOLYLINE
  5
21484
100
AcDbEntity
  8
0
100
AcDbPolyline
 70
0
 90
2
 10
696393.148361198
 20
6238280.82762816
 10
696475.39870563
 20
6238266.01113866
  0
LWPOLYLINE
  5
21485
100
AcDbEntity
  8
0
100
AcDbPolyline
 70
0
 90
2
 10
696357.743666371
 20
6238290.50074955
 10
696393.148361198
 20
6238280.82762816
  0
LWPOLYLINE
  5
21486
100
AcDbEntity
  8
0
100
AcDbPolyline
 70
0
 90
2
 10
696334.046428813
 20
6238299.04100251
 10
696357.743666371
 20
6238290.50074955
  0
LWPOLYLINE
  5
21487
100
AcDbEntity
  8
0
100
AcDbPolyline
 70
0
 90
2
 10
696313.006088256
 20
6238307.70367673
 10
696334.046428813
 20
6238299.04100251
  0
LWPOLYLINE
  5
21488
100
AcDbEntity
  8
0
100
AcDbPolyline
 70
0
 90
2
 10
696298.59261696
 20
6238314.64266096
 10
696313.006088256
 20
6238307.70367673
  0
LWPOLYLINE
  5
21489
100
AcDbEntity
  8
0
100
AcDbPolyline
 70
0
 90
2
 10
695885.984018279
 20
6237667.9308738
 10
695887.671937921
 20
6237684.29436319
  0
LWPOLYLINE
  5
2148A
100
AcDbEntity
  8
0
100
AcDbPolyline
 70
0
 90
2
 10
695869.006630158
 20
6237714.32601436
 10
695887.671937921
 20
6237684.29436319
  0
LWPOLYLINE
  5
2148B
100
AcDbEntity
  8
0
100
AcDbPolyline
 70
0
 90
2
 10
695849.820211054
 20
6237738.94973688
 10
695869.006630157
 20
6237714.32601436
  0
LWPOLYLINE
  5
2148C
100
AcDbEntity
  8
0
100
AcDbPolyline
 70
0
 90
2
 10
695763.786160311
 20
6237761.55301139
 10
695778.504491144
 20
6237745.55239806
  0
LWPOLYLINE
  5
2148D
100
AcDbEntity
  8
0
100
AcDbPolyline
 70
0
 90
2
 10
695778.504491144
 20
6237745.55239806
 10
695781.648175027
 20
6237735.07346795
  0
LWPOLYLINE
  5
2148E
100
AcDbEntity
  8
0
100
AcDbPolyline
 70
0
 90
2
 10
695775.542420389
 20
6237730.30094651
 10
695781.648175026
 20
6237735.07346795
  0
LWPOLYLINE
  5
2148F
100
AcDbEntity
  8
0
100
AcDbPolyline
 70
0
 90
2
 10
695763.263002598
 20
6237729.40298546
 10
695775.542420389
 20
6237730.30094651
  0
LWPOLYLINE
  5
21490
100
AcDbEntity
  8
0
100
AcDbPolyline
 70
0
 90
2
 10
695752.314743151
 20
6237728.57729323
 10
695763.263002598
 20
6237729.40298546
  0
LWPOLYLINE
  5
21491
100
AcDbEntity
  8
0
100
AcDbPolyline
 70
0
 90
2
 10
695742.806807644
 20
6237725.30961931
 10
695752.314743151
 20
6237728.57729323
  0
LWPOLYLINE
  5
21492
100
AcDbEntity
  8
0
100
AcDbPolyline
 70
0
 90
2
 10
695730.975661951
 20
6237721.94651459
 10
695742.806807644
 20
6237725.30961931
  0
LWPOLYLINE
  5
21493
100
AcDbEntity
  8
0
100
AcDbPolyline
 70
0
 90
2
 10
695723.970958942
 20
6237718.63768516
 10
695730.975661951
 20
6237721.94651459
  0
LWPOLYLINE
  5
21494
100
AcDbEntity
  8
0
100
AcDbPolyline
 70
0
 90
2
 10
695722.996891056
 20
6237714.43511718
 10
695723.970958942
 20
6237718.63768516
  0
LWPOLYLINE
  5
21495
100
AcDbEntity
  8
0
100
AcDbPolyline
 70
0
 90
2
 10
695722.996891056
 20
6237714.43511718
 10
695729.620269404
 20
6237707.92812986
  0
LWPOLYLINE
  5
21496
100
AcDbEntity
  8
0
100
AcDbPolyline
 70
0
 90
2
 10
695729.620269404
 20
6237707.92812986
 10
695742.584374427
 20
6237701.21048281
  0
LWPOLYLINE
  5
21497
100
AcDbEntity
  8
0
100
AcDbPolyline
 70
0
 90
2
 10
695643.979588113
 20
6237904.51361198
 10
695649.086533899
 20
6237931.73500946
  0
LWPOLYLINE
  5
21498
100
AcDbEntity
  8
0
100
AcDbPolyline
 70
0
 90
2
 10
695613.839135863
 20
6237795.99646368
 10
695643.979588113
 20
6237904.51361198
  0
LWPOLYLINE
  5
21499
100
AcDbEntity
  8
0
100
AcDbPolyline
 70
0
 90
2
 10
695754.199427944
 20
6237904.98902087
 10
695756.011527658
 20
6237912.16175738
  0
LWPOLYLINE
  5
2149A
100
AcDbEntity
  8
0
100
AcDbPolyline
 70
0
 90
2
 10
695752.529533281
 20
6237898.36902102
 10
695754.199427944
 20
6237904.98902087
  0
LWPOLYLINE
  5
2149B
100
AcDbEntity
  8
0
100
AcDbPolyline
 70
0
 90
2
 10
695640.595032296
 20
6237933.92050689
 10
695641.698943112
 20
6237938.67521994
  0
LWPOLYLINE
  5
2149C
100
AcDbEntity
  8
0
100
AcDbPolyline
 70
0
 90
2
 10
695632.392013406
 20
6237936.04122202
 10
695633.420079685
 20
6237940.82589513
  0
LWPOLYLINE
  5
2149D
100
AcDbEntity
  8
0
100
AcDbPolyline
 70
0
 90
2
 10
695697.551681123
 20
6237924.60588103
 10
695736.344099178
 20
6237916.73243726
  0
LWPOLYLINE
  5
2149E
100
AcDbEntity
  8
0
100
AcDbPolyline
 70
0
 90
2
 10
695635.863497187
 20
6238046.14438682
 10
695636.102712327
 20
6238064.20253242
  0
LWPOLYLINE
  5
2149F
100
AcDbEntity
  8
0
100
AcDbPolyline
 70
0
 90
2
 10
695621.876647256
 20
6238079.11140692
 10
695636.102712327
 20
6238064.20253242
  0
LWPOLYLINE
  5
214A0
100
AcDbEntity
  8
0
100
AcDbPolyline
 70
0
 90
2
 10
695607.593168936
 20
6238051.15705986
 10
695621.444424393
 20
6238044.69160287
  0
LWPOLYLINE
  5
214A1
100
AcDbEntity
  8
0
100
AcDbPolyline
 70
0
 90
2
 10
695621.444424393
 20
6238044.69160287
 10
695633.546217944
 20
6238042.27037672
  0
LWPOLYLINE
  5
214A2
100
AcDbEntity
  8
0
100
AcDbPolyline
 70
0
 90
2
 10
696538.42750015
 20
6237706.10088472
 10
696555.400787804
 20
6237758.0265762
  0
LWPOLYLINE
  5
214A3
100
AcDbEntity
  8
0
100
AcDbPolyline
 70
0
 90
2
 10
697077.358440224
 20
6237107.27144992
 10
697149.190712518
 20
6237076.64633166
  0
LWPOLYLINE
  5
214A4
100
AcDbEntity
  8
0
100
AcDbPolyline
 70
0
 90
2
 10
697149.190712518
 20
6237076.64633166
 10
697167.294721638
 20
6237068.01879384
  0
LWPOLYLINE
  5
214A5
100
AcDbEntity
  8
0
100
AcDbPolyline
 70
0
 90
2
 10
696724.379032991
 20
6237259.30575446
 10
696804.346456614
 20
6237222.70748607
  0
LWPOLYLINE
  5
214A6
100
AcDbEntity
  8
0
100
AcDbPolyline
 70
0
 90
2
 10
696804.346456614
 20
6237222.70748607
 10
696815.756584905
 20
6237218.39590374
  0
LWPOLYLINE
  5
214A7
100
AcDbEntity
  8
0
100
AcDbPolyline
 70
0
 90
2
 10
696815.756584905
 20
6237218.39590374
 10
696921.15356536
 20
6237172.50554071
  0
LWPOLYLINE
  5
214A8
100
AcDbEntity
  8
0
100
AcDbPolyline
 70
0
 90
2
 10
696921.15356536
 20
6237172.50554071
 10
697009.516740315
 20
6237134.04663689
  0
LWPOLYLINE
  5
214A9
100
AcDbEntity
  8
0
100
AcDbPolyline
 70
0
 90
2
 10
697009.516740315
 20
6237134.04663689
 10
697077.358440224
 20
6237107.27144992
  0
LWPOLYLINE
  5
214AA
100
AcDbEntity
  8
0
100
AcDbPolyline
 70
0
 90
2
 10
697729.343300153
 20
6236861.60431557
 10
697772.598521422
 20
6236842.69632602
  0
LWPOLYLINE
  5
214AB
100
AcDbEntity
  8
0
100
AcDbPolyline
 70
0
 90
2
 10
697359.394533697
 20
6237033.18016397
 10
697496.394933451
 20
6236969.49133572
  0
LWPOLYLINE
  5
214AC
100
AcDbEntity
  8
0
100
AcDbPolyline
 70
0
 90
2
 10
697496.394933451
 20
6236969.49133572
 10
697635.830782441
 20
6236907.46892379
  0
LWPOLYLINE
  5
214AD
100
AcDbEntity
  8
0
100
AcDbPolyline
 70
0
 90
2
 10
697635.830782441
 20
6236907.46892379
 10
697729.343300153
 20
6236861.60431557
  0
LWPOLYLINE
  5
214AE
100
AcDbEntity
  8
0
100
AcDbPolyline
 70
0
 90
2
 10
697930.064376277
 20
6237144.75937597
 10
697934.524064568
 20
6237144.70987388
  0
LWPOLYLINE
  5
214AF
100
AcDbEntity
  8
0
100
AcDbPolyline
 70
0
 90
2
 10
697918.163013477
 20
6237132.45783206
 10
697930.064376277
 20
6237144.75937597
  0
LWPOLYLINE
  5
214B0
100
AcDbEntity
  8
0
100
AcDbPolyline
 70
0
 90
2
 10
697845.804458048
 20
6236636.84096288
 10
697889.603390355
 20
6236705.21041791
  0
LWPOLYLINE
  5
214B1
100
AcDbEntity
  8
0
100
AcDbPolyline
 70
0
 90
2
 10
697840.519634813
 20
6236625.08062152
 10
697845.804458048
 20
6236636.84096288
  0
LWPOLYLINE
  5
214B2
100
AcDbEntity
  8
0
100
AcDbPolyline
 70
0
 90
2
 10
697818.08749424
 20
6232244.01493086
 10
697828.950856705
 20
6232024.22390737
  0
LWPOLYLINE
  5
214B3
100
AcDbEntity
  8
0
100
AcDbPolyline
 70
0
 90
2
 10
696990.83003247
 20
6232750.93558152
 10
697066.422189763
 20
6232815.84243642
  0
LWPOLYLINE
  5
214B4
100
AcDbEntity
  8
0
100
AcDbPolyline
 70
0
 90
2
 10
697066.422189762
 20
6232815.84243642
 10
697079.352025112
 20
6232839.05652573
  0
LWPOLYLINE
  5
214B5
100
AcDbEntity
  8
0
100
AcDbPolyline
 70
0
 90
2
 10
696694.177129192
 20
6232972.66438496
 10
696743.395546133
 20
6233018.18154619
  0
LWPOLYLINE
  5
214B6
100
AcDbEntity
  8
0
100
AcDbPolyline
 70
0
 90
2
 10
696631.396445323
 20
6233062.08431733
 10
696646.501390903
 20
6233074.24994729
  0
LWPOLYLINE
  5
214B7
100
AcDbEntity
  8
0
100
AcDbPolyline
 70
0
 90
2
 10
696646.501390903
 20
6233074.24994729
 10
696659.501694998
 20
6233085.15945463
  0
LWPOLYLINE
  5
214B8
100
AcDbEntity
  8
0
100
AcDbPolyline
 70
0
 90
2
 10
696659.501694998
 20
6233085.15945463
 10
696670.659401186
 20
6233094.92520523
  0
LWPOLYLINE
  5
214B9
100
AcDbEntity
  8
0
100
AcDbPolyline
 70
0
 90
2
 10
696602.104812757
 20
6233050.33604039
 10
696612.944401579
 20
6233059.99780969
  0
LWPOLYLINE
  5
214BA
100
AcDbEntity
  8
0
100
AcDbPolyline
 70
0
 90
2
 10
696607.923161294
 20
6233061.49455294
 10
696612.944399635
 20
6233059.99781027
  0
LWPOLYLINE
  5
214BB
100
AcDbEntity
  8
0
100
AcDbPolyline
 70
0
 90
2
 10
696612.944399635
 20
6233059.99781027
 10
696618.060190836
 20
6233058.47198171
  0
LWPOLYLINE
  5
214BC
100
AcDbEntity
  8
0
100
AcDbPolyline
 70
0
 90
2
 10
696618.060190836
 20
6233058.47198171
 10
696631.396445323
 20
6233062.08431733
  0
LWPOLYLINE
  5
214BD
100
AcDbEntity
  8
0
100
AcDbPolyline
 70
0
 90
2
 10
696498.922338507
 20
6232945.55486483
 10
696512.407251552
 20
6232943.37712412
  0
LWPOLYLINE
  5
214BE
100
AcDbEntity
  8
0
100
AcDbPolyline
 70
0
 90
2
 10
696463.8776805
 20
6232957.40904235
 10
696498.922338507
 20
6232945.55486483
  0
LWPOLYLINE
  5
214BF
100
AcDbEntity
  8
0
100
AcDbPolyline
 70
0
 90
2
 10
696431.753586617
 20
6232941.96468929
 10
696463.8776805
 20
6232957.40904235
  0
LWPOLYLINE
  5
214C0
100
AcDbEntity
  8
0
100
AcDbPolyline
 70
0
 90
2
 10
696403.25816608
 20
6232920.03256095
 10
696431.753586617
 20
6232941.96468929
  0
LWPOLYLINE
  5
214C1
100
AcDbEntity
  8
0
100
AcDbPolyline
 70
0
 90
2
 10
696388.213349955
 20
6232906.53298361
 10
696403.25816608
 20
6232920.03256095
  0
LWPOLYLINE
  5
214C2
100
AcDbEntity
  8
0
100
AcDbPolyline
 70
0
 90
2
 10
696329.011675594
 20
6232853.28245503
 10
696388.213349955
 20
6232906.53298361
  0
LWPOLYLINE
  5
214C3
100
AcDbEntity
  8
0
100
AcDbPolyline
 70
0
 90
2
 10
696852.318017058
 20
6234140.32772421
 10
696893.30457808
 20
6234134.30250612
  0
LWPOLYLINE
  5
214C4
100
AcDbEntity
  8
0
100
AcDbPolyline
 70
0
 90
2
 10
696893.30457808
 20
6234134.30250612
 10
696930.589874137
 20
6234163.95653253
  0
LWPOLYLINE
  5
214C5
100
AcDbEntity
  8
0
100
AcDbPolyline
 70
0
 90
2
 10
696237.158642643
 20
6234750.20287518
 10
696425.887518621
 20
6234747.24278398
  0
LWPOLYLINE
  5
214C6
100
AcDbEntity
  8
0
100
AcDbPolyline
 70
0
 90
2
 10
696145.440809554
 20
6234737.68420283
 10
696237.158642643
 20
6234750.20287518
  0
LWPOLYLINE
  5
214C7
100
AcDbEntity
  8
0
100
AcDbPolyline
 70
0
 90
2
 10
696099.830438009
 20
6234722.290826
 10
696145.440809554
 20
6234737.68420283
  0
LWPOLYLINE
  5
214C8
100
AcDbEntity
  8
0
100
AcDbPolyline
 70
0
 90
2
 10
696639.517007706
 20
6234604.71532097
 10
696730.97900156
 20
6234612.32790771
  0
LWPOLYLINE
  5
214C9
100
AcDbEntity
  8
0
100
AcDbPolyline
 70
0
 90
2
 10
696730.97900156
 20
6234612.32790771
 10
696768.461804624
 20
6234616.05026586
  0
LWPOLYLINE
  5
214CA
100
AcDbEntity
  8
0
100
AcDbPolyline
 70
0
 90
2
 10
696789.070940291
 20
6234747.34451099
 10
696837.546791036
 20
6234724.6536149
  0
LWPOLYLINE
  5
214CB
100
AcDbEntity
  8
0
100
AcDbPolyline
 70
0
 90
2
 10
696428.602679996
 20
6234717.1142716
 10
696445.417688506
 20
6234699.2720392
  0
LWPOLYLINE
  5
214CC
100
AcDbEntity
  8
0
100
AcDbPolyline
 70
0
 90
2
 10
696425.887518621
 20
6234747.24278398
 10
696428.602679996
 20
6234717.1142716
  0
LWPOLYLINE
  5
214CD
100
AcDbEntity
  8
0
100
AcDbPolyline
 70
0
 90
2
 10
696425.887518621
 20
6234747.24278398
 10
696432.301725283
 20
6234759.84432251
  0
LWPOLYLINE
  5
214CE
100
AcDbEntity
  8
0
100
AcDbPolyline
 70
0
 90
2
 10
696432.301725283
 20
6234759.84432251
 10
696441.39644098
 20
6234772.23477415
  0
LWPOLYLINE
  5
214CF
100
AcDbEntity
  8
0
100
AcDbPolyline
 70
0
 90
2
 10
696441.39644098
 20
6234772.23477415
 10
696450.787873089
 20
6234792.62027582
  0
LWPOLYLINE
  5
214D0
100
AcDbEntity
  8
0
100
AcDbPolyline
 70
0
 90
2
 10
696450.78787309
 20
6234792.62027582
 10
696470.000959695
 20
6234809.45587365
  0
LWPOLYLINE
  5
214D1
100
AcDbEntity
  8
0
100
AcDbPolyline
 70
0
 90
2
 10
696470.000959695
 20
6234809.45587365
 10
696481.198204603
 20
6234819.61340784
  0
LWPOLYLINE
  5
214D2
100
AcDbEntity
  8
0
100
AcDbPolyline
 70
0
 90
2
 10
696481.198204604
 20
6234819.61340784
 10
696490.261927063
 20
6234832.67138729
  0
LWPOLYLINE
  5
214D3
100
AcDbEntity
  8
0
100
AcDbPolyline
 70
0
 90
2
 10
696490.261927063
 20
6234832.67138729
 10
696539.727255797
 20
6235036.70096036
  0
LWPOLYLINE
  5
214D4
100
AcDbEntity
  8
0
100
AcDbPolyline
 70
0
 90
2
 10
696522.092211589
 20
6234693.30271968
 10
696596.32408622
 20
6234579.30631011
  0
LWPOLYLINE
  5
214D5
100
AcDbEntity
  8
0
100
AcDbPolyline
 70
0
 90
2
 10
696787.336061132
 20
6234596.96647935
 10
696792.952711522
 20
6234583.59225708
  0
LWPOLYLINE
  5
214D6
100
AcDbEntity
  8
0
100
AcDbPolyline
 70
0
 90
2
 10
696768.461804624
 20
6234616.05026586
 10
696787.336061132
 20
6234596.96647935
  0
LWPOLYLINE
  5
214D7
100
AcDbEntity
  8
0
100
AcDbPolyline
 70
0
 90
2
 10
696763.476208729
 20
6234637.43500279
 10
696768.461804624
 20
6234616.05026586
  0
LWPOLYLINE
  5
214D8
100
AcDbEntity
  8
0
100
AcDbPolyline
 70
0
 90
2
 10
696756.197037188
 20
6234658.04522855
 10
696763.476208729
 20
6234637.43500279
  0
LWPOLYLINE
  5
214D9
100
AcDbEntity
  8
0
100
AcDbPolyline
 70
0
 90
2
 10
696756.197037188
 20
6234658.04522855
 10
696756.780334229
 20
6234674.36934482
  0
LWPOLYLINE
  5
214DA
100
AcDbEntity
  8
0
100
AcDbPolyline
 70
0
 90
2
 10
696756.780334228
 20
6234674.36934482
 10
696779.35714229
 20
6234705.00556941
  0
LWPOLYLINE
  5
214DB
100
AcDbEntity
  8
0
100
AcDbPolyline
 70
0
 90
2
 10
696779.357142289
 20
6234705.00556941
 10
696789.070940291
 20
6234747.34451099
  0
LWPOLYLINE
  5
214DC
100
AcDbEntity
  8
0
100
AcDbPolyline
 70
0
 90
2
 10
696667.976135646
 20
6234750.41570321
 10
696789.070940291
 20
6234747.34451099
  0
LWPOLYLINE
  5
214DD
100
AcDbEntity
  8
0
100
AcDbPolyline
 70
0
 90
2
 10
696576.418773868
 20
6234748.85280593
 10
696667.976135646
 20
6234750.41570321
  0
LWPOLYLINE
  5
214DE
100
AcDbEntity
  8
0
100
AcDbPolyline
 70
0
 90
2
 10
696551.073712946
 20
6234742.0344672
 10
696576.418773868
 20
6234748.85280593
  0
LWPOLYLINE
  5
214DF
100
AcDbEntity
  8
0
100
AcDbPolyline
 70
0
 90
2
 10
696546.627256901
 20
6234715.56702369
 10
696551.073712946
 20
6234742.0344672
  0
LWPOLYLINE
  5
214E0
100
AcDbEntity
  8
0
100
AcDbPolyline
 70
0
 90
2
 10
696534.996008704
 20
6234700.3954142
 10
696546.627256901
 20
6234715.56702369
  0
LWPOLYLINE
  5
214E1
100
AcDbEntity
  8
0
100
AcDbPolyline
 70
0
 90
2
 10
696522.09221159
 20
6234693.30271968
 10
696534.996008704
 20
6234700.3954142
  0
LWPOLYLINE
  5
214E2
100
AcDbEntity
  8
0
100
AcDbPolyline
 70
0
 90
2
 10
696514.525669989
 20
6234689.14215857
 10
696522.09221159
 20
6234693.30271968
  0
LWPOLYLINE
  5
214E3
100
AcDbEntity
  8
0
100
AcDbPolyline
 70
0
 90
2
 10
696495.328313637
 20
6234686.26338038
 10
696514.525669989
 20
6234689.14215857
  0
LWPOLYLINE
  5
214E4
100
AcDbEntity
  8
0
100
AcDbPolyline
 70
0
 90
2
 10
696473.851096718
 20
6234689.60023822
 10
696495.328313637
 20
6234686.26338038
  0
LWPOLYLINE
  5
214E5
100
AcDbEntity
  8
0
100
AcDbPolyline
 70
0
 90
2
 10
696458.522075994
 20
6234696.87633382
 10
696473.851096718
 20
6234689.60023822
  0
LWPOLYLINE
  5
214E6
100
AcDbEntity
  8
0
100
AcDbPolyline
 70
0
 90
2
 10
696445.417688506
 20
6234699.2720392
 10
696458.522075994
 20
6234696.87633382
  0
LWPOLYLINE
  5
214E7
100
AcDbEntity
  8
0
100
AcDbPolyline
 70
0
 90
2
 10
696433.350595635
 20
6234686.41044002
 10
696445.417688506
 20
6234699.2720392
  0
LWPOLYLINE
  5
214E8
100
AcDbEntity
  8
0
100
AcDbPolyline
 70
0
 90
2
 10
696318.674908205
 20
6234593.35292903
 10
696433.35059563
 20
6234686.41044002
  0
LWPOLYLINE
  5
214E9
100
AcDbEntity
  8
0
100
AcDbPolyline
 70
0
 90
2
 10
696282.763668831
 20
6234548.13910065
 10
696318.674908208
 20
6234593.35292903
  0
LWPOLYLINE
  5
214EA
100
AcDbEntity
  8
0
100
AcDbPolyline
 70
0
 90
2
 10
696265.22631448
 20
6234523.72341316
 10
696282.763668831
 20
6234548.13910065
  0
LWPOLYLINE
  5
214EB
100
AcDbEntity
  8
0
100
AcDbPolyline
 70
0
 90
2
 10
696260.487228431
 20
6234510.87590605
 10
696265.226314479
 20
6234523.72341316
  0
LWPOLYLINE
  5
214EC
100
AcDbEntity
  8
0
100
AcDbPolyline
 70
0
 90
2
 10
696260.487228431
 20
6234510.87590605
 10
696328.831543203
 20
6234444.84942645
  0
LWPOLYLINE
  5
214ED
100
AcDbEntity
  8
0
100
AcDbPolyline
 70
0
 90
2
 10
696328.831543203
 20
6234444.84942645
 10
696343.314821386
 20
6234441.52461943
  0
LWPOLYLINE
  5
214EE
100
AcDbEntity
  8
0
100
AcDbPolyline
 70
0
 90
2
 10
696343.314821386
 20
6234441.52461943
 10
696355.978281102
 20
6234441.43803486
  0
LWPOLYLINE
  5
214EF
100
AcDbEntity
  8
0
100
AcDbPolyline
 70
0
 90
2
 10
696355.978281102
 20
6234441.43803486
 10
696382.216469759
 20
6234450.62590301
  0
LWPOLYLINE
  5
214F0
100
AcDbEntity
  8
0
100
AcDbPolyline
 70
0
 90
2
 10
696382.216469759
 20
6234450.62590301
 10
696522.830545717
 20
6234537.56599053
  0
LWPOLYLINE
  5
214F1
100
AcDbEntity
  8
0
100
AcDbPolyline
 70
0
 90
2
 10
696522.830545717
 20
6234537.56599053
 10
696596.324085567
 20
6234579.30630974
  0
LWPOLYLINE
  5
214F2
100
AcDbEntity
  8
0
100
AcDbPolyline
 70
0
 90
2
 10
696596.324085567
 20
6234579.30630974
 10
696606.287517106
 20
6234584.97075986
  0
LWPOLYLINE
  5
214F3
100
AcDbEntity
  8
0
100
AcDbPolyline
 70
0
 90
2
 10
696606.287517106
 20
6234584.97075986
 10
696639.517004313
 20
6234604.71531895
  0
LWPOLYLINE
  5
214F4
100
AcDbEntity
  8
0
100
AcDbPolyline
 70
0
 90
2
 10
696639.517004313
 20
6234604.71531895
 10
696718.508051125
 20
6234651.66041736
  0
LWPOLYLINE
  5
214F5
100
AcDbEntity
  8
0
100
AcDbPolyline
 70
0
 90
2
 10
696718.508051125
 20
6234651.66041736
 10
696756.780334229
 20
6234674.36934482
  0
LWPOLYLINE
  5
214F6
100
AcDbEntity
  8
0
100
AcDbPolyline
 70
0
 90
2
 10
696566.43630217
 20
6234336.74994486
 10
696578.154781268
 20
6234349.23911335
  0
LWPOLYLINE
  5
214F7
100
AcDbEntity
  8
0
100
AcDbPolyline
 70
0
 90
2
 10
696578.154781268
 20
6234349.23911335
 10
696676.790824659
 20
6234414.30981226
  0
LWPOLYLINE
  5
214F8
100
AcDbEntity
  8
0
100
AcDbPolyline
 70
0
 90
2
 10
696676.790824659
 20
6234414.30981226
 10
696725.653443586
 20
6234453.13443433
  0
LWPOLYLINE
  5
214F9
100
AcDbEntity
  8
0
100
AcDbPolyline
 70
0
 90
2
 10
696725.653443586
 20
6234453.13443433
 10
696751.662366792
 20
6234468.7682989
  0
LWPOLYLINE
  5
214FA
100
AcDbEntity
  8
0
100
AcDbPolyline
 70
0
 90
2
 10
696751.662366792
 20
6234468.7682989
 10
696779.695651365
 20
6234495.19694933
  0
LWPOLYLINE
  5
214FB
100
AcDbEntity
  8
0
100
AcDbPolyline
 70
0
 90
2
 10
696779.695651365
 20
6234495.19694933
 10
696786.532706519
 20
6234520.44834513
  0
LWPOLYLINE
  5
214FC
100
AcDbEntity
  8
0
100
AcDbPolyline
 70
0
 90
2
 10
696786.525379861
 20
6234564.01136264
 10
696786.532706519
 20
6234520.44834513
  0
LWPOLYLINE
  5
214FD
100
AcDbEntity
  8
0
100
AcDbPolyline
 70
0
 90
2
 10
696786.525379861
 20
6234564.01136264
 10
696792.952711522
 20
6234583.59225708
  0
LWPOLYLINE
  5
214FE
100
AcDbEntity
  8
0
100
AcDbPolyline
 70
0
 90
2
 10
694446.99866019
 20
6233307.29478684
 10
694458.110760813
 20
6233399.49411713
  0
LWPOLYLINE
  5
214FF
100
AcDbEntity
  8
0
100
AcDbPolyline
 70
0
 90
2
 10
694450.911636446
 20
6233403.82578291
 10
694458.110760813
 20
6233399.49411713
  0
LWPOLYLINE
  5
21500
100
AcDbEntity
  8
0
100
AcDbPolyline
 70
0
 90
2
 10
694433.765674617
 20
6233385.08788563
 10
694450.911636446
 20
6233403.82578291
  0
LWPOLYLINE
  5
21501
100
AcDbEntity
  8
0
100
AcDbPolyline
 70
0
 90
2
 10
694426.555290684
 20
6233345.84627448
 10
694433.765674617
 20
6233385.08788563
  0
LWPOLYLINE
  5
21502
100
AcDbEntity
  8
0
100
AcDbPolyline
 70
0
 90
2
 10
694426.555290684
 20
6233345.84627448
 10
694428.368516598
 20
6233311.32916055
  0
LWPOLYLINE
  5
21503
100
AcDbEntity
  8
0
100
AcDbPolyline
 70
0
 90
2
 10
694573.092565129
 20
6233280.28654337
 10
694595.503942083
 20
6233324.60156131
  0
LWPOLYLINE
  5
21504
100
AcDbEntity
  8
0
100
AcDbPolyline
 70
0
 90
2
 10
694595.503942083
 20
6233324.60156131
 10
694606.444546205
 20
6233355.02913982
  0
LWPOLYLINE
  5
21505
100
AcDbEntity
  8
0
100
AcDbPolyline
 70
0
 90
2
 10
694606.444546205
 20
6233355.02913982
 10
694646.600462294
 20
6233344.22921814
  0
LWPOLYLINE
  5
21506
100
AcDbEntity
  8
0
100
AcDbPolyline
 70
0
 90
2
 10
694247.135501897
 20
6233350.52548246
 10
694266.912975771
 20
6233419.07450949
  0
LWPOLYLINE
  5
21507
100
AcDbEntity
  8
0
100
AcDbPolyline
 70
0
 90
2
 10
694266.912975772
 20
6233419.07450949
 10
694275.392023584
 20
6233445.06422641
  0
LWPOLYLINE
  5
21508
100
AcDbEntity
  8
0
100
AcDbPolyline
 70
0
 90
2
 10
694275.392023584
 20
6233445.06422641
 10
694276.154287385
 20
6233465.05160564
  0
LWPOLYLINE
  5
21509
100
AcDbEntity
  8
0
100
AcDbPolyline
 70
0
 90
2
 10
694276.154287385
 20
6233465.05160564
 10
694291.829655493
 20
6233515.9918678
  0
LWPOLYLINE
  5
2150A
100
AcDbEntity
  8
0
100
AcDbPolyline
 70
0
 90
2
 10
694290.152509353
 20
6233530.87455442
 10
694291.829655493
 20
6233515.9918678
  0
LWPOLYLINE
  5
2150B
100
AcDbEntity
  8
0
100
AcDbPolyline
 70
0
 90
2
 10
694278.725946806
 20
6233540.33122232
 10
694290.152509353
 20
6233530.87455442
  0
LWPOLYLINE
  5
2150C
100
AcDbEntity
  8
0
100
AcDbPolyline
 70
0
 90
2
 10
694268.949082723
 20
6233542.88506472
 10
694278.725946806
 20
6233540.33122232
  0
LWPOLYLINE
  5
2150D
100
AcDbEntity
  8
0
100
AcDbPolyline
 70
0
 90
2
 10
694171.652992315
 20
6233557.08761325
 10
694268.949082723
 20
6233542.88506472
  0
LWPOLYLINE
  5
2150E
100
AcDbEntity
  8
0
100
AcDbPolyline
 70
0
 90
2
 10
694094.664808062
 20
6233601.14080258
 10
694171.652992315
 20
6233557.08761325
  0
LWPOLYLINE
  5
2150F
100
AcDbEntity
  8
0
100
AcDbPolyline
 70
0
 90
2
 10
694060.874968078
 20
6233611.25394321
 10
694094.664808062
 20
6233601.14080258
  0
LWPOLYLINE
  5
21510
100
AcDbEntity
  8
0
100
AcDbPolyline
 70
0
 90
2
 10
694034.178512283
 20
6233619.34872932
 10
694060.874968078
 20
6233611.25394321
  0
LWPOLYLINE
  5
21511
100
AcDbEntity
  8
0
100
AcDbPolyline
 70
0
 90
2
 10
694024.56486583
 20
6233625.56664895
 10
694034.178512283
 20
6233619.34872932
  0
LWPOLYLINE
  5
21512
100
AcDbEntity
  8
0
100
AcDbPolyline
 70
0
 90
2
 10
693995.140845078
 20
6233632.16673121
 10
694024.56486583
 20
6233625.56664895
  0
LWPOLYLINE
  5
21513
100
AcDbEntity
  8
0
100
AcDbPolyline
 70
0
 90
2
 10
696783.181721822
 20
6234422.64425663
 10
696952.332722351
 20
6234569.92757265
  0
ENDSEC
  0
SECTION
  2
OBJECTS
  0
DICTIONARY
  5
C
330
0
100
AcDbDictionary
281
     1
  3
ACAD_GROUP
350
D
  3
ACAD_LAYOUT
350
1A
  3
ACAD_MLEADERSTYLE
350
43
  3
ACAD_PLOTSETTINGS
350
19
  3
ACAD_PLOTSTYLENAME
350
E
  3
ACAD_TABLESTYLE
350
42
  0
DICTIONARY
  5
D
102
{ACAD_REACTORS
330
C
102
}
330
C
100
AcDbDictionary
281
     1
  0
DICTIONARY
  5
1A
102
{ACAD_REACTORS
330
C
102
}
330
C
100
AcDbDictionary
281
     1
  3
Layout1
350
1E
  3
Model
350
22
  0
DICTIONARY
  5
43
102
{ACAD_REACTORS
330
C
102
}
330
C
100
AcDbDictionary
281
     1
  0
DICTIONARY
  5
19
102
{ACAD_REACTORS
330
C
102
}
330
C
100
AcDbDictionary
281
     1
  0
ACDBDICTIONARYWDFLT
  5
E
102
{ACAD_REACTORS
330
C
102
}
330
C
100
AcDbDictionary
281
     1
  3
Normal
350
F
100
AcDbDictionaryWithDefault
340
F
  0
DICTIONARY
  5
42
102
{ACAD_REACTORS
330
C
102
}
330
C
100
AcDbDictionary
281
     1
  0
LAYOUT
  5
1E
102
{ACAD_REACTORS
330
1A
102
}
330
1A
100
AcDbPlotSettings
  1

  2
none_device
  4

  6

 40
0.0
 41
0.0
 42
0.0
 43
0.0
 44
0.0
 45
0.0
 46
0.0
 47
0.0
 48
0.0
 49
0.0
140
0.0
141
0.0
142
1.0
143
1.0
 70
   688
 72
     0
 73
     0
 74
     5
  7

 75
    16
 76
     0
 77
     2
 78
   300
147
1.0
148
0.0
149
0.0
100
AcDbLayout
  1
Layout1
 70
     1
 71
     1
 10
0.0
 20
0.0
 11
12.0
 21
9.0
 12
0.0
 22
0.0
 32
0.0
 14
1.000000000000000E+20
 24
1.000000000000000E+20
 34
1.000000000000000E+20
 15
-1.000000000000000E+20
 25
-1.000000000000000E+20
 35
-1.000000000000000E+20
146
0.0
 13
0.0
 23
0.0
 33
0.0
 16
1.0
 26
0.0
 36
0.0
 17
0.0
 27
1.0
 37
0.0
 76
     0
330
1B
  0
LAYOUT
  5
22
102
{ACAD_REACTORS
330
1A
102
}
330
1A
100
AcDbPlotSettings
  1

  2
none_device
  4

  6

 40
0.0
 41
0.0
 42
0.0
 43
0.0
 44
0.0
 45
0.0
 46
0.0
 47
0.0
 48
0.0
 49
0.0
140
0.0
141
0.0
142
1.0
143
1.0
 70
  1712
 72
     0
 73
     0
 74
     0
  7

 75
     0
 76
     0
 77
     2
 78
   300
147
1.0
148
0.0
149
0.0
100
AcDbLayout
  1
Model
 70
     1
 71
     0
 10
0.0
 20
0.0
 11
12.0
 21
9.0
 12
0.0
 22
0.0
 32
0.0
 14
30.0
 24
49.75
 34
0.0
 15
130.5
 25
163.1318914119703
 35
0.0
146
0.0
 13
0.0
 23
0.0
 33
0.0
 16
1.0
 26
0.0
 36
0.0
 17
0.0
 27
1.0
 37
0.0
 76
     0
330
1F
331
29
  0
ACDBPLACEHOLDER
  5
F
102
{ACAD_REACTORS
330
E
102
}
330
E
  0
ENDSEC
  0
EOF
