{
"type": "FeatureCollection",
"name": "interpolation",
"crs": { "type": "name", "properties": { "name": "urn:ogc:def:crs:EPSG::32637" } },
"features": [
{ "type": "Feature", "properties": { "id": 4, "cost_level": 1500.0 }, "geometry": { "type": "Polygon", "coordinates": [ [ [ 414759.888441088958643, 5979585.610672794282436 ], [ 414769.468230315775145, 5979595.189036495052278 ], [ 414769.935563119477592, 5979595.189036495052278 ], [ 414779.982685150054749, 5979595.189036495052278 ], [ 414780.404149596462958, 5979595.189036495052278 ], [ 414790.029807180573698, 5979585.519882196560502 ], [ 414800.076929211092647, 5979585.510269712656736 ], [ 414800.441927090345416, 5979585.145398399792612 ], [ 414810.124051241728012, 5979575.420881622470915 ], [ 414820.171173272246961, 5979575.411157540977001 ], [ 414830.218295302824117, 5979575.439750717021525 ], [ 414830.556402958114631, 5979575.101760303601623 ], [ 414840.265417333284859, 5979565.311406967230141 ], [ 414850.312539363920223, 5979565.328830688260496 ], [ 414850.583341747405939, 5979565.058122208341956 ], [ 414860.35966139449738, 5979555.211005728691816 ], [ 414870.406783425016329, 5979555.216971319168806 ], [ 414880.453905455593485, 5979555.267690817825496 ], [ 414880.707199992903043, 5979555.01448411308229 ], [ 414890.501027486170642, 5979545.104152797721326 ], [ 414900.548149516689591, 5979545.155586026608944 ], [ 414900.732953607919626, 5979544.970846017822623 ], [ 414910.59527154720854, 5979534.997999065555632 ], [ 414920.642393577785697, 5979535.04251688439399 ], [ 414930.689515608304646, 5979535.094136607833207 ], [ 414930.856502199196257, 5979534.927207920700312 ], [ 414940.736637638881803, 5979524.928462873212993 ], [ 414950.783759669458959, 5979524.980815482325852 ], [ 414950.881039057509042, 5979524.883569826371968 ], [ 414950.783759669458959, 5979518.114138141274452 ], [ 414940.736637638881803, 5979519.375502599403262 ], [ 414930.689515608362854, 5979521.79297470394522 ], [ 414920.642393577785697, 5979519.101814748719335 ], [ 414910.59527154720854, 5979516.410752780735493 ], [ 414904.730586542282254, 5979514.839931731112301 ], [ 414900.548149516689591, 5979513.719690811820328 ], [ 414890.501027486112434, 5979511.028431255370378 ], [ 414880.453905455535278, 5979508.337454603984952 ], [ 414870.406783425016329, 5979505.406622717157006 ], [ 414869.697109979053494, 5979504.796293635852635 ], [ 414868.701353520504199, 5979494.752655539661646 ], [ 414870.406783425016329, 5979491.844476315192878 ], [ 414874.591197108267806, 5979484.709017444401979 ], [ 414880.453905455535278, 5979474.711482298560441 ], [ 414880.48094093403779, 5979474.665379349142313 ], [ 414886.370784521684982, 5979464.621741252951324 ], [ 414890.501027486112434, 5979457.578537540510297 ], [ 414892.260528347513173, 5979454.578103157691658 ], [ 414898.150371935218573, 5979444.534465062431991 ], [ 414900.548149516689591, 5979440.445592783391476 ], [ 414904.040115761104971, 5979434.490826968103647 ], [ 414909.929866193910129, 5979424.447188870981336 ], [ 414910.59527154720854, 5979423.312497123144567 ], [ 414915.819703174522147, 5979414.403550775721669 ], [ 414920.642393577785697, 5979406.179533146321774 ], [ 414921.70944700029213, 5979404.359912680462003 ], [ 414927.599290588055737, 5979394.316274585202336 ], [ 414930.689515608362854, 5979389.046588389202952 ], [ 414933.489034413825721, 5979384.272636489011347 ], [ 414939.37887800153112, 5979374.228998393751681 ], [ 414940.736637638881803, 5979371.913643631152809 ], [ 414945.268621827359311, 5979364.185360298492014 ], [ 414950.783759669458959, 5979354.780688050203025 ], [ 414951.158461694489233, 5979354.141722202301025 ], [ 414957.048209240892902, 5979344.098084107041359 ], [ 414960.830881699977908, 5979337.647693252190948 ], [ 414962.938031905796379, 5979334.054446011781693 ], [ 414968.827796654310077, 5979324.010807916522026 ], [ 414970.878003730555065, 5979320.514698455110192 ], [ 414974.717602117161732, 5979313.967169820331037 ], [ 414980.607384067901876, 5979303.923531725071371 ], [ 414980.925125761132222, 5979303.381703657098114 ], [ 414986.497172328527085, 5979293.879893629811704 ], [ 414990.972247791651171, 5979286.248708858154714 ], [ 414992.386971481377259, 5979283.836255533620715 ], [ 414998.276742539834231, 5979273.792617438361049 ], [ 415001.019369822228327, 5979269.115714061073959 ], [ 415004.16655889491085, 5979263.748979343101382 ], [ 415010.056312751141377, 5979253.705341247841716 ], [ 415011.066491852747276, 5979251.982719263061881 ], [ 415015.946146308386233, 5979243.661703150719404 ], [ 415021.113613883324433, 5979234.427759842015803 ], [ 415021.557611044845544, 5979233.61806505639106 ], [ 415027.039147996227257, 5979223.574426961131394 ], [ 415031.16073591390159, 5979216.022712983191013 ], [ 415032.520782701321878, 5979213.530788865871727 ], [ 415038.002319652703591, 5979203.487150769680738 ], [ 415041.207857944420539, 5979197.613854164257646 ], [ 415043.483954357740004, 5979193.443512674421072 ], [ 415048.965491309179924, 5979183.399874579161406 ], [ 415051.254979974997696, 5979180.112766227684915 ], [ 415056.513097988092341, 5979173.356236482970417 ], [ 415061.302102005516645, 5979168.182312617078424 ], [ 415065.945518980617635, 5979163.312598388642073 ], [ 415071.349224036093801, 5979158.522385271266103 ], [ 415081.396346066670958, 5979158.426909592933953 ], [ 415091.443468097189907, 5979158.421077411621809 ], [ 415101.490590127767064, 5979158.474606004543602 ], [ 415111.537712158286013, 5979158.944335775449872 ], [ 415121.584834188863169, 5979161.207361068576574 ], [ 415126.540451983397361, 5979163.31259838771075 ], [ 415131.631956219440326, 5979166.241012380458415 ], [ 415141.679078249959275, 5979172.01968433521688 ], [ 415144.002882513566874, 5979173.356236482970417 ], [ 415151.726200280536432, 5979177.798356290906668 ], [ 415160.19331290666014, 5979183.399874579161406 ], [ 415161.773322311055381, 5979184.443297540768981 ], [ 415171.820444341632538, 5979191.135662120766938 ], [ 415175.285186326014809, 5979193.443512674421072 ], [ 415181.867566372151487, 5979197.827936026267707 ], [ 415190.363803895423189, 5979203.487150770612061 ], [ 415191.914688402670436, 5979204.520188637077808 ], [ 415201.9618104333058, 5979211.212535787373781 ], [ 415205.442169575253502, 5979213.530788865871727 ], [ 415212.008932463824749, 5979217.90480986610055 ], [ 415220.520787144778296, 5979223.574426961131394 ], [ 415222.056054494401906, 5979224.598465071059763 ], [ 415232.103176524920855, 5979231.307581223547459 ], [ 415235.561654753983021, 5979233.61806505639106 ], [ 415242.150298555498011, 5979238.019698947668076 ], [ 415250.595395569340326, 5979243.661703151650727 ], [ 415252.197420586075168, 5979244.731966834515333 ], [ 415262.244542616594117, 5979251.522575182840228 ], [ 415265.432412308990024, 5979253.705341247841716 ], [ 415272.291664647171274, 5979258.401939503848553 ], [ 415280.100868995650671, 5979263.748979343101382 ], [ 415282.338786677690223, 5979265.136700299568474 ], [ 415292.38590870826738, 5979270.329988733865321 ], [ 415301.05022885883227, 5979273.792617437429726 ], [ 415302.433030738844536, 5979274.267022360116243 ], [ 415312.480152769363485, 5979276.919899071566761 ], [ 415322.527274799882434, 5979278.283311530947685 ], [ 415332.574396830459591, 5979279.781256747432053 ], [ 415342.621518861036748, 5979281.420222136192024 ], [ 415352.668640891613904, 5979283.174622306600213 ], [ 415362.654184581653681, 5979283.836255532689393 ], [ 415362.715762922132853, 5979283.84057136811316 ], [ 415362.729996392386965, 5979283.836255533620715 ], [ 415372.76288495271001, 5979281.024719728156924 ], [ 415382.810006983228959, 5979278.624739145860076 ], [ 415390.367308676475659, 5979273.792617438361049 ], [ 415392.857129013806116, 5979272.085650196298957 ], [ 415402.904251044325065, 5979264.721104823052883 ], [ 415404.230509540357161, 5979263.748979343101382 ], [ 415412.951373074902222, 5979257.356731021776795 ], [ 415417.932801903865766, 5979253.705341247841716 ], [ 415422.998495105479378, 5979249.992185647599399 ], [ 415431.634891097492073, 5979243.661703152582049 ], [ 415433.045617135998327, 5979242.627640273422003 ], [ 415443.092739166575484, 5979235.263094901107252 ], [ 415445.337032576382626, 5979233.61806505639106 ], [ 415453.139861197094433, 5979227.898721098899841 ], [ 415459.039303552359343, 5979223.574426961131394 ], [ 415463.18698322767159, 5979220.534175725653768 ], [ 415472.74139274598565, 5979213.530788865871727 ], [ 415473.234105258248746, 5979213.169630353339016 ], [ 415483.281227288767695, 5979205.80508497916162 ], [ 415486.443555612349883, 5979203.487150769680738 ], [ 415493.328349319344852, 5979198.440711177885532 ], [ 415500.145805200911127, 5979193.443512674421072 ], [ 415503.375471349863801, 5979191.076165804639459 ], [ 415513.422593380499166, 5979183.711620431393385 ], [ 415513.847894394537434, 5979183.399874579161406 ], [ 415523.469715411018115, 5979176.347075056284666 ], [ 415527.550078648375347, 5979173.356236482970417 ], [ 415533.516837441537064, 5979168.982701255008578 ], [ 415541.252306849462911, 5979163.31259838771075 ], [ 415543.56395947211422, 5979161.618155881762505 ], [ 415553.611081502633169, 5979154.253610509447753 ], [ 415554.954396043089218, 5979153.268960292451084 ], [ 415563.658203533210326, 5979146.889065135270357 ], [ 415568.656601684400812, 5979143.22532219812274 ], [ 415573.705325563787483, 5979139.524691333994269 ], [ 415582.358808497956488, 5979133.181684101000428 ], [ 415583.752447594306432, 5979132.160145959816873 ], [ 415593.799569624883588, 5979124.844005913473666 ], [ 415596.154607618285809, 5979123.138046004809439 ], [ 415603.846691655402537, 5979117.561388896778226 ], [ 415610.015043767285533, 5979113.094407910481095 ], [ 415613.893813685979694, 5979110.283264602534473 ], [ 415623.884012204420287, 5979103.050769815221429 ], [ 415623.940935716498643, 5979103.009526112116873 ], [ 415633.9880577470758, 5979095.850651402026415 ], [ 415637.970512360043358, 5979093.00713171903044 ], [ 415644.035179777652957, 5979088.683947740122676 ], [ 415652.041665242635645, 5979082.963493623770773 ], [ 415654.082301808171906, 5979081.507904549129307 ], [ 415664.129423838749062, 5979074.111320460215211 ], [ 415665.682696312782355, 5979072.919855528511107 ], [ 415674.176545869326219, 5979066.461797159165144 ], [ 415678.838606450590305, 5979062.876217432320118 ], [ 415684.223667899845168, 5979058.770622240379453 ], [ 415691.924370456719771, 5979052.832579337060452 ], [ 415694.270789930422325, 5979051.038855743594468 ], [ 415704.317911960941274, 5979043.267446180805564 ], [ 415704.935336121881846, 5979042.788941240869462 ], [ 415714.36503399151843, 5979035.481016339734197 ], [ 415717.895030428771861, 5979032.745303146541119 ], [ 415724.412156022037379, 5979027.694517998024821 ], [ 415730.854655076982453, 5979022.70166505035013 ], [ 415734.459278052614536, 5979019.908129142597318 ], [ 415743.814224883855786, 5979012.658026955090463 ], [ 415744.506400083191693, 5979012.121597851626575 ], [ 415754.553522113710642, 5979004.196927132084966 ], [ 415756.584973449294921, 5979002.614388859830797 ], [ 415764.600644144287799, 5978996.28111432865262 ], [ 415769.38271389331203, 5978992.570750765502453 ], [ 415774.647766174806748, 5978982.633970777504146 ], [ 415774.705879587098025, 5978982.527112668380141 ], [ 415774.64776617474854, 5978982.4596101725474 ], [ 415766.564425231306814, 5978972.483474573120475 ], [ 415764.600644144346006, 5978970.427659682929516 ], [ 415757.936090337112546, 5978962.439836477860808 ], [ 415754.553522113710642, 5978958.385648045688868 ], [ 415749.735183105920441, 5978952.396198381669819 ], [ 415744.506400083191693, 5978946.173437220975757 ], [ 415741.986012641864363, 5978942.352560286410153 ], [ 415736.552329117548652, 5978932.308922191150486 ], [ 415734.459278052614536, 5978926.53603929746896 ], [ 415733.671829847968183, 5978922.26528409589082 ], [ 415732.220267385593615, 5978912.221645999699831 ], [ 415733.980571264983155, 5978902.178007904440165 ], [ 415734.459278052614536, 5978900.665926688350737 ], [ 415737.590785664157011, 5978892.134369809180498 ], [ 415741.277197350864299, 5978882.090731713920832 ], [ 415743.57724141899962, 5978872.047093617729843 ], [ 415744.506400083191693, 5978866.41454648040235 ], [ 415745.225871600501705, 5978862.003455522470176 ], [ 415746.864061593310907, 5978851.959817426279187 ], [ 415748.502299533924088, 5978841.916179331019521 ], [ 415750.140468324709218, 5978831.872541235759854 ], [ 415751.77870251389686, 5978821.828903140500188 ], [ 415752.167717177246232, 5978811.785265045240521 ], [ 415750.251661238027737, 5978801.741626949049532 ], [ 415748.335605298867449, 5978791.697988853789866 ], [ 415746.419549359648954, 5978781.654350759461522 ], [ 415744.506400083191693, 5978771.625948892906308 ], [ 415744.503493420430459, 5978771.610712663270533 ], [ 415742.587437481211964, 5978761.567074567079544 ], [ 415744.506400083191693, 5978752.260027365759015 ], [ 415744.767412948829588, 5978751.523436471819878 ], [ 415748.477698749746196, 5978741.479798376560211 ], [ 415750.906230877502821, 5978731.436160280369222 ], [ 415752.311794554756489, 5978721.392522185109556 ], [ 415753.711771684174892, 5978711.348884089849889 ], [ 415754.553522113710642, 5978705.309687372297049 ], [ 415755.111665921169333, 5978701.305245994590223 ], [ 415756.51166685752105, 5978691.261607898399234 ], [ 415757.911632130970247, 5978681.217969803139567 ], [ 415759.311618199571967, 5978671.174331707879901 ], [ 415760.711604268173687, 5978661.130693611688912 ], [ 415762.111590336775407, 5978651.087055515497923 ], [ 415763.511576405377127, 5978641.043417421169579 ], [ 415764.600644144287799, 5978633.230338079854846 ], [ 415764.911562473978847, 5978630.999779325909913 ], [ 415766.311548542580567, 5978620.956141229718924 ], [ 415767.711460949212778, 5978610.912503134459257 ], [ 415769.111413981649093, 5978600.868865039199591 ], [ 415770.511400050192606, 5978590.825226943939924 ], [ 415771.911386118794326, 5978580.781588847748935 ], [ 415773.311372187396046, 5978570.737950752489269 ], [ 415774.647766174806748, 5978561.15052851755172 ], [ 415774.711358255997766, 5978560.694312657229602 ], [ 415776.111344324541278, 5978550.650674561038613 ], [ 415777.511330393201206, 5978540.607036466710269 ], [ 415778.911255040904507, 5978530.56339837051928 ], [ 415780.311195832211524, 5978520.519760275259614 ], [ 415781.711181900813244, 5978510.476122179068625 ], [ 415783.111167969414964, 5978500.432484083808959 ], [ 415784.485853878490161, 5978490.388845988549292 ], [ 415784.541594997630455, 5978480.345207893289626 ], [ 415779.958641547011212, 5978470.301569797098637 ], [ 415775.037695171602536, 5978460.257931702770293 ], [ 415783.437918478099164, 5978450.214293606579304 ], [ 415784.694888205383904, 5978448.921047777868807 ], [ 415793.19976293266518, 5978440.170655510388315 ], [ 415794.742010236019269, 5978438.583886827342212 ], [ 415802.961660820874386, 5978430.127017415128648 ], [ 415804.78913226648001, 5978427.998372193425894 ], [ 415810.068238240026403, 5978420.083379319868982 ], [ 415814.375243045564275, 5978410.039741224609315 ], [ 415814.836254297057167, 5978408.964679836295545 ], [ 415818.682187948317733, 5978399.996103128418326 ], [ 415822.989192753797397, 5978389.95246503315866 ], [ 415824.883376327576116, 5978385.535298171453178 ], [ 415827.296137656609062, 5978379.908826937898993 ], [ 415831.711825419799425, 5978369.865188842639327 ], [ 415834.93049835821148, 5978363.315027786418796 ], [ 415836.659312994568609, 5978359.821550746448338 ], [ 415841.629601433640346, 5978349.777912651188672 ], [ 415844.977620388788637, 5978343.012452028691769 ], [ 415846.510671131371055, 5978339.734274555929005 ], [ 415845.534949191147462, 5978329.690636459738016 ], [ 415844.977620388730429, 5978326.880198115482926 ], [ 415843.54322829056764, 5978319.64699836447835 ], [ 415841.551507389987819, 5978309.603360269218683 ], [ 415839.559786489407998, 5978299.559722173959017 ], [ 415838.165325005305931, 5978289.516084076836705 ], [ 415838.894775975146331, 5978279.472445981577039 ], [ 415842.020415243750904, 5978269.428807888180017 ], [ 415844.977620388730429, 5978259.926298856735229 ], [ 415845.146021139342338, 5978259.385169791989028 ], [ 415848.271683885133825, 5978249.341531695798039 ], [ 415851.397348048398271, 5978239.297893600538373 ], [ 415854.523007987998426, 5978229.254255505278707 ], [ 415855.024742419249378, 5978227.642011602409184 ], [ 415857.64861388358986, 5978219.210617409087718 ], [ 415860.77425595826935, 5978209.166979313828051 ], [ 415863.899910255742725, 5978199.123341218568385 ], [ 415865.071864449826535, 5978195.357452561147511 ], [ 415867.025516151275951, 5978189.079703123308718 ], [ 415870.151163868140429, 5978179.036065027117729 ], [ 415873.276812523370609, 5978168.992426931858063 ], [ 415875.118986480345484, 5978163.072893519885838 ], [ 415876.493706087290775, 5978158.948788836598396 ], [ 415880.056776261772029, 5978148.905150739476085 ], [ 415883.959826660284307, 5978138.861512645147741 ], [ 415885.166108510922641, 5978135.93994989618659 ], [ 415889.208559089805931, 5978128.817874548956752 ], [ 415894.83560877275886, 5978118.774236454628408 ], [ 415895.21323054144159, 5978118.094769451767206 ], [ 415899.98060575890122, 5978108.730598358437419 ], [ 415905.093901066342369, 5978098.686960263177752 ], [ 415905.260352572018746, 5978098.360009085386992 ], [ 415910.207137520192191, 5978088.643322167918086 ], [ 415915.307474602595903, 5978078.625021571293473 ], [ 415915.320373814902268, 5978078.59968407265842 ], [ 415920.433671177132055, 5978068.556045976467431 ], [ 415925.354596633114852, 5978058.890268520452082 ], [ 415925.546968539478257, 5978058.512407882139087 ], [ 415930.660141870845109, 5978048.468769785948098 ], [ 415935.401718663692009, 5978039.155272458679974 ], [ 415935.773439233074896, 5978038.425131689757109 ], [ 415940.886736595421098, 5978028.381493594497442 ], [ 415945.448840694210958, 5978019.42030265647918 ], [ 415945.999916729750112, 5978018.337855499237776 ], [ 415951.113207289017737, 5978008.294217403978109 ], [ 415955.495962724788114, 5977999.685523962602019 ], [ 415956.226504651363939, 5977998.25057930778712 ], [ 415961.339802013651934, 5977988.206941212527454 ], [ 415965.543084755365271, 5977979.95057125762105 ], [ 415966.497092537232675, 5977978.163303117267787 ], [ 415971.62589559238404, 5977968.119665022008121 ], [ 415975.59020678588422, 5977960.257795657962561 ], [ 415976.898667111119721, 5977958.076026925817132 ], [ 415982.727899684279691, 5977948.032388830557466 ], [ 415985.637328816461377, 5977942.683339373208582 ], [ 415988.390660716977436, 5977937.988750735297799 ], [ 415994.281027202319819, 5977927.94511263910681 ], [ 415995.684450846980326, 5977925.552158262580633 ], [ 416000.171504595316947, 5977917.901474542915821 ], [ 416005.731572877557483, 5977908.421239567920566 ], [ 416006.072209756530356, 5977907.857836447656155 ], [ 416012.02070967562031, 5977897.814198353327811 ], [ 416015.778694908134639, 5977891.356485297903419 ], [ 416017.997711485484615, 5977887.770560258068144 ], [ 416024.157808248477522, 5977877.726922161877155 ], [ 416025.825816938653588, 5977874.935937654227018 ], [ 416030.289071490813512, 5977867.683284066617489 ], [ 416035.872938969230745, 5977858.60966838337481 ], [ 416036.469886954349931, 5977857.6396459704265 ], [ 416042.650535486114677, 5977847.596007875166833 ], [ 416045.920060999691486, 5977842.283127851784229 ], [ 416048.831350949651096, 5977837.552369779907167 ], [ 416055.012150545429904, 5977827.508731684647501 ], [ 416055.967183030326851, 5977825.956816665828228 ], [ 416061.192814944894053, 5977817.465093588456511 ], [ 416066.014305060962215, 5977809.63031804934144 ], [ 416067.373630408430472, 5977807.421455493196845 ], [ 416073.554445871966891, 5977797.377817397937179 ], [ 416076.061427091422956, 5977791.565727503970265 ], [ 416077.895159352279734, 5977787.334179302677512 ], [ 416076.061427091481164, 5977784.291226077824831 ], [ 416071.993121396633796, 5977777.290541206486523 ], [ 416066.014305060904007, 5977767.596960727125406 ], [ 416065.79839617194375, 5977767.246903111226857 ], [ 416059.603670947137289, 5977757.20326501596719 ], [ 416055.967183030326851, 5977751.518687712028623 ], [ 416053.241130218200851, 5977747.159626920707524 ], [ 416045.920060999749694, 5977737.146910291165113 ], [ 416045.899614154885057, 5977737.115988824516535 ], [ 416037.979445300879888, 5977727.072350729256868 ], [ 416035.872938969230745, 5977724.401932753622532 ], [ 416030.056648384197615, 5977717.028712633997202 ], [ 416025.825816938653588, 5977711.665354136377573 ], [ 416022.133871073019691, 5977706.985074537806213 ], [ 416015.778694908134639, 5977698.928618017584085 ], [ 416014.211126695387065, 5977696.941436443477869 ], [ 416006.288296845275909, 5977686.89779834728688 ], [ 416015.778694908134639, 5977685.51393389236182 ], [ 416018.396490178303793, 5977686.89779834728688 ], [ 416025.825816938653588, 5977693.915286783128977 ], [ 416035.872938969230745, 5977696.168891697190702 ], [ 416037.100472672318574, 5977696.941436442546546 ], [ 416045.920060999749694, 5977703.219764906913042 ], [ 416053.630811617593281, 5977706.985074538737535 ], [ 416055.967183030326851, 5977709.170816756784916 ], [ 416066.014305060904007, 5977712.766743743792176 ], [ 416071.628480776213109, 5977717.028712633997202 ], [ 416076.061427091422956, 5977720.479745295830071 ], [ 416086.108549122000113, 5977718.423102058470249 ], [ 416086.733175500761718, 5977717.028712633997202 ], [ 416086.108549122000113, 5977716.408763241954148 ], [ 416076.613730424200185, 5977706.985074538737535 ], [ 416076.061427091481164, 5977706.436908760108054 ], [ 416066.494282957224641, 5977696.941436442546546 ], [ 416066.014305060904007, 5977696.46505427826196 ], [ 416056.374872380518354, 5977686.89779834728688 ], [ 416055.967183030326851, 5977686.493163172155619 ], [ 416046.255425190320238, 5977676.854160252027214 ], [ 416045.920060999749694, 5977676.521307152695954 ], [ 416036.13597900676541, 5977666.810522155836225 ], [ 416035.872938969230745, 5977666.54945267084986 ], [ 416026.016569260216784, 5977656.766884060576558 ], [ 416025.825816938653588, 5977656.577560746110976 ], [ 416015.897122070135083, 5977646.723245965316892 ], [ 416015.778694908192847, 5977646.605705545283854 ], [ 416005.777675056364387, 5977636.679607870057225 ], [ 416005.731572877557483, 5977636.63385106343776 ], [ 415995.684450846980326, 5977626.661958418786526 ], [ 415995.658266039798036, 5977626.635969773866236 ], [ 415985.637328816461377, 5977616.690103937871754 ], [ 415985.53881894989172, 5977616.59233167860657 ], [ 415975.59020678588422, 5977606.718248811550438 ], [ 415975.419371759693604, 5977606.548693583346903 ], [ 415965.543084755365271, 5977596.746356811374426 ], [ 415965.299962089455221, 5977596.505055487155914 ], [ 415955.495962724788114, 5977586.774502328597009 ], [ 415955.180514622479677, 5977586.461417391896248 ], [ 415945.448840694210958, 5977576.802647847682238 ], [ 415945.061068639508449, 5977576.417779296636581 ], [ 415935.401718663692009, 5977566.830755203962326 ], [ 415934.941658139054198, 5977566.374141201376915 ], [ 415925.354596633114852, 5977556.858900721184909 ], [ 415924.822210672020447, 5977556.330503105185926 ], [ 415915.307474602595903, 5977546.887046240270138 ], [ 415914.702765519265085, 5977546.28686500992626 ], [ 415905.260352572018746, 5977536.915189204737544 ], [ 415904.583318329066969, 5977536.243226914666593 ], [ 415895.21323054144159, 5977526.94329911377281 ], [ 415894.463906721561216, 5977526.199588818475604 ], [ 415885.166108510922641, 5977516.971444632858038 ], [ 415884.34446239907993, 5977516.155950723215938 ], [ 415875.118986480345484, 5977506.999586779624224 ], [ 415874.225015208881814, 5977506.112312627956271 ], [ 415865.071864449826535, 5977497.02769750636071 ], [ 415864.1056027712184, 5977496.068674532696605 ], [ 415855.024742419249378, 5977487.055843024514616 ], [ 415853.986159278894775, 5977486.025036436505616 ], [ 415844.977620388730429, 5977477.083984353579581 ], [ 415843.866712088696659, 5977475.981398341245949 ], [ 415834.930498358153272, 5977467.11209589894861 ], [ 415833.74729882075917, 5977465.937760245986283 ], [ 415824.883376327576116, 5977457.140241417102516 ], [ 415823.627856158651412, 5977455.894122150726616 ], [ 415814.836254297057167, 5977447.168381927534938 ], [ 415813.508408968453296, 5977445.850484054535627 ], [ 415804.78913226648001, 5977437.19649429153651 ], [ 415803.388994870299939, 5977435.806845959275961 ], [ 415794.742010235961061, 5977427.224639809690416 ], [ 415793.269547403382603, 5977425.763207864016294 ], [ 415784.694888205383904, 5977417.252785326912999 ], [ 415783.15010584826814, 5977415.719569767825305 ], [ 415774.647766174806748, 5977407.280892683193088 ], [ 415773.030690919840708, 5977405.675931672565639 ], [ 415764.600644144287799, 5977397.309038201346993 ], [ 415762.911243452865165, 5977395.632293577305973 ], [ 415754.553522113710642, 5977387.337183720432222 ], [ 415752.791802728082985, 5977385.588655482046306 ], [ 415744.506400083191693, 5977377.365322321653366 ], [ 415742.672355537884869, 5977375.545017385855317 ], [ 415734.459278052556328, 5977367.393436593934894 ], [ 415732.552939502464142, 5977365.501379290595651 ], [ 415724.412156022037379, 5977357.421582112088799 ], [ 415722.433499607839622, 5977355.457741195335984 ], [ 415714.36503399151843, 5977347.449719896540046 ], [ 415712.314052417641506, 5977345.414103100076318 ], [ 415704.317911960999481, 5977337.477834986522794 ], [ 415702.194635552004911, 5977335.370465002954006 ], [ 415694.270789930422325, 5977327.505980503745377 ], [ 415692.075196487596259, 5977325.326826908625662 ], [ 415684.223667899845168, 5977317.534117470495403 ], [ 415681.955749297398143, 5977315.283188813365996 ], [ 415674.176545869268011, 5977307.562233378179371 ], [ 415671.836331601603888, 5977305.239550717175007 ], [ 415664.129423838749062, 5977297.590378896333277 ], [ 415661.716893367469311, 5977295.19591262191534 ], [ 415654.082301808171906, 5977287.61851504445076 ], [ 415651.597446177212987, 5977285.152274526655674 ], [ 415644.035179777652957, 5977277.646631771698594 ], [ 415641.478027651202865, 5977275.108636431396008 ], [ 415633.9880577470758, 5977267.674777288921177 ], [ 415631.358590247225948, 5977265.064998335205019 ], [ 415623.940935716498643, 5977257.702912618406117 ], [ 415621.239143057027832, 5977255.021360239945352 ], [ 415613.893813685979694, 5977247.731030163355172 ], [ 415611.119723700743634, 5977244.977722144685686 ], [ 415603.846691655402537, 5977237.7591756824404 ], [ 415601.000276233768091, 5977234.934084049426019 ], [ 415593.799569624941796, 5977227.787321199662983 ], [ 415590.880839936842676, 5977224.89044595323503 ], [ 415583.752447594306432, 5977217.815428555943072 ], [ 415580.761419750342611, 5977214.846807857975364 ], [ 415573.705325563787483, 5977207.843574074096978 ], [ 415570.641972283367068, 5977204.803169762715697 ], [ 415563.658203533210326, 5977197.871719591319561 ], [ 415560.522536816599313, 5977194.759531666524708 ], [ 415553.611081502633169, 5977187.899853011593223 ], [ 415550.403089626401197, 5977184.715893571265042 ], [ 415543.56395947211422, 5977177.927972465753555 ], [ 415540.283668332849629, 5977174.672255476005375 ], [ 415533.516837441595271, 5977167.956117983907461 ], [ 415530.164233696414158, 5977164.628617380745709 ], [ 415523.469715410959907, 5977157.984250586479902 ], [ 415520.044786506216042, 5977154.58497928455472 ], [ 415513.422593380440958, 5977148.012370858341455 ], [ 415509.925364382448606, 5977144.541341189295053 ], [ 415503.375471349922009, 5977138.040516376495361 ], [ 415499.805930576170795, 5977134.497703094035387 ], [ 415493.32834931940306, 5977128.068648161366582 ], [ 415489.686483385972679, 5977124.454064998775721 ], [ 415483.281227288767695, 5977118.096769250929356 ], [ 415479.567060432047583, 5977114.410426902584732 ], [ 415473.234105258248746, 5977108.124914769083261 ], [ 415469.447627455985639, 5977104.366788807325065 ], [ 415463.18698322767159, 5977098.153045734390616 ], [ 415459.328180265787523, 5977094.323150712065399 ], [ 415453.139861197094433, 5977088.181167643517256 ], [ 415449.20875648164656, 5977084.27951261587441 ], [ 415443.092739166575484, 5977078.209313161671162 ], [ 415439.089309014612809, 5977074.235874520614743 ], [ 415433.045617135998327, 5977068.237458679825068 ], [ 415428.969877145602368, 5977064.192236425355077 ], [ 415422.998495105479378, 5977058.265566036105156 ], [ 415418.850452531245537, 5977054.14859833009541 ], [ 415412.951373074902222, 5977048.293711554259062 ], [ 415408.731005064211786, 5977044.104960233904421 ], [ 415402.904251044325065, 5977038.321857072412968 ], [ 415398.611574025359005, 5977034.061322138644755 ], [ 415392.857129013806116, 5977028.349986128509045 ], [ 415388.492126835160889, 5977024.017684043385088 ], [ 415382.810006983228959, 5977018.378109945915639 ], [ 415378.372701113810763, 5977013.974045947194099 ], [ 415372.76288495271001, 5977008.406255464069545 ], [ 415368.253270905232057, 5977003.930407851934433 ], [ 415362.715762922132853, 5976998.434383703395724 ], [ 415358.133823714975733, 5976993.886769756674767 ], [ 415352.668640891613904, 5976988.46250833850354 ], [ 415348.01439716340974, 5976983.8431316614151 ], [ 415342.621518861036748, 5976978.490653856657445 ], [ 415337.894967784988694, 5976973.799493565224111 ], [ 415332.574396830459591, 5976968.518781276419759 ], [ 415327.775520594790578, 5976963.755855469964445 ], [ 415322.527274799940642, 5976958.546906730160117 ], [ 415317.656093212892301, 5976953.712217374704778 ], [ 415312.480152769363485, 5976948.575052248314023 ], [ 415307.536664664745331, 5976943.668579279445112 ], [ 415302.433030738844536, 5976938.603178851306438 ], [ 415297.417217474547215, 5976933.624941183254123 ], [ 415292.38590870826738, 5976928.631305122748017 ], [ 415287.297789262491278, 5976923.581303087994456 ], [ 415282.338786677690223, 5976918.659450641833246 ], [ 415277.178361544560175, 5976913.53766499273479 ], [ 415272.291664647171274, 5976908.687576426193118 ], [ 415267.058914354420267, 5976903.494026897475123 ], [ 415262.244542616535909, 5976898.715703515335917 ], [ 415256.939485312090255, 5976893.450388801284134 ], [ 415252.197420586075168, 5976888.743849033489823 ], [ 415246.820037845114712, 5976883.406750706955791 ], [ 415242.150298555498011, 5976878.771994551643729 ], [ 415236.700611234176904, 5976873.363112610764802 ], [ 415232.103176524920855, 5976868.800101907923818 ], [ 415226.581181361572817, 5976863.319474514573812 ], [ 415222.056054494401906, 5976858.828247425146401 ], [ 415216.461733894655481, 5976853.275836419314146 ], [ 415212.008932463824749, 5976848.856392944231629 ], [ 415206.342308113933541, 5976843.23219832405448 ], [ 415201.9618104333058, 5976838.884516819380224 ], [ 415196.222860923793633, 5976833.188560228794813 ], [ 415191.914688402728643, 5976828.912645818665624 ], [ 415186.10342994419625, 5976823.144922132603824 ], [ 415181.867566372151487, 5976818.940791335888207 ], [ 415175.984004993690178, 5976813.101284037344158 ], [ 415171.820444341632538, 5976808.968914394266903 ], [ 415165.864557803492062, 5976803.057645941153169 ], [ 415161.773322311113589, 5976798.997044211253524 ], [ 415155.74512599373702, 5976793.014007845893502 ], [ 415151.726200280536432, 5976789.025189728476107 ], [ 415145.62570187356323, 5976782.970369750633836 ], [ 415141.679078249959275, 5976779.05331196822226 ], [ 415135.506254683306906, 5976772.926731655374169 ], [ 415131.631956219382118, 5976769.081442602910101 ], [ 415125.386822043335997, 5976762.883093560114503 ], [ 415121.584834188921377, 5976759.10958812199533 ], [ 415115.267398753319867, 5976752.839455462992191 ], [ 415111.537712158286013, 5976749.137709541246295 ], [ 415105.147951563179959, 5976742.79581736959517 ], [ 415101.490590127708856, 5976739.165840994566679 ], [ 415095.028518092934974, 5976732.752179273404181 ], [ 415091.443468097248115, 5976729.193986513651907 ], [ 415084.909095633192919, 5976722.708541178144515 ], [ 415081.39634606661275, 5976719.222107116132975 ], [ 415074.789648442936596, 5976712.664903081953526 ], [ 415071.349224036093801, 5976709.250239387154579 ], [ 415064.670214142533951, 5976702.621264986693859 ], [ 415061.302102005458437, 5976699.278384905308485 ], [ 415054.550766675500199, 5976692.577626891434193 ], [ 415051.254979974939488, 5976689.306530423462391 ], [ 415044.43134532275144, 5976682.533988795243204 ], [ 415041.207857944420539, 5976679.334649935364723 ], [ 415034.311898132495116, 5976672.490350699983537 ], [ 415031.16073591390159, 5976669.362783297896385 ], [ 415024.192462725099176, 5976662.446712604723871 ], [ 415021.113613883324433, 5976659.390928816050291 ], [ 415014.073042202508077, 5976652.403074510395527 ], [ 415011.066491852689069, 5976649.419047510251403 ], [ 415003.953595012251753, 5976642.359436413273215 ], [ 415001.019369822228327, 5976639.447181690484285 ], [ 414993.834158774698153, 5976632.315798318013549 ], [ 414990.972247791651171, 5976629.475327208638191 ], [ 414983.714739082264714, 5976622.272160222753882 ], [ 414980.925125761132222, 5976619.503445085138083 ], [ 414973.595291892124806, 5976612.228522127494216 ], [ 414970.878003730555065, 5976609.531580083072186 ], [ 414963.475854824180715, 5976602.184884031303227 ], [ 414960.830881699977908, 5976599.559725600294769 ], [ 414953.356435962079559, 5976592.141245936043561 ], [ 414950.783759669517167, 5976589.587842660024762 ], [ 414943.236988771881443, 5976582.097607841715217 ], [ 414940.736637638823595, 5976579.615978473797441 ], [ 414933.117550873837899, 5976572.053969744592905 ], [ 414930.689515608362854, 5976569.644123993813992 ], [ 414922.998132841894403, 5976562.010331649333239 ], [ 414920.642393577785697, 5976559.672240233048797 ], [ 414912.878685651638079, 5976551.966693554073572 ], [ 414910.59527154720854, 5976549.700376867316663 ], [ 414902.759246923378669, 5976541.923055458813906 ], [ 414900.548149516689591, 5976539.728522384539247 ], [ 414892.132818430894986, 5976531.879417361691594 ], [ 414890.501027486054227, 5976530.260592623613775 ], [ 414880.678738607268315, 5976521.83577926736325 ], [ 414880.453905455593485, 5976521.61299683060497 ], [ 414870.406783425016329, 5976513.747573915868998 ], [ 414867.882309917767998, 5976511.792141172103584 ], [ 414860.35966139449738, 5976505.965133096091449 ], [ 414854.916005717706867, 5976501.748503076843917 ], [ 414850.312539363978431, 5976498.182702597230673 ], [ 414847.668017200194299, 5976501.74850307777524 ], [ 414846.987553647544701, 5976511.792141172103584 ], [ 414849.623954433947802, 5976521.83577926736325 ], [ 414850.312539363920223, 5976524.459031434729695 ], [ 414852.260332484613173, 5976531.879417362622917 ], [ 414854.896708729560487, 5976541.923055458813906 ], [ 414857.533103909459896, 5976551.966693554073572 ], [ 414860.16948706790572, 5976562.010331649333239 ], [ 414860.35966139449738, 5976562.734825016930699 ], [ 414862.805863811576273, 5976572.053969744592905 ], [ 414865.442240056581795, 5976582.097607840783894 ], [ 414868.078636543359607, 5976592.141245936043561 ], [ 414870.406783425016329, 5976601.010618598200381 ], [ 414870.71501889359206, 5976602.184884031303227 ], [ 414873.351395138539374, 5976612.228522127494216 ], [ 414875.987771383486688, 5976622.272160222753882 ], [ 414878.624169177375734, 5976632.315798318013549 ], [ 414880.453905455593485, 5976639.286412179470062 ], [ 414881.26055022055516, 5976642.359436413273215 ], [ 414883.896926465444267, 5976652.403074509464204 ], [ 414886.533302710449789, 5976662.446712605655193 ], [ 414889.169701811275445, 5976672.490350699052215 ], [ 414890.501027486112434, 5976677.562205760739744 ], [ 414891.806081547518261, 5976682.533988795243204 ], [ 414894.442457792465575, 5976692.577626891434193 ], [ 414897.07885128678754, 5976702.621264986693859 ], [ 414899.715234445233364, 5976712.664903081953526 ], [ 414900.548149516689591, 5976715.837999342940748 ], [ 414902.351612874423154, 5976722.708541178144515 ], [ 414904.987989119370468, 5976732.752179273404181 ], [ 414907.624383920745458, 5976742.795817368663847 ], [ 414910.139790917513892, 5976752.839455463923514 ], [ 414910.59527154720854, 5976753.597380282357335 ], [ 414914.071869820530992, 5976762.883093560114503 ], [ 414915.16633243393153, 5976772.926731655374169 ], [ 414920.642393577785697, 5976777.062971245497465 ], [ 414923.677748862886801, 5976782.970369750633836 ], [ 414929.610997619573027, 5976793.014007845893502 ], [ 414930.689515608362854, 5976793.812185555696487 ], [ 414936.494188457902055, 5976803.057645941153169 ], [ 414940.736637638881803, 5976806.598300944082439 ], [ 414945.699113285692874, 5976813.101284037344158 ], [ 414950.783759669400752, 5976817.541649602353573 ], [ 414955.179462372208945, 5976823.144922132603824 ], [ 414960.830881699977908, 5976828.519377764314413 ], [ 414965.241668211179785, 5976833.188560228794813 ], [ 414970.878003730555065, 5976839.155087718740106 ], [ 414974.729486917960458, 5976843.23219832405448 ], [ 414980.925125761132222, 5976849.790789809077978 ], [ 414984.217307357816026, 5976853.275836419314146 ], [ 414990.972247791651171, 5976860.426499762572348 ], [ 414993.705123217136133, 5976863.319474514573812 ], [ 415001.019369822228327, 5976871.062209716998041 ], [ 415003.192940683511551, 5976873.363112610764802 ], [ 415001.019369822228327, 5976875.684970033355057 ], [ 414996.245841050287709, 5976883.406750706955791 ], [ 414990.972247791651171, 5976885.556199168786407 ], [ 414982.954115628323052, 5976893.450388800352812 ], [ 414980.925125761074014, 5976895.44328859820962 ], [ 414970.878003730555065, 5976897.375739051029086 ], [ 414960.830881699977908, 5976897.076475936919451 ], [ 414952.51558474986814, 5976893.450388801284134 ], [ 414950.783759669400752, 5976891.244042661041021 ], [ 414942.289257183321752, 5976883.406750706024468 ], [ 414940.736637638881803, 5976877.029027574695647 ], [ 414940.009949445375241, 5976873.363112610764802 ], [ 414937.410165009147022, 5976863.319474514573812 ], [ 414933.155026253138203, 5976853.275836419314146 ], [ 414930.689515608362854, 5976849.015867030248046 ], [ 414922.025510120496619, 5976843.23219832405448 ], [ 414920.642393577785697, 5976842.308896985836327 ], [ 414910.59527154720854, 5976835.601919936947525 ], [ 414906.980034812586382, 5976833.188560228794813 ], [ 414900.548149516689591, 5976828.894940208643675 ], [ 414891.934565515024588, 5976823.144922133535147 ], [ 414890.501027486170642, 5976821.081159158609807 ], [ 414880.453905455593485, 5976814.855172324925661 ], [ 414877.715307248523459, 5976813.101284037344158 ], [ 414876.033109781099483, 5976803.057645942084491 ], [ 414880.453905455535278, 5976796.605647204443812 ], [ 414883.038321821019053, 5976793.014007846824825 ], [ 414886.41912148904521, 5976782.970369750633836 ], [ 414890.501027486112434, 5976775.398957492783666 ], [ 414892.369163544033654, 5976772.926731655374169 ], [ 414894.318437070469372, 5976762.883093560114503 ], [ 414890.501027486112434, 5976760.077125038020313 ], [ 414880.453905455651693, 5976754.431794198229909 ], [ 414878.777144569088705, 5976752.839455463923514 ], [ 414870.406783425016329, 5976747.673513792455196 ], [ 414860.35966139449738, 5976745.456783654168248 ], [ 414856.343085067579523, 5976742.795817368663847 ], [ 414850.312539363920223, 5976736.621439943090081 ], [ 414842.37166719220113, 5976732.752179273404181 ], [ 414840.265417333343066, 5976731.711058365181088 ], [ 414830.218295302824117, 5976724.850719641894102 ], [ 414827.746147199359257, 5976722.708541178144515 ], [ 414820.171173272246961, 5976716.144569534808397 ], [ 414815.234117336629424, 5976712.664903081953526 ], [ 414810.124051241728012, 5976708.451288419775665 ], [ 414800.115673161693849, 5976702.621264986693859 ], [ 414800.076929211150855, 5976702.597533858381212 ], [ 414790.029807180573698, 5976692.626164451241493 ], [ 414789.988075960136484, 5976692.577626891434193 ], [ 414782.573357164568733, 5976682.533988794311881 ], [ 414779.982685150054749, 5976676.93185389880091 ], [ 414777.474429329973646, 5976672.490350699983537 ], [ 414774.913009471842088, 5976662.446712604723871 ], [ 414772.351589613768738, 5976652.403074510395527 ], [ 414769.935563119477592, 5976642.92954143602401 ], [ 414769.790169755578972, 5976642.359436413273215 ], [ 414767.203195516543929, 5976632.315798318013549 ], [ 414764.427795048453845, 5976622.272160222753882 ], [ 414761.683650249324273, 5976612.228522127494216 ], [ 414759.888441088958643, 5976605.898404844105244 ], [ 414758.835293685668148, 5976602.184884031303227 ], [ 414755.986937121953815, 5976592.141245936043561 ], [ 414753.138625473889988, 5976582.097607840783894 ], [ 414750.290360855695326, 5976572.053969744592905 ], [ 414749.841319058439694, 5976570.470595893450081 ], [ 414747.441971608204767, 5976562.010331649333239 ], [ 414744.593647728208452, 5976551.966693554073572 ], [ 414741.745317742461339, 5976541.923055458813906 ], [ 414739.79419702780433, 5976535.043269532732666 ], [ 414738.896934600721579, 5976531.879417362622917 ], [ 414736.048663876834325, 5976521.83577926736325 ], [ 414729.747074997285381, 5976515.878737069666386 ], [ 414719.699952966708224, 5976517.42973823286593 ], [ 414709.652830936189275, 5976519.208598198369145 ], [ 414699.605708905612119, 5976520.987458163872361 ], [ 414694.814333630492911, 5976521.83577926736325 ], [ 414689.558586875034962, 5976522.76408242341131 ], [ 414679.511464844516013, 5976524.466592023149133 ], [ 414669.464342813938856, 5976525.283251997083426 ], [ 414659.417220783419907, 5976524.551172690466046 ], [ 414649.370098752784543, 5976523.947313020937145 ], [ 414639.322976722265594, 5976523.567101155407727 ], [ 414635.713847409700975, 5976521.83577926736325 ], [ 414629.275854691746645, 5976517.081575914286077 ], [ 414619.228732661169488, 5976512.751598130911589 ], [ 414613.403111730469391, 5976511.792141172103584 ], [ 414609.181610630592331, 5976511.074603333137929 ], [ 414599.134488600073382, 5976508.588269821368158 ], [ 414589.087366569554433, 5976505.915578002110124 ], [ 414579.040244538977277, 5976503.272480534389615 ], [ 414573.196626565419137, 5976501.748503075912595 ], [ 414568.99312250840012, 5976500.656456920318305 ], [ 414558.946000477881171, 5976498.715649606660008 ], [ 414548.898878447245806, 5976499.085772624239326 ], [ 414538.851756416785065, 5976499.400398201309144 ], [ 414528.804634386207908, 5976498.902298090979457 ], [ 414518.757512355688959, 5976497.555872112512589 ], [ 414508.710390325111803, 5976495.93671324942261 ], [ 414498.663268294534646, 5976493.715743120759726 ], [ 414489.566429402737413, 5976491.704864980652928 ], [ 414488.616146264015697, 5976491.497260527685285 ], [ 414478.56902423343854, 5976488.757232511416078 ], [ 414468.521902202861384, 5976486.663155805319548 ], [ 414458.474780172342435, 5976484.569143994711339 ], [ 414448.427658141765278, 5976482.47506728861481 ], [ 414447.063036687206477, 5976481.661226885393262 ], [ 414438.380536111246329, 5976472.520201078616083 ], [ 414437.590298380120657, 5976471.617588790133595 ], [ 414428.797085743397474, 5976461.573950693942606 ], [ 414428.333414080669172, 5976461.044343306683004 ], [ 414420.003789955226239, 5976451.53031259868294 ], [ 414418.286292050092015, 5976449.568600093945861 ], [ 414411.2104895383236, 5976441.486674503423274 ], [ 414408.239170019573066, 5976438.092856881208718 ], [ 414402.417189121479169, 5976431.44303640909493 ], [ 414398.19204798899591, 5976426.617113668471575 ], [ 414393.813920914020855, 5976421.399398311972618 ], [ 414388.144925958476961, 5976414.42875368334353 ], [ 414385.690957508049905, 5976411.355760216712952 ], [ 414381.389615525025874, 5976401.312122121453285 ], [ 414378.097803927958012, 5976398.384848155081272 ], [ 414368.220704586768989, 5976391.268484025262296 ], [ 414368.050681897380855, 5976391.184337175451219 ], [ 414358.003559866803698, 5976386.040354577824473 ], [ 414349.17772162950132, 5976381.22484593000263 ], [ 414347.956437836226542, 5976380.274731995537877 ], [ 414337.909315805649385, 5976372.953307473100722 ], [ 414327.862193775130436, 5976372.162051914259791 ], [ 414317.815071744611487, 5976372.462599138729274 ], [ 414313.627964058425277, 5976371.181207834742963 ], [ 414307.767949713976122, 5976369.202434848994017 ], [ 414301.1690744573134, 5976371.181207834742963 ], [ 414297.720827683457173, 5976374.943874405696988 ], [ 414293.832017313630786, 5976381.22484593000263 ], [ 414287.673705652938224, 5976391.171378803439438 ], [ 414287.613582585356198, 5976391.268484025262296 ], [ 414281.391221432946622, 5976401.312122121453285 ], [ 414277.626583622419275, 5976407.344296043738723 ], [ 414275.134452307072934, 5976411.355760216712952 ], [ 414268.800063468748704, 5976421.399398311972618 ], [ 414267.579461591842119, 5976423.305902574211359 ], [ 414262.369920314638875, 5976431.443036408163607 ], [ 414257.532339561264962, 5976438.999180015176535 ], [ 414255.939800286781974, 5976441.486674504354596 ], [ 414249.509680258925073, 5976451.53031259868294 ], [ 414247.485217530629598, 5976454.69245745614171 ], [ 414243.079476757440716, 5976461.573950694873929 ], [ 414237.438095500168856, 5976470.385437563061714 ], [ 414236.649249844718724, 5976471.617588790133595 ], [ 414230.219129816861823, 5976481.661226885393262 ], [ 414227.3909734695917, 5976486.07871500402689 ], [ 414223.789009789004922, 5976491.704864980652928 ], [ 414217.358889761206228, 5976501.748503076843917 ], [ 414217.343851439072751, 5976501.771992445923388 ], [ 414210.928648187196814, 5976511.792141172103584 ], [ 414207.296729408495594, 5976517.464972553774714 ], [ 414204.498459346941672, 5976521.83577926736325 ], [ 414197.766432215867098, 5976531.879417362622917 ], [ 414197.249607377918437, 5976532.159534954465926 ], [ 414187.202485347399488, 5976538.21656933054328 ], [ 414182.177798874326982, 5976541.923055458813906 ], [ 414177.155363316764124, 5976548.73186569288373 ], [ 414174.76923212694237, 5976551.966693555004895 ], [ 414167.360826159245335, 5976562.010331649333239 ], [ 414167.108241286303382, 5976562.352755648083985 ], [ 414159.952259411802515, 5976572.053969744592905 ], [ 414157.061119255726226, 5976575.978452583774924 ], [ 414152.59179976512678, 5976582.097607840783894 ], [ 414147.013997225149069, 5976589.745573898777366 ], [ 414145.266789473651443, 5976592.141245936974883 ], [ 414137.941938584495801, 5976602.184884031303227 ], [ 414136.966875194571912, 5976603.521864667534828 ], [ 414130.617087695223745, 5976612.228522127494216 ], [ 414126.919753164052963, 5976617.298207573592663 ], [ 414123.292179252835922, 5976622.272160222753882 ], [ 414116.872631133534014, 5976631.074331910349429 ], [ 414115.967226514592767, 5976632.315798318013549 ], [ 414108.64237562532071, 5976642.359436413273215 ], [ 414106.825509103015065, 5976644.850674815475941 ], [ 414101.317437348014209, 5976652.403074509464204 ], [ 414096.778387072379701, 5976658.626799151301384 ], [ 414093.992514444689732, 5976662.446712604723871 ], [ 414086.731265041860752, 5976672.403142055496573 ], [ 414086.667663555359468, 5976672.490350699052215 ], [ 414079.342812666203827, 5976682.533988795243204 ], [ 414076.684143011283595, 5976686.179484961554408 ], [ 414072.01788774470333, 5976692.577626891434193 ], [ 414066.637020980822854, 5976699.955609298311174 ], [ 414064.692951485514641, 5976702.621264986693859 ], [ 414057.353216925170273, 5976712.664903081953526 ], [ 414056.589898950187489, 5976713.721740766428411 ], [ 414050.018660408211872, 5976722.708541178144515 ], [ 414046.54277691966854, 5976727.508076539263129 ], [ 414042.718239415611606, 5976732.752179272472858 ], [ 414036.495654889149591, 5976741.284419443458319 ], [ 414035.393388526397757, 5976742.795817368663847 ], [ 414028.024044372141361, 5976752.839455463923514 ], [ 414026.448532858514227, 5976755.013683721423149 ], [ 414020.676114128495101, 5976762.883093560114503 ], [ 414016.401410827995278, 5976768.809930103830993 ], [ 414013.395329202059656, 5976772.926731655374169 ], [ 414006.354288797418121, 5976782.613229590468109 ], [ 414006.093825567222666, 5976782.970369750633836 ], [ 413998.681024350400548, 5976793.014007845893502 ], [ 413996.307166766899172, 5976796.279490668326616 ], [ 413991.319857291411608, 5976803.057645941153169 ], [ 413986.260044736322016, 5976810.049899800680578 ], [ 413984.024795941717457, 5976813.10128403827548 ], [ 413976.762284076132346, 5976823.144922132603824 ], [ 413976.212922705744859, 5976823.894966119900346 ], [ 413969.324761076946743, 5976833.188560228794813 ], [ 413966.16580067522591, 5976837.520388655364513 ], [ 413961.950291883200407, 5976843.23219832405448 ], [ 413956.118678644648753, 5976851.264983837492764 ], [ 413954.620452770090196, 5976853.275836419314146 ], [ 413947.336425176064949, 5976863.319474514573812 ], [ 413946.071556614129804, 5976865.046174474060535 ], [ 413939.952879410819151, 5976873.363112610764802 ], [ 413936.024434583610855, 5976878.894950173795223 ], [ 413932.000685940554831, 5976883.406750706955791 ], [ 413925.977312552975491, 5976889.806558352895081 ], [ 413922.472416781180073, 5976893.450388801284134 ], [ 413915.930190522456542, 5976900.251950044184923 ], [ 413912.811729986104183, 5976903.494026895612478 ], [ 413905.883068491879385, 5976910.697341734543443 ], [ 413903.151043190970086, 5976913.537664991803467 ], [ 413895.835946461418644, 5976921.142733425833285 ], [ 413893.490311082743574, 5976923.581303087994456 ], [ 413885.788824430783279, 5976931.588084193877876 ], [ 413883.829631752916612, 5976933.624941183254123 ], [ 413875.74170240026433, 5976942.033483956940472 ], [ 413874.168952423147857, 5976943.668579279445112 ], [ 413865.694580369687174, 5976952.478883719071746 ], [ 413864.508273093379103, 5976953.712217374704778 ], [ 413855.647458339051809, 5976963.659330213442445 ], [ 413855.554897613357753, 5976963.755855469964445 ], [ 413846.715657103864942, 5976973.799493565224111 ], [ 413845.600336308591068, 5976975.066873239353299 ], [ 413837.877044132270385, 5976983.8431316614151 ], [ 413835.553214278072119, 5976986.48372152633965 ], [ 413829.038221277180128, 5976993.886769756674767 ], [ 413825.506092247494962, 5976997.900456722825766 ], [ 413820.199608305585571, 5977003.930407851934433 ], [ 413815.458970216917805, 5977009.317239795811474 ], [ 413811.360785450437106, 5977013.974045947194099 ], [ 413805.411848186282441, 5977020.733879684470594 ], [ 413802.521962595405057, 5977024.017684043385088 ], [ 413795.364726155763492, 5977032.150712697766721 ], [ 413793.6833496238105, 5977034.061322138644755 ], [ 413785.317604125244543, 5977043.567397953942418 ], [ 413784.844526768720243, 5977044.104960233904421 ], [ 413776.005913797125686, 5977054.14859833009541 ], [ 413775.270482094725594, 5977054.984276336617768 ], [ 413767.351379235042259, 5977064.192236425355077 ], [ 413765.223360064148437, 5977066.861364121548831 ], [ 413759.318680351017974, 5977074.235874520614743 ], [ 413755.176238033571281, 5977079.072501965798438 ], [ 413750.857790704583749, 5977084.27951261587441 ], [ 413745.129116003052332, 5977091.186918893828988 ], [ 413743.068167894263752, 5977094.323150712065399 ], [ 413736.416819540085271, 5977104.366788807325065 ], [ 413735.081993972475175, 5977106.368174515664577 ], [ 413729.941882319515571, 5977114.410426902584732 ], [ 413725.034871941898018, 5977122.087967505678535 ], [ 413723.522631305153482, 5977124.454064998775721 ], [ 413717.103454699157737, 5977134.497703094035387 ], [ 413714.987749911379069, 5977137.807920305989683 ], [ 413710.684125741652679, 5977144.541341189295053 ], [ 413704.940627880801912, 5977153.527791859582067 ], [ 413704.26493888971163, 5977154.58497928455472 ], [ 413697.845620178268291, 5977164.628617380745709 ], [ 413694.893505850282963, 5977169.247584850527346 ], [ 413691.426390998065472, 5977174.672255476936698 ], [ 413685.007114614767488, 5977184.715893571265042 ], [ 413684.846383819705807, 5977184.967377840541303 ], [ 413678.587843106244691, 5977194.759531666524708 ], [ 413674.799261789186858, 5977200.687170829623938 ], [ 413672.168609051324893, 5977204.803169762715697 ], [ 413665.74929521442391, 5977214.846807857975364 ], [ 413664.752139758609701, 5977216.406963820569217 ], [ 413659.330103487882297, 5977224.89044595323503 ], [ 413654.705017728032544, 5977232.126995184458792 ], [ 413652.910899676382542, 5977234.934084049426019 ], [ 413646.491597924439702, 5977244.977722144685686 ], [ 413644.657895697513595, 5977247.846788175404072 ], [ 413640.072351784678176, 5977255.02136023901403 ], [ 413634.610773666936439, 5977263.566581164486706 ], [ 413633.653092360997107, 5977265.064998335205019 ], [ 413627.23380389297381, 5977275.108636431396008 ], [ 413624.563651636417489, 5977279.286374155431986 ], [ 413620.814586797554512, 5977285.152274526655674 ], [ 413614.516529605840333, 5977295.006171648390591 ], [ 413614.395257840049453, 5977295.19591262191534 ], [ 413607.976081234053709, 5977305.239550717175007 ], [ 413604.469407575321384, 5977310.726068292744458 ], [ 413601.556752276665065, 5977315.283188813365996 ], [ 413595.137575670669321, 5977325.326826908625662 ], [ 413594.422285544744227, 5977326.445991499349475 ], [ 413588.718312571349088, 5977335.370465003885329 ], [ 413584.37516351416707, 5977342.165784489363432 ], [ 413582.299070107168518, 5977345.414103100076318 ], [ 413575.879764679644722, 5977355.457741195335984 ], [ 413574.328041483648121, 5977357.885577479377389 ], [ 413569.460564543725923, 5977365.501379290595651 ], [ 413564.280919453070965, 5977373.605416503734887 ], [ 413563.041235586279072, 5977375.545017385855317 ], [ 413556.622058980341535, 5977385.588655482977629 ], [ 413554.233797422552016, 5977389.325313149020076 ], [ 413550.202730022836477, 5977395.63229357637465 ], [ 413544.186675391974859, 5977405.045194823294878 ], [ 413543.78355341689894, 5977405.675931672565639 ], [ 413537.364224459393881, 5977415.719569767825305 ], [ 413534.13955336145591, 5977420.764987814240158 ], [ 413530.945047853456344, 5977425.763207864016294 ], [ 413524.525725466315635, 5977435.806845959275961 ], [ 413524.092431330878753, 5977436.484780804254115 ], [ 413518.106542289955541, 5977445.850484054535627 ], [ 413514.045309300301597, 5977452.204661359079182 ], [ 413511.687213332508691, 5977455.894122150726616 ], [ 413505.268036726512946, 5977465.937760245986283 ], [ 413503.998187269782647, 5977467.924558004364371 ], [ 413498.848707769066095, 5977475.981398341245949 ], [ 413493.951065239147283, 5977483.644398148171604 ], [ 413492.429531163012143, 5977486.025036435574293 ], [ 413486.010202205565292, 5977496.068674532696605 ], [ 413483.903943208628334, 5977499.364191139116883 ], [ 413479.591025599627756, 5977506.112312627956271 ], [ 413473.856821178109385, 5977515.084009569138288 ], [ 413473.171696642122697, 5977516.155950723215938 ], [ 413466.75252003618516, 5977526.199588818475604 ], [ 413463.809699147532228, 5977530.803906214423478 ], [ 413460.333191078680102, 5977536.243226913735271 ], [ 413453.914014472742565, 5977546.28686500992626 ], [ 413453.762577117013279, 5977546.600147599354386 ], [ 413448.191629390756134, 5977556.330503105185926 ], [ 413453.762577117013279, 5977562.578910943120718 ], [ 413457.359095821157098, 5977566.374141201376915 ], [ 413463.809699147532228, 5977573.181147349067032 ], [ 413466.876866762526333, 5977576.417779296636581 ], [ 413473.856821178109385, 5977583.783383754082024 ], [ 413476.394637704011984, 5977586.461417391896248 ], [ 413483.903943208628334, 5977594.385620160028338 ], [ 413485.91240864538122, 5977596.505055487155914 ], [ 413493.951065239147283, 5977604.987856565974653 ], [ 413495.430179586808663, 5977606.548693583346903 ], [ 413503.998187269782647, 5977615.590092970989645 ], [ 413504.947950528236106, 5977616.59233167860657 ], [ 413514.045309300301597, 5977626.192329376004636 ], [ 413514.465721469605342, 5977626.635969773866236 ], [ 413523.9834924111492, 5977636.679607870057225 ], [ 413524.092431330878753, 5977636.794565783813596 ], [ 413533.501263352518436, 5977646.723245965316892 ], [ 413534.139553361397702, 5977647.396802188828588 ], [ 413543.019034293887671, 5977656.766884059645236 ], [ 413544.186675391974859, 5977657.999038594774902 ], [ 413552.53680523543153, 5977666.810522156767547 ], [ 413554.233797422552016, 5977668.601274999789894 ], [ 413562.054576176742557, 5977676.854160252027214 ], [ 413564.280919453070965, 5977679.203511405736208 ], [ 413571.572347118228208, 5977686.897798348218203 ], [ 413574.328041483648121, 5977689.805747811682522 ], [ 413581.090118059539236, 5977696.941436442546546 ], [ 413574.328041483648121, 5977702.13722457177937 ], [ 413564.280919453012757, 5977703.347730061039329 ], [ 413554.233797422552016, 5977704.203423168510199 ], [ 413544.186675391974859, 5977705.059252859093249 ], [ 413534.139553361397702, 5977705.914945966564119 ], [ 413524.092431330878753, 5977706.770639074966311 ], [ 413521.574636983219534, 5977706.985074537806213 ], [ 413514.045309300301597, 5977707.626332181505859 ], [ 413503.998187269782647, 5977708.482025289908051 ], [ 413493.951065239147283, 5977709.337854980491102 ], [ 413483.903943208628334, 5977710.193548087961972 ], [ 413473.856821178109385, 5977711.049241196364164 ], [ 413463.809699147474021, 5977714.152620607055724 ], [ 413462.29871067777276, 5977717.028712633997202 ], [ 413463.809699147590436, 5977719.48299403861165 ], [ 413468.482166515605059, 5977727.072350729256868 ], [ 413473.856821178109385, 5977735.80225039832294 ], [ 413474.665638075093739, 5977737.115988824516535 ], [ 413480.848887122701854, 5977747.159626921638846 ], [ 413483.903943208628334, 5977752.076041353866458 ], [ 413487.071734591329005, 5977757.20326501596719 ], [ 413493.529874420550186, 5977767.246903111226857 ], [ 413493.951065239205491, 5977767.87791627086699 ], [ 413500.233896230172832, 5977777.290541206486523 ], [ 413503.998187269782647, 5977782.930014838464558 ], [ 413506.937922059150878, 5977787.334179302677512 ], [ 413513.641947888070717, 5977797.377817397937179 ], [ 413514.045309300301597, 5977797.982113406062126 ], [ 413520.345913591154385, 5977807.421455493196845 ], [ 413524.092431330878753, 5977813.034275340847671 ], [ 413527.049971322645433, 5977817.465093588456511 ], [ 413533.753933176398277, 5977827.508731684647501 ], [ 413534.139553361397702, 5977828.086445919238031 ], [ 413540.457990907947533, 5977837.552369779907167 ], [ 413544.186675391974859, 5977843.138552748598158 ], [ 413547.161981154466048, 5977847.596007874235511 ], [ 413553.866010493249632, 5977857.639645971357822 ], [ 413554.233797422552016, 5977858.190651316195726 ], [ 413560.570032812480349, 5977867.683284066617489 ], [ 413564.280919453070965, 5977873.242749882861972 ], [ 413567.274030078493524, 5977877.726922161877155 ], [ 413573.978084470436443, 5977887.770560257136822 ], [ 413574.328041483648121, 5977888.29484845045954 ], [ 413580.682049663853832, 5977897.814198354259133 ], [ 413584.37516351416707, 5977903.347090658731759 ], [ 413587.386040249781217, 5977907.857836448587477 ], [ 413594.090069249097724, 5977917.901474543847144 ], [ 413594.422285544744227, 5977918.399189225398004 ], [ 413600.794091907795519, 5977927.94511263910681 ], [ 413604.469407575321384, 5977933.451287792995572 ], [ 413607.498117736831773, 5977937.988750735297799 ], [ 413614.20214356580982, 5977948.032388830557466 ], [ 413614.516529605840333, 5977948.50338636059314 ], [ 413620.906108419701923, 5977958.076026925817132 ], [ 413624.563651636417489, 5977963.555550202727318 ], [ 413627.610166151251178, 5977968.119665022008121 ], [ 413634.314128005004022, 5977978.163303117267787 ], [ 413634.610773666878231, 5977978.607720780186355 ], [ 413641.01818573649507, 5977988.206941212527454 ], [ 413644.657895697513595, 5977993.659825703129172 ], [ 413647.722176832088735, 5977998.25057930778712 ], [ 413654.432714651804417, 5978008.294217403978109 ], [ 413654.705017728032544, 5978008.700432974845171 ], [ 413661.197328562149778, 5978018.337855499237776 ], [ 413664.752139758609701, 5978023.653784332796931 ], [ 413667.929285227321088, 5978028.381493594497442 ], [ 413674.634686770441476, 5978038.425131689757109 ], [ 413674.799261789186858, 5978038.667822832241654 ], [ 413681.445532488869503, 5978048.468769785948098 ], [ 413684.846383819705807, 5978053.483847413212061 ], [ 413688.260510403953958, 5978058.512407881207764 ], [ 413694.893505850282963, 5978068.29941379558295 ], [ 413695.068275200843345, 5978068.556045976467431 ], [ 413701.878069643862545, 5978078.59968407265842 ], [ 413704.940627880801912, 5978083.115896573290229 ], [ 413708.688915362290572, 5978088.643322167918086 ], [ 413714.987749911379069, 5978097.931921154260635 ], [ 413715.499761080660392, 5978098.686960263177752 ], [ 413722.310606799030211, 5978108.730598358437419 ], [ 413725.034871941898018, 5978112.747945733368397 ], [ 413729.12145251740003, 5978118.774236454628408 ], [ 413735.081993972475175, 5978127.563970315270126 ], [ 413735.932305973779876, 5978128.817874549888074 ], [ 413742.743143954139668, 5978138.861512644216418 ], [ 413745.129116003052332, 5978142.379994894377887 ], [ 413749.553989672509488, 5978148.905150740407407 ], [ 413755.176238033571281, 5978157.196019475348294 ], [ 413756.364846207434312, 5978158.948788836598396 ], [ 413763.175681109249126, 5978168.992426931858063 ], [ 413765.223360064148437, 5978172.012044055387378 ], [ 413769.986570173641667, 5978179.036065027117729 ], [ 413775.270482094725594, 5978186.828038409352303 ], [ 413776.797386441146955, 5978189.079703123308718 ], [ 413783.60829413990723, 5978199.123341217637062 ], [ 413785.317604125244543, 5978201.643992225639522 ], [ 413790.41911040735431, 5978209.166979314759374 ], [ 413795.3647261558217, 5978216.460080873221159 ], [ 413797.229926674743183, 5978219.210617409087718 ], [ 413804.040834373561665, 5978229.254255505278707 ], [ 413805.411848186340649, 5978231.276034689508379 ], [ 413810.851650640950538, 5978239.297893600538373 ], [ 413815.458970216917805, 5978246.092032128944993 ], [ 413817.662538286764175, 5978249.341531695798039 ], [ 413824.473374607216101, 5978259.385169791989028 ], [ 413825.506092247494962, 5978260.908077153377235 ], [ 413831.284190874663182, 5978269.428807888180017 ], [ 413835.553214278013911, 5978275.724081289954484 ], [ 413838.095075441873632, 5978279.472445982508361 ], [ 413844.905914840870537, 5978289.516084077768028 ], [ 413845.600336308591068, 5978290.540105869993567 ], [ 413851.716766878613271, 5978299.559722173959017 ], [ 413855.647458339110017, 5978305.356130450963974 ], [ 413858.52761259698309, 5978309.603360269218683 ], [ 413865.338458315352909, 5978319.646998365409672 ], [ 413865.694580369687174, 5978320.172155031003058 ], [ 413872.149304033722728, 5978329.690636459738016 ], [ 413875.74170240026433, 5978334.988179611042142 ], [ 413878.960149752092548, 5978339.734274555929005 ], [ 413885.770995470404159, 5978349.777912651188672 ], [ 413885.788824430783279, 5978349.804204191081226 ], [ 413892.581841188832186, 5978359.821550747379661 ], [ 413895.835946461360436, 5978364.620228772051632 ], [ 413899.392686907202005, 5978369.865188842639327 ], [ 413905.883068491879385, 5978379.436253353022039 ], [ 413906.203532625513617, 5978379.908826937898993 ], [ 413913.014378343883436, 5978389.95246503315866 ], [ 413915.930190522456542, 5978394.2522779321298 ], [ 413919.825224062253255, 5978399.996103128418326 ], [ 413925.977312552975491, 5978409.068302513100207 ], [ 413926.636069780623075, 5978410.039741224609315 ], [ 413933.446915498992894, 5978420.083379319868982 ], [ 413936.024434583552647, 5978423.884327093139291 ], [ 413940.257761217420921, 5978430.127017415128648 ], [ 413946.071556614129804, 5978438.700351674109697 ], [ 413947.06860693579074, 5978440.170655510388315 ], [ 413953.879452654160559, 5978450.214293606579304 ], [ 413956.118678644648753, 5978453.516376255080104 ], [ 413960.690298372472171, 5978460.25793170183897 ], [ 413966.16580067522591, 5978468.332400834187865 ], [ 413967.50114409084199, 5978470.301569797098637 ], [ 413974.311989809211809, 5978480.345207893289626 ], [ 413976.212922705803066, 5978483.148425415158272 ], [ 413981.122835527523421, 5978490.388845988549292 ], [ 413986.260044736322016, 5978497.964449995197356 ], [ 413987.933681245951448, 5978500.432484083808959 ], [ 413994.744526964321267, 5978510.476122179068625 ], [ 413996.307166766899172, 5978512.78047457523644 ], [ 414001.555372682749294, 5978520.519760275259614 ], [ 414006.354288797418121, 5978527.596499156206846 ], [ 414008.366218401060905, 5978530.56339837051928 ], [ 414015.177064119430725, 5978540.607036465778947 ], [ 414016.401410827995278, 5978542.41252373624593 ], [ 414021.987909837742336, 5978550.650674561038613 ], [ 414026.448532858514227, 5978557.228548316285014 ], [ 414028.798776943760458, 5978560.694312657229602 ], [ 414035.609601274540182, 5978570.737950752489269 ], [ 414036.495654889033176, 5978572.044572897255421 ], [ 414042.420446992851794, 5978580.781588847748935 ], [ 414046.54277691966854, 5978586.860597477294505 ], [ 414049.231317177473102, 5978590.825226943939924 ], [ 414056.04213842964964, 5978600.868865039199591 ], [ 414056.589898950129282, 5978601.676622057333589 ], [ 414062.853041143680457, 5978610.912503134459257 ], [ 414066.637020980764646, 5978616.492586717940867 ], [ 414069.663857411127537, 5978620.956141229718924 ], [ 414076.474765109887812, 5978630.999779325909913 ], [ 414076.684143011341803, 5978631.308540536090732 ], [ 414083.285581377334893, 5978641.043417422100902 ], [ 414086.731265041860752, 5978646.124629181809723 ], [ 414090.096397644723766, 5978651.087055516429245 ], [ 414096.778387072437909, 5978660.940585549920797 ], [ 414096.90730417042505, 5978661.130693611688912 ], [ 414103.718121610989328, 5978671.174331707879901 ], [ 414106.825509102956858, 5978675.756610130891204 ], [ 414110.528995607164688, 5978681.217969803139567 ], [ 414116.872631133534014, 5978690.572634710930288 ], [ 414117.339841325534508, 5978691.261607898399234 ], [ 414124.150687043846119, 5978701.305245994590223 ], [ 414126.919753164052963, 5978705.388659292832017 ], [ 414130.961532762215938, 5978711.348884089849889 ], [ 414136.96687519463012, 5978720.204683871939778 ], [ 414137.772378480585758, 5978721.392522185109556 ], [ 414144.583224198955577, 5978731.436160280369222 ], [ 414147.013997225149069, 5978735.020708451978862 ], [ 414151.394069917267188, 5978741.479798376560211 ], [ 414157.061119255726226, 5978749.836733032949269 ], [ 414158.204915635695215, 5978751.523436471819878 ], [ 414165.015761354123242, 5978761.567074567079544 ], [ 414167.108241286303382, 5978764.652757612988353 ], [ 414171.826607072434854, 5978771.610712663270533 ], [ 414177.155363316822331, 5978779.468782193958759 ], [ 414178.637452790804673, 5978781.6543507585302 ], [ 414185.448298509116285, 5978791.697988853789866 ], [ 414187.202485347399488, 5978794.284806773066521 ], [ 414192.259144227544311, 5978801.741626949049532 ], [ 414197.249607377918437, 5978809.100831354036927 ], [ 414199.069989945914131, 5978811.785265045240521 ], [ 414205.88083566428395, 5978821.828903140500188 ], [ 414207.296729408495594, 5978823.916855935007334 ], [ 414212.691681382653769, 5978831.872541235759854 ], [ 414217.343851439072751, 5978838.732880515046418 ], [ 414219.502527100965381, 5978841.916179331019521 ], [ 414226.313372819393408, 5978851.95981742721051 ], [ 414227.3909734695917, 5978853.548905095085502 ], [ 414233.124218537705019, 5978862.003455521538854 ], [ 414237.438095500168856, 5978868.364929676055908 ], [ 414239.935064256074838, 5978872.047093617729843 ], [ 414246.745909974444658, 5978882.090731713920832 ], [ 414247.485217530687805, 5978883.180954256094992 ], [ 414253.556755692872684, 5978892.134369809180498 ], [ 414257.532339561264962, 5978897.996978836134076 ], [ 414260.367601411242504, 5978902.178007904440165 ], [ 414267.178447129612323, 5978912.221645999699831 ], [ 414267.579461591842119, 5978912.81300341617316 ], [ 414273.989292847923934, 5978922.26528409589082 ], [ 414277.626583622361068, 5978927.629027998074889 ], [ 414280.800138566293754, 5978932.308922191150486 ], [ 414287.672864375053905, 5978942.352560286410153 ], [ 414287.673705652938224, 5978942.445052577182651 ], [ 414294.421830003033392, 5978952.396198381669819 ], [ 414297.720827683457173, 5978957.261077158153057 ], [ 414301.232675721403211, 5978962.439836477860808 ], [ 414307.76794971403433, 5978972.077101738192141 ], [ 414308.043523947591893, 5978972.483474573120475 ], [ 414317.775513039086945, 5978982.527112668380141 ], [ 414317.815071744611487, 5978986.893126318231225 ], [ 414321.665247913799249, 5978992.57075076457113 ], [ 414327.862193775130436, 5979001.709138747304678 ], [ 414328.476064181188121, 5979002.614388859830797 ], [ 414337.874262565397657, 5979012.658026955090463 ], [ 414337.9093158057658, 5979012.693068040534854 ], [ 414347.878460191655904, 5979022.70166505035013 ], [ 414347.956437836226542, 5979031.341181210242212 ], [ 414348.908604414842557, 5979032.745303146541119 ], [ 414357.973014931194484, 5979042.788941241800785 ], [ 414358.003559866803698, 5979042.819475585594773 ], [ 414367.977173975144979, 5979052.832579336129129 ], [ 414368.050681897380855, 5979052.906061769463122 ], [ 414377.981699997675605, 5979062.876217432320118 ], [ 414378.07177135895472, 5979072.919855528511107 ], [ 414378.097803927899804, 5979072.94587907101959 ], [ 414388.075891768501606, 5979082.963493623770773 ], [ 414388.144925958476961, 5979083.032503875903785 ], [ 414398.080379650637042, 5979093.00713171903044 ], [ 414398.19204798899591, 5979093.118761334568262 ], [ 414408.085230315220542, 5979103.050769814290106 ], [ 414408.174613577080891, 5979113.094407910481095 ], [ 414408.239170019573066, 5979113.158941967412829 ], [ 414418.179063267598394, 5979123.138046005740762 ], [ 414418.286292050092015, 5979123.245237605646253 ], [ 414428.183876227180008, 5979133.181684101000428 ], [ 414428.333414080669172, 5979133.331170100718737 ], [ 414438.189047836465761, 5979143.22532219812274 ], [ 414438.277750853972975, 5979153.268960292451084 ], [ 414438.380536111246329, 5979153.371709908358753 ], [ 414448.282526057912037, 5979163.31259838771075 ], [ 414448.427658141765278, 5979163.457680146209896 ], [ 414458.287660390837118, 5979173.356236482970417 ], [ 414458.474780172342435, 5979173.543291378766298 ], [ 414468.293149303644896, 5979183.399874579161406 ], [ 414468.381179812771734, 5979193.443512674421072 ], [ 414468.521902202861384, 5979193.584186268039048 ], [ 414478.386276819685008, 5979203.487150769680738 ], [ 414478.569024233496748, 5979203.669834814965725 ], [ 414488.391728878254071, 5979213.530788865871727 ], [ 414488.479837496997789, 5979223.574426961131394 ], [ 414488.616146264073905, 5979223.71068846154958 ], [ 414498.484897127957083, 5979233.61806505639106 ], [ 414498.663268294592854, 5979233.796374371275306 ], [ 414508.490312283451203, 5979243.661703151650727 ], [ 414508.710390325111803, 5979243.881704879924655 ], [ 414518.496079638309311, 5979253.705341247841716 ], [ 414518.58352132095024, 5979263.748979344032705 ], [ 414518.757512355630752, 5979263.922910044901073 ], [ 414528.588900698639918, 5979273.792617438361049 ], [ 414528.804634386207908, 5979274.008276318199933 ], [ 414538.594630393665284, 5979283.836255533620715 ], [ 414538.851756416785065, 5979284.093292395584285 ], [ 414548.600707169331145, 5979293.879893629811704 ], [ 414548.687491781252902, 5979303.923531725071371 ], [ 414548.898878447304014, 5979304.134845091030002 ], [ 414558.693184941424988, 5979313.967169820331037 ], [ 414558.946000477822963, 5979314.219897690229118 ], [ 414568.699225640972145, 5979324.010807916522026 ], [ 414568.99312250840012, 5979324.30460287258029 ], [ 414578.705609524913598, 5979334.054446011781693 ], [ 414578.791743286768906, 5979344.098084107041359 ], [ 414579.040244539035484, 5979344.346499188803136 ], [ 414588.797747862525284, 5979354.141722202301025 ], [ 414589.087366569554433, 5979354.431240481324494 ], [ 414598.804096074425615, 5979364.185360298492014 ], [ 414599.134488600073382, 5979364.51563825737685 ], [ 414608.810783632623497, 5979374.228998392820358 ], [ 414608.896273838763591, 5979384.272636489011347 ], [ 414609.181610630650539, 5979384.557874337770045 ], [ 414618.902586331882048, 5979394.316274585202336 ], [ 414619.228732661169488, 5979394.642307819798589 ], [ 414628.909238616353832, 5979404.359912680462003 ], [ 414629.275854691746645, 5979404.726401628926396 ], [ 414638.916226465895306, 5979414.403550775721669 ], [ 414639.001080302114133, 5979424.447188870981336 ], [ 414639.322976722265594, 5979424.768973669968545 ], [ 414649.007697266642936, 5979434.490826967172325 ], [ 414649.370098752784543, 5979434.853102786466479 ], [ 414659.014650234894361, 5979444.534465062431991 ], [ 414659.417220783419907, 5979444.936896015889943 ], [ 414669.021935042983387, 5979454.578103157691658 ], [ 414669.106159588438459, 5979464.621741252951324 ], [ 414669.464342813997064, 5979464.979800275526941 ], [ 414679.113077629648615, 5979474.665379349142313 ], [ 414679.511464844516013, 5979475.063628419302404 ], [ 414689.120327942830045, 5979484.709017444401979 ], [ 414689.558586875034962, 5979485.147124405950308 ], [ 414699.127907538437285, 5979494.752655539661646 ], [ 414699.21150865504751, 5979504.796293635852635 ], [ 414699.605708905612119, 5979505.190357194282115 ], [ 414709.218725551327225, 5979514.839931730180979 ], [ 414709.652830936189275, 5979515.273886585608125 ], [ 414719.226269910926931, 5979524.883569826371968 ], [ 414719.699952966708224, 5979525.357088627293706 ], [ 414729.234138824162073, 5979534.927207921631634 ], [ 414729.317125628411304, 5979544.970846017822623 ], [ 414729.747074997285381, 5979545.400646298192441 ], [ 414739.324635829718318, 5979555.01448411308229 ], [ 414739.79419702780433, 5979555.483882485888898 ], [ 414749.332471004046965, 5979565.058122209273279 ], [ 414749.841319058381487, 5979565.566793815232813 ], [ 414759.340627168596257, 5979575.101760303601623 ], [ 414759.423005299409851, 5979585.145398398861289 ], [ 414759.888441088958643, 5979585.610672794282436 ] ], [ [ 414970.878003730555065, 5979514.866504101082683 ], [ 414980.925125761132222, 5979514.919048232026398 ], [ 414981.004269706259947, 5979514.839931731112301 ], [ 414980.925125761190429, 5979510.334197711199522 ], [ 414970.878003730496857, 5979512.835980912670493 ], [ 414965.837044900516048, 5979514.839931731112301 ], [ 414970.878003730555065, 5979514.866504101082683 ] ], [ [ 415001.01936982217012, 5979504.804478066973388 ], [ 415011.066491852747276, 5979504.857214774005115 ], [ 415011.127434123831335, 5979504.796293634921312 ], [ 415011.066491852747276, 5979501.33312064409256 ], [ 415001.019369822228327, 5979504.333479667082429 ], [ 414999.469572484609671, 5979504.796293635852635 ], [ 415001.01936982217012, 5979504.804478066973388 ] ], [ [ 416106.202793183154427, 5977737.155735677108169 ], [ 416106.272056872723624, 5977737.115988824516535 ], [ 416106.202793183096219, 5977737.047281069681048 ], [ 416106.156516507966444, 5977737.115988824516535 ], [ 416106.202793183154427, 5977737.155735677108169 ] ], [ [ 416096.155671152519062, 5977727.551268462091684 ], [ 416096.852586907567456, 5977727.072350729256868 ], [ 416096.155671152519062, 5977726.380655886605382 ], [ 416094.623981732758693, 5977727.072350729256868 ], [ 416096.155671152519062, 5977727.551268462091684 ] ] ] } },
{ "type": "Feature", "properties": { "id": 3, "cost_level": 1200.0 }, "geometry": { "type": "Polygon", "coordinates": [ [ [ 414769.935563119477592, 5979245.087808237411082 ], [ 414770.771867236995604, 5979243.661703151650727 ], [ 414776.661644038744271, 5979233.61806505639106 ], [ 414779.982685150054749, 5979227.954813439399004 ], [ 414782.551454650529195, 5979223.574426961131394 ], [ 414788.441214250109624, 5979213.530788865871727 ], [ 414790.029807180573698, 5979210.821818642318249 ], [ 414794.331042064004578, 5979203.487150769680738 ], [ 414800.076929211209062, 5979193.688827998936176 ], [ 414800.220785889832769, 5979193.443512674421072 ], [ 414806.110629477538168, 5979183.399874579161406 ], [ 414810.124051241669804, 5979176.555883240886033 ], [ 414812.000373303366359, 5979173.356236482970417 ], [ 414817.890216891071759, 5979163.31259838771075 ], [ 414820.171173272246961, 5979159.422938483767211 ], [ 414823.779960716841742, 5979153.268960292451084 ], [ 414829.66980430460535, 5979143.225322197191417 ], [ 414830.218295302824117, 5979142.28999372664839 ], [ 414835.559548130375333, 5979133.181684101000428 ], [ 414840.265417333343066, 5979125.157014770433307 ], [ 414841.44786538783228, 5979123.138046005740762 ], [ 414847.0967369369464, 5979113.094407910481095 ], [ 414850.312539363920223, 5979107.202199932187796 ], [ 414852.578891302808188, 5979103.050769814290106 ], [ 414860.35966139449738, 5979093.44034596439451 ], [ 414860.751445306581445, 5979093.00713171903044 ], [ 414869.834671874530613, 5979082.963493623770773 ], [ 414870.406783425016329, 5979082.330890074372292 ], [ 414878.917898442479782, 5979072.919855528511107 ], [ 414880.453905455593485, 5979071.221439394168556 ], [ 414888.001125010370743, 5979062.876217432320118 ], [ 414890.501027486112434, 5979060.111988713033497 ], [ 414897.084351578378119, 5979052.832579337060452 ], [ 414900.548149516689591, 5979049.002538032829762 ], [ 414906.167578146269079, 5979042.788941241800785 ], [ 414910.59527154720854, 5979037.893087353557348 ], [ 414915.25080471416004, 5979032.745303146541119 ], [ 414920.642393577785697, 5979026.783564984798431 ], [ 414924.333962190314196, 5979022.70166505035013 ], [ 414930.689515608362854, 5979015.840512950904667 ], [ 414933.726426234235987, 5979012.658026955090463 ], [ 414940.736637638881803, 5979005.339530790224671 ], [ 414943.346956297522411, 5979002.614388859830797 ], [ 414950.783759669458959, 5978994.850453745573759 ], [ 414952.967407852876931, 5978992.57075076457113 ], [ 414960.830881700036116, 5978984.361376699060202 ], [ 414962.58785940828966, 5978982.527112668380141 ], [ 414970.878003730555065, 5978973.872299653477967 ], [ 414972.208310963702388, 5978972.483474573120475 ], [ 414980.925125761190429, 5978963.383222607895732 ], [ 414981.828762519056909, 5978962.439836477860808 ], [ 414990.098972866020631, 5978952.396198380738497 ], [ 414990.972247791651171, 5978950.574636723846197 ], [ 414994.913993688067421, 5978942.352560286410153 ], [ 414999.72913412831258, 5978932.308922191150486 ], [ 415001.019369822228327, 5978927.270219925791025 ], [ 415002.185531328665093, 5978922.265284094959497 ], [ 415004.340755863522645, 5978912.221645999699831 ], [ 415006.762323339818977, 5978902.178007904440165 ], [ 415009.237090591108426, 5978892.134369809180498 ], [ 415011.066491852747276, 5978884.709896177053452 ], [ 415011.798898329259828, 5978882.090731713920832 ], [ 415015.361390490783378, 5978872.047093617729843 ], [ 415021.113613883324433, 5978865.008208286948502 ], [ 415029.802858533570543, 5978862.003455522470176 ], [ 415031.16073591390159, 5978861.533899654634297 ], [ 415041.207857944420539, 5978858.059591023251414 ], [ 415046.737141653429717, 5978851.95981742721051 ], [ 415051.254979974997696, 5978848.050783317536116 ], [ 415061.302102005516645, 5978850.647354884073138 ], [ 415071.349224036093801, 5978849.254664369858801 ], [ 415081.39634606661275, 5978845.642253800295293 ], [ 415091.443468097189907, 5978850.378219545818865 ], [ 415094.798751425580122, 5978851.95981742721051 ], [ 415101.490590127767064, 5978855.114153786562383 ], [ 415111.537712158286013, 5978859.850072229281068 ], [ 415116.106056185148191, 5978862.003455522470176 ], [ 415121.584834188804962, 5978864.585990671999753 ], [ 415131.631956219382118, 5978869.321909114718437 ], [ 415137.41336094471626, 5978872.04709361679852 ], [ 415141.679078249959275, 5978874.057847640477121 ], [ 415151.726200280536432, 5978879.039441980421543 ], [ 415158.123886004905216, 5978882.090731713920832 ], [ 415161.773322311055381, 5978883.017697914503515 ], [ 415171.820444341632538, 5978884.169575229287148 ], [ 415181.867566372151487, 5978891.076957749202847 ], [ 415183.072299328166991, 5978892.134369809180498 ], [ 415191.914688402728643, 5978900.772636746056378 ], [ 415193.343438326730393, 5978902.178007904440165 ], [ 415201.9618104333058, 5978910.484369133599102 ], [ 415204.017242860223632, 5978912.221645999699831 ], [ 415212.008932463824749, 5978921.114834810607135 ], [ 415219.334197994729038, 5978912.221645999699831 ], [ 415221.608644268591888, 5978902.178007904440165 ], [ 415222.056054494401906, 5978894.704093429259956 ], [ 415222.522232552291825, 5978892.134369809180498 ], [ 415228.684874666389078, 5978882.090731713920832 ], [ 415232.103176524979062, 5978878.505375965498388 ], [ 415242.150298555498011, 5978878.197720482945442 ], [ 415252.197420586075168, 5978881.404224372468889 ], [ 415253.556192895513959, 5978882.090731713920832 ], [ 415262.244542616594117, 5978886.297120889648795 ], [ 415272.291664647171274, 5978882.223450223915279 ], [ 415272.501584077079315, 5978882.090731713920832 ], [ 415282.338786677690223, 5978875.304881731979549 ], [ 415287.905323743529152, 5978872.047093617729843 ], [ 415292.385908708209172, 5978869.133584153838456 ], [ 415302.433030738844536, 5978862.326220640912652 ], [ 415302.608473536500242, 5978862.003455522470176 ], [ 415312.480152769363485, 5978853.536606105044484 ], [ 415313.200087069184519, 5978851.95981742721051 ], [ 415316.144273338315543, 5978841.916179331019521 ], [ 415322.191185670089908, 5978831.872541235759854 ], [ 415322.527274799940642, 5978831.531498959288001 ], [ 415326.957299319794402, 5978821.828903140500188 ], [ 415332.574396830517799, 5978815.054486338980496 ], [ 415342.621518861036748, 5978813.844321364536881 ], [ 415352.668640891555697, 5978814.067934487015009 ], [ 415362.715762922132853, 5978814.291566137224436 ], [ 415372.76288495271001, 5978814.515197787433863 ], [ 415382.810006983228959, 5978816.443587919697165 ], [ 415392.093616379832383, 5978821.828903139568865 ], [ 415392.857129013806116, 5978823.047812415286899 ], [ 415402.904251044325065, 5978822.057978756725788 ], [ 415404.417466964863706, 5978821.828903140500188 ], [ 415412.389924093324225, 5978811.785265045240521 ], [ 415412.951373074902222, 5978808.906259601004422 ], [ 415413.865798196289688, 5978801.741626949049532 ], [ 415415.02320962928934, 5978791.697988853789866 ], [ 415416.056282804987859, 5978781.6543507585302 ], [ 415417.791984046460129, 5978771.610712663270533 ], [ 415420.544697959441692, 5978761.567074567079544 ], [ 415421.938942418142688, 5978751.523436471819878 ], [ 415422.998495105479378, 5978742.985733905807137 ], [ 415423.185267654655036, 5978741.479798377491534 ], [ 415432.182192586478777, 5978731.436160280369222 ], [ 415433.045617135998327, 5978730.647875912487507 ], [ 415443.092739166575484, 5978721.420900071971118 ], [ 415443.123171816638205, 5978721.392522185109556 ], [ 415453.139861197094433, 5978712.051548268646002 ], [ 415453.893389628676232, 5978711.348884089849889 ], [ 415463.186983227729797, 5978702.536018048413098 ], [ 415464.50260046281619, 5978701.305245995521545 ], [ 415470.113061045936774, 5978691.261607898399234 ], [ 415470.424934603448492, 5978681.217969803139567 ], [ 415471.199999003612902, 5978671.174331707879901 ], [ 415471.927183922671247, 5978661.130693611688912 ], [ 415468.58792340970831, 5978651.087055516429245 ], [ 415463.18698322767159, 5978646.541638441383839 ], [ 415455.959319924353622, 5978641.043417421169579 ], [ 415453.139861197094433, 5978638.709796660579741 ], [ 415443.092739166575484, 5978632.058125061914325 ], [ 415442.380463043169584, 5978630.999779325909913 ], [ 415435.452647178666666, 5978620.956141229718924 ], [ 415437.311678624362685, 5978610.912503134459257 ], [ 415440.713623721967451, 5978600.868865039199591 ], [ 415443.092739166575484, 5978596.97489087190479 ], [ 415453.134854363452177, 5978590.825226943939924 ], [ 415453.139861197094433, 5978590.818898249417543 ], [ 415456.623451886931434, 5978580.781588847748935 ], [ 415463.18698322767159, 5978573.472121415659785 ], [ 415464.90235743514495, 5978570.737950752489269 ], [ 415471.999551823944785, 5978560.694312657229602 ], [ 415473.234105258248746, 5978558.94722387380898 ], [ 415479.096693599247374, 5978550.650674561038613 ], [ 415483.281227288767695, 5978544.728913240134716 ], [ 415486.193896559416316, 5978540.607036465778947 ], [ 415493.291029763349798, 5978530.56339837051928 ], [ 415493.328349319344852, 5978530.510585436597466 ], [ 415500.388232723460533, 5978520.519760275259614 ], [ 415503.375471349863801, 5978516.292356347665191 ], [ 415507.485435683629476, 5978510.476122179999948 ], [ 415513.422593380440958, 5978502.074044676497579 ], [ 415514.582576941233128, 5978500.432484082877636 ], [ 415521.679771847731899, 5978490.388845988549292 ], [ 415523.469715410959907, 5978487.855799454264343 ], [ 415528.776974807842635, 5978480.345207893289626 ], [ 415533.516837441537064, 5978473.637504437938333 ], [ 415535.874124378198758, 5978470.301569797098637 ], [ 415542.971310971945059, 5978460.25793170183897 ], [ 415543.56395947211422, 5978459.419234317727387 ], [ 415550.068489336175844, 5978450.214293606579304 ], [ 415553.611081502633169, 5978445.200964197516441 ], [ 415558.515020174207166, 5978440.170655511319637 ], [ 415563.658203533152118, 5978436.768646670505404 ], [ 415573.705325563787483, 5978430.578025640919805 ], [ 415574.43729327165056, 5978430.127017416059971 ], [ 415583.752447594306432, 5978424.387440988793969 ], [ 415590.737806041317526, 5978420.083379319868982 ], [ 415593.799569624825381, 5978418.196847239509225 ], [ 415603.846691655402537, 5978410.042352654971182 ], [ 415603.848280209291261, 5978410.039741223677993 ], [ 415611.184588349133264, 5978399.996103128418326 ], [ 415613.893813685979694, 5978397.50186830945313 ], [ 415623.940935716498643, 5978394.241043178364635 ], [ 415633.9880577470758, 5978390.855819205753505 ], [ 415636.644974715658464, 5978389.95246503315866 ], [ 415644.035179777652957, 5978387.366822022013366 ], [ 415654.082301808113698, 5978381.996056760661304 ], [ 415657.476699604128953, 5978379.908826937898993 ], [ 415664.129423838749062, 5978375.818038154393435 ], [ 415671.870886302320287, 5978369.865188842639327 ], [ 415674.176545869268011, 5978367.666464673355222 ], [ 415681.801406583283097, 5978359.821550746448338 ], [ 415684.223667899845168, 5978357.329363369382918 ], [ 415691.563239202136174, 5978349.777912651188672 ], [ 415694.270789930422325, 5978345.667539451271296 ], [ 415697.307138464180753, 5978339.734274555929005 ], [ 415701.614143269718625, 5978329.690636459738016 ], [ 415704.317911960941274, 5978323.385546693578362 ], [ 415705.946015856054146, 5978319.64699836447835 ], [ 415710.851373493729625, 5978309.603360269218683 ], [ 415714.170711434213445, 5978299.559722173959017 ], [ 415712.184492704807781, 5978289.516084077768028 ], [ 415710.192771804227959, 5978279.472445982508361 ], [ 415708.201050903648138, 5978269.428807887248695 ], [ 415706.209330003068317, 5978259.385169791989028 ], [ 415704.317911960941274, 5978249.847328270785511 ], [ 415704.217609102488495, 5978249.341531695798039 ], [ 415702.225888201908674, 5978239.297893600538373 ], [ 415700.234137019782793, 5978229.254255505278707 ], [ 415698.242426233016886, 5978219.210617409087718 ], [ 415696.250674481503665, 5978209.166979313828051 ], [ 415694.270789930422325, 5978199.183028302155435 ], [ 415694.258953580923844, 5978199.123341218568385 ], [ 415692.267232680285815, 5978189.079703123308718 ], [ 415690.275511779705994, 5978179.036065027117729 ], [ 415688.28379087918438, 5978168.992426931858063 ], [ 415686.292069978546351, 5978158.948788836598396 ], [ 415684.30034907796653, 5978148.905150739476085 ], [ 415684.223667899903376, 5978148.518471059389412 ], [ 415682.308628177386709, 5978138.861512645147741 ], [ 415680.379207919351757, 5978128.817874549888074 ], [ 415681.044389202143066, 5978118.774236454628408 ], [ 415684.165476178866811, 5978108.730598358437419 ], [ 415684.223667899845168, 5978108.543608506210148 ], [ 415687.291082074516453, 5978098.686960263177752 ], [ 415690.416720415232703, 5978088.643322167918086 ], [ 415693.542384578671772, 5978078.59968407265842 ], [ 415694.270789930422325, 5978076.25911280233413 ], [ 415696.668048741994426, 5978068.556045976467431 ], [ 415699.793674818705767, 5978058.512407881207764 ], [ 415702.919292488426436, 5978048.468769785948098 ], [ 415704.317911960941274, 5978043.974612038582563 ], [ 415706.044956651865505, 5978038.425131690688431 ], [ 415709.170577086391859, 5978028.381493594497442 ], [ 415712.296200398355722, 5978018.337855499237776 ], [ 415714.365033991576638, 5978011.69011127576232 ], [ 415715.421864561736584, 5978008.294217403978109 ], [ 415718.547528725117445, 5977998.25057930778712 ], [ 415721.673169830697589, 5977988.206941212527454 ], [ 415724.412156022037379, 5977979.405644128099084 ], [ 415724.798775726230815, 5977978.163303117267787 ], [ 415727.924436634872109, 5977968.119665022008121 ], [ 415731.05007209838368, 5977958.076026925817132 ], [ 415734.175680381420534, 5977948.032388830557466 ], [ 415734.459278052614536, 5977947.121109747327864 ], [ 415737.301344544801395, 5977937.988750735297799 ], [ 415740.427008708182257, 5977927.94511263910681 ], [ 415743.552588291233405, 5977917.901474543847144 ], [ 415744.506400083191693, 5977914.836608983576298 ], [ 415746.678252454672474, 5977907.857836448587477 ], [ 415750.309307828138117, 5977897.814198353327811 ], [ 415754.553522113652434, 5977889.1086061373353 ], [ 415755.2039137003012, 5977887.770560257136822 ], [ 415760.291186632064637, 5977877.726922161877155 ], [ 415764.600644144287799, 5977871.279776379466057 ], [ 415766.914236222044565, 5977867.683284066617489 ], [ 415773.752991407352965, 5977857.639645971357822 ], [ 415774.647766174806748, 5977856.325561445206404 ], [ 415780.591816279105842, 5977847.596007875166833 ], [ 415779.990792425815016, 5977837.552369779907167 ], [ 415777.98771607899107, 5977827.508731685578823 ], [ 415777.305369411071297, 5977817.465093588456511 ], [ 415776.623022743267938, 5977807.421455493196845 ], [ 415775.940676075406373, 5977797.377817397937179 ], [ 415775.258329407544807, 5977787.334179302677512 ], [ 415774.64776617474854, 5977778.34714026004076 ], [ 415774.570982061210088, 5977777.290541206486523 ], [ 415770.496865311753936, 5977767.246903111226857 ], [ 415765.554309898114298, 5977757.20326501596719 ], [ 415764.600644144287799, 5977755.265345681458712 ], [ 415760.558322713186499, 5977747.159626920707524 ], [ 415754.553522113710642, 5977739.727592050097883 ], [ 415751.971064167446457, 5977737.115988824516535 ], [ 415744.506400083191693, 5977727.198413942940533 ], [ 415744.382192030141596, 5977727.072350729256868 ], [ 415744.506400083191693, 5977726.669715038500726 ], [ 415747.905766219715588, 5977717.028712633997202 ], [ 415752.285001003649086, 5977706.985074538737535 ], [ 415754.553522113710642, 5977698.406505730934441 ], [ 415754.848144233226776, 5977696.941436442546546 ], [ 415754.553522113710642, 5977696.296058838255703 ], [ 415751.815273318323307, 5977686.89779834728688 ], [ 415744.928563846391626, 5977676.854160252027214 ], [ 415744.5064000832499, 5977676.240950576029718 ], [ 415738.014028376433998, 5977666.810522155836225 ], [ 415734.459278052614536, 5977661.647164188325405 ], [ 415731.045153430663049, 5977656.766884060576558 ], [ 415724.412156022037379, 5977647.061178633011878 ], [ 415724.146979768702295, 5977646.723245965316892 ], [ 415716.873304637963884, 5977636.679607870057225 ], [ 415714.36503399151843, 5977632.942131133750081 ], [ 415706.486668567173183, 5977626.635969773866236 ], [ 415704.317911960941274, 5977624.6269003553316 ], [ 415694.270789930422325, 5977619.480166126042604 ], [ 415687.343950063688681, 5977616.59233167860657 ], [ 415684.223667899845168, 5977615.291470319963992 ], [ 415674.176545869268011, 5977607.795002049766481 ], [ 415673.479773388069589, 5977606.548693583346903 ], [ 415666.533592892054003, 5977596.505055488087237 ], [ 415664.129423838749062, 5977595.026122591458261 ], [ 415654.082301808171906, 5977590.563166270032525 ], [ 415644.84833926113788, 5977586.461417391896248 ], [ 415644.035179777652957, 5977586.098402976058424 ], [ 415634.69093712506583, 5977576.417779296636581 ], [ 415633.9880577470758, 5977574.634255605749786 ], [ 415630.73278050951194, 5977566.374141201376915 ], [ 415628.843892443517689, 5977556.330503105185926 ], [ 415623.940935716498643, 5977547.60759755037725 ], [ 415623.122145034081768, 5977546.28686500992626 ], [ 415615.710123925993685, 5977536.243226914666593 ], [ 415613.893813685979694, 5977533.78204089589417 ], [ 415608.298102817963809, 5977526.199588818475604 ], [ 415603.846691655402537, 5977520.167784860357642 ], [ 415601.061877418600488, 5977516.155950723215938 ], [ 415599.399189102987293, 5977506.112312627956271 ], [ 415600.847264352138154, 5977496.068674532696605 ], [ 415602.295339601289015, 5977486.025036436505616 ], [ 415603.7434142222628, 5977475.981398341245949 ], [ 415602.95103262871271, 5977465.937760245986283 ], [ 415599.882442889036611, 5977455.894122150726616 ], [ 415597.159067969769239, 5977445.850484054535627 ], [ 415597.3795950729982, 5977435.806845959275961 ], [ 415597.600106360274367, 5977425.763207864016294 ], [ 415597.820598035235889, 5977415.719569767825305 ], [ 415601.949068792455364, 5977405.675931672565639 ], [ 415603.846691655402537, 5977405.387518046423793 ], [ 415604.34244607842993, 5977405.675931672565639 ], [ 415613.893813685979694, 5977411.232612268999219 ], [ 415621.606436316447798, 5977415.719569768756628 ], [ 415623.940935716498643, 5977417.226779026910663 ], [ 415633.9880577470758, 5977422.922790111042559 ], [ 415638.870454182266258, 5977425.763207864016294 ], [ 415644.035179777652957, 5977428.767875441350043 ], [ 415654.082301808171906, 5977434.612960772588849 ], [ 415656.134472048142925, 5977435.806845959275961 ], [ 415664.129423838690855, 5977440.458053546026349 ], [ 415673.398462286219001, 5977445.85048405546695 ], [ 415674.176545869268011, 5977446.303147505968809 ], [ 415684.223667899845168, 5977452.148232837207615 ], [ 415690.662480152095668, 5977455.894122150726616 ], [ 415694.270789930422325, 5977457.993318168446422 ], [ 415704.317911960941274, 5977463.838403498753905 ], [ 415707.926498017914128, 5977465.937760245986283 ], [ 415714.36503399151843, 5977469.683488829061389 ], [ 415724.412156022037379, 5977475.298120697028935 ], [ 415725.190488255931996, 5977475.981398341245949 ], [ 415734.459278052614536, 5977481.373675563372672 ], [ 415742.454506121866871, 5977486.025036436505616 ], [ 415744.506400083191693, 5977487.218760894611478 ], [ 415754.553522113710642, 5977490.114389376714826 ], [ 415759.490358303068206, 5977486.025036436505616 ], [ 415754.553522113710642, 5977481.125165574252605 ], [ 415749.370929729484487, 5977475.981398342177272 ], [ 415744.506400083191693, 5977471.153311092406511 ], [ 415739.251482262508944, 5977465.937760245986283 ], [ 415734.459278052614536, 5977461.181456612423062 ], [ 415729.13205518288305, 5977455.894122151657939 ], [ 415724.412156022037379, 5977451.209581767208874 ], [ 415719.012607992626727, 5977445.850484054535627 ], [ 415714.36503399151843, 5977441.237709485925734 ], [ 415708.893178312049713, 5977435.806845959275961 ], [ 415704.317911960941274, 5977431.265855003148317 ], [ 415698.773752062639687, 5977425.763207864016294 ], [ 415694.270789930364117, 5977421.293979341164231 ], [ 415688.654304872499779, 5977415.719569767825305 ], [ 415684.223667899845168, 5977411.322107877582312 ], [ 415678.534874361590482, 5977405.675931673496962 ], [ 415674.176545869268011, 5977401.350253395736217 ], [ 415668.415448942454532, 5977395.632293577305973 ], [ 415664.129423838749062, 5977391.378376916050911 ], [ 415658.296001752256416, 5977385.588655482046306 ], [ 415654.082301808171906, 5977381.406506270170212 ], [ 415648.176570411189459, 5977375.545017385855317 ], [ 415644.035179777652957, 5977371.434651788324118 ], [ 415638.057145822269376, 5977365.501379290595651 ], [ 415633.988057747134008, 5977361.462774490006268 ], [ 415627.937698632013053, 5977355.457741195335984 ], [ 415623.940935716498643, 5977351.490904662758112 ], [ 415617.818266460730229, 5977345.414103100076318 ], [ 415613.893813685979694, 5977341.519050180912018 ], [ 415607.698842702026013, 5977335.370465003885329 ], [ 415603.846691655402537, 5977331.547172063961625 ], [ 415597.579395511827897, 5977325.326826908625662 ], [ 415593.799569624883588, 5977321.575303055346012 ], [ 415587.459962510270998, 5977315.283188813365996 ], [ 415583.752447594306432, 5977311.603448573499918 ], [ 415577.340515043353662, 5977305.239550717175007 ], [ 415573.705325563787483, 5977301.631594091653824 ], [ 415567.221092391642742, 5977295.19591262191534 ], [ 415563.658203533210326, 5977291.659701447933912 ], [ 415557.101658559869975, 5977285.152274526655674 ], [ 415553.611081502633169, 5977281.687846966087818 ], [ 415546.982211092952639, 5977275.108636431396008 ], [ 415543.56395947211422, 5977271.715992483310401 ], [ 415536.862789271399379, 5977265.064998335205019 ], [ 415533.516837441478856, 5977261.744112457148731 ], [ 415526.743342081317678, 5977255.021360239945352 ], [ 415523.469715411018115, 5977251.772245357744396 ], [ 415516.623907142493408, 5977244.977722143754363 ], [ 415513.422593380440958, 5977241.800390876829624 ], [ 415506.504486151214223, 5977234.934084049426019 ], [ 415503.375471349863801, 5977231.82851003203541 ], [ 415496.385038961016107, 5977224.89044595323503 ], [ 415493.328349319344852, 5977221.856643749400973 ], [ 415486.265603192034177, 5977214.846807857975364 ], [ 415483.281227288767695, 5977211.884789269417524 ], [ 415476.146183031087276, 5977204.80316976364702 ], [ 415473.234105258248746, 5977201.912907605990767 ], [ 415466.026735840830952, 5977194.759531666524708 ], [ 415463.18698322767159, 5977191.941042141988873 ], [ 415455.907299241633154, 5977184.715893571265042 ], [ 415453.139861197094433, 5977181.969187660142779 ], [ 415445.787879910785705, 5977174.672255475074053 ], [ 415443.092739166575484, 5977171.997305180877447 ], [ 415435.668432720587589, 5977164.628617380745709 ], [ 415433.045617135998327, 5977162.025440535508096 ], [ 415425.548995291232131, 5977154.58497928455472 ], [ 415422.998495105479378, 5977152.05358605273068 ], [ 415415.429547824140172, 5977144.541341188363731 ], [ 415412.951373074902222, 5977142.081731570884585 ], [ 415405.310129600402433, 5977134.497703094035387 ], [ 415402.904251044383273, 5977132.109838927164674 ], [ 415395.190691340714693, 5977124.454064998775721 ], [ 415392.857129013806116, 5977122.137984446249902 ], [ 415385.071243873797357, 5977114.410426902584732 ], [ 415382.810006983228959, 5977112.166129963472486 ], [ 415374.951826480217278, 5977104.366788807325065 ], [ 415372.76288495271001, 5977102.194245574064553 ], [ 415364.832379290019162, 5977094.323150712065399 ], [ 415362.715762922132853, 5977092.22238283790648 ], [ 415354.712939923396334, 5977084.27951261587441 ], [ 415352.668640891613904, 5977082.250528356060386 ], [ 415344.593523359973915, 5977074.235874520614743 ], [ 415342.621518861036748, 5977072.27864314801991 ], [ 415334.474076169717591, 5977064.192236425355077 ], [ 415332.574396830517799, 5977062.306781229563057 ], [ 415324.354635972878896, 5977054.14859833009541 ], [ 415322.527274799940642, 5977052.334926747716963 ], [ 415314.235220239730552, 5977044.104960233904421 ], [ 415312.480152769363485, 5977042.36304072290659 ], [ 415304.115773049590643, 5977034.061322137713432 ], [ 415302.433030738844536, 5977032.391179622150958 ], [ 415293.99633202253608, 5977024.017684044316411 ], [ 415292.385908708325587, 5977022.419325141236186 ], [ 415283.876917119545396, 5977013.974045947194099 ], [ 415282.338786677690223, 5977012.447438295930624 ], [ 415273.757469929405488, 5977003.930407851934433 ], [ 415272.291664647229481, 5977002.475578013807535 ], [ 415263.638028072018642, 5976993.886769756674767 ], [ 415262.244542616594117, 5976992.503723532892764 ], [ 415253.518613999360241, 5976983.8431316614151 ], [ 415252.197420586075168, 5976982.531835871748626 ], [ 415243.399166809162125, 5976973.799493564292789 ], [ 415242.150298555498011, 5976972.559976406395435 ], [ 415233.279724121617619, 5976963.755855469964445 ], [ 415232.103176524920855, 5976962.588121924549341 ], [ 415223.160276654642075, 5976953.712217375636101 ], [ 415222.056054494401906, 5976952.61626744363457 ], [ 415213.040863688918762, 5976943.668579279445112 ], [ 415212.008932463824749, 5976942.644374799914658 ], [ 415202.921420171216596, 5976933.624941183254123 ], [ 415201.9618104333058, 5976932.672520317137241 ], [ 415192.801972704241052, 5976923.581303087994456 ], [ 415191.914688402728643, 5976922.70066583622247 ], [ 415182.08971819432918, 5976913.53766499273479 ], [ 415181.867566372209694, 5976913.317278552800417 ], [ 415171.820444341632538, 5976905.405819633975625 ], [ 415169.35233071539551, 5976903.494026896543801 ], [ 415161.773322311055381, 5976897.623351791873574 ], [ 415156.38600610231515, 5976893.450388802215457 ], [ 415151.726200280478224, 5976889.8409483153373 ], [ 415143.419618805695791, 5976883.406750706024468 ], [ 415141.679078249959275, 5976882.058536198921502 ], [ 415131.631956219382118, 5976874.276076995767653 ], [ 415130.45331460563466, 5976873.363112610764802 ], [ 415121.584834188804962, 5976866.493673519231379 ], [ 415117.4869273090153, 5976863.319474514573812 ], [ 415111.537712158286013, 5976858.711270042695105 ], [ 415104.5205980486935, 5976853.275836419314146 ], [ 415101.490590127767064, 5976850.928802200593054 ], [ 415091.554235812276602, 5976843.23219832405448 ], [ 415091.443468097189907, 5976843.14639872405678 ], [ 415081.396346066670958, 5976835.363995248451829 ], [ 415078.58784851571545, 5976833.188560228794813 ], [ 415071.349224036093801, 5976827.581555837765336 ], [ 415065.621544315596111, 5976823.144922132603824 ], [ 415061.302102005458437, 5976819.799123927950859 ], [ 415052.655157018976752, 5976813.101284037344158 ], [ 415051.254979974997696, 5976812.016720451414585 ], [ 415041.207857944420539, 5976804.234316975809634 ], [ 415039.688782286131755, 5976803.057645941153169 ], [ 415031.16073591390159, 5976796.45184913277626 ], [ 415026.722465522354469, 5976793.014007845893502 ], [ 415021.113613883266225, 5976788.669445655308664 ], [ 415013.756078225676902, 5976782.970369750633836 ], [ 415011.066491852747276, 5976780.88702882733196 ], [ 415001.019369822228327, 5976773.104574337601662 ], [ 415000.78977402561577, 5976772.926731655374169 ], [ 414990.972247791651171, 5976765.322170861065388 ], [ 414987.956599140365142, 5976762.883093560114503 ], [ 414980.925125761132222, 5976757.384207770228386 ], [ 414978.354324121610261, 5976762.883093560114503 ], [ 414980.284413753193803, 5976772.926731654442847 ], [ 414980.925125761132222, 5976775.367605817504227 ], [ 414983.053112859895919, 5976782.970369750633836 ], [ 414985.557180070201866, 5976793.014007845893502 ], [ 414988.193563228705898, 5976803.057645942084491 ], [ 414990.82994638720993, 5976813.101284037344158 ], [ 414990.972247791651171, 5976813.643399397842586 ], [ 414993.466329545597546, 5976823.144922132603824 ], [ 414996.174896731623448, 5976833.188560228794813 ], [ 414999.911347814020701, 5976843.23219832405448 ], [ 415001.019369822228327, 5976846.012966009788215 ], [ 415004.619529167364817, 5976853.275836419314146 ], [ 415011.066491852747276, 5976860.75232498254627 ], [ 415012.686461190343834, 5976863.319474514573812 ], [ 415021.113613883324433, 5976872.690041601657867 ], [ 415021.575481392326765, 5976873.363112610764802 ], [ 415021.113613883324433, 5976874.303654180839658 ], [ 415017.233296638762113, 5976883.406750706024468 ], [ 415011.066491852747276, 5976886.746316934004426 ], [ 415001.019369822228327, 5976888.509055318310857 ], [ 414990.972247791651171, 5976890.469466418027878 ], [ 414987.944523509650026, 5976893.450388802215457 ], [ 414980.925125761132222, 5976900.344931045547128 ], [ 414974.769164845230989, 5976903.494026896543801 ], [ 414970.878003730555065, 5976907.878806302323937 ], [ 414960.830881699977908, 5976911.621912544593215 ], [ 414958.285543578793295, 5976913.53766499273479 ], [ 414950.783759669458959, 5976919.30322946049273 ], [ 414940.736637638881803, 5976918.512385105714202 ], [ 414932.227809816075023, 5976923.581303087994456 ], [ 414930.689515608362854, 5976924.497702777385712 ], [ 414922.330978563288227, 5976923.581303088925779 ], [ 414920.642393577785697, 5976922.737585607916117 ], [ 414916.107644858770072, 5976913.53766499273479 ], [ 414910.59527154720854, 5976907.229872167110443 ], [ 414904.998930269852281, 5976903.494026896543801 ], [ 414900.548149516689591, 5976900.522902120836079 ], [ 414890.501027486112434, 5976893.815932075493038 ], [ 414889.953439251694363, 5976893.450388801284134 ], [ 414880.453905455593485, 5976887.108962031081319 ], [ 414874.907948233536445, 5976883.406750705093145 ], [ 414870.406783425016329, 5976880.401991985738277 ], [ 414860.35966139449738, 5976873.695020977407694 ], [ 414859.804397217987571, 5976873.363112610764802 ], [ 414850.312539363920223, 5976867.26344040594995 ], [ 414840.265417333343066, 5976864.63901905156672 ], [ 414830.218295302824117, 5976865.628877053037286 ], [ 414820.171173272246961, 5976866.618735054507852 ], [ 414810.124051241728012, 5976867.608593055978417 ], [ 414800.076929211150855, 5976867.957286703400314 ], [ 414790.029807180631906, 5976866.923423972912133 ], [ 414779.982685150112957, 5976865.961670133285224 ], [ 414769.935563119477592, 5976865.935826016589999 ], [ 414759.888441088958643, 5976867.537327840924263 ], [ 414749.841319058439694, 5976870.727530054748058 ], [ 414741.540983528539073, 5976873.363112610764802 ], [ 414739.79419702780433, 5976873.917761785909534 ], [ 414729.747074997285381, 5976877.1079434864223 ], [ 414719.699952966708224, 5976875.569721421226859 ], [ 414711.304745418718085, 5976873.363112610764802 ], [ 414709.652830936131068, 5976872.929783126339316 ], [ 414699.605708905612119, 5976869.679280951619148 ], [ 414689.558586875034962, 5976866.42883778270334 ], [ 414679.947717379429378, 5976863.319474514573812 ], [ 414679.511464844516013, 5976863.178335607983172 ], [ 414669.464342813938856, 5976859.927833434194326 ], [ 414659.417220783419907, 5976858.398854275234044 ], [ 414649.37009875284275, 5976860.239913525059819 ], [ 414639.322976722265594, 5976862.080937337130308 ], [ 414632.564104201155715, 5976863.319474514573812 ], [ 414629.275854691746645, 5976863.922033485025167 ], [ 414619.228732661169488, 5976865.763074895367026 ], [ 414611.838221614365466, 5976863.319474514573812 ], [ 414609.181610630650539, 5976862.205888892523944 ], [ 414599.134488600073382, 5976856.459776073694229 ], [ 414593.567345860530622, 5976853.275836419314146 ], [ 414589.087366569496226, 5976850.713663255795836 ], [ 414579.040244538977277, 5976844.967566284351051 ], [ 414576.005968146724626, 5976843.23219832405448 ], [ 414568.99312250840012, 5976839.221437621861696 ], [ 414558.946000477881171, 5976834.24853555765003 ], [ 414553.902885286253877, 5976833.188560228794813 ], [ 414548.898878447362222, 5976832.136804797686636 ], [ 414538.851756416785065, 5976830.025007002986968 ], [ 414528.804634386207908, 5976827.913245419040322 ], [ 414518.757512355630752, 5976823.241245972923934 ], [ 414518.637630431447178, 5976823.144922132603824 ], [ 414508.710390325111803, 5976813.403973869979382 ], [ 414508.368951543874573, 5976813.101284037344158 ], [ 414498.663268294534646, 5976805.092465991154313 ], [ 414495.560373123502359, 5976803.057645942084491 ], [ 414488.616146264015697, 5976797.278752507641912 ], [ 414483.614875531406142, 5976793.014007845893502 ], [ 414478.56902423343854, 5976788.91214893758297 ], [ 414468.521902202861384, 5976785.067869951017201 ], [ 414461.460324016283266, 5976782.970369750633836 ], [ 414458.474780172342435, 5976782.08357381913811 ], [ 414448.427658141765278, 5976779.099182440899312 ], [ 414438.380536111246329, 5976775.866362404078245 ], [ 414430.089963286998682, 5976772.926731654442847 ], [ 414428.333414080669172, 5976772.303903033025563 ], [ 414418.286292050092015, 5976768.741594102233648 ], [ 414409.677258360490669, 5976772.926731655374169 ], [ 414408.239170019573066, 5976773.92375776451081 ], [ 414400.758780486648902, 5976782.970369750633836 ], [ 414398.19204798899591, 5976786.074517318978906 ], [ 414392.453876726212911, 5976793.014007845893502 ], [ 414388.144925958476961, 5976798.225173640996218 ], [ 414384.149105053453241, 5976803.057645943015814 ], [ 414378.097803927899804, 5976810.53556552156806 ], [ 414376.03620086441515, 5976813.101284037344158 ], [ 414368.050681897439063, 5976823.065352024510503 ], [ 414367.986911897489335, 5976823.144922132603824 ], [ 414359.937622930505313, 5976833.188560228794813 ], [ 414358.003559866803698, 5976835.601873339153826 ], [ 414351.888510123710148, 5976843.23219832405448 ], [ 414347.956437836226542, 5976848.138508830219507 ], [ 414344.195866817841306, 5976853.275836419314146 ], [ 414337.9093158057658, 5976862.470620242878795 ], [ 414337.348837462894153, 5976863.319474514573812 ], [ 414328.897407671844121, 5976873.363112610764802 ], [ 414327.862193775130436, 5976874.539474020712078 ], [ 414320.058870776440017, 5976883.406750706024468 ], [ 414317.815071744611487, 5976885.956483280286193 ], [ 414311.220333880977705, 5976893.450388801284134 ], [ 414307.76794971403433, 5976897.373492539860308 ], [ 414302.381796985515393, 5976903.494026896543801 ], [ 414297.720827683457173, 5976908.790501799434423 ], [ 414293.543260090053082, 5976913.53766499273479 ], [ 414287.673705652938224, 5976920.207511059939861 ], [ 414284.732795433432329, 5976923.581303087994456 ], [ 414277.626583622361068, 5976931.787557205185294 ], [ 414276.03572790051112, 5976933.624941183254123 ], [ 414268.450793789525051, 5976943.668579279445112 ], [ 414267.579461591842119, 5976944.949688584543765 ], [ 414261.597638109291438, 5976953.712217374704778 ], [ 414257.532339561264962, 5976959.699963022954762 ], [ 414254.778603250393644, 5976963.755855469033122 ], [ 414247.959662330220453, 5976973.799493565224111 ], [ 414247.485217530687805, 5976974.498288533650339 ], [ 414241.140563629916869, 5976983.8431316614151 ], [ 414237.438095500168856, 5976990.312457552179694 ], [ 414235.148437432537321, 5976993.886769756674767 ], [ 414237.438095500168856, 5976998.313017008826137 ], [ 414247.485217530687805, 5976998.171677527949214 ], [ 414257.532339561264962, 5976998.030338048003614 ], [ 414267.579461591783911, 5976997.888998567126691 ], [ 414277.62658362230286, 5976997.747659087181091 ], [ 414287.673705652938224, 5976997.606319606304169 ], [ 414290.72682239417918, 5976993.886769756674767 ], [ 414297.720827683457173, 5976986.841742366552353 ], [ 414302.517491983133368, 5976983.8431316614151 ], [ 414307.767949714092538, 5976981.485266409814358 ], [ 414309.885471916757524, 5976983.8431316614151 ], [ 414317.815071744611487, 5976991.32171674631536 ], [ 414320.345148083812091, 5976993.886769756674767 ], [ 414327.862193775130436, 5977001.788235161453485 ], [ 414330.197650232294109, 5977003.930407851934433 ], [ 414337.909315805707593, 5977011.003725986927748 ], [ 414341.147698944667354, 5977013.974045947194099 ], [ 414347.956437836226542, 5977020.219289556145668 ], [ 414352.097553520987276, 5977024.017684043385088 ], [ 414358.003559866803698, 5977029.434905789792538 ], [ 414363.047505559283309, 5977034.061322138644755 ], [ 414368.050681897322647, 5977037.999946806579828 ], [ 414377.846209004463162, 5977044.104960232973099 ], [ 414378.097803927899804, 5977044.255002790130675 ], [ 414381.392048465786502, 5977054.14859833009541 ], [ 414378.097803927899804, 5977060.724699679762125 ], [ 414374.401930885156617, 5977064.192236425355077 ], [ 414368.050681897380855, 5977068.47564104013145 ], [ 414360.3318712709588, 5977074.235874520614743 ], [ 414358.003559866803698, 5977075.973398337140679 ], [ 414347.956437836226542, 5977083.471155635081232 ], [ 414346.882711648126133, 5977084.27951261587441 ], [ 414337.909315805707593, 5977091.089445218443871 ], [ 414333.83665690687485, 5977094.323150712996721 ], [ 414327.862193775130436, 5977099.066895456984639 ], [ 414321.745197033393197, 5977104.366788807325065 ], [ 414317.815071744611487, 5977107.929170018061996 ], [ 414307.76794971403433, 5977111.25771282799542 ], [ 414297.720827683457173, 5977113.001262497156858 ], [ 414289.60058482887689, 5977114.410426903516054 ], [ 414287.673705652938224, 5977114.744812165386975 ], [ 414277.626583622361068, 5977116.488361835479736 ], [ 414267.579461591842119, 5977118.231867221184075 ], [ 414257.532339561264962, 5977118.647053809836507 ], [ 414247.485217530687805, 5977117.569357365369797 ], [ 414241.880884817102924, 5977114.410426902584732 ], [ 414237.438095500168856, 5977112.042712806724012 ], [ 414227.3909734695917, 5977106.77798739541322 ], [ 414222.927015998400748, 5977104.366788807325065 ], [ 414217.343851439072751, 5977101.351007144898176 ], [ 414207.296729408495594, 5977095.923966523259878 ], [ 414204.333069038984831, 5977094.323150712065399 ], [ 414197.249607377918437, 5977090.496974078007042 ], [ 414187.202485347399488, 5977085.069945649243891 ], [ 414185.739122079627123, 5977084.27951261587441 ], [ 414177.155363316822331, 5977079.642941010184586 ], [ 414170.256694822630379, 5977084.27951261587441 ], [ 414167.108241286245175, 5977087.101696913130581 ], [ 414160.786484395153821, 5977094.323150712065399 ], [ 414157.061119255726226, 5977098.578700664453208 ], [ 414152.240441375295632, 5977104.366788807325065 ], [ 414147.013997225090861, 5977110.295917697250843 ], [ 414143.739231461484451, 5977114.410426902584732 ], [ 414136.966875194688328, 5977122.727936872281134 ], [ 414135.586690954572987, 5977124.454064998775721 ], [ 414127.555695933406241, 5977134.497703094035387 ], [ 414126.919753164052963, 5977135.255733594298363 ], [ 414119.177946203853935, 5977144.541341189295053 ], [ 414116.872631133534014, 5977147.285956752486527 ], [ 414110.741883037495427, 5977154.58497928455472 ], [ 414106.825509102956858, 5977159.247738579288125 ], [ 414102.30596774246078, 5977164.628617381677032 ], [ 414096.778387072496116, 5977171.209532992914319 ], [ 414093.869904575985856, 5977174.672255476005375 ], [ 414086.731265041860752, 5977183.171233086846769 ], [ 414085.405050979927182, 5977184.715893571265042 ], [ 414076.871091294335201, 5977194.759531666524708 ], [ 414076.684143011283595, 5977194.981584889814258 ], [ 414067.361235263757408, 5977204.803169762715697 ], [ 414066.637020980764646, 5977205.518083528615534 ], [ 414058.261724967858754, 5977214.846807857975364 ], [ 414056.589898950187489, 5977216.793385803699493 ], [ 414049.912084323354065, 5977224.89044595323503 ], [ 414046.54277691966854, 5977228.796360755339265 ], [ 414041.238257082528435, 5977234.934084049426019 ], [ 414036.495654889091384, 5977240.671787584200501 ], [ 414032.813537670532241, 5977244.977722143754363 ], [ 414026.448532858514227, 5977254.288049135357141 ], [ 414025.947197306377348, 5977255.021360239945352 ], [ 414019.080722827115096, 5977265.064998335205019 ], [ 414016.401410827995278, 5977268.984126687981188 ], [ 414012.214327809051611, 5977275.108636431396008 ], [ 414006.354288797418121, 5977283.680204240605235 ], [ 414005.347907983697951, 5977285.152274526655674 ], [ 413998.530994127795566, 5977295.19591262191534 ], [ 413996.307166766840965, 5977298.523705448955297 ], [ 413991.839978083677124, 5977305.239550717175007 ], [ 413986.260044736322016, 5977313.628264878876507 ], [ 413985.413319837651215, 5977315.283188813365996 ], [ 413980.266183696570806, 5977325.326826908625662 ], [ 413976.212922705744859, 5977330.687115592882037 ], [ 413972.31800176150864, 5977335.370465003885329 ], [ 413966.165800675284117, 5977342.768023965880275 ], [ 413963.878254789859056, 5977345.414103100076318 ], [ 413956.118678644648753, 5977354.327542151324451 ], [ 413955.114836873020977, 5977355.457741195335984 ], [ 413947.974787983344868, 5977365.501379290595651 ], [ 413946.071556614129804, 5977367.905161649920046 ], [ 413940.022675468819216, 5977375.545017385855317 ], [ 413936.024434583552647, 5977380.594874182716012 ], [ 413932.070532026467845, 5977385.588655481114984 ], [ 413925.977312552975491, 5977393.284541976638138 ], [ 413924.129377236240543, 5977395.632293577305973 ], [ 413916.470393108495045, 5977405.675931673496962 ], [ 413915.930190522456542, 5977406.404035567305982 ], [ 413909.018912313855253, 5977415.719569767825305 ], [ 413905.883068491879385, 5977419.946293029934168 ], [ 413901.567510376451537, 5977425.763207864016294 ], [ 413895.835946461360436, 5977433.488748400472105 ], [ 413894.116129132744391, 5977435.806845958344638 ], [ 413886.664664127281867, 5977445.850484054535627 ], [ 413885.788824430783279, 5977447.031005862168968 ], [ 413879.213199121877551, 5977455.894122150726616 ], [ 413875.74170240026433, 5977460.573355529457331 ], [ 413871.761880946171004, 5977465.937760245986283 ], [ 413865.694580369745381, 5977474.115718696266413 ], [ 413864.310415940708481, 5977475.981398341245949 ], [ 413861.895045464159921, 5977486.025036437436938 ], [ 413865.694580369628966, 5977489.205226902849972 ], [ 413873.894689486129209, 5977496.068674532696605 ], [ 413875.74170240026433, 5977497.614614498801529 ], [ 413885.788824430783279, 5977506.024000610224903 ], [ 413885.894335622724611, 5977506.112312627956271 ], [ 413895.835946461360436, 5977514.433360781520605 ], [ 413897.894018775841687, 5977516.155950723215938 ], [ 413905.883068491879385, 5977522.855086374096572 ], [ 413909.880364837939851, 5977526.199588818475604 ], [ 413915.930190522456542, 5977531.399544374085963 ], [ 413921.750214226543903, 5977536.243226913735271 ], [ 413925.977312552975491, 5977539.859892418608069 ], [ 413933.683762407745235, 5977546.28686500992626 ], [ 413936.024434583552647, 5977548.282032705843449 ], [ 413945.466462863434572, 5977556.330503105185926 ], [ 413946.071556614129804, 5977556.846290497109294 ], [ 413956.118678644648753, 5977565.426986401900649 ], [ 413957.249327320954762, 5977566.374141201376915 ], [ 413966.165800675167702, 5977573.974623823538423 ], [ 413969.031977964448743, 5977576.417779296636581 ], [ 413976.212922705744859, 5977582.538881614804268 ], [ 413980.814726539421827, 5977586.461417391896248 ], [ 413986.260044736322016, 5977591.102957148104906 ], [ 413992.597493065462913, 5977596.505055487155914 ], [ 413996.307166766840965, 5977599.667214939370751 ], [ 414004.380143708956894, 5977606.548693583346903 ], [ 414006.354288797418121, 5977608.231442195363343 ], [ 414016.163008166477084, 5977616.59233167860657 ], [ 414016.401410828053486, 5977616.795548266731203 ], [ 414026.448532858514227, 5977625.359806057065725 ], [ 414027.945690671156626, 5977626.635969774797559 ], [ 414036.495654889091384, 5977633.923881591297686 ], [ 414039.728523267491255, 5977636.679607870057225 ], [ 414046.54277691966854, 5977642.488139383494854 ], [ 414051.511173911043443, 5977646.723245965316892 ], [ 414056.589898950187489, 5977651.052318616770208 ], [ 414063.294038368563633, 5977656.766884060576558 ], [ 414066.637020980706438, 5977660.928002338856459 ], [ 414073.342686899821274, 5977666.810522155836225 ], [ 414076.684143011341803, 5977671.466272576712072 ], [ 414080.551057810429484, 5977676.854160252027214 ], [ 414086.731265041860752, 5977685.465227239765227 ], [ 414087.759428720979486, 5977686.89779834728688 ], [ 414094.968103014223743, 5977696.941436443477869 ], [ 414096.778387072379701, 5977699.463759191334248 ], [ 414102.176473924773745, 5977706.985074537806213 ], [ 414106.825509102956858, 5977713.462713855318725 ], [ 414109.384844835323747, 5977717.028712633997202 ], [ 414116.593519128568005, 5977727.072350729256868 ], [ 414116.872631133534014, 5977727.461245806887746 ], [ 414123.801890039118007, 5977737.115988824516535 ], [ 414126.919753164052963, 5977741.460200470872223 ], [ 414131.010260949726216, 5977747.159626920707524 ], [ 414136.96687519463012, 5977755.458805843256414 ], [ 414138.218897436920088, 5977757.20326501596719 ], [ 414145.427306153520476, 5977767.246903111226857 ], [ 414147.013997225149069, 5977769.457687085494399 ], [ 414152.635677064070478, 5977777.290541205555201 ], [ 414157.061119255726226, 5977783.456641750410199 ], [ 414159.844047974678688, 5977787.334179302677512 ], [ 414167.052722267922945, 5977797.377817397937179 ], [ 414167.108241286303382, 5977797.45517370197922 ], [ 414174.261093178472947, 5977807.421455493196845 ], [ 414177.155363316822331, 5977811.454128364101052 ], [ 414181.469464089081157, 5977817.465093588456511 ], [ 414187.202485347399488, 5977825.452746848575771 ], [ 414188.678093824884854, 5977827.508731684647501 ], [ 414195.886509292875417, 5977837.552369779907167 ], [ 414197.249607377918437, 5977839.451614980585873 ], [ 414203.094880203483626, 5977847.596007876098156 ], [ 414207.296729408495594, 5977853.45032325014472 ], [ 414210.303463705407921, 5977857.639645971357822 ], [ 414217.343851439072751, 5977867.449111451394856 ], [ 414217.511925407277886, 5977867.683284066617489 ], [ 414225.298149938811548, 5977877.726922161877155 ], [ 414227.3909734695917, 5977879.965198310092092 ], [ 414233.703686885943171, 5977887.770560257136822 ], [ 414237.438095500168856, 5977891.727184575051069 ], [ 414242.796432720497251, 5977897.814198352396488 ], [ 414247.485217530687805, 5977902.762043602764606 ], [ 414252.314203661982901, 5977907.857836448587477 ], [ 414257.532339561264962, 5977913.364280007779598 ], [ 414261.831974603352137, 5977917.901474543847144 ], [ 414267.579461591842119, 5977923.966516413725913 ], [ 414271.349745544837788, 5977927.94511263910681 ], [ 414277.626583622361068, 5977934.568752819672227 ], [ 414280.867516486207023, 5977937.988750735297799 ], [ 414287.673705652938224, 5977945.170989225618541 ], [ 414290.385287427634466, 5977948.032388830557466 ], [ 414297.720827683457173, 5977955.773225631564856 ], [ 414299.903058369003702, 5977958.076026925817132 ], [ 414307.767949714092538, 5977966.37546203751117 ], [ 414309.420829310489353, 5977968.119665022008121 ], [ 414307.767949714092538, 5977971.359524024650455 ], [ 414297.720827683457173, 5977976.531742818653584 ], [ 414287.673705652938224, 5977977.402945011854172 ], [ 414278.74595970811788, 5977978.163303117267787 ], [ 414277.626583622361068, 5977978.258638119325042 ], [ 414267.579461591842119, 5977979.114331227727234 ], [ 414257.532339561264962, 5977979.970024335198104 ], [ 414247.485217530687805, 5977980.825717441737652 ], [ 414237.438095500227064, 5977981.681547133252025 ], [ 414227.3909734695917, 5977982.537240240722895 ], [ 414217.343851439072751, 5977983.392933348193765 ], [ 414207.296729408495594, 5977984.248626455664635 ], [ 414197.249607377918437, 5977985.104319563135505 ], [ 414187.202485347399488, 5977985.960149253718555 ], [ 414177.155363316764124, 5977986.815842362120748 ], [ 414167.108241286303382, 5977987.671535469591618 ], [ 414160.821773870498873, 5977988.206941212527454 ], [ 414157.061119255726226, 5977988.527228577062488 ], [ 414147.013997225149069, 5977989.382921684533358 ], [ 414136.96687519463012, 5977990.238614792004228 ], [ 414126.919753164052963, 5977991.094444482587278 ], [ 414116.872631133534014, 5977991.950137590058148 ], [ 414106.825509102956858, 5977992.80583069846034 ], [ 414096.778387072496116, 5977993.661523805931211 ], [ 414086.731265041860752, 5977994.517216913402081 ], [ 414076.684143011341803, 5977995.373007472604513 ], [ 414066.637020980764646, 5977996.228739712387323 ], [ 414056.589898950187489, 5977997.084432818926871 ], [ 414046.54277691966854, 5977997.940125926397741 ], [ 414042.897588032879867, 5977998.25057930778712 ], [ 414036.495654889091384, 5977998.795819033868611 ], [ 414026.448532858514227, 5977999.651512142270803 ], [ 414016.401410827995278, 5978000.507341832853854 ], [ 414006.354288797359914, 5978001.363034940324724 ], [ 413996.307166766899172, 5978002.218728047795594 ], [ 413986.260044736322016, 5978003.074421156197786 ], [ 413976.212922705744859, 5978003.930114263668656 ], [ 413966.16580067522591, 5978004.785896244458854 ], [ 413956.118678644648753, 5978005.641637062653899 ], [ 413946.071556614129804, 5978006.497330168262124 ], [ 413936.024434583552647, 5978007.353023277595639 ], [ 413925.977312552917283, 5978008.208716385066509 ], [ 413924.97340219526086, 5978008.294217403978109 ], [ 413915.930190522456542, 5978009.064409492537379 ], [ 413905.883068491879385, 5978013.478466082364321 ], [ 413904.716531869897153, 5978018.337855499237776 ], [ 413905.883068491879385, 5978020.232647680677474 ], [ 413910.899991291691549, 5978028.381493594497442 ], [ 413915.930190522456542, 5978036.551904040388763 ], [ 413917.083462851180229, 5978038.425131689757109 ], [ 413923.26693441066891, 5978048.468769785948098 ], [ 413925.977312552975491, 5978052.871160401031375 ], [ 413929.450405970041174, 5978058.512407881207764 ], [ 413935.633877529529855, 5978068.556045977398753 ], [ 413936.02443458349444, 5978069.190416760742664 ], [ 413941.817349088960327, 5978078.59968407265842 ], [ 413946.071556614129804, 5978085.509673122316599 ], [ 413948.000820648449007, 5978088.643322167918086 ], [ 413954.18429220787948, 5978098.686960263177752 ], [ 413956.118678644648753, 5978101.828929482027888 ], [ 413960.367763767309953, 5978108.730598358437419 ], [ 413966.16580067522591, 5978118.148185843601823 ], [ 413966.551231316407211, 5978118.774236454628408 ], [ 413972.734312791959383, 5978128.817874549888074 ], [ 413976.212922705744859, 5978134.468662867322564 ], [ 413978.917233497253619, 5978138.861512645147741 ], [ 413985.099844595068134, 5978148.905150740407407 ], [ 413986.260044736322016, 5978150.789893312379718 ], [ 413991.282507956842892, 5978158.948788836598396 ], [ 413996.307166766899172, 5978167.11125105433166 ], [ 413997.46517134149326, 5978168.992426931858063 ], [ 414004.024460230662953, 5978179.036065027117729 ], [ 414006.354288797418121, 5978182.526481710374355 ], [ 414010.728517962154001, 5978189.079703123308718 ], [ 414016.401410827995278, 5978197.578630196861923 ], [ 414017.432489655329846, 5978199.123341218568385 ], [ 414024.136515484249685, 5978209.166979313828051 ], [ 414026.448532858514227, 5978212.630728763528168 ], [ 414030.840541313285939, 5978219.210617409087718 ], [ 414036.495654889149591, 5978227.682827331125736 ], [ 414037.5445571327582, 5978229.254255505278707 ], [ 414044.248518986511044, 5978239.297893600538373 ], [ 414046.54277691966854, 5978242.735020382329822 ], [ 414050.9525767180603, 5978249.341531695798039 ], [ 414056.589898950187489, 5978257.787168106995523 ], [ 414057.656548750645015, 5978259.385169791057706 ], [ 414064.360596303362399, 5978269.428807887248695 ], [ 414066.637020980822854, 5978272.839266673661768 ], [ 414071.064600408659317, 5978279.472445982508361 ], [ 414076.684143011225387, 5978287.891365241259336 ], [ 414077.768615888606291, 5978289.516084077768028 ], [ 414084.47265206661541, 5978299.559722173959017 ], [ 414086.731265041860752, 5978302.943463809788227 ], [ 414091.176635473966599, 5978309.603360269218683 ], [ 414096.778387072496116, 5978317.995585993863642 ], [ 414097.880693205457646, 5978319.64699836447835 ], [ 414104.58465505921049, 5978329.690636458806694 ], [ 414106.825509102956858, 5978333.04775657132268 ], [ 414111.288712790701538, 5978339.734274555929005 ], [ 414116.872631133534014, 5978348.099903151392937 ], [ 414117.992685332952533, 5978349.777912651188672 ], [ 414124.696711161988787, 5978359.821550746448338 ], [ 414126.919753164052963, 5978363.152001718990505 ], [ 414131.400736990966834, 5978369.865188842639327 ], [ 414136.96687519463012, 5978378.204100286588073 ], [ 414138.104751961305737, 5978379.908826937898993 ], [ 414144.808713815058582, 5978389.95246503315866 ], [ 414147.013997225149069, 5978393.256295244209468 ], [ 414151.512771546607837, 5978399.996103128418326 ], [ 414157.061119255726226, 5978408.308441061526537 ], [ 414158.216744428267702, 5978410.039741224609315 ], [ 414164.920791131909937, 5978420.083379318937659 ], [ 414167.108241286245175, 5978423.360539628192782 ], [ 414171.624796086340211, 5978430.127017415128648 ], [ 414177.155363316822331, 5978438.41263819579035 ], [ 414178.328810717153829, 5978440.170655510388315 ], [ 414185.032847744296305, 5978450.214293606579304 ], [ 414187.202485347399488, 5978453.464736764319241 ], [ 414191.736830302514136, 5978460.25793170183897 ], [ 414197.249607377918437, 5978468.516860855743289 ], [ 414198.440888034005184, 5978470.301569797098637 ], [ 414205.144849887816235, 5978480.345207893289626 ], [ 414207.296729408553801, 5978483.569031434133649 ], [ 414211.848907619307283, 5978490.388845988549292 ], [ 414217.343851439072751, 5978498.621176106855273 ], [ 414218.552881010691635, 5978500.432484084740281 ], [ 414225.256906839553267, 5978510.476122178137302 ], [ 414227.3909734695917, 5978513.673274673521519 ], [ 414231.960932668647729, 5978520.519760275259614 ], [ 414237.438095500168856, 5978528.725373241119087 ], [ 414238.664946789911482, 5978530.56339837051928 ], [ 414245.368984326603822, 5978540.607036465778947 ], [ 414247.485217530629598, 5978543.777471808716655 ], [ 414252.072966375155374, 5978550.650674561038613 ], [ 414257.532339561264962, 5978558.829714016988873 ], [ 414258.776940105948597, 5978560.694312657229602 ], [ 414265.480985960515682, 5978570.737950753420591 ], [ 414267.579461591842119, 5978573.881812583655119 ], [ 414272.184991763962898, 5978580.781588847748935 ], [ 414277.626583622361068, 5978588.93391115218401 ], [ 414278.889005545759574, 5978590.825226943939924 ], [ 414285.5930434219772, 5978600.868865039199591 ], [ 414287.673705652938224, 5978603.986009718850255 ], [ 414292.297025131061673, 5978610.912503134459257 ], [ 414297.720827683457173, 5978619.038135716691613 ], [ 414299.001082862610929, 5978620.956141229718924 ], [ 414305.705044716363773, 5978630.999779325909913 ], [ 414307.76794971403433, 5978634.090306295081973 ], [ 414312.409102447913028, 5978641.043417421169579 ], [ 414317.815071744611487, 5978649.14244906231761 ], [ 414319.113076688314322, 5978651.087055516429245 ], [ 414325.817102517234161, 5978661.130693611688912 ], [ 414327.862193775130436, 5978664.194547628983855 ], [ 414332.521128346270416, 5978671.174331707879901 ], [ 414337.909315805707593, 5978679.246646196581423 ], [ 414339.225141618517227, 5978681.217969803139567 ], [ 414345.929180004226509, 5978691.261607898399234 ], [ 414347.956437836168334, 5978694.298744763247669 ], [ 414352.633161203761119, 5978701.305245994590223 ], [ 414358.003559866803698, 5978709.35098697245121 ], [ 414359.337135783571284, 5978711.348884088918567 ], [ 414366.041180789121427, 5978721.392522185109556 ], [ 414368.050681897322647, 5978724.403085539117455 ], [ 414372.745187441585585, 5978731.436160280369222 ], [ 414378.097803927899804, 5978739.455184106715024 ], [ 414379.449200374365319, 5978741.479798376560211 ], [ 414386.153239099599887, 5978751.523436471819878 ], [ 414388.144925958476961, 5978754.507282674312592 ], [ 414392.85721995960921, 5978761.567074567079544 ], [ 414398.19204798899591, 5978769.55941057857126 ], [ 414399.561277691158466, 5978771.610712664201856 ], [ 414406.26523954491131, 5978781.6543507585302 ], [ 414408.239170019573066, 5978784.611581156030297 ], [ 414412.969297276460566, 5978791.697988853789866 ], [ 414418.286292050092015, 5978799.663722015917301 ], [ 414419.673272365937009, 5978801.741626949049532 ], [ 414426.377316861762665, 5978811.785265045240521 ], [ 414428.33341408072738, 5978814.715820584446192 ], [ 414433.081324023893103, 5978821.828903140500188 ], [ 414438.380536111246329, 5978829.767919151112437 ], [ 414439.785336447064765, 5978831.872541235759854 ], [ 414446.489375681907404, 5978841.916179331019521 ], [ 414448.42765814170707, 5978844.820017718710005 ], [ 414453.193356032366864, 5978851.95981742721051 ], [ 414458.474780172342435, 5978859.872259926982224 ], [ 414459.897331461252179, 5978862.003455522470176 ], [ 414466.601375617610756, 5978872.047093617729843 ], [ 414468.521902202861384, 5978874.924358493648469 ], [ 414473.30538311926648, 5978882.090731713920832 ], [ 414478.569024233496748, 5978889.976457061246037 ], [ 414480.009395202971064, 5978892.134369809180498 ], [ 414486.713434777280781, 5978902.178007904440165 ], [ 414488.616146264015697, 5978905.028555628843606 ], [ 414493.417414788273163, 5978912.221645999699831 ], [ 414498.663268294534646, 5978920.080685440450907 ], [ 414500.121472519706003, 5978922.26528409589082 ], [ 414506.825434373575263, 5978932.308922191150486 ], [ 414508.710390325053595, 5978935.132856016978621 ], [ 414513.529492105008103, 5978942.352560286410153 ], [ 414518.757512355688959, 5978950.184994971379638 ], [ 414520.233468043559697, 5978952.396198380738497 ], [ 414526.937511690310203, 5978962.439836477860808 ], [ 414528.804634386266116, 5978965.237093539908528 ], [ 414533.641519701573998, 5978972.483474573120475 ], [ 414538.851756416785065, 5978980.289192106574774 ], [ 414540.345531275612302, 5978982.527112668380141 ], [ 414547.049571359530091, 5978992.57075076457113 ], [ 414548.898878447245806, 5978995.341290674172342 ], [ 414553.753550860914402, 5979002.614388859830797 ], [ 414558.946000477881171, 5979010.393532882444561 ], [ 414560.457527138874866, 5979012.658026955090463 ], [ 414567.164920112350956, 5979022.70166505035013 ], [ 414568.99312250840012, 5979025.445631449110806 ], [ 414573.865578796947375, 5979032.745303146541119 ], [ 414579.040244539035484, 5979040.497730016708374 ], [ 414580.824835738691036, 5979042.788941241800785 ], [ 414587.648109948611818, 5979052.832579337060452 ], [ 414589.087366569554433, 5979055.00766986887902 ], [ 414596.095518733607605, 5979062.876217432320118 ], [ 414599.134488600073382, 5979066.755959654226899 ], [ 414604.6119756862754, 5979072.919855528511107 ], [ 414609.181610630650539, 5979078.062132183462381 ], [ 414613.537158574035857, 5979082.963493623770773 ], [ 414619.228732661169488, 5979089.368410012684762 ], [ 414622.462194726336747, 5979093.00713171903044 ], [ 414629.275854691746645, 5979100.67464236356318 ], [ 414631.387377614155412, 5979103.050769815221429 ], [ 414639.322976722265594, 5979111.980814892798662 ], [ 414640.31254604953574, 5979113.094407910481095 ], [ 414649.237598589388654, 5979123.138046005740762 ], [ 414649.37009875284275, 5979123.287152543663979 ], [ 414658.162779542035423, 5979133.181684101000428 ], [ 414659.417220783419907, 5979134.593325072899461 ], [ 414667.087850402400363, 5979143.225322197191417 ], [ 414669.464342813938856, 5979145.899662725627422 ], [ 414676.328586787800305, 5979153.268960292451084 ], [ 414679.51146484457422, 5979156.768296040594578 ], [ 414685.935919105657376, 5979163.31259838771075 ], [ 414689.55858687509317, 5979167.023778783157468 ], [ 414695.79919876914937, 5979173.356236482970417 ], [ 414699.605708905612119, 5979177.218768688850105 ], [ 414705.686210161831696, 5979183.399874579161406 ], [ 414709.652830936189275, 5979187.428645921871066 ], [ 414715.551728336955421, 5979193.443512674421072 ], [ 414719.699952966650017, 5979197.673289310187101 ], [ 414725.401720547582954, 5979203.487150769680738 ], [ 414729.747074997285381, 5979207.917932698503137 ], [ 414735.251804056344554, 5979213.530788865871727 ], [ 414739.79419702780433, 5979218.162406176328659 ], [ 414745.1018716043327, 5979223.574426961131394 ], [ 414749.841319058381487, 5979228.407049564644694 ], [ 414754.951863814960234, 5979233.61806505639106 ], [ 414759.888441088958643, 5979238.65169295296073 ], [ 414767.711447774898261, 5979243.661703151650727 ], [ 414769.935563119477592, 5979245.087808237411082 ] ], [ [ 415764.600644144287799, 5977498.330673061311245 ], [ 415769.609786212909967, 5977496.068674532696605 ], [ 415764.600644144346006, 5977491.097058219835162 ], [ 415760.474572905921377, 5977496.068674532696605 ], [ 415764.600644144287799, 5977498.330673061311245 ] ] ] } },
{ "type": "Feature", "properties": { "id": 2, "cost_level": 900.0 }, "geometry": { "type": "Polygon", "coordinates": [ [ [ 414769.935563119477592, 5978825.085658015683293 ], [ 414771.941059539210983, 5978821.828903140500188 ], [ 414778.125891070172656, 5978811.785265045240521 ], [ 414779.982685150054749, 5978808.769990066997707 ], [ 414784.310722601017915, 5978801.741626949049532 ], [ 414790.029807180573698, 5978792.45432211831212 ], [ 414790.495554131804965, 5978791.697988853789866 ], [ 414796.680385662708431, 5978781.6543507585302 ], [ 414800.076929211150855, 5978776.138654170557857 ], [ 414803.031526239064988, 5978771.610712663270533 ], [ 414809.196366799704265, 5978761.567074567079544 ], [ 414810.124051241728012, 5978759.846168406307697 ], [ 414814.310364302946255, 5978751.523436471819878 ], [ 414820.171173272246961, 5978745.40272057428956 ], [ 414826.416071237181313, 5978741.479798376560211 ], [ 414830.218295302824117, 5978739.209968559443951 ], [ 414840.265417333343066, 5978733.212144026532769 ], [ 414843.240392854204401, 5978731.436160280369222 ], [ 414850.312539363920223, 5978727.214271002449095 ], [ 414860.064633241039701, 5978721.392522185109556 ], [ 414860.35966139449738, 5978721.216397977434099 ], [ 414870.406783425016329, 5978715.21857344545424 ], [ 414876.888954858062789, 5978711.348884089849889 ], [ 414880.453905455535278, 5978709.220700421370566 ], [ 414890.501027486054227, 5978703.222875888459384 ], [ 414893.713276475085877, 5978701.305245994590223 ], [ 414900.548149516689591, 5978697.22500286437571 ], [ 414910.537597625807393, 5978691.261607898399234 ], [ 414910.59527154720854, 5978691.227178165689111 ], [ 414920.642393577785697, 5978685.229305306449533 ], [ 414927.361838478944264, 5978681.217969803139567 ], [ 414930.689515608362854, 5978679.231432282365859 ], [ 414940.263120125280693, 5978671.174331707879901 ], [ 414940.736637638881803, 5978670.754439567215741 ], [ 414950.048145001521334, 5978661.130693611688912 ], [ 414950.783759669458959, 5978660.52520658634603 ], [ 414960.830881700036116, 5978657.87013784609735 ], [ 414970.878003730555065, 5978655.215109795331955 ], [ 414980.925125761074014, 5978652.560081745497882 ], [ 414986.499246705556288, 5978651.087055516429245 ], [ 414990.972247791651171, 5978649.90501300431788 ], [ 415001.019369822228327, 5978647.249984954483807 ], [ 415011.066491852747276, 5978644.594916213303804 ], [ 415018.497493358678184, 5978641.043417421169579 ], [ 415021.113613883324433, 5978638.906341443769634 ], [ 415030.363876121176872, 5978630.999779325909913 ], [ 415031.16073591390159, 5978630.318671992048621 ], [ 415041.207857944420539, 5978621.731007905676961 ], [ 415042.114412304828875, 5978620.956141229718924 ], [ 415051.254979974997696, 5978613.143402637913823 ], [ 415059.407766188960522, 5978610.912503134459257 ], [ 415061.302102005516645, 5978610.551631536334753 ], [ 415062.093867276387755, 5978610.912503134459257 ], [ 415071.349224036093801, 5978615.130939595401287 ], [ 415081.396346066670958, 5978619.710255399346352 ], [ 415084.129864406306297, 5978620.956141229718924 ], [ 415091.443468097189907, 5978624.289543122053146 ], [ 415101.490590127767064, 5978621.822725662961602 ], [ 415102.060188982519321, 5978620.956141229718924 ], [ 415108.66176718956558, 5978610.912503134459257 ], [ 415111.537712158286013, 5978607.567106047645211 ], [ 415119.500296491023619, 5978600.868865039199591 ], [ 415121.584834188863169, 5978599.125372614711523 ], [ 415129.816404801385943, 5978590.825226943939924 ], [ 415131.631956219382118, 5978588.73834134452045 ], [ 415137.615024806349538, 5978580.781588847748935 ], [ 415141.679078249959275, 5978575.376949534751475 ], [ 415145.167403350351378, 5978570.737950752489269 ], [ 415151.726200280536432, 5978562.015549683012068 ], [ 415153.214297514001373, 5978560.694312657229602 ], [ 415161.773322311055381, 5978556.337207956239581 ], [ 415171.820444341632538, 5978554.902376906946301 ], [ 415181.867566372151487, 5978553.467580106109381 ], [ 415191.914688402728643, 5978552.032731137238443 ], [ 415201.592440290783998, 5978550.650674561038613 ], [ 415201.9618104333058, 5978550.597925694659352 ], [ 415212.008932463824749, 5978549.163120253011584 ], [ 415222.056054494343698, 5978547.728314811363816 ], [ 415232.103176524920855, 5978540.800246328115463 ], [ 415232.227005381020717, 5978540.607036464847624 ], [ 415238.663993617752567, 5978530.56339837051928 ], [ 415242.150298555498011, 5978525.123746318742633 ], [ 415245.10100882750703, 5978520.519760274328291 ], [ 415251.538007999828551, 5978510.476122179068625 ], [ 415252.197420586075168, 5978509.447240095585585 ], [ 415257.974995757453144, 5978500.432484083808959 ], [ 415262.244542616652325, 5978493.770746299996972 ], [ 415264.41201399709098, 5978490.388845988549292 ], [ 415270.849010139587335, 5978480.345207893289626 ], [ 415272.291664647171274, 5978477.710077805444598 ], [ 415277.696442338172346, 5978470.301569797098637 ], [ 415282.338786677690223, 5978466.719819458201528 ], [ 415292.38590870826738, 5978463.147585732862353 ], [ 415300.716196600347757, 5978460.25793170183897 ], [ 415302.433030738844536, 5978459.662387255579233 ], [ 415312.480152769363485, 5978456.177188779227436 ], [ 415322.527274799940642, 5978452.691950880922377 ], [ 415329.669859403336886, 5978450.214293606579304 ], [ 415332.574396830459591, 5978449.206752402707934 ], [ 415342.621518861036748, 5978445.721553927287459 ], [ 415352.668640891613904, 5978442.236316027119756 ], [ 415357.384199836465996, 5978440.170655510388315 ], [ 415362.715762922132853, 5978437.838357117027044 ], [ 415372.76288495271001, 5978433.138801837339997 ], [ 415379.201742208970245, 5978430.127017415128648 ], [ 415382.810006983228959, 5978428.43923994153738 ], [ 415392.857129013864323, 5978423.739651909098029 ], [ 415397.359983130416367, 5978420.083379319868982 ], [ 415402.904251044325065, 5978414.806858740746975 ], [ 415406.702898532385007, 5978410.039741225540638 ], [ 415412.951373074902222, 5978401.651574646122754 ], [ 415414.121188264340162, 5978399.996103128418326 ], [ 415421.218380983918905, 5978389.95246503315866 ], [ 415422.998495105479378, 5978387.43331266194582 ], [ 415428.315538825350814, 5978379.908826937898993 ], [ 415433.045617135998327, 5978373.215026079677045 ], [ 415435.412731544929557, 5978369.865188842639327 ], [ 415442.509891409659758, 5978359.821550746448338 ], [ 415443.092739166575484, 5978358.996727116405964 ], [ 415451.274736856226809, 5978349.777912651188672 ], [ 415453.139861197094433, 5978348.422791593708098 ], [ 415463.18698322767159, 5978342.232190182432532 ], [ 415467.241009881079663, 5978339.734274556860328 ], [ 415473.234105258248746, 5978336.041600473225117 ], [ 415483.281227288767695, 5978329.851019186899066 ], [ 415483.541522650746629, 5978329.690636459738016 ], [ 415493.328349319344852, 5978323.660417776554823 ], [ 415499.841983764432371, 5978319.64699836447835 ], [ 415503.375471349863801, 5978317.469816364347935 ], [ 415513.422593380440958, 5978311.279246781952679 ], [ 415516.142496534099337, 5978309.603360269218683 ], [ 415523.469715411018115, 5978305.088645370677114 ], [ 415532.442957647726871, 5978299.559722173959017 ], [ 415533.516837441537064, 5978298.898043959401548 ], [ 415543.56395947211422, 5978292.707442548125982 ], [ 415548.743445391068235, 5978289.516084077768028 ], [ 415553.611081502633169, 5978286.516872964799404 ], [ 415563.658203533210326, 5978280.326271552592516 ], [ 415565.011263311491348, 5978279.472445982508361 ], [ 415573.705325563787483, 5978274.02140960469842 ], [ 415579.263204551010858, 5978269.428807887248695 ], [ 415580.825757119106129, 5978259.385169791989028 ], [ 415578.834036218526307, 5978249.341531695798039 ], [ 415576.84230735321762, 5978239.297893600538373 ], [ 415574.850591509602964, 5978229.254255505278707 ], [ 415573.705325563787483, 5978223.479089635424316 ], [ 415572.724686782399658, 5978219.210617409087718 ], [ 415570.47405137156602, 5978209.166979313828051 ], [ 415568.299786112562288, 5978199.123341218568385 ], [ 415566.198092266335152, 5978189.079703123308718 ], [ 415564.165360046317801, 5978179.036065027117729 ], [ 415563.658203533210326, 5978176.477762769907713 ], [ 415561.609917336900253, 5978168.992426931858063 ], [ 415558.861615802277811, 5978158.948788836598396 ], [ 415556.113276152813341, 5978148.905150739476085 ], [ 415553.611081502633169, 5978139.760907580144703 ], [ 415553.367371024738532, 5978138.861512645147741 ], [ 415550.649153011385351, 5978128.817874549888074 ], [ 415547.937105122313369, 5978118.774236454628408 ], [ 415545.231163552380167, 5978108.730598358437419 ], [ 415543.56395947211422, 5978102.53111186530441 ], [ 415542.535273415385745, 5978098.686960263177752 ], [ 415539.847642730514053, 5978088.643322167918086 ], [ 415537.159978447831236, 5978078.59968407265842 ], [ 415534.472314165206626, 5978068.556045976467431 ], [ 415533.516837441595271, 5978064.985437797382474 ], [ 415531.775325250811875, 5978058.512407881207764 ], [ 415528.896889063820709, 5978048.468769785948098 ], [ 415525.705499998992309, 5978038.425131689757109 ], [ 415523.469715411018115, 5978031.783142076805234 ], [ 415522.324678600649349, 5978028.381493594497442 ], [ 415520.088834513793699, 5978018.337855499237776 ], [ 415523.270234480907675, 5978008.294217403978109 ], [ 415523.469715411018115, 5978007.75788563862443 ], [ 415527.005831796908751, 5977998.250579308718443 ], [ 415530.7414296635543, 5977988.206941212527454 ], [ 415533.516837441537064, 5977980.74489837884903 ], [ 415534.477024879772216, 5977978.163303117267787 ], [ 415537.031578249123413, 5977968.119665022008121 ], [ 415538.905124325829092, 5977958.076026925817132 ], [ 415539.785711204516701, 5977948.032388830557466 ], [ 415540.666298083320726, 5977937.988750735297799 ], [ 415541.546884962066542, 5977927.945112640038133 ], [ 415543.56395947211422, 5977922.014216299168766 ], [ 415546.334345771931112, 5977917.901474543847144 ], [ 415553.611081502633169, 5977910.73237331956625 ], [ 415556.486615492030978, 5977907.8578364495188 ], [ 415563.658203533268534, 5977900.689702681265771 ], [ 415566.467160888831131, 5977897.814198353327811 ], [ 415573.705325563729275, 5977890.364845978096128 ], [ 415576.36025912698824, 5977887.770560257136822 ], [ 415583.752447594306432, 5977880.438559219241142 ], [ 415585.558925433666445, 5977877.726922161877155 ], [ 415593.799569624825381, 5977869.61262206081301 ], [ 415595.069414059398696, 5977867.683284067548811 ], [ 415601.780088592437096, 5977857.639645971357822 ], [ 415603.846691655402537, 5977855.602352137677372 ], [ 415609.257589884684421, 5977847.596007875166833 ], [ 415612.128527769935317, 5977837.55236978083849 ], [ 415603.84669165534433, 5977830.87118817307055 ], [ 415597.949560483859386, 5977827.508731684647501 ], [ 415593.799569624825381, 5977825.157215889543295 ], [ 415583.752447594306432, 5977820.168004482984543 ], [ 415578.209748423716519, 5977817.465093588456511 ], [ 415573.705325563787483, 5977815.031902372837067 ], [ 415566.653117320791353, 5977807.421455493196845 ], [ 415563.658203533210326, 5977803.697064498439431 ], [ 415557.52309951884672, 5977797.377817397937179 ], [ 415553.611081502633169, 5977793.292700044810772 ], [ 415546.689444387622643, 5977787.334179302677512 ], [ 415543.56395947211422, 5977784.64357700292021 ], [ 415535.022450950811617, 5977777.290541207417846 ], [ 415533.516837441537064, 5977775.994427414610982 ], [ 415523.469715411018115, 5977767.345320253632963 ], [ 415523.355391084973235, 5977767.246903111226857 ], [ 415513.422593380440958, 5977758.696211971342564 ], [ 415511.688331219134852, 5977757.20326501596719 ], [ 415503.375471349863801, 5977750.047104250639677 ], [ 415499.427784570143558, 5977747.159626920707524 ], [ 415493.328349319344852, 5977743.663551417179406 ], [ 415483.281227288767695, 5977740.615783795714378 ], [ 415474.096933541004546, 5977737.115988824516535 ], [ 415473.234105258248746, 5977736.780780564062297 ], [ 415463.18698322767159, 5977732.572105392813683 ], [ 415453.139861197094433, 5977728.385462310165167 ], [ 415449.929214025731198, 5977727.072350729256868 ], [ 415443.092739166575484, 5977724.276311554946005 ], [ 415433.04561713594012, 5977720.167140491306782 ], [ 415425.372033021529205, 5977717.028712633997202 ], [ 415422.998495105479378, 5977716.057956673204899 ], [ 415412.951373074902222, 5977712.862041224725544 ], [ 415406.397470133786555, 5977717.028712633997202 ], [ 415402.904251044325065, 5977724.011719993315637 ], [ 415401.373183817777317, 5977727.072350729256868 ], [ 415396.348982831230387, 5977737.115988824516535 ], [ 415392.857129013806116, 5977744.096266981214285 ], [ 415391.324696515162941, 5977747.159626919776201 ], [ 415386.30041019921191, 5977757.20326501596719 ], [ 415382.810006983228959, 5977764.180643393658102 ], [ 415381.276123883144464, 5977767.246903111226857 ], [ 415376.251922896597534, 5977777.290541206486523 ], [ 415372.762884952651802, 5977784.265190381556749 ], [ 415371.227636580646504, 5977787.334179302677512 ], [ 415362.715762922074646, 5977789.593354113399982 ], [ 415352.668640891555697, 5977792.450444294139743 ], [ 415346.84305700159166, 5977787.334179302677512 ], [ 415350.297816825157497, 5977777.290541206486523 ], [ 415352.668640891613904, 5977771.194120794534683 ], [ 415354.957377722719684, 5977767.246903111226857 ], [ 415358.109539188037161, 5977757.20326501596719 ], [ 415362.015388408326544, 5977747.159626920707524 ], [ 415362.715762922074646, 5977745.358670285902917 ], [ 415365.99609411356505, 5977737.115988824516535 ], [ 415369.827110771206208, 5977727.072350729256868 ], [ 415372.76288495271001, 5977719.523243952542543 ], [ 415374.048237001989037, 5977717.028712633997202 ], [ 415377.638833134085871, 5977706.98507453687489 ], [ 415381.454883727943525, 5977696.941436441615224 ], [ 415382.810006983228959, 5977692.708598049357533 ], [ 415384.713581419724505, 5977686.89779834728688 ], [ 415387.78752821451053, 5977676.854160251095891 ], [ 415390.665673433395568, 5977666.810522155836225 ], [ 415392.857129013806116, 5977659.573679190129042 ], [ 415394.992280971549917, 5977656.766884060576558 ], [ 415402.470800767245237, 5977646.723245965316892 ], [ 415402.904251044325065, 5977645.694343112409115 ], [ 415405.780002601153683, 5977636.679607870057225 ], [ 415408.688712916104123, 5977626.635969773866236 ], [ 415412.081379091425333, 5977616.59233167860657 ], [ 415412.951373074902222, 5977614.178721671923995 ], [ 415415.691616021445952, 5977606.548693583346903 ], [ 415419.117705276585184, 5977596.505055487155914 ], [ 415421.268925500218756, 5977586.461417391896248 ], [ 415422.998495105537586, 5977578.576437523588538 ], [ 415423.468447696242947, 5977576.417779296636581 ], [ 415425.063091015908867, 5977566.374141201376915 ], [ 415426.24457945744507, 5977556.330503105185926 ], [ 415427.426089057931677, 5977546.286865008994937 ], [ 415428.607591564068571, 5977536.243226914666593 ], [ 415429.789087099954486, 5977526.199588818475604 ], [ 415430.933246661326848, 5977516.155950723215938 ], [ 415432.043927425867878, 5977506.112312627956271 ], [ 415433.045617135998327, 5977496.979669466614723 ], [ 415433.145537195843644, 5977496.068674532696605 ], [ 415434.247146965819411, 5977486.025036436505616 ], [ 415435.348756735795178, 5977475.981398341245949 ], [ 415436.450366505770944, 5977465.937760245986283 ], [ 415437.551976275746711, 5977455.894122150726616 ], [ 415438.653619125427213, 5977445.850484054535627 ], [ 415439.755235393415205, 5977435.806845959275961 ], [ 415440.856864850269631, 5977425.763207864016294 ], [ 415442.12387476710137, 5977415.719569767825305 ], [ 415443.092739166575484, 5977408.958362517878413 ], [ 415443.563103448075708, 5977405.675931673496962 ], [ 415445.002283746085595, 5977395.632293577305973 ], [ 415446.439431622449774, 5977385.588655482046306 ], [ 415447.87172564357752, 5977375.545017385855317 ], [ 415449.29864613711834, 5977365.501379290595651 ], [ 415450.72559790906962, 5977355.457741195335984 ], [ 415452.152549680962693, 5977345.414103100076318 ], [ 415453.139861197036225, 5977338.464594148099422 ], [ 415453.57944180018967, 5977335.370465003885329 ], [ 415455.006393572140951, 5977325.32682690769434 ], [ 415456.433345344092231, 5977315.283188813365996 ], [ 415457.860269089636859, 5977305.239550717175007 ], [ 415453.139861197094433, 5977297.711792642250657 ], [ 415443.092739166575484, 5977295.432177057489753 ], [ 415441.386146138014738, 5977295.19591262191534 ], [ 415433.045617135998327, 5977294.041231717914343 ], [ 415422.998495105479378, 5977292.65024044457823 ], [ 415412.951373074902222, 5977291.259279510006309 ], [ 415402.904251044325065, 5977289.868305278941989 ], [ 415392.857129013864323, 5977288.477327302098274 ], [ 415382.810006983228959, 5977287.086358265019953 ], [ 415372.76288495271001, 5977285.691145380027592 ], [ 415368.904497864306904, 5977285.152274526655674 ], [ 415362.715762922132853, 5977284.287942150607705 ], [ 415352.668640891613904, 5977282.884738921187818 ], [ 415342.621518861036748, 5977281.481535691767931 ], [ 415332.574396830459591, 5977280.078332463279366 ], [ 415322.527274799940642, 5977278.676330095157027 ], [ 415312.480152769363485, 5977277.349537327885628 ], [ 415302.433030738844536, 5977276.02583837416023 ], [ 415295.471296866016928, 5977275.108636431396008 ], [ 415292.38590870826738, 5977274.702136931009591 ], [ 415282.338786677690223, 5977273.378378950059414 ], [ 415272.291664647171274, 5977272.054679996334016 ], [ 415262.244542616594117, 5977270.730981040745974 ], [ 415252.197420586075168, 5977269.407247167080641 ], [ 415242.150298555498011, 5977268.171534919179976 ], [ 415232.103176524920855, 5977267.054117044433951 ], [ 415222.056054494401906, 5977265.965335010550916 ], [ 415213.748338035598863, 5977265.064998335205019 ], [ 415212.008932463824749, 5977264.876492788083851 ], [ 415201.9618104333058, 5977263.787650568410754 ], [ 415191.914688402728643, 5977262.698854355141521 ], [ 415181.867566372151487, 5977261.54073159955442 ], [ 415171.820444341632538, 5977261.822289469651878 ], [ 415161.773322311055381, 5977264.567612666636705 ], [ 415159.778499449486844, 5977265.064998335205019 ], [ 415151.726200280536432, 5977267.162230066023767 ], [ 415141.679078249959275, 5977269.218871236778796 ], [ 415131.631956219323911, 5977271.234693833626807 ], [ 415121.584834188863169, 5977269.460144493728876 ], [ 415111.537712158286013, 5977269.372680127620697 ], [ 415101.490590127767064, 5977269.777781062759459 ], [ 415091.443468097131699, 5977270.182849762961268 ], [ 415081.396346066729166, 5977270.587918465957046 ], [ 415071.349224036093801, 5977270.992987167090178 ], [ 415061.302102005516645, 5977271.39805586822331 ], [ 415051.254979975055903, 5977271.80316243506968 ], [ 415041.207857944420539, 5977272.208233412355185 ], [ 415031.160735913843382, 5977272.613318411633372 ], [ 415021.113613883324433, 5977273.018387113697827 ], [ 415011.066491852747276, 5977273.423455814830959 ], [ 415001.019369822228327, 5977273.828524515964091 ], [ 414990.972247791651171, 5977274.233593218028545 ], [ 414980.925125761132222, 5977274.638715717941523 ], [ 414970.878003730555065, 5977275.02645165193826 ], [ 414968.484443039516918, 5977275.108636431396008 ], [ 414960.830881699977908, 5977275.296984123066068 ], [ 414960.493263700627722, 5977275.108636431396008 ], [ 414960.064595086441841, 5977265.064998335205019 ], [ 414960.830881699977908, 5977263.969214056618512 ], [ 414970.878003730555065, 5977255.413003839552402 ], [ 414971.337890870170668, 5977255.02136023901403 ], [ 414980.925125761132222, 5977246.856793623417616 ], [ 414983.131623728957493, 5977244.977722144685686 ], [ 414990.972247791651171, 5977237.996766176074743 ], [ 414994.543859320343472, 5977234.934084049426019 ], [ 415001.019369822228327, 5977228.795125853270292 ], [ 415005.138148210418876, 5977224.89044595323503 ], [ 415011.066491852747276, 5977219.270263930782676 ], [ 415015.732452319352888, 5977214.846807857975364 ], [ 415021.113613883324433, 5977209.462757715024054 ], [ 415025.773053169017658, 5977204.803169762715697 ], [ 415031.16073591390159, 5977194.961074694059789 ], [ 415031.247945294016972, 5977194.759531666524708 ], [ 415031.16073591390159, 5977194.549093227833509 ], [ 415027.085712605621666, 5977184.715893571265042 ], [ 415022.923480497323908, 5977174.672255475074053 ], [ 415021.113613883324433, 5977170.304972537793219 ], [ 415018.76124838902615, 5977164.628617380745709 ], [ 415012.709348291507922, 5977154.58497928455472 ], [ 415011.066491852747276, 5977152.945669969543815 ], [ 415002.643977855623234, 5977144.541341189295053 ], [ 415001.019369822228327, 5977142.920240879058838 ], [ 414992.578607419622131, 5977134.497703094035387 ], [ 414990.972247791651171, 5977132.894811788573861 ], [ 414982.513236983737443, 5977124.454064998775721 ], [ 414980.925125761132222, 5977123.400003973394632 ], [ 414970.878003730555065, 5977116.627536850050092 ], [ 414967.646651921153534, 5977114.410426902584732 ], [ 414960.830881699919701, 5977110.954151429235935 ], [ 414950.783759669458959, 5977109.574077339842916 ], [ 414945.493327024043538, 5977114.410426902584732 ], [ 414940.736637638881803, 5977118.667373158037663 ], [ 414930.689515608362854, 5977119.309951617382467 ], [ 414924.595249887788668, 5977114.410426902584732 ], [ 414920.642393577785697, 5977109.904939622618258 ], [ 414915.638186548254453, 5977104.366788807325065 ], [ 414910.59527154720854, 5977098.588015046902001 ], [ 414906.873487441451289, 5977094.323150712065399 ], [ 414900.548149516689591, 5977086.866031281650066 ], [ 414898.411661737423856, 5977084.27951261587441 ], [ 414893.584020307287574, 5977074.235874520614743 ], [ 414891.40215163200628, 5977064.192236424423754 ], [ 414890.501027486112434, 5977060.044240456074476 ], [ 414889.220239000918809, 5977054.14859833009541 ], [ 414887.038367929286323, 5977044.104960233904421 ], [ 414884.856477153545711, 5977034.061322138644755 ], [ 414882.419569846882951, 5977024.017684043385088 ], [ 414880.531119281251449, 5977013.974045947194099 ], [ 414880.453905455535278, 5977013.77937688678503 ], [ 414870.809244670497719, 5977003.930407851934433 ], [ 414870.406783425016329, 5977003.720615008845925 ], [ 414860.35966139449738, 5976998.195808622986078 ], [ 414853.969530574046075, 5976993.886769756674767 ], [ 414850.312539363920223, 5976991.704898148775101 ], [ 414840.265417333343066, 5976989.616089696064591 ], [ 414830.218295302824117, 5976988.877728512510657 ], [ 414820.171173272246961, 5976989.25178377982229 ], [ 414810.124051241786219, 5976990.108791794627905 ], [ 414800.076929211150855, 5976992.994812423363328 ], [ 414797.267823076224886, 5976993.886769756674767 ], [ 414790.029807180573698, 5976997.609648902900517 ], [ 414779.982685150054749, 5977002.910200241953135 ], [ 414778.082727639295626, 5977003.930407851934433 ], [ 414769.935563119477592, 5977012.445969472639263 ], [ 414768.473593729315326, 5977013.974045948125422 ], [ 414759.888441088958643, 5977022.992571979761124 ], [ 414758.945032936055213, 5977024.017684042453766 ], [ 414749.971691962447949, 5977034.061322138644755 ], [ 414749.841319058381487, 5977034.194396962411702 ], [ 414740.132798220787663, 5977044.104960233904421 ], [ 414739.79419702780433, 5977044.432504997588694 ], [ 414729.750047443201765, 5977054.14859833009541 ], [ 414729.747074997285381, 5977054.152057870291173 ], [ 414725.631453821319155, 5977064.192236425355077 ], [ 414722.302799709548708, 5977074.235874520614743 ], [ 414719.699952966650017, 5977076.69395599514246 ], [ 414709.652830936189275, 5977082.363335343077779 ], [ 414705.996983254211955, 5977084.27951261587441 ], [ 414708.483943792642094, 5977094.323150712065399 ], [ 414709.652830936189275, 5977097.403229868970811 ], [ 414713.060851429705508, 5977104.366788807325065 ], [ 414719.699952966708224, 5977113.95689067337662 ], [ 414719.963122640037909, 5977114.410426902584732 ], [ 414719.699952966766432, 5977117.446626829914749 ], [ 414719.228021438233554, 5977124.454064998775721 ], [ 414714.201146094652358, 5977134.497703094035387 ], [ 414713.855500747798942, 5977144.541341189295053 ], [ 414717.353815087524708, 5977154.58497928455472 ], [ 414719.699952966650017, 5977161.320673478767276 ], [ 414720.85215677350061, 5977164.628617380745709 ], [ 414724.350483771064319, 5977174.672255476005375 ], [ 414727.848807632515673, 5977184.715893571265042 ], [ 414729.747074997285381, 5977190.16579220071435 ], [ 414731.347131494025234, 5977194.759531666524708 ], [ 414734.845468824962154, 5977204.803169762715697 ], [ 414732.070387012208812, 5977214.846807857975364 ], [ 414729.747074997285381, 5977219.436563856899738 ], [ 414724.672711170744151, 5977224.89044595323503 ], [ 414719.699952966766432, 5977227.076205804012716 ], [ 414709.652830936189275, 5977232.316292996518314 ], [ 414706.664795010525268, 5977234.934084049426019 ], [ 414699.605708905612119, 5977241.74517294485122 ], [ 414696.255450478754938, 5977244.977722144685686 ], [ 414689.558586875034962, 5977251.439295650459826 ], [ 414684.405846878769808, 5977255.021360239945352 ], [ 414679.511464844516013, 5977257.5028265286237 ], [ 414669.464342813938856, 5977262.370414669625461 ], [ 414663.902483896526974, 5977265.064998335205019 ], [ 414659.417220783419907, 5977267.237993503920734 ], [ 414649.370098752900958, 5977272.10558102838695 ], [ 414643.171526898979209, 5977275.108636431396008 ], [ 414639.322976722265594, 5977276.973160479217768 ], [ 414635.774406366690528, 5977275.108636431396008 ], [ 414632.055707782797981, 5977265.064998335205019 ], [ 414631.934996477270033, 5977255.021360239945352 ], [ 414632.467483858636115, 5977244.977722145617008 ], [ 414632.999964344897307, 5977234.934084049426019 ], [ 414633.532454207888804, 5977224.89044595323503 ], [ 414635.349202172830701, 5977214.846807857975364 ], [ 414638.150005746225361, 5977204.803169762715697 ], [ 414639.322976722265594, 5977201.556883827783167 ], [ 414644.52756646159105, 5977194.759531666524708 ], [ 414649.370098752900958, 5977192.06492804735899 ], [ 414659.417220783419907, 5977190.586920155212283 ], [ 414669.464342813938856, 5977189.64299594797194 ], [ 414679.511464844516013, 5977186.478644771501422 ], [ 414680.637531285930891, 5977184.715893571265042 ], [ 414681.903920054319315, 5977174.672255476005375 ], [ 414681.580804521043319, 5977164.628617380745709 ], [ 414679.699604974244721, 5977154.584979283623397 ], [ 414679.511464844516013, 5977153.955415222793818 ], [ 414669.644508847151883, 5977144.541341189295053 ], [ 414669.464342813997064, 5977144.371405197307467 ], [ 414659.417220783419907, 5977136.977264921180904 ], [ 414655.548173802206293, 5977134.497703094035387 ], [ 414649.370098752900958, 5977130.538351055234671 ], [ 414639.876329191785771, 5977124.454064998775721 ], [ 414639.322976722265594, 5977124.099437187425792 ], [ 414629.275854691746645, 5977116.930196375586092 ], [ 414626.22746205580188, 5977114.410426902584732 ], [ 414619.228732661169488, 5977108.10097913723439 ], [ 414609.181610630650539, 5977104.584796744398773 ], [ 414599.134488600073382, 5977108.076130671426654 ], [ 414589.087366569554433, 5977113.00779977440834 ], [ 414586.242122219176963, 5977114.410426903516054 ], [ 414579.040244538977277, 5977116.957271475344896 ], [ 414568.99312250840012, 5977122.913708852604032 ], [ 414567.826763012970332, 5977124.454064998775721 ], [ 414560.464767845463939, 5977134.497703094035387 ], [ 414558.946000477881171, 5977135.644294673576951 ], [ 414548.898878447304014, 5977138.245791560038924 ], [ 414545.519365197629668, 5977144.541341189295053 ], [ 414538.851756416785065, 5977151.714726880192757 ], [ 414528.804634386207908, 5977153.137321550399065 ], [ 414518.757512355572544, 5977153.241421893239021 ], [ 414508.71039032517001, 5977153.352632063440979 ], [ 414499.891721904336009, 5977154.58497928455472 ], [ 414498.663268294534646, 5977154.765687695704401 ], [ 414488.616146264015697, 5977156.894089069217443 ], [ 414478.56902423343854, 5977159.030670555308461 ], [ 414475.989735482202377, 5977164.628617380745709 ], [ 414473.987425143714063, 5977174.672255476005375 ], [ 414471.744816317688674, 5977184.715893571265042 ], [ 414468.521902202861384, 5977189.614165087230504 ], [ 414458.474780172342435, 5977194.539245244115591 ], [ 414458.025397725461517, 5977194.759531666524708 ], [ 414448.427658141765278, 5977199.464308984577656 ], [ 414438.380536111246329, 5977204.389371957629919 ], [ 414437.536395135044586, 5977204.803169762715697 ], [ 414428.333414080669172, 5977209.314469972625375 ], [ 414418.286292050033808, 5977214.239532944746315 ], [ 414417.047452021157369, 5977214.846807857975364 ], [ 414408.239170019573066, 5977219.164610981941223 ], [ 414398.19204798899591, 5977224.089693932794034 ], [ 414396.558514913776889, 5977224.89044595323503 ], [ 414388.144925958476961, 5977229.014771295711398 ], [ 414378.097803927899804, 5977233.939851451665163 ], [ 414376.509763530746568, 5977234.934084049426019 ], [ 414368.050681897322647, 5977240.304476669058204 ], [ 414363.072058610501699, 5977244.977722145617008 ], [ 414358.003559866803698, 5977249.910343499854207 ], [ 414352.751771324547008, 5977255.021360239945352 ], [ 414351.297652983106673, 5977265.064998335205019 ], [ 414353.393974363105372, 5977275.108636431396008 ], [ 414355.490295743220486, 5977285.152274526655674 ], [ 414357.649654771492351, 5977295.19591262191534 ], [ 414358.003559866803698, 5977297.603687229566276 ], [ 414359.32430462713819, 5977305.239550717175007 ], [ 414362.241156293835957, 5977315.283188813365996 ], [ 414362.927022413001396, 5977325.326826908625662 ], [ 414362.72092403890565, 5977335.370465003885329 ], [ 414362.351522736775223, 5977345.414103100076318 ], [ 414360.227501278277487, 5977355.457741195335984 ], [ 414358.003559866803698, 5977365.030583755113184 ], [ 414357.894185948011, 5977365.501379290595651 ], [ 414355.560892991838045, 5977375.545017385855317 ], [ 414349.04484530899208, 5977385.588655482046306 ], [ 414347.956437836226542, 5977386.36561079043895 ], [ 414337.909315805649385, 5977391.271892610937357 ], [ 414328.980052832106594, 5977395.632293577305973 ], [ 414327.862193775130436, 5977396.178174432367086 ], [ 414317.815071744611487, 5977401.084470255300403 ], [ 414308.412671402387787, 5977405.675931672565639 ], [ 414307.76794971403433, 5977405.990767741575837 ], [ 414297.720827683457173, 5977410.897050522267818 ], [ 414287.845235305139795, 5977415.719569767825305 ], [ 414287.673705652938224, 5977415.925768256187439 ], [ 414277.626583622361068, 5977424.376715052872896 ], [ 414275.114995610434562, 5977425.763207864016294 ], [ 414277.626583622361068, 5977427.999784296378493 ], [ 414286.393609061371535, 5977435.806845959275961 ], [ 414287.673705652938224, 5977436.946775698103011 ], [ 414297.672222512192093, 5977445.850484054535627 ], [ 414297.720827683457173, 5977445.893767100758851 ], [ 414307.76794971403433, 5977454.840758504346013 ], [ 414308.950835963012651, 5977455.894122150726616 ], [ 414317.815071744611487, 5977463.78774990607053 ], [ 414320.229449413833208, 5977465.937760246917605 ], [ 414327.862193775130436, 5977472.73474130872637 ], [ 414331.508062864653766, 5977475.981398341245949 ], [ 414337.909315805707593, 5977481.415727309882641 ], [ 414343.055905597866513, 5977486.025036437436938 ], [ 414347.956437836168334, 5977490.087997076101601 ], [ 414355.112060827203095, 5977496.068674532696605 ], [ 414358.003559866803698, 5977498.526993722654879 ], [ 414366.624273192428518, 5977506.112312627956271 ], [ 414368.050681897322647, 5977507.446078723296523 ], [ 414377.665972474089358, 5977516.155950723215938 ], [ 414378.097803927899804, 5977516.550106441602111 ], [ 414383.512988996750209, 5977526.199588818475604 ], [ 414388.144925958476961, 5977531.67178420163691 ], [ 414390.780107090482488, 5977536.243226914666593 ], [ 414396.537321971554775, 5977546.28686500992626 ], [ 414398.19204798899591, 5977549.101281765848398 ], [ 414402.359267238120083, 5977556.330503105185926 ], [ 414408.148863055859692, 5977566.374141200445592 ], [ 414408.239170019573066, 5977566.53080333955586 ], [ 414413.938458873541094, 5977576.417779296636581 ], [ 414418.286292050092015, 5977583.960326617583632 ], [ 414419.728027721866965, 5977586.461417391896248 ], [ 414425.517619021120481, 5977596.505055487155914 ], [ 414428.333414080669172, 5977601.389822476543486 ], [ 414431.307214838918298, 5977606.548693582415581 ], [ 414437.096806633402593, 5977616.592331677675247 ], [ 414438.380536111246329, 5977618.819316843524575 ], [ 414442.886374986497685, 5977626.635969773866236 ], [ 414448.427658141765278, 5977636.248841613531113 ], [ 414448.675970804179087, 5977636.679607870057225 ], [ 414454.465554056921974, 5977646.723245965316892 ], [ 414458.474780172342435, 5977653.678361696191132 ], [ 414460.255130951874889, 5977656.766884060576558 ], [ 414466.044726769498084, 5977666.810522155836225 ], [ 414468.521902202861384, 5977671.107860749587417 ], [ 414471.834322587237693, 5977676.854160252027214 ], [ 414476.054266625083983, 5977686.897798346355557 ], [ 414474.313231601961888, 5977696.941436442546546 ], [ 414471.972608166048303, 5977706.985074537806213 ], [ 414471.677314013359137, 5977717.028712633997202 ], [ 414473.96088958485052, 5977727.072350729256868 ], [ 414476.562065639707725, 5977737.115988824516535 ], [ 414478.56902423343854, 5977744.865239688195288 ], [ 414479.163241694681346, 5977747.159626920707524 ], [ 414481.76441774959676, 5977757.20326501596719 ], [ 414484.365613499423489, 5977767.246903110295534 ], [ 414486.974102747044526, 5977777.290541207417846 ], [ 414488.616146264015697, 5977783.620584271848202 ], [ 414489.582242160919122, 5977787.334179302677512 ], [ 414492.360916802892461, 5977797.377817397937179 ], [ 414495.158352183876559, 5977807.421455493196845 ], [ 414497.960521237226203, 5977817.465093588456511 ], [ 414498.663268294534646, 5977819.983905617147684 ], [ 414500.762690290575847, 5977827.508731684647501 ], [ 414503.564869120251387, 5977837.552369779907167 ], [ 414506.367047486477531, 5977847.596007875166833 ], [ 414508.710390325111803, 5977855.995104060508311 ], [ 414509.169216539885383, 5977857.639645971357822 ], [ 414511.971398486522958, 5977867.683284066617489 ], [ 414514.77357373572886, 5977877.726922161877155 ], [ 414517.575742789078504, 5977887.770560257136822 ], [ 414518.757512355630752, 5977892.006302502937615 ], [ 414520.377911842428148, 5977897.814198353327811 ], [ 414523.180099984980188, 5977907.857836448587477 ], [ 414526.415043575165328, 5977917.901474543847144 ], [ 414518.757512355630752, 5977920.591111024841666 ], [ 414512.769268166681286, 5977927.94511263910681 ], [ 414508.710390325053595, 5977937.360618966631591 ], [ 414508.27382665371988, 5977937.988750735297799 ], [ 414507.767560950189363, 5977948.032388830557466 ], [ 414507.261295246600639, 5977958.076026925817132 ], [ 414506.755029543070123, 5977968.119665022008121 ], [ 414506.248756795772351, 5977978.163303117267787 ], [ 414505.573925181874074, 5977988.206941212527454 ], [ 414504.447819264256395, 5977998.25057930778712 ], [ 414503.240416724991519, 5978008.294217403978109 ], [ 414502.033017949433997, 5978018.337855499237776 ], [ 414502.801191342063248, 5978028.381493594497442 ], [ 414508.710390325111803, 5978036.774976249784231 ], [ 414510.028970560117159, 5978038.425131689757109 ], [ 414508.735367825662252, 5978048.468769785948098 ], [ 414508.710390325111803, 5978048.519168166443706 ], [ 414504.823726229602471, 5978058.512407880276442 ], [ 414503.501962335198186, 5978068.556045976467431 ], [ 414502.378464389243163, 5978078.59968407265842 ], [ 414501.254970279405825, 5978088.643322167918086 ], [ 414500.131469039479271, 5978098.686960263177752 ], [ 414499.007978223613463, 5978108.730598358437419 ], [ 414498.663268294534646, 5978111.812157168053091 ], [ 414493.821471531060524, 5978118.774236455559731 ], [ 414488.616146264015697, 5978122.500443689525127 ], [ 414478.569024233496748, 5978127.207021517679095 ], [ 414476.278753566788509, 5978128.817874549888074 ], [ 414468.521902202861384, 5978136.356416936032474 ], [ 414467.928401652374305, 5978138.861512645147741 ], [ 414465.454638896044344, 5978148.905150740407407 ], [ 414463.824383727100212, 5978158.948788836598396 ], [ 414462.799696075904649, 5978168.992426931858063 ], [ 414461.775011253543198, 5978179.036065027117729 ], [ 414460.75033518683631, 5978189.079703123308718 ], [ 414459.725659120071214, 5978199.123341218568385 ], [ 414458.700983053364325, 5978209.166979313828051 ], [ 414459.212578132399358, 5978219.210617409087718 ], [ 414461.43089604517445, 5978229.254255505278707 ], [ 414462.614794546330813, 5978239.297893600538373 ], [ 414463.609254163922742, 5978249.341531695798039 ], [ 414464.215580623364076, 5978259.385169791989028 ], [ 414465.010739245568402, 5978269.428807887248695 ], [ 414467.610349542053882, 5978279.472445982508361 ], [ 414468.521902202861384, 5978281.371774877421558 ], [ 414469.502859767933842, 5978289.51608407869935 ], [ 414468.521902202861384, 5978297.666817020624876 ], [ 414458.474780172342435, 5978298.522510129027069 ], [ 414448.427658141765278, 5978299.378270295448601 ], [ 414446.297155090258457, 5978299.559722173959017 ], [ 414438.380536111188121, 5978300.23396463599056 ], [ 414428.333414080669172, 5978301.089657744392753 ], [ 414418.286292050092015, 5978301.945419142954051 ], [ 414408.239170019514859, 5978302.801112250424922 ], [ 414398.19204798899591, 5978303.656805357895792 ], [ 414388.144925958476961, 5978304.512566757388413 ], [ 414378.097803927841596, 5978305.36825986392796 ], [ 414368.050681897439063, 5978306.223952972330153 ], [ 414358.003559866803698, 5978307.079714371822774 ], [ 414347.956437836168334, 5978307.935407478362322 ], [ 414344.986142993031535, 5978309.603360269218683 ], [ 414347.134396777837537, 5978319.64699836447835 ], [ 414347.956437836226542, 5978320.982216422446072 ], [ 414353.3178404449136, 5978329.690636459738016 ], [ 414358.003559866803698, 5978337.301493348553777 ], [ 414359.501332104671746, 5978339.734274555929005 ], [ 414365.684771495172754, 5978349.777912650257349 ], [ 414368.050681897439063, 5978353.620814044028521 ], [ 414371.868230746185873, 5978359.821550746448338 ], [ 414378.051702545431908, 5978369.865188842639327 ], [ 414378.097803927958012, 5978369.940070404671133 ], [ 414384.235173865105025, 5978379.908826937898993 ], [ 414388.144925958476961, 5978386.259326765313745 ], [ 414390.418633595691063, 5978389.95246503315866 ], [ 414396.602116983965971, 5978399.996103128418326 ], [ 414398.192047988937702, 5978402.578583125025034 ], [ 414402.785564646008424, 5978410.039741224609315 ], [ 414408.239170019573066, 5978418.89792438596487 ], [ 414408.969007833453361, 5978420.083379319868982 ], [ 414415.152495696267579, 5978430.127017416059971 ], [ 414418.286292050092015, 5978435.21718074567616 ], [ 414421.335950952372514, 5978440.170655510388315 ], [ 414427.519422511802986, 5978450.214293606579304 ], [ 414428.33341408072738, 5978451.536437106318772 ], [ 414433.702866137144156, 5978460.25793170183897 ], [ 414438.380536111246329, 5978467.855714141391218 ], [ 414439.886357796844095, 5978470.301569797098637 ], [ 414446.069797187345102, 5978480.345207893289626 ], [ 414448.427658141765278, 5978484.17503472790122 ], [ 414452.253256480209529, 5978490.388845988549292 ], [ 414458.436725663952529, 5978500.432484083808959 ], [ 414458.474780172342435, 5978500.494301015511155 ], [ 414464.619813892873935, 5978510.476122179068625 ], [ 414468.521902202861384, 5978516.814940595068038 ], [ 414470.80257318430813, 5978520.519760275259614 ], [ 414476.985228316974826, 5978530.56339837051928 ], [ 414478.56902423343854, 5978533.136257957667112 ], [ 414483.167847655364312, 5978540.607036465778947 ], [ 414488.616146264015697, 5978549.457710707560182 ], [ 414489.350511028547771, 5978550.650674561038613 ], [ 414495.53317440173123, 5978560.694312657229602 ], [ 414498.663268294534646, 5978565.77910029143095 ], [ 414502.248241645749658, 5978570.737950752489269 ], [ 414508.710390325111803, 5978579.677131756208837 ], [ 414509.847627123992424, 5978580.781588847748935 ], [ 414518.757512355688959, 5978588.930353295058012 ], [ 414520.707657869323157, 5978590.825226943939924 ], [ 414528.804634386207908, 5978598.242370136082172 ], [ 414531.666333262226544, 5978600.868865039199591 ], [ 414538.851756416785065, 5978607.452003359794617 ], [ 414542.628823019564152, 5978610.912503134459257 ], [ 414548.898878447304014, 5978616.657047160901129 ], [ 414553.591292393044569, 5978620.956141229718924 ], [ 414558.946000477881171, 5978625.862015698105097 ], [ 414564.553767181700096, 5978630.999779325909913 ], [ 414568.99312250840012, 5978635.067059498280287 ], [ 414575.516251523804385, 5978641.043417421169579 ], [ 414579.040244538919069, 5978644.272028034552932 ], [ 414586.478711343777832, 5978651.087055516429245 ], [ 414589.087366569554433, 5978653.477071835659444 ], [ 414597.441210654505994, 5978661.130693611688912 ], [ 414599.134488600073382, 5978662.682040371932089 ], [ 414608.403655505855568, 5978671.174331707879901 ], [ 414609.181610630650539, 5978671.887084173038602 ], [ 414619.228732661169488, 5978681.092052709311247 ], [ 414619.366168661566917, 5978681.217969803139567 ], [ 414629.275854691746645, 5978690.297096510417759 ], [ 414630.3286082756822, 5978691.261607898399234 ], [ 414639.322976722265594, 5978699.502065047621727 ], [ 414641.291112823644653, 5978701.305245994590223 ], [ 414649.370098752784543, 5978708.707108847796917 ], [ 414652.253567406442016, 5978711.348884089849889 ], [ 414659.417220783419907, 5978717.912126567214727 ], [ 414663.216005896800198, 5978721.392522185109556 ], [ 414669.464342813938856, 5978727.117121184244752 ], [ 414674.178487992146984, 5978731.436160280369222 ], [ 414679.511464844516013, 5978736.322164986282587 ], [ 414685.140965027501807, 5978741.479798376560211 ], [ 414689.558586874976754, 5978745.527133522555232 ], [ 414696.10343215422472, 5978751.523436471819878 ], [ 414699.605708905612119, 5978754.732177323661745 ], [ 414707.065924158436246, 5978761.567074567079544 ], [ 414709.652830936189275, 5978763.937145859003067 ], [ 414718.028376316302456, 5978771.610712663270533 ], [ 414719.699952966708224, 5978773.142189661040902 ], [ 414728.990883289137855, 5978781.6543507585302 ], [ 414729.747074997285381, 5978782.347158197313547 ], [ 414737.866489588865079, 5978791.697988853789866 ], [ 414739.79419702780433, 5978794.181992617435753 ], [ 414745.601683667278849, 5978801.741626949049532 ], [ 414749.841319058381487, 5978807.260381489060819 ], [ 414753.317439680336975, 5978811.785265045240521 ], [ 414759.888441088958643, 5978820.338770360685885 ], [ 414763.087200050591491, 5978821.828903140500188 ], [ 414769.935563119477592, 5978825.085658015683293 ] ], [ [ 414663.927726842346601, 5978359.821550745517015 ], [ 414659.417220783361699, 5978357.353726020082831 ], [ 414649.37009875284275, 5978350.227404159493744 ], [ 414648.808624239754863, 5978349.777912651188672 ], [ 414639.322976722265594, 5978342.184125384315848 ], [ 414636.262788095686119, 5978339.734274555929005 ], [ 414629.275854691746645, 5978336.066519917920232 ], [ 414619.228732661169488, 5978333.699796717613935 ], [ 414609.181610630592331, 5978332.494508913718164 ], [ 414603.886020200850908, 5978329.690636459738016 ], [ 414599.134488600073382, 5978324.613845178857446 ], [ 414596.628728432697244, 5978319.64699836447835 ], [ 414599.134488600073382, 5978314.421718175522983 ], [ 414605.701689522946253, 5978309.603360269218683 ], [ 414609.181610630650539, 5978306.034341912716627 ], [ 414619.228732661227696, 5978302.085474335588515 ], [ 414629.275854691746645, 5978302.839026656933129 ], [ 414639.322976722265594, 5978303.59257897734642 ], [ 414649.370098752784543, 5978304.346138142049313 ], [ 414659.417220783419907, 5978303.895036812871695 ], [ 414669.464342813938856, 5978302.449519576504827 ], [ 414679.511464844516013, 5978301.003997081890702 ], [ 414689.549976778158452, 5978299.559722173959017 ], [ 414689.558586875034962, 5978299.558483409695327 ], [ 414699.605708905612119, 5978298.11295913439244 ], [ 414709.652830936189275, 5978296.667443677783012 ], [ 414719.699952966708224, 5978295.221922969445586 ], [ 414729.747074997285381, 5978293.441591024398804 ], [ 414739.158236415707506, 5978289.516084077768028 ], [ 414739.79419702780433, 5978289.194683847948909 ], [ 414749.841319058381487, 5978284.117086372338235 ], [ 414759.031741170794703, 5978279.472445982508361 ], [ 414759.888441088958643, 5978279.039488388225436 ], [ 414761.328118872654159, 5978279.472445982508361 ], [ 414769.935563119477592, 5978282.050727234221995 ], [ 414779.982685150054749, 5978289.497675464488566 ], [ 414780.007521307969, 5978289.516084077768028 ], [ 414790.029807180573698, 5978296.944635392166674 ], [ 414793.557971178553998, 5978299.559722173959017 ], [ 414794.120448309229687, 5978309.603360269218683 ], [ 414790.029807180631906, 5978315.167278066277504 ], [ 414786.944332856102847, 5978319.64699836447835 ], [ 414779.982685150054749, 5978327.653359118849039 ], [ 414778.32642121554818, 5978329.690636459738016 ], [ 414769.935563119477592, 5978332.179515924304724 ], [ 414759.888441088958643, 5978333.335736044682562 ], [ 414749.841319058381487, 5978333.461506260558963 ], [ 414739.79419702780433, 5978333.736784962937236 ], [ 414729.747074997285381, 5978334.083266796544194 ], [ 414719.699952966708224, 5978334.53267764672637 ], [ 414709.652830936189275, 5978335.138892043381929 ], [ 414699.605708905612119, 5978336.001309456303716 ], [ 414689.558586875034962, 5978337.325869584456086 ], [ 414679.511464844516013, 5978339.414701790548861 ], [ 414678.385799654235598, 5978339.734274555929005 ], [ 414679.511464844516013, 5978345.951757024973631 ], [ 414680.204184160218574, 5978349.777912651188672 ], [ 414679.511464844516013, 5978351.874050199985504 ], [ 414676.026781926921103, 5978359.821550746448338 ], [ 414669.464342813938856, 5978363.326628198847175 ], [ 414663.927726842346601, 5978359.821550745517015 ] ] ] } },
{ "type": "Feature", "properties": { "id": 1, "cost_level": 600.0 }, "geometry": { "type": "Polygon", "coordinates": [ [ [ 414769.935563119477592, 5978405.21726150251925 ], [ 414774.501813060720451, 5978399.996103128418326 ], [ 414779.982685149996541, 5978390.953668047674 ], [ 414780.858581868349575, 5978389.95246503315866 ], [ 414789.787522042170167, 5978379.908826937898993 ], [ 414790.029807180573698, 5978379.469305648468435 ], [ 414799.657215320621617, 5978369.865188842639327 ], [ 414800.076929211150855, 5978369.402974725700915 ], [ 414810.124051241728012, 5978360.691163993440568 ], [ 414811.126968878845219, 5978359.821550746448338 ], [ 414820.171173272246961, 5978351.979471142403781 ], [ 414822.710212148667779, 5978349.777912651188672 ], [ 414830.218295302824117, 5978344.459633180871606 ], [ 414840.265417333343066, 5978340.388283065520227 ], [ 414842.230482720129658, 5978339.734274555929005 ], [ 414850.312539363920223, 5978337.044423187151551 ], [ 414860.35966139449738, 5978333.700481832027435 ], [ 414870.406783425016329, 5978330.356616551056504 ], [ 414872.407786677242257, 5978329.690636459738016 ], [ 414880.453905455593485, 5978327.012680599465966 ], [ 414890.501027486112434, 5978323.668788095004857 ], [ 414900.548149516689591, 5978320.324873866513371 ], [ 414902.584893712773919, 5978319.64699836447835 ], [ 414910.59527154720854, 5978316.980959638953209 ], [ 414920.642393577843904, 5978313.637045411393046 ], [ 414930.689515608362854, 5978310.293131182901561 ], [ 414932.762000748247374, 5978309.603360269218683 ], [ 414940.736637638881803, 5978306.949216954410076 ], [ 414950.783759669400752, 5978303.605302726849914 ], [ 414960.830881699977908, 5978300.261388499289751 ], [ 414962.939107783720829, 5978299.559722173959017 ], [ 414970.878003730555065, 5978296.917474271729589 ], [ 414980.925125761074014, 5978292.568910710513592 ], [ 414987.528897383948788, 5978289.516084077768028 ], [ 414990.972247791651171, 5978287.924286884255707 ], [ 415001.019369822228327, 5978283.279688235372305 ], [ 415011.066491852747276, 5978279.785490210168064 ], [ 415012.533280732459389, 5978279.472445982508361 ], [ 415021.113613883324433, 5978277.888618104159832 ], [ 415031.16073591390159, 5978276.034080505371094 ], [ 415041.207857944420539, 5978274.22237985022366 ], [ 415051.254979974939488, 5978272.444556024856865 ], [ 415061.302102005516645, 5978270.666732200421393 ], [ 415068.298057657550089, 5978269.428807887248695 ], [ 415071.349224036093801, 5978268.888908375054598 ], [ 415081.396346066670958, 5978267.111084549687803 ], [ 415091.443468097189907, 5978263.462225724942982 ], [ 415094.193141368334182, 5978259.385169792920351 ], [ 415093.290109056048095, 5978249.341531695798039 ], [ 415092.389499742945191, 5978239.297893600538373 ], [ 415091.521037626371253, 5978229.254255505278707 ], [ 415091.443468097131699, 5978228.357175178825855 ], [ 415090.652575509797316, 5978219.210617409087718 ], [ 415089.784113393223379, 5978209.166979313828051 ], [ 415088.915714598726481, 5978199.123341217637062 ], [ 415088.047252482210752, 5978189.079703123308718 ], [ 415087.178790365636814, 5978179.036065027117729 ], [ 415088.587436700996477, 5978168.992426931858063 ], [ 415091.443468097189907, 5978163.995575120672584 ], [ 415094.530534404097125, 5978158.948788836598396 ], [ 415100.674023454543203, 5978148.905150740407407 ], [ 415101.490590127767064, 5978147.570192692801356 ], [ 415106.817512504872866, 5978138.861512645147741 ], [ 415111.537712158286013, 5978131.144728800281882 ], [ 415112.961001555202529, 5978128.817874549888074 ], [ 415119.104490605590399, 5978118.774236454628408 ], [ 415121.584834188863169, 5978114.719330362044275 ], [ 415125.248078825999983, 5978108.730598358437419 ], [ 415131.391567876387853, 5978098.686960263177752 ], [ 415131.631956219382118, 5978098.293963140808046 ], [ 415137.534882132313214, 5978088.643322167918086 ], [ 415141.679078249959275, 5978081.868122233077884 ], [ 415143.676691372063942, 5978078.59968407265842 ], [ 415149.815289116813801, 5978068.556045976467431 ], [ 415151.726200280536432, 5978065.429517580196261 ], [ 415156.260045255650766, 5978058.512407881207764 ], [ 415161.773322310997173, 5978055.20926396176219 ], [ 415171.820444341632538, 5978053.431157327257097 ], [ 415181.867566372151487, 5978051.653070877306163 ], [ 415191.914688402728643, 5978049.875007722526789 ], [ 415199.860580894863233, 5978048.468769785948098 ], [ 415201.9618104333058, 5978048.096901088021696 ], [ 415212.008932463824749, 5978046.318844490684569 ], [ 415222.056054494401906, 5978044.595128659158945 ], [ 415232.103176524920855, 5978042.903766795992851 ], [ 415242.150298555498011, 5978040.507345722988248 ], [ 415252.197420586075168, 5978039.308460683561862 ], [ 415253.43711190414615, 5978038.425131689757109 ], [ 415254.633376712154131, 5978028.381493594497442 ], [ 415253.333876109623816, 5978018.337855499237776 ], [ 415252.364354797638953, 5978008.294217403978109 ], [ 415252.197420586075168, 5978002.635477086529136 ], [ 415252.03072212607367, 5977998.25057930778712 ], [ 415245.569874408771284, 5977988.206941212527454 ], [ 415242.150298555498011, 5977984.374264227226377 ], [ 415232.103176524920855, 5977982.037391344085336 ], [ 415228.968393608462065, 5977978.163303117267787 ], [ 415222.056054494401906, 5977971.848164766095579 ], [ 415218.952129408251494, 5977968.119665022008121 ], [ 415214.334349404380191, 5977958.076026925817132 ], [ 415212.008932463824749, 5977952.436898512765765 ], [ 415208.419059928797651, 5977948.032388830557466 ], [ 415201.9618104333058, 5977939.355691585689783 ], [ 415200.658232244546525, 5977937.988750735297799 ], [ 415191.914688402728643, 5977928.140589583665133 ], [ 415191.717381681955885, 5977927.94511263910681 ], [ 415183.164850687840953, 5977917.901474543847144 ], [ 415181.867566372151487, 5977911.674010334536433 ], [ 415181.091654822172131, 5977907.857836448587477 ], [ 415181.867566372151487, 5977901.063949598930776 ], [ 415182.737534495769069, 5977897.814198353327811 ], [ 415191.914688402786851, 5977890.734029967337847 ], [ 415198.793519032944459, 5977887.770560257136822 ], [ 415201.9618104333058, 5977886.485710240900517 ], [ 415211.071188939036801, 5977877.726922161877155 ], [ 415212.008932463824749, 5977874.365252267569304 ], [ 415213.281670670141466, 5977867.683284066617489 ], [ 415218.981805103307124, 5977857.639645971357822 ], [ 415216.098857429926284, 5977847.596007875166833 ], [ 415212.008932463824749, 5977844.335789812728763 ], [ 415203.458485163340811, 5977837.552369779907167 ], [ 415201.961810433364008, 5977836.035197656601667 ], [ 415193.376842121884692, 5977827.508731684647501 ], [ 415199.231046130124014, 5977817.465093588456511 ], [ 415191.914688402728643, 5977808.106846204027534 ], [ 415191.376942105940543, 5977807.421455493196845 ], [ 415185.231390376226045, 5977797.377817397937179 ], [ 415181.867566372151487, 5977793.669570857658982 ], [ 415177.617206724768039, 5977787.334179302677512 ], [ 415171.820444341632538, 5977781.110467677004635 ], [ 415168.997672167432029, 5977777.290541207417846 ], [ 415161.773322311113589, 5977769.650928674265742 ], [ 415159.889241918339394, 5977767.246903112158179 ], [ 415152.561173713125754, 5977757.20326501596719 ], [ 415151.726200280536432, 5977756.217640439048409 ], [ 415146.826508634956554, 5977747.159626920707524 ], [ 415141.679078249959275, 5977741.456300685182214 ], [ 415138.801870998810045, 5977737.115988824516535 ], [ 415131.631956219382118, 5977729.399774292483926 ], [ 415129.923986003617756, 5977727.072350729256868 ], [ 415121.584834188863169, 5977718.2438645362854 ], [ 415120.517825538758188, 5977717.028712633997202 ], [ 415112.01782126451144, 5977706.985074537806213 ], [ 415111.537712158286013, 5977703.552040824666619 ], [ 415110.649831934075337, 5977696.941436442546546 ], [ 415111.537712158286013, 5977690.348850149661303 ], [ 415112.004059956758283, 5977686.89779834728688 ], [ 415113.361277634976432, 5977676.854160252027214 ], [ 415114.71849531319458, 5977666.810522155836225 ], [ 415116.075712991296314, 5977656.766884060576558 ], [ 415117.432965679035988, 5977646.723245965316892 ], [ 415118.790191417268943, 5977636.679607870057225 ], [ 415120.147425691713579, 5977626.635969773866236 ], [ 415121.50464336987352, 5977616.59233167860657 ], [ 415121.584834188863169, 5977615.998906189575791 ], [ 415122.861861048033461, 5977606.548693583346903 ], [ 415124.21907872625161, 5977596.505055488087237 ], [ 415125.576296404411551, 5977586.461417391896248 ], [ 415126.933514082571492, 5977576.417779296636581 ], [ 415128.29073176078964, 5977566.374141201376915 ], [ 415126.932076437748037, 5977556.330503105185926 ], [ 415121.584834188921377, 5977553.99862505774945 ], [ 415111.537712158286013, 5977552.641758164390922 ], [ 415101.490590127767064, 5977551.28489127010107 ], [ 415091.443468097189907, 5977549.928024376742542 ], [ 415081.396346066670958, 5977548.571157483384013 ], [ 415071.349224036093801, 5977547.214290589094162 ], [ 415064.481963868369348, 5977546.28686500992626 ], [ 415061.302102005516645, 5977545.857423694804311 ], [ 415051.254979974997696, 5977544.500556802377105 ], [ 415041.207857944420539, 5977543.143689908087254 ], [ 415031.16073591390159, 5977541.786823014728725 ], [ 415021.113613883324433, 5977540.429956121370196 ], [ 415011.066491852747276, 5977539.073089227080345 ], [ 415001.019369822228327, 5977537.716222332790494 ], [ 414990.972247791651171, 5977536.359605422243476 ], [ 414990.088757574383635, 5977536.243226914666593 ], [ 414980.925125761132222, 5977535.034370144829154 ], [ 414970.878003730555065, 5977533.727366005070508 ], [ 414960.830881700036116, 5977532.420881025493145 ], [ 414950.783759669400752, 5977531.473161646164954 ], [ 414940.736637638881803, 5977527.217309718951583 ], [ 414939.839075819298159, 5977526.199588818475604 ], [ 414930.981258233368862, 5977516.15595072414726 ], [ 414930.689515608362854, 5977515.825151707045734 ], [ 414922.123515320010483, 5977506.112312628887594 ], [ 414920.642393577785697, 5977504.571587803773582 ], [ 414912.462212427693885, 5977496.068674532696605 ], [ 414910.595271547266748, 5977494.23988909740001 ], [ 414902.20902570191538, 5977486.025036437436938 ], [ 414900.548149516631383, 5977484.398090358823538 ], [ 414891.95585166773526, 5977475.981398341245949 ], [ 414890.501027486054227, 5977474.556307254359126 ], [ 414881.70266314415494, 5977465.937760245986283 ], [ 414880.453905455593485, 5977464.714524150826037 ], [ 414871.449553174083121, 5977455.894122149795294 ], [ 414870.406783425016329, 5977454.872663919813931 ], [ 414861.196366448246408, 5977445.850484054535627 ], [ 414860.359661394439172, 5977445.030879088677466 ], [ 414851.149592355941422, 5977435.806845959275961 ], [ 414850.312539363978431, 5977434.970161753706634 ], [ 414841.183472907112446, 5977425.763207864016294 ], [ 414840.265417333343066, 5977424.837319617159665 ], [ 414831.224800284486264, 5977415.719569766893983 ], [ 414830.218295302824117, 5977414.704477479681373 ], [ 414821.266127661743667, 5977405.675931672565639 ], [ 414820.171173272188753, 5977404.571644764393568 ], [ 414811.307370073336642, 5977395.63229357637465 ], [ 414810.124051241728012, 5977394.438878898508847 ], [ 414801.348697450652253, 5977385.588655482977629 ], [ 414800.076929211092647, 5977384.306036761030555 ], [ 414791.390024828026071, 5977375.54501738678664 ], [ 414790.029807180573698, 5977374.173194624483585 ], [ 414781.431279489886947, 5977365.501379290595651 ], [ 414779.982685149996541, 5977364.040438177995384 ], [ 414771.472594616818242, 5977355.457741195335984 ], [ 414769.935563119477592, 5977353.919642781838775 ], [ 414759.888441088958643, 5977349.774293288588524 ], [ 414756.483498979941942, 5977355.457741195335984 ], [ 414749.841319058323279, 5977362.901292681694031 ], [ 414747.150551955273841, 5977365.501379291526973 ], [ 414740.110041958396323, 5977375.545017385855317 ], [ 414739.79419702780433, 5977375.99558590631932 ], [ 414733.069492798938882, 5977385.588655482046306 ], [ 414729.747074997285381, 5977390.328222315758467 ], [ 414726.02894180000294, 5977395.632293577305973 ], [ 414719.699952966708224, 5977404.660858722403646 ], [ 414718.988394945045002, 5977405.675931673496962 ], [ 414711.9478849482839, 5977415.719569766893983 ], [ 414709.652830936189275, 5977418.993578599765897 ], [ 414704.90734731516568, 5977425.763207864016294 ], [ 414699.605708905612119, 5977433.326215008273721 ], [ 414697.866796316287946, 5977435.806845959275961 ], [ 414690.826245317410212, 5977445.850484054535627 ], [ 414689.558586875034962, 5977447.145687174983323 ], [ 414679.511464844516013, 5977453.907768630422652 ], [ 414675.88233277911786, 5977455.894122150726616 ], [ 414669.464342813938856, 5977459.406917146407068 ], [ 414659.417220783419907, 5977464.906060406006873 ], [ 414657.532263905159198, 5977465.937760245986283 ], [ 414649.37009875284275, 5977470.405163022689521 ], [ 414639.322976722265594, 5977475.904311537742615 ], [ 414639.182135331269819, 5977475.981398341245949 ], [ 414629.275854691746645, 5977481.403408899903297 ], [ 414621.305448992759921, 5977486.025036436505616 ], [ 414619.228732661227696, 5977487.951896446757019 ], [ 414610.904538023751229, 5977496.068674532696605 ], [ 414609.181610630650539, 5977497.816604969091713 ], [ 414603.048841349664144, 5977506.112312627956271 ], [ 414609.181610630650539, 5977513.151964910328388 ], [ 414611.095470938074868, 5977516.155950723215938 ], [ 414619.228732661169488, 5977525.134285166859627 ], [ 414620.193766149575822, 5977526.199588818475604 ], [ 414629.275854691746645, 5977536.225285584107041 ], [ 414629.292107402696274, 5977536.243226914666593 ], [ 414638.39040261413902, 5977546.286865010857582 ], [ 414639.322976722265594, 5977547.316336643882096 ], [ 414647.488697825639974, 5977556.330503105185926 ], [ 414649.37009875284275, 5977558.407377284951508 ], [ 414656.587039078760426, 5977566.374141201376915 ], [ 414659.417220783419907, 5977569.498388120904565 ], [ 414665.68533429026138, 5977576.417779296636581 ], [ 414669.464342813938856, 5977580.58941816072911 ], [ 414674.783675543381833, 5977586.461417391896248 ], [ 414679.511464844516013, 5977595.281790771521628 ], [ 414679.767549796553794, 5977596.505055487155914 ], [ 414679.511464844516013, 5977597.861781186424196 ], [ 414677.87177639931906, 5977606.548693584278226 ], [ 414679.511464844516013, 5977609.313466928899288 ], [ 414683.537226202548482, 5977616.59233167860657 ], [ 414682.16772315709386, 5977626.635969773866236 ], [ 414680.476098398736212, 5977636.679607870057225 ], [ 414679.511464844457805, 5977642.406861145980656 ], [ 414678.784461964096408, 5977646.723245965316892 ], [ 414677.092837581178173, 5977656.766884060576558 ], [ 414675.401204967522062, 5977666.810522155836225 ], [ 414673.709575239568949, 5977676.854160252027214 ], [ 414672.017947970889509, 5977686.89779834728688 ], [ 414670.582790464162827, 5977696.941436442546546 ], [ 414669.464342813938856, 5977702.059192806482315 ], [ 414659.417220783419907, 5977702.308464083820581 ], [ 414653.932203976204619, 5977696.941436442546546 ], [ 414649.370098752900958, 5977692.477467471733689 ], [ 414643.667765734950081, 5977686.89779834728688 ], [ 414639.322976722265594, 5977682.646470859646797 ], [ 414633.403277241974138, 5977676.854160251095891 ], [ 414629.275854691746645, 5977672.764895933680236 ], [ 414623.456600591074675, 5977666.810522155836225 ], [ 414619.228732661169488, 5977662.463823261670768 ], [ 414613.584686597343534, 5977656.766884060576558 ], [ 414609.181610630650539, 5977652.322507128119469 ], [ 414603.634382609336171, 5977646.723245965316892 ], [ 414599.134488600073382, 5977642.181181231513619 ], [ 414593.678970292385202, 5977636.679607870057225 ], [ 414589.087366569554433, 5977632.04642216488719 ], [ 414587.717987000301946, 5977636.679607870057225 ], [ 414584.752504084026441, 5977646.723245965316892 ], [ 414581.791073576954659, 5977656.766884060576558 ], [ 414579.040244538977277, 5977666.108593231998384 ], [ 414578.876663247705437, 5977666.810522155836225 ], [ 414576.536039811791852, 5977676.854160252027214 ], [ 414574.195416375820059, 5977686.89779834728688 ], [ 414571.854792939848267, 5977696.941436442546546 ], [ 414569.514169503934681, 5977706.985074537806213 ], [ 414568.99312250840012, 5977710.844427987933159 ], [ 414568.16655469610123, 5977717.028712633997202 ], [ 414568.99312250840012, 5977720.228200687095523 ], [ 414570.765671363507863, 5977727.072350729256868 ], [ 414573.366847418423276, 5977737.115988824516535 ], [ 414575.968029495677911, 5977747.159626920707524 ], [ 414578.569219223223627, 5977757.20326501596719 ], [ 414579.040244538977277, 5977759.021983820013702 ], [ 414581.310342906916048, 5977767.246903111226857 ], [ 414583.937903327867389, 5977777.290541206486523 ], [ 414586.419033327605575, 5977787.334179302677512 ], [ 414588.973923665238544, 5977797.377817398868501 ], [ 414589.087366569554433, 5977797.815839684568346 ], [ 414590.487594266189262, 5977807.421455493196845 ], [ 414591.915096702694427, 5977817.465093588456511 ], [ 414593.306616233487148, 5977827.508731684647501 ], [ 414594.66348909662338, 5977837.552369779907167 ], [ 414595.986999512184411, 5977847.596007875166833 ], [ 414597.278355254849885, 5977857.6396459704265 ], [ 414598.53871847037226, 5977867.683284066617489 ], [ 414599.134488600073382, 5977872.516294100321829 ], [ 414599.666288796986919, 5977877.726922161877155 ], [ 414600.691356438852381, 5977887.770560257136822 ], [ 414601.716416014474817, 5977897.814198354259133 ], [ 414603.952849379798863, 5977907.857836448587477 ], [ 414606.983879745996092, 5977917.901474543847144 ], [ 414608.636480230255984, 5977927.94511263910681 ], [ 414609.181610630708747, 5977929.893725048750639 ], [ 414611.215064336487558, 5977937.988750735297799 ], [ 414615.494791125587653, 5977948.032388830557466 ], [ 414609.181610630650539, 5977950.464686950668693 ], [ 414607.172482842695899, 5977948.032388830557466 ], [ 414601.564631367102265, 5977937.988750735297799 ], [ 414599.134488600073382, 5977937.279023927636445 ], [ 414594.677852825843729, 5977927.94511263910681 ], [ 414596.142331708979327, 5977917.901474543847144 ], [ 414595.834397748927586, 5977907.857836448587477 ], [ 414589.087366569554433, 5977903.07033315114677 ], [ 414582.247297552297823, 5977907.857836448587477 ], [ 414579.040244538977277, 5977909.716646382585168 ], [ 414568.99312250840012, 5977914.276154079474509 ], [ 414561.506635319266934, 5977917.901474544778466 ], [ 414558.946000477881171, 5977923.003561502322555 ], [ 414554.89872581633972, 5977927.94511263910681 ], [ 414554.131046421127394, 5977937.988750735297799 ], [ 414553.624780717596877, 5977948.032388830557466 ], [ 414552.882459631888196, 5977958.076026925817132 ], [ 414552.589081350713968, 5977968.119665022008121 ], [ 414556.584340653731488, 5977978.163303117267787 ], [ 414558.946000477881171, 5977981.118834909051657 ], [ 414564.609852895024233, 5977988.206941212527454 ], [ 414568.99312250840012, 5977993.692444486543536 ], [ 414572.63536513625877, 5977998.25057930778712 ], [ 414579.040244538977277, 5978006.266073307953775 ], [ 414580.660858109069522, 5978008.294217403978109 ], [ 414588.686370350362267, 5978018.337855499237776 ], [ 414589.087366569554433, 5978018.839688958600163 ], [ 414596.71187794546131, 5978028.381493594497442 ], [ 414599.134488600073382, 5978031.413304610177875 ], [ 414604.737375564407557, 5978038.425131689757109 ], [ 414604.05312686227262, 5978048.468769785948098 ], [ 414599.13448860013159, 5978058.393376924097538 ], [ 414599.075496822071727, 5978058.512407881207764 ], [ 414594.097866781870835, 5978068.556045976467431 ], [ 414589.120236741669942, 5978078.59968407265842 ], [ 414589.087366569554433, 5978078.666008028201759 ], [ 414584.142606701469049, 5978088.643322167918086 ], [ 414579.164976661268156, 5978098.686960263177752 ], [ 414579.040244538977277, 5978098.938639131374657 ], [ 414574.187346621067263, 5978108.730598358437419 ], [ 414570.469183389737736, 5978118.774236454628408 ], [ 414569.155432753963396, 5978128.817874549888074 ], [ 414568.99312250840012, 5978130.152617526240647 ], [ 414567.941132726031356, 5978138.861512645147741 ], [ 414566.410678601649124, 5978148.90515074133873 ], [ 414566.027624674781691, 5978158.948788837529719 ], [ 414568.99312250840012, 5978166.218838757835329 ], [ 414571.642429271596484, 5978168.992426931858063 ], [ 414579.040244538919069, 5978176.73728050198406 ], [ 414581.236023077741265, 5978179.036065027117729 ], [ 414589.087366569554433, 5978187.255757131613791 ], [ 414590.82957616855856, 5978189.079703123308718 ], [ 414599.134488600073382, 5978197.774206617847085 ], [ 414600.423169974586926, 5978199.123341219499707 ], [ 414609.181610630650539, 5978208.292687278240919 ], [ 414610.016726449714042, 5978209.166979313828051 ], [ 414619.228732661169488, 5978218.811131037771702 ], [ 414619.610316871549003, 5978219.210617409087718 ], [ 414629.203910677693784, 5978229.254255504347384 ], [ 414629.275854691746645, 5978230.643461651168764 ], [ 414629.687294484698214, 5978239.297893600538373 ], [ 414629.275854691746645, 5978243.147086517885327 ], [ 414628.613731151330285, 5978249.341531695798039 ], [ 414627.540205194440205, 5978259.385169791989028 ], [ 414626.466641861014068, 5978269.428807887248695 ], [ 414629.275854691746645, 5978269.664475925266743 ], [ 414629.593499201058876, 5978269.428807888180017 ], [ 414639.322976722265594, 5978260.594848521985114 ], [ 414641.090873871638905, 5978259.385169791989028 ], [ 414649.37009875284275, 5978252.086852822452784 ], [ 414653.997207781416364, 5978249.341531695798039 ], [ 414659.417220783419907, 5978244.823053531348705 ], [ 414669.464342813938856, 5978241.489978853613138 ], [ 414679.511464844516013, 5978240.116319168359041 ], [ 414682.279830825980753, 5978239.297893600538373 ], [ 414689.558586875034962, 5978236.539745497517288 ], [ 414699.605708905612119, 5978231.462151873856783 ], [ 414703.974507758510299, 5978229.254255505278707 ], [ 414709.652830936189275, 5978226.384553889743984 ], [ 414719.699952966708224, 5978221.306955905631185 ], [ 414723.848010524816345, 5978219.210617409087718 ], [ 414729.747074997285381, 5978216.229357922449708 ], [ 414739.794197027862538, 5978211.151763076893985 ], [ 414743.721525572123937, 5978209.166979313828051 ], [ 414749.841319058381487, 5978206.07417294383049 ], [ 414759.888441088958643, 5978200.996579849161208 ], [ 414769.935563119477592, 5978204.316982166841626 ], [ 414776.47897324571386, 5978209.166979313828051 ], [ 414779.982685150054749, 5978211.763938033953309 ], [ 414790.029444453190081, 5978219.210617409087718 ], [ 414790.029807180573698, 5978219.210886263288558 ], [ 414800.076929211150855, 5978226.657834494486451 ], [ 414803.579915660666302, 5978229.254255505278707 ], [ 414810.124051241786219, 5978234.104790361598134 ], [ 414817.130365531309508, 5978239.297893600538373 ], [ 414820.171173272246961, 5978241.55174676887691 ], [ 414830.218295302824117, 5978248.998694999143481 ], [ 414830.680836738785729, 5978249.341531695798039 ], [ 414840.265417333343066, 5978256.445654416456819 ], [ 414844.231286609428935, 5978259.385169791989028 ], [ 414846.842635290406179, 5978269.428807887248695 ], [ 414841.76021435810253, 5978279.472445982508361 ], [ 414840.265417333343066, 5978281.076381644234061 ], [ 414835.926859885221347, 5978289.516084076836705 ], [ 414830.218295302824117, 5978295.446305917575955 ], [ 414827.48447540961206, 5978299.559722173959017 ], [ 414820.171173272246961, 5978307.065923984162509 ], [ 414818.283377238374669, 5978309.603360268287361 ], [ 414811.928921996732242, 5978319.64699836447835 ], [ 414810.124051241728012, 5978321.846025992184877 ], [ 414801.848906795843504, 5978329.690636459738016 ], [ 414800.076929211150855, 5978331.338868103921413 ], [ 414790.029807180573698, 5978337.842680857516825 ], [ 414779.982685150054749, 5978338.470577982254326 ], [ 414769.935563119477592, 5978338.705878510139883 ], [ 414759.888441088958643, 5978338.833292478695512 ], [ 414749.841319058381487, 5978339.378216260112822 ], [ 414745.828691542381421, 5978339.734274556860328 ], [ 414749.841319058381487, 5978347.883627359755337 ], [ 414750.774038682342507, 5978349.777912651188672 ], [ 414754.722990706679411, 5978359.821550746448338 ], [ 414756.541382399271242, 5978369.865188842639327 ], [ 414758.359769155737013, 5978379.908826937898993 ], [ 414759.888441088958643, 5978388.352214641869068 ], [ 414760.837058559700381, 5978389.95246503315866 ], [ 414766.608998487354256, 5978399.996103128418326 ], [ 414769.935563119477592, 5978405.21726150251925 ] ], [ [ 414646.571163807297125, 5978189.079703123308718 ], [ 414639.322976722265594, 5978184.36188870947808 ], [ 414634.459281545248814, 5978179.036065027117729 ], [ 414629.275854691746645, 5978175.106109704822302 ], [ 414623.137373490026221, 5978168.992426931858063 ], [ 414619.22873266111128, 5978165.543977693654597 ], [ 414612.609596146270633, 5978158.948788836598396 ], [ 414609.181610630650539, 5978154.856567456386983 ], [ 414603.204696550150402, 5978148.905150739476085 ], [ 414599.134488600073382, 5978143.851075775921345 ], [ 414594.118669503077399, 5978138.861512645147741 ], [ 414592.048444919637404, 5978128.817874550819397 ], [ 414599.134488600073382, 5978122.135945801623166 ], [ 414602.616522686323151, 5978118.774236454628408 ], [ 414609.181610630592331, 5978112.336303420364857 ], [ 414613.780828110058792, 5978108.730598358437419 ], [ 414619.228732661169488, 5978103.142589585855603 ], [ 414625.438823630334809, 5978098.686960263177752 ], [ 414629.275854691746645, 5978094.706667555496097 ], [ 414639.322976722265594, 5978091.196091448888183 ], [ 414640.285351519763935, 5978098.686960263177752 ], [ 414641.575679402449168, 5978108.730598358437419 ], [ 414642.866013671038672, 5978118.774236454628408 ], [ 414644.156350535457022, 5978128.817874549888074 ], [ 414645.686411811504513, 5978138.861512645147741 ], [ 414647.300093689817004, 5978148.90515074133873 ], [ 414648.913775568129495, 5978158.948788836598396 ], [ 414649.37009875284275, 5978161.788967550732195 ], [ 414650.527457446441986, 5978168.992426931858063 ], [ 414652.141142518026754, 5978179.036065027117729 ], [ 414653.754832781094592, 5978189.079703123308718 ], [ 414649.37009875284275, 5978193.78876630589366 ], [ 414646.571163807297125, 5978189.079703123308718 ] ], [ [ 414618.52696974267019, 5977958.076026925817132 ], [ 414619.228732661169488, 5977955.220274325460196 ], [ 414620.552932372782379, 5977958.076026925817132 ], [ 414619.228732661169488, 5977959.330142480321229 ], [ 414618.52696974267019, 5977958.076026925817132 ] ], [ [ 415212.008932463824749, 5978247.607490423135459 ], [ 415222.056054494401906, 5978246.4219706133008 ], [ 415232.103176524920855, 5978244.982664594426751 ], [ 415242.150298555498011, 5978243.543358575552702 ], [ 415252.197420586075168, 5978242.104069915600121 ], [ 415262.244542616594117, 5978240.664808673784137 ], [ 415271.786337307596114, 5978239.297893600538373 ], [ 415272.291664647171274, 5978239.225502653047442 ], [ 415282.338786677690223, 5978232.885400749742985 ], [ 415283.180133674410172, 5978229.254255505278707 ], [ 415282.338786677690223, 5978221.558546154759824 ], [ 415282.08209522679681, 5978219.210617409087718 ], [ 415280.984117852523923, 5978209.166979313828051 ], [ 415279.886079404852353, 5978199.123341218568385 ], [ 415278.788102030637674, 5978189.079703123308718 ], [ 415277.69012465630658, 5978179.036065027117729 ], [ 415276.59208620863501, 5978168.992426931858063 ], [ 415272.291664647171274, 5978162.86050690151751 ], [ 415262.244542616594117, 5978162.716750478371978 ], [ 415252.197420586075168, 5978163.789874114096165 ], [ 415242.150298555498011, 5978164.862962421029806 ], [ 415232.103176524920855, 5978163.944024267606437 ], [ 415227.293132239254192, 5978168.992426931858063 ], [ 415222.056054494401906, 5978175.069544121623039 ], [ 415218.637825469602831, 5978179.036065027117729 ], [ 415212.008932463824749, 5978186.728247880935669 ], [ 415209.98251869995147, 5978189.079703123308718 ], [ 415201.9618104333058, 5978198.386951641179621 ], [ 415201.327211930300109, 5978199.123341218568385 ], [ 415197.143513028859161, 5978209.166979313828051 ], [ 415196.858527299307752, 5978219.210617409087718 ], [ 415200.081344465434086, 5978229.254255505278707 ], [ 415201.9618104333058, 5978235.114430565387011 ], [ 415203.304237884120084, 5978239.297893600538373 ], [ 415212.008932463824749, 5978247.607490423135459 ] ] ] } },
{ "type": "Feature", "properties": { "id": 0, "cost_level": 300.0 }, "geometry": { "type": "Polygon", "coordinates": [ [ [ 414759.888441088958643, 5977991.46807280741632 ], [ 414766.754081485967617, 5977988.206941212527454 ], [ 414769.935563119477592, 5977986.685835485346615 ], [ 414778.327707984368317, 5977978.163303117267787 ], [ 414779.982685150054749, 5977976.482605683617294 ], [ 414788.276527007692493, 5977968.119665022008121 ], [ 414790.029807180573698, 5977967.251628843136132 ], [ 414799.344387402292341, 5977968.119665022008121 ], [ 414800.076929211150855, 5977968.18793127220124 ], [ 414810.124051241728012, 5977969.124233986251056 ], [ 414820.171173272246961, 5977970.060536557808518 ], [ 414830.218295302824117, 5977970.996839130297303 ], [ 414840.265417333343066, 5977971.933154687285423 ], [ 414850.312539363862015, 5977972.869455307722092 ], [ 414860.35966139449738, 5977973.993494546040893 ], [ 414870.406783425016329, 5977975.132617850787938 ], [ 414880.453905455593485, 5977976.27174115460366 ], [ 414890.501027486112434, 5977977.410885328426957 ], [ 414897.137388376693707, 5977978.163303117267787 ], [ 414900.548149516747799, 5977978.55000863224268 ], [ 414910.59527154720854, 5977979.689131937921047 ], [ 414920.642393577727489, 5977980.82827057223767 ], [ 414930.689515608362854, 5977981.967399414628744 ], [ 414940.736637638881803, 5977983.106522720307112 ], [ 414950.783759669458959, 5977984.167747962288558 ], [ 414960.830881699977908, 5977985.611463505774736 ], [ 414967.187357379123569, 5977978.163303117267787 ], [ 414970.878003730555065, 5977969.411444080062211 ], [ 414971.4184407859575, 5977968.119665022008121 ], [ 414975.620354186627083, 5977958.076026925817132 ], [ 414979.822282102890313, 5977948.032388830557466 ], [ 414980.925125761132222, 5977945.396312429569662 ], [ 414984.024194678349886, 5977937.988750735297799 ], [ 414988.226122594554909, 5977927.94511263910681 ], [ 414990.972247791592963, 5977921.381176062859595 ], [ 414992.42803517007269, 5977917.901474543847144 ], [ 414996.62996308633592, 5977907.857836448587477 ], [ 415001.019369822228327, 5977902.962495099753141 ], [ 415011.066491852747276, 5977900.83618528675288 ], [ 415021.113613883324433, 5977901.373226134106517 ], [ 415025.018778713420033, 5977897.814198353327811 ], [ 415030.448788445384707, 5977887.770560257136822 ], [ 415031.16073591390159, 5977886.444544614292681 ], [ 415035.84129098104313, 5977877.726922161877155 ], [ 415041.207857944420539, 5977867.731589561328292 ], [ 415041.233793497027364, 5977867.683284067548811 ], [ 415046.626288428728003, 5977857.639645971357822 ], [ 415051.254979974997696, 5977849.018620308488607 ], [ 415052.018790964386426, 5977847.596007875166833 ], [ 415061.302102005516645, 5977846.154539129696786 ], [ 415071.349224036093801, 5977844.925939038395882 ], [ 415081.39634606661275, 5977843.941708268597722 ], [ 415091.443468097189907, 5977843.135534984990954 ], [ 415101.490590127767064, 5977842.463108076713979 ], [ 415111.537712158286013, 5977842.035480101592839 ], [ 415121.584834188863169, 5977841.420876311138272 ], [ 415131.631956219382118, 5977839.352649888955057 ], [ 415137.280090096348431, 5977837.552369779907167 ], [ 415141.679078249959275, 5977830.079809710383415 ], [ 415144.623682822682895, 5977827.508731684647501 ], [ 415141.679078249959275, 5977823.755649771541357 ], [ 415136.74361429491546, 5977817.465093588456511 ], [ 415131.631956219382118, 5977810.949972284026444 ], [ 415128.863539407902863, 5977807.421455493196845 ], [ 415121.584834188863169, 5977798.14429238718003 ], [ 415120.786591668787878, 5977797.377817397937179 ], [ 415111.537712158286013, 5977788.298197126016021 ], [ 415107.12042924168054, 5977787.334179302677512 ], [ 415101.490590127767064, 5977786.10553595982492 ], [ 415091.443468097189907, 5977783.912874794565141 ], [ 415081.396346066670958, 5977781.72021362837404 ], [ 415071.349224036093801, 5977779.527552462182939 ], [ 415061.302102005516645, 5977777.334891296923161 ], [ 415061.098882841994055, 5977777.290541206486523 ], [ 415051.254979974939488, 5977775.186131751164794 ], [ 415041.207857944420539, 5977773.406071629375219 ], [ 415031.16073591390159, 5977771.885968813672662 ], [ 415021.113613883324433, 5977770.36586659681052 ], [ 415011.066491852747276, 5977768.845768006518483 ], [ 415001.019369822228327, 5977767.325661624781787 ], [ 415000.498814255348407, 5977767.246903111226857 ], [ 414990.972247791651171, 5977765.805562973022461 ], [ 414980.925125761074014, 5977764.285462066531181 ], [ 414970.878003730555065, 5977762.765357939526439 ], [ 414960.830881699977908, 5977762.324612536467612 ], [ 414950.783759669458959, 5977762.937610376626253 ], [ 414940.736637638881803, 5977763.540497263893485 ], [ 414930.689515608304646, 5977763.86695496365428 ], [ 414920.642393577785697, 5977765.494004972279072 ], [ 414910.595271547266748, 5977767.121054881252348 ], [ 414909.818148763035424, 5977767.246903111226857 ], [ 414900.548149516689591, 5977768.748098314739764 ], [ 414890.501027486112434, 5977770.375147148966789 ], [ 414880.453905455593485, 5977772.537890894338489 ], [ 414871.394795796193648, 5977777.290541206486523 ], [ 414870.406783425016329, 5977777.853008660487831 ], [ 414860.35966139449738, 5977782.852726744487882 ], [ 414851.353997374768369, 5977787.334179302677512 ], [ 414850.312539363920223, 5977787.852436374872923 ], [ 414840.265417333343066, 5977792.852154499851167 ], [ 414831.170928041276056, 5977797.377817397937179 ], [ 414830.218295302824117, 5977797.757002889178693 ], [ 414820.171173272246961, 5977801.318777937442064 ], [ 414810.124051241728012, 5977806.548747407272458 ], [ 414800.076929211150855, 5977800.344710705801845 ], [ 414795.272216953453608, 5977797.377817397937179 ], [ 414790.029807180573698, 5977793.63315537199378 ], [ 414781.228925219678786, 5977787.334179302677512 ], [ 414779.982685150054749, 5977786.437439724802971 ], [ 414769.935563119477592, 5977786.211401290260255 ], [ 414768.914661372429691, 5977787.334179302677512 ], [ 414759.888441089016851, 5977797.010504793375731 ], [ 414759.509059133997653, 5977797.377817397937179 ], [ 414759.888441088958643, 5977799.245747243985534 ], [ 414762.756814163993113, 5977807.421455493196845 ], [ 414763.403635965834837, 5977817.465093588456511 ], [ 414762.117867494060192, 5977827.508731684647501 ], [ 414761.319025716977194, 5977837.552369779907167 ], [ 414760.0792302506743, 5977847.596007875166833 ], [ 414759.888441088958643, 5977848.740225840359926 ], [ 414757.740775002050214, 5977857.639645971357822 ], [ 414755.299442106275819, 5977867.683284066617489 ], [ 414751.770022542914376, 5977877.726922161877155 ], [ 414750.067654828657396, 5977887.770560257136822 ], [ 414749.841319058381487, 5977889.858038271777332 ], [ 414741.687564227962866, 5977897.814198353327811 ], [ 414739.79419702780433, 5977899.661682469770312 ], [ 414731.39445142087061, 5977907.857836448587477 ], [ 414729.747074997285381, 5977909.465290861204267 ], [ 414721.101374067540746, 5977917.901474543847144 ], [ 414719.699952966708224, 5977919.26892823446542 ], [ 414710.808291690191254, 5977927.94511263910681 ], [ 414709.652830936189275, 5977931.467310782521963 ], [ 414707.626282399753109, 5977937.988750735297799 ], [ 414709.652830936247483, 5977940.085303140804172 ], [ 414717.334531855769455, 5977948.032388830557466 ], [ 414719.699952966650017, 5977950.47952969931066 ], [ 414727.042803208692931, 5977958.076026925817132 ], [ 414729.747074997285381, 5977960.859180657193065 ], [ 414736.886229561583605, 5977968.119665021076798 ], [ 414739.79419702780433, 5977971.060939026996493 ], [ 414746.816135028959252, 5977978.163303117267787 ], [ 414749.841319058381487, 5977981.223136231303215 ], [ 414756.690258724032901, 5977988.206941212527454 ], [ 414759.888441088958643, 5977991.46807280741632 ] ] ] } }
]
}
