{
"type": "FeatureCollection",
"name": "interpolation",
"crs": { "type": "name", "properties": { "name": "urn:ogc:def:crs:EPSG::32637" } },
"features": [
{ "type": "Feature", "properties": { "id": 4, "cost_level": 1500.0 }, "geometry": { "type": "Polygon", "coordinates": [ [ [ 568000.122071092366241, 5977042.610669666901231 ], [ 568008.519679170916788, 5977039.496728172525764 ], [ 568010.168795532896183, 5977038.885222456417978 ], [ 568020.215519973426126, 5977035.159815577790141 ], [ 568030.262244413956068, 5977031.434434464201331 ], [ 568035.626349114347249, 5977029.445355187170208 ], [ 568040.308968854486011, 5977027.709001822397113 ], [ 568050.355693294899538, 5977023.983654392883182 ], [ 568060.402417735429481, 5977020.258199261501431 ], [ 568062.733019057661295, 5977019.393982200883329 ], [ 568070.449142175959423, 5977016.53278118930757 ], [ 568080.495866616489366, 5977012.807419189251959 ], [ 568089.839689001091756, 5977009.34260921459645 ], [ 568090.542591057019308, 5977009.08196743298322 ], [ 568100.589315497432835, 5977005.356560556218028 ], [ 568110.636039937962778, 5977001.63118398655206 ], [ 568116.946358944405802, 5976999.291236229240894 ], [ 568120.68276437849272, 5976997.905746800825 ], [ 568130.729488819022663, 5976994.180403916165233 ], [ 568140.776213259669021, 5976990.45494878385216 ], [ 568144.053028887836263, 5976989.239863242954016 ], [ 568150.822937700082548, 5976986.729526167735457 ], [ 568160.869662140496075, 5976983.004168711602688 ], [ 568170.916386581026018, 5976979.278713580220938 ], [ 568171.159707334358245, 5976979.188490256667137 ], [ 568180.96311102155596, 5976975.553388640284538 ], [ 568191.009835462085903, 5976971.827933508902788 ], [ 568198.266368774580769, 5976969.137117270380259 ], [ 568201.056559902615845, 5976968.102491778321564 ], [ 568211.103284343029372, 5976964.377153437584639 ], [ 568221.150008783559315, 5976960.651698305271566 ], [ 568225.373038717894815, 5976959.08574428409338 ], [ 568231.196733224089257, 5976956.926271144300699 ], [ 568241.2434576646192, 5976953.200918234884739 ], [ 568251.290182105149142, 5976949.475463102571666 ], [ 568252.479750232771039, 5976949.034371296875179 ], [ 568261.336906545679085, 5976945.750138162635267 ], [ 568271.383630986092612, 5976942.024683030322194 ], [ 568279.586378604639322, 5976938.982998311519623 ], [ 568281.430355426622555, 5976938.299236755818129 ], [ 568291.477079867152497, 5976934.573902959004045 ], [ 568301.52380430768244, 5976930.848447827622294 ], [ 568306.693048547953367, 5976928.931625325232744 ], [ 568311.570528748212382, 5976927.123016122728586 ], [ 568321.617253188742325, 5976923.397667756304145 ], [ 568331.663977629155852, 5976919.672212624922395 ], [ 568333.799793131067418, 5976918.880252338945866 ], [ 568341.710702069685794, 5976915.946887684985995 ], [ 568351.757426510215737, 5976912.221432552672923 ], [ 568360.906388434814289, 5976908.828879352658987 ], [ 568361.804150950745679, 5976908.495981733314693 ], [ 568371.850875391275622, 5976904.770652481354773 ], [ 568381.897599831689149, 5976901.0451973490417 ], [ 568388.013058378128335, 5976898.777506366372108 ], [ 568391.944324272219092, 5976897.286663440056145 ], [ 568401.991048712749034, 5976893.424229700118303 ], [ 568412.037773153278977, 5976889.501048794016242 ], [ 568414.022256201482378, 5976888.72613338008523 ], [ 568422.084497593808919, 5976885.577888563275337 ], [ 568432.131222034222446, 5976881.654717994853854 ], [ 568439.762501975521445, 5976878.674760393798351 ], [ 568442.177946474752389, 5976877.731560009531677 ], [ 568452.224670915282331, 5976873.808376858942211 ], [ 568462.271395355812274, 5976869.885189456865191 ], [ 568465.502747749676928, 5976868.623387408442795 ], [ 568472.318119796342216, 5976865.962035723030567 ], [ 568482.364844236872159, 5976862.038818904198706 ], [ 568491.24299352359958, 5976858.572014421224594 ], [ 568492.411568677285686, 5976858.115694586187601 ], [ 568502.458293117815629, 5976854.192448351532221 ], [ 568512.505017558345571, 5976850.269330120645463 ], [ 568516.983239297755063, 5976848.520641435869038 ], [ 568522.551741998875514, 5976846.346182881854475 ], [ 568532.598466439405456, 5976842.22959284670651 ], [ 568540.998860712046735, 5976838.46926844958216 ], [ 568542.645190879818983, 5976837.728692186065018 ], [ 568552.691915320348926, 5976833.209261696785688 ], [ 568562.738639760995284, 5976828.689824724569917 ], [ 568563.34311201563105, 5976828.417895462363958 ], [ 568572.785364201408811, 5976824.17012370750308 ], [ 568582.832088641938753, 5976819.650418927893043 ], [ 568585.686025898321532, 5976818.366522477008402 ], [ 568592.878813082352281, 5976815.130758904851973 ], [ 568602.925537522882223, 5976810.611116640269756 ], [ 568608.029248815961182, 5976808.315149490721524 ], [ 568612.972261963412166, 5976806.091443616896868 ], [ 568623.018986403942108, 5976801.571693085134029 ], [ 568633.065710844472051, 5976802.758278340101242 ], [ 568643.112435285001993, 5976806.212887907400727 ], [ 568649.117579583777115, 5976808.315149490721524 ], [ 568653.15915972541552, 5976809.714307214133441 ], [ 568663.205884165945463, 5976810.33682880923152 ], [ 568667.833084821002558, 5976808.315149490721524 ], [ 568673.252608606475405, 5976807.714999545365572 ], [ 568683.299333047005348, 5976806.345973527058959 ], [ 568693.34605748753529, 5976804.494891290552914 ], [ 568703.392781927948818, 5976801.852621017955244 ], [ 568712.465973853366449, 5976798.263776503503323 ], [ 568713.43950636847876, 5976798.096149040386081 ], [ 568723.486230809008703, 5976796.366256193257868 ], [ 568733.532955249538645, 5976794.800036379136145 ], [ 568743.579679690068588, 5976793.533725270070136 ], [ 568753.62640413059853, 5976791.968830639496446 ], [ 568763.673128571012057, 5976789.985633720643818 ], [ 568770.841619944549166, 5976788.212403518147767 ], [ 568773.719853011542, 5976787.716825156472623 ], [ 568783.766577452071942, 5976785.986932309344411 ], [ 568793.813301892601885, 5976784.257039461284876 ], [ 568803.860026333131827, 5976782.527146613225341 ], [ 568813.906750773545355, 5976780.797253767028451 ], [ 568823.953475214075297, 5976779.108259813860059 ], [ 568829.217183697037399, 5976778.161030531860888 ], [ 568834.00019965460524, 5976777.337470792233944 ], [ 568844.046924095135182, 5976775.607583658769727 ], [ 568854.093648535665125, 5976773.87769652530551 ], [ 568864.140372976195067, 5976772.147809391841292 ], [ 568874.187097416608594, 5976770.417929882183671 ], [ 568884.233821857138537, 5976768.688037035055459 ], [ 568887.592885027290322, 5976768.109657546505332 ], [ 568894.280546297668479, 5976766.958144186995924 ], [ 568904.327270738198422, 5976765.228251339867711 ], [ 568914.373995178728364, 5976763.498358492739499 ], [ 568924.420719619141892, 5976761.768465645611286 ], [ 568934.467444059671834, 5976760.03859945666045 ], [ 568944.514168500201777, 5976758.308712323196232 ], [ 568945.968586357543245, 5976758.058284559287131 ], [ 568954.560892940731719, 5976756.578820304013789 ], [ 568964.607617381261662, 5976754.848927455954254 ], [ 568974.654341821791604, 5976753.119034608826041 ], [ 568984.701066262205131, 5976751.389141761697829 ], [ 568994.747790702735074, 5976749.659248914569616 ], [ 569004.344094870844856, 5976748.006911573931575 ], [ 569004.794515143148601, 5976747.929356322623789 ], [ 569014.841239583794959, 5976746.199469189159572 ], [ 569024.887964024324901, 5976744.469582056626678 ], [ 569034.934688464738429, 5976742.73969492316246 ], [ 569044.981412905268371, 5976741.009817876853049 ], [ 569055.028137345798314, 5976739.279925029724836 ], [ 569062.719796201097779, 5976737.955538587644696 ], [ 569065.074861786328256, 5976737.550032182596624 ], [ 569075.121586226858199, 5976735.820139335468411 ], [ 569085.168310667388141, 5976734.090246487408876 ], [ 569088.013237415347248, 5976727.904165601357818 ], [ 569085.168310667388141, 5976725.163692329078913 ], [ 569080.358364098705351, 5976717.852792615070939 ], [ 569075.121586226858199, 5976712.12798030115664 ], [ 569071.972923357971013, 5976707.80141962878406 ], [ 569071.074804279021919, 5976697.750046642497182 ], [ 569065.074861786328256, 5976691.103595378808677 ], [ 569063.549080026568845, 5976687.698673656210303 ], [ 569055.028137345798314, 5976678.7432312797755 ], [ 569054.117937905830331, 5976677.647300669923425 ], [ 569044.981412905268371, 5976667.853526378050447 ], [ 569044.763425946119241, 5976667.595927683636546 ], [ 569044.590314012952149, 5976657.544554697349668 ], [ 569041.304409258067608, 5976647.493181711062789 ], [ 569044.981412905268371, 5976643.865523193031549 ], [ 569045.611971752718091, 5976647.493181711062789 ], [ 569055.028137345798314, 5976654.559776241891086 ], [ 569056.870101355016232, 5976657.544554697349668 ], [ 569061.905384706100449, 5976667.595927683636546 ], [ 569065.074861786328256, 5976669.846403187140822 ], [ 569069.608443951932713, 5976677.647300669923425 ], [ 569075.121586226858199, 5976684.873702930286527 ], [ 569076.945199184119701, 5976687.698673656210303 ], [ 569082.905504067777656, 5976697.750046642497182 ], [ 569085.168310667388141, 5976700.437142541632056 ], [ 569089.922201720182784, 5976707.80141962878406 ], [ 569095.215035107801668, 5976716.000575060024858 ], [ 569096.410704466630705, 5976717.852792615070939 ], [ 569102.899190922034904, 5976727.904165601357818 ], [ 569105.261759548448026, 5976731.564032815396786 ], [ 569113.502910417388193, 5976737.955538587644696 ], [ 569115.308483988861553, 5976738.809110298752785 ], [ 569116.547714151907712, 5976737.955538587644696 ], [ 569125.355208429391496, 5976732.037730073556304 ], [ 569131.290536120650358, 5976727.904165601357818 ], [ 569135.401932869921438, 5976725.040848793461919 ], [ 569145.448657310334966, 5976718.043982235714793 ], [ 569145.723184234579094, 5976717.852792616002262 ], [ 569155.495381750864908, 5976711.047101241536438 ], [ 569160.155810801777989, 5976707.80141962878406 ], [ 569165.542106191394851, 5976704.050225561484694 ], [ 569174.588458915706724, 5976697.750046642497182 ], [ 569175.588830631924793, 5976697.091605143621564 ], [ 569185.635555072454736, 5976692.319640781730413 ], [ 569195.682279512984678, 5976689.765644331462681 ], [ 569201.041468497016467, 5976687.698673656210303 ], [ 569205.729003953398205, 5976684.985246431082487 ], [ 569215.775728393928148, 5976686.643400281667709 ], [ 569219.456559890182689, 5976687.698673656210303 ], [ 569225.82245283445809, 5976690.192979956045747 ], [ 569235.869177274988033, 5976695.020143687725067 ], [ 569241.55089520663023, 5976697.750046642497182 ], [ 569245.915901715517975, 5976699.847312473692 ], [ 569255.962626155931503, 5976704.674495374783874 ], [ 569262.47066028858535, 5976707.80141962878406 ], [ 569266.009350596461445, 5976709.501659106463194 ], [ 569276.056075036991388, 5976714.328838568180799 ], [ 569283.39042537054047, 5976717.852792614139616 ], [ 569286.10279947752133, 5976719.156010792590678 ], [ 569296.149523918051273, 5976723.983174524269998 ], [ 569304.310240868479013, 5976727.904165600426495 ], [ 569306.196248358581215, 5976728.810340438969433 ], [ 569316.242972798994742, 5976733.637526210397482 ], [ 569325.230005950434133, 5976737.955538588576019 ], [ 569326.289697239524685, 5976738.464689942076802 ], [ 569336.336421680054627, 5976743.291866533458233 ], [ 569346.149771032389253, 5976748.006911573931575 ], [ 569346.38314612058457, 5976748.119041629135609 ], [ 569356.429870561114512, 5976752.946205359883606 ], [ 569366.47659500152804, 5976757.773369090631604 ], [ 569367.06958355451934, 5976758.058284559287131 ], [ 569376.523319442057982, 5976762.60055704601109 ], [ 569386.570043882587925, 5976767.427720776759088 ], [ 569387.989351612282917, 5976768.109657545574009 ], [ 569396.616768323117867, 5976772.254894498735666 ], [ 569406.66349276364781, 5976777.082069863565266 ], [ 569408.909116694354452, 5976778.161030531860888 ], [ 569416.710217204177752, 5976781.909236194565892 ], [ 569426.756941644591279, 5976786.736399927176535 ], [ 569429.828916776459664, 5976788.212403518147767 ], [ 569436.803666085121222, 5976791.563587881624699 ], [ 569446.850390525651164, 5976796.390751613304019 ], [ 569450.7486972741317, 5976798.263776504434645 ], [ 569456.897114966181107, 5976801.2179224640131 ], [ 569466.943839406711049, 5976804.123122304677963 ], [ 569476.990563847124577, 5976803.894384929910302 ], [ 569487.037288287654519, 5976802.244304217398167 ], [ 569495.184136781841516, 5976808.315149490721524 ], [ 569497.084012728184462, 5976809.730893617495894 ], [ 569507.130737168714404, 5976817.217473997734487 ], [ 569508.672721625654958, 5976818.366522477008402 ], [ 569517.177461609244347, 5976824.704043263569474 ], [ 569526.453028656891547, 5976828.417895463295281 ], [ 569527.224186049774289, 5976828.42269432079047 ], [ 569537.270910490187816, 5976828.494324574247003 ], [ 569547.317634930717759, 5976828.564940636046231 ], [ 569547.464612098992802, 5976828.417895462363958 ], [ 569557.364359371247701, 5976818.60673307441175 ], [ 569557.604458876885474, 5976818.366522477008402 ], [ 569567.411083811777644, 5976808.655587007291615 ], [ 569577.457808252307586, 5976808.692851320840418 ], [ 569577.835335403447971, 5976808.315149490721524 ], [ 569587.504532692721114, 5976798.727972806431353 ], [ 569587.968514314154163, 5976798.263776503503323 ], [ 569597.551257133251056, 5976788.761561267077923 ], [ 569607.597981573780999, 5976788.766883203759789 ], [ 569608.15220482472796, 5976788.212403518147767 ], [ 569617.644706014310941, 5976778.798885975964367 ], [ 569618.282266463967972, 5976778.161030531860888 ], [ 569627.691430454840884, 5976768.82943753246218 ], [ 569628.410877558868378, 5976768.109657545574009 ], [ 569637.738154895370826, 5976758.85839666146785 ], [ 569647.784879335784353, 5976758.863619859330356 ], [ 569648.589842185378075, 5976758.058284559287131 ], [ 569657.831603776314296, 5976748.891226101666689 ], [ 569658.715509327827021, 5976748.006911573931575 ], [ 569667.878328216844238, 5976738.917381117120385 ], [ 569677.925052657374181, 5976738.922498507425189 ], [ 569678.891565378638916, 5976737.955538587644696 ], [ 569687.971777097904123, 5976728.94730616081506 ], [ 569689.01443522691261, 5976727.90416560228914 ], [ 569698.018501538317651, 5976718.970808959566057 ], [ 569699.136000824393705, 5976717.852792615070939 ], [ 569708.065225978847593, 5976708.96459039952606 ], [ 569709.227858808124438, 5976707.80141962878406 ], [ 569709.286123742582276, 5976697.750046642497182 ], [ 569709.343629413633607, 5976687.698673656210303 ], [ 569709.400390566326678, 5976677.647300669923425 ], [ 569709.4564206560608, 5976667.595927683636546 ], [ 569718.111950419377536, 5976658.528140615671873 ], [ 569719.095081450184807, 5976657.544554697349668 ], [ 569719.237072123796679, 5976647.493181711062789 ], [ 569719.374683491070755, 5976637.44180872477591 ], [ 569719.488509558490478, 5976627.390435739420354 ], [ 569719.579151542508043, 5976617.339062753133476 ], [ 569728.158674859907478, 5976608.05194412637502 ], [ 569728.922575768316165, 5976607.287689765915275 ], [ 569729.07146203587763, 5976597.236316779628396 ], [ 569729.21564775146544, 5976587.18494379427284 ], [ 569729.35535206052009, 5976577.133570807985961 ], [ 569729.377364009968005, 5976567.082197821699083 ], [ 569729.297046434483491, 5976557.030824836343527 ], [ 569738.205399300437421, 5976547.669870243407786 ], [ 569738.895498391008005, 5976546.979451849125326 ], [ 569739.046742183272727, 5976536.928078862838447 ], [ 569739.135696633602493, 5976526.876705876551569 ], [ 569739.05001926724799, 5976516.825332889333367 ], [ 569738.962717256858014, 5976506.773959903046489 ], [ 569748.252123740967363, 5976497.179079292342067 ], [ 569748.708404997130856, 5976496.722586918622255 ], [ 569748.867238106555305, 5976486.671213932335377 ], [ 569748.782959769945592, 5976476.619840946048498 ], [ 569748.689572189003229, 5976466.56846795976162 ], [ 569748.5943323118845, 5976456.517094972543418 ], [ 569758.29884818138089, 5976446.676296103745699 ], [ 569758.509324911166914, 5976446.465721988119185 ], [ 569758.493745275191031, 5976436.414349000900984 ], [ 569758.393789793131873, 5976426.362976014614105 ], [ 569758.344423486269079, 5976416.311603028327227 ], [ 569758.522055002162233, 5976406.260230042040348 ], [ 569758.577757923514582, 5976396.208857055753469 ], [ 569758.630599339376204, 5976386.157484069466591 ], [ 569758.690105574438348, 5976376.106111084111035 ], [ 569758.747556602000259, 5976366.054738098755479 ], [ 569758.804269370506518, 5976356.003365111537278 ], [ 569758.860315866884775, 5976345.951992125250399 ], [ 569768.345572622027248, 5976336.224447117187083 ], [ 569768.669250836828724, 5976335.900619138963521 ], [ 569768.723642735625617, 5976325.849246152676642 ], [ 569768.777430593385361, 5976315.797873165458441 ], [ 569768.830622194800526, 5976305.746500180102885 ], [ 569768.883228498511016, 5976295.695127193816006 ], [ 569768.935259112040512, 5976285.643754207529128 ], [ 569768.986724508926272, 5976275.592381221242249 ], [ 569769.037631722865626, 5976265.54100823495537 ], [ 569769.08799083775375, 5976255.489635250531137 ], [ 569769.137810657732189, 5976245.438262263312936 ], [ 569769.187100829207338, 5976235.386889277026057 ], [ 569769.235867716488428, 5976225.335516290739179 ], [ 569769.284120616619475, 5976215.2841433044523 ], [ 569769.33186761289835, 5976205.232770318165421 ], [ 569769.37911760690622, 5976195.181397331878543 ], [ 569769.425876364810392, 5976185.130024345591664 ], [ 569769.472152474569157, 5976175.078651359304786 ], [ 569769.517953370697796, 5976165.027278373017907 ], [ 569769.563287282828242, 5976154.975905386731029 ], [ 569769.608159441850148, 5976144.92453240044415 ], [ 569769.652577794739045, 5976134.873159414157271 ], [ 569769.696550110005774, 5976124.821786428801715 ], [ 569769.740081253228709, 5976114.770413442514837 ], [ 569769.783178731333464, 5976104.719040457159281 ], [ 569769.8258489924483, 5976094.667667470872402 ], [ 569769.868099240469746, 5976084.616294483654201 ], [ 569769.909933898132294, 5976074.564921496436 ], [ 569778.392297062440775, 5976065.902485342696309 ], [ 569778.392297062440775, 5976064.513548511080444 ], [ 569778.392297062440775, 5976054.462175524793565 ], [ 569778.392297062440775, 5976044.410802538506687 ], [ 569778.392297062440775, 5976034.359429552219808 ], [ 569778.392297062440775, 5976024.30805656593293 ], [ 569778.392297062440775, 5976014.256683579646051 ], [ 569778.392297062440775, 5976004.205310594290495 ], [ 569778.392297062440775, 5975994.153937608003616 ], [ 569778.392297062440775, 5975984.102564621716738 ], [ 569778.392297062440775, 5975974.051191635429859 ], [ 569778.392297062440775, 5975963.999818649142981 ], [ 569778.392297062440775, 5975953.948445662856102 ], [ 569778.392297062440775, 5975943.897072676569223 ], [ 569778.392297062440775, 5975933.845699690282345 ], [ 569778.392297062440775, 5975923.794326703995466 ], [ 569778.392297062440775, 5975921.968294109217823 ], [ 569770.212735319510102, 5975913.742953717708588 ], [ 569770.193976633949205, 5975903.691580731421709 ], [ 569768.345572621910833, 5975901.842321475967765 ], [ 569760.166127937147394, 5975893.64020774513483 ], [ 569760.170337366638705, 5975883.588834758847952 ], [ 569760.121722898795269, 5975873.537461774423718 ], [ 569758.298848181497306, 5975871.713743625208735 ], [ 569750.146568456082605, 5975863.486088787205517 ], [ 569750.127934839460067, 5975853.434715801849961 ], [ 569748.252123740967363, 5975851.558036779053509 ], [ 569740.106677825795487, 5975843.383342815563083 ], [ 569740.104140891227871, 5975833.331969827413559 ], [ 569738.205399300437421, 5975831.432349703274667 ], [ 569730.057303517940454, 5975823.280596842058003 ], [ 569730.08021940314211, 5975813.229223855771124 ], [ 569730.06170960504096, 5975803.177850869484246 ], [ 569728.158674859907478, 5975801.273935603909194 ], [ 569720.04694624489639, 5975793.12647788412869 ], [ 569720.037764127249829, 5975783.075104896910489 ], [ 569718.111950419377536, 5975781.148400129750371 ], [ 569709.997593033011071, 5975773.02373191062361 ], [ 569710.013691573403776, 5975762.972358923405409 ], [ 569709.98684351646807, 5975752.920985938981175 ], [ 569708.065225978847593, 5975750.998479283414781 ], [ 569699.986935882712714, 5975742.869612952694297 ], [ 569699.971208061790094, 5975732.818239966407418 ], [ 569698.018501538317651, 5975730.864629939198494 ], [ 569689.937605096027255, 5975722.76686698012054 ], [ 569689.946985938469879, 5975712.715493993833661 ], [ 569689.828818677808158, 5975702.66412100661546 ], [ 569687.971777097904123, 5975700.806220187805593 ], [ 569679.922639043885283, 5975692.612748021259904 ], [ 569679.904474470415153, 5975682.561375034973025 ], [ 569677.925052657374181, 5975680.581037357449532 ], [ 569669.877342328429222, 5975672.510002048686147 ], [ 569669.880104254116304, 5975662.458629062399268 ], [ 569669.669759154319763, 5975652.40725607611239 ], [ 569667.878328216844238, 5975650.614996256306767 ], [ 569659.855609712423757, 5975642.355883089825511 ], [ 569659.837564319488592, 5975632.30451010260731 ], [ 569657.831603776314296, 5975630.297621416859329 ], [ 569649.816808102186769, 5975622.253137119114399 ], [ 569649.813047471572645, 5975612.201764130964875 ], [ 569649.50964071881026, 5975602.150391145609319 ], [ 569647.784879335784353, 5975600.424831728450954 ], [ 569639.788408292457461, 5975592.099018159322441 ], [ 569639.69312461419031, 5975582.047645173035562 ], [ 569637.738154895370826, 5975580.091770904138684 ], [ 569629.756004960858263, 5975571.996272186748683 ], [ 569629.745818868745118, 5975561.944899200461805 ], [ 569629.348435817519203, 5975551.893526215106249 ], [ 569627.691430454840884, 5975550.235754167661071 ], [ 569619.721035687951371, 5975541.842153227888048 ], [ 569619.53563173150178, 5975531.790780241601169 ], [ 569617.644706014310941, 5975529.8989796070382 ], [ 569609.694937721826136, 5975521.739407256245613 ], [ 569609.678419346688315, 5975511.688034268096089 ], [ 569607.597981573780999, 5975509.606633892282844 ], [ 569599.645689219702035, 5975501.636661283671856 ], [ 569599.65349356806837, 5975491.585288297384977 ], [ 569599.377116158837453, 5975481.533915311098099 ], [ 569597.551257133251056, 5975479.707211473956704 ], [ 569589.628448816714808, 5975471.48254232481122 ], [ 569589.5551170486724, 5975461.431169338524342 ], [ 569587.504532692721114, 5975459.379636192694306 ], [ 569579.584380671731196, 5975451.379796352237463 ], [ 569579.585782818729058, 5975441.328423365950584 ], [ 569579.217554037109949, 5975431.277050379663706 ], [ 569577.457808252424002, 5975429.516490373760462 ], [ 569569.560598011943512, 5975421.225677393376827 ], [ 569569.399133810075, 5975411.174304407089949 ], [ 569567.411083811777644, 5975409.185334553010762 ], [ 569559.522812613868155, 5975401.12293142080307 ], [ 569559.51790659467224, 5975391.071558434516191 ], [ 569559.05692075996194, 5975381.020185449160635 ], [ 569557.364359371247701, 5975379.32684092503041 ], [ 569549.492583081242628, 5975370.968812462873757 ], [ 569549.242165554896928, 5975360.917439476586878 ], [ 569547.317634930717759, 5975358.992018386721611 ], [ 569539.46098967641592, 5975350.8660664903 ], [ 569539.414875489659607, 5975340.814693504013121 ], [ 569538.89518835907802, 5975330.763320518657565 ], [ 569537.270910490187816, 5975329.138291107490659 ], [ 569529.424404850113206, 5975320.711947531439364 ], [ 569529.084187196567655, 5975310.660574545152485 ], [ 569527.224186049774289, 5975308.79971278924495 ], [ 569519.398829340934753, 5975300.609201558865607 ], [ 569519.260350650758483, 5975290.557828572578728 ], [ 569518.732330516097136, 5975280.50645558629185 ], [ 569517.177461609244347, 5975278.950867253355682 ], [ 569509.356064886087552, 5975270.455082599073648 ], [ 569508.925175274605863, 5975260.403709613718092 ], [ 569507.130737168714404, 5975258.608441234566271 ], [ 569499.330353681696579, 5975250.352336628362536 ], [ 569499.104873633128591, 5975240.300963642075658 ], [ 569497.084012728184462, 5975238.279167699627578 ], [ 569489.287437704624608, 5975230.249590655788779 ], [ 569489.272478810162283, 5975220.198217669501901 ], [ 569488.765104757156223, 5975210.146844683215022 ], [ 569487.037288287654519, 5975208.418228765949607 ], [ 569479.261719869100489, 5975200.095471696928144 ], [ 569478.948422790388577, 5975190.044098710641265 ], [ 569476.990563847124577, 5975188.085333880037069 ], [ 569469.224885217496194, 5975179.992725724354386 ], [ 569469.119360464159399, 5975169.941352737136185 ], [ 569468.603950651595369, 5975159.889979751780629 ], [ 569466.943839406711049, 5975158.229100385680795 ], [ 569459.1929286706727, 5975149.838606765493751 ], [ 569458.790975815383717, 5975139.787233780138195 ], [ 569456.897114966181107, 5975137.892496654763818 ], [ 569449.162088823271915, 5975129.735860793851316 ], [ 569448.965323514537886, 5975119.684487807564437 ], [ 569448.441684567253105, 5975109.633114821277559 ], [ 569446.850390525651164, 5975108.041084500029683 ], [ 569439.123981579090469, 5975099.581741835922003 ], [ 569438.632507253671065, 5975089.530368848703802 ], [ 569436.803666085004807, 5975087.700681488029659 ], [ 569429.097764469566755, 5975079.478995862416923 ], [ 569428.810347360325977, 5975069.427622876130044 ], [ 569428.278279765858315, 5975059.376249889843166 ], [ 569426.756941644707695, 5975057.854207856580615 ], [ 569418.976240876014344, 5975049.324876903556287 ], [ 569418.472993281553499, 5975039.273503917269409 ], [ 569416.710217204177752, 5975037.509912216104567 ], [ 569409.028533370583318, 5975029.22213093098253 ], [ 569408.654408415779471, 5975019.170757943764329 ], [ 569408.113708646269515, 5975009.119384960271418 ], [ 569406.66349276364781, 5975007.668498072773218 ], [ 569398.823594431509264, 5974999.068011973053217 ], [ 569398.312409328995273, 5974989.016638986766338 ], [ 569396.616768323117867, 5974987.320213420316577 ], [ 569388.959151239832863, 5974978.96526600047946 ], [ 569388.497484704246745, 5974968.913893014192581 ], [ 569387.947939969482832, 5974958.862520027905703 ], [ 569386.570043882587925, 5974957.483986398205161 ], [ 569378.67004030069802, 5974948.811147041618824 ], [ 569378.150727467495017, 5974938.759774055331945 ], [ 569376.523319442057982, 5974937.131613040342927 ], [ 569368.831063039135188, 5974928.708401069045067 ], [ 569368.339553576894104, 5974918.657028082758188 ], [ 569366.47659500152804, 5974916.793207529932261 ], [ 569358.859479389037006, 5974908.60565509647131 ], [ 569358.515558215789497, 5974898.554282110184431 ], [ 569357.98792141827289, 5974888.50290912296623 ], [ 569356.429870561114512, 5974886.944137367419899 ], [ 569348.679759763996117, 5974878.451536138541996 ], [ 569348.180589205119759, 5974868.400163152255118 ], [ 569346.38314612058457, 5974866.601888404227793 ], [ 569338.793106737895869, 5974858.348790165968239 ], [ 569338.360124955419451, 5974848.297417178750038 ], [ 569337.823964057955891, 5974838.246044193394482 ], [ 569336.336421680054627, 5974836.757813541218638 ], [ 569328.527580374735408, 5974828.194671206176281 ], [ 569328.02056739339605, 5974818.143298220820725 ], [ 569326.28969723940827, 5974816.411627206020057 ], [ 569318.683897784445435, 5974808.091925234533846 ], [ 569318.203718904173002, 5974798.04055224917829 ], [ 569317.658824669080786, 5974787.989179261960089 ], [ 569316.242972798994742, 5974786.572672287002206 ], [ 569308.374503314378671, 5974777.937806275673211 ], [ 569307.859463187051006, 5974767.886433289386332 ], [ 569306.196248358581215, 5974766.222448904067278 ], [ 569298.533892488107085, 5974757.835060304030776 ], [ 569298.046317787375301, 5974747.783687317743897 ], [ 569297.492474197177216, 5974737.732314331457019 ], [ 569296.149523918051273, 5974736.388742679730058 ], [ 569288.220508607337251, 5974727.68094134517014 ], [ 569287.697248235577717, 5974717.629568357951939 ], [ 569286.10279947752133, 5974716.034381860867143 ], [ 569278.383039787760936, 5974707.578195372596383 ], [ 569277.887896185857244, 5974697.526822386309505 ], [ 569277.324882628279738, 5974687.475449400022626 ], [ 569276.056075036991388, 5974686.206054741516709 ], [ 569268.065575681859627, 5974677.424076413735747 ], [ 569267.533895841334015, 5974667.372703427448869 ], [ 569266.009350596461445, 5974665.847452785819769 ], [ 569258.231321229832247, 5974657.32133044116199 ], [ 569257.728430310613476, 5974647.269957454875112 ], [ 569257.156016092398204, 5974637.218584469519556 ], [ 569255.962626155931503, 5974636.024642360396683 ], [ 569247.909680984099396, 5974627.167211484164 ], [ 569247.369378444971517, 5974617.115838496014476 ], [ 569245.915901715517975, 5974615.661689253523946 ], [ 569238.044056159094907, 5974607.06446551065892 ], [ 569237.567894781706855, 5974597.013092524372041 ], [ 569235.869177275104448, 5974595.313589033670723 ], [ 569227.944168770918623, 5974586.961719538085163 ], [ 569227.752802569419146, 5974576.910346551798284 ], [ 569227.203664853237569, 5974566.858973564580083 ], [ 569225.82245283445809, 5974565.477122468873858 ], [ 569217.826625814777799, 5974556.807600579224527 ], [ 569217.406264250166714, 5974546.756227593868971 ], [ 569215.775728393928148, 5974545.124937300570309 ], [ 569207.724572243983857, 5974536.704854605719447 ], [ 569207.59491782146506, 5974526.653481619432569 ], [ 569207.036725537269376, 5974516.602108634077013 ], [ 569205.729003953398205, 5974515.293781977146864 ], [ 569197.605226761312224, 5974506.550735648721457 ], [ 569197.24350993684493, 5974496.499362662434578 ], [ 569195.682279512984678, 5974494.937409868463874 ], [ 569187.500895619625226, 5974486.447989676147699 ], [ 569187.436000947724096, 5974476.396616689860821 ], [ 569186.868529988685623, 5974466.345243703573942 ], [ 569185.635555072454736, 5974465.111698298715055 ], [ 569177.379666166612878, 5974456.293870717287064 ], [ 569177.079604716505855, 5974446.242497731000185 ], [ 569175.588830631924793, 5974444.751033876091242 ], [ 569167.328532743616961, 5974436.191124744713306 ], [ 569167.270633958745748, 5974426.139751758426428 ], [ 569166.699043798493221, 5974416.088378772139549 ], [ 569165.542106191394851, 5974414.93090585898608 ], [ 569157.149738500942476, 5974406.037005785852671 ], [ 569156.914520584978163, 5974395.985632799565792 ], [ 569155.495381750864908, 5974394.565837340429425 ], [ 569147.233174135442823, 5974385.934259813278913 ], [ 569147.03862120222766, 5974375.882886827923357 ], [ 569146.528234224766493, 5974365.831513841636479 ], [ 569145.448657310334966, 5974364.751437414437532 ], [ 569137.043906425125897, 5974355.780140856280923 ], [ 569136.748225864255801, 5974345.728767869062722 ], [ 569135.401932869921438, 5974344.381851955316961 ], [ 569127.137815473834053, 5974335.677394881844521 ], [ 569126.801912972703576, 5974325.626021896488965 ], [ 569125.355208429391496, 5974324.178647973574698 ], [ 569117.146895571262576, 5974315.574648909270763 ], [ 569117.024779182043858, 5974305.523275923915207 ], [ 569116.580690540838987, 5974295.471902937628329 ], [ 569115.308483988861553, 5974294.199107744731009 ], [ 569106.994895191164687, 5974285.420529952272773 ], [ 569106.603430212126113, 5974275.369156965054572 ], [ 569105.261759548331611, 5974274.026865520514548 ], [ 569096.837582767242566, 5974265.317783978767693 ], [ 569096.785332531901076, 5974255.266410992480814 ], [ 569096.411883601918817, 5974245.215038007125258 ], [ 569095.215035107801668, 5974244.017635739408433 ], [ 569086.625477882451378, 5974235.163665021769702 ], [ 569086.571149378432892, 5974225.112292035482824 ], [ 569085.168310667388141, 5974223.708804241381586 ], [ 569076.462562611093745, 5974215.060919048264623 ], [ 569076.40674958890304, 5974205.009546061977744 ], [ 569076.194222055491991, 5974194.958173075690866 ], [ 569075.121586226858199, 5974193.885040946304798 ], [ 569066.239101582905278, 5974184.906800089403987 ], [ 569066.180991859524511, 5974174.855427103117108 ], [ 569065.074861786328256, 5974173.748785231262445 ], [ 569056.068068986875005, 5974164.80405411683023 ], [ 569056.008315949584357, 5974154.752681130543351 ], [ 569055.947764787939377, 5974144.701308144256473 ], [ 569055.028137345798314, 5974143.781255196779966 ], [ 569045.824281404609792, 5974134.649935159832239 ], [ 569044.981412905268371, 5974133.806676670908928 ], [ 569035.696021424490027, 5974124.598562173545361 ], [ 569034.934688464738429, 5974123.836876950226724 ], [ 569025.566303910803981, 5974114.547189186327159 ], [ 569024.887964024324901, 5974113.868535436689854 ], [ 569014.841239583794959, 5974113.833279055543244 ], [ 569005.436445171944797, 5974104.495816200040281 ], [ 569004.794515143148601, 5974103.853589154779911 ], [ 568995.339326335699297, 5974094.444443214684725 ], [ 568994.747790702735074, 5974093.852633882313967 ], [ 568985.241664526169188, 5974084.393070227466524 ], [ 568984.701066262321547, 5974083.852221833541989 ], [ 568974.654341821791604, 5974083.826630302704871 ], [ 568965.126294634537771, 5974074.341697240248322 ], [ 568964.607617381261662, 5974074.341697241179645 ], [ 568954.560892940731719, 5974074.341697241179645 ], [ 568954.09494689386338, 5974074.341697241179645 ], [ 568944.514168500201777, 5974083.877768501639366 ], [ 568934.467444059671834, 5974083.937792216427624 ], [ 568934.012376605183817, 5974084.393070227466524 ], [ 568924.420719619141892, 5974093.939913744106889 ], [ 568914.373995178728364, 5974094.000073572620749 ], [ 568904.327270738198422, 5974094.060995273292065 ], [ 568903.944000134477392, 5974094.444443213753402 ], [ 568894.280546297668479, 5974104.062379756942391 ], [ 568884.233821857138537, 5974104.123440640978515 ], [ 568883.861618513474241, 5974104.495816200040281 ], [ 568874.187097416608594, 5974114.124710854142904 ], [ 568864.140372976195067, 5974114.185912539251149 ], [ 568854.093648535548709, 5974114.247896046377718 ], [ 568853.794493812369183, 5974114.547189186327159 ], [ 568844.046924095135182, 5974124.24840877763927 ], [ 568834.000199654488824, 5974124.310535124503076 ], [ 568833.712305812980048, 5974124.598562172614038 ], [ 568823.953475214191712, 5974134.310930583626032 ], [ 568813.906750773545355, 5974134.373200263828039 ], [ 568813.630143862101249, 5974134.649935158900917 ], [ 568803.860026333131827, 5974144.373478041961789 ], [ 568793.813301892601885, 5974144.435892716050148 ], [ 568783.766577452071942, 5974144.499112658202648 ], [ 568783.564475476625375, 5974144.701308144256473 ], [ 568773.719853011542, 5974154.498610249720514 ], [ 568763.673128571012057, 5974154.56197732873261 ], [ 568763.482512966147624, 5974154.752681130543351 ], [ 568753.626404130714945, 5974164.559413728304207 ], [ 568743.579679690068588, 5974164.624868849292397 ], [ 568733.53295524965506, 5974164.689212702214718 ], [ 568733.418166946154088, 5974164.80405411683023 ], [ 568723.486230809008703, 5974174.684434529393911 ], [ 568713.43950636847876, 5974174.752282242290676 ], [ 568713.336409209412523, 5974174.855427103117108 ], [ 568703.392781927948818, 5974184.739263512194157 ], [ 568693.34605748753529, 5974184.810571081936359 ], [ 568683.299333047005348, 5974184.880876128561795 ], [ 568683.27342107554432, 5974184.906800089403987 ], [ 568673.252608606475405, 5974194.898137237876654 ], [ 568663.205884165945463, 5974194.957338803447783 ], [ 568663.205050278571434, 5974194.958173076622188 ], [ 568655.843383746570908, 5974205.009546061977744 ], [ 568653.15915972541552, 5974208.941242257133126 ], [ 568649.107851725886576, 5974215.060919048264623 ], [ 568643.112435285001993, 5974224.117256125435233 ], [ 568642.453708186163567, 5974225.112292034551501 ], [ 568635.609836994553916, 5974235.16366502083838 ], [ 568633.065710844472051, 5974237.88506630808115 ], [ 568626.47802237526048, 5974245.215038007125258 ], [ 568623.018986403942108, 5974248.905188824981451 ], [ 568617.056168786715716, 5974255.266410993412137 ], [ 568612.972261963412166, 5974259.623183292336762 ], [ 568607.634315198170952, 5974265.317783978767693 ], [ 568602.925537522882223, 5974271.075101796537638 ], [ 568599.722857416141778, 5974275.369156965054572 ], [ 568595.515245781629346, 5974285.420529952272773 ], [ 568592.878813082352281, 5974292.762608760967851 ], [ 568591.964467716519721, 5974295.471902937628329 ], [ 568585.082214154303074, 5974305.523275923915207 ], [ 568582.832088641938753, 5974308.804263787344098 ], [ 568578.188908925629221, 5974315.574648910202086 ], [ 568572.785364201525226, 5974323.453860905021429 ], [ 568571.295701392693445, 5974325.626021896488965 ], [ 568564.402493859524839, 5974335.677394882775843 ], [ 568562.738639760878868, 5974338.103519592434168 ], [ 568557.509188630850986, 5974345.728767869062722 ], [ 568552.691915320348926, 5974352.753104592673481 ], [ 568550.61598109791521, 5974355.780140854418278 ], [ 568543.722773564863019, 5974365.831513841636479 ], [ 568542.645190879818983, 5974367.402775396592915 ], [ 568536.829468336189166, 5974375.882886827923357 ], [ 568532.598466439405456, 5974382.052348282188177 ], [ 568529.93626080325339, 5974385.934259813278913 ], [ 568523.043053270201199, 5974395.985632799565792 ], [ 568522.551741998875514, 5974396.717740190215409 ], [ 568517.40196009830106, 5974406.037005785852671 ], [ 568512.666311537730508, 5974416.088378772139549 ], [ 568512.505017558345571, 5974416.430726825259626 ], [ 568507.930740839568898, 5974426.139751758426428 ], [ 568502.603483673417941, 5974436.191124744713306 ], [ 568502.458293117815629, 5974436.439619543030858 ], [ 568494.517960103228688, 5974446.242497731000185 ], [ 568492.411568677285686, 5974448.842980422079563 ], [ 568486.376346259145066, 5974456.293870717287064 ], [ 568482.364844236872159, 5974461.246341301128268 ], [ 568478.234732415177859, 5974466.345243703573942 ], [ 568472.318119796342216, 5974473.649702179245651 ], [ 568470.093118571094237, 5974476.396616689860821 ], [ 568462.271395355695859, 5974486.053063058294356 ], [ 568461.951500950497575, 5974486.447989676147699 ], [ 568453.809890883043408, 5974496.499362662434578 ], [ 568452.224670915282331, 5974498.456423936411738 ], [ 568445.668277038959786, 5974506.550735648721457 ], [ 568442.177946474752389, 5974510.859784814529121 ], [ 568437.526663194876164, 5974516.602108634077013 ], [ 568432.131222034222446, 5974523.263145692646503 ], [ 568429.385049350792542, 5974526.653481620363891 ], [ 568422.084497593808919, 5974535.666506571695209 ], [ 568421.243435506941751, 5974536.704854605719447 ], [ 568413.101821662858129, 5974546.756227592937648 ], [ 568412.037773153278977, 5974548.069867449812591 ], [ 568404.960207818774506, 5974556.807600579224527 ], [ 568401.991048712749034, 5974560.473228327929974 ], [ 568396.818593974690884, 5974566.858973565511405 ], [ 568391.944324272219092, 5974572.876589206978679 ], [ 568388.676980130607262, 5974576.910346550866961 ], [ 568381.897599831689149, 5974585.279950085096061 ], [ 568380.535366286640055, 5974586.961719538085163 ], [ 568372.393752442789264, 5974597.013092524372041 ], [ 568371.850875391275622, 5974597.683310964144766 ], [ 568364.252138598589227, 5974607.06446551065892 ], [ 568361.804150950745679, 5974610.086671843193471 ], [ 568356.110524754505605, 5974617.115838496945798 ], [ 568351.757426510332152, 5974622.490032721310854 ], [ 568347.968910910538398, 5974627.167211483232677 ], [ 568341.710702069685794, 5974634.893393599428236 ], [ 568339.827297066454776, 5974637.218584468588233 ], [ 568331.685683222371154, 5974647.269957454875112 ], [ 568331.663977629155852, 5974647.296754478476942 ], [ 568323.544069378403947, 5974657.32133044116199 ], [ 568321.617253188625909, 5974659.700115356594324 ], [ 568315.402455534320325, 5974667.372703427448869 ], [ 568311.570528748212382, 5974672.103476235643029 ], [ 568307.260841690353118, 5974677.424076413735747 ], [ 568301.52380430768244, 5974684.506837114691734 ], [ 568299.119227846269496, 5974687.475449400022626 ], [ 568291.477079867152497, 5974696.910197991877794 ], [ 568290.977614002302289, 5974697.526822386309505 ], [ 568282.836000158218667, 5974707.578195372596383 ], [ 568281.430355426622555, 5974709.313558870926499 ], [ 568274.694386314135045, 5974717.629568358883262 ], [ 568271.383630986092612, 5974721.716919749975204 ], [ 568266.552772470167838, 5974727.68094134517014 ], [ 568261.336906545679085, 5974734.120280628092587 ], [ 568258.411158626200631, 5974737.732314331457019 ], [ 568251.290182105149142, 5974746.523641507141292 ], [ 568250.269544782117009, 5974747.783687317743897 ], [ 568242.127930938033387, 5974757.835060304030776 ], [ 568241.2434576646192, 5974758.927002385258675 ], [ 568233.986317093949765, 5974767.886433289386332 ], [ 568231.196733224089257, 5974771.330363263376057 ], [ 568225.844703249982558, 5974777.937806275673211 ], [ 568221.150008783559315, 5974783.73372414149344 ], [ 568217.703089405898936, 5974787.989179261960089 ], [ 568211.103284343029372, 5974796.137085019610822 ], [ 568209.561475561815314, 5974798.040552248246968 ], [ 568201.419861717848107, 5974808.091925234533846 ], [ 568201.056559902615845, 5974808.54044589959085 ], [ 568193.2782478738809, 5974818.143298220820725 ], [ 568191.009835462085903, 5974820.943806777708232 ], [ 568185.136634029797278, 5974828.194671207107604 ], [ 568180.96311102155596, 5974833.347167655825615 ], [ 568176.995020185713656, 5974838.246044193394482 ], [ 568170.916386581026018, 5974845.75052853487432 ], [ 568168.853406341630034, 5974848.297417178750038 ], [ 568160.869662140496075, 5974858.153889412991703 ], [ 568160.711792497662827, 5974858.348790165036917 ], [ 568152.570178653695621, 5974868.400163152255118 ], [ 568150.822937700082548, 5974870.557250292040408 ], [ 568144.428564809611998, 5974878.451536138541996 ], [ 568140.776213259552605, 5974882.96061117015779 ], [ 568136.286950965528376, 5974888.502909123897552 ], [ 568130.729488819022663, 5974895.363972048275173 ], [ 568128.145337121444754, 5974898.554282110184431 ], [ 568120.68276437849272, 5974907.767332926392555 ], [ 568120.003723277361132, 5974908.60565509647131 ], [ 568111.862109433393925, 5974918.657028082758188 ], [ 568110.636039937962778, 5974920.17069380544126 ], [ 568103.720495589310303, 5974928.708401069045067 ], [ 568100.589315497432835, 5974932.574054684489965 ], [ 568095.578881745459512, 5974938.759774055331945 ], [ 568090.542591057019308, 5974944.977415562607348 ], [ 568087.43726790137589, 5974948.811147041618824 ], [ 568080.495866616489366, 5974957.380776441656053 ], [ 568079.295654057292268, 5974958.862520027905703 ], [ 568071.154040213208646, 5974968.913893014192581 ], [ 568070.449142175959423, 5974969.784137319773436 ], [ 568063.012426369241439, 5974978.96526600047946 ], [ 568060.402417735429481, 5974982.187498198822141 ], [ 568054.870812525041401, 5974989.016638986766338 ], [ 568050.355693294899538, 5974994.590859077870846 ], [ 568046.729198681074195, 5974999.068011973053217 ], [ 568040.308968854486011, 5975006.994219956919551 ], [ 568038.587584837106988, 5975009.119384958408773 ], [ 568030.445970993023366, 5975019.170757944695652 ], [ 568030.262244413956068, 5975019.397580834105611 ], [ 568022.304357149056159, 5975029.22213093098253 ], [ 568020.215519973426126, 5975031.800941712222993 ], [ 568014.162743304972537, 5975039.273503917269409 ], [ 568010.168795532896183, 5975044.204302590340376 ], [ 568006.021129460888915, 5975049.324876903556287 ], [ 568000.122071092366241, 5975056.607663469389081 ], [ 567997.879515616805293, 5975059.376249889843166 ], [ 567990.075346651836298, 5975069.011024348437786 ], [ 567989.737901772838086, 5975069.427622876130044 ], [ 567981.596287928870879, 5975079.478995862416923 ], [ 567980.028622211422771, 5975081.414385226555169 ], [ 567973.454674084787257, 5975089.530368848703802 ], [ 567969.981897770892829, 5975093.817746105603874 ], [ 567965.31306024082005, 5975099.58174183499068 ], [ 567959.935173330362886, 5975106.221106983721256 ], [ 567957.171446396736428, 5975109.633114821277559 ], [ 567949.888448889832944, 5975118.624467862769961 ], [ 567949.029832552652806, 5975119.684487807564437 ], [ 567940.888218708569184, 5975129.735860793851316 ], [ 567939.841724449303001, 5975131.058642648160458 ], [ 567932.803395865950733, 5975139.787233779206872 ], [ 567929.795000008889474, 5975143.716240357607603 ], [ 567925.061722965212539, 5975149.838606765493751 ], [ 567919.748275568475947, 5975156.95579503569752 ], [ 567917.525030358228832, 5975159.889979751780629 ], [ 567910.201552112353966, 5975169.941352738067508 ], [ 567909.701551127829589, 5975170.60910592135042 ], [ 567902.784786056145094, 5975179.992725724354386 ], [ 567899.654826687299646, 5975183.80167175270617 ], [ 567894.525243484415114, 5975190.044098710641265 ], [ 567892.97349681169726, 5975200.095471696928144 ], [ 567899.654826687299646, 5975205.328133397735655 ], [ 567905.807603517198004, 5975210.146844683215022 ], [ 567909.701551127829589, 5975213.196493616327643 ], [ 567918.641710222582333, 5975220.198217669501901 ], [ 567919.748275568359531, 5975221.06484614033252 ], [ 567929.795000008889474, 5975228.93313649110496 ], [ 567931.475930889486335, 5975230.249590655788779 ], [ 567939.841724449303001, 5975236.801485020667315 ], [ 567944.310037594754249, 5975240.300963642075658 ], [ 567949.888448889832944, 5975244.66984523832798 ], [ 567957.144144300138578, 5975250.352336628362536 ], [ 567959.935173330362886, 5975252.538205457851291 ], [ 567969.978251005639322, 5975260.403709614649415 ], [ 567969.981897770892829, 5975260.406565674580634 ], [ 567980.028622211422771, 5975268.274925894103944 ], [ 567982.812357711023651, 5975270.455082600004971 ], [ 567990.075346651836298, 5975276.143286112695932 ], [ 567995.646527610952035, 5975280.50645558629185 ], [ 568000.122071092366241, 5975284.011557079851627 ], [ 568008.480685083195567, 5975290.557828572578728 ], [ 568010.168795532896183, 5975291.879917297512293 ], [ 568020.215519973426126, 5975299.748277516104281 ], [ 568021.314791788579896, 5975300.609201558865607 ], [ 568030.262244413956068, 5975307.616637734696269 ], [ 568034.148898493964225, 5975310.660574545152485 ], [ 568040.308968854602426, 5975315.48499795421958 ], [ 568046.983005199348554, 5975320.711947531439364 ], [ 568050.355693294899538, 5975323.353358171880245 ], [ 568059.817111904732883, 5975330.763320517726243 ], [ 568060.402417735429481, 5975331.221714320592582 ], [ 568070.449142175959423, 5975339.089989357627928 ], [ 568072.651332571636885, 5975340.814693503081799 ], [ 568080.495866616489366, 5975346.958349576219916 ], [ 568085.485439277021214, 5975350.8660664903 ], [ 568090.542591057019308, 5975354.826709794811904 ], [ 568098.319545982289128, 5975360.917439475655556 ], [ 568100.589315497432835, 5975362.695070013403893 ], [ 568110.636039937962778, 5975370.563430231064558 ], [ 568111.153652687789872, 5975370.968812462873757 ], [ 568120.68276437849272, 5975378.431790450587869 ], [ 568123.987759393174201, 5975381.020185449160635 ], [ 568130.729488819022663, 5975386.300103785470128 ], [ 568136.821980060078204, 5975391.071558434516191 ], [ 568140.776213259552605, 5975394.168421634472907 ], [ 568149.656086765462533, 5975401.12293142080307 ], [ 568150.822937700082548, 5975402.036781853064895 ], [ 568160.869662140496075, 5975409.905142071656883 ], [ 568162.490193470730446, 5975411.174304407089949 ], [ 568170.916386581026018, 5975417.773502290248871 ], [ 568175.324300176231191, 5975421.225677393376827 ], [ 568180.96311102155596, 5975425.641862508840859 ], [ 568188.15840688161552, 5975431.277050379663706 ], [ 568191.009835462085903, 5975433.51022272836417 ], [ 568200.992626823252067, 5975441.328423365950584 ], [ 568201.056559902615845, 5975441.378493694588542 ], [ 568211.103284343029372, 5975449.24685391318053 ], [ 568213.82673425367102, 5975451.379796352237463 ], [ 568221.150008783559315, 5975457.115214131772518 ], [ 568226.660840959171765, 5975461.431169338524342 ], [ 568231.196733224089257, 5975464.983574350364506 ], [ 568239.494947664556094, 5975471.48254232481122 ], [ 568241.2434576646192, 5975472.851934568956494 ], [ 568251.290182105149142, 5975480.720294787548482 ], [ 568252.329054370056838, 5975481.533915311098099 ], [ 568261.336906545679085, 5975488.588655006140471 ], [ 568265.163204477634281, 5975491.585288297384977 ], [ 568271.383630986092612, 5975496.456925973296165 ], [ 568277.997381742112339, 5975501.636661283671856 ], [ 568281.430355426622555, 5975504.325286190956831 ], [ 568290.831488447613083, 5975511.688034269027412 ], [ 568291.477079867152497, 5975512.193646408617496 ], [ 568301.52380430768244, 5975520.062006627209485 ], [ 568303.665595152997412, 5975521.739407256245613 ], [ 568311.570528748212382, 5975527.930366845801473 ], [ 568316.499701858498156, 5975531.790780241601169 ], [ 568321.617253188625909, 5975535.798727064393461 ], [ 568329.333808563882485, 5975541.842153227888048 ], [ 568331.663977629155852, 5975543.667071078903973 ], [ 568341.710702069685794, 5975551.535358250141144 ], [ 568342.168029230553657, 5975551.893526215106249 ], [ 568351.757426510215737, 5975559.403718468733132 ], [ 568355.002135936054401, 5975561.944899200461805 ], [ 568361.804150950745679, 5975567.27207868732512 ], [ 568367.83624264143873, 5975571.996272186748683 ], [ 568371.850875391275622, 5975575.140438904985785 ], [ 568380.670349346706644, 5975582.047645173035562 ], [ 568381.897599831689149, 5975583.008799123577774 ], [ 568391.944324272219092, 5975590.877159343101084 ], [ 568393.504456052207388, 5975592.099018158391118 ], [ 568401.657826699665748, 5975602.150391145609319 ], [ 568401.991048712749034, 5975602.380483648739755 ], [ 568404.472096074023284, 5975602.150391145609319 ], [ 568412.037773153278977, 5975601.62609969638288 ], [ 568413.843712396803312, 5975602.150391145609319 ], [ 568422.084497593808919, 5975607.237458587624133 ], [ 568429.854538507410325, 5975612.20176413282752 ], [ 568429.752032918855548, 5975622.253137117251754 ], [ 568430.144296512240544, 5975632.304510103538632 ], [ 568423.919936696998775, 5975642.355883089825511 ], [ 568422.084497593808919, 5975645.227432518266141 ], [ 568417.495242192293517, 5975652.40725607611239 ], [ 568412.037773153278977, 5975660.945387285202742 ], [ 568411.070538146886975, 5975662.458629062399268 ], [ 568404.645894072949886, 5975672.510002048686147 ], [ 568401.991048712749034, 5975673.896118063479662 ], [ 568398.215382052003406, 5975672.510002048686147 ], [ 568391.944324272219092, 5975670.36490997299552 ], [ 568381.897599831689149, 5975666.242294352501631 ], [ 568371.850875391275622, 5975662.86747419834137 ], [ 568371.084986851317808, 5975662.458629062399268 ], [ 568361.804150950745679, 5975657.504379242658615 ], [ 568355.72886276547797, 5975652.40725607611239 ], [ 568351.757426510215737, 5975645.700926579535007 ], [ 568341.710702069685794, 5975647.369578719139099 ], [ 568331.663977629155852, 5975648.367430636659265 ], [ 568324.018394599901512, 5975652.40725607611239 ], [ 568321.617253188625909, 5975653.251768334768713 ], [ 568311.570528748212382, 5975655.79134984780103 ], [ 568301.52380430768244, 5975658.258730016648769 ], [ 568295.140990234445781, 5975662.458629062399268 ], [ 568291.477079867152497, 5975663.733927817083895 ], [ 568281.430355426622555, 5975665.258042445406318 ], [ 568271.383630986092612, 5975668.045949338003993 ], [ 568264.902345368638635, 5975672.510002048686147 ], [ 568261.336906545679085, 5975673.567662806250155 ], [ 568251.290182105149142, 5975674.471067674458027 ], [ 568241.2434576646192, 5975677.578780652023852 ], [ 568231.99336922634393, 5975682.561375034973025 ], [ 568231.196733224089257, 5975682.706422181800008 ], [ 568221.150008783559315, 5975683.219630805775523 ], [ 568211.103284343029372, 5975686.051833604462445 ], [ 568201.056559902615845, 5975687.394332189112902 ], [ 568191.009835462085903, 5975688.736830774694681 ], [ 568180.96311102155596, 5975690.079329360276461 ], [ 568170.916386581026018, 5975691.42182794585824 ], [ 568162.004015307757072, 5975692.612748021259904 ], [ 568160.869662140496075, 5975692.76432653144002 ], [ 568150.822937700082548, 5975694.106825117021799 ], [ 568140.776213259552605, 5975695.449323702603579 ], [ 568130.729488819022663, 5975696.791822288185358 ], [ 568120.68276437849272, 5975698.134320872835815 ], [ 568110.636039937962778, 5975699.476819459348917 ], [ 568100.589315497432835, 5975700.644671792164445 ], [ 568090.542591057019308, 5975701.678430809639394 ], [ 568086.783280962728895, 5975702.664121007546782 ], [ 568080.495866616489366, 5975703.504228721372783 ], [ 568070.449142175959423, 5975704.84673991240561 ], [ 568060.402417735429481, 5975706.189218003302813 ], [ 568050.355693294899538, 5975704.778016516938806 ], [ 568040.308968854486011, 5975704.667157856747508 ], [ 568030.262244413956068, 5975704.426750813610852 ], [ 568020.215519973426126, 5975703.514315599575639 ], [ 568017.687648876104504, 5975702.664121007546782 ], [ 568010.168795532896183, 5975700.591171549633145 ], [ 568000.122071092366241, 5975697.821606548503041 ], [ 567990.075346651836298, 5975695.052019108086824 ], [ 567981.227797811385244, 5975692.612748021259904 ], [ 567980.028622211422771, 5975692.282135054469109 ], [ 567969.981897770892829, 5975689.512866666540504 ], [ 567959.935173330362886, 5975686.742982612922788 ], [ 567950.935258743236773, 5975682.561375034973025 ], [ 567949.888448889832944, 5975682.15225634444505 ], [ 567949.159676021314226, 5975672.510002048686147 ], [ 567947.525241706520319, 5975662.458629062399268 ], [ 567939.841724449303001, 5975653.281608084216714 ], [ 567939.541053215274587, 5975652.40725607611239 ], [ 567937.65229974349495, 5975642.355883089825511 ], [ 567935.443482520407997, 5975632.304510103538632 ], [ 567929.795000008889474, 5975624.065731428563595 ], [ 567929.171687014517374, 5975622.253137118183076 ], [ 567926.44269521383103, 5975612.201764131896198 ], [ 567923.98590524692554, 5975602.150391146540642 ], [ 567919.748275568359531, 5975594.849854771979153 ], [ 567918.802323429030366, 5975592.099018159322441 ], [ 567915.448240857804194, 5975582.047645173035562 ], [ 567912.903550238464959, 5975571.996272186748683 ], [ 567909.701551127829589, 5975565.633948471397161 ], [ 567908.432958120247349, 5975561.944899200461805 ], [ 567904.976512275869027, 5975551.893526214174926 ], [ 567902.064260942861438, 5975541.842153227888048 ], [ 567899.654826687299646, 5975536.418020687997341 ], [ 567898.063616187893786, 5975531.790780241601169 ], [ 567894.607160787563771, 5975521.739407255314291 ], [ 567891.391465033520944, 5975511.688034269027412 ], [ 567889.608102246769704, 5975507.202144032344222 ], [ 567887.69425527821295, 5975501.636661283671856 ], [ 567884.237794586922973, 5975491.585288297384977 ], [ 567880.837686461862177, 5975481.533915311098099 ], [ 567879.561377806239761, 5975477.986267376691103 ], [ 567877.324889969429933, 5975471.48254232481122 ], [ 567873.86844412505161, 5975461.431169338524342 ], [ 567870.411998280673288, 5975451.37979635130614 ], [ 567869.514653365826234, 5975448.7703309180215 ], [ 567866.955524660763331, 5975441.328423365950584 ], [ 567863.499078816268593, 5975431.277050379663706 ], [ 567860.042632971890271, 5975421.225677393376827 ], [ 567859.467928925296292, 5975419.554433291777968 ], [ 567856.586179160512984, 5975411.174304407089949 ], [ 567853.129723760182969, 5975401.12293142080307 ], [ 567849.673267662990838, 5975391.071558433584869 ], [ 567849.421204484766349, 5975390.338556636124849 ], [ 567846.216821818728931, 5975381.020185449160635 ], [ 567842.760357559425756, 5975370.968812462873757 ], [ 567839.374480044236407, 5975361.12267998047173 ], [ 567839.303902354324237, 5975360.917439476586878 ], [ 567835.847456509945914, 5975350.8660664903 ], [ 567832.391010665567592, 5975340.814693504013121 ], [ 567829.327755603706464, 5975331.90672255307436 ], [ 567828.930386919062585, 5975330.763320517726243 ], [ 567825.478091201162897, 5975320.711947531439364 ], [ 567822.021645356668159, 5975310.660574545152485 ], [ 567819.281031163292937, 5975302.690845896489918 ], [ 567817.012691370910034, 5975300.609201557934284 ], [ 567810.042000730289146, 5975290.557828572578728 ], [ 567809.234306722762994, 5975288.803583923727274 ], [ 567804.784157117363065, 5975290.557828572578728 ], [ 567799.187582282233052, 5975292.763992931693792 ], [ 567789.140857841703109, 5975296.724535524845123 ], [ 567779.286277387291193, 5975300.609201558865607 ], [ 567779.094133401173167, 5975300.684944531880319 ], [ 567769.047408960643224, 5975304.645487124100327 ], [ 567759.000684520229697, 5975308.568952281959355 ], [ 567751.838289682753384, 5975310.660574546083808 ], [ 567748.953960079699755, 5975311.539356752298772 ], [ 567738.907235639169812, 5975314.165155056864023 ], [ 567728.86051119863987, 5975316.790910419076681 ], [ 567718.813786758109927, 5975319.416758190840483 ], [ 567712.798009018646553, 5975320.711947531439364 ], [ 567708.7670623176964, 5975321.516641454771161 ], [ 567698.720337877166457, 5975321.119885385967791 ], [ 567688.673613436636515, 5975320.723129463382065 ], [ 567688.628778471727856, 5975320.711947531439364 ], [ 567678.626888996106572, 5975317.37270169518888 ], [ 567672.240023594000377, 5975310.660574545152485 ], [ 567668.58016455557663, 5975306.814331095665693 ], [ 567658.533440115046687, 5975301.007817212492228 ], [ 567648.48671567463316, 5975306.178309991955757 ], [ 567639.814600895391777, 5975310.660574546083808 ], [ 567638.439991234103218, 5975311.371054550632834 ], [ 567628.393266793573275, 5975316.304353297688067 ], [ 567619.145146856666543, 5975320.711947531439364 ], [ 567618.346542353043333, 5975321.092557279393077 ], [ 567608.29981791251339, 5975325.880616324022412 ], [ 567598.253093472099863, 5975330.668675366789103 ], [ 567598.054506746702828, 5975330.763320518657565 ], [ 567588.20636903156992, 5975335.456879349425435 ], [ 567578.159644591156393, 5975340.244938393123448 ], [ 567576.964170751161873, 5975340.814693504013121 ], [ 567568.112920150510035, 5975345.033142374828458 ], [ 567558.066195709980093, 5975349.821201419457793 ], [ 567555.87376839062199, 5975350.8660664903 ], [ 567548.01947126945015, 5975354.60931443888694 ], [ 567537.972746829036623, 5975359.397464443929493 ], [ 567534.783402218483388, 5975360.917439476586878 ], [ 567527.926022388506681, 5975364.185523487627506 ], [ 567517.879297947976738, 5975368.973727470263839 ], [ 567513.693036046228372, 5975370.968812463805079 ], [ 567507.832573507446796, 5975373.761786513961852 ], [ 567497.785849066916853, 5975378.54995487537235 ], [ 567492.602669873973355, 5975381.020185449160635 ], [ 567487.739124626503326, 5975383.338049539364874 ], [ 567477.692400185973383, 5975388.126108583062887 ], [ 567471.512186658917926, 5975391.071558434516191 ], [ 567467.645675745443441, 5975392.914312564767897 ], [ 567457.598951304913498, 5975397.70237160846591 ], [ 567450.42163340584375, 5975401.12293142080307 ], [ 567447.552226864383556, 5975402.490450371056795 ], [ 567437.582381706451997, 5975411.174304407089949 ], [ 567439.093075124081224, 5975421.225677393376827 ], [ 567440.614364696899429, 5975431.277050379663706 ], [ 567442.135676974314265, 5975441.328423365950584 ], [ 567443.656933543505147, 5975451.379796352237463 ], [ 567445.17815784655977, 5975461.431169338524342 ], [ 567447.082351600867696, 5975471.48254232481122 ], [ 567447.552226864383556, 5975473.94172786641866 ], [ 567449.002862050780095, 5975481.533915311098099 ], [ 567450.923372500692494, 5975491.585288297384977 ], [ 567452.843882950488478, 5975501.636661283671856 ], [ 567454.49263266287744, 5975511.688034269027412 ], [ 567455.481567166047171, 5975521.739407255314291 ], [ 567456.28708745050244, 5975531.790780240669847 ], [ 567457.092607735190541, 5975541.842153227888048 ], [ 567457.598951304913498, 5975548.160365413874388 ], [ 567457.898132327827625, 5975551.893526214174926 ], [ 567458.703664211905561, 5975561.944899201393127 ], [ 567459.509313258575276, 5975571.996272185817361 ], [ 567460.314833543263376, 5975582.047645173035562 ], [ 567461.074560230365023, 5975592.099018159322441 ], [ 567461.653200946282595, 5975602.150391145609319 ], [ 567462.180506993900053, 5975612.201764131896198 ], [ 567462.707813041517511, 5975622.253137118183076 ], [ 567463.877760731847957, 5975632.304510103538632 ], [ 567467.250717959948815, 5975642.355883089825511 ], [ 567467.645675745443441, 5975643.415368638932705 ], [ 567470.997732967021875, 5975652.40725607611239 ], [ 567474.744752448634245, 5975662.458629062399268 ], [ 567477.362128484528512, 5975672.510002048686147 ], [ 567476.650540099013597, 5975682.561375034973025 ], [ 567477.526148222852498, 5975692.612748021259904 ], [ 567477.692400185973383, 5975693.603475857526064 ], [ 567479.477398849325255, 5975702.664121007546782 ], [ 567481.546232149121352, 5975712.715493993833661 ], [ 567483.714968843618408, 5975722.76686698012054 ], [ 567486.01631319639273, 5975732.818239966407418 ], [ 567487.739124626503326, 5975740.216528936289251 ], [ 567488.358839279273525, 5975742.869612952694297 ], [ 567490.728979148436338, 5975752.920985938981175 ], [ 567493.168986636563204, 5975762.972358925268054 ], [ 567495.611244674772024, 5975773.023731909692287 ], [ 567497.785849066916853, 5975781.973070087842643 ], [ 567498.053633084986359, 5975783.075104896910489 ], [ 567500.495891123311594, 5975793.126477883197367 ], [ 567502.938149161403999, 5975803.177850869484246 ], [ 567505.380537571734749, 5975813.229223856702447 ], [ 567507.822795610059984, 5975823.280596842058003 ], [ 567507.832573507446796, 5975823.320836672559381 ], [ 567510.265184020157903, 5975833.331969828344882 ], [ 567512.707442058483139, 5975843.38334281463176 ], [ 567515.476030041114427, 5975853.434715801849961 ], [ 567517.879297947976738, 5975861.399574588984251 ], [ 567518.508870014688, 5975863.486088787205517 ], [ 567522.082978275953792, 5975873.537461773492396 ], [ 567525.982920542941429, 5975883.588834758847952 ], [ 567527.926022388506681, 5975888.131497005932033 ], [ 567530.282346812775359, 5975893.64020774513483 ], [ 567534.581875848816708, 5975903.691580731421709 ], [ 567537.972746829036623, 5975911.618706861510873 ], [ 567538.881404884741642, 5975913.742953717708588 ], [ 567543.180831154575571, 5975923.794326703995466 ], [ 567547.480360190500505, 5975933.845699690282345 ], [ 567548.01947126945015, 5975935.106025295332074 ], [ 567551.779889226425439, 5975943.897072676569223 ], [ 567556.079315496259369, 5975953.948445662856102 ], [ 567558.066195709863678, 5975958.593343729153275 ], [ 567560.378844532184303, 5975963.999818649142981 ], [ 567564.403691150946543, 5975974.051191635429859 ], [ 567564.810801650863141, 5975984.102564621716738 ], [ 567565.217882925178856, 5975994.153937608003616 ], [ 567565.624997535021976, 5976004.205310594290495 ], [ 567566.032112144865096, 5976014.256683580577374 ], [ 567566.439142228104174, 5976024.30805656593293 ], [ 567566.779315347084776, 5976034.359429552219808 ], [ 567565.701086963759735, 5976044.410802538506687 ], [ 567567.432756153866649, 5976054.462175523862243 ], [ 567568.112920150510035, 5976057.98560262657702 ], [ 567569.373061856720597, 5976064.513548510149121 ], [ 567571.313358931685798, 5976074.564921497367322 ], [ 567573.418321863980964, 5976084.616294483654201 ], [ 567575.59484560159035, 5976094.66766746994108 ], [ 567578.159644591156393, 5976097.25524586904794 ], [ 567588.20636903156992, 5976095.462504819966853 ], [ 567592.238380568916909, 5976094.66766746994108 ], [ 567598.253093472099863, 5976093.488899133168161 ], [ 567608.29981791251339, 5976091.524768199771643 ], [ 567618.346542353043333, 5976089.803468344733119 ], [ 567624.362991400063038, 5976094.66766746994108 ], [ 567628.393266793573275, 5976098.608302127569914 ], [ 567634.643010921077803, 5976104.719040456227958 ], [ 567638.439991234103218, 5976108.431568946689367 ], [ 567644.923030442208983, 5976114.770413443446159 ], [ 567648.48671567463316, 5976118.254835763946176 ], [ 567656.445733552100137, 5976124.821786428801715 ], [ 567658.533440115046687, 5976132.564473813399673 ], [ 567659.048334548599087, 5976134.873159414157271 ], [ 567658.533440115046687, 5976136.978188877925277 ], [ 567655.931794691714458, 5976144.92453240044415 ], [ 567658.533440115046687, 5976152.135575239546597 ], [ 567659.559592092875391, 5976154.975905386731029 ], [ 567666.079882727121003, 5976165.027278373017907 ], [ 567668.58016455557663, 5976170.920883576385677 ], [ 567669.529547462007031, 5976175.078651359304786 ], [ 567671.82463257946074, 5976185.130024345591664 ], [ 567674.119729713071138, 5976195.181397331878543 ], [ 567676.662776931887493, 5976205.232770318165421 ], [ 567678.626888996106572, 5976210.093374186195433 ], [ 567681.311960320919752, 5976215.2841433044523 ], [ 567686.511315708281472, 5976225.335516290739179 ], [ 567688.673613436636515, 5976229.515661588869989 ], [ 567690.983403446036391, 5976235.386889277026057 ], [ 567694.631165979080833, 5976245.438262263312936 ], [ 567698.014283159514889, 5976255.489635249599814 ], [ 567698.720337877166457, 5976257.587351331487298 ], [ 567701.397400339948945, 5976265.54100823495537 ], [ 567704.780468574608676, 5976275.592381222173572 ], [ 567708.163511350983754, 5976285.643754207529128 ], [ 567708.7670623176964, 5976287.436927650123835 ], [ 567711.546628531417809, 5976295.695127193816006 ], [ 567714.929745711851865, 5976305.746500179171562 ], [ 567718.187601150944829, 5976315.797873166389763 ], [ 567718.813786758109927, 5976317.754515083506703 ], [ 567721.507893900503404, 5976325.849246152676642 ], [ 567725.408342237351462, 5976335.900619138963521 ], [ 567728.86051119863987, 5976344.796785642392933 ], [ 567729.30879057419952, 5976345.951992125250399 ], [ 567733.209238911047578, 5976356.003365111537278 ], [ 567737.109687247895636, 5976366.054738097824156 ], [ 567738.907235639169812, 5976370.686982338316739 ], [ 567741.010135584743693, 5976376.106111083179712 ], [ 567744.910583921591751, 5976386.157484069466591 ], [ 567748.810743515496142, 5976396.208857055753469 ], [ 567748.953960079699755, 5976396.588160488754511 ], [ 567752.627813726663589, 5976406.260230042040348 ], [ 567756.385381569736637, 5976416.311603028327227 ], [ 567759.000684520229697, 5976423.307216625660658 ], [ 567760.143077026004903, 5976426.362976014614105 ], [ 567763.900644869077951, 5976436.414349000900984 ], [ 567767.658212712034583, 5976446.465721987187862 ], [ 567769.047408960643224, 5976450.181777220219374 ], [ 567771.415810638456605, 5976456.517094973474741 ], [ 567775.173476011259481, 5976466.56846795976162 ], [ 567778.931043854448944, 5976476.619840946048498 ], [ 567779.094133401173167, 5976477.056100231595337 ], [ 567782.688611697521992, 5976486.671213932335377 ], [ 567786.446272927219979, 5976496.722586918622255 ], [ 567789.140857841703109, 5976503.930423243902624 ], [ 567790.203874996863306, 5976506.773959903977811 ], [ 567793.961442839936353, 5976516.82533289026469 ], [ 567797.719010683009401, 5976526.876705876551569 ], [ 567799.187582282233052, 5976530.804954206570983 ], [ 567801.476706139277667, 5976536.928078862838447 ], [ 567805.234273982350715, 5976546.979451849125326 ], [ 567808.991841825540178, 5976557.030824835412204 ], [ 567809.234306722762994, 5976557.679410628974438 ], [ 567812.749454317847267, 5976567.082197821699083 ], [ 567816.507105124765076, 5976577.133570807985961 ], [ 567819.281031163292937, 5976584.553733640350401 ], [ 567820.264672967838123, 5976587.18494379427284 ], [ 567824.022301034303382, 5976597.236316780559719 ], [ 567827.77991660637781, 5976607.287689765915275 ], [ 567829.327755603706464, 5976611.42805665358901 ], [ 567831.537504110136069, 5976617.339062753133476 ], [ 567835.295071953209117, 5976627.390435740351677 ], [ 567839.052763322950341, 5976637.44180872477591 ], [ 567839.374480044236407, 5976638.302379664033651 ], [ 567842.810335252434015, 5976647.493181711062789 ], [ 567846.567903095623478, 5976657.544554697349668 ], [ 567849.421204484766349, 5976665.177044036798179 ], [ 567850.325482424814254, 5976667.595927683636546 ], [ 567854.083166394848377, 5976677.647300669923425 ], [ 567857.84073423803784, 5976687.698673656210303 ], [ 567859.467928925296292, 5976692.051367049105465 ], [ 567861.598302081110887, 5976697.750046642497182 ], [ 567865.355944713577628, 5976707.80141962878406 ], [ 567869.113565380335785, 5976717.852792615070939 ], [ 567869.514653365826234, 5976718.925690060481429 ], [ 567872.871133223408833, 5976727.904165601357818 ], [ 567876.628701066481881, 5976737.955538587644696 ], [ 567879.561377806239761, 5976745.800088020972908 ], [ 567880.386396522633731, 5976748.006911573931575 ], [ 567884.143964365823194, 5976758.058284559287131 ], [ 567887.901532208779827, 5976768.109657544642687 ], [ 567889.608102246769704, 5976772.674677445553243 ], [ 567891.670811655232683, 5976778.161030532792211 ], [ 567895.448322967393324, 5976788.212403518147767 ], [ 567899.17734601884149, 5976798.263776504434645 ], [ 567899.654826687299646, 5976799.365497572347522 ], [ 567903.184842105256394, 5976808.315149490721524 ], [ 567907.24093846953474, 5976818.366522477008402 ], [ 567909.701551127829589, 5976824.464014701545238 ], [ 567911.297120042843744, 5976828.417895463295281 ], [ 567915.353301616152748, 5976838.469268448650837 ], [ 567919.409483189694583, 5976848.520641436800361 ], [ 567919.748275568359531, 5976849.360181900672615 ], [ 567923.465616157045588, 5976858.572014422155917 ], [ 567927.52171497058589, 5976868.623387409374118 ], [ 567929.795000008889474, 5976874.256674628704786 ], [ 567931.57789654401131, 5976878.674760393798351 ], [ 567935.634078117203899, 5976888.72613338008523 ], [ 567939.690259690512903, 5976898.777506366372108 ], [ 567939.841724449303001, 5976899.152841828763485 ], [ 567943.746390208601952, 5976908.828879352658987 ], [ 567947.80249147163704, 5976918.880252338945866 ], [ 567949.888448889832944, 5976924.049334557726979 ], [ 567951.858673044946045, 5976928.931625325232744 ], [ 567955.914854618255049, 5976938.982998311519623 ], [ 567959.935173330362886, 5976948.945501756854355 ], [ 567959.971036191680469, 5976949.034371297806501 ], [ 567964.027164260391146, 5976959.08574428409338 ], [ 567968.083267972688191, 5976969.137117270380259 ], [ 567969.981897770892829, 5976973.84199448581785 ], [ 567972.139449545997195, 5976979.188490256667137 ], [ 567976.195631119422615, 5976989.239863242954016 ], [ 567980.028622211422771, 5976998.738161684945226 ], [ 567980.251812692848034, 5976999.291236229240894 ], [ 567984.30793831194751, 5977009.34260921459645 ], [ 567988.364044473622926, 5977019.393982199952006 ], [ 567990.075346651836298, 5977023.634654412977397 ], [ 567992.420226047048345, 5977029.44535518810153 ], [ 567996.8142377223121, 5977039.496728173457086 ], [ 568000.122071092366241, 5977042.610669666901231 ] ], [ [ 568090.432055019075051, 5976004.205310594290495 ], [ 568087.860285620437935, 5975994.153937608003616 ], [ 568080.495866616489366, 5975986.367679961025715 ], [ 568076.764338779263198, 5975984.102564621716738 ], [ 568070.449142175959423, 5975980.269108375534415 ], [ 568060.402417735429481, 5975974.170487937517464 ], [ 568060.205891801393591, 5975974.051191635429859 ], [ 568060.402417735429481, 5975973.859902530908585 ], [ 568070.449142175959423, 5975970.222365034744143 ], [ 568080.495866616489366, 5975969.357944780029356 ], [ 568090.542591057019308, 5975969.524320060387254 ], [ 568100.589315497432835, 5975971.375184947624803 ], [ 568104.502157152630389, 5975974.051191635429859 ], [ 568104.398614887963049, 5975984.102564621716738 ], [ 568103.117507219780236, 5975994.153937608003616 ], [ 568103.249161886866204, 5976004.205310594290495 ], [ 568100.589315497432835, 5976008.163334039971232 ], [ 568090.542591057019308, 5976004.292779561132193 ], [ 568090.432055019075051, 5976004.205310594290495 ] ], [ [ 568119.156226323568262, 5975903.691580731421709 ], [ 568110.636039937962778, 5975894.627389283850789 ], [ 568100.589315497432835, 5975894.918520784005523 ], [ 568099.16516143118497, 5975893.64020774513483 ], [ 568090.542591057019308, 5975884.165083578787744 ], [ 568080.495866616489366, 5975884.518548403866589 ], [ 568070.449142175959423, 5975884.912470957264304 ], [ 568068.91023155930452, 5975883.588834758847952 ], [ 568070.449142175959423, 5975874.366378002800047 ], [ 568080.495866616489366, 5975876.740314267575741 ], [ 568090.542591057019308, 5975879.114250531420112 ], [ 568100.589315497432835, 5975881.488186795264482 ], [ 568109.479457809589803, 5975883.588834758847952 ], [ 568110.636039937962778, 5975883.862123619765043 ], [ 568120.68276437849272, 5975889.295675607398152 ], [ 568124.928593996562995, 5975893.64020774513483 ], [ 568130.729488819022663, 5975899.79806387424469 ], [ 568134.117730327416211, 5975903.691580731421709 ], [ 568130.729488819022663, 5975904.123831457458436 ], [ 568120.68276437849272, 5975905.311495481058955 ], [ 568119.156226323568262, 5975903.691580731421709 ] ], [ [ 568038.486478281556629, 5975873.537461773492396 ], [ 568040.308968854602426, 5975867.24456920940429 ], [ 568050.355693294899538, 5975869.618505474179983 ], [ 568060.402417735429481, 5975871.992441738955677 ], [ 568066.941089721163735, 5975873.537461773492396 ], [ 568060.402417735429481, 5975873.833088306710124 ], [ 568050.355693294899538, 5975874.349259415641427 ], [ 568040.308968854486011, 5975874.958379071205854 ], [ 568038.486478281556629, 5975873.537461773492396 ] ], [ [ 567989.396247011376545, 5975863.486088787205517 ], [ 567990.075346651836298, 5975862.196400380693376 ], [ 567990.977241898537613, 5975863.486088787205517 ], [ 567990.075346651836298, 5975865.158765060827136 ], [ 567989.396247011376545, 5975863.486088787205517 ] ], [ [ 568006.484856872004457, 5975863.486088787205517 ], [ 568010.168795532896183, 5975860.12275353167206 ], [ 568020.215519973426126, 5975862.496694654226303 ], [ 568024.402721632737666, 5975863.486088787205517 ], [ 568020.215519973426126, 5975863.918375364504755 ], [ 568010.168795532896183, 5975865.265638129785657 ], [ 568006.484856872004457, 5975863.486088787205517 ] ], [ [ 569354.954616379109211, 5975451.379796352237463 ], [ 569356.429870561114512, 5975449.33583162073046 ], [ 569357.417946687550284, 5975451.379796352237463 ], [ 569356.429870561114512, 5975452.470133862458169 ], [ 569354.954616379109211, 5975451.379796352237463 ] ], [ [ 569339.877303215675056, 5975441.328423365950584 ], [ 569336.336421680054627, 5975439.033979116007686 ], [ 569327.088442932465114, 5975431.277050379663706 ], [ 569326.289697239524685, 5975430.644645721651614 ], [ 569316.242972798994742, 5975422.132967745885253 ], [ 569315.161649596295319, 5975421.225677393376827 ], [ 569306.196248358581215, 5975413.64457814861089 ], [ 569303.24769290687982, 5975411.174304407089949 ], [ 569296.149523918051273, 5975405.204100420698524 ], [ 569289.465574028668925, 5975411.174304407089949 ], [ 569290.07588956062682, 5975421.225677393376827 ], [ 569292.03205939847976, 5975431.277050379663706 ], [ 569286.10279947752133, 5975438.812430930323899 ], [ 569276.707684657303616, 5975431.277050379663706 ], [ 569276.056075036991388, 5975430.75520387571305 ], [ 569266.009350596461445, 5975422.762114249169827 ], [ 569263.991233564447612, 5975421.225677393376827 ], [ 569255.962626155931503, 5975415.112836932763457 ], [ 569248.391156246419996, 5975411.174304407089949 ], [ 569245.915901715517975, 5975409.837159322574735 ], [ 569242.7100367275998, 5975401.12293142080307 ], [ 569239.86442646686919, 5975391.071558434516191 ], [ 569237.43288515554741, 5975381.020185449160635 ], [ 569236.387470907182433, 5975370.968812462873757 ], [ 569235.997049018624239, 5975360.917439476586878 ], [ 569235.869177274988033, 5975359.79051563795656 ], [ 569234.873859354178421, 5975350.8660664903 ], [ 569233.571911897975951, 5975340.814693504013121 ], [ 569232.26881481683813, 5975330.763320517726243 ], [ 569230.96571773593314, 5975320.711947531439364 ], [ 569229.918639580369927, 5975310.660574545152485 ], [ 569229.393645187839866, 5975300.609201558865607 ], [ 569228.577711890684441, 5975290.557828572578728 ], [ 569227.042192237917334, 5975280.506455585360527 ], [ 569225.82245283445809, 5975276.795279452577233 ], [ 569225.178923058905639, 5975270.455082599073648 ], [ 569225.253198466380127, 5975260.403709614649415 ], [ 569225.82245283445809, 5975255.112493008375168 ], [ 569235.869177274988033, 5975253.17985257320106 ], [ 569245.915901715517975, 5975250.568399710580707 ], [ 569246.439678603084758, 5975250.352336628362536 ], [ 569255.962626155931503, 5975246.424027740955353 ], [ 569258.787281535915099, 5975250.352336628362536 ], [ 569264.984924493473954, 5975260.403709613718092 ], [ 569266.009350596461445, 5975262.290398533456028 ], [ 569269.956253045704216, 5975270.455082600004971 ], [ 569274.815202679717913, 5975280.50645558629185 ], [ 569276.056075036991388, 5975283.073309546336532 ], [ 569279.674252351978794, 5975290.557828572578728 ], [ 569284.533201986108907, 5975300.609201558865607 ], [ 569286.10279947752133, 5975303.856119310483336 ], [ 569289.392151620122604, 5975310.660574545152485 ], [ 569294.251201292267069, 5975320.711947532370687 ], [ 569296.149523918051273, 5975324.638876229524612 ], [ 569299.110150926397182, 5975330.763320517726243 ], [ 569303.969122736598365, 5975340.814693504013121 ], [ 569306.196248358581215, 5975345.421745236963034 ], [ 569308.828150232555345, 5975350.866066489368677 ], [ 569313.687099866569042, 5975360.917439476586878 ], [ 569316.242972798994742, 5975366.204597007483244 ], [ 569318.546049500699155, 5975370.968812462873757 ], [ 569323.40509917284362, 5975381.020185449160635 ], [ 569326.289697239524685, 5975386.987353924661875 ], [ 569328.264048806857318, 5975391.071558434516191 ], [ 569333.123030437622219, 5975401.12293142080307 ], [ 569336.336421680054627, 5975407.770180927589536 ], [ 569337.982048113131896, 5975411.174304407089949 ], [ 569342.840997747145593, 5975421.225677393376827 ], [ 569346.38314612058457, 5975428.55292384698987 ], [ 569347.700034306733869, 5975431.277050379663706 ], [ 569352.558997053420171, 5975441.328423365950584 ], [ 569346.38314612058457, 5975446.537549398839474 ], [ 569339.877303215675056, 5975441.328423365950584 ] ], [ [ 569416.710217204177752, 5976858.597745515406132 ], [ 569416.735936397919431, 5976858.572014422155917 ], [ 569416.710217204177752, 5976857.399391422048211 ], [ 569410.651463723159395, 5976858.572014422155917 ], [ 569416.710217204177752, 5976858.597745515406132 ] ], [ [ 569446.850390525651164, 5976848.522475427947938 ], [ 569456.897114966181107, 5976848.565054649487138 ], [ 569456.941507639246993, 5976848.520641435869038 ], [ 569456.897114966181107, 5976846.517715710215271 ], [ 569446.850390525651164, 5976848.436815045773983 ], [ 569446.428614865406416, 5976848.520641435869038 ], [ 569446.850390525651164, 5976848.522475427947938 ] ], [ [ 569497.084012728184462, 5976838.532295497134328 ], [ 569497.147010627668351, 5976838.46926844958216 ], [ 569497.084012728184462, 5976835.614786975085735 ], [ 569487.817449317662977, 5976838.46926844958216 ], [ 569497.084012728184462, 5976838.532295497134328 ] ] ] } },
{ "type": "Feature", "properties": { "id": 3, "cost_level": 1200.0 }, "geometry": { "type": "Polygon", "coordinates": [ [ [ 568763.673128571012057, 5976710.215459144674242 ], [ 568773.719853011542, 5976711.406570700928569 ], [ 568783.766577452071942, 5976709.05593666434288 ], [ 568789.12850840925239, 5976707.80141962878406 ], [ 568793.813301892601885, 5976706.70533068664372 ], [ 568803.860026333131827, 5976704.354696650058031 ], [ 568813.906750773545355, 5976702.004078797996044 ], [ 568823.953475214075297, 5976699.653456635773182 ], [ 568832.088742299005389, 5976697.750046642497182 ], [ 568834.00019965460524, 5976697.302822600118816 ], [ 568844.046924095135182, 5976694.952196374535561 ], [ 568854.093648535665125, 5976692.874286694452167 ], [ 568864.140372976195067, 5976690.670206945389509 ], [ 568874.187097416608594, 5976688.825353316031396 ], [ 568880.730531647801399, 5976687.698673656210303 ], [ 568884.233821857138537, 5976687.095460467971861 ], [ 568894.280546297668479, 5976685.365567620843649 ], [ 568904.327270738198422, 5976683.635674772784114 ], [ 568914.37399517884478, 5976681.905801061540842 ], [ 568924.420719619141892, 5976680.175913927145302 ], [ 568934.467444059671834, 5976678.446026793681085 ], [ 568939.106232977937907, 5976677.647300669923425 ], [ 568944.514168500201777, 5976676.716136584058404 ], [ 568954.560892940731719, 5976674.986243736930192 ], [ 568964.607617381261662, 5976673.256350889801979 ], [ 568974.654341821791604, 5976671.526458041742444 ], [ 568984.701066262205131, 5976669.796565194614232 ], [ 568994.747790702735074, 5976668.066672346554697 ], [ 568997.481741491355933, 5976667.595927683636546 ], [ 569004.794515143265016, 5976666.336783658713102 ], [ 569014.841239583794959, 5976664.606919853016734 ], [ 569024.887964024324901, 5976662.877027004957199 ], [ 569026.286833680234849, 5976657.544554696418345 ], [ 569026.497564592049457, 5976647.493181710131466 ], [ 569024.887964024324901, 5976645.832259668037295 ], [ 569017.443469846155494, 5976637.44180872477591 ], [ 569014.841239583911374, 5976634.021307021379471 ], [ 569009.065809441963211, 5976627.390435739420354 ], [ 569004.794515143265016, 5976617.915096620097756 ], [ 569004.346503932145424, 5976617.339062753133476 ], [ 569004.794515143265016, 5976615.331962815485895 ], [ 569007.185432842699811, 5976607.287689766846597 ], [ 569014.841239583794959, 5976598.516323180869222 ], [ 569024.887964024324901, 5976601.757299270480871 ], [ 569034.934688464738429, 5976600.681526323780417 ], [ 569044.981412905268371, 5976598.472833321429789 ], [ 569050.605967402923852, 5976597.236316780559719 ], [ 569055.028137345798314, 5976596.264135554432869 ], [ 569061.111636289628223, 5976597.236316780559719 ], [ 569065.074861786328256, 5976598.670379096642137 ], [ 569069.792201960808598, 5976607.287689766846597 ], [ 569075.121586226858199, 5976617.02304024156183 ], [ 569075.294584879418835, 5976617.339062753133476 ], [ 569080.796968391630799, 5976627.390435740351677 ], [ 569085.168310667388141, 5976635.375701386481524 ], [ 569086.299351606867276, 5976637.44180872477591 ], [ 569091.801734822220169, 5976647.493181711062789 ], [ 569095.215035107801668, 5976653.360051473602653 ], [ 569097.568625513580628, 5976657.544554697349668 ], [ 569104.005257166107185, 5976667.595927683636546 ], [ 569105.261759548331611, 5976669.542383719235659 ], [ 569110.493754142895341, 5976677.647300669923425 ], [ 569115.308483988861553, 5976685.105830077081919 ], [ 569121.971818693447858, 5976687.698673656210303 ], [ 569125.355208429391496, 5976688.726586692035198 ], [ 569130.796401907806285, 5976687.698673656210303 ], [ 569135.401932869921438, 5976686.82862826436758 ], [ 569145.448657310334966, 5976681.165549069643021 ], [ 569151.48722078895662, 5976677.647300669923425 ], [ 569155.495381750864908, 5976675.664568549022079 ], [ 569165.542106191394851, 5976673.242417553439736 ], [ 569175.588830631924793, 5976672.968702988699079 ], [ 569185.635555072454736, 5976673.088200908154249 ], [ 569195.682279512984678, 5976670.622598511166871 ], [ 569198.979844352928922, 5976667.595927683636546 ], [ 569205.729003953398205, 5976661.097425878047943 ], [ 569211.428643472492695, 5976657.544554697349668 ], [ 569215.775728393928148, 5976654.457355743274093 ], [ 569225.82245283445809, 5976649.168106032535434 ], [ 569235.869177274988033, 5976648.27679827157408 ], [ 569245.915901715517975, 5976650.872848691418767 ], [ 569255.962626155931503, 5976653.468897728249431 ], [ 569266.009350596461445, 5976656.064964490942657 ], [ 569271.735373055562377, 5976657.544554697349668 ], [ 569276.056075036991388, 5976658.661013527773321 ], [ 569286.10279947752133, 5976661.453985005617142 ], [ 569296.149523918051273, 5976664.909959189593792 ], [ 569302.693454154068604, 5976667.595927683636546 ], [ 569306.196248358581215, 5976669.278920110315084 ], [ 569316.242972798994742, 5976673.555239067412913 ], [ 569324.956113996449858, 5976677.647300668992102 ], [ 569326.289697239524685, 5976678.232622742652893 ], [ 569333.458834226243198, 5976677.647300669923425 ], [ 569336.336421680054627, 5976677.080151821486652 ], [ 569346.38314612058457, 5976675.100024964660406 ], [ 569356.429870561114512, 5976673.03900458663702 ], [ 569366.47659500152804, 5976670.806674150750041 ], [ 569376.523319442057982, 5976668.42330511007458 ], [ 569379.858947054250166, 5976667.595927683636546 ], [ 569386.570043882587925, 5976665.7435651589185 ], [ 569396.616768323117867, 5976663.899644104763865 ], [ 569406.66349276364781, 5976660.003980747424066 ], [ 569412.855561942444183, 5976657.544554697349668 ], [ 569416.710217204177752, 5976656.013525361195207 ], [ 569426.756941644474864, 5976652.02300120331347 ], [ 569436.803666085237637, 5976648.032477046363056 ], [ 569438.161420459160581, 5976647.493181711062789 ], [ 569446.850390525651164, 5976644.465056334622204 ], [ 569456.897114966181107, 5976643.236129000782967 ], [ 569466.943839406711049, 5976642.873974066227674 ], [ 569476.990563847124577, 5976642.511819131672382 ], [ 569487.037288287654519, 5976640.231608315370977 ], [ 569490.293469552067108, 5976637.44180872477591 ], [ 569497.084012728184462, 5976631.6238485109061 ], [ 569502.025121149374172, 5976627.390435739420354 ], [ 569507.130737168714404, 5976623.016095271334052 ], [ 569513.756821345770732, 5976617.339062753133476 ], [ 569517.177461609244347, 5976614.408347425982356 ], [ 569527.224186049774289, 5976608.664810808375478 ], [ 569530.894548364798538, 5976607.287689766846597 ], [ 569537.270910490187816, 5976605.03898457903415 ], [ 569547.317634930717759, 5976601.191990032792091 ], [ 569557.364359371247701, 5976598.75445450656116 ], [ 569565.060687447083183, 5976597.236316780559719 ], [ 569557.364359371247701, 5976596.241447170265019 ], [ 569547.317634930717759, 5976592.510585971176624 ], [ 569545.103163796826266, 5976587.18494379427284 ], [ 569547.236736947670579, 5976577.133570807985961 ], [ 569547.317634930717759, 5976576.918542796745896 ], [ 569551.018271245178767, 5976567.082197821699083 ], [ 569554.799813268240541, 5976557.030824835412204 ], [ 569557.364359371247701, 5976549.90283761639148 ], [ 569558.400030731922016, 5976546.979451849125326 ], [ 569561.589440254145302, 5976536.928078862838447 ], [ 569564.445100024691783, 5976526.876705876551569 ], [ 569567.139938229462132, 5976516.82533289026469 ], [ 569567.411083811777644, 5976515.814005111344159 ], [ 569570.521070065791719, 5976506.773959903046489 ], [ 569576.006904828478582, 5976496.722586918622255 ], [ 569577.457808252307586, 5976494.22512742690742 ], [ 569583.061110674170777, 5976486.671213932335377 ], [ 569587.504532692721114, 5976481.277373934164643 ], [ 569591.341406692517921, 5976476.619840946048498 ], [ 569597.551257133251056, 5976469.081781765446067 ], [ 569599.621714155888185, 5976466.56846795976162 ], [ 569607.597981573780999, 5976456.886187436059117 ], [ 569607.902040124638006, 5976456.517094973474741 ], [ 569616.182317637722008, 5976446.465721987187862 ], [ 569617.644706014310941, 5976444.690548995509744 ], [ 569624.462643606355414, 5976436.414349000900984 ], [ 569627.691430454840884, 5976432.35441539157182 ], [ 569632.503864805563353, 5976426.362976014614105 ], [ 569637.738154895370826, 5976419.50358703173697 ], [ 569640.173906866344623, 5976416.311603028327227 ], [ 569647.784879335667938, 5976406.33757542911917 ], [ 569647.843899987987243, 5976406.260230042040348 ], [ 569655.513942048768513, 5976396.208857055753469 ], [ 569657.831603776314296, 5976393.171607594005764 ], [ 569663.183935170294717, 5976386.157484069466591 ], [ 569667.878328216844238, 5976378.29476673156023 ], [ 569669.114390206173994, 5976376.106111084111035 ], [ 569673.621403394150548, 5976366.054738097824156 ], [ 569675.786336129298434, 5976356.003365111537278 ], [ 569677.925052657490596, 5976346.073709013871849 ], [ 569677.95126886444632, 5976345.951992126181722 ], [ 569680.116233728826046, 5976335.900619138963521 ], [ 569682.281175425858237, 5976325.849246151745319 ], [ 569684.446108161006123, 5976315.797873166389763 ], [ 569686.402687024557963, 5976305.746500180102885 ], [ 569687.971777097904123, 5976296.373364279977977 ], [ 569688.081959546427242, 5976295.695127193816006 ], [ 569689.71484708681237, 5976285.64375420846045 ], [ 569691.347734627081081, 5976275.592381221242249 ], [ 569692.980622167466208, 5976265.541008234024048 ], [ 569694.652017006301321, 5976255.489635249599814 ], [ 569696.473109997576103, 5976245.438262263312936 ], [ 569698.018501538317651, 5976237.234134213067591 ], [ 569698.373821985675022, 5976235.386889277026057 ], [ 569700.307250801939517, 5976225.335516290739179 ], [ 569702.250633559888229, 5976215.2841433044523 ], [ 569704.33237209264189, 5976205.232770318165421 ], [ 569706.513404495548457, 5976195.181397331878543 ], [ 569708.065225978847593, 5976188.310297820717096 ], [ 569708.800103898742236, 5976185.130024345591664 ], [ 569711.096621123258956, 5976175.078651359304786 ], [ 569713.35429685562849, 5976165.027278373017907 ], [ 569715.574115988332778, 5976154.975905386731029 ], [ 569717.756029252544977, 5976144.92453240044415 ], [ 569718.111950419377536, 5976143.27408622764051 ], [ 569719.923622756032273, 5976134.873159414157271 ], [ 569722.091241943300702, 5976124.821786428801715 ], [ 569724.258868799544871, 5976114.770413442514837 ], [ 569726.426488323369995, 5976104.719040456227958 ], [ 569728.158674859907478, 5976096.6868557613343 ], [ 569728.594122512033209, 5976094.66766746994108 ], [ 569730.761717858724296, 5976084.616294484585524 ], [ 569732.929353890707716, 5976074.564921497367322 ], [ 569734.984078302280977, 5976064.513548511080444 ], [ 569736.639850558945909, 5976054.462175524793565 ], [ 569738.205399300437421, 5976047.986565385013819 ], [ 569738.789761626161635, 5976044.410802538506687 ], [ 569739.345722320955247, 5976034.359429553151131 ], [ 569738.205399300437421, 5976026.003193744458258 ], [ 569737.433773761382326, 5976024.30805656593293 ], [ 569732.858394140377641, 5976014.256683580577374 ], [ 569728.283014519372955, 5976004.205310594290495 ], [ 569728.158674859907478, 5976003.93215636536479 ], [ 569723.707575854845345, 5975994.153937608003616 ], [ 569719.343522080685943, 5975984.102564621716738 ], [ 569718.111950419377536, 5975981.247893430292606 ], [ 569715.007125592906959, 5975974.051191635429859 ], [ 569710.578540442395024, 5975963.999818649142981 ], [ 569708.065225978847593, 5975958.996700886636972 ], [ 569705.568929199245758, 5975953.948445662856102 ], [ 569701.010156109696254, 5975943.897072676569223 ], [ 569698.018501538317651, 5975936.380490908399224 ], [ 569697.009636076632887, 5975933.845699690282345 ], [ 569693.00911604356952, 5975923.794326703995466 ], [ 569689.242509573814459, 5975913.742953717708588 ], [ 569687.971777097904123, 5975909.775494089350104 ], [ 569686.023038152139634, 5975903.691580731421709 ], [ 569682.803616105695255, 5975893.64020774513483 ], [ 569677.925052657374181, 5975889.680235655978322 ], [ 569673.676606576424092, 5975883.588834758847952 ], [ 569667.878328216844238, 5975878.673162620514631 ], [ 569661.820515115745366, 5975873.537461773492396 ], [ 569657.831603776314296, 5975870.155737213790417 ], [ 569649.964423655066639, 5975863.486088787205517 ], [ 569647.784879335784353, 5975861.638311805203557 ], [ 569638.108405434992164, 5975853.434715799987316 ], [ 569637.738154895370826, 5975853.120823943056166 ], [ 569627.691430454840884, 5975844.603396522812545 ], [ 569626.252316776663065, 5975843.38334281463176 ], [ 569617.644706014310941, 5975836.085971115157008 ], [ 569614.396225315984339, 5975833.331969828344882 ], [ 569607.597981573780999, 5975827.568545707501471 ], [ 569602.540133855305612, 5975823.280596842058003 ], [ 569597.551257133251056, 5975819.051120299845934 ], [ 569590.684042394626886, 5975813.229223855771124 ], [ 569587.504532692721114, 5975810.533694892190397 ], [ 569578.782863550586626, 5975803.177850870415568 ], [ 569577.457808252307586, 5975802.055383879691362 ], [ 569567.411083811777644, 5975793.629213936626911 ], [ 569566.810551358619705, 5975793.126477883197367 ], [ 569557.364359371247701, 5975785.218541738577187 ], [ 569554.803960097255185, 5975783.075104896910489 ], [ 569547.317634930717759, 5975776.807931907474995 ], [ 569542.797330386936665, 5975773.02373191062361 ], [ 569537.270910490187816, 5975768.397286643274128 ], [ 569530.790680691716261, 5975762.972358924336731 ], [ 569527.224186049774289, 5975759.98666609544307 ], [ 569518.784030996495858, 5975752.920985938981175 ], [ 569517.177461609244347, 5975751.576045547612011 ], [ 569507.130737168714404, 5975743.165424999780953 ], [ 569506.777381301159039, 5975742.869612952694297 ], [ 569497.084012728184462, 5975734.754804451018572 ], [ 569494.77073160582222, 5975732.818239966407418 ], [ 569487.037288287654519, 5975726.344141619279981 ], [ 569482.764126975671388, 5975722.76686698012054 ], [ 569476.990563847124577, 5975717.933531787246466 ], [ 569470.757510634255596, 5975712.715493993833661 ], [ 569466.943839406711049, 5975709.522877158597112 ], [ 569458.750860938918777, 5975702.664121007546782 ], [ 569456.897114966181107, 5975701.112256609834731 ], [ 569453.389434533542953, 5975702.664121007546782 ], [ 569446.850390525651164, 5975705.140051162801683 ], [ 569443.760794903500937, 5975702.664121007546782 ], [ 569436.803666085121222, 5975697.116932124830782 ], [ 569431.190135614364408, 5975692.612748021259904 ], [ 569426.756941644591279, 5975689.055681784637272 ], [ 569418.663158646435477, 5975682.561375034973025 ], [ 569416.710217204177752, 5975680.994369742460549 ], [ 569406.66349276364781, 5975672.933055348694324 ], [ 569406.136246818117797, 5975672.510002048686147 ], [ 569396.616768323117867, 5975664.871732239611447 ], [ 569393.60934853204526, 5975662.458629062399268 ], [ 569386.570043882587925, 5975656.810409129597247 ], [ 569381.081917451461777, 5975652.40725607611239 ], [ 569376.523319442057982, 5975648.749583836644888 ], [ 569368.553949343389831, 5975642.355883089825511 ], [ 569366.47659500152804, 5975640.689254254102707 ], [ 569356.429870561114512, 5975632.628980576992035 ], [ 569356.025437292642891, 5975632.304510103538632 ], [ 569346.38314612058457, 5975624.568650996312499 ], [ 569343.496974905603565, 5975622.253137118183076 ], [ 569336.336421680054627, 5975616.508377319201827 ], [ 569330.746886369306594, 5975612.20176413282752 ], [ 569326.289697239524685, 5975608.701345795765519 ], [ 569317.685948976199143, 5975602.150391146540642 ], [ 569316.242972798994742, 5975601.051705129444599 ], [ 569306.196248358581215, 5975593.402108987793326 ], [ 569304.484823680249974, 5975592.099018159322441 ], [ 569296.149523918051273, 5975585.75249807164073 ], [ 569291.283698384300806, 5975582.047645173035562 ], [ 569286.10279947752133, 5975578.102872179821134 ], [ 569278.073796191252768, 5975571.996272186748683 ], [ 569276.056075036991388, 5975570.460378822870553 ], [ 569266.009350596461445, 5975565.362034600228071 ], [ 569259.19821192859672, 5975561.944899199530482 ], [ 569255.962626155931503, 5975560.321611931547523 ], [ 569245.915901715517975, 5975555.281189264729619 ], [ 569239.163508234079927, 5975551.893526214174926 ], [ 569235.869177274988033, 5975550.240766596980393 ], [ 569226.609005903708749, 5975541.842153227888048 ], [ 569225.82245283445809, 5975540.822946239262819 ], [ 569223.637487652245909, 5975531.790780241601169 ], [ 569221.205955739715137, 5975521.739407255314291 ], [ 569218.774425483774394, 5975511.688034269027412 ], [ 569216.342903471901082, 5975501.636661282740533 ], [ 569215.775728393928148, 5975499.292099076323211 ], [ 569213.911363315302879, 5975491.585288297384977 ], [ 569211.479830750031397, 5975481.533915311098099 ], [ 569209.048301146831363, 5975471.48254232481122 ], [ 569206.616778482333757, 5975461.431169338524342 ], [ 569205.729003953398205, 5975457.76132789067924 ], [ 569204.185238978359848, 5975451.379796352237463 ], [ 569201.753705760464072, 5975441.328423365950584 ], [ 569199.322176809888333, 5975431.277050379663706 ], [ 569196.890653492766432, 5975421.225677393376827 ], [ 569195.682279512984678, 5975416.230556706897914 ], [ 569194.459114641533233, 5975411.174304407089949 ], [ 569192.923836224479601, 5975401.12293142080307 ], [ 569192.541623041266575, 5975391.071558434516191 ], [ 569192.159414841793478, 5975381.020185449160635 ], [ 569191.777195545844734, 5975370.968812462873757 ], [ 569191.394988036947325, 5975360.917439476586878 ], [ 569191.012772091431543, 5975350.8660664903 ], [ 569190.630563891958445, 5975340.814693503081799 ], [ 569190.248347358312458, 5975330.763320517726243 ], [ 569189.648036705562845, 5975320.711947531439364 ], [ 569188.51007135771215, 5975310.660574545152485 ], [ 569187.206957531627268, 5975300.609201558865607 ], [ 569185.903860450605862, 5975290.557828572578728 ], [ 569185.635555072454736, 5975288.462310338392854 ], [ 569184.615266253706068, 5975280.50645558629185 ], [ 569183.58578478929121, 5975270.455082600004971 ], [ 569182.565559003152885, 5975260.403709613718092 ], [ 569181.545346688479185, 5975250.352336628362536 ], [ 569180.52513437368907, 5975240.300963642075658 ], [ 569179.137833426124416, 5975230.249590655788779 ], [ 569175.588830631924793, 5975222.258221225813031 ], [ 569174.640571798197925, 5975220.198217669501901 ], [ 569170.013733560219407, 5975210.146844683215022 ], [ 569165.542106191394851, 5975200.432652781717479 ], [ 569165.386895322357304, 5975200.095471696928144 ], [ 569160.760057084495202, 5975190.044098710641265 ], [ 569156.133218846516684, 5975179.992725724354386 ], [ 569155.495381750864908, 5975178.607084337621927 ], [ 569151.506380608538166, 5975169.941352738067508 ], [ 569146.879542370676063, 5975159.889979751780629 ], [ 569145.448657310334966, 5975156.781515893526375 ], [ 569142.252704132697545, 5975149.838606765493751 ], [ 569137.625865894835442, 5975139.787233779206872 ], [ 569135.401932869921438, 5975134.955947449430823 ], [ 569132.99902765697334, 5975129.735860792919993 ], [ 569128.372189418994822, 5975119.684487807564437 ], [ 569125.355208429391496, 5975113.130379006266594 ], [ 569123.599947255686857, 5975109.633114821277559 ], [ 569118.016678180312738, 5975099.58174183499068 ], [ 569115.308483988861553, 5975095.219332555308938 ], [ 569105.261759548331611, 5975092.701764577999711 ], [ 569095.215035107801668, 5975089.961737730540335 ], [ 569094.774504985078238, 5975089.530368848703802 ], [ 569092.261540287872776, 5975079.478995862416923 ], [ 569091.064219768508337, 5975069.427622876130044 ], [ 569089.866877050371841, 5975059.376249890774488 ], [ 569088.669554816791788, 5975049.324876903556287 ], [ 569086.342649983358569, 5975039.273503916338086 ], [ 569085.168310667388141, 5975037.2994070276618 ], [ 569080.363347479840741, 5975029.22213093098253 ], [ 569075.121586226858199, 5975020.410615403205156 ], [ 569074.38402598479297, 5975019.170757944695652 ], [ 569068.404721976607107, 5975009.119384959340096 ], [ 569065.074861786328256, 5975003.52181701362133 ], [ 569062.425404381938279, 5974999.068011973053217 ], [ 569056.446093580569141, 5974989.016638986766338 ], [ 569055.028137345798314, 5974986.633018621243536 ], [ 569050.466782779200003, 5974978.96526600047946 ], [ 569044.981412905268371, 5974969.744220230728388 ], [ 569044.487470970139839, 5974968.913893014192581 ], [ 569038.508147970307618, 5974958.862520027905703 ], [ 569034.934688464738429, 5974952.855435702949762 ], [ 569032.528845466906205, 5974948.811147041618824 ], [ 569026.936956226592883, 5974938.759774055331945 ], [ 569024.887964024324901, 5974935.966648329049349 ], [ 569020.570219963788986, 5974928.708401069045067 ], [ 569014.841239583794959, 5974919.077859512530267 ], [ 569014.590897474670783, 5974918.657028082758188 ], [ 569010.109494593809359, 5974908.60565509647131 ], [ 569004.794515143265016, 5974902.189061121083796 ], [ 569002.632275871932507, 5974898.554282110184431 ], [ 569000.591264826827683, 5974888.502909123897552 ], [ 568994.747790702735074, 5974879.861788706853986 ], [ 568994.250645502470434, 5974878.451536139473319 ], [ 568994.747790702735074, 5974875.22405057027936 ], [ 569004.794515143265016, 5974874.278019705787301 ], [ 569014.841239583794959, 5974873.332024917006493 ], [ 569024.887964024324901, 5974872.386034099385142 ], [ 569034.934688464738429, 5974871.439999263733625 ], [ 569044.981412905268371, 5974870.493880059570074 ], [ 569055.028137345798314, 5974869.547973610460758 ], [ 569065.074861786444671, 5974868.601854406297207 ], [ 569067.217078333720565, 5974868.40016315318644 ], [ 569075.121586226858199, 5974867.655947956256568 ], [ 569085.168310667388141, 5974866.709864530712366 ], [ 569095.215035107801668, 5974865.763922302983701 ], [ 569105.261759548331611, 5974864.817803099751472 ], [ 569115.308483988861553, 5974863.871896649710834 ], [ 569125.355208429391496, 5974862.925777445547283 ], [ 569135.401932869921438, 5974861.979870996437967 ], [ 569145.448657310334966, 5974861.033751792274415 ], [ 569155.495381750864908, 5974860.0878453431651 ], [ 569165.542106191394851, 5974859.141726139932871 ], [ 569173.964090444613248, 5974858.348790165968239 ], [ 569175.588830631924793, 5974858.195819689892232 ], [ 569185.635555072454736, 5974857.249700485728681 ], [ 569195.682279512984678, 5974856.303794036619365 ], [ 569205.729003953398205, 5974855.357674832455814 ], [ 569215.775728393928148, 5974853.959909990429878 ], [ 569225.822452834574506, 5974848.538638757541776 ], [ 569226.207662200671621, 5974848.297417179681361 ], [ 569235.869177275104448, 5974842.247289342805743 ], [ 569241.406385607901029, 5974838.246044193394482 ], [ 569245.915901715517975, 5974835.041956449858844 ], [ 569254.752136373077519, 5974828.194671207107604 ], [ 569255.962626155931503, 5974827.256636259146035 ], [ 569266.009350596461445, 5974819.471189733594656 ], [ 569267.722958338446915, 5974818.143298220820725 ], [ 569276.056075036991388, 5974811.685784248635173 ], [ 569282.793787019094452, 5974808.091925234533846 ], [ 569286.10279947752133, 5974806.113581313751638 ], [ 569288.391465098015033, 5974808.091925235465169 ], [ 569296.149523918051273, 5974816.062747615389526 ], [ 569297.155306784785353, 5974818.143298220820725 ], [ 569302.014256418915465, 5974828.194671206176281 ], [ 569306.196248358581215, 5974836.845668639987707 ], [ 569306.873206052929163, 5974838.246044193394482 ], [ 569311.732255725073628, 5974848.297417179681361 ], [ 569316.242972798994742, 5974857.628425558097661 ], [ 569316.59120535897091, 5974858.348790165968239 ], [ 569321.450154993217438, 5974868.400163152255118 ], [ 569326.289697239524685, 5974878.411183306947351 ], [ 569326.309204665361904, 5974878.451536138541996 ], [ 569331.168154299375601, 5974888.502909123897552 ], [ 569336.027103933505714, 5974898.554282110184431 ], [ 569336.336421680054627, 5974899.194133161567152 ], [ 569340.886153605650179, 5974908.60565509647131 ], [ 569345.745103239663877, 5974918.657028082758188 ], [ 569346.38314612058457, 5974919.976903253234923 ], [ 569350.604052873793989, 5974928.708401069045067 ], [ 569355.463102545938455, 5974938.759774055331945 ], [ 569356.429870561114512, 5974940.759660171344876 ], [ 569360.322052180068567, 5974948.811147041618824 ], [ 569365.181014714529738, 5974958.862520027905703 ], [ 569366.47659500152804, 5974961.542568853124976 ], [ 569370.040051486110315, 5974968.913893014192581 ], [ 569374.899001120240428, 5974978.965266001410782 ], [ 569376.523319442057982, 5974982.325380949303508 ], [ 569379.75795075437054, 5974989.016638986766338 ], [ 569384.617000426515006, 5974999.068011973053217 ], [ 569386.570043882587925, 5975003.108137867413461 ], [ 569387.715834701084532, 5974999.068011973053217 ], [ 569387.36337342869956, 5974989.016638986766338 ], [ 569386.661866114707664, 5974978.96526600047946 ], [ 569386.570043882587925, 5974977.349650313146412 ], [ 569377.650379303959198, 5974968.913893014192581 ], [ 569377.42104192613624, 5974958.862520028837025 ], [ 569376.523319442057982, 5974955.558426911011338 ], [ 569368.58573690673802, 5974948.811147041618824 ], [ 569367.600398153881542, 5974938.759774054400623 ], [ 569366.523386118351482, 5974928.708401069045067 ], [ 569366.47659500152804, 5974927.928955805487931 ], [ 569357.96374760242179, 5974918.657028081826866 ], [ 569356.57434470532462, 5974908.605655097402632 ], [ 569356.429870561114512, 5974905.259841466322541 ], [ 569348.889742414932698, 5974898.554282110184431 ], [ 569347.764607744640671, 5974888.50290912296623 ], [ 569346.38314612058457, 5974880.109362574294209 ], [ 569344.066462805494666, 5974878.451536138541996 ], [ 569338.156403172528371, 5974868.400163151323795 ], [ 569336.516094923135825, 5974858.348790165968239 ], [ 569336.336421680054627, 5974855.017959003336728 ], [ 569329.013273398391902, 5974848.297417179681361 ], [ 569327.877675699302927, 5974838.246044193394482 ], [ 569326.289697239524685, 5974831.828693479299545 ], [ 569321.910295537905768, 5974828.194671207107604 ], [ 569318.275133094401099, 5974818.143298219889402 ], [ 569316.402157947886735, 5974808.091925234533846 ], [ 569316.242972798994742, 5974805.41008460894227 ], [ 569309.056499615544453, 5974798.040552248246968 ], [ 569307.953451785375364, 5974787.989179261960089 ], [ 569306.196248358581215, 5974782.417002127505839 ], [ 569301.098357614013366, 5974777.937806274741888 ], [ 569298.345306037808768, 5974767.886433289386332 ], [ 569296.235185726778582, 5974757.835060304030776 ], [ 569296.149523918051273, 5974756.402539673261344 ], [ 569289.582858594600111, 5974747.783687317743897 ], [ 569287.688792356872, 5974737.732314331457019 ], [ 569286.10279947752133, 5974733.17420912347734 ], [ 569281.019699732307345, 5974727.68094134517014 ], [ 569277.732417741324753, 5974717.629568359814584 ], [ 569276.067111880867742, 5974707.578195372596383 ], [ 569276.056075037107803, 5974707.394998910836875 ], [ 569267.851457505486906, 5974697.526822386309505 ], [ 569266.468807441880926, 5974687.475449400022626 ], [ 569266.009350596461445, 5974685.981277422979474 ], [ 569258.207966473768465, 5974677.424076413735747 ], [ 569256.160959676257335, 5974667.372703427448869 ], [ 569255.962626155931503, 5974665.09415805246681 ], [ 569250.600544448825531, 5974657.32133044116199 ], [ 569245.915901715517975, 5974649.896976927295327 ], [ 569244.154565065400675, 5974647.269957454875112 ], [ 569237.415425211307593, 5974637.218584468588233 ], [ 569235.869177274988033, 5974634.91236808616668 ], [ 569230.67628535721451, 5974627.167211483232677 ], [ 569225.82245283445809, 5974619.927759245038033 ], [ 569223.937161189853214, 5974617.115838496945798 ], [ 569217.198077408829704, 5974607.06446551065892 ], [ 569215.775728393928148, 5974604.943052036687732 ], [ 569210.458910033921711, 5974597.013092524372041 ], [ 569205.729003953398205, 5974589.958416881039739 ], [ 569203.719809535425156, 5974586.961719538085163 ], [ 569196.980658878223039, 5974576.910346550866961 ], [ 569195.682279512984678, 5974574.973808038979769 ], [ 569190.241529827355407, 5974566.858973564580083 ], [ 569185.635555072454736, 5974559.989199197851121 ], [ 569183.502389973262325, 5974556.807600579224527 ], [ 569176.763250119285658, 5974546.756227592937648 ], [ 569175.588830631924793, 5974545.004590355791152 ], [ 569171.447047109133564, 5974536.70485460665077 ], [ 569166.640135441208258, 5974526.653481620363891 ], [ 569165.542106191394851, 5974524.291222577914596 ], [ 569155.495381750864908, 5974517.146467360667884 ], [ 569153.386309530818835, 5974516.60210863314569 ], [ 569145.448657310334966, 5974514.553373549133539 ], [ 569135.401932869921438, 5974511.960279736667871 ], [ 569125.963661820162088, 5974506.550735648721457 ], [ 569125.355208429391496, 5974505.783566815778613 ], [ 569120.353201280115172, 5974496.499362662434578 ], [ 569115.308483988861553, 5974487.135544067248702 ], [ 569114.93806699605193, 5974486.447989676147699 ], [ 569109.52281936747022, 5974476.396616689860821 ], [ 569105.261759548331611, 5974468.487549202516675 ], [ 569104.107601606869139, 5974466.345243703573942 ], [ 569098.692467322805896, 5974456.293870717287064 ], [ 569095.215035107801668, 5974449.839189006015658 ], [ 569093.277295077336021, 5974446.242497731000185 ], [ 569087.862054705736227, 5974436.191124745644629 ], [ 569085.168310667388141, 5974431.191194141283631 ], [ 569082.446867649676278, 5974426.139751758426428 ], [ 569077.018801437923685, 5974416.088378772139549 ], [ 569075.121586226858199, 5974412.735482386313379 ], [ 569071.056766336783767, 5974406.037005785852671 ], [ 569065.074861786328256, 5974402.588268140330911 ], [ 569056.485543800867163, 5974406.037005785852671 ], [ 569055.028137345798314, 5974406.585158699192107 ], [ 569044.981412905268371, 5974410.999667108058929 ], [ 569034.934688464738429, 5974415.187884818762541 ], [ 569031.873180165654048, 5974416.088378772139549 ], [ 569024.887964024324901, 5974418.058212778531015 ], [ 569014.841239583794959, 5974420.638867098838091 ], [ 569004.794515143265016, 5974422.947638022713363 ], [ 568994.747790702735074, 5974425.25624256208539 ], [ 568990.903159196604975, 5974426.139751758426428 ], [ 568984.701066262205131, 5974427.565013486891985 ], [ 568974.654341821791604, 5974429.87378441169858 ], [ 568964.607617381261662, 5974432.182388950139284 ], [ 568954.560892940731719, 5974434.491159874945879 ], [ 568947.163416462717578, 5974436.191124744713306 ], [ 568944.514168500201777, 5974436.799930799752474 ], [ 568934.467444059671834, 5974439.108701723627746 ], [ 568924.420719619141892, 5974441.417306262999773 ], [ 568914.373995178728364, 5974443.726077187806368 ], [ 568904.327270738198422, 5974446.03484811168164 ], [ 568903.423673728830181, 5974446.242497731000185 ], [ 568894.280546297668479, 5974448.343619036488235 ], [ 568884.233821857138537, 5974450.652223574928939 ], [ 568874.18709741672501, 5974452.960994500666857 ], [ 568864.140372976195067, 5974455.269765423610806 ], [ 568859.683609809959307, 5974456.293870717287064 ], [ 568854.093648535665125, 5974457.578391226008534 ], [ 568844.046924095135182, 5974459.887140888720751 ], [ 568834.00019965460524, 5974462.195911812596023 ], [ 568823.953475214075297, 5974464.504682736471295 ], [ 568815.943611015100032, 5974466.345243703573942 ], [ 568813.906750773545355, 5974466.813287275843322 ], [ 568803.860026333131827, 5974473.065348118543625 ], [ 568799.556693744496442, 5974476.396616689860821 ], [ 568793.813301892601885, 5974480.842654818668962 ], [ 568786.572330578695983, 5974486.447989676147699 ], [ 568783.766577452071942, 5974488.619961518794298 ], [ 568773.719853011542, 5974496.39726821705699 ], [ 568773.587967412895523, 5974496.499362662434578 ], [ 568763.673128571012057, 5974504.174696351401508 ], [ 568760.603809676365927, 5974506.550735648721457 ], [ 568753.62640413059853, 5974511.952040642499924 ], [ 568747.518789382884279, 5974516.602108634077013 ], [ 568743.579679690068588, 5974519.57973768748343 ], [ 568734.172135728527792, 5974526.653481620363891 ], [ 568733.532955249538645, 5974527.13409580104053 ], [ 568723.486230809008703, 5974534.688611804507673 ], [ 568720.804780507925898, 5974536.704854605719447 ], [ 568713.43950636847876, 5974542.242969918996096 ], [ 568707.432318757171743, 5974546.756227592937648 ], [ 568703.392781927948818, 5974549.761710856109858 ], [ 568693.34605748753529, 5974556.753656771965325 ], [ 568693.26854686695151, 5974556.807600579224527 ], [ 568683.299333047005348, 5974563.745604367926717 ], [ 568678.82573456177488, 5974566.858973565511405 ], [ 568673.252608606475405, 5974570.737551122903824 ], [ 568664.382922256714664, 5974576.910346551798284 ], [ 568663.205884165945463, 5974577.729497878812253 ], [ 568653.15915972541552, 5974584.721444635652006 ], [ 568649.940109951654449, 5974586.961719538085163 ], [ 568643.112435285001993, 5974592.042493727989495 ], [ 568636.741545568802394, 5974597.013092524372041 ], [ 568633.065710844472051, 5974600.110517383553088 ], [ 568624.813013727078214, 5974607.06446551065892 ], [ 568623.018986403942108, 5974608.576161962002516 ], [ 568617.128432051977143, 5974617.115838496945798 ], [ 568612.972261963412166, 5974622.813500432297587 ], [ 568610.92105304193683, 5974627.167211483232677 ], [ 568606.185419614193961, 5974637.218584468588233 ], [ 568602.925537522882223, 5974644.137771577574313 ], [ 568601.449838391388766, 5974647.269957454875112 ], [ 568596.714200355461799, 5974657.32133044116199 ], [ 568592.878813082352281, 5974665.461904434487224 ], [ 568591.978550503496081, 5974667.372703428380191 ], [ 568587.242981096729636, 5974677.424076413735747 ], [ 568582.832088641938753, 5974686.786154830828309 ], [ 568582.507331244763918, 5974687.475449400022626 ], [ 568577.771761838113889, 5974697.526822386309505 ], [ 568573.036111986148171, 5974707.578195372596383 ], [ 568572.785364201408811, 5974708.110414266586304 ], [ 568566.18447928794194, 5974717.629568358883262 ], [ 568562.738639760878868, 5974721.891173616051674 ], [ 568558.048926905961707, 5974727.68094134517014 ], [ 568552.691915320348926, 5974734.294534494169056 ], [ 568549.907313062110916, 5974737.732314331457019 ], [ 568542.645190879818983, 5974746.697895372286439 ], [ 568541.765699217910878, 5974747.783687317743897 ], [ 568533.624085374060087, 5974757.835060304030776 ], [ 568532.598466439405456, 5974759.101256251335144 ], [ 568525.482471529976465, 5974767.886433289386332 ], [ 568522.551741998875514, 5974771.504617128521204 ], [ 568517.340857685892843, 5974777.937806275673211 ], [ 568512.505017558345571, 5974783.907978007569909 ], [ 568509.199243841925636, 5974787.989179262891412 ], [ 568502.458293117815629, 5974796.311338885687292 ], [ 568501.057629997725599, 5974798.040552248246968 ], [ 568492.916016153758392, 5974808.091925234533846 ], [ 568492.411568677285686, 5974808.714699765667319 ], [ 568484.774402309791185, 5974818.143298220820725 ], [ 568482.364844236872159, 5974821.118060643784702 ], [ 568476.632788465707563, 5974828.194671207107604 ], [ 568472.318119796342216, 5974833.521421521902084 ], [ 568468.491174621740356, 5974838.246044193394482 ], [ 568462.271395355812274, 5974845.924782400950789 ], [ 568460.349560777656734, 5974848.297417179681361 ], [ 568452.224670915282331, 5974858.328143279068172 ], [ 568452.207946933573112, 5974858.348790165968239 ], [ 568444.06633308948949, 5974868.400163152255118 ], [ 568442.177946474752389, 5974870.731504158116877 ], [ 568435.924719245522283, 5974878.451536138541996 ], [ 568432.131222034222446, 5974883.13486503623426 ], [ 568427.783105401555076, 5974888.502909123897552 ], [ 568422.084497593808919, 5974895.53822591342032 ], [ 568419.641491557471454, 5974898.554282110184431 ], [ 568412.037773153278977, 5974907.941586792469025 ], [ 568411.499877713387832, 5974908.60565509647131 ], [ 568403.358263869420625, 5974918.657028082758188 ], [ 568401.991048712749034, 5974920.34494767151773 ], [ 568395.216650025337003, 5974928.708401069045067 ], [ 568391.944324272219092, 5974932.748308550566435 ], [ 568387.075036181253381, 5974938.759774055331945 ], [ 568381.897599831689149, 5974945.151669428683817 ], [ 568378.933422337286174, 5974948.811147041618824 ], [ 568371.850875391275622, 5974957.638881048187613 ], [ 568370.861526676220819, 5974958.862520027905703 ], [ 568363.167101394268684, 5974968.913893014192581 ], [ 568361.804150950745679, 5974970.699204885400832 ], [ 568355.493639131076634, 5974978.96526600047946 ], [ 568351.757426510215737, 5974983.859284544363618 ], [ 568347.820129031781107, 5974989.016638986766338 ], [ 568341.710702069685794, 5974997.019331614486873 ], [ 568340.146695602918044, 5974999.068011973053217 ], [ 568332.47326217405498, 5975009.119384959340096 ], [ 568331.663977629155852, 5975010.179460724815726 ], [ 568324.799828745191917, 5975019.170757944695652 ], [ 568321.617253188625909, 5975023.410334873944521 ], [ 568317.198118765605614, 5975029.22213093098253 ], [ 568311.570528748212382, 5975036.94023425783962 ], [ 568309.865867314278148, 5975039.273503917269409 ], [ 568302.542389068519697, 5975049.324876903556287 ], [ 568301.52380430768244, 5975050.722870453260839 ], [ 568295.21891082264483, 5975059.376249889843166 ], [ 568291.477079867152497, 5975064.511861320585012 ], [ 568287.895476741250604, 5975069.427622876130044 ], [ 568281.430355426622555, 5975078.301022216677666 ], [ 568280.572078216355294, 5975079.478995862416923 ], [ 568273.248599970480427, 5975089.530368848703802 ], [ 568271.383630986092612, 5975092.090013083070517 ], [ 568265.925121724721976, 5975099.58174183499068 ], [ 568261.336906545679085, 5975105.879003949463367 ], [ 568258.601643478963524, 5975109.633114821277559 ], [ 568251.290182105149142, 5975119.667994816787541 ], [ 568251.278165381285362, 5975119.684487807564437 ], [ 568243.794956399127841, 5975129.735860792919993 ], [ 568241.2434576646192, 5975132.84089756757021 ], [ 568235.535451820585877, 5975139.787233779206872 ], [ 568231.196733223972842, 5975145.067221032455564 ], [ 568227.275899648899212, 5975149.838606765493751 ], [ 568221.150008783559315, 5975157.293396088294685 ], [ 568219.016320710768923, 5975159.889979751780629 ], [ 568211.103284343029372, 5975169.519719554111362 ], [ 568210.756816132343374, 5975169.941352738067508 ], [ 568202.497311553917825, 5975179.992725724354386 ], [ 568201.056559902615845, 5975181.746017131954432 ], [ 568194.237685022642836, 5975190.044098710641265 ], [ 568191.009835462085903, 5975193.972218075767159 ], [ 568185.978180444100872, 5975200.095471696928144 ], [ 568185.879406491760164, 5975210.146844683215022 ], [ 568191.009835462085903, 5975214.164876973256469 ], [ 568198.713513197260909, 5975220.198217669501901 ], [ 568201.056559902615845, 5975222.033237192779779 ], [ 568211.103284343029372, 5975229.901597411371768 ], [ 568211.547619902528822, 5975230.249590655788779 ], [ 568221.150008783559315, 5975237.769957629032433 ], [ 568224.381763266283087, 5975240.300963642075658 ], [ 568231.196733224089257, 5975245.638228595256805 ], [ 568237.215947274817154, 5975250.352336628362536 ], [ 568241.2434576646192, 5975253.506588814780116 ], [ 568250.050053980201483, 5975260.403709613718092 ], [ 568251.290182105149142, 5975261.374949032440782 ], [ 568261.336906545679085, 5975269.243309250101447 ], [ 568262.884160685702227, 5975270.455082600004971 ], [ 568271.383630986092612, 5975277.111669469624758 ], [ 568275.718267390970141, 5975280.50645558629185 ], [ 568281.430355426622555, 5975284.980029687285423 ], [ 568288.55237409635447, 5975290.557828573510051 ], [ 568291.477079867152497, 5975292.848369567655027 ], [ 568301.386594763374887, 5975300.609201559796929 ], [ 568301.52380430768244, 5975300.716660873964429 ], [ 568311.570528748212382, 5975308.585021091625094 ], [ 568314.220701468642801, 5975310.660574545152485 ], [ 568321.617253188625909, 5975316.453381311148405 ], [ 568327.05480817402713, 5975320.711947531439364 ], [ 568331.663977629155852, 5975324.321741528809071 ], [ 568339.888914879411459, 5975330.763320518657565 ], [ 568341.710702069685794, 5975332.190101747401059 ], [ 568351.757426510215737, 5975340.058461966924369 ], [ 568352.723021584795788, 5975340.814693504013121 ], [ 568361.804150950745679, 5975347.926759032532573 ], [ 568365.55724225169979, 5975350.8660664903 ], [ 568371.850875391275622, 5975355.79509315174073 ], [ 568378.391348957084119, 5975360.917439475655556 ], [ 568381.897599831689149, 5975363.663453370332718 ], [ 568391.225455662468448, 5975370.968812462873757 ], [ 568391.944324272219092, 5975371.531813588924706 ], [ 568401.991048712749034, 5975379.400173807516694 ], [ 568404.059562367852777, 5975381.020185449160635 ], [ 568412.037773153278977, 5975387.26853402517736 ], [ 568416.893669073237106, 5975391.071558434516191 ], [ 568422.084497593808919, 5975395.136894242838025 ], [ 568429.727862478350289, 5975401.12293142080307 ], [ 568432.131222034222446, 5975403.00516520999372 ], [ 568442.177946474752389, 5975410.873525428585708 ], [ 568442.561996445409022, 5975411.174304407089949 ], [ 568452.224670915282331, 5975418.741885647177696 ], [ 568455.396103150909767, 5975421.225677393376827 ], [ 568462.271395355812274, 5975426.610245865769684 ], [ 568468.230209856294096, 5975431.277050379663706 ], [ 568472.318119796342216, 5975434.478606084361672 ], [ 568477.396736883558333, 5975441.328423365950584 ], [ 568480.516280535142869, 5975451.379796352237463 ], [ 568481.947653892333619, 5975461.431169339455664 ], [ 568482.364844236872159, 5975464.635302538052201 ], [ 568483.256380932871252, 5975471.48254232481122 ], [ 568484.565148394904099, 5975481.533915311098099 ], [ 568485.873875435558148, 5975491.585288297384977 ], [ 568492.411568677285686, 5975499.205002874135971 ], [ 568498.385437486693263, 5975501.636661283671856 ], [ 568502.458293117815629, 5975504.144409219734371 ], [ 568507.581302753766067, 5975511.688034268096089 ], [ 568512.505017558345571, 5975516.76061337441206 ], [ 568522.551741998875514, 5975516.965461300686002 ], [ 568532.598466439405456, 5975517.170333923771977 ], [ 568542.645190879818983, 5975517.375206546857953 ], [ 568552.691915320348926, 5975517.580079170875251 ], [ 568562.738639760878868, 5975517.784921551123261 ], [ 568572.785364201408811, 5975517.989793157204986 ], [ 568582.832088641938753, 5975518.194647179916501 ], [ 568592.878813082352281, 5975518.399519803933799 ], [ 568602.925537522882223, 5975518.604392427019775 ], [ 568604.984351308550686, 5975521.739407255314291 ], [ 568602.925537522882223, 5975524.144077258184552 ], [ 568597.699533531442285, 5975531.790780241601169 ], [ 568592.878813082352281, 5975537.237317685037851 ], [ 568588.803081464138813, 5975541.842153227888048 ], [ 568582.832088641938753, 5975548.588289272040129 ], [ 568579.906629396835342, 5975551.893526214174926 ], [ 568572.785364201408811, 5975559.939260859042406 ], [ 568571.010177329531871, 5975561.944899200461805 ], [ 568562.738639760878868, 5975571.290232446044683 ], [ 568562.1137252622284, 5975571.996272186748683 ], [ 568553.217273194808513, 5975582.047645173035562 ], [ 568552.691915320348926, 5975582.641204033046961 ], [ 568544.320821127621457, 5975592.099018159322441 ], [ 568542.645190879818983, 5975593.992175620049238 ], [ 568535.424369060317986, 5975602.150391145609319 ], [ 568532.598466439405456, 5975605.343147207051516 ], [ 568526.527916993014514, 5975612.201764131896198 ], [ 568522.551741998875514, 5975616.694118794053793 ], [ 568517.631464925711043, 5975622.253137117251754 ], [ 568512.505017558345571, 5975628.04509038105607 ], [ 568508.735012858407572, 5975632.304510103538632 ], [ 568502.458293117815629, 5975639.396061967127025 ], [ 568499.819337630528025, 5975642.355883089825511 ], [ 568498.492115443805233, 5975652.40725607611239 ], [ 568501.956126432167366, 5975662.458629063330591 ], [ 568502.458293117815629, 5975663.915741907432675 ], [ 568505.420139115303755, 5975672.510002048686147 ], [ 568508.884144840878434, 5975682.561375034973025 ], [ 568512.348145833006129, 5975692.612748021259904 ], [ 568512.505017558345571, 5975693.067935906350613 ], [ 568515.812163249589503, 5975702.664121007546782 ], [ 568519.276169504504651, 5975712.715493993833661 ], [ 568522.551741998875514, 5975722.220080710947514 ], [ 568522.740181658184156, 5975722.76686698012054 ], [ 568526.204193176003173, 5975732.818239966407418 ], [ 568529.668205011752434, 5975742.869612952694297 ], [ 568532.598466439405456, 5975751.37222551740706 ], [ 568533.132216847501695, 5975752.920985938981175 ], [ 568536.596228683134541, 5975762.972358924336731 ], [ 568540.035308832419105, 5975773.02373191062361 ], [ 568532.598466439405456, 5975775.062487367540598 ], [ 568522.551741998875514, 5975774.688735019415617 ], [ 568514.028834869153798, 5975773.02373191062361 ], [ 568512.505017558345571, 5975771.834572994150221 ], [ 568502.458293117815629, 5975767.180005054920912 ], [ 568492.411568677285686, 5975765.972325082868338 ], [ 568482.364844236872159, 5975764.380737100727856 ], [ 568478.790149537613615, 5975762.972358924336731 ], [ 568472.318119796342216, 5975759.404416281729937 ], [ 568462.271395355812274, 5975761.631134888157248 ], [ 568459.078670508693904, 5975762.972358924336731 ], [ 568458.411940321326256, 5975773.023731911554933 ], [ 568462.271395355812274, 5975780.499279893934727 ], [ 568463.601234088186175, 5975783.075104896910489 ], [ 568468.790529867634177, 5975793.126477883197367 ], [ 568472.318119796342216, 5975799.959221766330302 ], [ 568473.979824640671723, 5975803.177850869484246 ], [ 568478.045521042775363, 5975813.229223855771124 ], [ 568482.364844236872159, 5975819.419163637794554 ], [ 568484.358414186979644, 5975823.280596842058003 ], [ 568485.867456165724434, 5975833.331969828344882 ], [ 568492.411568677285686, 5975842.608663928695023 ], [ 568492.713402135763317, 5975843.38334281463176 ], [ 568492.411568677285686, 5975845.658826516009867 ], [ 568482.364844236872159, 5975844.188983639702201 ], [ 568472.318119796342216, 5975847.038617947138846 ], [ 568462.271395355812274, 5975850.652707237750292 ], [ 568454.537753164884634, 5975853.434715800918639 ], [ 568452.224670915282331, 5975854.266796528361738 ], [ 568442.177946474752389, 5975857.880885818973184 ], [ 568432.131222034222446, 5975861.494950007647276 ], [ 568426.596170510398224, 5975863.486088787205517 ], [ 568422.084497593808919, 5975865.109064402058721 ], [ 568412.037773153278977, 5975868.723092993721366 ], [ 568401.991048712749034, 5975872.33722785115242 ], [ 568398.654470861074515, 5975873.537461773492396 ], [ 568391.944324272219092, 5975875.951235979795456 ], [ 568381.897599831689149, 5975879.989856719039381 ], [ 568378.122811177745461, 5975873.537461773492396 ], [ 568371.850875391275622, 5975864.991298811510205 ], [ 568371.390792244346812, 5975863.486088787205517 ], [ 568368.318505464587361, 5975853.434715800918639 ], [ 568365.24618891091086, 5975843.38334281463176 ], [ 568362.173902411712334, 5975833.331969829276204 ], [ 568361.804150950745679, 5975832.122289340943098 ], [ 568358.541749997064471, 5975823.280596842058003 ], [ 568353.61102055083029, 5975813.229223855771124 ], [ 568351.757426510099322, 5975809.972356460057199 ], [ 568348.301252877572551, 5975803.177850869484246 ], [ 568345.926329600391909, 5975793.126477883197367 ], [ 568343.690932308789343, 5975783.075104896910489 ], [ 568341.710702069685794, 5975774.171226716600358 ], [ 568341.088877235306427, 5975773.02373191062361 ], [ 568331.663977629039437, 5975769.520241088233888 ], [ 568321.617253188625909, 5975767.054105833172798 ], [ 568311.570528748212382, 5975764.587965221144259 ], [ 568304.988819279125892, 5975762.972358924336731 ], [ 568301.52380430768244, 5975761.894128718413413 ], [ 568291.477079867152497, 5975758.374506403692067 ], [ 568281.430355426622555, 5975754.12828201148659 ], [ 568278.908187908120453, 5975752.920985938981175 ], [ 568271.383630986092612, 5975748.904221694916487 ], [ 568261.33690654556267, 5975743.541072219610214 ], [ 568260.079069846891798, 5975742.869612952694297 ], [ 568251.290182105149142, 5975738.177922744303942 ], [ 568241.249951785546727, 5975732.818239966407418 ], [ 568241.2434576646192, 5975732.814773269928992 ], [ 568231.196733224089257, 5975727.451623795554042 ], [ 568226.46823866921477, 5975722.76686698012054 ], [ 568221.150008783559315, 5975721.510687544941902 ], [ 568217.54102301155217, 5975722.76686698012054 ], [ 568211.103284343029372, 5975726.305680184625089 ], [ 568201.056559902615845, 5975728.504626496694982 ], [ 568191.009835462085903, 5975732.001589198596776 ], [ 568188.66361843328923, 5975732.818239966407418 ], [ 568180.96311102155596, 5975735.498565449379385 ], [ 568170.916386581026018, 5975738.995536478236318 ], [ 568160.869662140496075, 5975742.492504401132464 ], [ 568159.786234600003809, 5975742.869612953625619 ], [ 568150.822937700082548, 5975745.989471308887005 ], [ 568140.77621325943619, 5975749.486443353816867 ], [ 568130.908820931217633, 5975752.920985938981175 ], [ 568130.729488819022663, 5975752.983406139537692 ], [ 568120.68276437849272, 5975756.480382305569947 ], [ 568110.636039937962778, 5975759.977354518137872 ], [ 568102.031446188339032, 5975762.972358925268054 ], [ 568100.589315497432835, 5975763.474321256391704 ], [ 568090.542591057019308, 5975766.971289349719882 ], [ 568080.495866616489366, 5975770.468260209076107 ], [ 568073.173013637773693, 5975773.023731911554933 ], [ 568070.449142175959423, 5975777.644824936054647 ], [ 568068.712056341464631, 5975783.075104896910489 ], [ 568065.496713453903794, 5975793.126477883197367 ], [ 568062.281374507001601, 5975803.177850869484246 ], [ 568060.402417735429481, 5975809.051619281992316 ], [ 568059.066048749140464, 5975813.229223855771124 ], [ 568060.402417735429481, 5975817.394191517494619 ], [ 568068.206234733574092, 5975823.280596842989326 ], [ 568070.449142176075839, 5975823.810573576949537 ], [ 568080.495866616489366, 5975826.184514700435102 ], [ 568090.542591057019308, 5975828.558455822989345 ], [ 568100.589315497432835, 5975830.93239694647491 ], [ 568110.636039937962778, 5975833.306338121183217 ], [ 568110.661889072041959, 5975833.331969828344882 ], [ 568120.68276437849272, 5975842.524675160646439 ], [ 568121.230022355099209, 5975843.38334281463176 ], [ 568127.636102766497061, 5975853.434715801849961 ], [ 568130.729488819139078, 5975858.288350943475962 ], [ 568134.598987603443675, 5975863.486088787205517 ], [ 568140.776213259552605, 5975869.506302665919065 ], [ 568148.148513123393059, 5975873.537461772561073 ], [ 568150.822937700082548, 5975874.999829878099263 ], [ 568160.869662140496075, 5975880.493351550772786 ], [ 568166.530778752756305, 5975883.588834758847952 ], [ 568170.916386581026018, 5975886.12013737950474 ], [ 568179.781063598347828, 5975893.64020774513483 ], [ 568176.342139741987921, 5975903.691580731421709 ], [ 568172.903217261889949, 5975913.742953717708588 ], [ 568170.916386581026018, 5975919.550127983093262 ], [ 568160.869662140496075, 5975916.099264645949006 ], [ 568150.822937700082548, 5975917.712825875729322 ], [ 568140.776213259552605, 5975919.082348173484206 ], [ 568135.833552960772067, 5975913.742953717708588 ], [ 568130.729488819022663, 5975909.510553951375186 ], [ 568120.682764378376305, 5975910.402686309069395 ], [ 568114.358506847405806, 5975903.691580731421709 ], [ 568110.636039938079193, 5975899.731438171118498 ], [ 568100.589315497432835, 5975900.236665186472237 ], [ 568093.240277037024498, 5975893.64020774513483 ], [ 568090.542591057019308, 5975890.675788956694305 ], [ 568080.495866616489366, 5975891.381692640483379 ], [ 568070.449142175959423, 5975892.168394348584116 ], [ 568060.474214501678944, 5975883.588834758847952 ], [ 568060.402417735429481, 5975883.506506788544357 ], [ 568059.725073355482891, 5975883.588834758847952 ], [ 568054.305443947203457, 5975893.64020774513483 ], [ 568050.355693294899538, 5975900.965508797205985 ], [ 568048.885814538924024, 5975903.691580731421709 ], [ 568043.46621751470957, 5975913.742953717708588 ], [ 568040.308968854486011, 5975919.598461817018688 ], [ 568038.046588106430136, 5975923.794326703995466 ], [ 568040.308968854486011, 5975925.06999909132719 ], [ 568050.355693294899538, 5975927.859920678660274 ], [ 568060.402417735429481, 5975929.072926113381982 ], [ 568070.449142175959423, 5975930.28594046831131 ], [ 568080.495866616489366, 5975931.49895482417196 ], [ 568090.542591057019308, 5975932.711955890059471 ], [ 568099.932775497436523, 5975933.845699690282345 ], [ 568100.589315497432835, 5975933.924968554638326 ], [ 568110.636039937962778, 5975935.441366283223033 ], [ 568120.68276437849272, 5975940.78377281408757 ], [ 568126.537498092278838, 5975943.897072676569223 ], [ 568130.729488819022663, 5975946.126192396506667 ], [ 568140.776213259552605, 5975951.468602647073567 ], [ 568145.439710747683421, 5975953.948445662856102 ], [ 568150.822937700198963, 5975958.659233294427395 ], [ 568154.571793546434492, 5975963.999818649142981 ], [ 568153.937824313645251, 5975974.051191635429859 ], [ 568156.704198859049939, 5975984.102564621716738 ], [ 568159.470573404571041, 5975994.153937608003616 ], [ 568160.869662140496075, 5975999.237400636076927 ], [ 568162.236947950092144, 5976004.205310594290495 ], [ 568165.003322495613247, 5976014.256683579646051 ], [ 568167.76969704113435, 5976024.30805656593293 ], [ 568170.497597961686552, 5976034.359429552219808 ], [ 568169.938722107093781, 5976044.410802538506687 ], [ 568168.326688473345712, 5976054.462175523862243 ], [ 568166.714654839597642, 5976064.513548512011766 ], [ 568165.102621205965988, 5976074.564921497367322 ], [ 568163.490558250807226, 5976084.616294484585524 ], [ 568161.878524617059156, 5976094.66766746994108 ], [ 568160.869662140496075, 5976096.899252060800791 ], [ 568156.958004621556029, 5976104.719040456227958 ], [ 568151.741861488088034, 5976114.770413443446159 ], [ 568150.822937700082548, 5976115.547406036406755 ], [ 568140.776213259552605, 5976118.908243821933866 ], [ 568130.729488819022663, 5976122.269129006192088 ], [ 568123.098699313472025, 5976124.821786428801715 ], [ 568120.68276437849272, 5976125.629966793581843 ], [ 568110.636039937962778, 5976128.990851977840066 ], [ 568100.589315497549251, 5976132.351725270971656 ], [ 568093.051898880512454, 5976134.873159414157271 ], [ 568090.542591057019308, 5976135.712574947625399 ], [ 568080.495866616489366, 5976139.073460131883621 ], [ 568070.449142175959423, 5976142.390977648086846 ], [ 568063.005061742383987, 5976144.92453240044415 ], [ 568060.402417735429481, 5976147.572293405421078 ], [ 568053.750147490529343, 5976154.975905386731029 ], [ 568050.355693294899538, 5976158.221315559931099 ], [ 568042.473454579943791, 5976165.027278373017907 ], [ 568040.308968854486011, 5976167.344098355621099 ], [ 568030.262244413956068, 5976172.8172965683043 ], [ 568026.382476344588213, 5976175.078651359304786 ], [ 568020.215519973426126, 5976178.630790973082185 ], [ 568010.168795532896183, 5976184.5716358050704 ], [ 568009.257183095207438, 5976185.130024345591664 ], [ 568000.122071092366241, 5976190.725469838827848 ], [ 567992.847483107936569, 5976195.181397331878543 ], [ 567991.562009000917897, 5976205.232770318165421 ], [ 567997.481032846611924, 5976215.2841433044523 ], [ 568000.122071092366241, 5976220.08394662104547 ], [ 568002.648348011192866, 5976225.335516290739179 ], [ 568004.425758545403369, 5976235.386889277026057 ], [ 568007.586734730168246, 5976245.438262263312936 ], [ 568010.168795532896183, 5976253.240001080557704 ], [ 568010.998971506603993, 5976255.489635249599814 ], [ 568016.336216743453406, 5976265.54100823495537 ], [ 568018.621384882368147, 5976275.592381221242249 ], [ 568020.215519973426126, 5976281.317177709192038 ], [ 568021.380612218170427, 5976285.643754207529128 ], [ 568024.995411899057217, 5976295.695127193816006 ], [ 568028.618541192612611, 5976305.746500179171562 ], [ 568030.262244414072484, 5976310.291155925020576 ], [ 568032.256259568035603, 5976315.797873166389763 ], [ 568035.98911929060705, 5976325.849246152676642 ], [ 568039.769323924090713, 5976335.900619138963521 ], [ 568040.308968854486011, 5976337.335534707643092 ], [ 568043.549417241243646, 5976345.951992125250399 ], [ 568047.329628573497757, 5976356.003365111537278 ], [ 568050.355693294899538, 5976364.049503943882883 ], [ 568051.109839905868284, 5976366.054738097824156 ], [ 568054.889926524134353, 5976376.106111084111035 ], [ 568058.69135002209805, 5976386.157484069466591 ], [ 568060.402417735429481, 5976390.572745009325445 ], [ 568062.636828078888357, 5976396.208857055753469 ], [ 568066.621520129498094, 5976406.260230042040348 ], [ 568070.449142175959423, 5976415.913225441239774 ], [ 568070.607119597727433, 5976416.311603028327227 ], [ 568074.529419600730762, 5976426.362976014614105 ], [ 568078.374016586923972, 5976436.414349000900984 ], [ 568080.495866616489366, 5976441.961671290919185 ], [ 568082.21866540145129, 5976446.465721987187862 ], [ 568086.063314215978608, 5976456.517094973474741 ], [ 568089.907954969326966, 5976466.568467960692942 ], [ 568090.542591057019308, 5976468.213755404576659 ], [ 568093.801667655585334, 5976476.619840946048498 ], [ 568097.729927291627973, 5976486.671213932335377 ], [ 568100.589315497432835, 5976493.987628841772676 ], [ 568101.658173281117342, 5976496.722586918622255 ], [ 568105.586382764391601, 5976506.773959903977811 ], [ 568109.514592247782275, 5976516.825332889333367 ], [ 568110.636039938079193, 5976519.694762592203915 ], [ 568113.442929999087937, 5976526.876705876551569 ], [ 568117.371139482478611, 5976536.928078862838447 ], [ 568120.68276437849272, 5976545.401755524799228 ], [ 568121.299348965869285, 5976546.979451849125326 ], [ 568125.227616473915987, 5976557.030824835412204 ], [ 568129.151715196436271, 5976567.082197821699083 ], [ 568130.729488819022663, 5976571.131866155192256 ], [ 568133.067786802072078, 5976577.133570808917284 ], [ 568136.983730070875026, 5976587.18494379427284 ], [ 568140.776213259552605, 5976596.919102642685175 ], [ 568140.899801676510833, 5976597.236316780559719 ], [ 568144.815744945313781, 5976607.287689766846597 ], [ 568148.731816550949588, 5976617.339062753133476 ], [ 568150.822937700082548, 5976622.706515033729374 ], [ 568152.647759819752537, 5976627.390435739420354 ], [ 568156.565665365895256, 5976637.44180872477591 ], [ 568160.487428856547922, 5976647.493181711062789 ], [ 568160.869662140496075, 5976648.472358968108892 ], [ 568168.935651337960735, 5976657.544554697349668 ], [ 568170.916386581026018, 5976658.42281111702323 ], [ 568173.168244344880804, 5976657.544554697349668 ], [ 568180.96311102155596, 5976654.504446297883987 ], [ 568191.009835462085903, 5976650.585951770655811 ], [ 568198.939727135468274, 5976647.493181711062789 ], [ 568201.056559902615845, 5976646.667586952447891 ], [ 568211.103284343029372, 5976642.749092424288392 ], [ 568221.150008783559315, 5976638.83072760514915 ], [ 568224.711092044366524, 5976637.44180872477591 ], [ 568231.196733224089257, 5976634.912265721708536 ], [ 568241.2434576646192, 5976630.993868259713054 ], [ 568250.482386882882565, 5976627.390435739420354 ], [ 568248.799375651404262, 5976617.339062753133476 ], [ 568244.89205168443732, 5976607.287689766846597 ], [ 568245.895822243764997, 5976597.236316780559719 ], [ 568251.290182105149142, 5976593.684308039024472 ], [ 568261.160627861157991, 5976587.18494379427284 ], [ 568261.336906545679085, 5976587.068870072253048 ], [ 568271.383630986092612, 5976580.453404059633613 ], [ 568276.42536876606755, 5976577.133570807985961 ], [ 568281.430355426622555, 5976573.837937067262828 ], [ 568291.477079867152497, 5976567.222471259534359 ], [ 568291.690110142808408, 5976567.082197822630405 ], [ 568301.52380430768244, 5976560.607033291831613 ], [ 568306.954915760084987, 5976557.030824835412204 ], [ 568311.570528748212382, 5976553.991595325060189 ], [ 568321.617253188625909, 5976547.376157358288765 ], [ 568322.219721377477981, 5976546.979451850056648 ], [ 568331.663977629272267, 5976540.760719390586019 ], [ 568337.48452699475456, 5976536.928078862838447 ], [ 568341.710702069685794, 5976534.145281423814595 ], [ 568351.757426510215737, 5976527.529837938956916 ], [ 568352.749319880851544, 5976526.876705876551569 ], [ 568361.804150950745679, 5976520.914370945654809 ], [ 568365.25355356070213, 5976516.82533289026469 ], [ 568371.850875391275622, 5976509.830382312647998 ], [ 568381.897599831689149, 5976506.997536317445338 ], [ 568383.107010646839626, 5976506.773959903977811 ], [ 568391.944324272219092, 5976505.140259547159076 ], [ 568401.991048712749034, 5976503.282931071706116 ], [ 568412.037773153278977, 5976501.425630108453333 ], [ 568422.084497593808919, 5976499.568325826898217 ], [ 568432.131222034222446, 5976497.710997350513935 ], [ 568437.477914250455797, 5976496.722586918622255 ], [ 568442.177946474752389, 5976495.853720581158996 ], [ 568452.224670915282331, 5976493.996392105706036 ], [ 568462.271395355812274, 5976494.073634988628328 ], [ 568465.300443613901734, 5976496.722586918622255 ], [ 568472.318119796342216, 5976502.859631296247244 ], [ 568476.794132831622846, 5976506.773959903977811 ], [ 568482.364844236872159, 5976511.645637564361095 ], [ 568488.287800913210958, 5976516.825332889333367 ], [ 568492.411568677285686, 5976520.431616336107254 ], [ 568502.458293117815629, 5976525.897163145244122 ], [ 568508.008385518100113, 5976526.876705876551569 ], [ 568512.505017558345571, 5976527.712682416662574 ], [ 568522.551741998875514, 5976529.861726202070713 ], [ 568532.598466439405456, 5976532.010752251371741 ], [ 568542.645190879818983, 5976534.159779048524797 ], [ 568551.435261584469117, 5976536.928078862838447 ], [ 568552.691915320232511, 5976537.325598079711199 ], [ 568562.738639760878868, 5976542.966924917884171 ], [ 568569.884567333268933, 5976546.979451849125326 ], [ 568572.785364201408811, 5976548.608279603533447 ], [ 568582.832088641938753, 5976554.249610714614391 ], [ 568587.785165595705621, 5976557.030824835412204 ], [ 568592.878813082352281, 5976559.890961128287017 ], [ 568602.925537522882223, 5976565.532296511344612 ], [ 568605.685763858142309, 5976567.082197821699083 ], [ 568612.972261963412166, 5976567.94378814753145 ], [ 568617.417610957054421, 5976567.082197821699083 ], [ 568623.018986403942108, 5976565.004402756690979 ], [ 568633.065710844472051, 5976560.640162413008511 ], [ 568640.968952505616471, 5976557.030824835412204 ], [ 568643.112435285001993, 5976555.587242370471358 ], [ 568653.15915972541552, 5976551.013402856886387 ], [ 568661.048883444746025, 5976546.979451849125326 ], [ 568663.205884165945463, 5976545.758371004834771 ], [ 568673.252608606475405, 5976541.127828307449818 ], [ 568680.707654851372354, 5976536.92807886376977 ], [ 568683.299333047005348, 5976535.602974770590663 ], [ 568693.346057487651706, 5976531.301031060516834 ], [ 568700.366426257882267, 5976526.876705876551569 ], [ 568703.392781927948818, 5976525.329355051741004 ], [ 568713.43950636847876, 5976521.556511033326387 ], [ 568720.025200665695593, 5976516.82533289026469 ], [ 568723.486230809008703, 5976515.055735038593411 ], [ 568733.532955249538645, 5976511.926753608509898 ], [ 568739.683977782959118, 5976506.773959903977811 ], [ 568743.579679690068588, 5976504.782119039446115 ], [ 568753.62640413059853, 5976505.943839726038277 ], [ 568763.673128571012057, 5976506.413247770629823 ], [ 568770.00276602699887, 5976506.773959903977811 ], [ 568770.055247613694519, 5976516.82533289026469 ], [ 568768.417027647839859, 5976526.876705876551569 ], [ 568766.778807681985199, 5976536.928078862838447 ], [ 568765.140632138820365, 5976546.979451849125326 ], [ 568763.673128571012057, 5976555.983386623673141 ], [ 568763.502412172965705, 5976557.030824836343527 ], [ 568761.8642286316026, 5976567.082197821699083 ], [ 568760.226016663946211, 5976577.133570807985961 ], [ 568758.587796698091552, 5976587.18494379427284 ], [ 568756.949621154926717, 5976597.236316780559719 ], [ 568755.311401189072058, 5976607.287689766846597 ], [ 568753.673181223333813, 5976617.339062753133476 ], [ 568753.62640413059853, 5976617.626073512248695 ], [ 568752.035005680168979, 5976627.390435739420354 ], [ 568750.396785714314319, 5976637.44180872477591 ], [ 568748.758610171033069, 5976647.493181711062789 ], [ 568747.12039020517841, 5976657.544554697349668 ], [ 568746.893248727428727, 5976667.595927683636546 ], [ 568750.430429354426451, 5976677.647300669923425 ], [ 568753.62640413059853, 5976686.728945063427091 ], [ 568753.967667010612786, 5976687.698673656210303 ], [ 568757.504869653377682, 5976697.750046642497182 ], [ 568761.042085293796845, 5976707.80141962878406 ], [ 568763.673128571012057, 5976710.215459144674242 ] ], [ [ 569487.70122576248832, 5976546.979451850056648 ], [ 569497.084012728184462, 5976545.493274491280317 ], [ 569507.130737168714404, 5976544.239909923635423 ], [ 569510.129036170081235, 5976546.979451849125326 ], [ 569507.130737168714404, 5976549.736876282840967 ], [ 569497.084012728184462, 5976548.515476545318961 ], [ 569487.70122576248832, 5976546.979451850056648 ] ], [ [ 568248.276485101319849, 5975863.486088787205517 ], [ 568251.290182105149142, 5975863.04282465390861 ], [ 568251.748374917777255, 5975863.486088787205517 ], [ 568251.290182105149142, 5975864.806360619142652 ], [ 568248.276485101319849, 5975863.486088787205517 ] ], [ [ 568060.402417735429481, 5976122.225910261273384 ], [ 568070.449142175959423, 5976119.314975618384778 ], [ 568080.495866616489366, 5976116.404006883502007 ], [ 568086.134031706955284, 5976114.770413442514837 ], [ 568090.542591057019308, 5976113.49308411218226 ], [ 568100.589315497432835, 5976110.582134529948235 ], [ 568110.636039937962778, 5976107.671192605979741 ], [ 568120.68276437849272, 5976104.764302803203464 ], [ 568120.824904327280819, 5976104.719040456227958 ], [ 568130.729488819022663, 5976101.849301098845899 ], [ 568140.776213259552605, 5976097.477931796573102 ], [ 568141.927725312765688, 5976094.66766746994108 ], [ 568140.776213259552605, 5976093.869455341249704 ], [ 568131.967049701488577, 5976084.616294483654201 ], [ 568130.729488819022663, 5976083.316356247290969 ], [ 568122.397990444558673, 5976074.564921497367322 ], [ 568120.68276437849272, 5976072.763245028443635 ], [ 568112.828927789349109, 5976064.513548511080444 ], [ 568110.636039937962778, 5976062.210131695494056 ], [ 568103.259856361662969, 5976054.462175524793565 ], [ 568100.589315497549251, 5976051.657030152156949 ], [ 568093.690797104733065, 5976044.410802538506687 ], [ 568090.542591057019308, 5976041.103921382687986 ], [ 568080.495866616489366, 5976038.100129036232829 ], [ 568071.963521700818092, 5976044.410802538506687 ], [ 568070.449142175959423, 5976046.592627082020044 ], [ 568062.684965699445456, 5976054.462175524793565 ], [ 568060.402417735429481, 5976059.548557976260781 ], [ 568057.9655602411367, 5976064.513548511080444 ], [ 568052.521735799848102, 5976074.564921497367322 ], [ 568050.355693294899538, 5976079.815588939934969 ], [ 568048.081615344854072, 5976084.616294482722878 ], [ 568048.759052019915543, 5976094.66766746994108 ], [ 568050.355693294899538, 5976099.621801968663931 ], [ 568051.860606009955518, 5976104.719040456227958 ], [ 568054.277535890345462, 5976114.770413442514837 ], [ 568060.402417735429481, 5976122.225910261273384 ] ], [ [ 567939.841724449303001, 5975874.948959031142294 ], [ 567940.958251720527187, 5975873.537461773492396 ], [ 567949.888448889832944, 5975868.414148610085249 ], [ 567954.134796783095226, 5975863.486088787205517 ], [ 567959.935173330362886, 5975856.754515364766121 ], [ 567962.795739539666101, 5975853.434715800918639 ], [ 567969.64861348294653, 5975843.38334281463176 ], [ 567969.981897770892829, 5975842.753832224756479 ], [ 567974.970151745714247, 5975833.331969828344882 ], [ 567980.028622211422771, 5975823.777481843717396 ], [ 567980.29169000859838, 5975823.280596842058003 ], [ 567981.116168218315579, 5975813.229223855771124 ], [ 567980.028622211422771, 5975811.593244049698114 ], [ 567969.981897770892829, 5975808.995883122086525 ], [ 567959.935173330362886, 5975806.398556478321552 ], [ 567951.961982684792019, 5975813.229223854839802 ], [ 567949.888448889832944, 5975814.866312404163182 ], [ 567942.218741160701029, 5975823.280596842058003 ], [ 567939.841724449303001, 5975825.888374795205891 ], [ 567933.056810202309862, 5975833.331969828344882 ], [ 567929.795000008889474, 5975836.910437185317278 ], [ 567923.894896156620234, 5975843.38334281463176 ], [ 567919.748275568359531, 5975847.932516871020198 ], [ 567914.73296266188845, 5975853.434715800918639 ], [ 567912.905255876248702, 5975863.486088787205517 ], [ 567919.748275568359531, 5975866.398881678469479 ], [ 567929.795000008889474, 5975870.674409992061555 ], [ 567936.52414280443918, 5975873.537461773492396 ], [ 567939.841724449303001, 5975874.948959031142294 ] ], [ [ 567809.234306722762994, 5975747.63657733052969 ], [ 567819.281031163292937, 5975748.319306394085288 ], [ 567829.327755603706464, 5975746.277723883278668 ], [ 567839.374480044236407, 5975744.236141372472048 ], [ 567846.09923125593923, 5975742.869612952694297 ], [ 567849.421204484766349, 5975742.194558860734105 ], [ 567859.467928925296292, 5975740.152976348996162 ], [ 567862.512190475710668, 5975732.818239966407418 ], [ 567866.752358346595429, 5975722.76686698012054 ], [ 567869.514653365826234, 5975716.319696113467216 ], [ 567870.731000375351869, 5975712.715493993833661 ], [ 567874.123140181181952, 5975702.664121007546782 ], [ 567877.515320127829909, 5975692.612748021259904 ], [ 567879.561377806239761, 5975686.550000004470348 ], [ 567880.613948592916131, 5975682.561375034973025 ], [ 567879.561377806239761, 5975678.491158861666918 ], [ 567878.192653916194104, 5975672.510002048686147 ], [ 567874.736208071932197, 5975662.458629062399268 ], [ 567871.279762227553874, 5975652.40725607611239 ], [ 567869.514653365826234, 5975647.27430496737361 ], [ 567867.82331170712132, 5975642.355883089825511 ], [ 567864.366842763032764, 5975632.304510103538632 ], [ 567860.910396918654442, 5975622.253137118183076 ], [ 567859.467928925296292, 5975618.05842831172049 ], [ 567854.750113094341941, 5975612.201764131896198 ], [ 567849.749683938454837, 5975602.150391145609319 ], [ 567849.421204484766349, 5975601.261112542822957 ], [ 567847.16529175825417, 5975602.150391145609319 ], [ 567839.374480044236407, 5975605.22152154892683 ], [ 567829.327755603706464, 5975609.101197981275618 ], [ 567820.873707897029817, 5975612.201764131896198 ], [ 567819.281031163292937, 5975612.78588664252311 ], [ 567809.234306722762994, 5975616.470631416887045 ], [ 567799.187582282233052, 5975619.987151888199151 ], [ 567789.140857841703109, 5975622.237252993509173 ], [ 567789.06808478734456, 5975622.253137118183076 ], [ 567781.950032981811091, 5975632.304510103538632 ], [ 567789.140857841703109, 5975641.520437397994101 ], [ 567789.65959632396698, 5975642.355883089825511 ], [ 567793.645270090550184, 5975652.40725607611239 ], [ 567793.920688654878177, 5975662.458629062399268 ], [ 567794.196143478853628, 5975672.510002048686147 ], [ 567794.588107784744352, 5975682.561375034973025 ], [ 567795.63620842131786, 5975692.612748021259904 ], [ 567797.008184613659978, 5975702.664121007546782 ], [ 567798.881591832381673, 5975712.715493993833661 ], [ 567799.187582282233052, 5975714.069397691637278 ], [ 567801.464440141688101, 5975722.76686698012054 ], [ 567804.095728258369491, 5975732.818239966407418 ], [ 567806.727016374934465, 5975742.869612952694297 ], [ 567809.234306722762994, 5975747.63657733052969 ] ], [ [ 569436.803666085004807, 5975101.264487859793007 ], [ 569436.806058895192109, 5975099.58174183499068 ], [ 569436.803666085121222, 5975099.541713434271514 ], [ 569436.423302564187907, 5975099.58174183499068 ], [ 569436.803666085004807, 5975101.264487859793007 ] ], [ [ 569426.756941644591279, 5975086.113958987407386 ], [ 569426.785993984900415, 5975079.478995862416923 ], [ 569426.756941644591279, 5975078.670651276595891 ], [ 569423.611420444212854, 5975079.478995862416923 ], [ 569426.756941644591279, 5975086.113958987407386 ] ], [ [ 569416.710217204177752, 5975065.456615562550724 ], [ 569416.998172029154375, 5975059.376249889843166 ], [ 569416.710217204177752, 5975056.457195980474353 ], [ 569413.770898307091556, 5975059.376249889843166 ], [ 569416.710217204177752, 5975065.456615562550724 ] ], [ [ 569406.66349276364781, 5975044.673747461289167 ], [ 569407.017556609585881, 5975039.273503917269409 ], [ 569406.724028220633045, 5975029.22213093098253 ], [ 569406.66349276364781, 5975027.918054051697254 ], [ 569399.482430199743249, 5975029.22213093098253 ], [ 569404.052899000933394, 5975039.273503918200731 ], [ 569406.66349276364781, 5975044.673747461289167 ] ], [ [ 569396.616768323117867, 5975023.891004543751478 ], [ 569397.119505677139387, 5975019.170757944695652 ], [ 569397.242001201142557, 5975009.119384959340096 ], [ 569396.616768323117867, 5975005.902619335800409 ], [ 569389.475950060645118, 5975009.119384959340096 ], [ 569394.334922415670007, 5975019.170757945626974 ], [ 569396.616768323117867, 5975023.891004543751478 ] ] ] } },
{ "type": "Feature", "properties": { "id": 2, "cost_level": 900.0 }, "geometry": { "type": "Polygon", "coordinates": [ [ [ 568874.187097416608594, 5976618.939548468217254 ], [ 568881.02769219968468, 5976617.339062753133476 ], [ 568884.233821857138537, 5976616.570305455476046 ], [ 568894.280546297668479, 5976614.238298753276467 ], [ 568904.327270738082007, 5976611.887682027183473 ], [ 568914.373995178728364, 5976609.537054412066936 ], [ 568923.987946684239432, 5976607.28768976777792 ], [ 568924.420719619141892, 5976607.186434404924512 ], [ 568934.467444059671834, 5976604.835803790949285 ], [ 568944.514168500201777, 5976602.485187064856291 ], [ 568954.560892940731719, 5976600.134560354985297 ], [ 568964.607617381261662, 5976597.425842539407313 ], [ 568964.969664010801353, 5976597.236316780559719 ], [ 568972.808132808306254, 5976587.18494379427284 ], [ 568974.654341821791604, 5976584.921981795690954 ], [ 568981.008418724872172, 5976577.133570807985961 ], [ 568984.701066262205131, 5976572.445756303146482 ], [ 568987.296928519499488, 5976567.082197821699083 ], [ 568984.701066262205131, 5976560.03720014449209 ], [ 568983.59331058175303, 5976557.030824835412204 ], [ 568979.889710270799696, 5976546.979451849125326 ], [ 568976.186095020500943, 5976536.928078862838447 ], [ 568974.654341821791604, 5976535.437407759018242 ], [ 568964.607617381261662, 5976529.05929006729275 ], [ 568958.830489235813729, 5976526.876705876551569 ], [ 568954.560892940731719, 5976525.62156593054533 ], [ 568944.514168500201777, 5976522.668105207383633 ], [ 568942.697576743317768, 5976516.82533289026469 ], [ 568942.650883205235004, 5976506.773959903977811 ], [ 568943.664796095807105, 5976496.722586918622255 ], [ 568944.514168500201777, 5976494.692936250008643 ], [ 568954.560892940731719, 5976494.020624546334147 ], [ 568960.538144881022163, 5976496.722586918622255 ], [ 568964.607617381261662, 5976498.584589660167694 ], [ 568974.654341821791604, 5976502.636777598410845 ], [ 568982.57551196590066, 5976506.773959904909134 ], [ 568984.701066262205131, 5976508.036117161624134 ], [ 568987.839420890668407, 5976506.773959903977811 ], [ 568991.373315729433671, 5976496.722586918622255 ], [ 568994.747790702735074, 5976488.802594693377614 ], [ 568996.773399963742122, 5976486.671213932335377 ], [ 569004.794515143265016, 5976479.538337314501405 ], [ 569010.4447066267021, 5976476.619840946048498 ], [ 569014.841239583794959, 5976473.816194971092045 ], [ 569024.887964024324901, 5976476.360702948644757 ], [ 569025.911143386852928, 5976476.619840946048498 ], [ 569034.934688464738429, 5976478.905204502865672 ], [ 569044.981412905268371, 5976481.449690650217235 ], [ 569055.028137345798314, 5976483.994198627769947 ], [ 569059.716859473730437, 5976486.671213932335377 ], [ 569065.074861786328256, 5976495.876343438401818 ], [ 569065.475112711195834, 5976496.722586918622255 ], [ 569067.472065671696328, 5976506.773959903046489 ], [ 569068.678492486709729, 5976516.82533289026469 ], [ 569072.549155176617205, 5976526.876705877482891 ], [ 569075.121586226858199, 5976529.813276559114456 ], [ 569084.551386033766903, 5976536.928078862838447 ], [ 569085.168310667388141, 5976537.64895335957408 ], [ 569095.215035107801668, 5976543.222750831395388 ], [ 569105.261759548331611, 5976537.115953200496733 ], [ 569105.516830972395837, 5976536.92807886376977 ], [ 569115.308483988861553, 5976527.936515248380601 ], [ 569116.581277739373036, 5976526.876705876551569 ], [ 569125.355208429391496, 5976518.887255787849426 ], [ 569127.619590633432381, 5976516.825332891196012 ], [ 569135.401932869921438, 5976509.738812941126525 ], [ 569138.657903527491726, 5976506.773959903977811 ], [ 569145.448657310334966, 5976501.321691777557135 ], [ 569151.527273471700028, 5976496.722586918622255 ], [ 569155.495381750864908, 5976494.022909076884389 ], [ 569164.482768901973031, 5976486.671213932335377 ], [ 569165.542106191394851, 5976485.150336751714349 ], [ 569174.697810448240489, 5976476.619840946048498 ], [ 569175.588830631924793, 5976476.119377969764173 ], [ 569185.635555072454736, 5976470.476319765672088 ], [ 569192.593062420375645, 5976466.56846795976162 ], [ 569195.682279512984678, 5976465.56846718955785 ], [ 569200.19182831805665, 5976466.56846795976162 ], [ 569205.729003953398205, 5976467.847572397440672 ], [ 569215.775728393928148, 5976469.966130043379962 ], [ 569225.82245283445809, 5976471.250981914810836 ], [ 569235.869177274988033, 5976472.626428382471204 ], [ 569245.915901715517975, 5976472.557665532454848 ], [ 569253.929268137202598, 5976466.56846795976162 ], [ 569255.962626155931503, 5976465.505406970158219 ], [ 569266.009350596461445, 5976457.232484138570726 ], [ 569266.878126718802378, 5976456.517094973474741 ], [ 569276.056075036991388, 5976448.959550935775042 ], [ 569283.104085684055462, 5976446.465721987187862 ], [ 569286.10279947752133, 5976445.949853165075183 ], [ 569287.522109336219728, 5976446.465721987187862 ], [ 569296.149523918051273, 5976450.092230955138803 ], [ 569304.079324346384965, 5976456.517094973474741 ], [ 569306.196248358581215, 5976459.649355363100767 ], [ 569310.872499302495271, 5976466.56846795976162 ], [ 569316.242972798994742, 5976474.514771797694266 ], [ 569317.665674258721992, 5976476.619840946048498 ], [ 569316.242972798994742, 5976483.51999350450933 ], [ 569313.725495366146788, 5976486.671213932335377 ], [ 569316.242972798994742, 5976495.614304212853312 ], [ 569316.540913320728578, 5976496.722586918622255 ], [ 569326.289697239524685, 5976505.247325925156474 ], [ 569327.770767638343386, 5976506.773959903977811 ], [ 569336.336421680054627, 5976514.547222780063748 ], [ 569338.551702525466681, 5976516.825332891196012 ], [ 569346.38314612058457, 5976524.043869538232684 ], [ 569351.513696424197406, 5976526.876705875620246 ], [ 569356.429870561114512, 5976529.033610101789236 ], [ 569366.47659500152804, 5976530.5788569515571 ], [ 569376.523319442057982, 5976528.532242813147604 ], [ 569377.139401292661205, 5976526.876705875620246 ], [ 569379.039382425020449, 5976516.82533289026469 ], [ 569377.480275670881383, 5976506.773959903977811 ], [ 569376.523319442057982, 5976500.604578647762537 ], [ 569375.921168916625902, 5976496.722586918622255 ], [ 569374.066176977474242, 5976486.671213932335377 ], [ 569371.05548116506543, 5976476.619840946048498 ], [ 569368.044771429267712, 5976466.568467958830297 ], [ 569366.47659500152804, 5976461.333049215376377 ], [ 569365.362656433717348, 5976456.517094973474741 ], [ 569363.78099815454334, 5976446.465721987187862 ], [ 569362.850950032821856, 5976436.414349000900984 ], [ 569361.70734692690894, 5976426.362976014614105 ], [ 569358.821117929299362, 5976416.311603028327227 ], [ 569364.408214242896065, 5976406.260230042040348 ], [ 569366.47659500152804, 5976402.539151419885457 ], [ 569369.995321797672659, 5976396.208857055753469 ], [ 569375.582424929481931, 5976386.157484069466591 ], [ 569376.523319442057982, 5976384.464780450798571 ], [ 569386.570043882587925, 5976377.270019019022584 ], [ 569388.57787672849372, 5976376.106111084111035 ], [ 569396.616768323117867, 5976371.322640612721443 ], [ 569405.477495800703764, 5976366.054738098755479 ], [ 569406.66349276364781, 5976365.379420806653798 ], [ 569416.710217204177752, 5976359.217771144583821 ], [ 569422.327740547247231, 5976356.003365111537278 ], [ 569426.756941644591279, 5976353.396709535270929 ], [ 569436.803666085121222, 5976347.770375553518534 ], [ 569440.050716711673886, 5976345.951992125250399 ], [ 569446.850390525651164, 5976342.144070766866207 ], [ 569456.897114966181107, 5976336.517751382663846 ], [ 569457.999106724164449, 5976335.900619138963521 ], [ 569466.943839406711049, 5976330.891431997530162 ], [ 569475.947496736655012, 5976325.849246152676642 ], [ 569476.990563847124577, 5976325.265112614259124 ], [ 569487.037288287654519, 5976319.638793230056763 ], [ 569493.895886749145575, 5976315.797873166389763 ], [ 569497.084012728184462, 5976314.01248817704618 ], [ 569507.130737168714404, 5976308.38615446165204 ], [ 569511.844276761752553, 5976305.746500180102885 ], [ 569517.177461609244347, 5976302.12463235668838 ], [ 569521.216953100753017, 5976295.695127193816006 ], [ 569517.362550157820806, 5976285.643754206597805 ], [ 569517.177461609244347, 5976285.161079267971218 ], [ 569513.508208685670979, 5976275.592381221242249 ], [ 569509.653805742738768, 5976265.54100823495537 ], [ 569507.130737168714404, 5976258.96144100278616 ], [ 569505.703024625079706, 5976255.489635249599814 ], [ 569500.324581887689419, 5976245.438262263312936 ], [ 569497.084012728184462, 5976236.700270966626704 ], [ 569496.601793622132391, 5976235.386889277026057 ], [ 569492.918549493420869, 5976225.335516290739179 ], [ 569489.235302343266085, 5976215.2841433044523 ], [ 569487.037288287654519, 5976209.28588736243546 ], [ 569485.552055193227716, 5976205.232770318165421 ], [ 569481.868870987440459, 5976195.181397331878543 ], [ 569478.18562383740209, 5976185.130024345591664 ], [ 569476.990563847124577, 5976181.868773277848959 ], [ 569474.480121128959581, 5976175.078651359304786 ], [ 569470.639785674051382, 5976165.027278373017907 ], [ 569466.943839406711049, 5976155.718227890320122 ], [ 569466.647719668690115, 5976154.975905386731029 ], [ 569462.638165442505851, 5976144.92453240044415 ], [ 569458.628548052744009, 5976134.873159414157271 ], [ 569456.897114966064692, 5976130.532704815268517 ], [ 569454.618995744851418, 5976124.821786428801715 ], [ 569450.60937835520599, 5976114.770413442514837 ], [ 569446.850390525651164, 5976105.347322644665837 ], [ 569446.593300874228589, 5976104.719040456227958 ], [ 569442.442469889530912, 5976094.66766746994108 ], [ 569438.218941662460566, 5976084.616294483654201 ], [ 569436.803666085121222, 5976081.149299645796418 ], [ 569434.239594160113484, 5976074.564921497367322 ], [ 569430.329780567786656, 5976064.513548511080444 ], [ 569426.756941644591279, 5976055.531744067557156 ], [ 569426.331481911591254, 5976054.462175524793565 ], [ 569422.333146559307352, 5976044.410802538506687 ], [ 569418.334819032694213, 5976034.359429552219808 ], [ 569416.710217204177752, 5976030.195082833990455 ], [ 569414.395813444396481, 5976024.30805656593293 ], [ 569410.644847995834425, 5976014.256683579646051 ], [ 569406.905616113217548, 5976004.205310594290495 ], [ 569406.66349276364781, 5976003.598466647788882 ], [ 569402.8628078722395, 5975994.153937608003616 ], [ 569398.615503658074886, 5975984.102564621716738 ], [ 569396.616768323117867, 5975979.37242282833904 ], [ 569394.368266423232853, 5975974.051191635429859 ], [ 569390.138798575848341, 5975963.999818649142981 ], [ 569386.570043882587925, 5975955.21083046682179 ], [ 569386.073530723340809, 5975953.948445662856102 ], [ 569382.120253353263251, 5975943.897072676569223 ], [ 569378.166921867174096, 5975933.845699691213667 ], [ 569376.523319442057982, 5975929.666798723861575 ], [ 569374.213619037764147, 5975923.794326703995466 ], [ 569370.260316208354197, 5975913.742953717708588 ], [ 569366.47659500152804, 5975904.122746319510043 ], [ 569366.306884412188083, 5975903.691580731421709 ], [ 569362.338824103353545, 5975893.64020774513483 ], [ 569358.362865112838335, 5975883.588834758847952 ], [ 569356.429870561114512, 5975878.702152259647846 ], [ 569354.386919299722649, 5975873.537461774423718 ], [ 569350.4109859544551, 5975863.486088787205517 ], [ 569346.435052609187551, 5975853.434715800918639 ], [ 569346.38314612058457, 5975853.303493410348892 ], [ 569342.456459885463119, 5975843.38334281463176 ], [ 569338.474751140805893, 5975833.331969827413559 ], [ 569336.336421680054627, 5975827.934374023228884 ], [ 569334.492765873437747, 5975823.280596842058003 ], [ 569330.510780606069602, 5975813.229223856702447 ], [ 569326.52886018762365, 5975803.177850869484246 ], [ 569326.289697239524685, 5975802.574153007008135 ], [ 569322.546874920255505, 5975793.126477883197367 ], [ 569318.564889652887359, 5975783.075104896910489 ], [ 569316.242972798994742, 5975777.214095682837069 ], [ 569314.582915100734681, 5975773.02373191062361 ], [ 569310.600983967189677, 5975762.972358924336731 ], [ 569306.618998699937947, 5975752.920985938981175 ], [ 569306.196248358581215, 5975752.04899482242763 ], [ 569301.806204011430964, 5975742.869612952694297 ], [ 569296.149523918051273, 5975734.864995882846415 ], [ 569292.800418271217495, 5975732.818239966407418 ], [ 569286.10279947752133, 5975728.868790643289685 ], [ 569276.713823480764404, 5975722.76686698012054 ], [ 569276.056075036991388, 5975722.364252645522356 ], [ 569266.009350596461445, 5975716.199664333835244 ], [ 569260.351079954998568, 5975712.715493993833661 ], [ 569255.962626155931503, 5975710.32130807172507 ], [ 569245.915901715517975, 5975704.002558285370469 ], [ 569243.698471930925734, 5975702.664121007546782 ], [ 569235.869177274871618, 5975699.042802512645721 ], [ 569226.635124215623364, 5975692.612748021259904 ], [ 569225.82245283445809, 5975692.287421346642077 ], [ 569215.775728393928148, 5975688.088498671539128 ], [ 569212.066386158578098, 5975682.561375034973025 ], [ 569208.45074466150254, 5975672.510002048686147 ], [ 569205.729003953398205, 5975665.558851914480329 ], [ 569204.823337104404345, 5975662.458629062399268 ], [ 569202.547489907941781, 5975652.40725607611239 ], [ 569200.115961298928596, 5975642.355883089825511 ], [ 569197.684432689915411, 5975632.304510103538632 ], [ 569195.682279512984678, 5975624.028075155802071 ], [ 569195.252903643762693, 5975622.253137118183076 ], [ 569192.821372559526935, 5975612.201764131896198 ], [ 569190.389836635673419, 5975602.150391145609319 ], [ 569187.958308026543818, 5975592.099018159322441 ], [ 569185.635555072454736, 5975582.497298398055136 ], [ 569185.526779306819662, 5975582.047645173035562 ], [ 569183.095248222583905, 5975571.996272186748683 ], [ 569180.663717138348147, 5975561.944899200461805 ], [ 569178.232183363288641, 5975551.893526213243604 ], [ 569175.800654754275456, 5975541.842153227888048 ], [ 569175.588830631924793, 5975540.966521638445556 ], [ 569173.369123885640875, 5975531.790780241601169 ], [ 569170.937592801405117, 5975521.739407255314291 ], [ 569168.506061717169359, 5975511.688034269027412 ], [ 569166.074530090903863, 5975501.636661283671856 ], [ 569165.542106191394851, 5975499.435744879767299 ], [ 569163.642999548697844, 5975491.585288297384977 ], [ 569161.211468464462087, 5975481.533915311098099 ], [ 569158.779937380226329, 5975471.48254232481122 ], [ 569156.348406295990571, 5975461.431169338524342 ], [ 569155.495381750864908, 5975457.904968122020364 ], [ 569153.916876818519086, 5975451.379796352237463 ], [ 569151.485344127519056, 5975441.328423365950584 ], [ 569149.591605055727996, 5975431.277050379663706 ], [ 569149.077980095869862, 5975421.225677393376827 ], [ 569148.695772241684608, 5975411.174304407089949 ], [ 569148.31355531164445, 5975401.12293142080307 ], [ 569147.931347457459196, 5975391.071558435447514 ], [ 569147.549130527186207, 5975381.020185450091958 ], [ 569147.166922673117369, 5975370.968812462873757 ], [ 569146.78470574284438, 5975360.917439476586878 ], [ 569146.402497888659127, 5975350.866066489368677 ], [ 569146.020280958502553, 5975340.814693504944444 ], [ 569145.6380731043173, 5975330.763320517726243 ], [ 569145.448657310334966, 5975325.782147145830095 ], [ 569145.255856174160726, 5975320.711947531439364 ], [ 569144.873648319975473, 5975310.660574545152485 ], [ 569144.491431389818899, 5975300.609201559796929 ], [ 569144.109223535633646, 5975290.557828572578728 ], [ 569143.372479895013385, 5975280.50645558629185 ], [ 569142.145116991363466, 5975270.455082600004971 ], [ 569140.972419332247227, 5975260.403709613718092 ], [ 569139.952206158195622, 5975250.352336628362536 ], [ 569138.201120361685753, 5975240.300963642075658 ], [ 569135.401932869921438, 5975234.219990829005837 ], [ 569133.574283814872615, 5975230.249590655788779 ], [ 569128.947449858183973, 5975220.198217669501901 ], [ 569125.355208429391496, 5975212.394402189180255 ], [ 569124.320614944212139, 5975210.146844683215022 ], [ 569119.693776706233621, 5975200.095471696928144 ], [ 569115.308483988861553, 5975190.56883374415338 ], [ 569114.896939283702523, 5975190.044098710641265 ], [ 569105.939347434788942, 5975179.992725724354386 ], [ 569105.261759548331611, 5975179.325379413552582 ], [ 569095.215035107685253, 5975176.824742539785802 ], [ 569085.168310667388141, 5975174.324105666950345 ], [ 569075.121586226858199, 5975171.823468793183565 ], [ 569067.55987202480901, 5975169.941352738067508 ], [ 569065.074861786328256, 5975169.315550879575312 ], [ 569055.028137345798314, 5975166.549370648339391 ], [ 569044.981412905268371, 5975163.778221560642123 ], [ 569034.934688464738429, 5975161.007090309634805 ], [ 569030.884635008405894, 5975159.889979751780629 ], [ 569024.887964024324901, 5975154.964105803519487 ], [ 569023.371062935213558, 5975149.838606765493751 ], [ 569022.173737811623141, 5975139.787233779206872 ], [ 569020.976406567264348, 5975129.735860793851316 ], [ 569019.779071843368001, 5975119.684487806633115 ], [ 569018.581736851832829, 5975109.633114821277559 ], [ 569017.384409854654223, 5975099.58174183499068 ], [ 569016.18708075163886, 5975089.530368848703802 ], [ 569014.989740139455535, 5975079.478995862416923 ], [ 569014.841239583794959, 5975078.232356910593808 ], [ 569013.792414783500135, 5975069.427622876130044 ], [ 569012.595086145098321, 5975059.376249890774488 ], [ 569011.397748815244995, 5975049.324876903556287 ], [ 569010.200423691654578, 5975039.273503917269409 ], [ 569009.003089432604611, 5975029.22213093098253 ], [ 569007.805757723515853, 5975019.170757944695652 ], [ 569006.608432599809021, 5975009.119384959340096 ], [ 569005.411092720110901, 5974999.068011973053217 ], [ 569004.794515143265016, 5974993.891939593479037 ], [ 569004.213765722932294, 5974989.016638986766338 ], [ 569000.094949065940455, 5974978.96526600047946 ], [ 568994.747790702735074, 5974969.976551046594977 ], [ 568994.115642413380556, 5974968.913893014192581 ], [ 568988.136325512779877, 5974958.862520027905703 ], [ 568984.701066262205131, 5974953.087758162990212 ], [ 568982.157016265322454, 5974948.811147041618824 ], [ 568976.177701959852129, 5974938.759774055331945 ], [ 568974.654341821791604, 5974936.198969669640064 ], [ 568970.198385059367865, 5974928.708401069045067 ], [ 568964.607617381261662, 5974919.31017239857465 ], [ 568963.619715274428017, 5974918.657028082758188 ], [ 568954.560892940731719, 5974913.257685121148825 ], [ 568944.514168500201777, 5974914.673749854788184 ], [ 568934.467444059671834, 5974916.089811367914081 ], [ 568924.420719619141892, 5974917.505880476906896 ], [ 568916.253493065014482, 5974918.657028082758188 ], [ 568914.373995178728364, 5974918.921937612816691 ], [ 568904.327270738198422, 5974920.338008500635624 ], [ 568894.280546297668479, 5974921.544648615643382 ], [ 568884.233821857138537, 5974922.502728753723204 ], [ 568874.187097416608594, 5974923.410582940094173 ], [ 568864.140372976195067, 5974924.318437125533819 ], [ 568854.093648535665125, 5974925.226275035180151 ], [ 568844.046924095135182, 5974926.134129220619798 ], [ 568834.00019965460524, 5974927.041983406059444 ], [ 568823.953475214075297, 5974927.949837592430413 ], [ 568815.558869185857475, 5974928.708401069045067 ], [ 568813.906750773545355, 5974928.857691778801382 ], [ 568803.860026333131827, 5974928.751849920488894 ], [ 568803.780605979147367, 5974928.708401069045067 ], [ 568803.860026333131827, 5974927.998143520206213 ], [ 568804.904541376628913, 5974918.657028082758188 ], [ 568806.028476774110459, 5974908.60565509647131 ], [ 568807.152445277199149, 5974898.554282110184431 ], [ 568808.276380674680695, 5974888.502909123897552 ], [ 568806.922244873363525, 5974878.451536138541996 ], [ 568803.860026333131827, 5974873.519725926220417 ], [ 568797.276712053921074, 5974878.451536138541996 ], [ 568793.813301892601885, 5974881.046086611226201 ], [ 568783.990495974430814, 5974888.502909123897552 ], [ 568783.766577452071942, 5974888.671512587927282 ], [ 568773.719853011542, 5974897.665445956401527 ], [ 568772.726982577703893, 5974898.554282110184431 ], [ 568763.673128571012057, 5974906.659395196475089 ], [ 568761.499049960635602, 5974908.60565509647131 ], [ 568753.62640413059853, 5974915.653337188065052 ], [ 568750.271117343683727, 5974918.657028082758188 ], [ 568743.579679690068588, 5974925.080972708761692 ], [ 568740.072589314426295, 5974928.708401069045067 ], [ 568733.532955249538645, 5974936.104467717930675 ], [ 568731.185121920891106, 5974938.759774056263268 ], [ 568723.486230809008703, 5974946.25188796967268 ], [ 568720.857071848586202, 5974948.811147041618824 ], [ 568713.43950636847876, 5974955.572129355743527 ], [ 568709.829574092058465, 5974958.862520027905703 ], [ 568703.392781927948818, 5974964.729499269276857 ], [ 568698.80199137609452, 5974968.913893014192581 ], [ 568693.34605748753529, 5974973.886843833141029 ], [ 568687.774408659897745, 5974978.96526600047946 ], [ 568683.299333047005348, 5974983.044188397936523 ], [ 568676.746825943817385, 5974989.016638986766338 ], [ 568673.252608606475405, 5974992.201532961800694 ], [ 568665.719243227737024, 5974999.068011973053217 ], [ 568663.205884165945463, 5975001.358877525664866 ], [ 568654.691732510924339, 5975009.119384959340096 ], [ 568653.15915972541552, 5975010.516299529001117 ], [ 568643.664162755128928, 5975019.170757944695652 ], [ 568643.112435285001993, 5975019.673644092865288 ], [ 568633.065710844472051, 5975028.467789118178189 ], [ 568632.18808755162172, 5975029.22213093098253 ], [ 568623.018986403942108, 5975037.103230301290751 ], [ 568620.494001845712774, 5975039.273503918200731 ], [ 568612.972261963412166, 5975045.738586468622088 ], [ 568609.047758775181137, 5975049.324876903556287 ], [ 568602.925537522882223, 5975054.91948658041656 ], [ 568599.678338562720455, 5975059.376249889843166 ], [ 568592.878813082352281, 5975068.708562462590635 ], [ 568592.354902239050716, 5975069.427622876130044 ], [ 568584.805164735298604, 5975079.478995862416923 ], [ 568582.832088641938753, 5975081.880123382434249 ], [ 568576.545622002449818, 5975089.530368848703802 ], [ 568572.785364201408811, 5975094.106372643262148 ], [ 568568.286067294422537, 5975099.58174183499068 ], [ 568562.738639760878868, 5975106.332621904090047 ], [ 568560.026529046939686, 5975109.633114820346236 ], [ 568552.691915320348926, 5975118.558879474177957 ], [ 568551.766963492031209, 5975119.684487807564437 ], [ 568543.50745891360566, 5975129.735860794782639 ], [ 568542.645190879818983, 5975130.785186883062124 ], [ 568535.247893358697183, 5975139.787233779206872 ], [ 568532.598466439405456, 5975143.011443889699876 ], [ 568526.988354730885476, 5975149.838606765493751 ], [ 568522.551741998875514, 5975155.237693149596453 ], [ 568518.728800022858195, 5975159.889979751780629 ], [ 568512.505017558345571, 5975167.463942410424352 ], [ 568510.469245314714499, 5975169.941352738067508 ], [ 568502.458293117815629, 5975179.690191671252251 ], [ 568502.209692115546204, 5975179.992725724354386 ], [ 568493.950135898543522, 5975190.044098710641265 ], [ 568492.411568677285686, 5975191.91644093208015 ], [ 568485.690621982212178, 5975200.095471696928144 ], [ 568482.364844236872159, 5975204.142734518274665 ], [ 568477.431056427303702, 5975210.146844683215022 ], [ 568478.785316171939485, 5975220.198217669501901 ], [ 568482.364844236988574, 5975223.001620549708605 ], [ 568491.619422877207398, 5975230.249590655788779 ], [ 568492.411568677285686, 5975230.86998076736927 ], [ 568502.458293117815629, 5975238.738340985961258 ], [ 568504.453540898859501, 5975240.300963642075658 ], [ 568512.505017558345571, 5975246.606656579300761 ], [ 568517.287693268852308, 5975250.352336628362536 ], [ 568522.551741998875514, 5975254.475016796961427 ], [ 568530.121799974236637, 5975260.403709613718092 ], [ 568532.598466439405456, 5975262.343377015553415 ], [ 568542.645190879818983, 5975270.211693688295782 ], [ 568542.955963660264388, 5975270.455082600004971 ], [ 568552.691915320348926, 5975278.080052826553583 ], [ 568554.499569704406895, 5975280.50645558629185 ], [ 568558.763457112945616, 5975290.557828572578728 ], [ 568560.347505681565963, 5975300.609201558865607 ], [ 568561.656252932967618, 5975310.660574545152485 ], [ 568562.738639760878868, 5975318.973465909250081 ], [ 568562.965000184252858, 5975320.711947531439364 ], [ 568564.273747435538098, 5975330.763320517726243 ], [ 568565.582494686939754, 5975340.814693504013121 ], [ 568566.891241938224994, 5975350.8660664903 ], [ 568568.199989189626649, 5975360.917439476586878 ], [ 568569.508736440911889, 5975370.968812462873757 ], [ 568571.474725188803859, 5975381.020185449160635 ], [ 568572.785364201408811, 5975386.761666184291244 ], [ 568582.832088641938753, 5975388.138359984382987 ], [ 568592.878813082352281, 5975385.123603193089366 ], [ 568602.925537522882223, 5975382.108841640874743 ], [ 568606.55351727863308, 5975381.020185450091958 ], [ 568612.972261963412166, 5975379.094089611433446 ], [ 568623.018986403942108, 5975376.079310465604067 ], [ 568633.065710844472051, 5975373.064566861838102 ], [ 568640.04977404861711, 5975370.968812462873757 ], [ 568643.112435285001993, 5975370.049779291264713 ], [ 568653.15915972541552, 5975367.035035686567426 ], [ 568663.205884165945463, 5975364.020261688157916 ], [ 568673.252608606475405, 5975361.005504896864295 ], [ 568673.546088007511571, 5975360.917439476586878 ], [ 568683.299333047005348, 5975357.990760908462107 ], [ 568693.34605748753529, 5975358.2083545550704 ], [ 568698.446095235645771, 5975360.917439476586878 ], [ 568703.392781927948818, 5975363.545076655223966 ], [ 568713.43950636847876, 5975368.881777396425605 ], [ 568717.368492698529735, 5975370.968812462873757 ], [ 568723.486230809008703, 5975378.111052395775914 ], [ 568723.9895565637853, 5975381.020185449160635 ], [ 568725.396818306762725, 5975391.071558434516191 ], [ 568726.804070423706435, 5975401.12293142080307 ], [ 568728.211319586494938, 5975411.174304407089949 ], [ 568729.618574801832438, 5975421.225677393376827 ], [ 568731.025833446532488, 5975431.277050379663706 ], [ 568732.433082609320991, 5975441.328423365019262 ], [ 568733.532955249538645, 5975449.184338605031371 ], [ 568733.840331772225909, 5975451.379796352237463 ], [ 568735.247593818116002, 5975461.431169338524342 ], [ 568736.654845632147044, 5975471.48254232481122 ], [ 568733.532955249538645, 5975475.27882935013622 ], [ 568724.250844707014039, 5975481.533915311098099 ], [ 568723.486230809008703, 5975482.02280065510422 ], [ 568713.43950636847876, 5975488.446578789502382 ], [ 568708.530596244614571, 5975491.585288297384977 ], [ 568703.392781927948818, 5975494.870356924831867 ], [ 568693.34605748753529, 5975501.294117747806013 ], [ 568692.895879661664367, 5975501.636661283671856 ], [ 568683.299333047005348, 5975507.65220314823091 ], [ 568679.727226215065457, 5975511.688034269027412 ], [ 568673.252608606475405, 5975519.003174735233188 ], [ 568670.830774147761986, 5975521.739407254382968 ], [ 568663.205884165945463, 5975530.354158977046609 ], [ 568661.934333495097235, 5975531.790780242532492 ], [ 568653.15915972541552, 5975541.705132473260164 ], [ 568653.037883081706241, 5975541.842153227888048 ], [ 568644.141431014519185, 5975551.893526214174926 ], [ 568643.112435285001993, 5975553.05610426235944 ], [ 568635.244978947215714, 5975561.944899201393127 ], [ 568633.065710844472051, 5975564.407075849361718 ], [ 568626.348526879912242, 5975571.996272186748683 ], [ 568623.018986403942108, 5975575.758047437295318 ], [ 568617.452074812608771, 5975582.047645173035562 ], [ 568612.972261963412166, 5975587.109019024297595 ], [ 568608.555622745188884, 5975592.099018159322441 ], [ 568602.925537522882223, 5975598.459990611299872 ], [ 568599.659170677885413, 5975602.150391145609319 ], [ 568592.878813082352281, 5975609.810962197370827 ], [ 568590.762718610581942, 5975612.201764131896198 ], [ 568582.832088641938753, 5975621.161933785304427 ], [ 568581.866266543394886, 5975622.253137118183076 ], [ 568572.969814476091415, 5975632.304510103538632 ], [ 568572.785364201408811, 5975632.512905371375382 ], [ 568564.073362408787943, 5975642.355883089825511 ], [ 568562.738639760878868, 5975643.863876957446337 ], [ 568555.176910341484472, 5975652.40725607611239 ], [ 568552.691915320348926, 5975655.11269177030772 ], [ 568545.35761854192242, 5975662.458629062399268 ], [ 568547.085332066984847, 5975672.510002048686147 ], [ 568550.549342094920576, 5975682.561375034973025 ], [ 568552.691915320348926, 5975688.778381641954184 ], [ 568554.013355738366954, 5975692.612748021259904 ], [ 568557.477363134967163, 5975702.664121007546782 ], [ 568560.941370932967402, 5975712.715493993833661 ], [ 568562.738639760878868, 5975717.930551044642925 ], [ 568564.405384175013751, 5975722.76686698012054 ], [ 568567.869394604465924, 5975732.818239966407418 ], [ 568571.33340644009877, 5975742.869612952694297 ], [ 568570.309354396420531, 5975752.920985938981175 ], [ 568565.793732125544921, 5975762.972358924336731 ], [ 568562.738639760878868, 5975768.89382017031312 ], [ 568560.607872298103757, 5975773.023731909692287 ], [ 568553.064735874417238, 5975783.075104896910489 ], [ 568552.691915320348926, 5975783.283388561569154 ], [ 568542.645190879818983, 5975786.732297325506806 ], [ 568532.598466439405456, 5975785.16386155039072 ], [ 568525.82039678900037, 5975783.075104897841811 ], [ 568522.551741998875514, 5975781.999140312895179 ], [ 568512.505017558345571, 5975779.209104215726256 ], [ 568502.458293117815629, 5975776.679451856762171 ], [ 568492.411568677285686, 5975773.941862001083791 ], [ 568482.364844236988574, 5975780.419259327463806 ], [ 568482.283031541272067, 5975783.075104896910489 ], [ 568482.364844236872159, 5975783.233571444638073 ], [ 568487.472328152041882, 5975793.126477883197367 ], [ 568492.411568677285686, 5975802.693506425246596 ], [ 568492.661624668166041, 5975803.177850869484246 ], [ 568497.850917572621256, 5975813.229223854839802 ], [ 568502.458293117815629, 5975822.153448767960072 ], [ 568503.040214183507487, 5975823.280596842058003 ], [ 568507.550388309289701, 5975833.331969829276204 ], [ 568510.661956822965294, 5975843.383342815563083 ], [ 568512.505017558345571, 5975846.179139984771609 ], [ 568515.941110577899963, 5975853.434715800918639 ], [ 568519.673253588727675, 5975863.486088787205517 ], [ 568522.551741998875514, 5975870.294279837049544 ], [ 568524.034164180629887, 5975873.537461773492396 ], [ 568522.551741998875514, 5975878.527514614164829 ], [ 568517.616580572444946, 5975883.588834758847952 ], [ 568512.505017558345571, 5975888.831063055433333 ], [ 568507.815743316430598, 5975893.64020774513483 ], [ 568502.458293117815629, 5975899.134611732326448 ], [ 568498.979336914373562, 5975903.691580731421709 ], [ 568492.411568677285686, 5975910.390759229660034 ], [ 568490.284618497127667, 5975913.742953717708588 ], [ 568482.364844236872159, 5975923.516041737049818 ], [ 568482.148362906882539, 5975923.794326703995466 ], [ 568475.640883464715444, 5975933.845699690282345 ], [ 568472.318119796342216, 5975938.095224260352552 ], [ 568468.319980785017833, 5975943.897072676569223 ], [ 568462.271395355812274, 5975953.906814937479794 ], [ 568462.238710932550021, 5975953.948445662856102 ], [ 568457.358517408836633, 5975963.999818649142981 ], [ 568453.065002787625417, 5975974.051191635429859 ], [ 568452.224670915282331, 5975975.889810349792242 ], [ 568449.521212189109065, 5975984.102564621716738 ], [ 568450.242906040046364, 5975994.153937608934939 ], [ 568452.224670915282331, 5975995.789686310105026 ], [ 568458.149118618341163, 5976004.205310594290495 ], [ 568452.224670915282331, 5976008.858087914064527 ], [ 568446.065969600924291, 5976014.256683579646051 ], [ 568442.177946474752389, 5976017.380041386932135 ], [ 568433.553803840652108, 5976024.308056566864252 ], [ 568432.131222034222446, 5976025.444577997550368 ], [ 568422.084497593808919, 5976024.90839059650898 ], [ 568420.391123575158417, 5976024.308056565001607 ], [ 568412.037773153278977, 5976020.121967099606991 ], [ 568404.831722273956984, 5976014.256683579646051 ], [ 568401.991048712749034, 5976008.708142714574933 ], [ 568399.685746500501409, 5976004.205310594290495 ], [ 568394.539766176836565, 5975994.153937608003616 ], [ 568391.944324272219092, 5975989.967544788494706 ], [ 568381.897599831689149, 5975987.783767476677895 ], [ 568371.850875391275622, 5975985.743119430728257 ], [ 568363.773991880472749, 5975984.102564621716738 ], [ 568361.804150950745679, 5975983.702455841936171 ], [ 568351.757426510215737, 5975981.661807795986533 ], [ 568341.710702069685794, 5975979.621152820065618 ], [ 568331.663977629155852, 5975977.580496160313487 ], [ 568327.505137719330378, 5975974.051191635429859 ], [ 568323.90057125443127, 5975963.999818649142981 ], [ 568321.617253188625909, 5975955.61540612578392 ], [ 568320.982226688181981, 5975953.948445662856102 ], [ 568315.956986277597025, 5975943.897072676569223 ], [ 568311.570528748212382, 5975938.055180000141263 ], [ 568308.554421804961748, 5975943.897072676569223 ], [ 568305.447810127981938, 5975953.948445662856102 ], [ 568301.575612134416588, 5975963.999818649142981 ], [ 568301.52380430768244, 5975964.134300848469138 ], [ 568297.70342835446354, 5975974.051191635429859 ], [ 568293.831230360898189, 5975984.102564621716738 ], [ 568301.52380430768244, 5975989.312737559899688 ], [ 568304.282179941772483, 5975994.153937608003616 ], [ 568311.570528748212382, 5976002.356094997376204 ], [ 568320.953535255743191, 5976004.205310594290495 ], [ 568316.557245581177995, 5976014.256683579646051 ], [ 568312.16095613501966, 5976024.30805656593293 ], [ 568311.570528748212382, 5976025.657964179292321 ], [ 568305.2672437755391, 5976034.359429552219808 ], [ 568301.52380430768244, 5976040.148625701665878 ], [ 568296.167500363779254, 5976044.410802538506687 ], [ 568291.477079867152497, 5976048.019554540514946 ], [ 568281.430355426622555, 5976054.359862148761749 ], [ 568281.267623969120905, 5976054.462175523862243 ], [ 568271.383630986092612, 5976060.629223108291626 ], [ 568265.845010572811589, 5976064.513548511080444 ], [ 568261.336906545679085, 5976071.164571202360094 ], [ 568259.649253674549982, 5976074.564921498298645 ], [ 568261.3369065457955, 5976077.469616737216711 ], [ 568266.324207402183674, 5976084.616294483654201 ], [ 568262.998352657188661, 5976094.66766746994108 ], [ 568271.383630986092612, 5976100.319229523651302 ], [ 568281.430355426622555, 5976103.881137592718005 ], [ 568284.220746274804696, 5976104.719040456227958 ], [ 568291.477079867152497, 5976106.897972771897912 ], [ 568301.52380430768244, 5976108.788452511653304 ], [ 568309.15237002808135, 5976114.770413442514837 ], [ 568311.570528748212382, 5976116.486954095773399 ], [ 568317.824105323990807, 5976124.821786428801715 ], [ 568321.541713391896337, 5976134.873159414157271 ], [ 568311.570528748212382, 5976140.157614367082715 ], [ 568304.329551971401088, 5976134.873159414157271 ], [ 568301.52380430768244, 5976131.581116581335664 ], [ 568298.866899299435318, 5976134.873159414157271 ], [ 568299.386702485848218, 5976144.92453240044415 ], [ 568301.462964574922808, 5976154.975905386731029 ], [ 568301.52380430768244, 5976155.11031587049365 ], [ 568307.860319839091972, 5976165.027278373017907 ], [ 568307.755102628143504, 5976175.078651359304786 ], [ 568305.931581137818284, 5976185.130024345591664 ], [ 568309.013766888529062, 5976195.181397331878543 ], [ 568311.570528748212382, 5976196.395200501196086 ], [ 568321.617253188625909, 5976198.857233244925737 ], [ 568331.663977629155852, 5976204.71667480096221 ], [ 568341.710702069685794, 5976202.875274881720543 ], [ 568351.757426510215737, 5976198.810077237896621 ], [ 568361.804150950745679, 5976201.564876912161708 ], [ 568365.056149750715122, 5976205.232770318165421 ], [ 568371.850875391275622, 5976213.951635370030999 ], [ 568373.244147849036381, 5976215.2841433044523 ], [ 568381.897599831689149, 5976217.355592015199363 ], [ 568391.944324272219092, 5976219.760551633313298 ], [ 568401.991048712749034, 5976222.165512886829674 ], [ 568412.037773153278977, 5976224.570480803959072 ], [ 568415.233699667500332, 5976225.335516290739179 ], [ 568422.084497593808919, 5976226.975448720157146 ], [ 568432.131222034222446, 5976229.380416635423899 ], [ 568442.177946474752389, 5976234.918970987200737 ], [ 568443.524022300145589, 5976235.386889277026057 ], [ 568452.224670915282331, 5976237.183216251432896 ], [ 568462.271395355812274, 5976240.499877510592341 ], [ 568465.560507287736982, 5976245.438262263312936 ], [ 568462.271395355812274, 5976247.649139405228198 ], [ 568454.25628672039602, 5976255.489635249599814 ], [ 568452.224670915282331, 5976257.122287859208882 ], [ 568442.177946474752389, 5976261.641106748022139 ], [ 568432.131222034222446, 5976258.05265202280134 ], [ 568422.084497593808919, 5976262.841803584247828 ], [ 568417.023535165004432, 5976265.54100823495537 ], [ 568412.037773153278977, 5976268.200105628930032 ], [ 568401.991048712749034, 5976273.010705973953009 ], [ 568396.8740399669623, 5976275.592381221242249 ], [ 568391.944324272219092, 5976277.859777543693781 ], [ 568383.380243600811809, 5976275.592381221242249 ], [ 568381.897599831689149, 5976273.496233290992677 ], [ 568376.270723649300635, 5976265.541008234024048 ], [ 568371.850875391275622, 5976259.292220255360007 ], [ 568363.403894938295707, 5976265.54100823495537 ], [ 568361.804150950745679, 5976268.457549203187227 ], [ 568360.279126215726137, 5976275.592381220310926 ], [ 568358.13070949271787, 5976285.643754207529128 ], [ 568355.868760269833729, 5976295.695127193816006 ], [ 568351.757426510215737, 5976303.659056967124343 ], [ 568350.586812584428117, 5976305.746500180102885 ], [ 568349.077790866023861, 5976315.797873166389763 ], [ 568351.757426510215737, 5976318.880062312819064 ], [ 568358.286538284737617, 5976325.849246152676642 ], [ 568361.804150950629264, 5976329.603951262310147 ], [ 568367.703213067608885, 5976335.900619138963521 ], [ 568371.850875391275622, 5976340.14540059864521 ], [ 568377.416387458331883, 5976345.951992126181722 ], [ 568381.897599831689149, 5976349.610367915593088 ], [ 568389.728500694734976, 5976356.003365111537278 ], [ 568391.944324272219092, 5976357.812332821078598 ], [ 568401.991048712749034, 5976366.014339907094836 ], [ 568402.040533205959946, 5976366.054738097824156 ], [ 568412.037773153278977, 5976372.550141948275268 ], [ 568422.084497593808919, 5976372.488084219396114 ], [ 568432.131222034222446, 5976370.63868909701705 ], [ 568442.177946474752389, 5976368.781391251832247 ], [ 568452.224670915282331, 5976374.617449093610048 ], [ 568453.926944373873994, 5976376.106111084111035 ], [ 568462.271395355812274, 5976383.403450381942093 ], [ 568465.420611553010531, 5976386.157484069466591 ], [ 568472.318119796342216, 5976392.189451670274138 ], [ 568476.914278732030652, 5976396.208857055753469 ], [ 568482.364844236872159, 5976400.975452957674861 ], [ 568488.407961397664621, 5976406.260230042040348 ], [ 568492.411568677285686, 5976409.76143172942102 ], [ 568499.901638836832717, 5976416.311603028327227 ], [ 568502.458293117815629, 5976418.547433018684387 ], [ 568511.395306015852839, 5976426.362976014614105 ], [ 568512.505017558345571, 5976427.333434307016432 ], [ 568522.551741998875514, 5976436.119435594417155 ], [ 568522.888973194989376, 5976436.414349000900984 ], [ 568532.598466439405456, 5976444.905436883680522 ], [ 568535.997354629565962, 5976446.465721987187862 ], [ 568542.645190879818983, 5976448.818998479284346 ], [ 568552.691915320348926, 5976451.606039649806917 ], [ 568561.438063256326132, 5976456.517094973474741 ], [ 568562.738639760878868, 5976457.247381281107664 ], [ 568572.785364201408811, 5976462.888725446537137 ], [ 568579.338654739898629, 5976466.56846795976162 ], [ 568582.832088641938753, 5976468.530064942315221 ], [ 568592.878813082352281, 5976474.17141124419868 ], [ 568597.239246223121881, 5976476.619840946048498 ], [ 568602.925537522882223, 5976479.812748601660132 ], [ 568612.972261963412166, 5976485.4540970409289 ], [ 568615.139837706694379, 5976486.671213932335377 ], [ 568623.018986403942108, 5976491.095432261936367 ], [ 568633.040429268265143, 5976496.722586918622255 ], [ 568633.065710844588466, 5976496.736782812513411 ], [ 568643.112435285001993, 5976502.378115922212601 ], [ 568650.941027530585416, 5976506.773959903977811 ], [ 568653.15915972541552, 5976508.019466471858323 ], [ 568663.205884165945463, 5976513.660799582488835 ], [ 568668.841625793138519, 5976516.82533289026469 ], [ 568673.252608606591821, 5976519.302150133065879 ], [ 568683.299333047005348, 5976520.02461853902787 ], [ 568693.34605748753529, 5976518.763114091940224 ], [ 568697.549486391246319, 5976516.82533289026469 ], [ 568703.392781927948818, 5976512.867771212011576 ], [ 568713.43950636847876, 5976509.245889029465616 ], [ 568718.274178177583963, 5976506.773959904909134 ], [ 568723.486230809008703, 5976503.846703448332846 ], [ 568733.532955249538645, 5976498.972270647995174 ], [ 568737.932953940005973, 5976496.722586918622255 ], [ 568743.579679690068588, 5976493.835461730137467 ], [ 568745.984066025121137, 5976496.722586918622255 ], [ 568753.62640413059853, 5976500.927689654752612 ], [ 568763.673128570895642, 5976501.120224399492145 ], [ 568768.487834151019342, 5976496.722586918622255 ], [ 568773.719853011425585, 5976491.537475522607565 ], [ 568783.766577452071942, 5976491.835795108228922 ], [ 568793.813301892601885, 5976492.179541602730751 ], [ 568799.991442668484524, 5976486.671213932335377 ], [ 568803.860026333131827, 5976482.84743261616677 ], [ 568813.906750773545355, 5976483.361643859185278 ], [ 568823.953475214075297, 5976483.980290981009603 ], [ 568832.559748532250524, 5976476.619840946048498 ], [ 568834.00019965460524, 5976475.202732576057315 ], [ 568844.046924095135182, 5976476.258801389485598 ], [ 568846.963896711706184, 5976476.619840946048498 ], [ 568852.270142530091107, 5976486.671213932335377 ], [ 568854.093648535665125, 5976490.125392400659621 ], [ 568857.576400385471061, 5976496.722586918622255 ], [ 568862.882645139703527, 5976506.773959903977811 ], [ 568864.140372976195067, 5976509.156412387266755 ], [ 568868.188904059119523, 5976516.82533289026469 ], [ 568873.495165344211273, 5976526.876705876551569 ], [ 568874.187097416492179, 5976531.327573247253895 ], [ 568875.198745456640609, 5976536.92807886376977 ], [ 568874.187097416608594, 5976544.411830625496805 ], [ 568873.842159739346243, 5976546.979451849125326 ], [ 568872.622347902040929, 5976557.030824836343527 ], [ 568871.037439842475578, 5976567.082197821699083 ], [ 568869.399242087965831, 5976577.133570807985961 ], [ 568867.761044333456084, 5976587.18494379427284 ], [ 568866.122846579062752, 5976597.236316780559719 ], [ 568865.824987756437622, 5976607.287689766846597 ], [ 568870.330877625616267, 5976617.339062753133476 ], [ 568874.187097416608594, 5976618.939548468217254 ] ], [ [ 568362.381436115363613, 5976124.821786429733038 ], [ 568367.886752921273001, 5976114.770413442514837 ], [ 568371.850875391275622, 5976112.033825971186161 ], [ 568381.897599831689149, 5976104.914402475580573 ], [ 568386.48240264703054, 5976114.770413442514837 ], [ 568385.225045155617408, 5976124.821786428801715 ], [ 568381.897599831689149, 5976127.360246405005455 ], [ 568371.850875391275622, 5976128.166872250847518 ], [ 568362.381436115363613, 5976124.821786429733038 ] ], [ [ 568211.103284343029372, 5975941.043850064277649 ], [ 568221.150008783559315, 5975937.57541967369616 ], [ 568229.041000826400705, 5975933.845699690282345 ], [ 568231.196733224089257, 5975933.039541649632156 ], [ 568241.2434576646192, 5975929.282431804575026 ], [ 568251.290182105032727, 5975925.581269921734929 ], [ 568255.919192544184625, 5975923.794326703995466 ], [ 568261.336906545679085, 5975921.76833045296371 ], [ 568271.383630986092612, 5975918.01127977669239 ], [ 568281.430355426622555, 5975914.254168045707047 ], [ 568282.797384261968546, 5975913.742953717708588 ], [ 568283.137975672842003, 5975903.691580731421709 ], [ 568281.430355426506139, 5975902.920960670337081 ], [ 568271.383630986092612, 5975901.384418549947441 ], [ 568265.045827308553271, 5975893.64020774513483 ], [ 568261.336906545679085, 5975891.777951006777585 ], [ 568251.290182105149142, 5975889.447161549702287 ], [ 568245.634991638711654, 5975883.588834758847952 ], [ 568241.2434576646192, 5975881.342134384438396 ], [ 568231.196733223972842, 5975878.847874236293137 ], [ 568225.444395993719809, 5975883.588834758847952 ], [ 568222.555048967245966, 5975893.64020774513483 ], [ 568221.150008783559315, 5975896.140590757131577 ], [ 568218.566555538214743, 5975903.691580731421709 ], [ 568216.795442765811458, 5975913.742953717708588 ], [ 568213.636516212951392, 5975923.794326703995466 ], [ 568211.103284343029372, 5975927.766935047693551 ], [ 568209.990675693727098, 5975933.845699690282345 ], [ 568211.103284343029372, 5975941.043850064277649 ] ], [ [ 568301.52380430768244, 5975904.596229506656528 ], [ 568301.750189287238754, 5975903.691580730490386 ], [ 568301.52380430768244, 5975903.293809783644974 ], [ 568301.390689832740463, 5975903.691580731421709 ], [ 568301.52380430768244, 5975904.596229506656528 ] ], [ [ 568291.477079867152497, 5975895.777249426580966 ], [ 568296.029610950732604, 5975893.64020774513483 ], [ 568291.477079867152497, 5975885.641158477403224 ], [ 568290.485599473118782, 5975893.64020774513483 ], [ 568291.477079867152497, 5975895.777249426580966 ] ], [ [ 568281.430355426622555, 5975885.357520183548331 ], [ 568290.309032614110038, 5975883.588834758847952 ], [ 568284.588433251599781, 5975873.537461773492396 ], [ 568281.430355426622555, 5975867.988544116728008 ], [ 568278.867854914977215, 5975863.486088787205517 ], [ 568273.147255552583374, 5975853.434715800918639 ], [ 568271.383630986092612, 5975850.335929755121469 ], [ 568267.438664982793853, 5975843.38334281463176 ], [ 568261.336906545679085, 5975834.778695211745799 ], [ 568258.015125048113987, 5975833.331969828344882 ], [ 568251.290182105149142, 5975831.681220971047878 ], [ 568241.2434576646192, 5975829.215069054625928 ], [ 568231.196733224089257, 5975826.748917138203979 ], [ 568221.150008783559315, 5975824.282765221782029 ], [ 568217.067301020259038, 5975823.280596842058003 ], [ 568211.103284343029372, 5975821.816629965789616 ], [ 568201.056559902615845, 5975819.350478049367666 ], [ 568191.009835462085903, 5975816.884326132945716 ], [ 568180.96311102155596, 5975815.036798246204853 ], [ 568176.119476992404088, 5975813.229223855771124 ], [ 568170.916386581026018, 5975811.952038960531354 ], [ 568160.869662140496075, 5975811.659751827828586 ], [ 568156.405874239746481, 5975813.229223856702447 ], [ 568160.226271138177253, 5975823.280596842058003 ], [ 568160.869662140496075, 5975824.973343200981617 ], [ 568164.046668037073687, 5975833.331969828344882 ], [ 568170.291637597372755, 5975843.38334281463176 ], [ 568170.916386581026018, 5975845.322922197170556 ], [ 568180.96311102155596, 5975845.708742088638246 ], [ 568191.009835462085903, 5975845.156363083049655 ], [ 568201.056559902615845, 5975845.004418969154358 ], [ 568211.103284343029372, 5975844.933321521617472 ], [ 568221.150008783559315, 5975844.918166346848011 ], [ 568231.196733224089257, 5975845.563442138954997 ], [ 568241.2434576646192, 5975845.906725042499602 ], [ 568248.370070653734729, 5975853.434715799987316 ], [ 568251.290182105149142, 5975855.112030650489032 ], [ 568259.946269894135185, 5975863.486088787205517 ], [ 568261.336906545679085, 5975865.109445532783866 ], [ 568270.110706026433036, 5975873.537461774423718 ], [ 568271.383630986092612, 5975875.206935429945588 ], [ 568280.243781999801286, 5975883.588834758847952 ], [ 568281.430355426622555, 5975885.357520183548331 ] ], [ [ 568211.103284343029372, 5975874.026955128647387 ], [ 568221.150008783559315, 5975877.002445664256811 ], [ 568223.758185159997083, 5975873.537461773492396 ], [ 568221.150008783559315, 5975872.479687974788249 ], [ 568211.103284343029372, 5975872.986676389351487 ], [ 568210.208084799582139, 5975873.537461773492396 ], [ 568211.103284343029372, 5975874.026955128647387 ] ] ] } },
{ "type": "Feature", "properties": { "id": 1, "cost_level": 600.0 }, "geometry": { "type": "Polygon", "coordinates": [ [ [ 568753.62640413059853, 5976431.598124329000711 ], [ 568763.673128571012057, 5976428.877785160206258 ], [ 568772.427847576444037, 5976426.362976014614105 ], [ 568773.719853011542, 5976425.983038598671556 ], [ 568783.766577452071942, 5976422.980466389097273 ], [ 568793.813301892601885, 5976419.889924955554307 ], [ 568803.860026333131827, 5976416.707012629136443 ], [ 568805.08953221864067, 5976416.311603028327227 ], [ 568813.906750773545355, 5976413.476005118340254 ], [ 568823.953475214075297, 5976410.39789772592485 ], [ 568834.00019965460524, 5976407.74796306155622 ], [ 568840.171862309100106, 5976406.260230042040348 ], [ 568844.046924095135182, 5976405.300771952606738 ], [ 568854.093648535665125, 5976402.341674904339015 ], [ 568864.140372976195067, 5976399.191468563862145 ], [ 568873.869486107840203, 5976396.208857055753469 ], [ 568874.187097416608594, 5976396.111824926920235 ], [ 568884.233821857138537, 5976393.042491343803704 ], [ 568894.280546297784895, 5976389.973108659498394 ], [ 568904.327270738198422, 5976386.903750907629728 ], [ 568906.769976309267804, 5976386.157484069466591 ], [ 568914.373995178728364, 5976383.834411447867751 ], [ 568924.420719619141892, 5976380.76507786475122 ], [ 568928.679730291012675, 5976376.106111083179712 ], [ 568934.467444059671834, 5976371.425713267177343 ], [ 568938.724418290774338, 5976366.054738097824156 ], [ 568944.514168500201777, 5976358.749834676273167 ], [ 568946.690976571990177, 5976356.003365111537278 ], [ 568954.560892940731719, 5976346.073982616886497 ], [ 568954.657581226667389, 5976345.951992125250399 ], [ 568962.624139507999644, 5976335.900619138032198 ], [ 568964.607617381261662, 5976333.398088037967682 ], [ 568970.522166201728396, 5976325.849246152676642 ], [ 568974.654341821791604, 5976320.541944108903408 ], [ 568978.096874928800389, 5976315.797873166389763 ], [ 568984.701066262205131, 5976306.696851416490972 ], [ 568985.5883875641739, 5976305.746500180102885 ], [ 568994.747790702735074, 5976297.9836809867993 ], [ 569000.87519611523021, 5976295.695127193816006 ], [ 569004.794515143265016, 5976294.231282087042928 ], [ 569014.841239583794959, 5976292.646459206938744 ], [ 569024.887964024324901, 5976293.308909141458571 ], [ 569034.934688464738429, 5976293.971351439133286 ], [ 569044.981412905268371, 5976294.63376447930932 ], [ 569055.028137345798314, 5976295.289741577580571 ], [ 569065.074861786328256, 5976294.652440027333796 ], [ 569072.036530082696117, 5976285.643754207529128 ], [ 569075.121586226858199, 5976281.947898982092738 ], [ 569081.821894161752425, 5976275.592381221242249 ], [ 569085.168310667388141, 5976272.449365159496665 ], [ 569090.098060529795475, 5976265.54100823495537 ], [ 569095.215035107685253, 5976256.020287873223424 ], [ 569095.500235863495618, 5976255.489635249599814 ], [ 569100.902343691675924, 5976245.438262263312936 ], [ 569105.261759548331611, 5976237.326959665864706 ], [ 569106.304449488176033, 5976235.386889277026057 ], [ 569110.761437697103247, 5976225.335516290739179 ], [ 569105.261759548331611, 5976218.202767672948539 ], [ 569098.989984802436084, 5976215.2841433044523 ], [ 569095.215035107801668, 5976213.527437967248261 ], [ 569091.660750201786868, 5976205.232770318165421 ], [ 569091.070137748960406, 5976195.181397331878543 ], [ 569091.415064054192044, 5976185.130024345591664 ], [ 569092.407927482505329, 5976175.078651359304786 ], [ 569094.369416082743555, 5976165.027278373017907 ], [ 569095.215035107801668, 5976163.220956689678133 ], [ 569100.215102423680946, 5976154.975905386731029 ], [ 569105.261759548331611, 5976149.144920531660318 ], [ 569114.873893265845254, 5976144.92453240044415 ], [ 569115.308483988861553, 5976144.747646515257657 ], [ 569125.355208429391496, 5976140.640435080975294 ], [ 569135.401932869921438, 5976136.491256844252348 ], [ 569137.359263880061917, 5976134.873159414157271 ], [ 569135.401932869921438, 5976127.842460823245347 ], [ 569134.660861150710844, 5976124.821786428801715 ], [ 569128.715154725010507, 5976114.770413442514837 ], [ 569125.355208429391496, 5976109.07893549464643 ], [ 569123.087181787588634, 5976104.719040456227958 ], [ 569117.657016426557675, 5976094.667667469009757 ], [ 569115.308483988861553, 5976090.481539609842002 ], [ 569112.221790785668418, 5976084.616294483654201 ], [ 569106.932060739723966, 5976074.564921497367322 ], [ 569105.261759548331611, 5976071.391080594621599 ], [ 569099.435025620739907, 5976064.513548511080444 ], [ 569095.215035107801668, 5976055.612013353034854 ], [ 569094.994375380803831, 5976054.462175524793565 ], [ 569093.139272402389906, 5976044.410802538506687 ], [ 569091.284170285332948, 5976034.359429552219808 ], [ 569089.429051534738392, 5976024.308056565001607 ], [ 569095.215035107801668, 5976018.475358138792217 ], [ 569097.710752366110682, 5976014.256683580577374 ], [ 569099.520119063439779, 5976004.205310594290495 ], [ 569099.103535814443603, 5975994.153937608003616 ], [ 569098.686952565680258, 5975984.102564621716738 ], [ 569098.270369316684082, 5975974.051191635429859 ], [ 569097.853786067804322, 5975963.999818649142981 ], [ 569097.437202818924561, 5975953.948445662856102 ], [ 569097.020619569928385, 5975943.897072676569223 ], [ 569096.604036321048625, 5975933.845699689351022 ], [ 569095.215035107801668, 5975925.502384379506111 ], [ 569094.923639277694747, 5975923.794326703995466 ], [ 569087.216544821974821, 5975913.742953717708588 ], [ 569086.294546284014359, 5975903.691580731421709 ], [ 569085.168310667388141, 5975898.244979809969664 ], [ 569084.21614459878765, 5975893.64020774513483 ], [ 569082.137740680482239, 5975883.588834758847952 ], [ 569080.059326972463168, 5975873.537461773492396 ], [ 569077.980927174910903, 5975863.48608878813684 ], [ 569075.902527377242222, 5975853.434715800918639 ], [ 569075.121586226858199, 5975849.77456190623343 ], [ 569073.756049987510778, 5975843.38334281463176 ], [ 569069.299426152836531, 5975833.331969828344882 ], [ 569070.53176357736811, 5975823.280596842058003 ], [ 569075.121586226858199, 5975816.815321478061378 ], [ 569077.667425524210557, 5975813.229223856702447 ], [ 569080.626157661085017, 5975803.177850869484246 ], [ 569080.459868524689227, 5975793.126477883197367 ], [ 569080.293579388293438, 5975783.075104896910489 ], [ 569080.127303666085936, 5975773.02373191062361 ], [ 569079.96102784993127, 5975762.972358924336731 ], [ 569080.012695978977717, 5975752.920985938981175 ], [ 569081.109436460305005, 5975742.869612952694297 ], [ 569082.393456657184288, 5975732.818239966407418 ], [ 569083.677465812419541, 5975722.76686698012054 ], [ 569084.961492314818315, 5975712.715493993833661 ], [ 569085.168310667388141, 5975711.096491263248026 ], [ 569086.245495164650492, 5975702.664121007546782 ], [ 569087.529503304278478, 5975692.612748021259904 ], [ 569088.813524516881444, 5975682.561375034973025 ], [ 569090.09753896179609, 5975672.510002048686147 ], [ 569091.381553869112395, 5975662.458629062399268 ], [ 569092.665556211140938, 5975652.40725607611239 ], [ 569093.949583221343346, 5975642.355883089825511 ], [ 569095.215035107801668, 5975632.449725997634232 ], [ 569095.23358560889028, 5975632.304510103538632 ], [ 569096.517612573457882, 5975622.253137118183076 ], [ 569097.801614915486425, 5975612.201764130964875 ], [ 569099.085641925805248, 5975602.150391146540642 ], [ 569100.369644267717376, 5975592.099018159322441 ], [ 569101.653662418946624, 5975582.047645173035562 ], [ 569102.937673620064743, 5975571.996272186748683 ], [ 569105.261759548331611, 5975565.552477586083114 ], [ 569107.24662198277656, 5975561.944899199530482 ], [ 569113.693669749191031, 5975551.893526214174926 ], [ 569115.308483988861553, 5975543.86943219602108 ], [ 569115.567647119984031, 5975541.842153227888048 ], [ 569116.852593758725561, 5975531.790780241601169 ], [ 569117.443374296301045, 5975521.739407256245613 ], [ 569117.371104040881619, 5975511.688034269027412 ], [ 569115.806166359689087, 5975501.636661283671856 ], [ 569115.308483988861553, 5975499.579358268529177 ], [ 569113.244126691715792, 5975491.585288297384977 ], [ 569110.943104697857052, 5975481.533915311098099 ], [ 569108.511573613504879, 5975471.48254232481122 ], [ 569106.088957512518391, 5975461.431169338524342 ], [ 569105.61434338951949, 5975451.379796352237463 ], [ 569105.261759548331611, 5975442.107481149956584 ], [ 569105.231573179946281, 5975441.328423365950584 ], [ 569104.821387600502931, 5975431.277050379663706 ], [ 569104.368608937831596, 5975421.225677393376827 ], [ 569103.866248950827867, 5975411.174304407089949 ], [ 569103.305669875117019, 5975401.12293142080307 ], [ 569102.676150605548173, 5975391.071558434516191 ], [ 569101.96411854820326, 5975381.020185449160635 ], [ 569101.152234786539339, 5975370.968812462873757 ], [ 569100.217890601139516, 5975360.917439477518201 ], [ 569099.131138655357063, 5975350.8660664903 ], [ 569097.851359327789396, 5975340.814693503081799 ], [ 569096.322126751416363, 5975330.763320517726243 ], [ 569095.215035107801668, 5975324.533365039154887 ], [ 569092.298225555103272, 5975320.711947531439364 ], [ 569085.168310667388141, 5975311.37078860681504 ], [ 569084.626214409363456, 5975310.660574545152485 ], [ 569076.954144849674776, 5975300.609201558865607 ], [ 569075.121586226858199, 5975298.208294252865016 ], [ 569069.282157600391656, 5975290.557828572578728 ], [ 569065.074861786328256, 5975285.045743579044938 ], [ 569061.610116426600143, 5975280.50645558629185 ], [ 569055.028137345798314, 5975271.883167146705091 ], [ 569053.938100791652687, 5975270.455082600004971 ], [ 569046.266031231964007, 5975260.40370961278677 ], [ 569044.981412905268371, 5975258.720680493861437 ], [ 569038.594043982797302, 5975250.352336628362536 ], [ 569034.934688464738429, 5975249.468629981391132 ], [ 569024.887964024324901, 5975246.871201684698462 ], [ 569014.841239583794959, 5975243.81299240142107 ], [ 569004.794515143265016, 5975240.386889770627022 ], [ 569004.559255208238028, 5975240.300963642075658 ], [ 568994.747790702735074, 5975237.594705390743911 ], [ 568984.701066262205131, 5975234.823574139736593 ], [ 568974.654341821791604, 5975232.052425052039325 ], [ 568968.118173467344604, 5975230.249590655788779 ], [ 568964.607617381261662, 5975229.281293801032007 ], [ 568954.560892940731719, 5975220.437293138355017 ], [ 568954.480590204009786, 5975220.198217669501901 ], [ 568953.283263081219047, 5975210.146844683215022 ], [ 568952.085924235871062, 5975200.095471696928144 ], [ 568950.888599112164229, 5975190.044098710641265 ], [ 568949.691266368725337, 5975179.992725724354386 ], [ 568948.493933144025505, 5975169.941352738067508 ], [ 568947.296608020435087, 5975159.889979751780629 ], [ 568945.507015529437922, 5975149.838606765493751 ], [ 568944.514168500201777, 5975145.125987709499896 ], [ 568939.206792468437925, 5975149.838606765493751 ], [ 568934.467444059671834, 5975154.04681927524507 ], [ 568927.886794141260907, 5975159.889979751780629 ], [ 568924.420719619141892, 5975162.967637853696942 ], [ 568916.560976629494689, 5975169.941352738067508 ], [ 568914.373995178728364, 5975171.881410696543753 ], [ 568905.228581375209615, 5975179.992725724354386 ], [ 568904.327270738198422, 5975180.792122522369027 ], [ 568894.280546297668479, 5975189.702831638976932 ], [ 568893.895771233481355, 5975190.044098710641265 ], [ 568884.233821857138537, 5975198.613534405827522 ], [ 568882.562953017302789, 5975200.095471696928144 ], [ 568874.18709741672501, 5975207.524237174540758 ], [ 568871.230134801007807, 5975210.146844684146345 ], [ 568864.140372976195067, 5975216.434939941391349 ], [ 568859.890692103537731, 5975220.198217669501901 ], [ 568854.093648535665125, 5975225.338856479153037 ], [ 568848.420200886204839, 5975230.249590655788779 ], [ 568844.046924095135182, 5975237.651924517005682 ], [ 568842.707413533586077, 5975240.300963642075658 ], [ 568844.046924095135182, 5975241.809836014173925 ], [ 568848.657964876387268, 5975250.352336628362536 ], [ 568852.527455849689431, 5975260.403709613718092 ], [ 568854.093648535665125, 5975265.604713888838887 ], [ 568854.603774367598817, 5975270.455082600004971 ], [ 568855.596503572072834, 5975280.506455587223172 ], [ 568856.61018506763503, 5975290.557828572578728 ], [ 568857.623871342046186, 5975300.609201558865607 ], [ 568858.637561659095809, 5975310.660574545152485 ], [ 568859.651243154658005, 5975320.711947531439364 ], [ 568860.664933545980603, 5975330.763320517726243 ], [ 568861.678619746351615, 5975340.814693504944444 ], [ 568862.692301241797395, 5975350.8660664903 ], [ 568863.705995749915019, 5975360.917439476586878 ], [ 568864.140372976195067, 5975365.224592785350978 ], [ 568864.719678617664613, 5975370.968812462873757 ], [ 568865.733361485414207, 5975381.020185449160635 ], [ 568866.7470544250682, 5975391.071558434516191 ], [ 568867.760740821599029, 5975401.12293142080307 ], [ 568868.774423689348623, 5975411.174304407089949 ], [ 568869.788112512091175, 5975421.225677393376827 ], [ 568870.801794007536955, 5975431.277050379663706 ], [ 568871.815485893283039, 5975441.328423365950584 ], [ 568872.829170599230565, 5975451.379796352237463 ], [ 568873.842852094676346, 5975461.431169337593019 ], [ 568874.187097416608594, 5975464.84456074424088 ], [ 568874.85654719080776, 5975471.48254232481122 ], [ 568874.394262808840722, 5975481.533915311098099 ], [ 568874.187097416608594, 5975481.936719060875475 ], [ 568868.968718724092469, 5975491.585288297384977 ], [ 568864.140372976195067, 5975497.0468704495579 ], [ 568858.310938909184188, 5975501.636661283671856 ], [ 568854.093648535665125, 5975503.767054886557162 ], [ 568844.046924095135182, 5975508.450385371223092 ], [ 568835.561982037383132, 5975511.688034269027412 ], [ 568834.00019965460524, 5975512.306106039322913 ], [ 568823.953475214075297, 5975513.253910321742296 ], [ 568813.906750773545355, 5975514.201714603230357 ], [ 568803.860026333131827, 5975515.149518885649741 ], [ 568793.813301892601885, 5975516.097317541018128 ], [ 568783.766577452071942, 5975519.255922267213464 ], [ 568780.581413885229267, 5975521.739407255314291 ], [ 568773.719853011542, 5975528.036507375538349 ], [ 568769.62906125979498, 5975531.790780241601169 ], [ 568763.673128571012057, 5975537.256762828677893 ], [ 568758.67671200633049, 5975541.842153227888048 ], [ 568753.62640413059853, 5975546.477001613005996 ], [ 568747.724362655426376, 5975551.893526214174926 ], [ 568743.579679690068588, 5975555.697250757366419 ], [ 568736.772004271508195, 5975561.944899200461805 ], [ 568733.532955249538645, 5975564.91749584954232 ], [ 568725.819664051057771, 5975571.996272186748683 ], [ 568723.486230809008703, 5975574.137747751548886 ], [ 568713.43950636847876, 5975580.585950488224626 ], [ 568708.709473863011226, 5975582.047645173035562 ], [ 568703.392781927948818, 5975582.965372215025127 ], [ 568693.34605748753529, 5975589.389138895086944 ], [ 568689.107825997052714, 5975592.099018159322441 ], [ 568683.299333047005348, 5975595.812912197783589 ], [ 568673.252608606475405, 5975601.652468604966998 ], [ 568670.043786638183519, 5975602.150391145609319 ], [ 568663.205884165945463, 5975603.044459336437285 ], [ 568655.237663972191513, 5975612.201764131896198 ], [ 568653.15915972541552, 5975614.278780238702893 ], [ 568646.101072048535571, 5975622.253137118183076 ], [ 568643.112435285001993, 5975625.629753734916449 ], [ 568637.204629162326455, 5975632.304510103538632 ], [ 568633.065710844472051, 5975636.980735126882792 ], [ 568628.308177095139399, 5975642.355883089825511 ], [ 568623.018986403942108, 5975648.331706713885069 ], [ 568619.411725027719513, 5975652.40725607611239 ], [ 568612.972261963412166, 5975659.682678300887346 ], [ 568610.515272960299626, 5975662.458629061467946 ], [ 568602.925537522882223, 5975671.033649887889624 ], [ 568601.618820892996155, 5975672.510002048686147 ], [ 568592.878813082352281, 5975681.507138038054109 ], [ 568592.214536854298785, 5975682.561375035904348 ], [ 568592.878813082352281, 5975684.488876570947468 ], [ 568595.678548689931631, 5975692.612748021259904 ], [ 568599.142560525797307, 5975702.664121007546782 ], [ 568602.606572361430153, 5975712.715493993833661 ], [ 568602.925537522882223, 5975713.641021376475692 ], [ 568604.570002617780119, 5975722.76686698012054 ], [ 568602.925537522882223, 5975726.443447617813945 ], [ 568600.428677160758525, 5975732.818239966407418 ], [ 568595.242816510028206, 5975742.869612952694297 ], [ 568592.878813082352281, 5975747.451590675860643 ], [ 568590.056959740701132, 5975752.920985938981175 ], [ 568584.871099090087228, 5975762.972358925268054 ], [ 568582.832088641938753, 5975766.924426142126322 ], [ 568579.685242320643738, 5975773.02373191062361 ], [ 568572.785364201408811, 5975780.808079333975911 ], [ 568570.906110491952859, 5975783.075104896910489 ], [ 568562.738639760878868, 5975790.380304044112563 ], [ 568553.371027764165774, 5975793.126477883197367 ], [ 568552.691915320348926, 5975793.238677644170821 ], [ 568542.645190879818983, 5975794.695570792071521 ], [ 568537.154302284587175, 5975793.126477882266045 ], [ 568532.598466439405456, 5975792.007614980451763 ], [ 568522.551741998875514, 5975788.574018653482199 ], [ 568512.505017558345571, 5975788.511313398368657 ], [ 568506.154125101980753, 5975793.126477883197367 ], [ 568511.343421712750569, 5975803.177850870415568 ], [ 568512.505017558345571, 5975805.427796089090407 ], [ 568516.020819452241994, 5975813.229223855771124 ], [ 568519.341120403259993, 5975823.280596842058003 ], [ 568522.09769819281064, 5975833.331969829276204 ], [ 568522.551741998875514, 5975834.646887501701713 ], [ 568532.598466439405456, 5975841.189150626771152 ], [ 568534.230277584865689, 5975843.38334281463176 ], [ 568533.366605454706587, 5975853.434715800918639 ], [ 568532.598466439405456, 5975862.374212570488453 ], [ 568532.548770067514852, 5975863.486088787205517 ], [ 568531.964621955645271, 5975873.537461773492396 ], [ 568529.847529863007367, 5975883.588834758847952 ], [ 568532.598466439405456, 5975892.277961097657681 ], [ 568533.428350207628682, 5975893.64020774513483 ], [ 568532.598466439405456, 5975894.919059595093131 ], [ 568524.044605038594455, 5975903.691580731421709 ], [ 568522.551741998875514, 5975905.222605370916426 ], [ 568514.243772226502188, 5975913.742953717708588 ], [ 568512.505017558345571, 5975915.526156096719205 ], [ 568504.442935428814963, 5975923.794326703995466 ], [ 568502.458293117815629, 5975925.829702354036272 ], [ 568494.642098760581575, 5975933.845699690282345 ], [ 568492.411568677285686, 5975935.816940911114216 ], [ 568484.50608869176358, 5975943.897072676569223 ], [ 568482.364844236872159, 5975945.809665659442544 ], [ 568474.09106982301455, 5975953.948445662856102 ], [ 568476.598968896782026, 5975963.999818649142981 ], [ 568482.364844236872159, 5975969.243756152689457 ], [ 568488.700532682240009, 5975974.051191635429859 ], [ 568492.411568677285686, 5975977.36642075702548 ], [ 568502.458293117815629, 5975977.38526607118547 ], [ 568508.508668684051372, 5975974.051191635429859 ], [ 568512.505017558345571, 5975971.457560956478119 ], [ 568518.708315573865548, 5975974.051191635429859 ], [ 568522.551741998875514, 5975976.692248616367579 ], [ 568532.598466439405456, 5975983.392399936914444 ], [ 568533.663339378079399, 5975984.102564621716738 ], [ 568542.645190879818983, 5975990.092569164931774 ], [ 568548.735104166786186, 5975994.153937608003616 ], [ 568552.691915320348926, 5975996.996726202778518 ], [ 568562.738639760878868, 5976003.492889712564647 ], [ 568563.806895805639215, 5976004.205310594290495 ], [ 568572.785364201408811, 5976012.192793315276504 ], [ 568575.540141565259546, 5976014.256683579646051 ], [ 568582.832088641938753, 5976020.959855637513101 ], [ 568586.474379749037325, 5976024.30805656593293 ], [ 568592.785914251580834, 5976034.359429553151131 ], [ 568590.16448979859706, 5976044.410802539438009 ], [ 568587.515046678017825, 5976054.462175524793565 ], [ 568585.170238535967655, 5976064.513548511080444 ], [ 568582.832088641938753, 5976072.228232677094638 ], [ 568582.195943294558674, 5976074.564921496436 ], [ 568580.06799024483189, 5976084.616294483654201 ], [ 568579.932757855276577, 5976094.667667470872402 ], [ 568579.482923519331962, 5976104.719040456227958 ], [ 568582.832088641938753, 5976108.61789443064481 ], [ 568586.440314541687258, 5976114.770413442514837 ], [ 568592.878813082352281, 5976121.013659431599081 ], [ 568596.218793625826947, 5976124.821786428801715 ], [ 568602.925537522882223, 5976131.355207939632237 ], [ 568606.536815249593928, 5976134.873159414157271 ], [ 568612.972261963412166, 5976141.142294875346124 ], [ 568616.854836873477325, 5976144.92453240044415 ], [ 568623.018986403942108, 5976150.929381811991334 ], [ 568627.172858497244306, 5976154.975905386731029 ], [ 568633.065710844472051, 5976160.716447995044291 ], [ 568637.490900992881507, 5976165.027278373017907 ], [ 568643.112435285001993, 5976170.50353588629514 ], [ 568647.808921609423123, 5976175.078651359304786 ], [ 568653.15915972541552, 5976180.290623778477311 ], [ 568658.126942225848325, 5976185.130024345591664 ], [ 568663.205884165945463, 5976190.07771166972816 ], [ 568668.444962842389941, 5976195.181397331878543 ], [ 568667.724541852949187, 5976205.232770318165421 ], [ 568663.205884165945463, 5976213.970616017468274 ], [ 568662.52661145105958, 5976215.284143305383623 ], [ 568657.328681049053557, 5976225.335516290739179 ], [ 568653.15915972541552, 5976233.398227938450873 ], [ 568652.13075064716395, 5976235.386889277026057 ], [ 568648.335527091985568, 5976245.438262263312936 ], [ 568653.15915972541552, 5976253.788825302384794 ], [ 568654.145209104288369, 5976255.489635249599814 ], [ 568660.052113873651251, 5976265.541008234024048 ], [ 568663.205884165945463, 5976270.907152852043509 ], [ 568665.959468926885165, 5976275.592381221242249 ], [ 568671.866823980002664, 5976285.643754206597805 ], [ 568673.252608606475405, 5976288.001668712124228 ], [ 568677.774179033236578, 5976295.695127193816006 ], [ 568682.26353583286982, 5976305.746500180102885 ], [ 568683.299333047005348, 5976310.964620130136609 ], [ 568684.258734148810618, 5976315.797873167321086 ], [ 568689.266822522156872, 5976325.849246152676642 ], [ 568693.34605748753529, 5976332.145258540287614 ], [ 568695.779184570768848, 5976335.900619138963521 ], [ 568702.291546619264409, 5976345.951992125250399 ], [ 568703.392781927948818, 5976347.651671404950321 ], [ 568708.80390866775997, 5976356.003365111537278 ], [ 568713.43950636847876, 5976364.768872243352234 ], [ 568714.177314912434667, 5976366.054738096892834 ], [ 568720.124455992598087, 5976376.106111084111035 ], [ 568723.486230809008703, 5976381.560999351553619 ], [ 568726.318999773357064, 5976386.157484069466591 ], [ 568732.513569530681707, 5976396.208857055753469 ], [ 568733.532955249538645, 5976397.879805908538401 ], [ 568738.677608969155699, 5976406.260230042040348 ], [ 568743.579679690068588, 5976415.613065256737173 ], [ 568743.972672234871425, 5976416.311603028327227 ], [ 568749.407562252599746, 5976426.362976014614105 ], [ 568753.62640413059853, 5976431.598124329000711 ] ] ] } },
{ "type": "Feature", "properties": { "id": 0, "cost_level": 300.0 }, "geometry": { "type": "Polygon", "coordinates": [ [ [ 568934.467444059671834, 5976026.700621065683663 ], [ 568937.283525789156556, 5976024.30805656593293 ], [ 568944.514168500201777, 5976018.164847411215305 ], [ 568949.11413870123215, 5976014.256683579646051 ], [ 568954.560892940731719, 5976009.629086663946509 ], [ 568960.944752893643454, 5976004.205310594290495 ], [ 568964.607617381261662, 5976001.093313009478152 ], [ 568972.775371200637892, 5975994.153937608003616 ], [ 568974.654341821791604, 5975992.557552261278033 ], [ 568984.605995046091266, 5975984.102564621716738 ], [ 568984.701066262205131, 5975984.021791514009237 ], [ 568994.747790702735074, 5975975.48601785954088 ], [ 568996.436603699810803, 5975974.051191635429859 ], [ 569004.794515143265016, 5975966.950257111340761 ], [ 569008.880285559338517, 5975963.999818649142981 ], [ 569014.841239583794959, 5975957.525000325404108 ], [ 569016.360593167948537, 5975953.948445662856102 ], [ 569015.944009918952361, 5975943.897072675637901 ], [ 569015.5274266700726, 5975933.845699690282345 ], [ 569014.841239583794959, 5975931.93745328206569 ], [ 569011.840584303019568, 5975923.794326703995466 ], [ 569004.794515143265016, 5975914.990755952894688 ], [ 569003.795818012556992, 5975913.742953717708588 ], [ 568995.751051721978001, 5975903.691580731421709 ], [ 568994.747790702735074, 5975902.438076236285269 ], [ 568987.706285431515425, 5975893.64020774513483 ], [ 568984.701066262205131, 5975889.885396519675851 ], [ 568979.446114433696494, 5975883.588834758847952 ], [ 568974.654341821791604, 5975876.780555099248886 ], [ 568964.607617381261662, 5975876.485052343457937 ], [ 568962.841622024658136, 5975873.537461773492396 ], [ 568954.560892940731719, 5975866.605748900212348 ], [ 568950.461774542462081, 5975863.486088787205517 ], [ 568944.514168500201777, 5975857.480159118771553 ], [ 568941.929028318612836, 5975853.434715800918639 ], [ 568935.652343682944775, 5975843.38334281463176 ], [ 568934.467444059671834, 5975841.094341996125877 ], [ 568930.745352891273797, 5975833.331969828344882 ], [ 568925.925675889011472, 5975823.280596842058003 ], [ 568924.420719619141892, 5975815.52611268311739 ], [ 568924.006722113233991, 5975813.229223854839802 ], [ 568923.682048514252529, 5975803.177850869484246 ], [ 568914.373995178728364, 5975800.620221501216292 ], [ 568904.327270738198422, 5975796.171862743794918 ], [ 568899.845322556677274, 5975793.126477883197367 ], [ 568894.280546297668479, 5975791.212680142372847 ], [ 568884.233821857138537, 5975787.757483089342713 ], [ 568874.187097416608594, 5975784.302286333404481 ], [ 568870.618800751515664, 5975783.075104896910489 ], [ 568864.140372976195067, 5975780.84709385316819 ], [ 568854.093648535665125, 5975777.391896799206734 ], [ 568844.046924095135182, 5975773.9366997461766 ], [ 568841.392274844809435, 5975773.02373191062361 ], [ 568834.00019965460524, 5975770.481502693146467 ], [ 568823.953475214075297, 5975767.026308545842767 ], [ 568813.906750773545355, 5975763.571113310754299 ], [ 568812.165743908612058, 5975762.972358924336731 ], [ 568803.860026333131827, 5975760.115916403010488 ], [ 568793.813301892601885, 5975756.660719349980354 ], [ 568783.766577452071942, 5975753.205522297881544 ], [ 568783.384066059603356, 5975752.920985938981175 ], [ 568773.719853011542, 5975747.763867769390345 ], [ 568768.197888039634563, 5975742.869612952694297 ], [ 568763.673128571012057, 5975739.11889495048672 ], [ 568753.62640413059853, 5975734.582967556081712 ], [ 568750.414235586416908, 5975732.818239966407418 ], [ 568743.579679690068588, 5975724.360316354781389 ], [ 568742.37637661700137, 5975722.76686698012054 ], [ 568742.50741942122113, 5975712.715493993833661 ], [ 568743.579679690068588, 5975711.171128800138831 ], [ 568749.486141877947375, 5975702.664121007546782 ], [ 568753.62640413059853, 5975696.7009501401335 ], [ 568756.464862755034119, 5975692.612748021259904 ], [ 568763.443588914349675, 5975682.561375034973025 ], [ 568763.673128571012057, 5975682.230771480128169 ], [ 568770.422312124632299, 5975672.510002048686147 ], [ 568773.719853011542, 5975667.760592820122838 ], [ 568777.401032248162664, 5975662.458629062399268 ], [ 568783.766577452071942, 5975653.290413023903966 ], [ 568784.379758407594636, 5975652.40725607611239 ], [ 568791.358482371550053, 5975642.355883089825511 ], [ 568793.813301892601885, 5975638.820235500112176 ], [ 568798.33720174129121, 5975632.304510103538632 ], [ 568803.860026333131827, 5975624.350054141134024 ], [ 568806.627955765579827, 5975622.253137118183076 ], [ 568812.392988419509493, 5975612.201764131896198 ], [ 568813.906750773545355, 5975610.010277895256877 ], [ 568821.997836067574099, 5975612.20176413282752 ], [ 568823.953475214075297, 5975613.760437121614814 ], [ 568834.00019965460524, 5975621.767786527052522 ], [ 568834.609162713866681, 5975622.253137118183076 ], [ 568844.046924095135182, 5975629.775170914828777 ], [ 568847.220440775156021, 5975632.304510103538632 ], [ 568854.093648535665125, 5975637.78255717176944 ], [ 568859.831718836561777, 5975642.355883089825511 ], [ 568864.140372976195067, 5975645.789943430572748 ], [ 568872.442996897967532, 5975652.40725607611239 ], [ 568874.187097416608594, 5975653.797329686582088 ], [ 568884.233821857138537, 5975660.990491033531725 ], [ 568888.013085179380141, 5975652.40725607611239 ], [ 568887.187169176526368, 5975642.355883088894188 ], [ 568886.361223001498729, 5975632.304510103538632 ], [ 568885.535298893461004, 5975622.253137118183076 ], [ 568884.70938289060723, 5975612.201764131896198 ], [ 568884.233821857138537, 5975606.414468832314014 ], [ 568883.883428610162809, 5975602.150391145609319 ], [ 568883.057512607425451, 5975592.099018159322441 ], [ 568882.231588976224884, 5975582.047645173035562 ], [ 568881.405642324127257, 5975571.996272186748683 ], [ 568880.579726321389899, 5975561.944899200461805 ], [ 568879.753793249838054, 5975551.893526214174926 ], [ 568874.187097416608594, 5975542.429839033633471 ], [ 568864.140372976195067, 5975548.93899845611304 ], [ 568854.093648535665125, 5975551.269092696718872 ], [ 568852.756482203607447, 5975551.893526215106249 ], [ 568844.046924095135182, 5975556.603377589955926 ], [ 568834.00019965460524, 5975560.652385322377086 ], [ 568828.607363585033454, 5975561.944899200461805 ], [ 568823.953475214075297, 5975563.868458201177418 ], [ 568815.097099231905304, 5975571.996272186748683 ], [ 568813.906750773545355, 5975573.046131221577525 ], [ 568804.132696898188442, 5975582.047645173035562 ], [ 568803.860026333131827, 5975582.268115451559424 ], [ 568793.813301892601885, 5975591.529193289577961 ], [ 568793.192399551626295, 5975592.099018159322441 ], [ 568783.766577452071942, 5975600.749441096559167 ], [ 568782.240050249383785, 5975602.150391145609319 ], [ 568773.719853011542, 5975609.862623155117035 ], [ 568771.174180152942427, 5975612.201764131896198 ], [ 568763.673128571012057, 5975618.23367568012327 ], [ 568759.346739811589941, 5975622.253137118183076 ], [ 568753.62640413059853, 5975626.977756081148982 ], [ 568747.94139681791421, 5975632.304510103538632 ], [ 568743.579679690068588, 5975635.983054511249065 ], [ 568736.823970932862721, 5975642.355883089825511 ], [ 568733.532955249538645, 5975645.178389266133308 ], [ 568725.182333283824846, 5975652.40725607611239 ], [ 568723.486230809008703, 5975653.86382916290313 ], [ 568713.47804301045835, 5975662.458629062399268 ], [ 568713.43950636847876, 5975662.491723437793553 ], [ 568703.392781927948818, 5975670.939512955956161 ], [ 568701.726043630507775, 5975672.510002048686147 ], [ 568693.34605748753529, 5975679.676631759852171 ], [ 568690.069462498417124, 5975682.561375034973025 ], [ 568683.299333047005348, 5975688.375402165576816 ], [ 568674.130582661484368, 5975692.612748021259904 ], [ 568673.252608606475405, 5975693.002960308454931 ], [ 568663.205884165945463, 5975696.761162234470248 ], [ 568653.159159725531936, 5975699.817271509207785 ], [ 568645.936526561970823, 5975702.664121007546782 ], [ 568643.112435285001993, 5975706.499881369993091 ], [ 568636.561327000730671, 5975712.715493993833661 ], [ 568633.065710844472051, 5975716.032092493958771 ], [ 568630.389456568052992, 5975722.76686698012054 ], [ 568623.018986403942108, 5975729.992375718429685 ], [ 568622.104513771249913, 5975732.818239966407418 ], [ 568617.627901369938627, 5975742.869612952694297 ], [ 568612.972261963412166, 5975747.45361263025552 ], [ 568610.905865327455103, 5975752.920985938981175 ], [ 568605.830974213429727, 5975762.972358924336731 ], [ 568602.925537522882223, 5975765.841162275522947 ], [ 568599.878654596395791, 5975773.02373191062361 ], [ 568592.878813082352281, 5975779.650873359292746 ], [ 568589.713537698495202, 5975783.075104897841811 ], [ 568582.832088641938753, 5975791.295413175597787 ], [ 568581.455233654938638, 5975793.126477883197367 ], [ 568572.785364201408811, 5975800.553762072697282 ], [ 568562.738639760878868, 5975801.738025169819593 ], [ 568552.691915320348926, 5975802.23207738250494 ], [ 568542.645190879818983, 5975802.658843227662146 ], [ 568537.197056527831592, 5975803.177850869484246 ], [ 568542.645190879818983, 5975806.13123189099133 ], [ 568552.691915320348926, 5975812.684218879789114 ], [ 568553.150386647554114, 5975813.229223855771124 ], [ 568562.738639760878868, 5975818.610417772084475 ], [ 568566.965234720380977, 5975823.280596842058003 ], [ 568567.379611816490069, 5975833.331969828344882 ], [ 568566.843443943420425, 5975843.38334281463176 ], [ 568566.14832824410405, 5975853.434715800918639 ], [ 568565.211286389152519, 5975863.486088787205517 ], [ 568563.879411392030306, 5975873.537461773492396 ], [ 568562.738639760878868, 5975882.782440275885165 ], [ 568562.690900030429475, 5975883.588834758847952 ], [ 568562.738639760878868, 5975887.379498537629843 ], [ 568562.931917658774182, 5975893.64020774513483 ], [ 568563.242211572709493, 5975903.691580731421709 ], [ 568563.816169600468129, 5975913.742953717708588 ], [ 568570.133982649771497, 5975923.794326703995466 ], [ 568572.785364201408811, 5975926.045354139991105 ], [ 568581.973032001289539, 5975933.845699690282345 ], [ 568582.832088641938753, 5975934.575040235184133 ], [ 568592.878813082352281, 5975935.895587609149516 ], [ 568602.925537522882223, 5975935.912808494642377 ], [ 568612.972261963412166, 5975935.930037759244442 ], [ 568623.018986403942108, 5975935.947260836139321 ], [ 568633.065710844472051, 5975935.964481722563505 ], [ 568643.112435285001993, 5975935.981702607125044 ], [ 568653.15915972541552, 5975935.998923491686583 ], [ 568663.205884165945463, 5975936.240977032110095 ], [ 568673.252608606475405, 5975939.357473550364375 ], [ 568683.299333047005348, 5975943.657207795418799 ], [ 568683.859799398807809, 5975943.897072676569223 ], [ 568693.34605748753529, 5975947.676590050570667 ], [ 568703.392781927948818, 5975950.828232293948531 ], [ 568713.43950636847876, 5975953.718874352052808 ], [ 568714.237405123305507, 5975953.948445662856102 ], [ 568723.486230809008703, 5975956.609516410157084 ], [ 568733.532955249538645, 5975959.500158467330039 ], [ 568743.579679690068588, 5975962.390800525434315 ], [ 568749.171988038579002, 5975963.999818649142981 ], [ 568753.62640413059853, 5975965.281441051512957 ], [ 568763.673128571012057, 5975968.172079651616514 ], [ 568773.719853011542, 5975970.885736430063844 ], [ 568783.766577452071942, 5975972.243806049227715 ], [ 568793.813301892601885, 5975971.60605095885694 ], [ 568800.285364072304219, 5975974.051191635429859 ], [ 568803.860026333131827, 5975976.231141573749483 ], [ 568809.054316291585565, 5975984.102564621716738 ], [ 568813.906750773545355, 5975992.520389638841152 ], [ 568814.843691924004816, 5975994.153937608003616 ], [ 568821.388312414987013, 5976004.205310595221817 ], [ 568823.953475214075297, 5976010.580161307007074 ], [ 568828.369520496809855, 5976014.256683579646051 ], [ 568834.00019965460524, 5976017.394089816138148 ], [ 568844.046924095135182, 5976017.525647534057498 ], [ 568854.093648535665125, 5976018.980986190959811 ], [ 568864.140372976195067, 5976020.945617923513055 ], [ 568874.187097416608594, 5976017.341848133131862 ], [ 568884.233821857022122, 5976014.701415960676968 ], [ 568887.418852682458237, 5976014.256683579646051 ], [ 568894.280546297668479, 5976013.540884019806981 ], [ 568904.327270738198422, 5976013.382870374247432 ], [ 568914.373995178728364, 5976013.271046357229352 ], [ 568916.39111261384096, 5976014.256683579646051 ], [ 568924.420719619141892, 5976019.724491308443248 ], [ 568929.102613547816873, 5976024.30805656593293 ], [ 568934.467444059671834, 5976026.700621065683663 ] ] ] } }
]
}
