{
"type": "FeatureCollection",
"name": "interpolation",
"crs": { "type": "name", "properties": { "name": "urn:ogc:def:crs:EPSG::32637" } },
"features": [
{ "type": "Feature", "properties": { "id": 4, "cost_level": 1500.0 }, "geometry": { "type": "Polygon", "coordinates": [ [ [ 627343.168951421976089, 6349122.128003986552358 ], [ 627349.775918940431438, 6349117.295602873899043 ], [ 627353.20446301845368, 6349113.235583289526403 ], [ 627358.026386881712824, 6349107.253767777234316 ], [ 627363.23997461493127, 6349100.664148213341832 ], [ 627365.971305064857006, 6349097.211932677775621 ], [ 627373.275486211408861, 6349087.979945526458323 ], [ 627373.916223248001188, 6349087.170097582042217 ], [ 627381.861114815110341, 6349077.128262484446168 ], [ 627383.310997807886451, 6349075.295700346119702 ], [ 627389.048947229515761, 6349067.086427386850119 ], [ 627390.203556447755545, 6349057.044592289254069 ], [ 627392.24266998260282, 6349047.00275719165802 ], [ 627393.346509404364042, 6349045.252264698036015 ], [ 627397.925443053012714, 6349036.960922094061971 ], [ 627403.382021000841632, 6349027.080377696081996 ], [ 627403.471093978267163, 6349026.919086996465921 ], [ 627409.01670913444832, 6349016.877251899801195 ], [ 627413.417532597319223, 6349008.908466104418039 ], [ 627414.562390075530857, 6349006.835416802205145 ], [ 627420.108005231712013, 6348996.793581705540419 ], [ 627423.453044193796813, 6348990.736484574154019 ], [ 627425.653634813381359, 6348986.751746607944369 ], [ 627431.199301329208538, 6348976.709911509416997 ], [ 627433.488555790274404, 6348972.667318068444729 ], [ 627438.465879627037793, 6348966.668076411820948 ], [ 627443.524067386635579, 6348962.123671509325504 ], [ 627449.642969126114622, 6348956.626241314224899 ], [ 627453.55957898311317, 6348953.107455666176975 ], [ 627460.820106427185237, 6348946.58440621662885 ], [ 627463.59509057959076, 6348944.091287226416171 ], [ 627471.997243728255853, 6348936.542571119964123 ], [ 627473.630602176068351, 6348935.059413579292595 ], [ 627483.168419809895568, 6348926.500736022368073 ], [ 627483.666113772545941, 6348925.93747225496918 ], [ 627493.701625369023532, 6348918.598977568559349 ], [ 627497.586392820230685, 6348916.458900924772024 ], [ 627500.461466390639544, 6348906.417065827175975 ], [ 627503.737136965501122, 6348900.059610564261675 ], [ 627505.635486649698578, 6348896.375230729579926 ], [ 627510.809468524646945, 6348886.333395631983876 ], [ 627513.772648561978713, 6348880.582357838749886 ], [ 627516.438047776697204, 6348876.291560534387827 ], [ 627523.808160158456303, 6348866.938468803651631 ], [ 627524.287592296954244, 6348866.2497254377231 ], [ 627531.120926015777513, 6348856.207890340127051 ], [ 627533.843671754933894, 6348852.085640364326537 ], [ 627537.596646385616623, 6348846.166055241599679 ], [ 627543.879183351295069, 6348836.25657915789634 ], [ 627543.963098018546589, 6348836.124220144934952 ], [ 627550.329549651709385, 6348826.082385047338903 ], [ 627553.914694947772659, 6348820.427517950534821 ], [ 627556.696033903164789, 6348816.040549949742854 ], [ 627561.135240538511425, 6348805.998714852146804 ], [ 627563.95020654425025, 6348796.528056524693966 ], [ 627564.115527051966637, 6348795.956879755482078 ], [ 627566.603500514407642, 6348785.915044657886028 ], [ 627569.091579287080094, 6348775.873209560289979 ], [ 627571.133822030969895, 6348765.83137446269393 ], [ 627571.035853274282999, 6348755.78953936509788 ], [ 627573.98571814072784, 6348753.748756194487214 ], [ 627584.021229737205431, 6348750.312145614996552 ], [ 627594.056741333683021, 6348754.327428190037608 ], [ 627596.694365160656162, 6348755.78953936509788 ], [ 627604.092252930160612, 6348758.467730563133955 ], [ 627614.127764526638202, 6348762.08124141395092 ], [ 627624.163276123115793, 6348765.672436564229429 ], [ 627624.608860254404135, 6348765.83137446269393 ], [ 627634.198787719593383, 6348769.293227482587099 ], [ 627644.234299315954559, 6348772.915931225754321 ], [ 627652.426468237652443, 6348775.873209560289979 ], [ 627654.269810912432149, 6348776.538634968921542 ], [ 627664.30532250890974, 6348780.161392689682543 ], [ 627674.34083410538733, 6348783.784096432849765 ], [ 627680.243926696130075, 6348785.915044657886028 ], [ 627684.376345701864921, 6348787.406800176016986 ], [ 627694.411857298342511, 6348793.584672265686095 ], [ 627695.562237243750133, 6348795.956879755482078 ], [ 627698.862725077662617, 6348805.998714852146804 ], [ 627702.163212911458686, 6348816.040549948811531 ], [ 627704.447368894820102, 6348822.990164333023131 ], [ 627706.275190517655574, 6348826.08238504640758 ], [ 627711.245327563490719, 6348836.124220144934952 ], [ 627714.482880491297692, 6348844.442020547576249 ], [ 627716.420723143266514, 6348846.166055242531002 ], [ 627724.518392087658867, 6348849.963786024600267 ], [ 627734.553903684252873, 6348854.405328746885061 ], [ 627738.813356515951455, 6348856.207890340127051 ], [ 627744.589415280614048, 6348858.287041069939733 ], [ 627754.624926877091639, 6348862.207849553786218 ], [ 627764.660438473569229, 6348866.154030292294919 ], [ 627765.185337645583786, 6348866.2497254377231 ], [ 627774.69595007004682, 6348867.697712669149041 ], [ 627784.731461666640826, 6348866.660625092685223 ], [ 627786.116392525844276, 6348866.249725436791778 ], [ 627794.766973263002001, 6348863.45397443510592 ], [ 627800.974223866011016, 6348856.207890340127051 ], [ 627804.802484859479591, 6348851.738938968628645 ], [ 627809.576413152157329, 6348846.166055241599679 ], [ 627813.806670699734241, 6348836.124220145866275 ], [ 627807.12821401108522, 6348826.082385047338903 ], [ 627804.802484859479591, 6348822.585298418998718 ], [ 627803.331828524591401, 6348816.040549949742854 ], [ 627802.204011220717803, 6348805.998714852146804 ], [ 627803.340320278191939, 6348795.956879755482078 ], [ 627804.751955112325959, 6348785.915044657886028 ], [ 627804.802484859479591, 6348785.555605369620025 ], [ 627806.163629922550172, 6348775.873209559358656 ], [ 627807.575304732774384, 6348765.83137446269393 ], [ 627808.986939566908404, 6348755.78953936509788 ], [ 627814.837996455957182, 6348748.033983475528657 ], [ 627817.105213703820482, 6348745.747704267501831 ], [ 627824.873508052434772, 6348740.413910658098757 ], [ 627834.909019648912363, 6348741.547797746956348 ], [ 627844.944531245273538, 6348742.681720914319158 ], [ 627854.980042841751128, 6348743.815608004108071 ], [ 627865.015554438228719, 6348744.742821250110865 ], [ 627872.079816340003163, 6348745.747704267501831 ], [ 627875.051066034706309, 6348746.436256377957761 ], [ 627885.086577631300315, 6348745.80169818457216 ], [ 627885.624378124484792, 6348745.747704267501831 ], [ 627895.12208922766149, 6348744.561377303674817 ], [ 627905.157600824139081, 6348742.131566166877747 ], [ 627915.193112420616671, 6348739.326916413381696 ], [ 627925.228624017094262, 6348736.497281010262668 ], [ 627928.035375672625378, 6348735.705869169905782 ], [ 627935.264135613571852, 6348733.667623983696103 ], [ 627945.299647209933028, 6348730.83804845251143 ], [ 627955.335158806410618, 6348728.008363581262529 ], [ 627965.370670402888209, 6348726.473590057343245 ], [ 627975.406181999365799, 6348725.759100201539695 ], [ 627976.74145250255242, 6348725.664034073241055 ], [ 627985.44169359584339, 6348725.044610345736146 ], [ 627995.477205192204565, 6348724.330120489001274 ], [ 628005.512716788798571, 6348723.615766441449523 ], [ 628015.548228385276161, 6348723.136303780600429 ], [ 628025.583739981753752, 6348723.105600296519697 ], [ 628035.619251578231342, 6348723.543113678693771 ], [ 628045.654763174592517, 6348723.980510544031858 ], [ 628055.690274771070108, 6348724.418023926205933 ], [ 628065.725786367547698, 6348724.744618074968457 ], [ 628075.761297964025289, 6348724.655531952157617 ], [ 628085.796809560502879, 6348724.566327832639217 ], [ 628095.83232115698047, 6348724.477241708897054 ], [ 628105.86783275345806, 6348724.388155584223568 ], [ 628115.903344349935651, 6348723.898387221619487 ], [ 628125.938855946413241, 6348722.935116328299046 ], [ 628135.974367542890832, 6348721.873020607978106 ], [ 628146.009879139252007, 6348720.474055941216648 ], [ 628156.045390735613182, 6348718.034455250948668 ], [ 628163.848978486843407, 6348715.622198975645006 ], [ 628166.080902332207188, 6348714.932254592888057 ], [ 628176.116413928684779, 6348711.830022915266454 ], [ 628186.151925525162369, 6348708.727920369245112 ], [ 628196.18743712163996, 6348705.625688691623509 ], [ 628196.334065959439613, 6348705.580363878048956 ], [ 628206.22294871811755, 6348702.428334170952439 ], [ 628216.258460314595141, 6348699.396304913796484 ], [ 628226.293971911072731, 6348696.897303771227598 ], [ 628236.329483507550322, 6348696.129835873842239 ], [ 628242.901922233286314, 6348695.538528780452907 ], [ 628246.364995103911497, 6348695.226964132860303 ], [ 628256.400506700389087, 6348694.323959245346487 ], [ 628266.436018296866678, 6348693.420982434414327 ], [ 628276.471529893344268, 6348692.518082616850734 ], [ 628286.507041489821859, 6348691.615129750221968 ], [ 628296.542553086299449, 6348690.712205989286304 ], [ 628306.57806468277704, 6348689.809201100841165 ], [ 628316.61357627925463, 6348688.906284151598811 ], [ 628326.649087875848636, 6348688.003324473276734 ], [ 628336.684599472209811, 6348687.100431468337774 ], [ 628346.720111068570986, 6348686.191854724660516 ], [ 628354.026790260453708, 6348685.496693681925535 ], [ 628356.755622665048577, 6348685.237067794427276 ], [ 628366.791134261526167, 6348684.282271665520966 ], [ 628376.826645858003758, 6348683.327475537545979 ], [ 628386.862157454481348, 6348682.372679408639669 ], [ 628396.897669050958939, 6348681.41788327973336 ], [ 628406.933180647436529, 6348680.46308715082705 ], [ 628416.96869224391412, 6348679.497859474271536 ], [ 628427.00420384039171, 6348678.514073537662625 ], [ 628437.039715436869301, 6348677.511818964965641 ], [ 628447.075227033230476, 6348676.509564392268658 ], [ 628457.110738629708067, 6348675.507309819571674 ], [ 628457.635929521289654, 6348675.454858585260808 ], [ 628467.146250226069242, 6348674.505042750388384 ], [ 628477.181761822663248, 6348673.502774991095066 ], [ 628487.217273419140838, 6348672.500413983128965 ], [ 628497.252785015618429, 6348671.498159410431981 ], [ 628507.288296612096019, 6348670.495904836803675 ], [ 628517.32380820857361, 6348669.546568244695663 ], [ 628521.89292546082288, 6348665.413023486733437 ], [ 628522.459988306974992, 6348655.371188391000032 ], [ 628520.857605731347576, 6348645.329353293403983 ], [ 628518.87726366543211, 6348635.287518195807934 ], [ 628517.32380820857361, 6348627.410586908459663 ], [ 628516.896850552177057, 6348625.245683098211884 ], [ 628516.290009332005866, 6348615.203848000615835 ], [ 628517.32380820857361, 6348609.070954218506813 ], [ 628517.982723768451251, 6348605.162012903019786 ], [ 628519.675363083602861, 6348595.120177806355059 ], [ 628521.368054530350491, 6348585.07834270875901 ], [ 628522.330315234838054, 6348575.036507611162961 ], [ 628523.376712998375297, 6348564.994672513566911 ], [ 628524.839107791427523, 6348554.952837415970862 ], [ 628526.408118541352451, 6348544.911002318374813 ], [ 628527.3593198050512, 6348539.178635226562619 ], [ 628528.052813166519627, 6348534.869167220778763 ], [ 628529.668777356739156, 6348524.827332122251391 ], [ 628531.284690220956691, 6348514.785497026517987 ], [ 628532.900574518134817, 6348504.743661928921938 ], [ 628534.237469946034253, 6348494.701826831325889 ], [ 628535.436872720369138, 6348484.659991733729839 ], [ 628537.14400107122492, 6348474.61815663613379 ], [ 628527.3593198050512, 6348466.379873205907643 ], [ 628517.32380820857361, 6348465.518651775084436 ], [ 628507.615940672112629, 6348464.576321538537741 ], [ 628507.288296612096019, 6348464.545392408967018 ], [ 628497.252785015618429, 6348463.59805450681597 ], [ 628487.217273419140838, 6348458.774413485080004 ], [ 628482.039167598588392, 6348454.534486440941691 ], [ 628477.181761822663248, 6348451.479528536088765 ], [ 628470.82666497817263, 6348454.534486440941691 ], [ 628467.146250226185657, 6348457.222573859617114 ], [ 628462.338533001020551, 6348464.576321538537741 ], [ 628457.110738629708067, 6348472.572607286274433 ], [ 628455.773403807543218, 6348474.618156637065113 ], [ 628447.222766352584586, 6348484.659991733729839 ], [ 628447.075227033230476, 6348484.775376996956766 ], [ 628437.039715436869301, 6348492.107660030014813 ], [ 628434.382604005513713, 6348494.701826831325889 ], [ 628427.00420384039171, 6348500.472197925671935 ], [ 628421.542411143425852, 6348504.743661928921938 ], [ 628416.96869224391412, 6348508.320605095475912 ], [ 628408.536357383592986, 6348514.785497026517987 ], [ 628406.933180647436529, 6348515.705844304524362 ], [ 628396.897669050958939, 6348518.483408076688647 ], [ 628393.698611501953565, 6348514.785497026517987 ], [ 628386.862157454481348, 6348506.882982432842255 ], [ 628385.011437964625657, 6348504.743661928921938 ], [ 628381.944408332696185, 6348494.701826831325889 ], [ 628386.805451180087402, 6348484.659991733729839 ], [ 628386.862157454481348, 6348484.542849162593484 ], [ 628392.07045279094018, 6348474.61815663613379 ], [ 628396.897669050958939, 6348466.771513628773391 ], [ 628401.038061371771619, 6348464.576321538537741 ], [ 628406.933180647436529, 6348461.450791830196977 ], [ 628416.96869224391412, 6348456.130020191892982 ], [ 628419.978057901607826, 6348454.534486440941691 ], [ 628427.00420384039171, 6348450.809298392385244 ], [ 628437.039715436869301, 6348445.488571649417281 ], [ 628438.918130838079378, 6348444.492651343345642 ], [ 628447.075227033230476, 6348440.167804955504835 ], [ 628457.110738629708067, 6348434.84708118904382 ], [ 628457.49656680226326, 6348434.450816246680915 ], [ 628457.110738629708067, 6348434.128223668783903 ], [ 628447.129808163503185, 6348424.408981149084866 ], [ 628447.075227033230476, 6348424.362259511835873 ], [ 628437.039715436869301, 6348415.771791055798531 ], [ 628435.398781670955941, 6348414.367146051488817 ], [ 628427.00420384039171, 6348407.181358264759183 ], [ 628423.66772736562416, 6348404.325310953892767 ], [ 628420.674371596658602, 6348394.283475856296718 ], [ 628423.960590343922377, 6348384.241640758700669 ], [ 628427.00420384039171, 6348374.941144600510597 ], [ 628427.317389114527032, 6348374.19980566110462 ], [ 628431.331625638063997, 6348364.157970564439893 ], [ 628434.963162884698249, 6348354.116135466843843 ], [ 628437.039715436752886, 6348347.909072253853083 ], [ 628446.29319748270791, 6348344.074300369247794 ], [ 628447.075227033230476, 6348343.750213905237615 ], [ 628457.110738629708067, 6348336.090019857510924 ], [ 628457.52614749467466, 6348334.032465271651745 ], [ 628458.958736234577373, 6348323.990630174055696 ], [ 628460.3913249745965, 6348313.948795076459646 ], [ 628461.823898811358958, 6348303.906959978863597 ], [ 628463.256491562817246, 6348293.86512488219887 ], [ 628464.689084314042702, 6348283.823289784602821 ], [ 628466.12167706550099, 6348273.781454687006772 ], [ 628467.146250226185657, 6348266.599654614925385 ], [ 628467.554269816726446, 6348263.739619589410722 ], [ 628469.724027708405629, 6348253.697784491814673 ], [ 628472.358564083580859, 6348243.655949394218624 ], [ 628474.993121333885938, 6348233.614114297553897 ], [ 628477.181761822663248, 6348225.27188428863883 ], [ 628477.627664717845619, 6348223.572279199957848 ], [ 628480.262226604390889, 6348213.530444102361798 ], [ 628482.896778183290735, 6348203.488609004765749 ], [ 628485.53132605238352, 6348193.4467739071697 ], [ 628487.217273419140838, 6348188.266341704875231 ], [ 628497.252785015618429, 6348186.05033546872437 ], [ 628507.288296612096019, 6348184.652022507041693 ], [ 628515.571604801807553, 6348183.40493880957365 ], [ 628517.32380820857361, 6348182.983100990764797 ], [ 628527.3593198050512, 6348173.59202656429261 ], [ 628527.603949028067291, 6348173.363103712908924 ], [ 628537.394831401528791, 6348164.200843022204936 ], [ 628539.798737825476564, 6348163.321268614381552 ], [ 628547.430342997889966, 6348160.754568303003907 ], [ 628557.465854594367556, 6348159.157739898189902 ], [ 628567.501366190845147, 6348157.560969028621912 ], [ 628577.536877787322737, 6348155.964183389209211 ], [ 628587.572389383800328, 6348154.367354985326529 ], [ 628594.410027215839364, 6348153.279433517716825 ], [ 628597.607900980277918, 6348152.770626879297197 ], [ 628607.643412576755509, 6348151.177807729691267 ], [ 628617.678924173233099, 6348149.409277338534594 ], [ 628627.71443576971069, 6348144.185257121920586 ], [ 628629.460066050756723, 6348143.237598421052098 ], [ 628637.74994736618828, 6348140.649957061745226 ], [ 628647.785458962549455, 6348133.959810786880553 ], [ 628649.439721157308668, 6348133.195763323456049 ], [ 628657.820970559027046, 6348131.082348891533911 ], [ 628667.856482155621052, 6348124.771690652705729 ], [ 628671.592170757125132, 6348123.153928224928677 ], [ 628677.891993751982227, 6348121.605166583321989 ], [ 628687.927505348459817, 6348116.079813283868134 ], [ 628694.780475953710265, 6348113.11209312826395 ], [ 628697.963016944937408, 6348112.247138492763042 ], [ 628707.998528541531414, 6348107.388104136101902 ], [ 628717.969169596559368, 6348103.070258029736578 ], [ 628718.034040137892589, 6348103.050547791644931 ], [ 628728.069551734370179, 6348098.696226767264307 ], [ 628738.10506333084777, 6348094.027180874720216 ], [ 628740.056469617411494, 6348093.028422932140529 ], [ 628748.140574927208945, 6348087.668513786047697 ], [ 628750.631865758565255, 6348082.986587835475802 ], [ 628751.069208326283842, 6348072.944752737879753 ], [ 628751.533739355392754, 6348062.902917640283704 ], [ 628752.040718308417127, 6348052.861082542687654 ], [ 628752.919034174876288, 6348042.819247445091605 ], [ 628753.261725652264431, 6348032.777412347495556 ], [ 628749.925159911508672, 6348022.735577249899507 ], [ 628748.649164090165868, 6348012.693742154166102 ], [ 628748.485603870125487, 6348002.651907055638731 ], [ 628749.603108720621094, 6347992.610071958042681 ], [ 628751.709858499350958, 6347982.568236861377954 ], [ 628753.816608278080821, 6347972.526401762850583 ], [ 628754.495818870957009, 6347962.484566665254533 ], [ 628758.176086523686536, 6347957.920110808685422 ], [ 628765.113470002543181, 6347952.442731566727161 ], [ 628768.211598120164126, 6347950.361116706393659 ], [ 628778.247109716525301, 6347943.618433339521289 ], [ 628780.136024610721506, 6347942.400896469131112 ], [ 628788.282621313119307, 6347937.092317135073245 ], [ 628795.73000433773268, 6347932.359061373397708 ], [ 628798.318132909596898, 6347930.714151417836547 ], [ 628808.353644506074488, 6347924.335985700599849 ], [ 628811.438904132694006, 6347922.317226275801659 ], [ 628818.389156102552079, 6347917.571822639554739 ], [ 628825.913376281620003, 6347912.275391178205609 ], [ 628828.424667699029669, 6347909.365562872029841 ], [ 628832.735815867548808, 6347902.23355608060956 ], [ 628838.46017929550726, 6347892.763642905279994 ], [ 628838.80589407379739, 6347892.191720983013511 ], [ 628844.876024171244353, 6347882.149885885417461 ], [ 628848.49569089175202, 6347876.161864860914648 ], [ 628850.946159224724397, 6347872.108050787821412 ], [ 628857.016294278204441, 6347862.066215691156685 ], [ 628858.531202488346025, 6347859.56010037381202 ], [ 628863.086429331684485, 6347852.024380593560636 ], [ 628868.566714084823616, 6347842.958121009171009 ], [ 628869.156428973074071, 6347841.982545495964587 ], [ 628875.226555572589859, 6347831.94071039929986 ], [ 628878.602225681301206, 6347826.351166849955916 ], [ 628881.273845083313063, 6347821.898875301703811 ], [ 628887.297639263095334, 6347811.857040203176439 ], [ 628888.637737277778797, 6347809.358839267864823 ], [ 628892.244975971290842, 6347801.815205105580389 ], [ 628897.040079518454149, 6347791.773370008915663 ], [ 628898.673248874256387, 6347788.353243509307504 ], [ 628902.251797807635739, 6347781.731534911319613 ], [ 628908.205813385080546, 6347771.689699813723564 ], [ 628908.708760470733978, 6347770.953372433781624 ], [ 628914.589919290039688, 6347761.647864716127515 ], [ 628918.744272067211568, 6347754.551879914477468 ], [ 628920.138011508854106, 6347751.606029618531466 ], [ 628925.15685406094417, 6347741.564194520935416 ], [ 628928.779783663689159, 6347734.808793565258384 ], [ 628930.38336016703397, 6347731.522359423339367 ], [ 628935.283087447518483, 6347721.48052432667464 ], [ 628938.815295260166749, 6347714.241401214152575 ], [ 628940.182845282368362, 6347711.438689229078591 ], [ 628945.082574990112334, 6347701.396854131482542 ], [ 628948.850806856527925, 6347695.60438466258347 ], [ 628957.202612412511371, 6347691.355019033886492 ], [ 628958.886318453005515, 6347690.026213173754513 ], [ 628963.840344058582559, 6347681.313183936290443 ], [ 628968.921830049483106, 6347672.111483194865286 ], [ 628969.618381728301756, 6347671.271348837763071 ], [ 628977.57868746551685, 6347661.229513742029667 ], [ 628978.957341645960696, 6347659.344439736567438 ], [ 628985.652967687812634, 6347651.187678644433618 ], [ 628988.992853242438287, 6347647.118955514393747 ], [ 628993.895991091849282, 6347641.145843546837568 ], [ 628999.028364838915877, 6347634.893304258584976 ], [ 629002.138794288388453, 6347631.104008449241519 ], [ 629009.063876435393468, 6347622.66771880723536 ], [ 629010.381817692308687, 6347621.06217335164547 ], [ 629018.624841096345335, 6347611.02033825404942 ], [ 629019.099388031871058, 6347610.442234585061669 ], [ 629026.867694041924551, 6347600.978503156453371 ], [ 629029.134899628348649, 6347598.216482101008296 ], [ 629035.11066769703757, 6347590.936668058857322 ], [ 629039.170411224826239, 6347585.990997878834605 ], [ 629043.353691101074219, 6347580.894832962192595 ], [ 629049.205922821187414, 6347573.765323196537793 ], [ 629051.596494297496974, 6347570.852997864596546 ], [ 629059.241434417665005, 6347561.539761172607541 ], [ 629059.839517701533623, 6347560.811162767931819 ], [ 629068.082541105570272, 6347550.769327669404447 ], [ 629069.276946014142595, 6347549.314276949502528 ], [ 629076.325409846380353, 6347540.727492571808398 ], [ 629079.312457610620186, 6347537.088524466380477 ], [ 629084.568367706146091, 6347530.685657474212348 ], [ 629089.347969207097776, 6347524.863040244206786 ], [ 629092.81139111018274, 6347520.643822376616299 ], [ 629099.383480803575367, 6347512.637342132627964 ], [ 629101.054194306838326, 6347510.601987279951572 ], [ 629109.297217710758559, 6347500.560152182355523 ], [ 629109.418992400052957, 6347500.411803537979722 ], [ 629117.540241114795208, 6347490.518317084759474 ], [ 629119.454503996530548, 6347488.186319315806031 ], [ 629125.783125651068985, 6347480.476481987163424 ], [ 629129.490015593008138, 6347475.960566831752658 ], [ 629134.026067715487443, 6347470.434646889567375 ], [ 629139.525527189485729, 6347463.735082607716322 ], [ 629142.269091119407676, 6347460.392811791971326 ], [ 629149.561038785846904, 6347451.577655453234911 ], [ 629150.569338230649009, 6347450.350976694375277 ], [ 629159.596550382324494, 6347441.053941080346704 ], [ 629160.225912162684835, 6347440.309141596779227 ], [ 629169.632061978802085, 6347430.658265175297856 ], [ 629170.001926578348503, 6347430.267306499183178 ], [ 629179.667573575279675, 6347420.357745433226228 ], [ 629179.796591811347753, 6347420.225471402518451 ], [ 629189.591072204522789, 6347410.183636304922402 ], [ 629189.703085171757266, 6347410.06879667378962 ], [ 629199.385737437638454, 6347400.141801207326353 ], [ 629199.738596768234856, 6347399.780030590482056 ], [ 629209.18021783081349, 6347390.099966109730303 ], [ 629209.774108364712447, 6347389.491088658571243 ], [ 629218.97488306381274, 6347380.058131012134254 ], [ 629219.809619961190037, 6347379.202313251793385 ], [ 629228.769363456871361, 6347370.016295913606882 ], [ 629229.845131557667628, 6347368.913380642421544 ], [ 629238.564028689987026, 6347359.974460817873478 ], [ 629239.880643154145218, 6347358.624595914036036 ], [ 629248.358509083045647, 6347349.932625720277429 ], [ 629249.916154750506394, 6347348.335672628134489 ], [ 629258.153174316044897, 6347339.890790622681379 ], [ 629259.951666346983984, 6347338.046878574416041 ], [ 629267.947654709219933, 6347329.84895552508533 ], [ 629269.987177943461575, 6347327.757964612916112 ], [ 629277.742319942219183, 6347319.807120427489281 ], [ 629280.022689539939165, 6347317.46916123572737 ], [ 629287.536800335394219, 6347309.765285329893231 ], [ 629290.058201136416756, 6347307.180256596766412 ], [ 629297.331465568509884, 6347299.723450232297182 ], [ 629300.093712732894346, 6347296.891443897970021 ], [ 629307.12594596168492, 6347289.681615135632455 ], [ 629310.129224329371937, 6347286.602548582479358 ], [ 629316.92061119468417, 6347279.639780037105083 ], [ 629320.164735925849527, 6347276.313726559281349 ], [ 629326.715091587859206, 6347269.597944940440357 ], [ 629330.200247522327118, 6347266.024840567260981 ], [ 629336.509756820858456, 6347259.556109842844307 ], [ 629340.235759118804708, 6347255.736009219661355 ], [ 629346.304237213917077, 6347249.514274745248258 ], [ 629350.271270715165883, 6347243.164682356640697 ], [ 629352.349237013375387, 6347239.472439646720886 ], [ 629350.696854197303765, 6347229.430604550056159 ], [ 629350.271270715165883, 6347226.844255244359374 ], [ 629349.044471381464973, 6347219.388769453391433 ], [ 629347.392207301338203, 6347209.346934355795383 ], [ 629345.739872253267094, 6347199.305099258199334 ], [ 629344.087489437311888, 6347189.263264160603285 ], [ 629342.435106621356681, 6347179.221429063007236 ], [ 629340.782890309114009, 6347169.179593965411186 ], [ 629340.235759118804708, 6347165.854576822370291 ], [ 629339.130507493158802, 6347159.137758867815137 ], [ 629337.478124677203596, 6347149.095923770219088 ], [ 629335.825741861248389, 6347139.054088673554361 ], [ 629334.173525549005717, 6347129.012253575958312 ], [ 629332.52114273305051, 6347118.970418479293585 ], [ 629330.868759917095304, 6347108.92858337983489 ], [ 629330.200247522443533, 6347104.865910273976624 ], [ 629329.216377101256512, 6347098.886748283170164 ], [ 629327.564160788897425, 6347088.844913185574114 ], [ 629325.911777972942218, 6347078.803078088909388 ], [ 629324.259395156987011, 6347068.761242991313338 ], [ 629322.60717884474434, 6347058.719407893717289 ], [ 629320.954796028789133, 6347048.67757279612124 ], [ 629320.164735925849527, 6347043.876231851056218 ], [ 629319.100982788018882, 6347038.63573769852519 ], [ 629317.059377549332567, 6347028.593902600929141 ], [ 629315.013495781924576, 6347018.552067503333092 ], [ 629312.963102960726246, 6347008.510232406668365 ], [ 629310.908517324831337, 6346998.468397310003638 ], [ 629310.129224329371937, 6346994.665464971214533 ], [ 629308.7639295210829, 6346988.426562210544944 ], [ 629306.56655933719594, 6346978.384727113880217 ], [ 629304.368998837424442, 6346968.342892016284168 ], [ 629302.17161301150918, 6346958.301056919619441 ], [ 629300.093712732894346, 6346948.805805266834795 ], [ 629299.97410074819345, 6346948.259221821092069 ], [ 629297.776588485110551, 6346938.21738672349602 ], [ 629295.579197407932952, 6346928.175551626831293 ], [ 629293.381784238503315, 6346918.133716529235244 ], [ 629291.184296693303622, 6346908.091881431639194 ], [ 629290.058201136416756, 6346902.946145564317703 ], [ 629288.986759712221101, 6346898.050046334043145 ], [ 629286.789395978441462, 6346888.008211236447096 ], [ 629284.59195546573028, 6346877.966376138851047 ], [ 629282.394443202530965, 6346867.924541041254997 ], [ 629280.196934764040634, 6346857.882705944590271 ], [ 629280.022689539939165, 6346857.086406039074063 ], [ 629277.999594548949972, 6346847.840870846062899 ], [ 629275.802034049294889, 6346837.799035749398172 ], [ 629273.604614429641515, 6346827.7572006508708 ], [ 629271.407133334549144, 6346817.715365554206073 ], [ 629269.987177943461575, 6346811.226175675168633 ], [ 629269.209793119458482, 6346807.673530456610024 ], [ 629267.012232619803399, 6346797.631695359945297 ], [ 629264.814785656752065, 6346787.589860262349248 ], [ 629262.617331905057654, 6346777.548025165684521 ], [ 629260.419771405286156, 6346767.506190067157149 ], [ 629259.951666346983984, 6346765.366952014155686 ], [ 629258.222431190311909, 6346757.4643549695611 ], [ 629256.024956883862615, 6346747.422519871965051 ], [ 629253.827530475566164, 6346737.380684774369001 ], [ 629251.629969975911081, 6346727.338849676772952 ], [ 629249.916154750506394, 6346719.506721651181579 ], [ 629249.432629760820419, 6346717.297014580108225 ], [ 629247.235128110973164, 6346707.255179481580853 ], [ 629245.037615847890265, 6346697.213344384916127 ], [ 629242.840168546419591, 6346687.171509286388755 ], [ 629240.642811601515859, 6346677.129674189724028 ], [ 629240.486721416702494, 6346667.087839091196656 ], [ 629240.779501942452043, 6346657.046003994531929 ], [ 629241.177651404053904, 6346647.004168898798525 ], [ 629241.575937032466754, 6346636.962333800271153 ], [ 629241.974222660879605, 6346626.920498702675104 ], [ 629242.372508289292455, 6346616.878663606010377 ], [ 629242.770750845433213, 6346606.836828507483006 ], [ 629243.169030538178049, 6346596.794993409886956 ], [ 629243.567215611808933, 6346586.753158312290907 ], [ 629243.965501240221784, 6346576.711323216557503 ], [ 629240.870677504921332, 6346566.669488118030131 ], [ 629239.880643154145218, 6346560.984378885477781 ], [ 629239.222001265152358, 6346556.627653020434082 ], [ 629236.519178936607204, 6346546.58581792190671 ], [ 629231.264404853340238, 6346536.543982825241983 ], [ 629229.845131557667628, 6346532.035646563395858 ], [ 629228.103125931927934, 6346526.502147727645934 ], [ 629224.94184701051563, 6346516.460312630049884 ], [ 629221.780431299470365, 6346506.418477533385158 ], [ 629219.809619961190037, 6346500.158281175419688 ], [ 629218.619118950213306, 6346496.376642435789108 ], [ 629215.457840028684586, 6346486.334807338193059 ], [ 629212.296561107272282, 6346476.29297224059701 ], [ 629209.774108364712447, 6346468.280806499533355 ], [ 629209.135111968498677, 6346466.25113714300096 ], [ 629205.973833047086373, 6346456.209302045404911 ], [ 629202.812554125674069, 6346446.167466947808862 ], [ 629199.738596768234856, 6346436.403535433113575 ], [ 629199.651104986784048, 6346436.125631850212812 ], [ 629196.489826065371744, 6346426.083796754479408 ], [ 629193.32854714395944, 6346416.041961656883359 ], [ 629190.167268222430721, 6346406.000126558355987 ], [ 629189.703085171757266, 6346404.525723698548973 ], [ 629187.005819083657116, 6346395.958291460759938 ], [ 629183.844540162244812, 6346385.916456363163888 ], [ 629180.683261240832508, 6346375.874621266499162 ], [ 629179.667573575279675, 6346372.648278920911252 ], [ 629177.521945926360786, 6346365.832786168903112 ], [ 629179.667573575279675, 6346361.219909659586847 ], [ 629184.076909392490052, 6346355.790951071307063 ], [ 629188.522184688830748, 6346345.749115973711014 ], [ 629187.104270342737436, 6346335.707280876114964 ], [ 629185.088739070342854, 6346325.665445778518915 ], [ 629183.073376376880333, 6346315.623610680922866 ], [ 629181.05784510448575, 6346305.581775583326817 ], [ 629179.667573575279675, 6346298.655126700177789 ], [ 629179.042313832091168, 6346295.539940485730767 ], [ 629177.026951138745062, 6346285.498105389066041 ], [ 629175.011419866234064, 6346275.456270291469991 ], [ 629173.043332465225831, 6346265.414435193873942 ], [ 629171.199090717709623, 6346255.37260009534657 ], [ 629170.258783631492406, 6346245.330764998681843 ], [ 629169.632061978802085, 6346238.637591440230608 ], [ 629169.318500810302794, 6346235.288929901085794 ], [ 629168.378035857458599, 6346225.247094803489745 ], [ 629167.437759106396697, 6346215.205259706825018 ], [ 629166.497421673499048, 6346205.163424609228969 ], [ 629165.557126719853841, 6346195.121589511632919 ], [ 629164.616734581300989, 6346185.07975441403687 ], [ 629163.676457830239087, 6346175.037919316440821 ], [ 629162.736047582933679, 6346164.996084218844771 ], [ 629161.79571005620528, 6346154.954249121248722 ], [ 629160.855433305143379, 6346144.912414024583995 ], [ 629159.901220089988783, 6346134.870578926987946 ], [ 629159.596550382324494, 6346131.470048405230045 ], [ 629158.974685530993156, 6346124.828743829391897 ], [ 629157.225175334257074, 6346114.786908730864525 ], [ 629155.415565343108028, 6346104.745073634199798 ], [ 629153.345453534042463, 6346094.703238536603749 ], [ 629151.226784178754315, 6346084.661403439007699 ], [ 629149.561038785846904, 6346076.766287334263325 ], [ 629149.108114823466167, 6346074.619568342342973 ], [ 629146.989445468294434, 6346064.577733244746923 ], [ 629144.870855600922368, 6346054.535898147150874 ], [ 629142.752255991334096, 6346044.494063048623502 ], [ 629140.633586636045948, 6346034.452227951958776 ], [ 629139.525527189485729, 6346029.2003701236099 ], [ 629138.514917280874215, 6346024.410392854362726 ], [ 629136.396247925469652, 6346014.368557756766677 ], [ 629134.277578570181504, 6346004.32672266010195 ], [ 629132.159058448509313, 6345994.284887562505901 ], [ 629130.040389093221165, 6345984.243052465841174 ], [ 629129.490015593008138, 6345981.634452912956476 ], [ 629127.921719737933017, 6345974.201217367313802 ], [ 629125.803050382528454, 6345964.159382269717753 ], [ 629123.682054984848946, 6345954.117547173053026 ], [ 629121.563070262316614, 6345944.075712074525654 ], [ 629119.454503996530548, 6345934.091041123494506 ], [ 629119.442421824671328, 6345934.033876976929605 ], [ 629117.318771846476011, 6345923.992041880264878 ], [ 629115.19663044938352, 6345913.950206782668829 ], [ 629113.073728034854867, 6345903.90837168507278 ], [ 629110.950825620326214, 6345893.86653658747673 ], [ 629109.418992400052957, 6345886.620599850080907 ], [ 629108.827923205913976, 6345883.824701489880681 ], [ 629106.705061084940098, 6345873.782866392284632 ], [ 629104.582190188579261, 6345863.741031294688582 ], [ 629102.459364958922379, 6345853.699196197092533 ], [ 629100.336462544393726, 6345843.657361099496484 ], [ 629099.383480803575367, 6345839.149530016817153 ], [ 629098.213560129981488, 6345833.615526002831757 ], [ 629096.09065771533642, 6345823.57369090616703 ], [ 629093.967755300807767, 6345813.531855806708336 ], [ 629091.844964810181409, 6345803.490020710043609 ], [ 629089.722093913820572, 6345793.44818561244756 ], [ 629089.347969207097776, 6345791.678460181690753 ], [ 629087.599197053932585, 6345783.406350515782833 ], [ 629085.476294639403932, 6345773.364515418186784 ], [ 629083.353392224875279, 6345763.322680320590734 ], [ 629081.230489810346626, 6345753.280845223926008 ], [ 629079.312457610620186, 6345744.208095137961209 ], [ 629079.107590437401086, 6345743.239010125398636 ], [ 629076.984719541156664, 6345733.197175027802587 ], [ 629074.861931563355029, 6345723.155339930206537 ], [ 629072.739029148826376, 6345713.113504832610488 ], [ 629070.616126734297723, 6345703.071669736877084 ], [ 629069.276946014142595, 6345696.737025303766131 ], [ 629068.493224319885485, 6345693.029834639281034 ], [ 629066.370321905356832, 6345682.987999540753663 ], [ 629064.247494162758812, 6345672.946164443157613 ], [ 629062.124623266397975, 6345662.904329345561564 ], [ 629060.001763658365235, 6345652.862494248896837 ], [ 629059.241434417665005, 6345649.265955470502377 ], [ 629057.878861243836582, 6345642.820659151300788 ], [ 629055.755958829307929, 6345632.778824053704739 ], [ 629053.633056414779276, 6345622.736988956108689 ], [ 629051.510154000250623, 6345612.69515385851264 ], [ 629049.38725158572197, 6345602.653318760916591 ], [ 629049.205922821187414, 6345601.795530222356319 ], [ 629047.264498167904094, 6345592.611483663320541 ], [ 629045.141595753375441, 6345582.569648565724492 ], [ 629043.018693338846788, 6345572.527813469059765 ], [ 629040.89579092443455, 6345562.485978370532393 ], [ 629039.170411224826239, 6345554.324520593509078 ], [ 629038.772888509905897, 6345552.444143273867667 ], [ 629036.650023515452631, 6345542.402308176271617 ], [ 629034.527152619091794, 6345532.360473078675568 ], [ 629031.961504701059312, 6345522.318637981079519 ], [ 629029.134899628348649, 6345519.895347441546619 ], [ 629019.099388031871058, 6345518.459285232238472 ], [ 629009.063876435393468, 6345516.989111714065075 ], [ 628999.028364838915877, 6345515.465953523293138 ], [ 628988.992853242438287, 6345513.912394189275801 ], [ 628978.957341645960696, 6345512.358695772476494 ], [ 628978.428346359985881, 6345512.276802883483469 ], [ 628968.921830049599521, 6345510.805135295726359 ], [ 628958.886318453005515, 6345509.251575959846377 ], [ 628948.850806856527925, 6345507.697952687740326 ], [ 628938.815295260166749, 6345506.144371658563614 ], [ 628928.779783663689159, 6345504.590790629386902 ], [ 628918.744272067211568, 6345503.037209601141512 ], [ 628913.562111055944115, 6345502.234967786818743 ], [ 628908.708760470733978, 6345501.346318619325757 ], [ 628898.673248874256387, 6345499.112955955788493 ], [ 628888.637737277778797, 6345495.646087852306664 ], [ 628879.179551177774556, 6345492.193132689222693 ], [ 628878.602225681301206, 6345491.982365103438497 ], [ 628868.566714084823616, 6345488.318837690167129 ], [ 628858.531202488346025, 6345484.655114941298962 ], [ 628851.672488137846813, 6345482.151297591626644 ], [ 628848.495690891868435, 6345480.991564968600869 ], [ 628838.460179295390844, 6345477.327864778228104 ], [ 628828.424667699029669, 6345473.664172272197902 ], [ 628824.165929400129244, 6345472.109462494030595 ], [ 628818.389156102552079, 6345470.000614615157247 ], [ 628808.353644506074488, 6345466.336891867220402 ], [ 628798.318132909596898, 6345462.673364453949034 ], [ 628796.658924045274034, 6345462.067627396434546 ], [ 628788.282621313119307, 6345459.009641705080867 ], [ 628778.247109716641717, 6345455.345983540639281 ], [ 628769.152276839828119, 6345452.025792298838496 ], [ 628768.211598120164126, 6345451.682391542010009 ], [ 628758.176086523686536, 6345448.018668793141842 ], [ 628748.140574927208945, 6345444.355141379870474 ], [ 628741.645529327448457, 6345441.983957201242447 ], [ 628738.10506333084777, 6345440.691418630070984 ], [ 628728.069551734370179, 6345437.027794808149338 ], [ 628718.034040137892589, 6345433.364168467931449 ], [ 628714.138831968652084, 6345431.942122103646398 ], [ 628707.998528541414998, 6345429.700445719063282 ], [ 628697.963016944937408, 6345426.036918306723237 ], [ 628687.927505348459817, 6345422.373195556923747 ], [ 628686.632065541693009, 6345421.900287006981671 ], [ 628677.891993751982227, 6345418.709668144583702 ], [ 628667.856482155504636, 6345415.045945394784212 ], [ 628659.125437250826508, 6345411.858451908454299 ], [ 628657.820970559027046, 6345411.382222645916045 ], [ 628647.785458962549455, 6345407.718695232644677 ], [ 628637.74994736618828, 6345404.05497248377651 ], [ 628631.6184129815083, 6345401.816616812720895 ], [ 628627.714435769827105, 6345400.391445070505142 ], [ 628617.678924173233099, 6345396.727722320705652 ], [ 628607.643412576755509, 6345393.064194908365607 ], [ 628604.111507477122359, 6345391.774781714193523 ], [ 628597.607900980277918, 6345389.400472158566117 ], [ 628587.572389383800328, 6345385.73674940969795 ], [ 628577.536877787322737, 6345382.073221996426582 ], [ 628576.604810118209571, 6345381.732946616597474 ], [ 628567.501366190845147, 6345378.409499247558415 ], [ 628557.465854594367556, 6345374.745971834287047 ], [ 628549.098112759296782, 6345371.691111519932747 ], [ 628547.430342997889966, 6345371.082249084487557 ], [ 628537.394831401528791, 6345367.41852633561939 ], [ 628527.3593198050512, 6345363.754998922348022 ], [ 628521.591415400616825, 6345361.649276421405375 ], [ 628517.32380820857361, 6345360.091276173479855 ], [ 628507.288296612096019, 6345356.427748760208488 ], [ 628497.252785015618429, 6345352.764026012271643 ], [ 628494.084549123188481, 6345351.607441324740648 ], [ 628487.217273419140838, 6345349.182299033738673 ], [ 628477.181761822663248, 6345345.436775850132108 ], [ 628467.146250226185657, 6345341.773053100332618 ], [ 628466.577990385354497, 6345341.565606227144599 ], [ 628457.110738629708067, 6345338.748440540395677 ], [ 628447.075227033230476, 6345335.582429591566324 ], [ 628437.039715436869301, 6345332.214389737695456 ], [ 628435.058274167124182, 6345331.52377112954855 ], [ 628427.00420384039171, 6345329.040398380719125 ], [ 628416.96869224391412, 6345325.946222633123398 ], [ 628406.933180647436529, 6345322.851897030137479 ], [ 628403.675781499012373, 6345321.4819360319525 ], [ 628396.897669050958939, 6345318.768346779048443 ], [ 628386.862157454481348, 6345314.074805949814618 ], [ 628381.228753230301663, 6345311.440100934356451 ], [ 628376.826645858003758, 6345309.381265120580792 ], [ 628366.791134261526167, 6345304.687724291346967 ], [ 628359.757766562164761, 6345301.398265836760402 ], [ 628356.755622665048577, 6345299.994183462113142 ], [ 628346.720111068570986, 6345295.455113405361772 ], [ 628336.684599472209811, 6345292.529893266968429 ], [ 628331.886502176290378, 6345291.356430739164352 ], [ 628326.649087875732221, 6345289.840234929695725 ], [ 628316.61357627925463, 6345285.983912248164415 ], [ 628306.57806468277704, 6345282.127589566633105 ], [ 628304.462367779458873, 6345281.314595642499626 ], [ 628296.542553086299449, 6345278.271224388852715 ], [ 628286.507041489821859, 6345274.414803983643651 ], [ 628278.330336382729001, 6345271.272760544903576 ], [ 628276.471529893227853, 6345270.634821928106248 ], [ 628266.436018296866678, 6345268.337403930723667 ], [ 628256.400506700389087, 6345266.865270150825381 ], [ 628250.833237162791193, 6345261.230925447307527 ], [ 628254.01227966172155, 6345251.1890903506428 ], [ 628246.364995103911497, 6345245.495856888592243 ], [ 628236.329483507550322, 6345244.949329703114927 ], [ 628226.293971911072731, 6345245.482014173641801 ], [ 628216.258460314595141, 6345246.01463857665658 ], [ 628206.22294871811755, 6345246.547262977808714 ], [ 628196.18743712163996, 6345247.079911960288882 ], [ 628186.151925525162369, 6345247.612571851350367 ], [ 628176.116413928684779, 6345248.145196253433824 ], [ 628166.080902332207188, 6345248.677835676819086 ], [ 628156.045390735729598, 6345249.210505126044154 ], [ 628146.009879139252007, 6345249.743129528127611 ], [ 628135.974367542774417, 6345250.27575939334929 ], [ 628125.938855946296826, 6345250.808438399806619 ], [ 628118.766752981813625, 6345251.189090349711478 ], [ 628115.903344349935651, 6345251.341062802821398 ], [ 628105.86783275345806, 6345251.873687204904854 ], [ 628095.83232115698047, 6345252.406371674500406 ], [ 628085.796809560502879, 6345252.938996076583862 ], [ 628075.761297964025289, 6345253.471620478667319 ], [ 628065.725786367547698, 6345254.004288109950721 ], [ 628055.690274771070108, 6345254.536929352208972 ], [ 628045.654763174592517, 6345255.069553754292428 ], [ 628035.619251578231342, 6345255.602211825549603 ], [ 628025.583739981753752, 6345256.134862625971437 ], [ 628015.548228385276161, 6345256.667487028986216 ], [ 628005.512716788798571, 6345257.200135542079806 ], [ 627995.47720519232098, 6345257.732795901596546 ], [ 627985.44169359584339, 6345258.265420303680003 ], [ 627975.406181999365799, 6345258.79805925861001 ], [ 627965.370670402888209, 6345259.330729175359011 ], [ 627955.335158806410618, 6345259.86335357837379 ], [ 627945.299647209933028, 6345260.395982975140214 ], [ 627935.264135613571852, 6345260.928662450052798 ], [ 627929.569008247694001, 6345261.230925447307527 ], [ 627925.228624017094262, 6345261.461286853067577 ], [ 627915.193112420616671, 6345261.993911255151033 ], [ 627905.157600824139081, 6345262.526587974280119 ], [ 627895.12208922766149, 6345263.059220127761364 ], [ 627885.0865776311839, 6345263.591844528913498 ], [ 627875.051066034706309, 6345264.124511690810323 ], [ 627865.015554438228719, 6345264.657153402455151 ], [ 627854.980042841751128, 6345265.189777804538608 ], [ 627844.944531245273538, 6345265.722435407340527 ], [ 627834.909019649028778, 6345266.255086677148938 ], [ 627824.873508052434772, 6345266.787711078301072 ], [ 627814.837996455957182, 6345267.32035912387073 ], [ 627804.802484859479591, 6345267.853019950911403 ], [ 627794.766973263118416, 6345268.385644353926182 ], [ 627784.73146166652441, 6345268.918268756009638 ], [ 627774.695950069930404, 6345269.450953226536512 ], [ 627764.660438473569229, 6345269.983577628619969 ], [ 627754.624926876975223, 6345270.516202030703425 ], [ 627744.589415280614048, 6345271.048886500298977 ], [ 627740.371263513341546, 6345271.272760544903576 ], [ 627734.553903684252873, 6345271.581510902382433 ], [ 627724.518392087775283, 6345272.11413530446589 ], [ 627714.482880491297692, 6345272.646811556071043 ], [ 627704.447368894820102, 6345273.179444178007543 ], [ 627694.411857298342511, 6345273.712068580091 ], [ 627684.376345701864921, 6345274.244692982174456 ], [ 627674.34083410538733, 6345274.77737745270133 ], [ 627664.30532250890974, 6345275.310001854784787 ], [ 627654.269810912432149, 6345275.842626256868243 ], [ 627644.234299315954559, 6345276.375310727395117 ], [ 627634.198787719709799, 6345276.907935129478574 ], [ 627624.163276123115793, 6345277.44055953156203 ], [ 627614.127764526638202, 6345277.973244002088904 ], [ 627604.092252930160612, 6345278.505868404172361 ], [ 627594.056741333683021, 6345279.038492806255817 ], [ 627584.021229737205431, 6345279.571127638220787 ], [ 627573.98571814072784, 6345280.103801679797471 ], [ 627563.95020654425025, 6345280.636426080949605 ], [ 627553.914694947772659, 6345281.169051353819668 ], [ 627551.172696233494207, 6345281.314595642499626 ], [ 627543.879183351295069, 6345281.701734953559935 ], [ 627533.843671754933894, 6345282.234359355643392 ], [ 627523.808160158456303, 6345282.766983757726848 ], [ 627513.772648561978713, 6345283.299668228253722 ], [ 627503.737136965501122, 6345283.832292630337179 ], [ 627493.701625369023532, 6345284.364917032420635 ], [ 627483.666113772545941, 6345284.897601502947509 ], [ 627473.630602176068351, 6345285.430225905030966 ], [ 627463.59509057959076, 6345285.962850307114422 ], [ 627453.55957898311317, 6345286.495503786019981 ], [ 627443.524067386751994, 6345287.028159179724753 ], [ 627433.488555790274404, 6345287.560783581808209 ], [ 627423.453044193796813, 6345288.093427502550185 ], [ 627413.417532597319223, 6345288.626092453487217 ], [ 627403.382021000841632, 6345289.158716855570674 ], [ 627393.346509404364042, 6345289.691351219080389 ], [ 627383.310997807886451, 6345290.224025728181005 ], [ 627373.275486211408861, 6345290.756650130264461 ], [ 627363.23997461493127, 6345291.289274935610592 ], [ 627361.974784948164597, 6345291.356430739164352 ], [ 627353.20446301845368, 6345291.821956218220294 ], [ 627343.168951421976089, 6345292.354583404958248 ], [ 627333.133439825614914, 6345292.887207807041705 ], [ 627323.097928229137324, 6345293.419879934750497 ], [ 627313.062416632659733, 6345293.952516680583358 ], [ 627303.026905036182143, 6345294.485141081735492 ], [ 627292.991393439704552, 6345295.017803650349379 ], [ 627282.955881843226962, 6345295.550449954345822 ], [ 627272.920370246749371, 6345296.083074357360601 ], [ 627262.884858650271781, 6345296.615727366879582 ], [ 627252.84934705379419, 6345297.148383229970932 ], [ 627242.8138354573166, 6345297.681007632054389 ], [ 627232.778323860955425, 6345298.213651083409786 ], [ 627222.742812264477834, 6345298.746316503733397 ], [ 627212.707300668000244, 6345299.278940905816853 ], [ 627202.671789071406238, 6345299.81157479993999 ], [ 627192.636277475045063, 6345300.344249779358506 ], [ 627182.600765878683887, 6345300.876874181441963 ], [ 627172.776897528790869, 6345301.398265836760402 ], [ 627172.565254282089882, 6345301.409498583525419 ], [ 627162.529742685612291, 6345301.942179800011218 ], [ 627152.494231089134701, 6345302.47480745613575 ], [ 627142.45871949265711, 6345303.007431857287884 ], [ 627132.423207896295935, 6345303.540103516541421 ], [ 627122.387696299818344, 6345304.072740729898214 ], [ 627112.352184703340754, 6345304.605365132912993 ], [ 627102.316673106863163, 6345305.138027232140303 ], [ 627092.281161510385573, 6345305.670674005523324 ], [ 627082.245649913907982, 6345306.203298407606781 ], [ 627072.210138317430392, 6345306.735922809690237 ], [ 627062.174626720952801, 6345307.268607279285789 ], [ 627052.139115124475211, 6345307.963946058414876 ], [ 627042.10360352799762, 6345310.027953859418631 ], [ 627037.052968077012338, 6345311.440100934356451 ], [ 627042.103603527881205, 6345314.999704550020397 ], [ 627051.301084948820062, 6345321.4819360319525 ], [ 627052.139115124475211, 6345322.072565720416605 ], [ 627062.174626720952801, 6345329.145283116027713 ], [ 627065.549469134886749, 6345331.52377112954855 ], [ 627072.210138317430392, 6345336.218099662102759 ], [ 627079.797586006810889, 6345341.565606227144599 ], [ 627082.245649913907982, 6345343.290960832498968 ], [ 627092.281161510385573, 6345350.363822002895176 ], [ 627094.045702878735028, 6345351.607441324740648 ], [ 627102.316673106863163, 6345357.436573809944093 ], [ 627108.294087064801715, 6345361.649276421405375 ], [ 627112.352184703340754, 6345364.509355943650007 ], [ 627122.387696299818344, 6345371.582217114046216 ], [ 627122.54220393660944, 6345371.691111519001424 ], [ 627132.423207896295935, 6345378.655078284442425 ], [ 627136.790320808533579, 6345381.732946616597474 ], [ 627142.45871949265711, 6345385.727864503860474 ], [ 627151.038704994600266, 6345391.774781715124846 ], [ 627152.494231089134701, 6345392.800612226128578 ], [ 627162.529742685612291, 6345399.873473396524787 ], [ 627165.28682186640799, 6345401.816616811789572 ], [ 627163.674440532224253, 6345411.858451909385622 ], [ 627162.529742685612291, 6345412.113830396905541 ], [ 627152.494231089134701, 6345414.352771321311593 ], [ 627142.45871949265711, 6345416.591678857803345 ], [ 627132.423207896295935, 6345418.830569913610816 ], [ 627122.387696299818344, 6345421.069460969418287 ], [ 627118.663636431097984, 6345421.900287006050348 ], [ 627112.352184703340754, 6345423.308352026157081 ], [ 627102.316673106863163, 6345425.54724308103323 ], [ 627092.281161510385573, 6345427.786134136840701 ], [ 627082.245649913907982, 6345430.025037858635187 ], [ 627073.621097638038918, 6345431.942122103646398 ], [ 627072.210138317430392, 6345432.254128745757043 ], [ 627062.174626720952801, 6345434.957850478589535 ], [ 627052.139115124475211, 6345440.036384334787726 ], [ 627049.726500707794912, 6345441.983957201242447 ], [ 627049.954773721517995, 6345452.025792298838496 ], [ 627050.183046735357493, 6345462.067627396434546 ], [ 627050.411319749080576, 6345472.109462494030595 ], [ 627050.639592762803659, 6345482.151297591626644 ], [ 627050.867865776643157, 6345492.193132689222693 ], [ 627051.096138790482655, 6345502.234967786818743 ], [ 627051.324411804205738, 6345512.276802883483469 ], [ 627051.552684818045236, 6345522.318637981079519 ], [ 627051.78081847098656, 6345532.360473078675568 ], [ 627052.009091484709643, 6345542.402308176271617 ], [ 627052.139115124475211, 6345548.122108021751046 ], [ 627052.237364498549141, 6345552.444143273867667 ], [ 627052.465637512388639, 6345562.485978372395039 ], [ 627052.139115124475211, 6345562.93816202133894 ], [ 627042.10360352799762, 6345562.517194860614836 ], [ 627042.037438287399709, 6345562.485978371463716 ], [ 627032.068091931636445, 6345557.782531289383769 ], [ 627022.032580335158855, 6345553.047874432988465 ], [ 627020.752935579628684, 6345552.444143273867667 ], [ 627011.997068738681264, 6345548.313161129131913 ], [ 627001.961557142203674, 6345543.578554004430771 ], [ 626999.468432871857658, 6345542.402308176271617 ], [ 626991.926045545842499, 6345538.843840701505542 ], [ 626981.890533949248493, 6345534.109215085394681 ], [ 626978.183930163970217, 6345532.360473078675568 ], [ 626971.855022352770902, 6345529.374520272016525 ], [ 626961.819510756293312, 6345524.639806969091296 ], [ 626956.899542175000533, 6345522.318637981079519 ], [ 626951.783999159699306, 6345519.905199844390154 ], [ 626941.748487563338131, 6345515.170486540533602 ], [ 626935.615012253634632, 6345512.276802883483469 ], [ 626931.712975966976956, 6345510.435879416763783 ], [ 626921.677464370499365, 6345505.701166112907231 ], [ 626914.330647092312574, 6345502.234967786818743 ], [ 626911.641952774021775, 6345500.966466222889721 ], [ 626901.606441177544184, 6345496.231845686212182 ], [ 626893.046144384541549, 6345492.193132689222693 ], [ 626891.570929581066594, 6345491.49713238235563 ], [ 626881.535417984589003, 6345486.692498682066798 ], [ 626876.220545389223844, 6345482.151297591626644 ], [ 626871.499906388111413, 6345477.335017989389598 ], [ 626866.351319727953523, 6345472.109462494030595 ], [ 626861.464394791517407, 6345467.270100882276893 ], [ 626856.075792143121362, 6345462.067627396434546 ], [ 626851.428883195156232, 6345457.668665513396263 ], [ 626845.273974887793884, 6345452.025792298838496 ], [ 626841.393371598678641, 6345448.531547888182104 ], [ 626834.121813296340406, 6345441.983957201242447 ], [ 626831.357860002317466, 6345439.495187381282449 ], [ 626822.969651704770513, 6345431.942122103646398 ], [ 626821.32234840572346, 6345430.458809050731361 ], [ 626811.817497199052013, 6345421.900287006981671 ], [ 626811.286836809362285, 6345421.422460627742112 ], [ 626801.251325212884694, 6345412.386105861514807 ], [ 626800.665328521514311, 6345411.858451909385622 ], [ 626791.215813616407104, 6345403.349643114022911 ], [ 626789.513278199592605, 6345401.81661681085825 ], [ 626781.180302019929513, 6345394.313294688239694 ], [ 626778.361101697199047, 6345391.774781714193523 ], [ 626771.144790423451923, 6345385.276946263387799 ], [ 626766.668050837237388, 6345381.732946616597474 ], [ 626761.109278826974332, 6345377.491522954776883 ], [ 626754.719293752685189, 6345371.691111518070102 ], [ 626751.073767230496742, 6345369.053567895665765 ], [ 626741.038255634019151, 6345361.792862307280302 ], [ 626740.839795218082145, 6345361.649276421405375 ], [ 626731.002744037657976, 6345354.532246763817966 ], [ 626726.9601736307377, 6345351.607441324740648 ], [ 626720.967232441180386, 6345347.27153985016048 ], [ 626712.656935113715008, 6345341.565606227144599 ], [ 626710.93172084481921, 6345340.415527711622417 ], [ 626700.896209248225205, 6345334.567100540734828 ], [ 626695.674067828687839, 6345331.52377112954855 ], [ 626690.860697651747614, 6345328.718637921847403 ], [ 626680.825186055270024, 6345322.870225584134459 ], [ 626678.442977824364789, 6345321.4819360319525 ], [ 626670.789674458792433, 6345316.583096547052264 ], [ 626664.091995800379664, 6345311.440100934356451 ], [ 626660.754162862431258, 6345308.704698598012328 ], [ 626650.830556555185467, 6345301.398265836760402 ], [ 626650.718651265953667, 6345301.31798460893333 ], [ 626640.683139669359662, 6345296.560702821239829 ], [ 626630.647628072998486, 6345295.265651868656278 ], [ 626623.086955713923089, 6345291.356430739164352 ], [ 626620.612116476520896, 6345290.076838985085487 ], [ 626610.576604880043305, 6345284.72747609205544 ], [ 626604.499737996375188, 6345281.314595641568303 ], [ 626600.541093283565715, 6345278.983307371847332 ], [ 626597.562054304988123, 6345281.314595643430948 ], [ 626591.489234154927544, 6345291.356430739164352 ], [ 626590.505581687088124, 6345293.669113458134234 ], [ 626587.260993866831996, 6345301.398265836760402 ], [ 626582.830457291100174, 6345311.440100934356451 ], [ 626580.470070090610534, 6345316.770795497111976 ], [ 626578.384041569661349, 6345321.4819360319525 ], [ 626573.937575227348134, 6345331.52377112954855 ], [ 626570.434558494132943, 6345339.434978345409036 ], [ 626569.491134195472114, 6345341.565606227144599 ], [ 626565.044636797392741, 6345351.607441324740648 ], [ 626560.399046897655353, 6345360.020215186290443 ], [ 626559.445312482886948, 6345361.649276421405375 ], [ 626553.11165831296239, 6345371.691111519001424 ], [ 626550.363535301061347, 6345380.545402403920889 ], [ 626550.075915050809272, 6345381.732946616597474 ], [ 626549.035498302662745, 6345391.774781714193523 ], [ 626549.257342729484662, 6345401.81661681085825 ], [ 626550.300123649067245, 6345411.858451909385622 ], [ 626548.314943535486236, 6345421.900287006981671 ], [ 626541.583280862425454, 6345431.942122103646398 ], [ 626540.328023704700172, 6345433.814601078629494 ], [ 626534.851517486851662, 6345441.983957201242447 ], [ 626530.292512108338997, 6345448.784770379774272 ], [ 626528.119854813674465, 6345452.025792298838496 ], [ 626521.388091438100673, 6345462.067627396434546 ], [ 626520.257000511861406, 6345463.754911670461297 ], [ 626514.656428765039891, 6345472.109462494030595 ], [ 626510.221488915383816, 6345478.725203180685639 ], [ 626507.924766091862693, 6345482.151297591626644 ], [ 626501.193002716172487, 6345492.193132689222693 ], [ 626500.185977318906225, 6345493.695344470441341 ], [ 626494.461340042995289, 6345502.234967786818743 ], [ 626490.150465722428635, 6345508.665635982528329 ], [ 626487.729677369934507, 6345512.276802883483469 ], [ 626480.9979139942443, 6345522.318637981079519 ], [ 626480.114954125951044, 6345523.635777271352708 ], [ 626474.266251321183518, 6345532.360473078675568 ], [ 626470.079442529473454, 6345538.605975352227688 ], [ 626465.927360916743055, 6345542.402308176271617 ], [ 626460.043930932995863, 6345546.834677396342158 ], [ 626452.555384393082932, 6345552.444143273867667 ], [ 626450.008419336518273, 6345554.352005300112069 ], [ 626439.972907740040682, 6345561.86934080440551 ], [ 626439.149709933553822, 6345562.485978371463716 ], [ 626429.937396143679507, 6345569.386784881353378 ], [ 626423.696220361627638, 6345572.527813469059765 ], [ 626419.901884547201917, 6345574.429882588796318 ], [ 626409.866372950724326, 6345578.670209610834718 ], [ 626400.637635488179512, 6345582.569648565724492 ], [ 626399.830861354246736, 6345582.91053663380444 ], [ 626389.795349757769145, 6345587.150863656774163 ], [ 626379.759838161291555, 6345591.391190680675209 ], [ 626376.871791008161381, 6345592.611483663320541 ], [ 626369.724326564813964, 6345595.631517702713609 ], [ 626359.688814968336374, 6345599.871844725683331 ], [ 626353.105946528259665, 6345602.653318760916591 ], [ 626349.653303371742368, 6345604.112171748653054 ], [ 626339.617791775381193, 6345608.352498771622777 ], [ 626329.582280179020017, 6345612.592825795523822 ], [ 626329.340102048474364, 6345612.69515385851264 ], [ 626319.546768582542427, 6345616.833152817562222 ], [ 626309.511256986064836, 6345621.18754443526268 ], [ 626306.395123949390836, 6345622.736988956108689 ], [ 626299.475745389587246, 6345626.372910047881305 ], [ 626289.440233793109655, 6345630.04837850946933 ], [ 626280.836116004968062, 6345632.778824053704739 ], [ 626279.404722196632065, 6345633.233065027743578 ], [ 626269.369210600154474, 6345636.417751546017826 ], [ 626259.333699003676884, 6345639.602438064292073 ], [ 626249.298187407199293, 6345642.794119859114289 ], [ 626249.215202104765922, 6345642.820659151300788 ], [ 626239.262675810721703, 6345646.00350952334702 ], [ 626229.227164214360528, 6345649.212854620069265 ], [ 626219.191652617882937, 6345652.422282870858908 ], [ 626217.81511024874635, 6345652.862494247965515 ], [ 626213.010467825573869, 6345662.904329345561564 ], [ 626209.156141021405347, 6345672.037852971814573 ], [ 626208.746881050639786, 6345672.946164443157613 ], [ 626201.121217868290842, 6345682.98799953982234 ], [ 626199.120629424927756, 6345685.622469325549901 ], [ 626193.495554685825482, 6345693.029834638349712 ], [ 626189.085117828450166, 6345698.837707156315446 ], [ 626185.869891503476538, 6345703.071669736877084 ], [ 626179.049606231972575, 6345712.053113232366741 ], [ 626178.244359707110561, 6345713.113504834473133 ], [ 626170.618707986781374, 6345723.155339930206537 ], [ 626169.014094635494985, 6345725.268370925448835 ], [ 626162.993044804316014, 6345733.197175027802587 ], [ 626158.978583039017394, 6345738.48360875621438 ], [ 626155.367381621850654, 6345743.239010125398636 ], [ 626148.943071442539804, 6345751.698846586979926 ], [ 626147.74171843950171, 6345753.280845222994685 ], [ 626140.116055257036351, 6345763.322680320590734 ], [ 626138.907559846062213, 6345764.914084417745471 ], [ 626132.490392074687406, 6345773.364515418186784 ], [ 626128.872048249701038, 6345778.231153060682118 ], [ 626125.49789965688251, 6345783.406350515782833 ], [ 626119.565080171800219, 6345793.44818561244756 ], [ 626118.836536653107032, 6345794.681337635032833 ], [ 626113.632385952048935, 6345803.490020710043609 ], [ 626108.801025056745857, 6345811.667537240311503 ], [ 626107.699566466850229, 6345813.531855807639658 ], [ 626101.766834784066305, 6345823.57369090616703 ], [ 626098.765513460268266, 6345828.65376288164407 ], [ 626095.834052762016654, 6345833.615526002831757 ], [ 626089.901233276934363, 6345843.657361100427806 ], [ 626088.730001863790676, 6345845.575151004828513 ], [ 626082.934385636821389, 6345853.699196198023856 ], [ 626078.694490267313085, 6345859.576235458254814 ], [ 626075.689865353051573, 6345863.741031294688582 ], [ 626068.658978670835495, 6345873.48674279730767 ], [ 626068.445345069281757, 6345873.782866392284632 ], [ 626061.200678461114876, 6345883.824701489880681 ], [ 626058.623467074357904, 6345887.397047311067581 ], [ 626053.956158177228644, 6345893.86653658747673 ], [ 626048.587955477880314, 6345901.307554649189115 ], [ 626046.711637893575244, 6345903.90837168507278 ], [ 626039.466971285408363, 6345913.950206782668829 ], [ 626038.552443881402723, 6345915.217859163880348 ], [ 626032.222451001754962, 6345923.992041880264878 ], [ 626028.516932284925133, 6345929.12826276011765 ], [ 626024.977784393588081, 6345934.033876975998282 ], [ 626018.481420688563958, 6345943.03867101483047 ], [ 626017.73326410993468, 6345944.075712073594332 ], [ 626010.488743826048449, 6345954.117547172121704 ], [ 626008.445909092086367, 6345956.949121161364019 ], [ 626003.244077217997983, 6345964.159382269717753 ], [ 625998.410397495608777, 6345970.859482867643237 ], [ 625995.999556934228167, 6345974.201217367313802 ], [ 625988.755036650458351, 6345984.243052464909852 ], [ 625988.374885899131186, 6345984.76997956354171 ], [ 625981.51037004229147, 6345994.284887562505901 ], [ 625978.339374302653596, 6346000.247803260572255 ], [ 625976.352218608255498, 6346004.32672266010195 ], [ 625971.671062104986049, 6346014.368557756766677 ], [ 625968.303862706176005, 6346021.591743112541735 ], [ 625966.98988805024419, 6346024.410392854362726 ], [ 625962.308669017278589, 6346034.452227951958776 ], [ 625958.268351109698415, 6346043.119493411853909 ], [ 625957.592597162816674, 6346044.494063048623502 ], [ 625950.126034304848872, 6346054.535898147150874 ], [ 625948.232839513220824, 6346056.162803385406733 ], [ 625938.197327916743234, 6346064.182588020339608 ], [ 625937.74165792868007, 6346064.577733244746923 ], [ 625928.362332688178867, 6346074.619568342342973 ], [ 625928.161816320382059, 6346074.849470818415284 ], [ 625919.603881753282622, 6346084.661403439007699 ], [ 625918.126304723904468, 6346086.667293414473534 ], [ 625912.668321118922904, 6346094.703238536603749 ], [ 625908.853214371250942, 6346104.745073634199798 ], [ 625908.090793127426878, 6346106.684911047108471 ], [ 625905.276113863335922, 6346114.786908731795847 ], [ 625901.896409887005575, 6346124.828743829391897 ], [ 625898.631497148657218, 6346134.870578926987946 ], [ 625898.055281530949287, 6346136.679017569869757 ], [ 625895.527378719300032, 6346144.912414024583995 ], [ 625892.444081967696548, 6346154.954249121248722 ], [ 625889.360933558782563, 6346164.996084218844771 ], [ 625888.019769934471697, 6346169.364052999764681 ], [ 625886.277636807179078, 6346175.037919316440821 ], [ 625883.194488398265094, 6346185.07975441403687 ], [ 625880.111191646778025, 6346195.121589511632919 ], [ 625877.984258337994106, 6346202.049025597982109 ], [ 625877.028043237631209, 6346205.163424609228969 ], [ 625873.944746486260556, 6346215.205259706825018 ], [ 625870.861598077230155, 6346225.247094802558422 ], [ 625867.948746741516516, 6346234.733814745210111 ], [ 625867.778384428122081, 6346235.288929901085794 ], [ 625864.695152916712686, 6346245.330764998681843 ], [ 625861.611856165109202, 6346255.372600096277893 ], [ 625858.528698658570647, 6346265.414435193873942 ], [ 625857.913235145038925, 6346267.418937182053924 ], [ 625855.445411004708149, 6346275.456270290538669 ], [ 625852.362196307280101, 6346285.498105389066041 ], [ 625857.913235145038925, 6346292.883485220372677 ], [ 625861.225512580364011, 6346295.539940485730767 ], [ 625867.948746741516516, 6346303.381733680143952 ], [ 625869.83501933561638, 6346305.581775583326817 ], [ 625877.984258337994106, 6346315.086588058620691 ], [ 625878.444690956850536, 6346315.623610680922866 ], [ 625887.130429734010249, 6346325.665445778518915 ], [ 625888.019769934471697, 6346326.66334630548954 ], [ 625895.940795116010122, 6346335.707280876114964 ], [ 625893.015688046580181, 6346345.749115973711014 ], [ 625888.019769934471697, 6346354.198518286459148 ], [ 625887.251337027060799, 6346355.790951071307063 ], [ 625882.226646172930487, 6346365.83278616797179 ], [ 625877.984258337994106, 6346371.997983893379569 ], [ 625875.753361511509866, 6346375.874621265567839 ], [ 625870.9807989775436, 6346385.916456363163888 ], [ 625867.948746741516516, 6346392.437081445008516 ], [ 625866.358451514155604, 6346395.958291460759938 ], [ 625867.948746741516516, 6346401.360878802835941 ], [ 625876.840371982194483, 6346406.000126557424664 ], [ 625877.984258337994106, 6346406.233518565073609 ], [ 625888.019769934471697, 6346408.34116102475673 ], [ 625896.027110925293528, 6346416.041961655952036 ], [ 625898.055281530949287, 6346420.168794943019748 ], [ 625899.829736683168449, 6346426.083796754479408 ], [ 625902.842210152419284, 6346436.125631850212812 ], [ 625905.854683621670119, 6346446.167466947808862 ], [ 625908.090793127426878, 6346449.805218600668013 ], [ 625912.676108213025145, 6346456.209302045404911 ], [ 625915.716556971427053, 6346466.251137143932283 ], [ 625915.536967727122828, 6346476.29297224059701 ], [ 625914.810159648070112, 6346486.334807338193059 ], [ 625913.418190492782742, 6346496.376642435789108 ], [ 625912.79994463280309, 6346506.418477533385158 ], [ 625915.880426464369521, 6346516.460312630049884 ], [ 625918.126304723904468, 6346523.781311315484345 ], [ 625918.960981467971578, 6346526.502147726714611 ], [ 625922.041507924674079, 6346536.543982825241983 ], [ 625925.122018303256482, 6346546.585817923769355 ], [ 625928.161816320382059, 6346556.494795487262309 ], [ 625928.202573009766638, 6346556.627653020434082 ], [ 625928.161816320382059, 6346556.700914604589343 ], [ 625918.126304723904468, 6346560.851994458585978 ], [ 625908.090793127426878, 6346563.664805991575122 ], [ 625898.055281530949287, 6346566.477503653615713 ], [ 625897.158436807570979, 6346566.669488118030131 ], [ 625888.019769934471697, 6346568.595199738629162 ], [ 625877.984258337994106, 6346568.898821745999157 ], [ 625867.948746741516516, 6346569.8048299504444 ], [ 625857.913235145038925, 6346570.710881349630654 ], [ 625847.877723548561335, 6346571.616853644140065 ], [ 625837.842211952083744, 6346566.844515111297369 ], [ 625837.742609252803959, 6346566.669488118030131 ], [ 625834.57952972361818, 6346556.627653019502759 ], [ 625831.416548916953616, 6346546.585817922838032 ], [ 625828.253524848842062, 6346536.54398282431066 ], [ 625827.806700355722569, 6346535.125379037111998 ], [ 625825.89571157307364, 6346526.502147727645934 ], [ 625821.603885853895918, 6346516.460312629118562 ], [ 625817.771188759244978, 6346511.878908416256309 ], [ 625815.642501606838778, 6346516.460312630049884 ], [ 625810.976699516875669, 6346526.502147728577256 ], [ 625807.735677162767388, 6346533.477542610839009 ], [ 625806.310884546604939, 6346536.543982825241983 ], [ 625801.645095336600207, 6346546.585817922838032 ], [ 625797.700165566289797, 6346555.076176806353033 ], [ 625796.979286729707383, 6346556.627653020434082 ], [ 625792.31344246014487, 6346566.669488118030131 ], [ 625787.664653969812207, 6346576.674810292199254 ], [ 625787.647688912809826, 6346576.71132321562618 ], [ 625782.981844643363729, 6346586.753158312290907 ], [ 625778.316000373801216, 6346596.794993409886956 ], [ 625777.629142373334616, 6346598.273278687149286 ], [ 625773.650246826582588, 6346606.836828507483006 ], [ 625768.984402557020076, 6346616.878663605079055 ], [ 625767.593630776857026, 6346619.871884139254689 ], [ 625764.318587894318625, 6346626.920498702675104 ], [ 625759.652804740122519, 6346636.962333800271153 ], [ 625757.558119180379435, 6346641.748592223972082 ], [ 625755.194184166844934, 6346647.00416889693588 ], [ 625753.94831476721447, 6346657.046003994531929 ], [ 625755.426521691028029, 6346667.087839092127979 ], [ 625756.984700073022395, 6346677.129674189724028 ], [ 625757.558119180379435, 6346679.487128747627139 ], [ 625759.44271063990891, 6346687.1715092882514 ], [ 625762.377139755059034, 6346697.213344384916127 ], [ 625764.940189808257855, 6346707.255179482512176 ], [ 625764.228923847083934, 6346717.297014580108225 ], [ 625763.508158495067619, 6346727.338849676772952 ], [ 625762.787535053910688, 6346737.380684774369001 ], [ 625765.049619155237451, 6346747.422519871965051 ], [ 625767.593630776857026, 6346748.900997455231845 ], [ 625777.629142373334616, 6346753.933807823807001 ], [ 625779.69556912407279, 6346757.4643549695611 ], [ 625781.585475418483838, 6346767.506190067157149 ], [ 625783.088795997202396, 6346777.548025164753199 ], [ 625787.664653969812207, 6346782.414722373709083 ], [ 625793.050758898141794, 6346787.589860262349248 ], [ 625797.700165566289797, 6346796.555913793854415 ], [ 625797.988293130765669, 6346797.631695359013975 ], [ 625797.700165566289797, 6346800.628638047724962 ], [ 625797.022866097511724, 6346807.673530456610024 ], [ 625797.082872927305289, 6346817.715365554206073 ], [ 625797.344017941970378, 6346827.757200651802123 ], [ 625793.15856995806098, 6346837.799035748466849 ], [ 625787.664653969812207, 6346842.723542431369424 ], [ 625781.517498499946669, 6346847.840870846994221 ], [ 625777.629142373334616, 6346850.598661743104458 ], [ 625767.593630776740611, 6346853.072459597140551 ], [ 625757.558119180379435, 6346856.079471007920802 ], [ 625752.497435502009466, 6346857.882705944590271 ], [ 625747.522607583901845, 6346859.655348550528288 ], [ 625737.487095987424254, 6346863.231148249469697 ], [ 625727.451584391063079, 6346866.939770328812301 ], [ 625725.333564890082926, 6346867.924541041254997 ], [ 625717.416072794585489, 6346871.491351205855608 ], [ 625707.380561198107898, 6346876.327607663348317 ], [ 625703.984852744615637, 6346877.966376138851047 ], [ 625697.345049601630308, 6346881.170744305476546 ], [ 625687.309538005152717, 6346886.013867774046957 ], [ 625683.177009780309163, 6346888.008211236447096 ], [ 625677.274026408675127, 6346890.856970073655248 ], [ 625667.238514812197536, 6346895.700087896548212 ], [ 625661.445746268378571, 6346898.050046334043145 ], [ 625657.203003215719946, 6346899.691329230554402 ], [ 625647.167491619242355, 6346903.4127765763551 ], [ 625637.131980022764765, 6346907.134223920293152 ], [ 625634.549494725186378, 6346908.091881431639194 ], [ 625627.09646842640359, 6346910.85565385594964 ], [ 625617.060956829925999, 6346913.850130129605532 ], [ 625607.025445233448409, 6346915.759707443416119 ], [ 625596.989933636970818, 6346917.669347041286528 ], [ 625594.920734989224002, 6346918.133716529235244 ], [ 625586.954422040493228, 6346924.357321887277067 ], [ 625583.799234050908126, 6346928.175551626831293 ], [ 625576.918910444015637, 6346934.260696681216359 ], [ 625572.445178485824727, 6346938.21738672349602 ], [ 625566.883398847538047, 6346943.136375684291124 ], [ 625561.091122920624912, 6346948.259221821092069 ], [ 625556.847887251060456, 6346951.946833122521639 ], [ 625549.52006603020709, 6346958.301056918688118 ], [ 625546.812375654582866, 6346960.168973061256111 ], [ 625536.776864058105275, 6346966.504355764016509 ], [ 625534.250025241053663, 6346968.342892016284168 ], [ 625526.7413524617441, 6346972.811360914260149 ], [ 625517.573134128702804, 6346978.384727113880217 ], [ 625516.705840865266509, 6346978.964492966420949 ], [ 625506.670329268788919, 6346987.862242437899113 ], [ 625506.187945911078714, 6346988.426562211476266 ], [ 625506.670329268788919, 6346988.797670561820269 ], [ 625516.705840865266509, 6346995.670859238132834 ], [ 625519.872251343680546, 6346998.468397309072316 ], [ 625521.526733189122751, 6347008.510232406668365 ], [ 625519.886323330574669, 6347018.552067503333092 ], [ 625518.245853924774565, 6347028.593902600929141 ], [ 625516.705840865266509, 6347038.021154643967748 ], [ 625516.605444066110067, 6347038.635737697593868 ], [ 625514.852753642015159, 6347048.67757279612124 ], [ 625512.710535177146085, 6347058.719407893717289 ], [ 625510.038532684324309, 6347068.761242991313338 ], [ 625506.670329268788919, 6347078.654458092525601 ], [ 625506.594604739220813, 6347078.803078088909388 ], [ 625501.478054151404649, 6347088.844913185574114 ], [ 625496.634817672311328, 6347098.350555205717683 ], [ 625496.361617768066935, 6347098.886748283170164 ], [ 625491.245069508557208, 6347108.928583380766213 ], [ 625486.599306075833738, 6347118.046652318909764 ], [ 625486.128636346082203, 6347118.970418478362262 ], [ 625481.012137311277911, 6347129.012253575958312 ], [ 625484.357688143965788, 6347139.054088673554361 ], [ 625486.599306075833738, 6347140.364235371351242 ], [ 625496.634817672311328, 6347146.391726453788579 ], [ 625500.994390680571087, 6347149.09592377115041 ], [ 625506.670329268788919, 6347151.114682835526764 ], [ 625516.705840865150094, 6347152.428455781191587 ], [ 625526.7413524617441, 6347153.618859752081335 ], [ 625536.776864058105275, 6347154.8092529932037 ], [ 625546.812375654582866, 6347156.884667549282312 ], [ 625552.76636875141412, 6347159.137758867815137 ], [ 625556.847887251060456, 6347160.775507787242532 ], [ 625565.609899912611581, 6347169.179593965411186 ], [ 625566.883398847538047, 6347170.995953211560845 ], [ 625573.788306147325784, 6347179.221429063007236 ], [ 625576.918910444015637, 6347182.473492950201035 ], [ 625584.093742121127434, 6347189.263264160603285 ], [ 625586.954422040493228, 6347193.036505650728941 ], [ 625591.286535821855068, 6347199.305099258199334 ], [ 625596.41209664195776, 6347209.346934355795383 ], [ 625596.989933636970818, 6347211.282864368520677 ], [ 625599.268743398366496, 6347219.388769453391433 ], [ 625602.091753352433443, 6347229.430604550056159 ], [ 625604.914764855988324, 6347239.472439648583531 ], [ 625607.025445233448409, 6347246.980295325629413 ], [ 625607.737821824965067, 6347249.514274745248258 ], [ 625610.484333847882226, 6347259.556109842844307 ], [ 625607.025445233564824, 6347268.397516922093928 ], [ 625606.087052449118346, 6347269.597944940440357 ], [ 625598.237197686568834, 6347279.639780038036406 ], [ 625596.989933636970818, 6347281.778366487473249 ], [ 625593.251617996720597, 6347289.681615134701133 ], [ 625596.989933636970818, 6347295.094685513526201 ], [ 625600.186600655666552, 6347299.723450232297182 ], [ 625607.025445233448409, 6347309.626077662222087 ], [ 625607.121583314612508, 6347309.765285329893231 ], [ 625614.056611369480379, 6347319.807120427489281 ], [ 625617.060956829925999, 6347324.15737469214946 ], [ 625620.991640876978636, 6347329.84895552508533 ], [ 625627.09646842640359, 6347338.688668677583337 ], [ 625627.926670384476893, 6347339.890790622681379 ], [ 625634.861665587755851, 6347349.932625720277429 ], [ 625637.131980022764765, 6347353.2200345415622 ], [ 625641.796648246701807, 6347359.974460817873478 ], [ 625647.167491619242355, 6347367.751426692120731 ], [ 625648.817969179712236, 6347370.016295914538205 ], [ 625656.063855909509584, 6347380.058131012134254 ], [ 625657.203003215719946, 6347381.781433910131454 ], [ 625662.146978980745189, 6347390.099966109730303 ], [ 625667.238514812197536, 6347396.793897438794374 ], [ 625669.778891157126054, 6347400.141801207326353 ], [ 625677.274026408675127, 6347409.988376841880381 ], [ 625677.422656362876296, 6347410.183636304922402 ], [ 625682.625791326980107, 6347420.225471403449774 ], [ 625684.262713656527922, 6347430.267306500114501 ], [ 625685.899635986075737, 6347440.309141596779227 ], [ 625687.309538005152717, 6347448.957619596272707 ], [ 625687.552287010243163, 6347450.350976694375277 ], [ 625690.337525299517438, 6347460.392811791971326 ], [ 625694.443250935524702, 6347470.434646889567375 ], [ 625697.345049601630308, 6347476.268279802054167 ], [ 625699.438288986566477, 6347480.476481987163424 ], [ 625704.433423615293577, 6347490.518317084759474 ], [ 625707.380561198107898, 6347496.443177331238985 ], [ 625709.446857216069475, 6347500.560152182355523 ], [ 625714.520938372705132, 6347510.601987279951572 ], [ 625717.416072794585489, 6347516.3057756498456 ], [ 625719.61599116504658, 6347520.643822376616299 ], [ 625724.704024425707757, 6347530.685657474212348 ], [ 625727.451584391063079, 6347536.108145285397768 ], [ 625729.79219521547202, 6347540.727492570877075 ], [ 625734.880228476016782, 6347550.769327669404447 ], [ 625737.487095987424254, 6347555.914149797521532 ], [ 625739.968399265781045, 6347560.811162767000496 ], [ 625744.933934396831319, 6347570.852997865527868 ], [ 625747.522607583901845, 6347576.063060563057661 ], [ 625749.868157362565398, 6347580.894832962192595 ], [ 625754.700344209093601, 6347590.936668058857322 ], [ 625757.558119180379435, 6347597.165461764670908 ], [ 625759.272104087052867, 6347600.978503156453371 ], [ 625763.78591869212687, 6347611.02033825404942 ], [ 625767.593630776857026, 6347619.491357130929828 ], [ 625768.299710646620952, 6347621.06217335164547 ], [ 625768.986226410255767, 6347631.104008449241519 ], [ 625767.593630776857026, 6347634.872306235134602 ], [ 625765.275209791725501, 6347641.145843546837568 ], [ 625761.564292086171918, 6347651.187678644433618 ], [ 625757.853278376860544, 6347661.229513741098344 ], [ 625757.558119180379435, 6347662.028213955461979 ], [ 625754.142324095126241, 6347671.271348838694394 ], [ 625750.431341143790632, 6347681.313183936290443 ], [ 625747.522607583901845, 6347688.98770560324192 ], [ 625745.006796018220484, 6347691.355019033886492 ], [ 625737.487095987424254, 6347696.470268629491329 ], [ 625730.892634266754612, 6347701.396854131482542 ], [ 625727.451584391063079, 6347703.96759108453989 ], [ 625717.818894376978278, 6347711.438689229078591 ], [ 625720.965886184829287, 6347721.48052432667464 ], [ 625721.226537562906742, 6347731.522359423339367 ], [ 625722.495091398363002, 6347741.564194520935416 ], [ 625723.823815699550323, 6347751.606029618531466 ], [ 625725.152503931545652, 6347761.647864715196192 ], [ 625726.481275302125141, 6347771.689699813723564 ], [ 625727.451584391063079, 6347779.022551861591637 ], [ 625727.810046672588214, 6347781.731534911319613 ], [ 625729.138818043167703, 6347791.773370008915663 ], [ 625730.467498336452991, 6347801.815205105580389 ], [ 625731.796230576350354, 6347811.857040203176439 ], [ 625733.125001946813427, 6347821.898875300772488 ], [ 625734.453733960399404, 6347831.94071039929986 ], [ 625735.782414479996078, 6347841.982545495964587 ], [ 625737.111185850575566, 6347852.024380593560636 ], [ 625737.487095987424254, 6347854.865221154876053 ], [ 625738.439957221155055, 6347862.066215692088008 ], [ 625739.768627985962667, 6347872.108050787821412 ], [ 625741.76300271099899, 6347882.149885885417461 ], [ 625744.694651149329729, 6347892.191720983013511 ], [ 625747.522607583901845, 6347898.844408797100186 ], [ 625749.636785103357397, 6347902.23355608060956 ], [ 625755.900917107006535, 6347912.275391178205609 ], [ 625757.558119180379435, 6347914.932025169953704 ], [ 625762.164990365621634, 6347922.317226275801659 ], [ 625767.593630776857026, 6347931.019405028782785 ], [ 625768.429319252958521, 6347932.359061373397708 ], [ 625774.693415732239373, 6347942.400896470993757 ], [ 625777.629142373334616, 6347947.107112634927034 ], [ 625780.957488990738057, 6347952.442731567658484 ], [ 625787.221574560855515, 6347962.484566665254533 ], [ 625787.664653969928622, 6347963.194848258048296 ], [ 625793.485752610838972, 6347972.526401763781905 ], [ 625797.700165566289797, 6347979.282346373423934 ], [ 625799.749987615970895, 6347982.568236860446632 ], [ 625806.014108710573055, 6347992.610071958042681 ], [ 625807.735677162767388, 6347995.369844488799572 ], [ 625812.278286760440096, 6348002.651907055638731 ], [ 625817.771188759244978, 6348011.457342603243887 ], [ 625818.542464810307138, 6348012.69374215323478 ], [ 625824.806642860057764, 6348022.735577248968184 ], [ 625827.806700355722569, 6348027.544840717688203 ], [ 625831.070820909924805, 6348032.777412347495556 ], [ 625837.334998959791847, 6348042.819247446022928 ], [ 625837.842211952083744, 6348043.632338833995163 ], [ 625843.599177009658888, 6348052.861082542687654 ], [ 625844.54130675306078, 6348062.902917640283704 ], [ 625837.842211952200159, 6348071.488043426536024 ], [ 625837.167985580628738, 6348072.944752737879753 ], [ 625828.39515267428942, 6348082.986587835475802 ], [ 625827.806700355722569, 6348083.656716052442789 ], [ 625819.577226502355188, 6348093.028422932140529 ], [ 625817.771188759244978, 6348095.085134776309133 ], [ 625810.759300330420956, 6348103.070258029736578 ], [ 625807.735677162767388, 6348106.513519916683435 ], [ 625801.941288152476773, 6348113.112093127332628 ], [ 625797.700165566289797, 6348117.941874280571938 ], [ 625793.123361980542541, 6348123.15392822586 ], [ 625787.664653969812207, 6348129.370293005369604 ], [ 625784.305435808491893, 6348133.195763323456049 ], [ 625777.629142373334616, 6348140.798711729235947 ], [ 625775.487509636441246, 6348143.237598420120776 ], [ 625767.593630776973441, 6348152.227042774669826 ], [ 625766.669505378464237, 6348153.279433518648148 ], [ 625757.851571286679246, 6348163.321268614381552 ], [ 625757.558119180379435, 6348163.655451233498752 ], [ 625749.033645114745013, 6348173.363103711977601 ], [ 625747.522607583901845, 6348182.21489242464304 ], [ 625747.297512352932245, 6348183.40493880957365 ], [ 625746.737831282312982, 6348193.4467739071697 ], [ 625745.608506562653929, 6348203.488609004765749 ], [ 625743.440330836572684, 6348213.530444102361798 ], [ 625741.250951495137997, 6348223.572279199957848 ], [ 625738.77106817800086, 6348233.614114296622574 ], [ 625738.876051365630701, 6348243.655949394218624 ], [ 625746.963131071650423, 6348253.697784491814673 ], [ 625747.522607583901845, 6348254.04703032784164 ], [ 625749.251096156542189, 6348253.697784491814673 ], [ 625757.558119180379435, 6348252.0255665499717 ], [ 625767.593630776857026, 6348250.005400901660323 ], [ 625777.629142373334616, 6348247.985095459036529 ], [ 625787.664653969812207, 6348245.964929811656475 ], [ 625797.700165566289797, 6348243.944624369032681 ], [ 625799.134206909220666, 6348243.655949395149946 ], [ 625807.735677162767388, 6348242.337028792127967 ], [ 625817.771188759244978, 6348241.372509773820639 ], [ 625827.806700355722569, 6348240.388330422341824 ], [ 625837.842211952083744, 6348239.154293721541762 ], [ 625847.877723548561335, 6348237.7076345551759 ], [ 625857.913235145038925, 6348239.464867852628231 ], [ 625867.948746741516516, 6348240.984865820966661 ], [ 625872.232883559772745, 6348243.655949394218624 ], [ 625877.984258337994106, 6348248.393933727405965 ], [ 625884.422530684852973, 6348253.697784491814673 ], [ 625888.019769934471697, 6348258.112888012081385 ], [ 625892.967401038506068, 6348263.739619589410722 ], [ 625897.614469171967357, 6348273.781454687006772 ], [ 625898.055281530949287, 6348274.083108103834093 ], [ 625908.090793127426878, 6348274.151140916161239 ], [ 625918.126304723904468, 6348274.183840277604759 ], [ 625928.161816320265643, 6348274.179910969920456 ], [ 625934.40895410743542, 6348283.823289783671498 ], [ 625938.197327916743234, 6348291.577901220880449 ], [ 625939.29121191916056, 6348293.86512488219887 ], [ 625944.093804230680689, 6348303.906959978863597 ], [ 625948.232839513220824, 6348312.561490913853049 ], [ 625948.89631866896525, 6348313.948795076459646 ], [ 625958.268351109698415, 6348320.434926126152277 ], [ 625963.427487385459244, 6348323.990630174055696 ], [ 625968.303862706176005, 6348326.973798694089055 ], [ 625978.339374302653596, 6348333.113113030791283 ], [ 625979.842179163824767, 6348334.032465271651745 ], [ 625988.374885899131186, 6348339.252413156442344 ], [ 625995.647909726132639, 6348344.074300369247794 ], [ 625998.410397495608777, 6348347.154669713228941 ], [ 626002.875406979816034, 6348354.116135466843843 ], [ 626008.445909092086367, 6348362.801191976293921 ], [ 626009.31613680429291, 6348364.157970564439893 ], [ 626008.445909092086367, 6348365.745574893429875 ], [ 626003.668847042601556, 6348374.19980566110462 ], [ 625998.410397495608777, 6348382.175165208056569 ], [ 625997.047893729293719, 6348384.241640758700669 ], [ 625990.426929538138211, 6348394.283475856296718 ], [ 625988.374885899131186, 6348397.39575086068362 ], [ 625983.039534893119708, 6348404.325310953892767 ], [ 625978.339374302653596, 6348408.843399269506335 ], [ 625968.303862706176005, 6348407.743510704487562 ], [ 625958.268351109698415, 6348405.114880274049938 ], [ 625955.97432001226116, 6348404.325310953892767 ], [ 625948.232839513220824, 6348401.66081547178328 ], [ 625938.197327916743234, 6348398.206750669516623 ], [ 625928.161816320382059, 6348394.752685867249966 ], [ 625926.798563811113127, 6348394.283475855365396 ], [ 625918.126304724020883, 6348391.298621064983308 ], [ 625908.090793127426878, 6348387.844556262716651 ], [ 625898.055281530949287, 6348384.494010766968131 ], [ 625896.77468353905715, 6348384.241640759631991 ], [ 625888.019769934471697, 6348382.923799311742187 ], [ 625885.722238958929665, 6348384.241640758700669 ], [ 625885.019124646671116, 6348394.283475855365396 ], [ 625884.315902856644243, 6348404.32531095482409 ], [ 625883.612681066384539, 6348414.367146051488817 ], [ 625882.909598666010424, 6348424.408981149084866 ], [ 625882.206376875983551, 6348434.450816246680915 ], [ 625881.503155085723847, 6348444.492651343345642 ], [ 625880.800072685466148, 6348454.534486440941691 ], [ 625880.021844003931619, 6348464.576321538537741 ], [ 625879.124540760181844, 6348474.61815663613379 ], [ 625878.227098829462193, 6348484.659991733729839 ], [ 625877.984258337994106, 6348488.937114879488945 ], [ 625877.65378353302367, 6348494.701826831325889 ], [ 625876.766945810173638, 6348504.743661928921938 ], [ 625875.880112698534504, 6348514.785497026517987 ], [ 625875.010046233073808, 6348524.827332122251391 ], [ 625874.255663123447448, 6348534.869167221710086 ], [ 625877.984258337994106, 6348539.031333593651652 ], [ 625888.019769934471697, 6348541.831079578027129 ], [ 625898.055281530949287, 6348543.312588665634394 ], [ 625908.090793127426878, 6348544.839262846857309 ], [ 625908.598638917901553, 6348544.911002318374813 ], [ 625918.126304724020883, 6348546.026839652098715 ], [ 625928.161816320382059, 6348546.501835661940277 ], [ 625938.197327916743234, 6348546.976842798292637 ], [ 625948.232839513220824, 6348547.451849933713675 ], [ 625958.268351109698415, 6348547.860951822251081 ], [ 625968.303862706176005, 6348548.067302310839295 ], [ 625978.339374302653596, 6348548.153102465905249 ], [ 625988.374885899131186, 6348548.237645117565989 ], [ 625998.410397495608777, 6348548.322187770158052 ], [ 626008.445909092086367, 6348548.40673042088747 ], [ 626018.481420688563958, 6348548.491167789325118 ], [ 626028.516932285041548, 6348548.575710441917181 ], [ 626038.552443881402723, 6348548.660253092646599 ], [ 626048.587955477880314, 6348548.744795744307339 ], [ 626058.623467074357904, 6348548.169942943379283 ], [ 626068.658978670835495, 6348547.201331096701324 ], [ 626078.694490267313085, 6348546.232790968380868 ], [ 626088.730001863790676, 6348545.264247104525566 ], [ 626092.390180232701823, 6348544.911002319306135 ], [ 626098.765513460268266, 6348544.343049610964954 ], [ 626108.801025056745857, 6348543.680769981816411 ], [ 626118.836536653223448, 6348544.00654365029186 ], [ 626128.872048249701038, 6348544.332317319698632 ], [ 626138.907559846062213, 6348544.658090989105403 ], [ 626146.70063502388075, 6348544.911002318374813 ], [ 626148.943071442539804, 6348544.983776872977614 ], [ 626158.978583039017394, 6348545.309550542384386 ], [ 626169.014094635378569, 6348545.635324211791158 ], [ 626179.049606231972575, 6348545.961097882129252 ], [ 626189.085117828450166, 6348546.286871551536024 ], [ 626199.120629424927756, 6348546.612645220011473 ], [ 626209.156141021405347, 6348547.184954838827252 ], [ 626219.191652617882937, 6348548.025970659218729 ], [ 626229.227164214360528, 6348548.867019625380635 ], [ 626239.262675810721703, 6348554.815604969859123 ], [ 626239.453063569846563, 6348554.952837415970862 ], [ 626249.298187407199293, 6348562.049251784570515 ], [ 626253.384421765105799, 6348564.994672513566911 ], [ 626259.333699003560469, 6348569.283003276214004 ], [ 626267.315753000322729, 6348575.036507611162961 ], [ 626269.369210600154474, 6348576.516650091856718 ], [ 626279.404722196632065, 6348580.87552426289767 ], [ 626284.823669486795552, 6348585.078342707827687 ], [ 626289.440233793109655, 6348593.440959001891315 ], [ 626290.169088508933783, 6348595.120177805423737 ], [ 626294.771334198303521, 6348605.162012903019786 ], [ 626299.432184854173101, 6348615.203848000615835 ], [ 626299.475745389587246, 6348615.297699476592243 ], [ 626304.13590253458824, 6348625.245683098211884 ], [ 626308.968092892551795, 6348635.287518195807934 ], [ 626309.511256986064836, 6348636.41130109038204 ], [ 626313.821722738211975, 6348645.329353293403983 ], [ 626318.675370671087876, 6348655.371188391000032 ], [ 626319.546768582542427, 6348657.17402512114495 ], [ 626323.754216199507937, 6348665.413023487664759 ], [ 626328.827403123257682, 6348675.454858586192131 ], [ 626329.582280179020017, 6348676.959200042299926 ], [ 626334.049299827194773, 6348685.496693682856858 ], [ 626339.475112850079313, 6348695.53852878138423 ], [ 626339.617791775381193, 6348695.808574909344316 ], [ 626344.858725972939283, 6348705.580363878048956 ], [ 626349.653303371858783, 6348715.261456425301731 ], [ 626349.832423537271097, 6348715.622198975645006 ], [ 626354.909978853655048, 6348725.664034073241055 ], [ 626359.688814968336374, 6348734.801255230791867 ], [ 626360.171938776504248, 6348735.705869169905782 ], [ 626367.773457266855985, 6348745.747704266570508 ], [ 626369.724326564813964, 6348747.232407196424901 ], [ 626379.759838161291555, 6348754.525631907396019 ], [ 626381.499018581002019, 6348755.78953936509788 ], [ 626389.795349757769145, 6348761.818698115646839 ], [ 626395.316811335505918, 6348765.83137446269393 ], [ 626399.830861354246736, 6348769.111922826617956 ], [ 626407.712817794294097, 6348775.873209560289979 ], [ 626409.866372950724326, 6348777.997573601081967 ], [ 626415.193480681627989, 6348785.915044657886028 ], [ 626419.901884547201917, 6348793.8056745165959 ], [ 626421.239535289932974, 6348795.956879755482078 ], [ 626426.262821578420699, 6348805.998714853078127 ], [ 626429.937396143679507, 6348813.390153615735471 ], [ 626431.255029445514083, 6348816.040549949742854 ], [ 626436.247285194578581, 6348826.082385047338903 ], [ 626439.972907740040682, 6348833.576605922542512 ], [ 626441.23941017431207, 6348836.124220144934952 ], [ 626446.231665923609398, 6348846.166055242531002 ], [ 626450.008419336518273, 6348853.763127657584846 ], [ 626451.223790903342888, 6348856.207890340127051 ], [ 626456.216046652523801, 6348866.2497254377231 ], [ 626460.043930932995863, 6348873.949447697028518 ], [ 626461.295032767928205, 6348876.291560534387827 ], [ 626466.930996783194132, 6348886.333395631983876 ], [ 626470.079442529473454, 6348891.88030456751585 ], [ 626472.630779015482403, 6348896.375230729579926 ], [ 626476.680204872391187, 6348906.417065827175975 ], [ 626480.114954125834629, 6348914.823183993808925 ], [ 626480.806595804053359, 6348916.458900924772024 ], [ 626486.057537882123142, 6348926.500736022368073 ], [ 626490.150465722428635, 6348932.459393749013543 ], [ 626492.708631369285285, 6348936.542571119964123 ], [ 626500.185977318906225, 6348943.76975478976965 ], [ 626510.221488915383816, 6348937.584574672393501 ], [ 626511.789928266080096, 6348936.542571119964123 ], [ 626520.257000511744991, 6348930.946083169430494 ], [ 626527.75275283260271, 6348926.500736022368073 ], [ 626530.292512108338997, 6348925.064945347607136 ], [ 626540.328023704700172, 6348918.89378837030381 ], [ 626543.516379073029384, 6348916.458900924772024 ], [ 626550.363535301177762, 6348911.22946253977716 ], [ 626556.664638726739213, 6348906.417065827175975 ], [ 626560.399046897655353, 6348903.550553066655993 ], [ 626569.75544512970373, 6348896.375230729579926 ], [ 626570.434558494132943, 6348895.845677819103003 ], [ 626580.470070090610534, 6348892.18498901464045 ], [ 626590.505581687088124, 6348891.439512873068452 ], [ 626600.541093283565715, 6348891.208292469382286 ], [ 626610.576604880159721, 6348890.976981995627284 ], [ 626620.612116476520896, 6348890.729327633976936 ], [ 626630.647628072998486, 6348890.466125668957829 ], [ 626640.683139669359662, 6348890.207104466855526 ], [ 626650.718651265837252, 6348889.952036755159497 ], [ 626660.754162862314843, 6348889.70079024322331 ], [ 626670.789674458792433, 6348891.30081601627171 ], [ 626680.825186055270024, 6348893.231897421181202 ], [ 626690.860697651747614, 6348895.155684998258948 ], [ 626697.512141384300776, 6348896.375230729579926 ], [ 626700.896209248225205, 6348896.882661654613912 ], [ 626710.931720844702795, 6348898.387576659210026 ], [ 626720.967232441180386, 6348899.89249166380614 ], [ 626731.002744037657976, 6348901.39734673127532 ], [ 626741.038255634019151, 6348902.902201825752854 ], [ 626751.073767230496742, 6348904.407116830348969 ], [ 626761.109278826974332, 6348905.912031835876405 ], [ 626764.477361486060545, 6348906.417065827175975 ], [ 626771.144790423451923, 6348907.416826993227005 ], [ 626781.180302019929513, 6348908.921741998754442 ], [ 626791.215813616407104, 6348910.426657002419233 ], [ 626801.251325212884694, 6348911.93150619417429 ], [ 626811.286836809362285, 6348913.43636716529727 ], [ 626821.322348405839875, 6348914.941282169893384 ], [ 626831.357860002317466, 6348916.446197174489498 ], [ 626831.389428516617045, 6348916.458900924772024 ], [ 626841.393371598678641, 6348921.74680314771831 ], [ 626846.858091110829264, 6348926.500736022368073 ], [ 626851.428883195156232, 6348930.477075401693583 ], [ 626861.464394791633822, 6348931.690723014995456 ], [ 626865.915436167037115, 6348926.500736022368073 ], [ 626871.499906388111413, 6348919.989272680133581 ], [ 626874.527682925923727, 6348916.458900923840702 ], [ 626881.535417984589003, 6348908.287767310626805 ], [ 626883.124265083111823, 6348906.417065827175975 ], [ 626891.461516160983592, 6348896.375230729579926 ], [ 626891.570929581066594, 6348896.242659616284072 ], [ 626899.749230548040941, 6348886.333395631983876 ], [ 626901.606441177544184, 6348884.083143055438995 ], [ 626908.037101463531144, 6348876.291560534387827 ], [ 626911.641952774021775, 6348872.078190357424319 ], [ 626916.594034192268737, 6348866.249725438654423 ], [ 626921.677464370499365, 6348860.458381937816739 ], [ 626925.459354266058654, 6348856.207890340127051 ], [ 626931.712975966976956, 6348849.214305846020579 ], [ 626934.455930180149153, 6348846.166055242531002 ], [ 626941.748487563338131, 6348838.06182137131691 ], [ 626943.49202907027211, 6348836.124220144934952 ], [ 626951.783999159815721, 6348826.90949859470129 ], [ 626952.528286521905102, 6348826.08238504640758 ], [ 626961.564385412144475, 6348816.040549949742854 ], [ 626961.819510756293312, 6348815.760512640699744 ], [ 626970.910698119783774, 6348805.998714852146804 ], [ 626971.855022352770902, 6348805.020604219287634 ], [ 626980.605662992340513, 6348795.956879755482078 ], [ 626981.890533949248493, 6348792.752821357920766 ], [ 626984.906911002355628, 6348785.915044657886028 ], [ 626981.890533949248493, 6348783.131624085828662 ], [ 626974.024631384061649, 6348775.873209560289979 ], [ 626971.855022352770902, 6348773.871160643175244 ], [ 626963.142351765767671, 6348765.83137446269393 ], [ 626961.819510756293312, 6348764.610677201300859 ], [ 626952.260250451974571, 6348755.78953936509788 ], [ 626951.783999159815721, 6348755.350069225765765 ], [ 626941.748487563338131, 6348746.08960578404367 ], [ 626941.377970833680592, 6348745.747704267501831 ], [ 626931.712975966976956, 6348736.828996209427714 ], [ 626930.482533882604912, 6348735.705869169905782 ], [ 626921.677464370499365, 6348727.660179457627237 ], [ 626919.49612879450433, 6348725.664034072309732 ], [ 626917.212913384893909, 6348715.622198975645006 ], [ 626917.272798425052315, 6348705.580363878048956 ], [ 626914.241378675214946, 6348695.53852878138423 ], [ 626911.641952774021775, 6348686.927583018317819 ], [ 626911.210003612795845, 6348685.496693682856858 ], [ 626908.178583862842061, 6348675.454858585260808 ], [ 626905.147193033713847, 6348665.413023487664759 ], [ 626903.6017587344395, 6348655.371188391000032 ], [ 626906.939001622609794, 6348645.329353293403983 ], [ 626911.641952774021775, 6348642.941791850142181 ], [ 626921.677464370499365, 6348639.700238417834044 ], [ 626931.712975966976956, 6348637.35185126774013 ], [ 626940.494906604057178, 6348635.287518195807934 ], [ 626941.748487563338131, 6348634.99355246219784 ], [ 626951.783999159815721, 6348633.70563214737922 ], [ 626961.819510756293312, 6348633.177047628909349 ], [ 626971.855022352770902, 6348633.178859460167587 ], [ 626981.890533949248493, 6348633.180662678554654 ], [ 626991.926045545726083, 6348633.182465896941721 ], [ 627001.961557142203674, 6348633.184269114397466 ], [ 627011.997068738681264, 6348633.18610473908484 ], [ 627019.481772853876464, 6348635.287518195807934 ], [ 627022.032580335158855, 6348635.924281233921647 ], [ 627032.06809193152003, 6348639.779986189678311 ], [ 627042.10360352799762, 6348643.635691147297621 ], [ 627046.511774193844758, 6348645.329353293403983 ], [ 627052.139115124475211, 6348647.930275594815612 ], [ 627061.982570611638948, 6348655.371188391931355 ], [ 627062.174626720952801, 6348655.553172784857452 ], [ 627072.210138317430392, 6348665.062406816519797 ], [ 627072.580159462988377, 6348665.413023487664759 ], [ 627080.713415645761415, 6348675.454858585260808 ], [ 627082.245649913907982, 6348683.178051264956594 ], [ 627082.705654411576688, 6348685.496693682856858 ], [ 627084.697893177391961, 6348695.538528780452907 ], [ 627086.690131943207234, 6348705.580363878048956 ], [ 627088.682392500108108, 6348715.622198975645006 ], [ 627090.674670241540298, 6348725.664034073241055 ], [ 627092.281161510385573, 6348733.761517509818077 ], [ 627092.666909007239155, 6348735.705869169905782 ], [ 627094.659147773054428, 6348745.747704267501831 ], [ 627096.651386538869701, 6348755.78953936509788 ], [ 627098.643686071387492, 6348765.83137446269393 ], [ 627102.278742817812599, 6348775.873209561221302 ], [ 627102.316673106979579, 6348775.936240955255926 ], [ 627108.602424239739776, 6348785.915044657886028 ], [ 627112.352184703340754, 6348795.738260758109391 ], [ 627112.443813673569821, 6348795.956879755482078 ], [ 627112.352184703340754, 6348798.83067774772644 ], [ 627112.123638863675296, 6348805.998714852146804 ], [ 627111.80338406120427, 6348816.040549949742854 ], [ 627111.483129258500412, 6348826.082385047338903 ], [ 627111.162945619085804, 6348836.124220144934952 ], [ 627110.842700383276679, 6348846.166055242531002 ], [ 627110.522445580689237, 6348856.207890340127051 ], [ 627110.20219077821821, 6348866.2497254377231 ], [ 627109.881996834184974, 6348876.291560534387827 ], [ 627109.561761902878061, 6348886.333395631983876 ], [ 627109.241507100174204, 6348896.375230729579926 ], [ 627108.921252297703177, 6348906.417065827175975 ], [ 627108.60107822495047, 6348916.458900924772024 ], [ 627108.733068068046123, 6348926.500736022368073 ], [ 627112.352184703340754, 6348932.43849247507751 ], [ 627114.945174137945287, 6348936.542571119964123 ], [ 627122.387696299818344, 6348944.068789441138506 ], [ 627124.613256467040628, 6348946.584406217560172 ], [ 627132.423207896295935, 6348954.473438094370067 ], [ 627134.393287069164217, 6348956.626241314224899 ], [ 627142.45871949265711, 6348964.995363146997988 ], [ 627144.094455696060322, 6348966.668076411820948 ], [ 627150.35840262437705, 6348976.709911509416997 ], [ 627152.494231089134701, 6348980.138894265517592 ], [ 627161.050106413429603, 6348986.751746606081724 ], [ 627162.529742685612291, 6348988.587814442813396 ], [ 627172.565254282089882, 6348996.045251778326929 ], [ 627173.556238215300255, 6348996.793581704609096 ], [ 627182.600765878567472, 6349003.623450979590416 ], [ 627186.885129485744983, 6349006.835416802205145 ], [ 627192.636277475045063, 6349011.110066691413522 ], [ 627200.615560533595271, 6349016.877251899801195 ], [ 627202.671789071522653, 6349018.374971353448927 ], [ 627212.496763220522553, 6349026.919086996465921 ], [ 627212.707300668000244, 6349027.092285669408739 ], [ 627222.742812264477834, 6349034.85516996588558 ], [ 627225.465034174965695, 6349036.960922094061971 ], [ 627232.778323860955425, 6349044.424314336851239 ], [ 627235.30349566123914, 6349047.00275719165802 ], [ 627242.8138354573166, 6349054.989248041063547 ], [ 627244.746640990604647, 6349057.044592289254069 ], [ 627252.84934705379419, 6349063.872850860469043 ], [ 627257.706176619161852, 6349067.086427386850119 ], [ 627262.884858650271781, 6349070.417302763089538 ], [ 627272.920370246749371, 6349076.872041301801801 ], [ 627273.318730402970687, 6349077.128262484446168 ], [ 627282.955881843226962, 6349083.326779838651419 ], [ 627288.931413239566609, 6349087.170097582042217 ], [ 627292.991393439704552, 6349089.781415224075317 ], [ 627303.026905036182143, 6349096.236117510125041 ], [ 627304.544054706348106, 6349097.211932678706944 ], [ 627313.062416632659733, 6349102.690856046974659 ], [ 627320.156608490156941, 6349107.253767776302993 ], [ 627323.097928229137324, 6349109.153930134139955 ], [ 627333.133439825614914, 6349115.624014090746641 ], [ 627335.731231866404414, 6349117.295602873899043 ], [ 627343.168951421976089, 6349122.128003986552358 ] ], [ [ 627915.110584183479659, 6348685.496693682856858 ], [ 627915.193112420616671, 6348685.295624339021742 ], [ 627915.297475728322752, 6348685.496693682856858 ], [ 627915.193112420616671, 6348685.551214300096035 ], [ 627915.110584183479659, 6348685.496693682856858 ] ], [ [ 628390.690684479428455, 6345552.444143274798989 ], [ 628386.862157454481348, 6345547.884394640102983 ], [ 628385.271491702995263, 6345542.40230817720294 ], [ 628383.511131370440125, 6345532.360473077744246 ], [ 628386.862157454481348, 6345524.034211533144116 ], [ 628396.897669050958939, 6345526.393621327355504 ], [ 628400.127186038997024, 6345532.360473078675568 ], [ 628401.745689325849526, 6345542.402308176271617 ], [ 628398.824328935937956, 6345552.444143273867667 ], [ 628396.897669050958939, 6345553.313838168978691 ], [ 628390.690684479428455, 6345552.444143274798989 ] ] ] } },
{ "type": "Feature", "properties": { "id": 3, "cost_level": 1200.0 }, "geometry": { "type": "Polygon", "coordinates": [ [ [ 627242.8138354573166, 6348709.491172613576055 ], [ 627251.185315222362988, 6348705.580363878048956 ], [ 627252.84934705379419, 6348704.535600590519607 ], [ 627256.937701478716917, 6348695.538528780452907 ], [ 627262.884858650155365, 6348690.097645405679941 ], [ 627272.920370246749371, 6348685.568928321823478 ], [ 627273.090915414737538, 6348685.49669368378818 ], [ 627282.955881843226962, 6348679.193953573703766 ], [ 627288.637386004324071, 6348675.454858585260808 ], [ 627292.991393439704552, 6348671.660565438680351 ], [ 627300.160415225080214, 6348665.413023487664759 ], [ 627303.026905036182143, 6348662.914981790818274 ], [ 627311.683519401587546, 6348655.371188391000032 ], [ 627313.062416632659733, 6348654.169550499878824 ], [ 627323.097928229253739, 6348645.493411782197654 ], [ 627323.289424685179256, 6348645.329353293403983 ], [ 627333.133439825614914, 6348636.895806908607483 ], [ 627335.13838730356656, 6348635.287518195807934 ], [ 627343.168951421976089, 6348628.749368190765381 ], [ 627347.951237350469455, 6348625.245683098211884 ], [ 627353.20446301845368, 6348621.396969588473439 ], [ 627361.657642296282575, 6348615.203848000615835 ], [ 627363.23997461493127, 6348614.044570985250175 ], [ 627373.275486211408861, 6348606.032851347699761 ], [ 627374.272884343750775, 6348605.162012903019786 ], [ 627383.310997807886451, 6348597.667603142559528 ], [ 627386.914888657396659, 6348595.120177805423737 ], [ 627393.346509404364042, 6348592.820216843858361 ], [ 627403.382021000841632, 6348589.231464067474008 ], [ 627413.417532597319223, 6348585.642772709950805 ], [ 627414.995919607812539, 6348585.078342709690332 ], [ 627423.453044193796813, 6348582.054057359695435 ], [ 627433.488555790274404, 6348578.465310329571366 ], [ 627443.524067386635579, 6348575.309981856495142 ], [ 627444.555906084948219, 6348575.036507611162961 ], [ 627453.55957898311317, 6348572.776864436455071 ], [ 627463.59509057959076, 6348571.776322286576033 ], [ 627473.630602176068351, 6348570.775763284415007 ], [ 627483.666113772545941, 6348569.775239935144782 ], [ 627493.701625369023532, 6348567.615814657881856 ], [ 627499.16239160229452, 6348564.994672513566911 ], [ 627503.737136965501122, 6348562.88362618163228 ], [ 627513.772648561978713, 6348557.898896930739284 ], [ 627523.808160158456303, 6348558.920628687366843 ], [ 627533.843671754933894, 6348560.369741583243012 ], [ 627543.879183351295069, 6348561.818891092203557 ], [ 627553.914694947772659, 6348563.268011716194451 ], [ 627563.95020654425025, 6348564.581366249360144 ], [ 627565.872239527991042, 6348564.994672513566911 ], [ 627573.98571814072784, 6348566.166252963244915 ], [ 627580.542500122333877, 6348564.994672513566911 ], [ 627584.021229737205431, 6348563.029376758262515 ], [ 627594.056741333683021, 6348556.816118321381509 ], [ 627596.933136792154983, 6348554.952837415970862 ], [ 627604.092252930160612, 6348550.261295633390546 ], [ 627612.256599108921364, 6348544.911002319306135 ], [ 627614.127764526638202, 6348543.684803401120007 ], [ 627624.163276123115793, 6348537.108402758836746 ], [ 627627.580323751084507, 6348534.869167220778763 ], [ 627634.198787719593383, 6348530.531927868723869 ], [ 627642.903786067967303, 6348524.827332123182714 ], [ 627644.234299315954559, 6348523.955414644442499 ], [ 627654.269810912432149, 6348517.378901420161128 ], [ 627659.122704714536667, 6348514.785497026517987 ], [ 627664.30532250890974, 6348512.738867654465139 ], [ 627674.34083410538733, 6348509.076504994183779 ], [ 627681.214289988740347, 6348504.743661928921938 ], [ 627684.376345701864921, 6348502.51130520645529 ], [ 627694.411857298342511, 6348497.971235044300556 ], [ 627701.638708744198084, 6348494.701826831325889 ], [ 627704.447368894820102, 6348493.431214512325823 ], [ 627714.482880491297692, 6348490.384198619052768 ], [ 627724.518392087775283, 6348488.147880607284606 ], [ 627734.553903684252873, 6348485.911438223905861 ], [ 627740.169709665235132, 6348484.659991733729839 ], [ 627744.589415280614048, 6348483.675102504901588 ], [ 627754.624926877091639, 6348481.438784493133426 ], [ 627764.660438473569229, 6348479.202466482296586 ], [ 627774.69595007004682, 6348476.966039610095322 ], [ 627779.959942868794315, 6348474.61815663613379 ], [ 627784.73146166652441, 6348472.120578423142433 ], [ 627794.766973263002001, 6348466.277544975280762 ], [ 627797.686524833901785, 6348464.576321538537741 ], [ 627804.802484859479591, 6348460.429849836975336 ], [ 627814.837996455840766, 6348454.576895219273865 ], [ 627814.919799919473007, 6348454.534486440941691 ], [ 627824.873508052434772, 6348448.734389156103134 ], [ 627832.152872189995833, 6348444.492651343345642 ], [ 627834.909019648912363, 6348442.886597749777138 ], [ 627844.944531245273538, 6348436.045563634485006 ], [ 627847.958212379133329, 6348434.450816247612238 ], [ 627854.980042841751128, 6348429.606957919895649 ], [ 627861.357884712633677, 6348424.408981149084866 ], [ 627863.117889807326719, 6348414.367146051488817 ], [ 627865.015554438228719, 6348412.227850909344852 ], [ 627874.868656763341278, 6348404.325310953892767 ], [ 627875.051066034706309, 6348404.260147617198527 ], [ 627885.0865776311839, 6348400.675091812387109 ], [ 627895.12208922766149, 6348397.089953520335257 ], [ 627902.978156378143467, 6348394.283475856296718 ], [ 627905.157600824139081, 6348393.470632238313556 ], [ 627915.193112420616671, 6348390.868522224016488 ], [ 627925.228624017094262, 6348390.815816132351756 ], [ 627935.264135613571852, 6348389.390723174437881 ], [ 627945.299647209933028, 6348388.341796234250069 ], [ 627955.335158806410618, 6348387.599523583427072 ], [ 627965.370670402888209, 6348387.147812718525529 ], [ 627975.406181999365799, 6348386.69614390283823 ], [ 627985.44169359584339, 6348386.244475087150931 ], [ 627995.47720519232098, 6348385.792806271463633 ], [ 628005.512716788798571, 6348385.341025477275252 ], [ 628015.548228385276161, 6348384.889351004734635 ], [ 628025.583739981753752, 6348384.437676534056664 ], [ 628029.939353171736002, 6348384.241640757769346 ], [ 628035.619251578231342, 6348383.992540023289621 ], [ 628045.654763174592517, 6348383.400442472659051 ], [ 628055.690274771070108, 6348382.794349181465805 ], [ 628065.725786367547698, 6348382.359274133108556 ], [ 628075.761297964025289, 6348381.9268570067361 ], [ 628085.796809560502879, 6348381.495632692240179 ], [ 628095.83232115698047, 6348380.849155713804066 ], [ 628105.86783275345806, 6348380.136891454458237 ], [ 628115.903344349935651, 6348379.560184525325894 ], [ 628125.938855946413241, 6348378.983477595262229 ], [ 628135.974367542890832, 6348379.269724637269974 ], [ 628146.009879139252007, 6348378.577691432088614 ], [ 628156.045390735729598, 6348377.88564295694232 ], [ 628166.080902332207188, 6348377.193661728873849 ], [ 628176.116413928684779, 6348376.552083326503634 ], [ 628186.151925525162369, 6348376.448346936143935 ], [ 628191.10538933146745, 6348374.19980566110462 ], [ 628196.18743712163996, 6348372.400205885060132 ], [ 628206.22294871811755, 6348364.594241067767143 ], [ 628216.258460314595141, 6348367.010869049467146 ], [ 628225.307864846428856, 6348364.157970564439893 ], [ 628226.293971911072731, 6348362.36603715736419 ], [ 628229.967173060867935, 6348354.116135466843843 ], [ 628229.686712325084955, 6348344.074300369247794 ], [ 628229.406251589301974, 6348334.032465271651745 ], [ 628229.125756727065891, 6348323.990630174055696 ], [ 628228.845209177467041, 6348313.948795076459646 ], [ 628228.56474844168406, 6348303.906959978863597 ], [ 628228.22273901256267, 6348293.86512488219887 ], [ 628227.853361560497433, 6348283.823289783671498 ], [ 628227.480924593284726, 6348273.781454686075449 ], [ 628227.10838452889584, 6348263.739619589410722 ], [ 628226.735966528765857, 6348253.697784491814673 ], [ 628226.293971911072731, 6348246.702500751242042 ], [ 628226.098020672448911, 6348243.655949395149946 ], [ 628225.147837335942313, 6348233.614114296622574 ], [ 628224.1976539993193, 6348223.572279199957848 ], [ 628223.247470662696287, 6348213.530444102361798 ], [ 628222.297287326073274, 6348203.488609004765749 ], [ 628221.347040984779596, 6348193.4467739071697 ], [ 628220.396869412972592, 6348183.40493880957365 ], [ 628219.702785107772797, 6348173.363103711977601 ], [ 628219.271665876265615, 6348163.321268615312874 ], [ 628218.190645934198983, 6348153.279433517716825 ], [ 628216.258460314595141, 6348149.729333297349513 ], [ 628212.725253926240839, 6348143.237598420120776 ], [ 628207.259761833702214, 6348133.195763322524726 ], [ 628207.571852279477753, 6348123.15392822586 ], [ 628208.610270758043043, 6348113.11209312826395 ], [ 628209.648638217127882, 6348103.070258030667901 ], [ 628210.68703655526042, 6348093.028422932140529 ], [ 628213.58782962767873, 6348082.986587835475802 ], [ 628216.258460314595141, 6348078.787487238645554 ], [ 628224.088530860841274, 6348072.944752737879753 ], [ 628226.293971911072731, 6348071.891078675165772 ], [ 628236.329483507433906, 6348072.208923547528684 ], [ 628246.364995103911497, 6348072.351257810369134 ], [ 628256.400506700389087, 6348072.414218068122864 ], [ 628266.436018296866678, 6348072.477178324945271 ], [ 628276.471529893344268, 6348072.432208649814129 ], [ 628282.300151958246715, 6348062.902917640283704 ], [ 628281.749508265638724, 6348052.861082542687654 ], [ 628281.198912149993703, 6348042.819247445091605 ], [ 628280.648321879096329, 6348032.777412347495556 ], [ 628283.120678467326798, 6348022.735577249899507 ], [ 628286.03217244730331, 6348012.69374215323478 ], [ 628286.2938089229865, 6348002.651907055638731 ], [ 628286.507041489821859, 6347994.464223490096629 ], [ 628286.555329322116449, 6347992.610071958042681 ], [ 628286.816965797683224, 6347982.568236860446632 ], [ 628287.574630384333432, 6347972.526401762850583 ], [ 628288.450959424488246, 6347962.484566665254533 ], [ 628289.341876607155427, 6347952.442731567658484 ], [ 628290.991658293409273, 6347942.400896469131112 ], [ 628293.392409009160474, 6347932.359061373397708 ], [ 628295.793209592811763, 6347922.317226275801659 ], [ 628296.542553086299449, 6347919.182945217937231 ], [ 628298.35763608396519, 6347912.275391178205609 ], [ 628301.57896328298375, 6347902.23355608060956 ], [ 628305.770002627396025, 6347892.191720983013511 ], [ 628306.57806468277704, 6347890.550279635936022 ], [ 628311.55834729410708, 6347882.149885885417461 ], [ 628316.61357627925463, 6347873.623353039845824 ], [ 628317.511971911648288, 6347872.108050787821412 ], [ 628326.649087875732221, 6347867.430105797946453 ], [ 628336.684599472209811, 6347864.907687863335013 ], [ 628346.720111068570986, 6347862.441067249514163 ], [ 628348.24514440773055, 6347862.066215691156685 ], [ 628356.755622665048577, 6347859.973578254692256 ], [ 628366.791134261526167, 6347857.492730746977031 ], [ 628376.826645857887343, 6347855.011420597322285 ], [ 628386.862157454481348, 6347852.53070963639766 ], [ 628389.082861380185932, 6347852.024380593560636 ], [ 628396.897669050958939, 6347850.209276331588626 ], [ 628406.933180647436529, 6347849.313286231830716 ], [ 628416.96869224391412, 6347847.740529856644571 ], [ 628427.00420384039171, 6347845.704975640401244 ], [ 628437.039715436752886, 6347842.136207552626729 ], [ 628437.238803719868883, 6347841.982545495964587 ], [ 628447.075227033230476, 6347834.390412159264088 ], [ 628450.249078499269672, 6347831.940710398368537 ], [ 628453.772971647209488, 6347821.898875300772488 ], [ 628454.577483600005507, 6347811.857040203176439 ], [ 628454.838843954028562, 6347801.815205105580389 ], [ 628457.110738629708067, 6347796.463036626577377 ], [ 628459.252906819921918, 6347791.773370008915663 ], [ 628464.835490233614109, 6347781.731534911319613 ], [ 628467.146250226185657, 6347777.546218272298574 ], [ 628470.80574339244049, 6347771.689699813723564 ], [ 628473.25541869760491, 6347761.647864716127515 ], [ 628477.181761822663248, 6347754.585679309442639 ], [ 628478.838349183206446, 6347751.606029619462788 ], [ 628484.421303251408972, 6347741.564194520935416 ], [ 628487.217273419140838, 6347736.979700485244393 ], [ 628490.716425260761753, 6347731.522359423339367 ], [ 628497.252785015618429, 6347725.195520945824683 ], [ 628501.090842491714284, 6347721.480524325743318 ], [ 628507.288296612096019, 6347715.481781147420406 ], [ 628510.745343540445901, 6347711.438689228147268 ], [ 628517.32380820857361, 6347704.34645361546427 ], [ 628521.060068925376981, 6347701.396854131482542 ], [ 628527.3593198050512, 6347697.047755606472492 ], [ 628535.604701155796647, 6347691.355019033886492 ], [ 628537.394831401528791, 6347690.119085910730064 ], [ 628547.430342997889966, 6347683.190416214987636 ], [ 628550.149333386216313, 6347681.31318393535912 ], [ 628557.465854594367556, 6347676.26174652017653 ], [ 628564.693965616752394, 6347671.271348837763071 ], [ 628567.501366190845147, 6347669.333076823502779 ], [ 628577.536877787439153, 6347662.404399003833532 ], [ 628579.238580792094581, 6347661.229513741098344 ], [ 628587.572389383800328, 6347655.475667990744114 ], [ 628593.832001347560436, 6347651.187678644433618 ], [ 628597.607900980277918, 6347646.905467765405774 ], [ 628605.870063201291487, 6347641.145843546837568 ], [ 628607.643412576755509, 6347638.237295323982835 ], [ 628612.120389855350368, 6347631.104008449241519 ], [ 628617.678924173233099, 6347622.149033734574914 ], [ 628618.358249008189887, 6347621.062173352576792 ], [ 628625.098278970108368, 6347611.02033825404942 ], [ 628627.71443576971069, 6347607.187983257696033 ], [ 628631.953396789962426, 6347600.978503156453371 ], [ 628637.74994736618828, 6347592.487374012358487 ], [ 628638.80853664863389, 6347590.936668058857322 ], [ 628645.663594489218667, 6347580.894832962192595 ], [ 628647.785458962549455, 6347577.786556761711836 ], [ 628652.51865232991986, 6347570.852997864596546 ], [ 628657.820970559027046, 6347563.085739508271217 ], [ 628659.373710170621052, 6347560.811162767000496 ], [ 628666.228768011322245, 6347550.76932767033577 ], [ 628667.856482155504636, 6347548.389506798237562 ], [ 628674.543199572013691, 6347540.727492571808398 ], [ 628677.891993751982227, 6347537.947669331915677 ], [ 628687.927505348459817, 6347531.741618797183037 ], [ 628697.963016944937408, 6347536.322977567091584 ], [ 628704.951704567996785, 6347530.685657474212348 ], [ 628707.998528541414998, 6347526.55292871966958 ], [ 628711.493264784570783, 6347520.643822376616299 ], [ 628717.432027815259062, 6347510.601987279951572 ], [ 628718.034040137892589, 6347509.584055012091994 ], [ 628723.370914861210622, 6347500.560152182355523 ], [ 628728.069551734370179, 6347492.615419585257769 ], [ 628729.309810360777192, 6347490.518317084759474 ], [ 628734.517796087311581, 6347480.476481987163424 ], [ 628738.10506333084777, 6347472.55862626992166 ], [ 628739.067354376427829, 6347470.434646889567375 ], [ 628743.616912665544078, 6347460.392811791971326 ], [ 628748.140574927208945, 6347450.408134691417217 ], [ 628748.166470954776742, 6347450.350976694375277 ], [ 628752.715968385571614, 6347440.309141596779227 ], [ 628757.265466160839424, 6347430.267306500114501 ], [ 628758.176086523686536, 6347428.257348484359682 ], [ 628761.815012337872759, 6347420.225471402518451 ], [ 628766.364570626989007, 6347410.183636304922402 ], [ 628768.211598120164126, 6347406.275088562630117 ], [ 628771.679151641670614, 6347400.14180120639503 ], [ 628777.277769671636634, 6347390.099966109730303 ], [ 628778.247109716641717, 6347387.61864710599184 ], [ 628781.075761428335682, 6347380.058131011202931 ], [ 628787.698758169077337, 6347370.016295914538205 ], [ 628788.282621313119307, 6347369.226263565942645 ], [ 628795.120045947958715, 6347359.974460817873478 ], [ 628798.318132909596898, 6347355.647164091467857 ], [ 628802.541460268665105, 6347349.932625720277429 ], [ 628808.353644506074488, 6347342.068088268861175 ], [ 628809.962748047546484, 6347339.890790622681379 ], [ 628817.880405391566455, 6347329.84895552508533 ], [ 628818.389156102552079, 6347329.288477588444948 ], [ 628827.515166725614108, 6347319.807120427489281 ], [ 628828.424667699029669, 6347318.862219349481165 ], [ 628837.18066749186255, 6347309.765285329893231 ], [ 628838.46017929550726, 6347308.419156106188893 ], [ 628846.757736957864836, 6347299.723450232297182 ], [ 628848.495690891868435, 6347297.879126947373152 ], [ 628856.220420074416324, 6347289.681615135632455 ], [ 628858.531202488346025, 6347287.229367274791002 ], [ 628865.682961085345596, 6347279.639780038036406 ], [ 628868.566714084823616, 6347276.26791010145098 ], [ 628873.485222417744808, 6347269.597944939509034 ], [ 628878.602225681301206, 6347262.284380172379315 ], [ 628880.511085262754932, 6347259.556109842844307 ], [ 628887.536825579940341, 6347249.514274745248258 ], [ 628888.637737277778797, 6347247.940777800045907 ], [ 628894.562688424950466, 6347239.472439647652209 ], [ 628898.673248874256387, 6347233.533864624798298 ], [ 628901.498231068835594, 6347229.430604550056159 ], [ 628908.192878260626458, 6347219.388769453391433 ], [ 628908.708760470733978, 6347218.614956594072282 ], [ 628915.153550611226819, 6347209.346934355795383 ], [ 628918.744272067211568, 6347204.322014233097434 ], [ 628924.094698330387473, 6347199.305099258199334 ], [ 628928.779783663689159, 6347194.911974297836423 ], [ 628934.80686088418588, 6347189.263264160603285 ], [ 628938.815295260166749, 6347185.504806198179722 ], [ 628946.924602369428612, 6347179.221429063007236 ], [ 628948.850806856527925, 6347173.228202308528125 ], [ 628949.443945713806897, 6347169.179593965411186 ], [ 628948.850806856527925, 6347166.052732214331627 ], [ 628947.537616034736857, 6347159.137758867815137 ], [ 628946.24287389148958, 6347149.09592377115041 ], [ 628945.174939504126087, 6347139.054088673554361 ], [ 628944.600217242375948, 6347129.012253575958312 ], [ 628944.033181367209181, 6347118.970418478362262 ], [ 628943.466145492042415, 6347108.928583380766213 ], [ 628942.89914817805402, 6347098.886748283170164 ], [ 628942.332168500404805, 6347088.844913185574114 ], [ 628941.765132625354454, 6347078.803078088909388 ], [ 628941.198096750187688, 6347068.761242991313338 ], [ 628940.631060875020921, 6347058.719407893717289 ], [ 628940.064119758550078, 6347048.677572795189917 ], [ 628939.497083883383311, 6347038.635737699456513 ], [ 628938.93004800833296, 6347028.593902601860464 ], [ 628938.815295260166749, 6347026.561706360429525 ], [ 628938.363012133166194, 6347018.552067503333092 ], [ 628937.795976257999428, 6347008.510232405737042 ], [ 628937.229020163416862, 6346998.468397309072316 ], [ 628936.661999266361818, 6346988.426562211476266 ], [ 628936.094963391195051, 6346978.384727113880217 ], [ 628935.5279275161447, 6346968.342892016284168 ], [ 628934.960891640977934, 6346958.301056918688118 ], [ 628934.39395052450709, 6346948.259221821092069 ], [ 628933.826914649223909, 6346938.21738672349602 ], [ 628933.259878774173558, 6346928.175551626831293 ], [ 628932.692842899006791, 6346918.133716529235244 ], [ 628932.125838618492708, 6346908.091881431639194 ], [ 628931.558865907369182, 6346898.050046334043145 ], [ 628930.99183003231883, 6346888.008211237378418 ], [ 628930.424794157152064, 6346877.966376138851047 ], [ 628930.078947019879706, 6346867.924541041254997 ], [ 628933.030321015045047, 6346857.882705944590271 ], [ 628937.909868291579187, 6346847.840870846994221 ], [ 628938.815295260166749, 6346846.197262954898179 ], [ 628943.589777344488539, 6346837.799035749398172 ], [ 628938.815295260166749, 6346829.531532498076558 ], [ 628937.259933918714523, 6346827.757200651802123 ], [ 628928.779783663689159, 6346820.742960371077061 ], [ 628924.987643542466685, 6346817.715365554206073 ], [ 628918.744272067211568, 6346812.73073985055089 ], [ 628911.891064609866589, 6346807.673530456610024 ], [ 628908.708760470733978, 6346805.174204322509468 ], [ 628898.673248874256387, 6346798.583802815526724 ], [ 628897.215141344582662, 6346797.631695359013975 ], [ 628888.637737277778797, 6346792.030757139436901 ], [ 628881.836846884456463, 6346787.589860263280571 ], [ 628878.602225681301206, 6346785.477692830376327 ], [ 628868.566714084823616, 6346778.71170524135232 ], [ 628866.877150792395696, 6346777.548025164753199 ], [ 628858.531202488346025, 6346771.66168721113354 ], [ 628852.04232692241203, 6346767.506190067157149 ], [ 628848.495690891868435, 6346765.077409353107214 ], [ 628838.46017929550726, 6346758.968826523981988 ], [ 628835.941731823957525, 6346757.4643549695611 ], [ 628828.424667699029669, 6346752.973807011730969 ], [ 628821.729651067056693, 6346747.422519871965051 ], [ 628818.389156102552079, 6346744.283455044031143 ], [ 628811.25553203583695, 6346737.380684774369001 ], [ 628808.353644506074488, 6346735.433059971779585 ], [ 628798.318132909596898, 6346728.247506096027792 ], [ 628797.119127784390002, 6346727.338849676772952 ], [ 628788.282621313119307, 6346721.878218913450837 ], [ 628780.86922101455275, 6346717.297014581039548 ], [ 628778.247109716641717, 6346715.676626345142722 ], [ 628768.211598120164126, 6346709.47510604839772 ], [ 628764.619237257866189, 6346707.255179482512176 ], [ 628758.176086523686536, 6346703.273585753515363 ], [ 628748.369407474994659, 6346697.213344384916127 ], [ 628748.140574927208945, 6346697.07193442247808 ], [ 628738.10506333084777, 6346690.870412254706025 ], [ 628732.119372427463531, 6346687.171509287320077 ], [ 628728.069551734370179, 6346684.668891958892345 ], [ 628718.034040137892589, 6346678.396387690678239 ], [ 628716.526196580613032, 6346677.129674189724028 ], [ 628707.998528541414998, 6346670.191211408935487 ], [ 628704.457679510116577, 6346667.087839092127979 ], [ 628705.270903977099806, 6346657.046003994531929 ], [ 628706.702363842050545, 6346647.004168897867203 ], [ 628707.998528541298583, 6346637.912061689421535 ], [ 628708.177955392631702, 6346636.962333800271153 ], [ 628710.12645967444405, 6346626.920498702675104 ], [ 628712.17410224233754, 6346616.878663605079055 ], [ 628714.328607623465359, 6346606.836828507483006 ], [ 628716.598578532342799, 6346596.794993409886956 ], [ 628718.034040137892589, 6346590.710648128762841 ], [ 628719.065976253943518, 6346586.753158312290907 ], [ 628721.684537643217482, 6346576.711323214694858 ], [ 628724.303115274873562, 6346566.669488118030131 ], [ 628726.921534951543435, 6346556.627653020434082 ], [ 628728.069551734370179, 6346552.225188460201025 ], [ 628729.540112583199516, 6346546.585817922838032 ], [ 628732.158596619730815, 6346536.543982825241983 ], [ 628734.777109891409054, 6346526.502147727645934 ], [ 628737.395676357438788, 6346516.460312630049884 ], [ 628738.10506333084777, 6346513.739803405478597 ], [ 628740.01413724757731, 6346506.418477533385158 ], [ 628742.632684831041843, 6346496.376642435789108 ], [ 628745.251216985285282, 6346486.334807338193059 ], [ 628748.140574927208945, 6346479.252556890249252 ], [ 628749.233361767954193, 6346476.292972241528332 ], [ 628756.380824034335092, 6346466.25113714300096 ], [ 628758.176086523686536, 6346463.750387792475522 ], [ 628763.616886311443523, 6346456.209302045404911 ], [ 628768.211598120164126, 6346449.904688226059079 ], [ 628772.025700239697471, 6346446.167466947808862 ], [ 628778.247109716641717, 6346440.598216854035854 ], [ 628786.342357196379453, 6346436.125631850212812 ], [ 628788.282621313119307, 6346435.053664557635784 ], [ 628798.318132909596898, 6346429.509073802269995 ], [ 628804.517783754505217, 6346426.083796753548086 ], [ 628808.353644506074488, 6346423.964502276852727 ], [ 628818.389156102552079, 6346418.419930750504136 ], [ 628822.693210312630981, 6346416.041961655952036 ], [ 628828.424667699029669, 6346412.260678578168154 ], [ 628832.966191550949588, 6346406.000126558355987 ], [ 628836.513191558187827, 6346395.958291459828615 ], [ 628838.46017929550726, 6346394.137716075405478 ], [ 628847.252285337424837, 6346385.916456364095211 ], [ 628848.495690891868435, 6346384.753781579434872 ], [ 628857.991379116661847, 6346375.874621265567839 ], [ 628858.531202488346025, 6346375.369847082532942 ], [ 628868.566714084823616, 6346365.985912587493658 ], [ 628868.663882623892277, 6346365.83278616797179 ], [ 628868.566714084940031, 6346365.672344383783638 ], [ 628864.463914680643938, 6346355.790951071307063 ], [ 628858.531202488346025, 6346347.657738243229687 ], [ 628857.138985140481964, 6346345.749115973711014 ], [ 628849.814111460233107, 6346335.707280875183642 ], [ 628848.495690891868435, 6346333.899828282184899 ], [ 628842.489181225304492, 6346325.665445778518915 ], [ 628838.46017929550726, 6346320.142047858797014 ], [ 628835.164269609726034, 6346315.623610680922866 ], [ 628828.424667699029669, 6346306.384137897752225 ], [ 628827.839390418725088, 6346305.581775583326817 ], [ 628820.514447769965045, 6346295.539940485730767 ], [ 628818.389156102552079, 6346292.626357475295663 ], [ 628813.189554078853689, 6346285.498105389066041 ], [ 628808.353644506074488, 6346278.868447514250875 ], [ 628805.864656963385642, 6346275.456270292401314 ], [ 628798.575183894252405, 6346265.414435193873942 ], [ 628798.318132909596898, 6346264.972242204472423 ], [ 628792.548322933260351, 6346255.372600096277893 ], [ 628788.282621313119307, 6346247.850866508670151 ], [ 628786.853429362992756, 6346245.330764998681843 ], [ 628781.158502912148833, 6346235.288929901085794 ], [ 628778.247109716641717, 6346230.155299508012831 ], [ 628775.463560320669785, 6346225.247094803489745 ], [ 628769.768635313841514, 6346215.205259707756341 ], [ 628768.211598120164126, 6346212.459728022105992 ], [ 628764.073741743457504, 6346205.163424609228969 ], [ 628758.378734835074283, 6346195.121589511632919 ], [ 628758.176086523686536, 6346194.76425870321691 ], [ 628752.683841264690273, 6346185.07975441403687 ], [ 628748.140574927208945, 6346177.06858953461051 ], [ 628740.030272427364253, 6346175.037919316440821 ], [ 628738.10506333084777, 6346174.622551874257624 ], [ 628728.069551734370179, 6346169.932229053229094 ], [ 628722.804944107308984, 6346164.996084218844771 ], [ 628718.034040137892589, 6346160.552309850230813 ], [ 628712.020452333032154, 6346154.954249121248722 ], [ 628707.998528541414998, 6346151.210232344456017 ], [ 628701.233242260990664, 6346144.912414024583995 ], [ 628700.270895949797705, 6346134.870578927919269 ], [ 628702.667024981928989, 6346124.828743829391897 ], [ 628705.063163877232, 6346114.78690873272717 ], [ 628707.117062750621699, 6346104.745073634199798 ], [ 628707.905554630793631, 6346094.703238536603749 ], [ 628707.998528541414998, 6346093.313194604590535 ], [ 628708.415502869873308, 6346084.661403439007699 ], [ 628708.899384071235545, 6346074.619568343274295 ], [ 628709.383343238150701, 6346064.577733244746923 ], [ 628711.928523679380305, 6346054.535898147150874 ], [ 628718.034040137892589, 6346046.953196616843343 ], [ 628719.863274191506207, 6346044.494063049554825 ], [ 628720.42981327441521, 6346034.452227951958776 ], [ 628718.034040137892589, 6346032.20424179919064 ], [ 628709.006654598517343, 6346024.410392854362726 ], [ 628707.998528541414998, 6346023.480230635032058 ], [ 628700.758280563168228, 6346014.368557756766677 ], [ 628697.963016944937408, 6346010.342640771530569 ], [ 628694.058356354478747, 6346004.32672266010195 ], [ 628687.927505348459817, 6345994.88070398196578 ], [ 628687.540796215180308, 6345994.284887562505901 ], [ 628681.023094838252291, 6345984.243052465841174 ], [ 628677.891993751982227, 6345979.418854434974492 ], [ 628674.505534699070267, 6345974.201217367313802 ], [ 628667.987833322025836, 6345964.159382269717753 ], [ 628667.856482155621052, 6345963.957004887983203 ], [ 628661.470273182727396, 6345954.117547171190381 ], [ 628657.820970559027046, 6345948.495059572160244 ], [ 628654.95257180579938, 6345944.075712074525654 ], [ 628648.435011666500941, 6345934.033876975998282 ], [ 628647.785458962549455, 6345933.033109871670604 ], [ 628641.917310289572924, 6345923.992041880264878 ], [ 628637.74994736618828, 6345917.571238638833165 ], [ 628635.399750150507316, 6345913.950206782668829 ], [ 628628.882048773462884, 6345903.90837168507278 ], [ 628627.71443576971069, 6345897.61881560087204 ], [ 628626.41558927972801, 6345893.86653658747673 ], [ 628627.71443576971069, 6345893.528140274807811 ], [ 628637.74994736618828, 6345891.812624663114548 ], [ 628647.785458962549455, 6345890.097040438093245 ], [ 628657.820970559027046, 6345888.381456213071942 ], [ 628667.856482155504636, 6345886.215506987646222 ], [ 628671.969723676098511, 6345883.824701489880681 ], [ 628676.549364431994036, 6345873.782866392284632 ], [ 628677.891993751982227, 6345870.662145495414734 ], [ 628680.869705034885556, 6345863.741031294688582 ], [ 628684.230170362628996, 6345853.699196198023856 ], [ 628686.613543602637947, 6345843.657361100427806 ], [ 628687.927505348459817, 6345839.597379214130342 ], [ 628690.097467943211086, 6345833.615526002831757 ], [ 628692.177322930656374, 6345823.57369090616703 ], [ 628694.304756360128522, 6345813.531855807639658 ], [ 628696.587244930211455, 6345803.490020710043609 ], [ 628697.963016944937408, 6345797.64378609508276 ], [ 628698.956393853179179, 6345793.44818561244756 ], [ 628701.333962247241288, 6345783.406350515782833 ], [ 628697.963016944937408, 6345775.233792886137962 ], [ 628694.342379949055612, 6345773.364515418186784 ], [ 628687.927505348459817, 6345772.044895437546074 ], [ 628677.891993751982227, 6345769.980386136099696 ], [ 628667.856482155504636, 6345764.370938035659492 ], [ 628665.597784465877339, 6345763.322680320590734 ], [ 628657.820970559027046, 6345759.117653332650661 ], [ 628647.785458962549455, 6345755.432047771289945 ], [ 628641.64694598922506, 6345753.280845222994685 ], [ 628637.74994736618828, 6345751.915186348371208 ], [ 628627.71443576971069, 6345748.398286268115044 ], [ 628617.678924173233099, 6345744.881405516527593 ], [ 628612.992305785301141, 6345743.239010125398636 ], [ 628607.643412576755509, 6345741.364524765871465 ], [ 628597.607900980277918, 6345737.847644014284015 ], [ 628587.572389383800328, 6345734.210415911860764 ], [ 628584.884827138856053, 6345733.197175027802587 ], [ 628577.536877787322737, 6345730.426916324533522 ], [ 628567.501366190845147, 6345726.64341673720628 ], [ 628558.249446259811521, 6345723.155339930206537 ], [ 628557.465854594367556, 6345722.859917149879038 ], [ 628547.430342997889966, 6345719.076417562551796 ], [ 628537.394831401528791, 6345715.292887356132269 ], [ 628531.614065380766988, 6345713.113504833541811 ], [ 628527.3593198050512, 6345711.509418387897313 ], [ 628517.32380820857361, 6345707.725853411480784 ], [ 628507.288296612096019, 6345703.942406978458166 ], [ 628504.978770620306022, 6345703.071669735014439 ], [ 628497.252785015618429, 6345700.1588194668293 ], [ 628487.217273419140838, 6345696.375373034738004 ], [ 628478.343634506454691, 6345693.029834638349712 ], [ 628477.181761822663248, 6345692.591785522177815 ], [ 628467.146250226185657, 6345688.808339091017842 ], [ 628457.110738629708067, 6345685.024892657995224 ], [ 628451.708124198485166, 6345682.987999540753663 ], [ 628447.075227033230476, 6345680.780471835285425 ], [ 628437.039715436869301, 6345673.770820678211749 ], [ 628435.962287089321762, 6345672.946164443157613 ], [ 628427.00420384039171, 6345665.406113197095692 ], [ 628424.327885228209198, 6345662.904329344630241 ], [ 628416.96869224391412, 6345656.353896329179406 ], [ 628412.74775376287289, 6345652.862494247965515 ], [ 628406.933180647436529, 6345648.052800248377025 ], [ 628400.521472688880749, 6345642.820659151300788 ], [ 628396.897669050958939, 6345639.854668254964054 ], [ 628388.036005735746585, 6345632.778824053704739 ], [ 628386.862157454481348, 6345631.841512915678322 ], [ 628376.826645858003758, 6345623.828192215412855 ], [ 628375.263067295658402, 6345622.736988956108689 ], [ 628366.791134261526167, 6345619.21782670263201 ], [ 628356.755622665048577, 6345616.853767740540206 ], [ 628346.720111068570986, 6345614.48970877751708 ], [ 628339.101773735601455, 6345612.69515385851264 ], [ 628336.684599472209811, 6345612.125770832411945 ], [ 628326.649087875732221, 6345609.761711869388819 ], [ 628316.61357627925463, 6345607.397652907297015 ], [ 628306.57806468277704, 6345605.033593945205212 ], [ 628296.542553086299449, 6345602.66965580265969 ], [ 628296.473200945649296, 6345602.653318760916591 ], [ 628286.507041489821859, 6345600.694409159943461 ], [ 628276.471529893344268, 6345597.941538074985147 ], [ 628266.436018296866678, 6345595.631489017978311 ], [ 628256.400506700389087, 6345593.405994013883173 ], [ 628253.1236991280457, 6345592.611483663320541 ], [ 628246.364995103911497, 6345590.902119256556034 ], [ 628236.329483507550322, 6345588.359598553739488 ], [ 628226.293971911072731, 6345585.817207524552941 ], [ 628216.258460314595141, 6345583.274816494435072 ], [ 628213.475111915497109, 6345582.569648565724492 ], [ 628206.22294871811755, 6345580.732319517061114 ], [ 628196.187437121756375, 6345578.189904762431979 ], [ 628186.151925525162369, 6345575.839633107185364 ], [ 628176.116413928684779, 6345573.766828142106533 ], [ 628170.117339488817379, 6345572.527813469059765 ], [ 628166.080902332207188, 6345571.694150724448264 ], [ 628156.045390735729598, 6345569.125335298478603 ], [ 628146.009879139252007, 6345564.922320968471467 ], [ 628141.183648392558098, 6345562.485978371463716 ], [ 628135.974367542890832, 6345559.856223028153181 ], [ 628125.938855946413241, 6345554.793024715036154 ], [ 628121.276401730021462, 6345552.444143273867667 ], [ 628115.903344349935651, 6345549.737269558012486 ], [ 628105.86783275345806, 6345544.681476111523807 ], [ 628101.343832564307377, 6345542.402308176271617 ], [ 628095.83232115698047, 6345539.62563718855381 ], [ 628085.796809560502879, 6345534.569798265583813 ], [ 628081.415828198892996, 6345532.360473078675568 ], [ 628075.761297964025289, 6345530.085999514907598 ], [ 628065.725786367547698, 6345527.648326858878136 ], [ 628055.690274771070108, 6345525.702298445627093 ], [ 628045.654763174592517, 6345523.756336540915072 ], [ 628038.24089166498743, 6345522.318637981079519 ], [ 628035.619251578114927, 6345521.810249324887991 ], [ 628025.583739981753752, 6345517.232478970661759 ], [ 628021.015780144836754, 6345512.276802883483469 ], [ 628015.548228385276161, 6345506.345092125236988 ], [ 628011.759671385167167, 6345502.234967786818743 ], [ 628005.512716788798571, 6345495.45778055395931 ], [ 628002.503487991401926, 6345492.193132689222693 ], [ 627995.47720519232098, 6345484.570468982681632 ], [ 627993.247335036168806, 6345482.151297591626644 ], [ 627985.44169359584339, 6345473.683134121820331 ], [ 627983.991141004487872, 6345472.109462494030595 ], [ 627975.406181999365799, 6345462.795697223395109 ], [ 627974.735074798692949, 6345462.067627396434546 ], [ 627965.478889927617274, 6345452.025792298838496 ], [ 627965.370670402888209, 6345451.932509492151439 ], [ 627956.051775651983917, 6345441.983957201242447 ], [ 627955.335158806410618, 6345441.510796254500747 ], [ 627945.299647209933028, 6345434.39768510684371 ], [ 627942.837840280262753, 6345431.942122103646398 ], [ 627935.264135613571852, 6345424.371775715611875 ], [ 627932.482163405278698, 6345421.900287006050348 ], [ 627935.264135613571852, 6345413.682251546531916 ], [ 627935.881528898142278, 6345411.858451909385622 ], [ 627935.264135613571852, 6345411.368379825726151 ], [ 627925.228624017094262, 6345409.084624274633825 ], [ 627915.193112420616671, 6345409.617248675785959 ], [ 627905.157600824139081, 6345410.149933146312833 ], [ 627895.12208922766149, 6345410.682557549327612 ], [ 627885.0865776311839, 6345411.215181950479746 ], [ 627875.051066034706309, 6345411.74786642100662 ], [ 627872.967455247649923, 6345411.858451909385622 ], [ 627865.015554438228719, 6345413.025828946381807 ], [ 627854.980042841751128, 6345416.533033357001841 ], [ 627849.553062767954543, 6345421.900287006981671 ], [ 627844.944531245273538, 6345422.928435887210071 ], [ 627834.909019648912363, 6345425.16732694208622 ], [ 627824.873508052434772, 6345427.406247967854142 ], [ 627814.837996455957182, 6345429.645175402984023 ], [ 627804.802484859479591, 6345431.884066459722817 ], [ 627804.542258666711859, 6345431.942122103646398 ], [ 627794.766973263002001, 6345434.122957514598966 ], [ 627784.73146166652441, 6345436.361848570406437 ], [ 627774.69595007004682, 6345438.600739626213908 ], [ 627764.660438473685645, 6345440.839638243429363 ], [ 627759.531309165409766, 6345441.983957201242447 ], [ 627754.624926877091639, 6345443.07858085539192 ], [ 627744.589415280614048, 6345445.317457119002938 ], [ 627734.553903684252873, 6345447.556370200589299 ], [ 627724.518392087775283, 6345449.795261255465448 ], [ 627714.520353063126095, 6345452.025792298838496 ], [ 627714.482880491297692, 6345452.034152312204242 ], [ 627704.447368894820102, 6345454.273043368011713 ], [ 627694.411857298342511, 6345456.511934423819184 ], [ 627684.376345701864921, 6345458.750847394578159 ], [ 627674.34083410538733, 6345460.989782884716988 ], [ 627669.509548961883411, 6345462.067627396434546 ], [ 627664.305322509026155, 6345463.228673940524459 ], [ 627654.269810912432149, 6345465.46756499633193 ], [ 627644.234299315838143, 6345467.706456052139401 ], [ 627634.198787719593383, 6345469.945347107946873 ], [ 627624.498447459307499, 6345472.109462494030595 ], [ 627624.163276123115793, 6345472.184238163754344 ], [ 627614.127764526638202, 6345474.423180282115936 ], [ 627604.092252930160612, 6345476.662056544795632 ], [ 627594.056741333683021, 6345478.900977681390941 ], [ 627584.021229737205431, 6345481.139868737198412 ], [ 627579.487643358181231, 6345482.151297591626644 ], [ 627573.985718140611425, 6345483.378759793937206 ], [ 627563.95020654425025, 6345485.617650849744678 ], [ 627553.914694947772659, 6345487.856541905552149 ], [ 627543.879183351295069, 6345490.095446821302176 ], [ 627534.476820493699051, 6345492.193132689222693 ], [ 627533.843671754933894, 6345492.334389433264732 ], [ 627523.808160158456303, 6345494.573281422257423 ], [ 627513.772648561978713, 6345496.812172478064895 ], [ 627503.737136965384707, 6345499.051063533872366 ], [ 627493.701625369023532, 6345501.28628964163363 ], [ 627489.430762917036191, 6345502.234967786818743 ], [ 627483.666113772545941, 6345503.509322059340775 ], [ 627473.630602176068351, 6345505.727808691561222 ], [ 627463.59509057959076, 6345507.946295325644314 ], [ 627453.55957898311317, 6345510.164781958796084 ], [ 627444.005674009560607, 6345512.276802882552147 ], [ 627443.524067386635579, 6345512.38326929230243 ], [ 627433.488555790274404, 6345514.601821230724454 ], [ 627423.453044193796813, 6345516.820307863876224 ], [ 627413.417532597202808, 6345519.038794497959316 ], [ 627403.382021000725217, 6345521.257281131111085 ], [ 627398.580883680609986, 6345522.318637981079519 ], [ 627394.274094984168187, 6345532.360473078675568 ], [ 627394.50236799789127, 6345542.402308176271617 ], [ 627394.730641011730768, 6345552.444143273867667 ], [ 627394.958914025453851, 6345562.485978371463716 ], [ 627395.187047678395174, 6345572.527813469059765 ], [ 627395.415320692234673, 6345582.569648565724492 ], [ 627395.643593705957755, 6345592.611483663320541 ], [ 627395.871866719797254, 6345602.653318760916591 ], [ 627396.100139733520336, 6345612.69515385851264 ], [ 627396.328412747359835, 6345622.736988956108689 ], [ 627396.556685761082917, 6345632.778824053704739 ], [ 627396.784958774922416, 6345642.820659151300788 ], [ 627397.013231788645498, 6345652.862494247965515 ], [ 627397.241504802484997, 6345662.904329345561564 ], [ 627397.46963845542632, 6345672.946164443157613 ], [ 627397.347234786255285, 6345682.987999540753663 ], [ 627393.346509404364042, 6345686.204584401100874 ], [ 627387.832113387761638, 6345693.029834638349712 ], [ 627383.310997807886451, 6345696.933595336973667 ], [ 627376.202226053923368, 6345703.071669735945761 ], [ 627373.275486211408861, 6345705.598783573135734 ], [ 627364.57242195145227, 6345713.113504833541811 ], [ 627363.23997461493127, 6345714.162501173093915 ], [ 627353.20446301845368, 6345722.663449568673968 ], [ 627352.637227582279593, 6345723.155339930206537 ], [ 627343.168951421976089, 6345729.560583940707147 ], [ 627338.030499421060085, 6345733.197175027802587 ], [ 627333.133439825614914, 6345736.558047529309988 ], [ 627323.398743860772811, 6345743.239010125398636 ], [ 627323.097928229137324, 6345743.445461153052747 ], [ 627313.062416632659733, 6345750.332859246991575 ], [ 627308.766955311177298, 6345753.280845222994685 ], [ 627303.026905036182143, 6345757.220256254076958 ], [ 627294.135164451203309, 6345763.322680320590734 ], [ 627294.85754171339795, 6345773.364515418186784 ], [ 627297.114004914299585, 6345783.406350515782833 ], [ 627296.851402288069949, 6345793.44818561244756 ], [ 627296.1405137690017, 6345803.490020710043609 ], [ 627292.991393439704552, 6345812.734587714076042 ], [ 627292.71980763587635, 6345813.531855807639658 ], [ 627287.783073027618229, 6345823.573690905235708 ], [ 627284.828917762264609, 6345833.615526002831757 ], [ 627284.914737063692883, 6345843.657361101359129 ], [ 627282.955881843226962, 6345848.196691317483783 ], [ 627277.99039889103733, 6345853.699196197092533 ], [ 627272.920370246749371, 6345856.383356539532542 ], [ 627262.884858650271781, 6345861.223925433121622 ], [ 627257.496012851363048, 6345863.741031294688582 ], [ 627252.84934705379419, 6345865.911480437964201 ], [ 627242.8138354573166, 6345870.599067627452314 ], [ 627235.99767374410294, 6345873.782866392284632 ], [ 627232.778323860955425, 6345875.286610377952456 ], [ 627222.742812264477834, 6345879.974153129383922 ], [ 627214.499312964151613, 6345883.824701489880681 ], [ 627212.707300668000244, 6345884.661752572283149 ], [ 627202.671789071522653, 6345889.762667693197727 ], [ 627197.558370203129016, 6345893.86653658747673 ], [ 627200.93944219162222, 6345903.90837168507278 ], [ 627199.25025169737637, 6345913.950206782668829 ], [ 627197.561061203130521, 6345923.992041880264878 ], [ 627195.840102286427282, 6345934.033876975998282 ], [ 627192.636277475045063, 6345937.544762509875 ], [ 627182.882144216797315, 6345934.033876976929605 ], [ 627182.600765878567472, 6345933.930746681056917 ], [ 627172.565254282089882, 6345931.47139232698828 ], [ 627162.529742685612291, 6345929.01608338393271 ], [ 627152.494231089134701, 6345926.685087290592492 ], [ 627142.45871949265711, 6345924.633582412265241 ], [ 627139.320444012642838, 6345923.992041880264878 ], [ 627132.423207896295935, 6345922.582060288637877 ], [ 627122.387696299818344, 6345920.530449826270342 ], [ 627112.352184703340754, 6345914.650741849094629 ], [ 627111.805714129819535, 6345913.950206782668829 ], [ 627108.533629809040576, 6345903.90837168507278 ], [ 627102.316673106863163, 6345898.203520685434341 ], [ 627097.590460290433839, 6345893.86653658747673 ], [ 627092.281161510385573, 6345888.994570009410381 ], [ 627086.647219615057111, 6345883.824701489880681 ], [ 627082.245649913907982, 6345879.785693446174264 ], [ 627075.951119940262288, 6345873.782866392284632 ], [ 627072.210138317430392, 6345869.388361336663365 ], [ 627068.025294425315224, 6345863.741031294688582 ], [ 627062.174626720952801, 6345857.634182963520288 ], [ 627056.680831813602708, 6345853.699196198955178 ], [ 627052.139115124475211, 6345850.997192128561437 ], [ 627042.103603528114036, 6345845.026763976551592 ], [ 627039.801815766375512, 6345843.657361099496484 ], [ 627032.068091931636445, 6345839.05633582547307 ], [ 627022.922799719381146, 6345833.615526002831757 ], [ 627022.032580335158855, 6345833.085907674394548 ], [ 627011.997068738681264, 6345827.115479523316026 ], [ 627006.04378367215395, 6345823.573690905235708 ], [ 627001.961557142203674, 6345821.145051373168826 ], [ 626991.926045545842499, 6345815.174623221158981 ], [ 626989.164767625043169, 6345813.531855807639658 ], [ 626981.890533949248493, 6345809.204195071011782 ], [ 626972.285751577932388, 6345803.490020709112287 ], [ 626971.855022352770902, 6345803.233766919001937 ], [ 626961.819510756293312, 6345797.263287175446749 ], [ 626955.406881388393231, 6345793.44818561244756 ], [ 626951.783999159815721, 6345791.292803965508938 ], [ 626941.748487563338131, 6345785.322346666827798 ], [ 626938.527947745053098, 6345783.406350515782833 ], [ 626931.712975966976956, 6345779.351918515749276 ], [ 626921.677464370499365, 6345773.381490364670753 ], [ 626921.648931697942317, 6345773.364515418186784 ], [ 626911.641952774021775, 6345767.411062212660909 ], [ 626904.769915650831535, 6345763.322680320590734 ], [ 626901.606441177544184, 6345761.440634062513709 ], [ 626891.570929581066594, 6345755.470205910503864 ], [ 626887.890899603604339, 6345753.280845222994685 ], [ 626881.535417984589003, 6345749.499777760356665 ], [ 626871.499906388111413, 6345743.529349609278142 ], [ 626871.011883556493558, 6345743.239010125398636 ], [ 626861.464394791633822, 6345738.5352244656533 ], [ 626851.428883195156232, 6345733.52288799919188 ], [ 626850.781634106766433, 6345733.197175027802587 ], [ 626841.393371598678641, 6345728.767831195145845 ], [ 626831.357860002317466, 6345724.033214788883924 ], [ 626829.497131398995407, 6345723.155339930206537 ], [ 626821.322348405839875, 6345719.298510767519474 ], [ 626811.286836809362285, 6345714.563797464594245 ], [ 626808.21278480568435, 6345713.113504833541811 ], [ 626801.251325212884694, 6345709.829190339893103 ], [ 626791.215813616407104, 6345705.094477036967874 ], [ 626786.928254884202033, 6345703.071669735945761 ], [ 626781.180302019929513, 6345700.088437581434846 ], [ 626773.574056368670426, 6345693.029834639281034 ], [ 626771.144790423451923, 6345690.551320444792509 ], [ 626763.731660251622088, 6345682.987999540753663 ], [ 626761.109278826974332, 6345680.312488416209817 ], [ 626753.889324221527204, 6345672.946164442226291 ], [ 626751.073767230496742, 6345670.073564702644944 ], [ 626741.038255634019151, 6345670.560457449406385 ], [ 626738.049370630178601, 6345672.946164443157613 ], [ 626731.002744037657976, 6345678.570732239633799 ], [ 626725.468659577891231, 6345682.987999540753663 ], [ 626720.967232441180386, 6345686.581007027998567 ], [ 626712.888145432458259, 6345693.029834638349712 ], [ 626710.931720844702795, 6345694.591477046720684 ], [ 626700.896209248108789, 6345702.217825645580888 ], [ 626699.75472670327872, 6345703.071669735945761 ], [ 626690.860697651747614, 6345709.724388006143272 ], [ 626686.329782273620367, 6345713.113504833541811 ], [ 626680.825186055270024, 6345717.231015846133232 ], [ 626672.905107188620605, 6345723.155339930206537 ], [ 626670.789674458792433, 6345724.737679935060441 ], [ 626660.754162862198427, 6345732.244225164875388 ], [ 626659.480162758845836, 6345733.197175027802587 ], [ 626650.718651265837252, 6345739.750901881605387 ], [ 626646.055487673962489, 6345743.239010125398636 ], [ 626640.683139669359662, 6345747.257517093792558 ], [ 626632.630543244420551, 6345753.280845222994685 ], [ 626630.647628072998486, 6345754.764092083089054 ], [ 626620.612116476520896, 6345762.270787919871509 ], [ 626619.205868159537204, 6345763.322680320590734 ], [ 626610.576604880043305, 6345769.777354254387319 ], [ 626605.780923729762435, 6345773.364515418186784 ], [ 626600.541093283565715, 6345777.343857469968498 ], [ 626592.882018949370831, 6345783.406350515782833 ], [ 626590.505581687088124, 6345785.346977090463042 ], [ 626580.585067326552235, 6345793.44818561244756 ], [ 626580.470070090610534, 6345793.542093706317246 ], [ 626570.434558494132943, 6345801.73721032217145 ], [ 626568.288115703733638, 6345803.490020710043609 ], [ 626560.399046897655353, 6345809.932326938025653 ], [ 626555.991164081031457, 6345813.531855807639658 ], [ 626550.363535301177762, 6345818.127443553879857 ], [ 626543.694212458329275, 6345823.57369090616703 ], [ 626540.328023704700172, 6345826.322617938742042 ], [ 626531.397289284272119, 6345833.615526002831757 ], [ 626530.292512108338997, 6345834.517695745453238 ], [ 626520.257000511861406, 6345842.712984586134553 ], [ 626519.100537853897549, 6345843.657361100427806 ], [ 626510.221488915383816, 6345850.908062391914427 ], [ 626506.803616010816768, 6345853.699196198023856 ], [ 626500.185977318906225, 6345859.103237664327025 ], [ 626494.506664388114586, 6345863.741031294688582 ], [ 626490.150465722428635, 6345867.298354279249907 ], [ 626483.304770203772932, 6345873.782866392284632 ], [ 626480.114954125951044, 6345876.455487447790802 ], [ 626473.166534084943123, 6345883.824701489880681 ], [ 626470.079442529473454, 6345886.913738260045648 ], [ 626463.502659901045263, 6345893.86653658747673 ], [ 626460.043930932995863, 6345897.523012153804302 ], [ 626454.003999590175226, 6345903.90837168507278 ], [ 626450.008419336518273, 6345908.132388079538941 ], [ 626444.505230106646195, 6345913.950206782668829 ], [ 626439.972907740040682, 6345918.741652021184564 ], [ 626435.006460623117164, 6345923.992041880264878 ], [ 626429.937396143563092, 6345929.350915961898863 ], [ 626425.507691139471717, 6345934.033876975998282 ], [ 626419.901884547201917, 6345939.960179903544486 ], [ 626416.008921655826271, 6345944.075712073594332 ], [ 626409.866372950724326, 6345950.569443845190108 ], [ 626405.391065231640823, 6345954.117547172121704 ], [ 626399.830861354246736, 6345958.691086980514228 ], [ 626392.9499983091373, 6345964.159382269717753 ], [ 626389.795349757769145, 6345966.641708853654563 ], [ 626380.331924151047133, 6345974.201217367313802 ], [ 626379.759838161291555, 6345974.658198926597834 ], [ 626369.724326564697549, 6345982.674733722582459 ], [ 626367.760979991056956, 6345984.243052464909852 ], [ 626359.688814968336374, 6345990.691203773953021 ], [ 626355.190035831183195, 6345994.284887563437223 ], [ 626349.653303371858783, 6345998.70770207978785 ], [ 626342.619091670960188, 6346004.326722661033273 ], [ 626339.617791775381193, 6346006.72415719460696 ], [ 626330.048136997851543, 6346014.368557756766677 ], [ 626329.582280179020017, 6346014.740691987797618 ], [ 626319.546768582542427, 6346022.757196999154985 ], [ 626317.831383154727519, 6346024.410392854362726 ], [ 626310.041939991642721, 6346034.452227951958776 ], [ 626309.511256986064836, 6346035.284837284125388 ], [ 626304.189384547527879, 6346044.494063049554825 ], [ 626299.817883822135627, 6346054.535898147150874 ], [ 626299.475745389587246, 6346055.601983380503953 ], [ 626296.922666388680227, 6346064.577733244746923 ], [ 626294.040780971758068, 6346074.619568342342973 ], [ 626290.384606692823581, 6346084.661403439939022 ], [ 626289.440233793109655, 6346087.145186736248434 ], [ 626286.566545375389978, 6346094.703238536603749 ], [ 626282.748437122791074, 6346104.745073633268476 ], [ 626279.404722196632065, 6346113.539135236293077 ], [ 626278.930288533098064, 6346114.786908731795847 ], [ 626275.112220556242391, 6346124.828743829391897 ], [ 626271.294159238808788, 6346134.870578926056623 ], [ 626269.369210600154474, 6346139.933362155221403 ], [ 626267.476097921491601, 6346144.912414025515318 ], [ 626263.658036604057997, 6346154.954249121248722 ], [ 626259.84923807089217, 6346164.996084218844771 ], [ 626259.333699003676884, 6346166.241438095457852 ], [ 626254.978503821301274, 6346175.037919316440821 ], [ 626249.995824640267529, 6346185.07975441403687 ], [ 626251.565352596342564, 6346195.121589511632919 ], [ 626254.540128140244633, 6346205.163424609228969 ], [ 626257.915291511220858, 6346215.205259706825018 ], [ 626259.333699003560469, 6346219.425326284952462 ], [ 626261.290454882197082, 6346225.247094803489745 ], [ 626264.665618253289722, 6346235.288929901085794 ], [ 626267.672915608156472, 6346245.330764997750521 ], [ 626269.369210600154474, 6346253.855763947591186 ], [ 626269.647871104883961, 6346255.372600096277893 ], [ 626271.492673418368213, 6346265.414435193873942 ], [ 626273.337512734113261, 6346275.456270291469991 ], [ 626272.638325852924027, 6346285.498105389066041 ], [ 626269.369210600154474, 6346290.061950784176588 ], [ 626265.445287211448886, 6346295.539940485730767 ], [ 626259.333699003560469, 6346304.07201768271625 ], [ 626258.252253484446555, 6346305.581775583326817 ], [ 626251.05924753122963, 6346315.623610680922866 ], [ 626249.298187407199293, 6346317.772502956911922 ], [ 626240.388049241038971, 6346325.665445778518915 ], [ 626239.262675810721703, 6346326.678496451117098 ], [ 626229.227164214360528, 6346332.394253225065768 ], [ 626223.731941227684729, 6346335.707280876114964 ], [ 626219.191652617882937, 6346341.694046226330101 ], [ 626212.03600074921269, 6346345.749115973711014 ], [ 626209.156141021405347, 6346353.185191862285137 ], [ 626208.146962198894471, 6346355.790951071307063 ], [ 626204.258027874631807, 6346365.83278616797179 ], [ 626200.393721256870776, 6346375.874621265567839 ], [ 626199.120629424927756, 6346379.28025534376502 ], [ 626196.636642150115222, 6346385.916456364095211 ], [ 626192.924922790727578, 6346395.958291460759938 ], [ 626189.785441795247607, 6346406.000126558355987 ], [ 626189.085117828450166, 6346415.0827856361866 ], [ 626189.024332677130587, 6346416.041961655952036 ], [ 626189.085117828450166, 6346416.722675285302103 ], [ 626189.951298603904434, 6346426.083796753548086 ], [ 626189.465655797277577, 6346436.125631850212812 ], [ 626189.085117828450166, 6346437.657988203689456 ], [ 626186.971915016067214, 6346446.167466947808862 ], [ 626184.478230386972427, 6346456.209302045404911 ], [ 626181.984555773669854, 6346466.25113714300096 ], [ 626179.490814992343076, 6346476.29297224059701 ], [ 626179.049606231972575, 6346478.069638703949749 ], [ 626176.845990793313831, 6346486.334807338193059 ], [ 626172.776546484790742, 6346496.376642435789108 ], [ 626170.265918103745207, 6346506.418477533385158 ], [ 626171.07776606164407, 6346516.460312630049884 ], [ 626172.217017018934712, 6346526.502147727645934 ], [ 626173.294445288716815, 6346536.543982825241983 ], [ 626174.364333948586136, 6346546.585817922838032 ], [ 626175.650708575616591, 6346556.627653021365404 ], [ 626178.836934296647087, 6346566.669488118030131 ], [ 626179.04960623185616, 6346567.108329743146896 ], [ 626183.703420015750453, 6346576.71132321562618 ], [ 626188.569808580097742, 6346586.753158312290907 ], [ 626189.085117828450166, 6346587.816503425128758 ], [ 626193.436239267932251, 6346596.794993409886956 ], [ 626198.302674944745377, 6346606.836828507483006 ], [ 626199.120629424927756, 6346608.52466834615916 ], [ 626202.819469551788643, 6346616.878663605079055 ], [ 626199.120629424927756, 6346622.346080290153623 ], [ 626196.099281984497793, 6346626.920498702675104 ], [ 626189.228889589896426, 6346636.962333800271153 ], [ 626189.085117828450166, 6346637.172472860664129 ], [ 626182.358523286064155, 6346647.004168897867203 ], [ 626179.049606231972575, 6346651.840533938258886 ], [ 626175.488156982231885, 6346657.046003994531929 ], [ 626169.014094635494985, 6346666.508595014922321 ], [ 626168.617790678399615, 6346667.087839092127979 ], [ 626161.74742437468376, 6346677.129674188792706 ], [ 626158.978583039017394, 6346681.1766560934484 ], [ 626154.87705807085149, 6346687.1715092882514 ], [ 626148.943071442539804, 6346695.84471717197448 ], [ 626148.00669176701922, 6346697.213344384916127 ], [ 626141.136306216940284, 6346707.255179482512176 ], [ 626138.907559846062213, 6346710.512737158685923 ], [ 626134.265912580769509, 6346717.297014580108225 ], [ 626128.872048249701038, 6346725.180739882402122 ], [ 626127.395518944598734, 6346727.338849676772952 ], [ 626121.767452963278629, 6346737.380684774369001 ], [ 626118.836536653223448, 6346744.707870097830892 ], [ 626117.690723025938496, 6346747.422519871965051 ], [ 626114.262631067424081, 6346757.4643549695611 ], [ 626110.891000246745534, 6346767.506190067157149 ], [ 626108.801025056745857, 6346773.730996856465936 ], [ 626107.519460064475425, 6346777.548025164753199 ], [ 626102.615942587610334, 6346787.589860262349248 ], [ 626098.765513460268266, 6346792.371594857424498 ], [ 626095.285190034890547, 6346797.631695359013975 ], [ 626090.420655508642085, 6346807.673530456610024 ], [ 626088.730001863790676, 6346812.242656523361802 ], [ 626086.97620168956928, 6346817.715365554206073 ], [ 626084.262177130905911, 6346827.7572006508708 ], [ 626081.695674555492587, 6346837.799035749398172 ], [ 626079.235672924900427, 6346847.840870846994221 ], [ 626078.694490267313085, 6346850.144399991258979 ], [ 626076.876481152372435, 6346857.882705945521593 ], [ 626074.51712057669647, 6346867.924541041254997 ], [ 626072.157928804168478, 6346877.966376138851047 ], [ 626069.79873703152407, 6346888.008211236447096 ], [ 626068.658978670835495, 6346892.859214354306459 ], [ 626067.439396969974041, 6346898.050046334043145 ], [ 626068.65897867095191, 6346898.218027151189744 ], [ 626077.092812011716887, 6346908.091881431639194 ], [ 626078.694490267313085, 6346908.969710724428296 ], [ 626088.730001863790676, 6346911.909560859203339 ], [ 626093.916780939907767, 6346918.133716529235244 ], [ 626098.765513460151851, 6346921.992485543712974 ], [ 626104.154414991149679, 6346928.175551626831293 ], [ 626103.395682943984866, 6346938.21738672349602 ], [ 626098.765513460384682, 6346943.334168293513358 ], [ 626094.529246512334794, 6346948.259221820160747 ], [ 626088.730001863790676, 6346955.001393457874656 ], [ 626085.891808965825476, 6346958.301056919619441 ], [ 626078.694490267313085, 6346966.668609927408397 ], [ 626076.380597134004347, 6346968.342892016284168 ], [ 626068.658978670835495, 6346973.707401145249605 ], [ 626058.623467074357904, 6346973.470790669322014 ], [ 626048.587955477880314, 6346973.680261312052608 ], [ 626038.552443881402723, 6346974.116955837234855 ], [ 626028.516932285041548, 6346974.692077310755849 ], [ 626018.481420688563958, 6346975.483842087909579 ], [ 626008.445909092086367, 6346976.643061480484903 ], [ 625998.907074113958515, 6346978.384727113880217 ], [ 625998.410397495608777, 6346978.886446870863438 ], [ 625988.966354300500825, 6346988.426562211476266 ], [ 625988.374885899131186, 6346989.024047488346696 ], [ 625978.339374302653596, 6346997.340574404224753 ], [ 625976.638213034137152, 6346998.468397309072316 ], [ 625968.303862706176005, 6347003.993841236457229 ], [ 625961.491525683552027, 6347008.510232406668365 ], [ 625958.268351109698415, 6347010.647073063999414 ], [ 625948.23283951333724, 6347017.300374899990857 ], [ 625946.344838332850486, 6347018.552067503333092 ], [ 625938.197327916743234, 6347023.953641733154655 ], [ 625931.310532852658071, 6347028.593902600929141 ], [ 625928.161816320382059, 6347030.692752730101347 ], [ 625918.126304723904468, 6347038.508653978817165 ], [ 625917.987072299583815, 6347038.63573769852519 ], [ 625915.356874796911143, 6347048.67757279612124 ], [ 625912.726377791026607, 6347058.719407893717289 ], [ 625910.095636174897663, 6347068.761242991313338 ], [ 625908.090793127426878, 6347076.413681205362082 ], [ 625907.46480104548391, 6347078.803078088909388 ], [ 625904.833965916070156, 6347088.844913184642792 ], [ 625902.203130786772817, 6347098.886748283170164 ], [ 625899.572295657242648, 6347108.928583380766213 ], [ 625898.055281530832872, 6347114.719372741878033 ], [ 625896.941634318092838, 6347118.970418478362262 ], [ 625894.310799188679084, 6347129.012253575958312 ], [ 625891.67996405926533, 6347139.054088673554361 ], [ 625889.282926731160842, 6347149.09592377115041 ], [ 625897.744589781970717, 6347159.137758867815137 ], [ 625898.055281530949287, 6347159.501190600916743 ], [ 625906.329187721712515, 6347169.179593965411186 ], [ 625908.090793127426878, 6347171.240268914029002 ], [ 625914.913736739428714, 6347179.221429063007236 ], [ 625918.126304723904468, 6347182.979340756312013 ], [ 625923.456026091007516, 6347189.263264160603285 ], [ 625928.161816320382059, 6347194.645221646875143 ], [ 625932.792530442588031, 6347199.305099258199334 ], [ 625938.197327916743234, 6347206.24649868067354 ], [ 625940.777435497264378, 6347209.346934355795383 ], [ 625948.232839513220824, 6347219.112543598748744 ], [ 625948.443719888688065, 6347219.388769453391433 ], [ 625956.110188455088064, 6347229.430604550056159 ], [ 625958.268351109698415, 6347232.705681052058935 ], [ 625961.300167571636848, 6347239.472439648583531 ], [ 625963.642872225376777, 6347249.514274746179581 ], [ 625965.985576879116707, 6347259.55610984377563 ], [ 625968.303862706176005, 6347268.098729692399502 ], [ 625968.733797266380861, 6347269.597944940440357 ], [ 625971.967767939437181, 6347279.639780038036406 ], [ 625975.201870940858498, 6347289.681615135632455 ], [ 625978.339374302653596, 6347299.423509985208511 ], [ 625978.435973942279816, 6347299.723450232297182 ], [ 625981.582324091461487, 6347309.765285329893231 ], [ 625984.681892485241406, 6347319.807120427489281 ], [ 625987.781468671397306, 6347329.848955524154007 ], [ 625988.374885899131186, 6347331.771505841054022 ], [ 625990.881029272568412, 6347339.890790622681379 ], [ 625993.980655836639926, 6347349.932625720277429 ], [ 625997.080183528130874, 6347359.974460817873478 ], [ 625998.410397495608777, 6347364.283898489549756 ], [ 626000.179843001998961, 6347370.016295914538205 ], [ 626003.279370693373494, 6347380.058131012134254 ], [ 626006.379003025474958, 6347390.099966108798981 ], [ 626008.445909092086367, 6347396.796230636537075 ], [ 626009.478557858616114, 6347400.141801207326353 ], [ 626012.57813981291838, 6347410.183636304922402 ], [ 626015.697133424459025, 6347420.225471402518451 ], [ 626018.481420688563958, 6347426.491507511585951 ], [ 626020.876370142446831, 6347430.267306500114501 ], [ 626027.245611554244533, 6347440.309141596779227 ], [ 626028.516932285041548, 6347442.313523642718792 ], [ 626033.614948786329478, 6347450.350976694375277 ], [ 626038.552443881402723, 6347458.135354208759964 ], [ 626039.984283001278527, 6347460.392811791971326 ], [ 626046.353524413076229, 6347470.434646889567375 ], [ 626048.587955477880314, 6347474.285712918266654 ], [ 626051.553601774154231, 6347480.476481987163424 ], [ 626051.625909585040063, 6347490.518317084759474 ], [ 626051.698278842261061, 6347500.560152182355523 ], [ 626051.770588898449205, 6347510.601987279951572 ], [ 626051.842955910484307, 6347520.643822376616299 ], [ 626051.915268211741932, 6347530.685657474212348 ], [ 626055.134127016644925, 6347540.727492571808398 ], [ 626058.623467074357904, 6347550.07355035468936 ], [ 626058.849103328539059, 6347550.769327669404447 ], [ 626061.92097234306857, 6347560.811162767000496 ], [ 626064.794559788540937, 6347570.852997864596546 ], [ 626067.808440732536837, 6347580.894832962192595 ], [ 626068.658978670835495, 6347583.28806228376925 ], [ 626071.377242785994895, 6347590.936668058857322 ], [ 626074.955359804909676, 6347600.978503156453371 ], [ 626078.558284657308832, 6347611.020338254980743 ], [ 626078.694490267313085, 6347611.39972169790417 ], [ 626082.163487512269057, 6347621.06217335164547 ], [ 626084.371231078403071, 6347631.104008449241519 ], [ 626085.732350734760985, 6347641.145843546837568 ], [ 626087.093515830929391, 6347651.187678644433618 ], [ 626088.454601772711612, 6347661.229513741098344 ], [ 626088.730001863790676, 6347663.26136361528188 ], [ 626089.815687714610249, 6347671.271348838694394 ], [ 626091.259337956784293, 6347681.313183936290443 ], [ 626093.047892683651298, 6347691.355019033886492 ], [ 626094.996431450359523, 6347701.396854132413864 ], [ 626096.944944191724062, 6347711.438689229078591 ], [ 626098.765513460268266, 6347720.821345306932926 ], [ 626098.893418987514451, 6347721.48052432667464 ], [ 626100.841912756091915, 6347731.522359423339367 ], [ 626102.790469162748195, 6347741.564194520935416 ], [ 626104.738942625699565, 6347751.606029618531466 ], [ 626106.578073113923892, 6347761.647864716127515 ], [ 626105.657151662628166, 6347771.689699813723564 ], [ 626104.266533974790946, 6347781.731534911319613 ], [ 626102.876032890984789, 6347791.773370008915663 ], [ 626101.485415203147568, 6347801.815205105580389 ], [ 626101.372326130513102, 6347811.857040203176439 ], [ 626101.956159846507944, 6347821.898875300772488 ], [ 626102.539949672180228, 6347831.940710398368537 ], [ 626103.123701175441965, 6347841.982545495964587 ], [ 626103.707452678820118, 6347852.024380593560636 ], [ 626104.291204182081856, 6347862.066215691156685 ], [ 626104.874955685343593, 6347872.108050787821412 ], [ 626105.458707188721746, 6347882.149885885417461 ], [ 626106.042458692099899, 6347892.191720983013511 ], [ 626106.782882949337363, 6347902.23355608060956 ], [ 626103.849914960330352, 6347912.275391178205609 ], [ 626098.765513460268266, 6347916.40552466455847 ], [ 626088.730001863790676, 6347920.737324019894004 ], [ 626085.283747759182006, 6347922.317226275801659 ], [ 626078.694490267313085, 6347931.961485026404262 ], [ 626078.597867939388379, 6347932.359061373397708 ], [ 626078.694490267313085, 6347933.515172217972577 ], [ 626079.343438340118155, 6347942.400896470062435 ], [ 626079.060489595984109, 6347952.442731567658484 ], [ 626078.735055800061673, 6347962.484566665254533 ], [ 626078.694490267313085, 6347963.620083278045058 ], [ 626078.422105033416301, 6347972.526401762850583 ], [ 626078.694490267313085, 6347980.139104684814811 ], [ 626078.807852835860103, 6347982.568236860446632 ], [ 626079.426929431385361, 6347992.610071958042681 ], [ 626080.045989268575795, 6348002.651907055638731 ], [ 626080.665058187674731, 6348012.693742154166102 ], [ 626081.284127106890082, 6348022.735577249899507 ], [ 626081.903111375519074, 6348032.777412347495556 ], [ 626082.522187971044332, 6348042.819247445091605 ], [ 626083.141264566453174, 6348052.861082542687654 ], [ 626083.760341161862016, 6348062.902917640283704 ], [ 626084.379417757270858, 6348072.944752737879753 ], [ 626086.446838810690679, 6348082.986587835475802 ], [ 626088.730001863790676, 6348089.35530960559845 ], [ 626090.11142586695496, 6348093.028422932140529 ], [ 626093.888067316729575, 6348103.070258029736578 ], [ 626097.664708766504191, 6348113.112093127332628 ], [ 626098.765513460384682, 6348116.039058621972799 ], [ 626101.441350216278806, 6348123.153928224928677 ], [ 626105.217991665937006, 6348133.195763322524726 ], [ 626108.801025056745857, 6348142.722807638347149 ], [ 626108.994630018714815, 6348143.237598420120776 ], [ 626113.963615665910766, 6348153.279433517716825 ], [ 626118.836536653223448, 6348160.462133433669806 ], [ 626120.776244561653584, 6348163.321268614381552 ], [ 626128.872048249701038, 6348170.571995455771685 ], [ 626133.208727184566669, 6348173.363103711977601 ], [ 626138.907559846062213, 6348176.919235764071345 ], [ 626146.03012828878127, 6348183.40493880957365 ], [ 626148.943071442539804, 6348186.254955713637173 ], [ 626155.455797825008631, 6348193.4467739071697 ], [ 626158.978583039017394, 6348197.131826020777225 ], [ 626164.332759944489226, 6348203.488609004765749 ], [ 626169.014094635494985, 6348209.046555489301682 ], [ 626172.790817439323291, 6348213.530444102361798 ], [ 626179.049606231972575, 6348220.961148778907955 ], [ 626181.256116097676568, 6348223.572279199957848 ], [ 626189.085117828450166, 6348232.464776762761176 ], [ 626190.15540848148521, 6348233.614114296622574 ], [ 626199.120629424927756, 6348243.241341046057642 ], [ 626199.506722996477038, 6348243.655949394218624 ], [ 626208.857925156480633, 6348253.69778449088335 ], [ 626209.156141021288931, 6348254.555552289821208 ], [ 626212.367778980056755, 6348263.739619589410722 ], [ 626212.927002654178068, 6348273.781454687006772 ], [ 626213.689899225253612, 6348283.823289784602821 ], [ 626214.491058169282041, 6348293.865124881267548 ], [ 626219.191652617882937, 6348298.835854668170214 ], [ 626229.227164214360528, 6348300.156312001869082 ], [ 626239.262675810721703, 6348301.296863600611687 ], [ 626249.298187407199293, 6348302.373231530189514 ], [ 626259.333699003676884, 6348303.455449349246919 ], [ 626263.503935394459404, 6348303.906959978863597 ], [ 626269.369210600038059, 6348304.504511492326856 ], [ 626272.043820485821925, 6348303.906959977932274 ], [ 626279.40472219674848, 6348297.388471672311425 ], [ 626280.40830153087154, 6348293.86512488219887 ], [ 626282.844836738775484, 6348283.823289784602821 ], [ 626285.08690792741254, 6348273.781454687006772 ], [ 626287.284921504789963, 6348263.739619589410722 ], [ 626288.855524280224927, 6348253.697784491814673 ], [ 626289.440233793109655, 6348251.857928399927914 ], [ 626293.308908127481118, 6348243.655949395149946 ], [ 626299.475745389587246, 6348239.848703099414706 ], [ 626309.511256986064836, 6348235.050010859034956 ], [ 626319.546768582542427, 6348235.289986393414438 ], [ 626329.582280179020017, 6348240.094356879591942 ], [ 626336.50942717352882, 6348243.655949394218624 ], [ 626339.617791775381193, 6348244.877163327299058 ], [ 626349.653303371858783, 6348248.819913990795612 ], [ 626359.688814968336374, 6348252.762664652429521 ], [ 626362.068982216878794, 6348253.697784491814673 ], [ 626369.724326564813964, 6348256.70539281796664 ], [ 626379.759838161291555, 6348256.129207234829664 ], [ 626387.851530625368468, 6348253.697784491814673 ], [ 626389.795349757769145, 6348253.113695306703448 ], [ 626399.830861354246736, 6348250.098171029239893 ], [ 626409.866372950724326, 6348247.082646749913692 ], [ 626419.901884547201917, 6348244.067122472450137 ], [ 626421.270247661974281, 6348243.655949394218624 ], [ 626429.937396143679507, 6348241.051598194055259 ], [ 626439.972907740157098, 6348238.036073915660381 ], [ 626450.008419336518273, 6348236.804605394601822 ], [ 626460.043930932995863, 6348239.122310314327478 ], [ 626470.079442529473454, 6348241.4399991678074 ], [ 626479.674429432372563, 6348243.655949394218624 ], [ 626480.114954125951044, 6348243.757689045742154 ], [ 626490.150465722428635, 6348246.547705434262753 ], [ 626500.18597731878981, 6348252.976687333546579 ], [ 626501.302018492482603, 6348253.697784491814673 ], [ 626510.221488915383816, 6348259.460872743278742 ], [ 626516.683570418972522, 6348263.7396195884794 ], [ 626520.257000511861406, 6348266.282704673707485 ], [ 626530.188408032059669, 6348273.781454687006772 ], [ 626530.292512108222581, 6348273.860058384016156 ], [ 626540.328023704700172, 6348281.437347671017051 ], [ 626542.543236299534328, 6348283.823289784602821 ], [ 626544.117222521221265, 6348293.86512488219887 ], [ 626545.664813206880353, 6348303.906959978863597 ], [ 626547.212381026241928, 6348313.948795076459646 ], [ 626548.760009406250902, 6348323.990630174055696 ], [ 626550.307577225612476, 6348334.032465271651745 ], [ 626550.363535301177762, 6348334.395565202459693 ], [ 626551.855145044857636, 6348344.074300369247794 ], [ 626553.402755084214732, 6348354.116135466843843 ], [ 626554.950341244111769, 6348364.157970564439893 ], [ 626556.497932605212554, 6348374.19980566110462 ], [ 626558.045537443365902, 6348384.241640758700669 ], [ 626559.593105262727477, 6348394.283475856296718 ], [ 626560.399046897655353, 6348399.513057975098491 ], [ 626561.140673081972636, 6348404.325310952961445 ], [ 626562.688301461981609, 6348414.367146050557494 ], [ 626564.235869281226769, 6348424.408981149084866 ], [ 626565.783465168322437, 6348434.450816246680915 ], [ 626568.304386429605074, 6348444.492651343345642 ], [ 626570.434558494132943, 6348449.178614598698914 ], [ 626573.338152309879661, 6348454.534486440941691 ], [ 626578.700413968414068, 6348464.576321539469063 ], [ 626580.470070090610534, 6348467.886497304774821 ], [ 626584.065822584321722, 6348474.61815663613379 ], [ 626589.429591952008195, 6348484.659991732798517 ], [ 626590.505581687088124, 6348486.674367403611541 ], [ 626594.793492858763784, 6348494.701826831325889 ], [ 626600.157262226566672, 6348504.743661929853261 ], [ 626600.541093283565715, 6348505.501840226352215 ], [ 626604.477041619364172, 6348514.785497026517987 ], [ 626608.749762029969133, 6348524.827332122251391 ], [ 626610.57660487992689, 6348529.062095632776618 ], [ 626613.193786354968324, 6348534.869167220778763 ], [ 626620.612116476520896, 6348543.293624720536172 ], [ 626630.647628072998486, 6348536.247340894304216 ], [ 626632.800713272765279, 6348534.869167219847441 ], [ 626640.683139669359662, 6348529.232266164384782 ], [ 626646.842947799479589, 6348524.827332123182714 ], [ 626650.718651265837252, 6348522.055781813338399 ], [ 626660.754162862198427, 6348514.879297463223338 ], [ 626660.88532979786396, 6348514.785497025586665 ], [ 626670.789674458792433, 6348507.702676575630903 ], [ 626674.927525856532156, 6348504.743661928921938 ], [ 626680.825186055270024, 6348500.52619222458452 ], [ 626688.969910350511782, 6348494.701826831325889 ], [ 626690.860697651747614, 6348493.612193536944687 ], [ 626700.896209248225205, 6348488.612968426197767 ], [ 626709.227302431827411, 6348484.659991733729839 ], [ 626710.931720844702795, 6348483.639963780529797 ], [ 626720.967232441180386, 6348476.314625291153789 ], [ 626731.002744037657976, 6348478.80793259292841 ], [ 626741.038255634019151, 6348481.301239893771708 ], [ 626751.073767230496742, 6348483.794547195546329 ], [ 626754.029140349011868, 6348484.659991733729839 ], [ 626761.109278826974332, 6348487.219689408317208 ], [ 626771.144790423451923, 6348491.559773947112262 ], [ 626778.410173501470126, 6348494.701826830394566 ], [ 626781.180302019929513, 6348495.899821516126394 ], [ 626791.215813616407104, 6348500.515983304008842 ], [ 626800.171150517882779, 6348504.743661928921938 ], [ 626801.251325212884694, 6348505.253603444434702 ], [ 626811.286836809362285, 6348510.216680470854044 ], [ 626819.010214868118055, 6348514.78549702744931 ], [ 626821.322348405839875, 6348516.221969819627702 ], [ 626827.076847115298733, 6348514.785497026517987 ], [ 626831.357860002201051, 6348513.522089244797826 ], [ 626837.548837376292795, 6348504.743661928921938 ], [ 626841.393371598678641, 6348499.518519379198551 ], [ 626844.996881135739386, 6348494.701826831325889 ], [ 626851.428883195156232, 6348486.595932362601161 ], [ 626852.965025248937309, 6348484.659991733729839 ], [ 626860.933082202798687, 6348474.61815663613379 ], [ 626861.464394791633822, 6348473.948563857004046 ], [ 626868.90113915677648, 6348464.576321538537741 ], [ 626871.499906388111413, 6348461.105415217578411 ], [ 626876.650418347679079, 6348454.534486440941691 ], [ 626881.535417984589003, 6348447.852069053798914 ], [ 626884.128282135585323, 6348444.492651343345642 ], [ 626891.570929581183009, 6348435.117305537685752 ], [ 626892.308834845549427, 6348434.450816247612238 ], [ 626901.606441177544184, 6348426.897342538461089 ], [ 626904.723948936443776, 6348424.408981149084866 ], [ 626911.641952774021775, 6348418.887010738253593 ], [ 626921.677464370499365, 6348415.080696763470769 ], [ 626931.712975966976956, 6348417.446627335622907 ], [ 626941.748487563338131, 6348420.006694515235722 ], [ 626951.783999159815721, 6348422.566761694848537 ], [ 626961.819510756293312, 6348423.352351528592408 ], [ 626971.855022352770902, 6348420.488117307424545 ], [ 626981.890533949248493, 6348421.529288607649505 ], [ 626987.200030935113318, 6348424.408981149084866 ], [ 626991.926045545726083, 6348426.972225178964436 ], [ 627001.961557142203674, 6348432.966956029646099 ], [ 627003.517289198818617, 6348434.450816246680915 ], [ 627010.930413707625121, 6348444.492651343345642 ], [ 627011.997068738681264, 6348445.937546327710152 ], [ 627022.032580335158855, 6348450.815383098088205 ], [ 627032.068091931636445, 6348453.506013558246195 ], [ 627035.894762522308156, 6348454.534486440941691 ], [ 627042.10360352799762, 6348456.631939066573977 ], [ 627049.263396698981524, 6348464.576321538537741 ], [ 627052.139115124475211, 6348469.346612778492272 ], [ 627055.317008263198659, 6348474.61815663613379 ], [ 627061.370549077284522, 6348484.659991733729839 ], [ 627062.174626720952801, 6348485.993809574283659 ], [ 627067.424160641618073, 6348494.701826831325889 ], [ 627072.210138317430392, 6348502.640981795266271 ], [ 627073.477701455587521, 6348504.743661928921938 ], [ 627079.531313019921072, 6348514.785497026517987 ], [ 627082.245649913907982, 6348519.288138426840305 ], [ 627085.58485383389052, 6348524.827332122251391 ], [ 627091.638465398224071, 6348534.869167221710086 ], [ 627092.281161510385573, 6348535.93529505841434 ], [ 627097.692006212193519, 6348544.911002318374813 ], [ 627102.316673106863163, 6348552.582479394041002 ], [ 627103.74561777652707, 6348554.952837416902184 ], [ 627109.160568522405811, 6348564.994672514498234 ], [ 627112.352184703340754, 6348571.994915742427111 ], [ 627113.738946249126457, 6348575.036507611162961 ], [ 627122.387696299818344, 6348584.728063148446381 ], [ 627122.773699401528575, 6348585.07834270875901 ], [ 627132.423207896295935, 6348589.196940639056265 ], [ 627140.908295519999228, 6348595.120177805423737 ], [ 627142.45871949265711, 6348596.589295174926519 ], [ 627151.505884371465072, 6348605.162012903951108 ], [ 627152.494231089018285, 6348606.098529208451509 ], [ 627162.103473222930916, 6348615.203848000615835 ], [ 627162.529742685612291, 6348615.607763241045177 ], [ 627172.565254282089882, 6348625.116997274570167 ], [ 627172.701062859152444, 6348625.245683098211884 ], [ 627182.600765878567472, 6348634.626176360063255 ], [ 627183.298708913847804, 6348635.287518195807934 ], [ 627192.636277475045063, 6348644.135410392656922 ], [ 627193.896297765430063, 6348645.329353293403983 ], [ 627202.671789071522653, 6348653.64464442525059 ], [ 627204.493886616895907, 6348655.371188391000032 ], [ 627212.707300668000244, 6348663.153878457844257 ], [ 627215.09147546836175, 6348665.413023487664759 ], [ 627222.742812264477834, 6348672.663112489506602 ], [ 627225.689081344171427, 6348675.454858585260808 ], [ 627232.045845572953112, 6348685.496693681925535 ], [ 627232.778323860955425, 6348687.551705062389374 ], [ 627236.068987162783742, 6348695.538528779521585 ], [ 627240.923291511600837, 6348705.580363878048956 ], [ 627242.8138354573166, 6348709.491172613576055 ] ] ] } },
{ "type": "Feature", "properties": { "id": 2, "cost_level": 900.0 }, "geometry": { "type": "Polygon", "coordinates": [ [ [ 627323.097928229137324, 6348319.690264428034425 ], [ 627333.133439825614914, 6348320.983458660542965 ], [ 627342.097820459748618, 6348313.948795076459646 ], [ 627343.168951421976089, 6348312.86159901227802 ], [ 627352.229156085057184, 6348303.906959978863597 ], [ 627353.20446301845368, 6348302.946303829550743 ], [ 627363.23997461493127, 6348294.056717909872532 ], [ 627363.533051508944482, 6348293.865124883130193 ], [ 627373.275486211408861, 6348289.029130322858691 ], [ 627383.310997807886451, 6348284.047720857895911 ], [ 627383.763132171006873, 6348283.823289784602821 ], [ 627393.346509404364042, 6348279.066248903051019 ], [ 627403.382021000725217, 6348274.084838923998177 ], [ 627403.99321283295285, 6348273.781454687938094 ], [ 627413.417532597319223, 6348269.103367484174669 ], [ 627423.453044193796813, 6348264.121956991031766 ], [ 627424.223293494898826, 6348263.739619589410722 ], [ 627433.488555790274404, 6348259.140516024082899 ], [ 627443.524067386635579, 6348254.15907505620271 ], [ 627453.55957898311317, 6348253.799758274108171 ], [ 627463.59509057959076, 6348255.001724570058286 ], [ 627473.630602176068351, 6348256.203690866008401 ], [ 627478.316342029487714, 6348253.697784491814673 ], [ 627483.666113772545941, 6348250.065611695870757 ], [ 627493.701625369023532, 6348244.120511593297124 ], [ 627494.105973848025315, 6348243.655949393287301 ], [ 627496.952629555366002, 6348233.614114296622574 ], [ 627498.595877010375261, 6348223.572279199957848 ], [ 627500.961738128215075, 6348213.530444102361798 ], [ 627503.737136965501122, 6348208.711808975785971 ], [ 627506.714507565367967, 6348203.488609004765749 ], [ 627511.618222720222548, 6348193.4467739071697 ], [ 627513.772648561978713, 6348189.127649684436619 ], [ 627516.642622686573304, 6348183.40493880957365 ], [ 627521.773482836200856, 6348173.363103711977601 ], [ 627523.808160158456303, 6348170.046915932558477 ], [ 627530.993156526470557, 6348163.321268614381552 ], [ 627533.843671754933894, 6348161.932557290419936 ], [ 627543.879183351295069, 6348157.043466207571328 ], [ 627551.605362524744123, 6348153.279433518648148 ], [ 627553.914694947772659, 6348152.154375123791397 ], [ 627563.95020654425025, 6348147.265284039080143 ], [ 627573.98571814072784, 6348143.708516710437834 ], [ 627575.397024076315574, 6348143.237598420120776 ], [ 627584.021229737205431, 6348140.359925894066691 ], [ 627594.056741333683021, 6348137.095824595540762 ], [ 627604.092252930044197, 6348134.61446915846318 ], [ 627608.921506845275871, 6348133.195763322524726 ], [ 627614.127764526638202, 6348131.637591165490448 ], [ 627624.163276123115793, 6348128.634127426892519 ], [ 627634.198787719593383, 6348125.630627715028822 ], [ 627642.474175882991403, 6348123.153928224928677 ], [ 627644.234299315954559, 6348122.62715220078826 ], [ 627654.269810912432149, 6348119.623640712350607 ], [ 627664.30532250890974, 6348116.620176972821355 ], [ 627674.34083410538733, 6348113.616667884401977 ], [ 627676.026768144220114, 6348113.11209312826395 ], [ 627684.376345701864921, 6348110.613201746717095 ], [ 627694.411857298342511, 6348108.546821361407638 ], [ 627704.447368894820102, 6348107.447585852816701 ], [ 627714.482880491297692, 6348106.463893814943731 ], [ 627724.518392087775283, 6348105.523896025493741 ], [ 627734.553903684252873, 6348104.583928547799587 ], [ 627744.589415280614048, 6348103.643975554034114 ], [ 627750.714387294836342, 6348103.070258029736578 ], [ 627754.624926877091639, 6348102.703963280655444 ], [ 627764.660438473569229, 6348102.030061876401305 ], [ 627774.69595007004682, 6348101.604424690827727 ], [ 627784.73146166652441, 6348101.178726620972157 ], [ 627794.766973263002001, 6348100.753089435398579 ], [ 627804.802484859479591, 6348100.327391367405653 ], [ 627814.837996455957182, 6348099.831572617404163 ], [ 627824.873508052434772, 6348099.263955203816295 ], [ 627834.909019648912363, 6348098.682437999173999 ], [ 627844.944531245273538, 6348098.10094353929162 ], [ 627854.980042841751128, 6348097.519449078477919 ], [ 627865.015554438228719, 6348096.937931258231401 ], [ 627875.051066034706309, 6348096.356400154531002 ], [ 627885.0865776311839, 6348095.774905693717301 ], [ 627895.12208922766149, 6348095.193411233834922 ], [ 627905.157600824022666, 6348094.611907310783863 ], [ 627915.193112420616671, 6348093.570693125016987 ], [ 627916.134345213649794, 6348093.028422932140529 ], [ 627920.921609682380222, 6348082.986587835475802 ], [ 627922.744477663538419, 6348072.944752737879753 ], [ 627924.567345644696616, 6348062.902917640283704 ], [ 627925.228624017094262, 6348059.260060099884868 ], [ 627926.390222164569423, 6348052.861082541756332 ], [ 627928.213103545596823, 6348042.819247445091605 ], [ 627930.035984926740639, 6348032.777412347495556 ], [ 627931.858891339623369, 6348022.735577249899507 ], [ 627933.681759320781566, 6348012.693742154166102 ], [ 627935.264135613571852, 6348003.976730301976204 ], [ 627935.504627301823348, 6348002.651907055638731 ], [ 627937.327495282981545, 6347992.610071958974004 ], [ 627939.150363264139742, 6347982.568236860446632 ], [ 627940.973231245181523, 6347972.526401762850583 ], [ 627942.79609922633972, 6347962.484566665254533 ], [ 627944.616894411738031, 6347952.442731567658484 ], [ 627945.299647209933028, 6347948.63646231405437 ], [ 627946.417786160600372, 6347942.400896470062435 ], [ 627948.216323025291786, 6347932.359061373397708 ], [ 627950.01400209881831, 6347922.317226275801659 ], [ 627951.811655181110837, 6347912.275391178205609 ], [ 627951.827508730930276, 6347902.23355608060956 ], [ 627950.091350914211944, 6347892.191720983013511 ], [ 627948.355193097610027, 6347882.149885885417461 ], [ 627946.619035281008109, 6347872.108050787821412 ], [ 627945.299647209933028, 6347864.476787482388318 ], [ 627944.882881133002229, 6347862.066215691156685 ], [ 627945.299647209933028, 6347861.451515818946064 ], [ 627953.364078714163043, 6347852.024380592629313 ], [ 627955.335158806410618, 6347849.728098640218377 ], [ 627961.983704743441194, 6347841.982545495033264 ], [ 627965.370670402888209, 6347838.036731965839863 ], [ 627970.603366996045224, 6347831.940710398368537 ], [ 627975.406181999365799, 6347827.600810309872031 ], [ 627985.44169359584339, 6347826.311904581263661 ], [ 627995.47720519232098, 6347826.897395683452487 ], [ 628005.512716788798571, 6347827.608958119526505 ], [ 628011.291174600133672, 6347821.898875300772488 ], [ 628014.075629371101968, 6347811.857040203176439 ], [ 628015.548228385276161, 6347806.320682348683476 ], [ 628016.746626595966518, 6347801.815205105580389 ], [ 628019.417623820947483, 6347791.773370008915663 ], [ 628021.352724649012089, 6347781.731534911319613 ], [ 628023.129123064689338, 6347771.689699813723564 ], [ 628024.903642166522332, 6347761.647864716127515 ], [ 628025.583739981753752, 6347757.521599248051643 ], [ 628026.568366924417205, 6347751.606029618531466 ], [ 628029.096182736335322, 6347741.564194520935416 ], [ 628035.506959601887502, 6347731.522359423339367 ], [ 628035.619251578231342, 6347731.364454118534923 ], [ 628041.938765775528736, 6347721.48052432667464 ], [ 628045.654763174592517, 6347716.460470007732511 ], [ 628048.371145262615755, 6347711.438689228147268 ], [ 628053.872268755221739, 6347701.396854132413864 ], [ 628055.690274771070108, 6347699.066330380737782 ], [ 628061.285648383200169, 6347691.355019033886492 ], [ 628058.412058814195916, 6347681.313183937221766 ], [ 628057.053109543980099, 6347671.271348838694394 ], [ 628055.690274771070108, 6347661.727190953679383 ], [ 628055.612398267840035, 6347661.229513741098344 ], [ 628054.107185421627946, 6347651.187678644433618 ], [ 628052.718035050202161, 6347641.145843546837568 ], [ 628051.317512032343075, 6347631.104008449241519 ], [ 628049.883612654637545, 6347621.06217335164547 ], [ 628049.687419119873084, 6347611.02033825404942 ], [ 628048.748979335417971, 6347600.978503157384694 ], [ 628045.654763174592517, 6347596.482078088447452 ], [ 628041.819444622378796, 6347600.978503156453371 ], [ 628035.619251578231342, 6347603.618370329961181 ], [ 628027.527397716068663, 6347600.978503156453371 ], [ 628025.583739981753752, 6347600.344408876262605 ], [ 628015.548228385276161, 6347597.09996656421572 ], [ 628005.512716788798571, 6347594.797863129526377 ], [ 627995.47720519232098, 6347595.020174231380224 ], [ 627988.416586701758206, 6347600.978503156453371 ], [ 627985.44169359584339, 6347602.469209996052086 ], [ 627975.406181999365799, 6347601.844764542765915 ], [ 627965.370670402888209, 6347601.220292458310723 ], [ 627961.484838385949843, 6347600.978503156453371 ], [ 627955.335158806410618, 6347600.595849781297147 ], [ 627945.299647209933028, 6347600.278452433645725 ], [ 627935.264135613571852, 6347598.368851605802774 ], [ 627925.228624017094262, 6347594.398685784079134 ], [ 627924.307535995729268, 6347590.936668058857322 ], [ 627925.228624017094262, 6347587.955748623237014 ], [ 627927.674868554342538, 6347580.894832963123918 ], [ 627928.555053891264834, 6347570.852997864596546 ], [ 627929.906218162272125, 6347560.811162766069174 ], [ 627931.636641654884443, 6347550.769327669404447 ], [ 627933.367065147263929, 6347540.727492571808398 ], [ 627935.097488639759831, 6347530.685657474212348 ], [ 627935.264135613571852, 6347529.856479938142002 ], [ 627941.788195982459001, 6347520.643822376616299 ], [ 627945.299647209933028, 6347519.056909211911261 ], [ 627955.335158806410618, 6347517.569391541182995 ], [ 627965.370670402888209, 6347516.081885029561818 ], [ 627975.406181999365799, 6347514.59437851794064 ], [ 627985.44169359584339, 6347511.918105479329824 ], [ 627995.477205192437395, 6347511.476606213487685 ], [ 628005.512716788798571, 6347512.423773000948131 ], [ 628015.548228385276161, 6347513.370939786545932 ], [ 628025.583739981753752, 6347514.318106573075056 ], [ 628035.619251578347757, 6347515.265273360535502 ], [ 628045.654763174592517, 6347516.212440147064626 ], [ 628055.690274771070108, 6347517.059273770079017 ], [ 628065.725786367547698, 6347516.371814296580851 ], [ 628075.761297964025289, 6347516.854465916752815 ], [ 628085.796809560502879, 6347518.169307997450233 ], [ 628095.83232115698047, 6347519.484140955843031 ], [ 628103.468801372917369, 6347520.643822376616299 ], [ 628105.86783275345806, 6347522.324127131141722 ], [ 628115.174410800915211, 6347530.685657474212348 ], [ 628115.903344349819236, 6347531.340575997717679 ], [ 628125.938855946413241, 6347540.357097014784813 ], [ 628126.352767948061228, 6347540.727492571808398 ], [ 628135.974367542890832, 6347548.730173986405134 ], [ 628139.556630474282429, 6347550.769327669404447 ], [ 628146.009879139252007, 6347554.442750316113234 ], [ 628156.045390735729598, 6347560.15532664489001 ], [ 628157.197524314979091, 6347560.811162767000496 ], [ 628166.080902332207188, 6347565.867902973666787 ], [ 628174.838418155675754, 6347570.852997864596546 ], [ 628176.116413928801194, 6347571.580479302443564 ], [ 628186.151925525162369, 6347577.293055631220341 ], [ 628192.479311996488832, 6347580.894832963123918 ], [ 628196.18743712163996, 6347583.005631959065795 ], [ 628206.22294871811755, 6347589.176818731240928 ], [ 628209.577019598335028, 6347590.936668058857322 ], [ 628216.258460314711556, 6347591.943418383598328 ], [ 628226.293971911072731, 6347592.707156642340124 ], [ 628236.329483507550322, 6347592.072817953303456 ], [ 628246.364995103911497, 6347591.4384771194309 ], [ 628254.303804003400728, 6347590.936668058857322 ], [ 628256.400506700389087, 6347590.745510589331388 ], [ 628266.436018296866678, 6347587.492110441438854 ], [ 628276.471529893344268, 6347583.403017727658153 ], [ 628282.189381109899841, 6347580.894832962192595 ], [ 628286.507041489821859, 6347577.120480022393167 ], [ 628296.542553086299449, 6347572.24468244984746 ], [ 628301.31047957832925, 6347570.852997864596546 ], [ 628306.57806468277704, 6347562.876042723655701 ], [ 628307.932970331050456, 6347560.811162767000496 ], [ 628314.009549564681947, 6347550.769327668473125 ], [ 628316.61357627925463, 6347546.458157556131482 ], [ 628320.063346385490149, 6347540.727492570877075 ], [ 628326.090633661602624, 6347530.685657474212348 ], [ 628326.649087875732221, 6347529.755227682180703 ], [ 628333.023303993977606, 6347520.643822376616299 ], [ 628336.684599472209811, 6347515.587209563702345 ], [ 628340.363981027854607, 6347510.601987279951572 ], [ 628346.720111068570986, 6347501.99001794680953 ], [ 628347.692737433477305, 6347500.560152182355523 ], [ 628354.855840944452211, 6347490.518317084759474 ], [ 628356.755622665048577, 6347488.150600139051676 ], [ 628363.406000866787508, 6347480.476481987163424 ], [ 628366.791134261526167, 6347476.465343926101923 ], [ 628371.880640935269184, 6347470.434646889567375 ], [ 628376.826645858003758, 6347464.573989041149616 ], [ 628380.355281003634445, 6347460.392811791971326 ], [ 628386.862157454481348, 6347452.682558776810765 ], [ 628388.678030710900202, 6347450.350976694375277 ], [ 628395.690679416060448, 6347440.309141596779227 ], [ 628396.897669050958939, 6347438.505441483110189 ], [ 628402.41041668865364, 6347430.267306500114501 ], [ 628406.933180647436529, 6347423.508582457900047 ], [ 628409.130153961246833, 6347420.225471402518451 ], [ 628415.849891233956441, 6347410.183636304922402 ], [ 628416.96869224391412, 6347408.51174177788198 ], [ 628422.635109602706507, 6347400.141801207326353 ], [ 628427.00420384039171, 6347393.513001659885049 ], [ 628429.200188832124695, 6347390.099966109730303 ], [ 628435.202740534674376, 6347380.058131012134254 ], [ 628437.039715436869301, 6347376.901100850664079 ], [ 628441.045763281406835, 6347370.016295913606882 ], [ 628446.888859778642654, 6347359.974460817873478 ], [ 628447.075227033230476, 6347359.654169537127018 ], [ 628452.798803540645167, 6347349.932625720277429 ], [ 628457.110738629708067, 6347343.370968393050134 ], [ 628459.49700197589118, 6347339.890790621750057 ], [ 628466.382415481377393, 6347329.84895552508533 ], [ 628467.146250226185657, 6347328.734962509945035 ], [ 628473.26782898674719, 6347319.807120427489281 ], [ 628477.181761822663248, 6347314.098956626839936 ], [ 628479.967899192939512, 6347309.765285329893231 ], [ 628486.321400360204279, 6347299.723450232297182 ], [ 628487.217273419140838, 6347298.303594447672367 ], [ 628492.657402667100541, 6347289.681615135632455 ], [ 628497.252785015618429, 6347282.398462522774935 ], [ 628499.036179521935992, 6347279.639780038036406 ], [ 628505.882908178493381, 6347269.597944940440357 ], [ 628507.288296612096019, 6347267.610049705952406 ], [ 628512.982258987263776, 6347259.556109842844307 ], [ 628517.32380820857361, 6347253.415118027478456 ], [ 628520.081599432625808, 6347249.514274745248258 ], [ 628527.180905241402797, 6347239.472439647652209 ], [ 628527.3593198050512, 6347239.220077571459115 ], [ 628534.280266819754615, 6347229.430604550056159 ], [ 628537.394831401528791, 6347225.025098171085119 ], [ 628541.257596848183312, 6347219.388769453391433 ], [ 628544.421554046566598, 6347209.346934355795383 ], [ 628546.166287753847428, 6347199.305099258199334 ], [ 628547.430342997889966, 6347192.023444530554116 ], [ 628547.90915042499546, 6347189.263264160603285 ], [ 628549.649432769510895, 6347179.221429063007236 ], [ 628551.390551877324469, 6347169.179593965411186 ], [ 628553.132618130650371, 6347159.137758867815137 ], [ 628554.87481600465253, 6347149.09592377115041 ], [ 628556.616087608854286, 6347139.054088673554361 ], [ 628557.465854594367556, 6347134.153692088089883 ], [ 628558.357106532086618, 6347129.012253575958312 ], [ 628560.098433570470661, 6347118.970418478362262 ], [ 628561.840003053075634, 6347108.928583380766213 ], [ 628563.581303496961482, 6347098.886748283170164 ], [ 628565.322585976333357, 6347088.844913185574114 ], [ 628567.063914917758666, 6347078.803078088909388 ], [ 628567.501366190845147, 6347076.280306179076433 ], [ 628568.805168899474666, 6347068.761242991313338 ], [ 628570.546501420554705, 6347058.719407893717289 ], [ 628572.287751822732389, 6347048.67757279612124 ], [ 628574.029084343812428, 6347038.63573769852519 ], [ 628575.770334745873697, 6347028.593902600929141 ], [ 628577.240720044355839, 6347018.552067503333092 ], [ 628573.403784690308385, 6347008.510232406668365 ], [ 628569.566760719404556, 6346998.468397309072316 ], [ 628567.501366190845147, 6346993.062950160354376 ], [ 628565.729825365357101, 6346988.426562211476266 ], [ 628561.892840486136265, 6346978.384727113880217 ], [ 628558.055866040289402, 6346968.342892016284168 ], [ 628557.465854594367556, 6346966.798743600957096 ], [ 628554.218930686241947, 6346958.301056918688118 ], [ 628550.381906715338118, 6346948.259221820160747 ], [ 628547.430342997889966, 6346940.534537041559815 ], [ 628546.560313613386825, 6346938.21738672349602 ], [ 628542.902433140319772, 6346928.175551626831293 ], [ 628539.417794896056876, 6346918.133716529235244 ], [ 628537.394831401528791, 6346912.077122972346842 ], [ 628536.07747398049105, 6346908.091881431639194 ], [ 628527.3593198050512, 6346905.140326535329223 ], [ 628517.32380820857361, 6346901.130917788483202 ], [ 628510.735152577632107, 6346898.050046334043145 ], [ 628507.288296612212434, 6346896.700635517016053 ], [ 628497.252785015618429, 6346892.771804146468639 ], [ 628487.217273419140838, 6346888.84299616701901 ], [ 628485.084956109640189, 6346888.008211236447096 ], [ 628477.181761822663248, 6346884.914166918024421 ], [ 628467.146250226185657, 6346880.985353388823569 ], [ 628459.434782024938613, 6346877.966376138851047 ], [ 628457.110738629708067, 6346877.056529689580202 ], [ 628447.075227033230476, 6346871.630952321924269 ], [ 628442.063639720901847, 6346867.924541041254997 ], [ 628437.039715436869301, 6346864.209016581997275 ], [ 628428.485632159980014, 6346857.882705944590271 ], [ 628427.00420384039171, 6346856.787091670557857 ], [ 628416.96869224391412, 6346849.365166759118438 ], [ 628414.907624598941766, 6346847.840870846994221 ], [ 628406.933180647436529, 6346841.943241846747696 ], [ 628401.329617037903517, 6346837.799035748466849 ], [ 628396.897669050958939, 6346834.521307358518243 ], [ 628387.751649145735428, 6346827.757200651802123 ], [ 628386.862157454597764, 6346827.099362685345113 ], [ 628376.826645858003758, 6346819.677437772974372 ], [ 628374.173641584813595, 6346817.715365554206073 ], [ 628366.791134261526167, 6346809.693690506741405 ], [ 628364.926131555228494, 6346807.673530455678701 ], [ 628359.039076000684872, 6346797.631695358082652 ], [ 628356.755622665048577, 6346787.750178336165845 ], [ 628356.715697270701639, 6346787.589860262349248 ], [ 628355.602889476343989, 6346777.548025164753199 ], [ 628354.490124566131271, 6346767.506190067157149 ], [ 628353.377316771657206, 6346757.4643549695611 ], [ 628352.264551861560903, 6346747.422519871965051 ], [ 628352.175263446522877, 6346737.380684774369001 ], [ 628353.728741292143241, 6346727.338849676772952 ], [ 628354.525461711455137, 6346717.297014580108225 ], [ 628355.56714344676584, 6346707.255179481580853 ], [ 628356.755622665048577, 6346701.395881025120616 ], [ 628357.603990311035886, 6346697.213344383984804 ], [ 628359.640805910341442, 6346687.171509287320077 ], [ 628361.949241584865376, 6346677.129674189724028 ], [ 628364.948073580046184, 6346667.087839093059301 ], [ 628366.791134261526167, 6346660.916160978376865 ], [ 628367.946882923133671, 6346657.046003994531929 ], [ 628370.94570051273331, 6346647.004168897867203 ], [ 628373.944513979135081, 6346636.962333800271153 ], [ 628376.826645858003758, 6346627.311218990944326 ], [ 628376.943327445420437, 6346626.920498702675104 ], [ 628379.942140911938623, 6346616.878663605079055 ], [ 628386.862157454481348, 6346607.528463056311011 ], [ 628387.610614450881258, 6346606.836828507483006 ], [ 628396.897669050958939, 6346597.187648634426296 ], [ 628397.203391166171059, 6346596.794993409886956 ], [ 628406.933180647436529, 6346592.431301113218069 ], [ 628416.96869224391412, 6346590.77353523671627 ], [ 628427.00420384039171, 6346587.06316049862653 ], [ 628427.698899544309825, 6346586.753158312290907 ], [ 628437.039715436869301, 6346582.584896825253963 ], [ 628447.075227033114061, 6346578.694103226065636 ], [ 628451.937491291086189, 6346576.71132321562618 ], [ 628457.110738629708067, 6346574.916125440970063 ], [ 628467.146250226185657, 6346576.684490118175745 ], [ 628468.853481374797411, 6346576.71132321562618 ], [ 628477.181761822663248, 6346576.923314510844648 ], [ 628477.316206476651132, 6346576.71132321562618 ], [ 628483.362592663266696, 6346566.669488118030131 ], [ 628487.125299797276966, 6346556.627653020434082 ], [ 628486.686959211830981, 6346546.585817922838032 ], [ 628486.248618626384996, 6346536.543982825241983 ], [ 628485.810194276156835, 6346526.502147728577256 ], [ 628485.259126829914749, 6346516.460312629118562 ], [ 628484.709147916990332, 6346506.418477533385158 ], [ 628484.172683350043371, 6346496.376642435789108 ], [ 628483.600765200797468, 6346486.334807338193059 ], [ 628483.028847051551566, 6346476.29297224059701 ], [ 628482.456928902305663, 6346466.25113714300096 ], [ 628481.88501075305976, 6346456.209302045404911 ], [ 628481.313125616172329, 6346446.167466947808862 ], [ 628480.741202896810137, 6346436.125631850212812 ], [ 628480.16928017756436, 6346426.083796753548086 ], [ 628479.597357458318584, 6346416.041961656883359 ], [ 628479.025434738956392, 6346406.000126558355987 ], [ 628478.453512019710615, 6346395.958291460759938 ], [ 628477.881589300464839, 6346385.916456364095211 ], [ 628477.309666581102647, 6346375.874621265567839 ], [ 628477.181761822663248, 6346374.962403074838221 ], [ 628474.738507264526561, 6346365.832786168903112 ], [ 628467.146250226302072, 6346362.487598376348615 ], [ 628457.110738629708067, 6346358.065884688869119 ], [ 628451.947580561856739, 6346355.790951071307063 ], [ 628447.075227033230476, 6346353.644148534163833 ], [ 628437.039715436869301, 6346349.635663902387023 ], [ 628427.00420384039171, 6346346.981624357402325 ], [ 628422.34381654614117, 6346345.749115973711014 ], [ 628416.968692243797705, 6346344.327584812417626 ], [ 628406.933180647436529, 6346341.673545267432928 ], [ 628396.897669050958939, 6346339.01950572244823 ], [ 628386.862157454481348, 6346336.365470539778471 ], [ 628384.373412992223166, 6346335.707280876114964 ], [ 628376.826645858003758, 6346333.711426631547511 ], [ 628366.791134261526167, 6346331.057422825135291 ], [ 628356.755622665048577, 6346328.26294894516468 ], [ 628347.397153200232424, 6346325.665445778518915 ], [ 628346.720111068570986, 6346325.472780518233776 ], [ 628336.684599472209811, 6346322.532641585916281 ], [ 628326.649087875732221, 6346320.19824081286788 ], [ 628319.493933593388647, 6346315.623610680922866 ], [ 628319.463323709089309, 6346305.581775583326817 ], [ 628316.61357627925463, 6346298.95920792222023 ], [ 628315.224774322472513, 6346295.539940485730767 ], [ 628311.155067279236391, 6346285.498105389066041 ], [ 628307.283615663996898, 6346275.456270291469991 ], [ 628306.57806468277704, 6346273.626200512051582 ], [ 628303.412164048640989, 6346265.414435193873942 ], [ 628299.540766473626718, 6346255.372600096277893 ], [ 628296.542553086299449, 6346247.595784727483988 ], [ 628295.669314858270809, 6346245.330764997750521 ], [ 628291.797863243031316, 6346235.288929901085794 ], [ 628286.703446791623719, 6346225.247094803489745 ], [ 628286.507041489821859, 6346224.954019448719919 ], [ 628279.973881761543453, 6346215.205259706825018 ], [ 628276.471529893344268, 6346209.979105954989791 ], [ 628273.244277997408062, 6346205.163424609228969 ], [ 628266.514694159035571, 6346195.121589511632919 ], [ 628266.436018296866678, 6346194.988033074885607 ], [ 628264.076791630010121, 6346185.07975441403687 ], [ 628263.006899840896949, 6346175.037919316440821 ], [ 628261.937008051667362, 6346164.996084218844771 ], [ 628260.867116262437776, 6346154.954249121248722 ], [ 628259.797224473208189, 6346144.912414023652673 ], [ 628257.524245033273473, 6346134.870578926056623 ], [ 628258.982506257947534, 6346124.828743829391897 ], [ 628263.215688419644721, 6346114.786908731795847 ], [ 628266.436018296866678, 6346107.147733200341463 ], [ 628268.649013420450501, 6346104.745073634199798 ], [ 628276.471529893344268, 6346100.90880841948092 ], [ 628286.507041489938274, 6346096.884817315265536 ], [ 628288.832069482305087, 6346094.703238535672426 ], [ 628295.381772977882065, 6346084.661403439007699 ], [ 628296.542553086299449, 6346082.881725559011102 ], [ 628304.597270061960444, 6346074.619568342342973 ], [ 628306.57806468277704, 6346072.751170879229903 ], [ 628316.61357627925463, 6346074.514744649641216 ], [ 628317.187695512431674, 6346074.619568342342973 ], [ 628326.649087875732221, 6346076.447206254117191 ], [ 628328.508309937664308, 6346074.619568342342973 ], [ 628331.719293268863112, 6346064.577733244746923 ], [ 628335.30957816389855, 6346054.535898147150874 ], [ 628336.684599472209811, 6346050.848675699904561 ], [ 628339.687682090443559, 6346044.494063049554825 ], [ 628344.433266373584047, 6346034.452227951958776 ], [ 628346.720111068570986, 6346029.594169814139605 ], [ 628349.152900110115297, 6346024.410392854362726 ], [ 628346.720111068570986, 6346020.601671490818262 ], [ 628344.21330520673655, 6346014.368557756766677 ], [ 628336.684599472209811, 6346005.534202918410301 ], [ 628335.341432657558471, 6346004.32672266010195 ], [ 628326.649087875732221, 6345995.821082058362663 ], [ 628317.829458994208835, 6345994.284887563437223 ], [ 628316.61357627925463, 6345994.073106277734041 ], [ 628306.57806468277704, 6345992.022037718445063 ], [ 628296.542553086299449, 6345989.963040394708514 ], [ 628286.507041489821859, 6345990.480478409677744 ], [ 628281.366296414518729, 6345994.284887562505901 ], [ 628276.471529893344268, 6345997.907287841662765 ], [ 628267.797271883231588, 6346004.32672266010195 ], [ 628266.436018296866678, 6346005.334126250818372 ], [ 628256.400506700505503, 6346012.760900419205427 ], [ 628253.868074373342097, 6346014.368557757697999 ], [ 628246.364995103911497, 6346016.652526759542525 ], [ 628236.329483507550322, 6346018.304833005182445 ], [ 628226.293971911072731, 6346019.957102575339377 ], [ 628216.258460314478725, 6346021.609372146427631 ], [ 628206.222948718001135, 6346023.204232838004827 ], [ 628196.18743712163996, 6346024.287676503881812 ], [ 628194.992458697059192, 6346024.410392854362726 ], [ 628186.151925525162369, 6346025.40519189927727 ], [ 628176.116413928684779, 6346027.216616676189005 ], [ 628166.080902332207188, 6346029.047893907874823 ], [ 628156.045390735729598, 6346028.99073946941644 ], [ 628146.009879139252007, 6346025.072934604249895 ], [ 628144.312755402526818, 6346024.410392854362726 ], [ 628135.974367542890832, 6346021.15515133086592 ], [ 628125.938855946413241, 6346017.237356822937727 ], [ 628122.541970403399318, 6346014.368557756766677 ], [ 628119.763089780695736, 6346004.326722659170628 ], [ 628117.301774114952423, 6345994.284887562505901 ], [ 628115.903344349935651, 6345988.529357584193349 ], [ 628114.861890605534427, 6345984.243052464909852 ], [ 628112.421978458063677, 6345974.201217367313802 ], [ 628109.982098698965274, 6345964.15938226878643 ], [ 628107.631215831614099, 6345954.117547172121704 ], [ 628105.86783275345806, 6345947.226260865107179 ], [ 628105.102339180884883, 6345944.075712074525654 ], [ 628105.520389527315274, 6345934.033876976929605 ], [ 628105.86783275345806, 6345930.831036720424891 ], [ 628106.776311570312828, 6345923.992041880264878 ], [ 628105.86783275345806, 6345921.856670971959829 ], [ 628098.745256526628509, 6345913.950206782668829 ], [ 628095.83232115698047, 6345911.69215133599937 ], [ 628085.796809560502879, 6345903.953397252596915 ], [ 628085.738420837908052, 6345903.90837168507278 ], [ 628075.761297964025289, 6345896.214666339568794 ], [ 628072.716265953378752, 6345893.86653658747673 ], [ 628065.725786367547698, 6345888.47593542560935 ], [ 628059.694111068965867, 6345883.824701489880681 ], [ 628055.690274771070108, 6345880.737204510718584 ], [ 628046.671956184552982, 6345873.782866392284632 ], [ 628045.654763174476102, 6345872.99847359675914 ], [ 628035.619251578231342, 6345865.259727100841701 ], [ 628032.287567510269582, 6345863.741031294688582 ], [ 628025.583739981753752, 6345861.76306174416095 ], [ 628015.548228385276161, 6345859.342534927651286 ], [ 628005.512716788798571, 6345856.945367055013776 ], [ 627995.47720519232098, 6345854.555710758082569 ], [ 627991.913417209405452, 6345853.699196198023856 ], [ 627985.44169359584339, 6345852.147233908995986 ], [ 627975.406181999365799, 6345849.680583251640201 ], [ 627965.370670402888209, 6345847.205916345119476 ], [ 627955.335158806410618, 6345844.731249436736107 ], [ 627950.980221652658656, 6345843.657361100427806 ], [ 627945.299647209933028, 6345842.256573300808668 ], [ 627935.264135613571852, 6345839.781890090554953 ], [ 627925.228624017094262, 6345837.307206878438592 ], [ 627915.193112420616671, 6345834.887988363392651 ], [ 627908.713351046550088, 6345833.61552600376308 ], [ 627905.157600824139081, 6345832.958366673439741 ], [ 627895.12208922766149, 6345831.103706009685993 ], [ 627885.086577631067485, 6345829.248983472585678 ], [ 627875.051066034706309, 6345827.39432280883193 ], [ 627865.015554438228719, 6345825.539662145078182 ], [ 627854.980042841751128, 6345823.684939607977867 ], [ 627854.378079543937929, 6345823.573690905235708 ], [ 627844.944531245273538, 6345821.830278945155442 ], [ 627834.909019648912363, 6345820.007378249429166 ], [ 627824.873508052434772, 6345818.236166417598724 ], [ 627814.837996455957182, 6345815.505434237420559 ], [ 627810.615922062774189, 6345813.531855807639658 ], [ 627804.802484859479591, 6345810.814406231977046 ], [ 627794.766973263002001, 6345806.123378227464855 ], [ 627789.133434116374701, 6345803.490020710043609 ], [ 627784.73146166652441, 6345801.304659066721797 ], [ 627774.69595007004682, 6345796.429639959707856 ], [ 627768.407075681607239, 6345793.44818561244756 ], [ 627764.660438473569229, 6345790.880446582101285 ], [ 627754.624926877091639, 6345784.002664890140295 ], [ 627753.754829204524867, 6345783.406350515782833 ], [ 627744.589415280614048, 6345777.124970415607095 ], [ 627739.102463356568478, 6345773.364515418186784 ], [ 627734.553903684252873, 6345769.835267378017306 ], [ 627727.494746921234764, 6345763.322680320590734 ], [ 627724.518392087775283, 6345760.524794938974082 ], [ 627716.86424557887949, 6345753.280845222994685 ], [ 627714.482880491297692, 6345751.041384964250028 ], [ 627706.241679879371077, 6345743.239010125398636 ], [ 627704.447368894820102, 6345741.550922123715281 ], [ 627695.626941125374287, 6345733.197175027802587 ], [ 627694.411857298342511, 6345732.053569821640849 ], [ 627684.993545317440294, 6345723.155339930206537 ], [ 627684.376345701864921, 6345722.574322448112071 ], [ 627674.34083410538733, 6345713.127531027421355 ], [ 627674.326007730094716, 6345713.113504833541811 ], [ 627664.30532250890974, 6345703.694029556587338 ], [ 627663.647699434310198, 6345703.071669735945761 ], [ 627654.269810912432149, 6345694.252925953827798 ], [ 627652.977888219757006, 6345693.029834638349712 ], [ 627644.234299315954559, 6345684.804158899001777 ], [ 627642.316619635326788, 6345682.987999540753663 ], [ 627634.198787719593383, 6345675.274879762902856 ], [ 627631.73395884456113, 6345672.946164443157613 ], [ 627624.163276123115793, 6345668.342360759153962 ], [ 627617.266296658082865, 6345672.946164444088936 ], [ 627614.127764526638202, 6345674.052135597914457 ], [ 627604.092252930160612, 6345680.518273992463946 ], [ 627600.604381326818839, 6345682.987999540753663 ], [ 627594.056741333683021, 6345687.48166685923934 ], [ 627585.972608116688207, 6345693.029834639281034 ], [ 627584.021229737205431, 6345694.369072174653411 ], [ 627573.98571814072784, 6345701.256477489136159 ], [ 627571.340834906557575, 6345703.071669735945761 ], [ 627563.95020654425025, 6345708.143882803618908 ], [ 627556.709061696543358, 6345713.113504834473133 ], [ 627553.914694947772659, 6345715.031288118101656 ], [ 627543.879183351295069, 6345721.918696689419448 ], [ 627542.07729540579021, 6345723.155339930206537 ], [ 627533.843671754933894, 6345728.806110312230885 ], [ 627527.445539845502935, 6345733.197175027802587 ], [ 627523.808160158456303, 6345735.693523935042322 ], [ 627513.772648561978713, 6345742.580911109223962 ], [ 627512.813745748484507, 6345743.239010125398636 ], [ 627503.737136965501122, 6345749.468324732035398 ], [ 627498.181990188080817, 6345753.280845222994685 ], [ 627493.701625369023532, 6345756.355738354846835 ], [ 627483.666113772545941, 6345763.243151769042015 ], [ 627483.550234182737768, 6345763.322680320590734 ], [ 627473.630602176068351, 6345770.130557084456086 ], [ 627468.918460972723551, 6345773.364515418186784 ], [ 627463.59509057959076, 6345777.017962398007512 ], [ 627454.286687762592919, 6345783.406350515782833 ], [ 627453.55957898311317, 6345783.905367713421583 ], [ 627443.524067386751994, 6345792.339601768180728 ], [ 627442.542668355279602, 6345793.44818561244756 ], [ 627440.778777935658582, 6345803.490020710043609 ], [ 627435.716592781827785, 6345813.531855807639658 ], [ 627433.488555790274404, 6345817.951603284105659 ], [ 627430.654407627996989, 6345823.573690905235708 ], [ 627425.592216278077103, 6345833.615526001900434 ], [ 627423.453044193796813, 6345837.859004832804203 ], [ 627420.530037320102565, 6345843.657361099496484 ], [ 627416.112058228463866, 6345853.699196198023856 ], [ 627415.116383063024841, 6345863.741031294688582 ], [ 627414.120700617320836, 6345873.782866392284632 ], [ 627414.235395703231916, 6345883.824701489880681 ], [ 627414.435736734536476, 6345893.86653658747673 ], [ 627414.636074590845965, 6345903.90837168507278 ], [ 627414.836392649682239, 6345913.950206782668829 ], [ 627415.036733681103215, 6345923.992041880264878 ], [ 627413.417532597319223, 6345927.166190754622221 ], [ 627405.286675184266642, 6345934.033876976929605 ], [ 627406.039660105481744, 6345944.075712073594332 ], [ 627410.418267579050735, 6345954.117547172121704 ], [ 627413.417532597319223, 6345960.995974375866354 ], [ 627414.796897743362933, 6345964.159382269717753 ], [ 627419.175500381621532, 6345974.201217367313802 ], [ 627423.453044193796813, 6345984.011297048069537 ], [ 627423.554097801912576, 6345984.243052464909852 ], [ 627427.932716238661669, 6345994.284887562505901 ], [ 627432.311330604483373, 6346004.32672266010195 ], [ 627433.488555790274404, 6346008.149594879709184 ], [ 627435.145246701780707, 6346014.368557756766677 ], [ 627439.625595794175752, 6346024.410392854362726 ], [ 627443.524067386635579, 6346030.368878055363894 ], [ 627445.249062323826365, 6346034.452227951958776 ], [ 627449.491195656359196, 6346044.494063049554825 ], [ 627453.55957898311317, 6346054.124660690315068 ], [ 627453.733304011984728, 6346054.535898147150874 ], [ 627457.975436904467642, 6346064.577733244746923 ], [ 627462.217570237000473, 6346074.619568342342973 ], [ 627463.59509057959076, 6346081.478780591860414 ], [ 627464.160068057943135, 6346084.661403439007699 ], [ 627464.964076943695545, 6346094.703238536603749 ], [ 627465.791611180873588, 6346104.745073635131121 ], [ 627465.575901591335423, 6346114.786908731795847 ], [ 627463.59509057959076, 6346122.187900925986469 ], [ 627462.653371389606036, 6346124.828743829391897 ], [ 627455.579382022493519, 6346134.870578927919269 ], [ 627453.55957898311317, 6346135.81477259658277 ], [ 627443.524067386635579, 6346137.059754563495517 ], [ 627433.488555790274404, 6346136.266151183284819 ], [ 627423.453044193796813, 6346135.472545808181167 ], [ 627413.417532597319223, 6346136.680313458666205 ], [ 627403.382021000841632, 6346141.904619805514812 ], [ 627396.934338618302718, 6346144.912414024583995 ], [ 627393.346509404364042, 6346146.768592607229948 ], [ 627383.310997807886451, 6346147.645817347802222 ], [ 627373.275486211408861, 6346148.297188923694193 ], [ 627363.23997461493127, 6346147.327877619303763 ], [ 627353.204463018570095, 6346146.457394507713616 ], [ 627343.168951421976089, 6346145.977748764678836 ], [ 627333.133439825614914, 6346145.582390978932381 ], [ 627323.097928229020908, 6346145.195421166718006 ], [ 627315.758429339621216, 6346144.912414024583995 ], [ 627313.062416632659733, 6346144.808457285165787 ], [ 627303.026905036182143, 6346144.421493580564857 ], [ 627292.991393439704552, 6346140.901369925588369 ], [ 627282.955881843226962, 6346143.551910403184593 ], [ 627278.600923418183811, 6346144.912414024583995 ], [ 627272.920370246749371, 6346146.495751523412764 ], [ 627262.884858650271781, 6346149.790008684620261 ], [ 627252.849347053677775, 6346154.168645929545164 ], [ 627251.579052606830373, 6346154.954249121248722 ], [ 627242.8138354573166, 6346159.094837496057153 ], [ 627232.778323860955425, 6346163.366256470791996 ], [ 627230.321467213798314, 6346164.996084218844771 ], [ 627222.742812264477834, 6346168.756557359360158 ], [ 627213.015409526880831, 6346175.037919316440821 ], [ 627212.707300668000244, 6346175.292815145105124 ], [ 627202.671789071522653, 6346182.016167964786291 ], [ 627199.196364607429132, 6346185.07975441403687 ], [ 627192.636277475045063, 6346189.82595294341445 ], [ 627185.758375814184546, 6346195.121589511632919 ], [ 627182.600765878567472, 6346197.85517620947212 ], [ 627172.565254282206297, 6346205.00410823430866 ], [ 627172.327630768879317, 6346205.163424609228969 ], [ 627162.529742685612291, 6346209.610157491639256 ], [ 627155.572217277018353, 6346215.205259706825018 ], [ 627152.494231089134701, 6346217.038627894595265 ], [ 627142.908439338207245, 6346225.247094803489745 ], [ 627142.45871949265711, 6346225.552607384510338 ], [ 627138.939625294413418, 6346225.247094803489745 ], [ 627135.385708305984735, 6346215.205259706825018 ], [ 627132.423207896295935, 6346212.263662152923644 ], [ 627123.649457684950903, 6346205.163424610160291 ], [ 627122.387696299818344, 6346203.978791113011539 ], [ 627112.738519805599935, 6346195.121589511632919 ], [ 627112.352184703340754, 6346194.646874302066863 ], [ 627104.566223431611434, 6346185.07975441403687 ], [ 627102.316673106863163, 6346183.831688477657735 ], [ 627092.281161510385573, 6346178.834477483294904 ], [ 627083.339665200212039, 6346175.037919316440821 ], [ 627082.245649913907982, 6346174.584361311979592 ], [ 627072.210138317430392, 6346170.423774029128253 ], [ 627062.174626720836386, 6346166.263241115957499 ], [ 627059.118190966080874, 6346164.996084218844771 ], [ 627052.139115124475211, 6346162.102653832174838 ], [ 627042.10360352799762, 6346157.942120919004083 ], [ 627034.896731028682552, 6346154.954249121248722 ], [ 627032.068091931636445, 6346153.781533635221422 ], [ 627022.032580335158855, 6346151.467684380710125 ], [ 627011.997068738681264, 6346149.552408960647881 ], [ 627001.961557142203674, 6346147.637080887332559 ], [ 626991.926045545726083, 6346145.721805468201637 ], [ 626987.685059036826715, 6346144.912414024583995 ], [ 626981.890533949248493, 6346143.806530049070716 ], [ 626971.855022352770902, 6346141.722643153741956 ], [ 626961.819510756293312, 6346138.950386957265437 ], [ 626951.783999159815721, 6346135.687288410961628 ], [ 626949.272246177424677, 6346134.870578926987946 ], [ 626941.748487563338131, 6346132.424189865589142 ], [ 626931.712975966976956, 6346129.161091320216656 ], [ 626921.67746437038295, 6346125.897997404448688 ], [ 626918.388993910513818, 6346124.828743829391897 ], [ 626911.641952774021775, 6346122.634928210638463 ], [ 626901.606441177544184, 6346118.993757507763803 ], [ 626891.666016995673999, 6346114.786908730864525 ], [ 626891.570929581066594, 6346114.746666980907321 ], [ 626881.535417984472588, 6346110.499558536335826 ], [ 626871.499906388111413, 6346106.25249285902828 ], [ 626869.069626988726668, 6346104.745073633268476 ], [ 626861.464394791633822, 6346097.939943119883537 ], [ 626858.472349989227951, 6346094.703238536603749 ], [ 626851.428883195156232, 6346087.083873620256782 ], [ 626849.189511742675677, 6346084.661403438076377 ], [ 626841.393371598678641, 6346076.227772193960845 ], [ 626831.881716309813783, 6346084.661403439939022 ], [ 626831.357860002317466, 6346085.530506074428558 ], [ 626825.891929997946136, 6346094.703238536603749 ], [ 626821.322348405839875, 6346102.409220922738314 ], [ 626819.931573912268505, 6346104.745073634199798 ], [ 626813.94682868279051, 6346114.786908731795847 ], [ 626811.286836809362285, 6346119.264253144152462 ], [ 626807.973758770967834, 6346124.828743829391897 ], [ 626802.300301954033785, 6346134.870578926056623 ], [ 626801.251325212884694, 6346136.938796536996961 ], [ 626797.23947192193009, 6346144.912414025515318 ], [ 626792.106920927762985, 6346154.954249121248722 ], [ 626791.215813616407104, 6346156.697723106481135 ], [ 626786.974408500944264, 6346164.996084218844771 ], [ 626781.180302019929513, 6346172.510480422526598 ], [ 626779.111827536602505, 6346175.037919316440821 ], [ 626771.144790423451923, 6346180.416566081345081 ], [ 626764.237563819275238, 6346185.07975441403687 ], [ 626761.109278826974332, 6346187.191703734919429 ], [ 626751.073767230496742, 6346193.966813657432795 ], [ 626749.363285488099791, 6346195.121589511632919 ], [ 626741.038255634019151, 6346200.829709965735674 ], [ 626734.570318093639798, 6346205.163424609228969 ], [ 626731.002744037657976, 6346208.470129360444844 ], [ 626721.635418532416224, 6346215.205259706825018 ], [ 626720.967232441180386, 6346215.972799452953041 ], [ 626714.233885904424824, 6346225.247094803489745 ], [ 626710.931720844702795, 6346231.631197988986969 ], [ 626709.086269558290951, 6346235.288929900154471 ], [ 626704.455645015113987, 6346245.330764998681843 ], [ 626700.896209248225205, 6346253.552440299652517 ], [ 626699.951282203546725, 6346255.372600096277893 ], [ 626694.692853896296583, 6346265.414435193873942 ], [ 626690.860697651747614, 6346273.911958577111363 ], [ 626690.091727744438685, 6346275.456270291469991 ], [ 626684.969150843448006, 6346285.498105389066041 ], [ 626680.825186055270024, 6346293.647507570683956 ], [ 626679.888358225813136, 6346295.539940485730767 ], [ 626674.756529795355164, 6346305.581775583326817 ], [ 626670.789674458792433, 6346313.38287940248847 ], [ 626669.333563977386802, 6346315.623610680922866 ], [ 626660.754162862314843, 6346320.272623430006206 ], [ 626653.118149870773777, 6346325.665445778518915 ], [ 626650.718651265837252, 6346327.318756374530494 ], [ 626640.683139669359662, 6346333.886884873732924 ], [ 626638.544137360528111, 6346335.707280876114964 ], [ 626630.647628072998486, 6346341.148160252720118 ], [ 626623.970124850282446, 6346345.749115973711014 ], [ 626620.612116476520896, 6346348.062862193211913 ], [ 626610.576604880043305, 6346354.977564131841063 ], [ 626609.39611234003678, 6346355.790951071307063 ], [ 626600.541093283565715, 6346361.892266071401536 ], [ 626594.822099829791114, 6346365.83278616797179 ], [ 626590.505581687088124, 6346369.083732318133116 ], [ 626583.797365364735015, 6346375.874621265567839 ], [ 626580.470070090610534, 6346384.426506196148694 ], [ 626579.894851611810736, 6346385.916456363163888 ], [ 626576.053576823789626, 6346395.95829146169126 ], [ 626572.216979441116564, 6346406.000126558355987 ], [ 626570.434558494132943, 6346410.665435231290758 ], [ 626568.380410742363892, 6346416.041961655952036 ], [ 626564.543815124663524, 6346426.083796753548086 ], [ 626560.927155991550535, 6346436.125631850212812 ], [ 626560.399046897655353, 6346437.634916339069605 ], [ 626557.413448352832347, 6346446.167466947808862 ], [ 626553.899806114728563, 6346456.209302045404911 ], [ 626550.386098476010375, 6346466.25113714300096 ], [ 626550.363535301177762, 6346466.315621704794466 ], [ 626546.87245623790659, 6346476.29297224059701 ], [ 626543.358393123722635, 6346486.334807338193059 ], [ 626540.350677557522431, 6346496.376642435789108 ], [ 626540.328023704700172, 6346496.45476368162781 ], [ 626537.457426623557694, 6346506.418477533385158 ], [ 626534.580264962161891, 6346516.460312630049884 ], [ 626531.703093161224388, 6346526.502147727645934 ], [ 626530.292512108338997, 6346531.425252742134035 ], [ 626528.825880043907091, 6346536.543982825241983 ], [ 626525.876168245333247, 6346546.585817922838032 ], [ 626522.291087646503001, 6346556.627653020434082 ], [ 626520.257000511977822, 6346562.297730799764395 ], [ 626518.688673645141535, 6346566.669488118030131 ], [ 626515.086259643780068, 6346576.71132321562618 ], [ 626511.483845642418601, 6346586.753158312290907 ], [ 626510.221488915383816, 6346590.272014857269824 ], [ 626507.881431641057134, 6346596.794993409886956 ], [ 626504.279047645046376, 6346606.836828507483006 ], [ 626500.676677206298336, 6346616.878663605079055 ], [ 626500.185977318906225, 6346618.246503990143538 ], [ 626497.171646523172967, 6346626.920498702675104 ], [ 626493.064224703120999, 6346636.962333800271153 ], [ 626490.150465722428635, 6346643.995011393912137 ], [ 626488.852097783470526, 6346647.004168897867203 ], [ 626484.440833856584504, 6346657.046003994531929 ], [ 626480.183663696632721, 6346667.087839092127979 ], [ 626480.114954125951044, 6346667.251449784263968 ], [ 626475.818508867756464, 6346677.129674189724028 ], [ 626471.478912723949179, 6346687.171509287320077 ], [ 626470.079442529473454, 6346690.512372978962958 ], [ 626467.188138379948214, 6346697.213344384916127 ], [ 626462.805565782124177, 6346707.255179483443499 ], [ 626460.043930932995863, 6346713.770969368517399 ], [ 626458.522529253270477, 6346717.297014580108225 ], [ 626454.164747265400365, 6346727.338849676772952 ], [ 626450.008419336518273, 6346737.029565757140517 ], [ 626449.882471346762031, 6346737.380684774369001 ], [ 626448.245853001018986, 6346747.422519871965051 ], [ 626450.008419336518273, 6346750.991229527629912 ], [ 626453.769864879315719, 6346757.4643549695611 ], [ 626460.043930932995863, 6346764.343709637410939 ], [ 626462.088844320038334, 6346767.506190067157149 ], [ 626468.484038324328139, 6346777.548025164753199 ], [ 626470.079442529473454, 6346779.475321143865585 ], [ 626476.944776526652277, 6346787.589860262349248 ], [ 626480.114954125951044, 6346793.64994000364095 ], [ 626482.197925362037495, 6346797.631695359013975 ], [ 626487.4510993512813, 6346807.673530456610024 ], [ 626490.150465722428635, 6346812.83357122913003 ], [ 626492.362600185209885, 6346817.715365554206073 ], [ 626496.011688012862578, 6346827.757200651802123 ], [ 626496.701824753312394, 6346837.799035748466849 ], [ 626496.484119084430858, 6346847.840870846994221 ], [ 626497.667232148698531, 6346857.882705943658948 ], [ 626498.874690441531129, 6346867.92454104218632 ], [ 626500.082122516119853, 6346877.966376138851047 ], [ 626500.185977318906225, 6346878.830081994645298 ], [ 626501.289585446706042, 6346888.008211236447096 ], [ 626502.49702105729375, 6346898.050046334043145 ], [ 626503.704475814243779, 6346908.091881431639194 ], [ 626504.911919965874404, 6346918.133716529235244 ], [ 626506.1193661816651, 6346928.175551626831293 ], [ 626507.326818874338642, 6346938.21738672349602 ], [ 626508.534256549086422, 6346948.259221822023392 ], [ 626509.74171778280288, 6346958.301056918688118 ], [ 626510.221488915383816, 6346962.291164657101035 ], [ 626511.06390417041257, 6346968.342892016284168 ], [ 626513.928133683861233, 6346978.384727113880217 ], [ 626514.977391265681945, 6346988.426562211476266 ], [ 626515.68070178385824, 6346998.468397309072316 ], [ 626516.500181854702532, 6347008.510232407599688 ], [ 626516.481383487349376, 6347018.552067503333092 ], [ 626510.87468789506238, 6347028.593902600929141 ], [ 626510.221488915383816, 6347029.335559929721057 ], [ 626501.209585175500251, 6347038.63573769852519 ], [ 626500.185977318906225, 6347039.064161347225308 ], [ 626490.150465722428635, 6347045.747735073789954 ], [ 626487.603172934264876, 6347048.677572795189917 ], [ 626480.428118758019991, 6347058.719407893717289 ], [ 626480.114954125951044, 6347059.140858357772231 ], [ 626472.503063255688176, 6347068.761242991313338 ], [ 626470.079442529473454, 6347072.09748849272728 ], [ 626460.426984038786031, 6347078.803078088909388 ], [ 626460.043930933112279, 6347079.638378006406128 ], [ 626450.008419336518273, 6347079.856696566566825 ], [ 626439.972907740040682, 6347080.057315140962601 ], [ 626429.937396143563092, 6347080.24534846842289 ], [ 626419.901884547201917, 6347080.319526894018054 ], [ 626409.866372950724326, 6347080.383239047601819 ], [ 626399.830861354246736, 6347080.438537669368088 ], [ 626389.795349757769145, 6347080.693918908014894 ], [ 626379.759838161291555, 6347088.077524613589048 ], [ 626379.111607363331132, 6347088.844913185574114 ], [ 626370.629148720181547, 6347098.886748283170164 ], [ 626369.724326564813964, 6347099.957908811047673 ], [ 626362.146690077148378, 6347108.92858337983489 ], [ 626359.688814968336374, 6347111.838303023949265 ], [ 626353.664231433998793, 6347118.970418478362262 ], [ 626349.653303371858783, 6347123.718697236850858 ], [ 626345.181723467772827, 6347129.012253575958312 ], [ 626339.617791775381193, 6347135.598960403352976 ], [ 626336.699203452677466, 6347139.054088674485683 ], [ 626329.582280179020017, 6347147.445625957101583 ], [ 626328.266481883474626, 6347149.09592377115041 ], [ 626319.546768582542427, 6347158.878686293959618 ], [ 626319.339012042735703, 6347159.137758867815137 ], [ 626315.599840078037232, 6347169.179593965411186 ], [ 626315.0458441269584, 6347179.221429063007236 ], [ 626315.495520667405799, 6347189.263264160603285 ], [ 626315.945141753880307, 6347199.305099258199334 ], [ 626316.394818294560537, 6347209.346934355795383 ], [ 626316.84449483489152, 6347219.388769453391433 ], [ 626317.294115921482444, 6347229.430604550056159 ], [ 626317.743792462046258, 6347239.472439647652209 ], [ 626318.193469002493657, 6347249.514274746179581 ], [ 626318.643090088968165, 6347259.556109842844307 ], [ 626319.09276662953198, 6347269.597944940440357 ], [ 626319.542387740220875, 6347279.639780038036406 ], [ 626319.546768582542427, 6347279.737610222771764 ], [ 626319.992064256453887, 6347289.681615135632455 ], [ 626320.441740797017701, 6347299.723450232297182 ], [ 626320.891361883492209, 6347309.765285329893231 ], [ 626321.488587473984808, 6347319.807120427489281 ], [ 626324.23849038220942, 6347329.84895552508533 ], [ 626327.907701127696782, 6347339.890790622681379 ], [ 626329.582280179020017, 6347345.052932100370526 ], [ 626331.14939226070419, 6347349.932625720277429 ], [ 626334.273824454750866, 6347359.974460817873478 ], [ 626337.398308178293519, 6347370.016295914538205 ], [ 626339.617791775381193, 6347377.149605251848698 ], [ 626340.57906329294201, 6347380.058131013065577 ], [ 626344.22697233594954, 6347390.099966109730303 ], [ 626346.444358880864456, 6347400.141801207326353 ], [ 626347.641086940187961, 6347410.183636304922402 ], [ 626348.837814999511465, 6347420.225471403449774 ], [ 626349.653303371858783, 6347427.068295631557703 ], [ 626350.025028528529219, 6347430.267306500114501 ], [ 626351.207500504446216, 6347440.309141596779227 ], [ 626352.414213057723828, 6347450.350976694375277 ], [ 626353.624727236572653, 6347460.392811791971326 ], [ 626354.821455295896158, 6347470.434646889567375 ], [ 626356.018183355219662, 6347480.476481987163424 ], [ 626357.214911414543167, 6347490.518317084759474 ], [ 626358.411583261797205, 6347500.560152182355523 ], [ 626359.608303640387021, 6347510.60198727902025 ], [ 626359.688814968336374, 6347511.277568220160902 ], [ 626360.793236173223704, 6347520.643822376616299 ], [ 626362.0008985621389, 6347530.685657474212348 ], [ 626363.198487301589921, 6347540.727492571808398 ], [ 626364.750440501142293, 6347550.769327669404447 ], [ 626366.092314123990946, 6347560.811162767000496 ], [ 626367.209838854614645, 6347570.852997864596546 ], [ 626368.273470797925256, 6347580.894832962192595 ], [ 626369.337102741352282, 6347590.936668059788644 ], [ 626369.724326564813964, 6347594.592479456216097 ], [ 626370.400738644064404, 6347600.978503156453371 ], [ 626371.464376813382842, 6347611.02033825404942 ], [ 626372.528014982584864, 6347621.06217335164547 ], [ 626373.591653151903301, 6347631.104008449241519 ], [ 626374.655291321221739, 6347641.145843546837568 ], [ 626375.749926234711893, 6347651.187678644433618 ], [ 626376.917390593211167, 6347661.229513742029667 ], [ 626378.084904076065868, 6347671.271348837763071 ], [ 626379.252375294221565, 6347681.313183936290443 ], [ 626379.759838161291555, 6347685.678052508272231 ], [ 626380.419846512493677, 6347691.355019034817815 ], [ 626381.59027540916577, 6347701.396854132413864 ], [ 626382.813826270983554, 6347711.438689229078591 ], [ 626384.161489575402811, 6347721.48052432667464 ], [ 626385.539206823916174, 6347731.522359423339367 ], [ 626386.916914906469174, 6347741.564194520935416 ], [ 626388.333408150123432, 6347751.606029618531466 ], [ 626389.787121647386812, 6347761.647864716127515 ], [ 626389.79534975788556, 6347761.704702137969434 ], [ 626391.240835144650191, 6347771.689699813723564 ], [ 626393.067856527399272, 6347781.731534911319613 ], [ 626395.933039955794811, 6347791.773370008915663 ], [ 626397.810570572619326, 6347801.815205105580389 ], [ 626399.226187626132742, 6347811.857040203176439 ], [ 626399.830861354246736, 6347816.146553533151746 ], [ 626400.641740720137022, 6347821.898875300772488 ], [ 626402.057357773650438, 6347831.940710398368537 ], [ 626403.472951614880003, 6347841.982545495964587 ], [ 626404.888527921051718, 6347852.024380592629313 ], [ 626406.304144974565133, 6347862.066215692088008 ], [ 626408.472363119362853, 6347872.108050787821412 ], [ 626409.866372950724326, 6347877.044002588838339 ], [ 626411.394263204070739, 6347882.149885885417461 ], [ 626414.399233922827989, 6347892.191720983013511 ], [ 626417.404197468073107, 6347902.23355608060956 ], [ 626419.901884547201917, 6347910.580293492414057 ], [ 626420.409127482911572, 6347912.275391178205609 ], [ 626423.414105751551688, 6347922.317226275801659 ], [ 626426.419061746681109, 6347932.359061373397708 ], [ 626429.423995559220202, 6347942.400896470062435 ], [ 626429.937396143679507, 6347944.116542012430727 ], [ 626432.428756433771923, 6347952.442731567658484 ], [ 626435.426738842856139, 6347962.484566666185856 ], [ 626437.285709637682885, 6347972.526401762850583 ], [ 626438.154800673364662, 6347982.568236861377954 ], [ 626438.968801650451496, 6347992.610071958974004 ], [ 626439.76455639093183, 6348002.651907055638731 ], [ 626439.972907740040682, 6348005.318893235176802 ], [ 626441.922932582674548, 6348002.651907054707408 ], [ 626443.316494384664111, 6347992.610071958974004 ], [ 626443.622155421646312, 6347982.568236860446632 ], [ 626445.016590307466686, 6347972.526401762850583 ], [ 626450.008419336518273, 6347971.215270117856562 ], [ 626455.451494241366163, 6347972.526401762850583 ], [ 626460.043930932995863, 6347974.293987023644149 ], [ 626470.079442529473454, 6347975.409674677066505 ], [ 626480.114954125951044, 6347977.223027352243662 ], [ 626490.150465722428635, 6347979.134074740111828 ], [ 626500.185977318906225, 6347981.045122127048671 ], [ 626508.18433239532169, 6347982.568236860446632 ], [ 626510.221488915383816, 6347982.956169513985515 ], [ 626520.257000511861406, 6347984.867216900922358 ], [ 626530.292512108338997, 6347986.778264287859201 ], [ 626540.328023704700172, 6347988.689311675727367 ], [ 626550.363535301177762, 6347990.600359062664211 ], [ 626560.399046897655353, 6347992.511406449601054 ], [ 626560.917179237352684, 6347992.610071958042681 ], [ 626570.434558494132943, 6347994.422427576035261 ], [ 626580.470070090610534, 6347996.333469179458916 ], [ 626583.598324549850076, 6347992.610071958974004 ], [ 626590.505581687088124, 6347983.619176292791963 ], [ 626591.294833037769422, 6347982.568236860446632 ], [ 626598.998993012239225, 6347972.526401762850583 ], [ 626600.541093283565715, 6347970.940241678617895 ], [ 626610.576604880043305, 6347965.129638743586838 ], [ 626620.612116476520896, 6347964.658343451097608 ], [ 626630.647628072998486, 6347964.54608482029289 ], [ 626640.683139669359662, 6347964.433826187625527 ], [ 626650.718651265837252, 6347964.96653251349926 ], [ 626658.572593765915371, 6347972.526401762850583 ], [ 626660.512267530430108, 6347982.568236860446632 ], [ 626656.097360367653891, 6347992.610071958974004 ], [ 626650.718651265837252, 6348000.845831358805299 ], [ 626649.53912081324961, 6348002.651907055638731 ], [ 626645.442494008457288, 6348012.69374215323478 ], [ 626648.850871027680114, 6348022.735577249899507 ], [ 626650.718651265837252, 6348027.382406610064209 ], [ 626652.887172789894976, 6348032.777412347495556 ], [ 626656.923510961933061, 6348042.819247445091605 ], [ 626660.754162862314843, 6348052.349331649020314 ], [ 626660.95986298948992, 6348052.861082542687654 ], [ 626664.894459859817289, 6348062.902917640283704 ], [ 626667.935218683560379, 6348072.944752737879753 ], [ 626669.784674843889661, 6348082.986587835475802 ], [ 626670.789674458792433, 6348088.4433489209041 ], [ 626671.634125000215136, 6348093.028422932140529 ], [ 626673.483515812084079, 6348103.070258029736578 ], [ 626675.332971972413361, 6348113.112093127332628 ], [ 626677.413135769311339, 6348123.153928223997355 ], [ 626679.72228033922147, 6348133.195763323456049 ], [ 626680.787039101705886, 6348143.237598421052098 ], [ 626680.825186055270024, 6348143.284275302663445 ], [ 626690.860697651747614, 6348149.55196738243103 ], [ 626698.404206615174189, 6348153.279433516785502 ], [ 626700.896209248225205, 6348156.310092930682003 ], [ 626704.286666239146143, 6348163.321268614381552 ], [ 626710.931720844702795, 6348168.748515292070806 ], [ 626720.967232441180386, 6348166.676138237118721 ], [ 626729.36817737412639, 6348163.321268614381552 ], [ 626731.002744037657976, 6348162.971802669577301 ], [ 626731.92022266285494, 6348163.321268614381552 ], [ 626731.002744037657976, 6348169.249428025446832 ], [ 626730.366086138994433, 6348173.363103711977601 ], [ 626728.811796110239811, 6348183.40493880957365 ], [ 626727.257616713293828, 6348193.4467739071697 ], [ 626725.703387510962784, 6348203.488609004765749 ], [ 626726.818583347601816, 6348213.530444102361798 ], [ 626730.631434511160478, 6348223.572279199957848 ], [ 626731.002744037657976, 6348224.173754064366221 ], [ 626736.830289424979128, 6348233.614114296622574 ], [ 626741.038255634019151, 6348238.332218740135431 ], [ 626746.911238357541151, 6348243.655949393287301 ], [ 626751.073767230496742, 6348245.436450981535017 ], [ 626761.109278826974332, 6348243.813850590959191 ], [ 626761.958032745402306, 6348243.655949394218624 ], [ 626771.144790423451923, 6348241.9251146633178 ], [ 626781.180302019929513, 6348240.079821986146271 ], [ 626791.215813616290689, 6348238.21278833784163 ], [ 626801.251325212884694, 6348236.345793382264674 ], [ 626811.286836809362285, 6348234.478759733960032 ], [ 626815.934401314822026, 6348233.614114296622574 ], [ 626821.322348405839875, 6348232.611729948781431 ], [ 626831.357860002317466, 6348230.744731130078435 ], [ 626841.393371598678641, 6348228.877697482705116 ], [ 626851.428883195156232, 6348227.010689277201891 ], [ 626861.464394791517407, 6348225.143668877892196 ], [ 626869.91078747343272, 6348223.572279199957848 ], [ 626871.499906388111413, 6348223.276636369526386 ], [ 626881.535417984589003, 6348221.409640274941921 ], [ 626891.570929581066594, 6348219.542606625705957 ], [ 626901.606441177544184, 6348217.738531993702054 ], [ 626911.641952774021775, 6348216.068985384888947 ], [ 626921.677464370499365, 6348214.972672214731574 ], [ 626931.712975966976956, 6348215.512082848697901 ], [ 626939.735318361548707, 6348213.530444102361798 ], [ 626941.748487563338131, 6348213.033163415268064 ], [ 626951.783999159815721, 6348210.554285145364702 ], [ 626961.819510756293312, 6348208.075409138575196 ], [ 626971.855022352770902, 6348205.229420024901628 ], [ 626976.309487020829692, 6348203.488609004765749 ], [ 626981.890533949248493, 6348200.285236436873674 ], [ 626991.926045545726083, 6348194.948122275993228 ], [ 626994.93075467296876, 6348193.4467739071697 ], [ 627001.961557142203674, 6348190.28199583478272 ], [ 627011.997068738681264, 6348185.764767044223845 ], [ 627017.239612070843577, 6348183.40493880957365 ], [ 627022.032580335158855, 6348181.247477989643812 ], [ 627032.068091931636445, 6348176.730188934132457 ], [ 627039.548335586907342, 6348173.363103711977601 ], [ 627042.10360352799762, 6348172.09799793548882 ], [ 627052.139115124475211, 6348165.958523607812822 ], [ 627055.705660257372074, 6348163.321268614381552 ], [ 627062.174626720952801, 6348158.537839983589947 ], [ 627069.285939067718573, 6348153.279433517716825 ], [ 627072.210138317430392, 6348151.117156360298395 ], [ 627082.245649913907982, 6348143.696548697538674 ], [ 627082.86632060399279, 6348143.237598419189453 ], [ 627092.281161510385573, 6348136.275865073315799 ], [ 627096.446599414455704, 6348133.195763322524726 ], [ 627102.316673106863163, 6348128.855181450024247 ], [ 627110.026878224802203, 6348123.153928224928677 ], [ 627112.352184703340754, 6348121.434497825801373 ], [ 627122.38769629993476, 6348114.01382102444768 ], [ 627123.607169518014416, 6348113.11209312826395 ], [ 627132.423207896295935, 6348106.593206538818777 ], [ 627137.408234643749893, 6348103.070258029736578 ], [ 627142.45871949265711, 6348099.930647764354944 ], [ 627152.494231089134701, 6348102.405719487927854 ], [ 627154.440848742495291, 6348103.070258029736578 ], [ 627162.529742685612291, 6348106.936205144971609 ], [ 627166.607497401768342, 6348113.112093127332628 ], [ 627172.293294425238855, 6348123.15392822586 ], [ 627172.565254282206297, 6348123.634240775369108 ], [ 627177.979170764796436, 6348133.195763322524726 ], [ 627182.600765878567472, 6348141.358086807653308 ], [ 627183.664965515490621, 6348143.237598420120776 ], [ 627189.350787721457891, 6348153.279433518648148 ], [ 627192.636277475045063, 6348159.08198827970773 ], [ 627195.036638878518716, 6348163.321268614381552 ], [ 627200.722433629329316, 6348173.363103711977601 ], [ 627202.671789071522653, 6348176.805862031877041 ], [ 627206.408281017560512, 6348183.40493880957365 ], [ 627212.094106992240995, 6348193.4467739071697 ], [ 627212.707300668116659, 6348194.529751757159829 ], [ 627217.779901743051596, 6348203.488609004765749 ], [ 627222.742812264477834, 6348210.669061635620892 ], [ 627224.68511355528608, 6348213.530444102361798 ], [ 627231.256424375344068, 6348223.572279199026525 ], [ 627232.778323860955425, 6348226.493057329207659 ], [ 627237.773227051598951, 6348233.614114296622574 ], [ 627242.8138354573166, 6348240.800331573933363 ], [ 627244.816860202467069, 6348243.655949393287301 ], [ 627251.860535322106443, 6348253.697784492745996 ], [ 627252.849347053910606, 6348255.107486697845161 ], [ 627258.932523366762325, 6348263.739619589410722 ], [ 627262.884858650271781, 6348269.385558567941189 ], [ 627266.333742515416816, 6348273.781454687006772 ], [ 627272.920370246749371, 6348282.961261032149196 ], [ 627273.618295234511606, 6348283.823289784602821 ], [ 627282.955881843226962, 6348291.13192692771554 ], [ 627286.519123824662529, 6348293.86512488219887 ], [ 627292.991393439704552, 6348298.598080371506512 ], [ 627300.624843034427613, 6348303.906959979794919 ], [ 627303.026905036182143, 6348305.702985784038901 ], [ 627313.062416632659733, 6348312.605055065825582 ], [ 627314.965693975798786, 6348313.948795076459646 ], [ 627323.097928229137324, 6348319.690264428034425 ] ], [ [ 626450.008419336518273, 6348073.749944834969938 ], [ 626450.821746963891201, 6348072.944752736948431 ], [ 626458.492709761019796, 6348062.902917640283704 ], [ 626456.916664426447824, 6348052.861082542687654 ], [ 626455.28380856779404, 6348042.819247445091605 ], [ 626453.651066655875184, 6348032.777412347495556 ], [ 626452.018210797337815, 6348022.735577248968184 ], [ 626450.385468885535374, 6348012.693742154166102 ], [ 626450.008419336518273, 6348010.37494017649442 ], [ 626446.892976248753257, 6348012.693742152303457 ], [ 626444.95051690377295, 6348022.735577249899507 ], [ 626444.601572876330465, 6348032.777412347495556 ], [ 626444.455616960767657, 6348042.819247445091605 ], [ 626444.375394972506911, 6348052.861082542687654 ], [ 626444.433195563266054, 6348062.902917640283704 ], [ 626448.533526983228512, 6348072.944752737879753 ], [ 626450.008419336518273, 6348073.749944834969938 ] ] ] } },
{ "type": "Feature", "properties": { "id": 1, "cost_level": 600.0 }, "geometry": { "type": "Polygon", "coordinates": [ [ [ 627353.20446301845368, 6347913.564165675081313 ], [ 627356.325926351593807, 6347912.275391178205609 ], [ 627363.23997461493127, 6347909.073637285269797 ], [ 627369.341858973959461, 6347902.23355608060956 ], [ 627373.275486211408861, 6347897.824044502340257 ], [ 627378.176275288918987, 6347892.191720983013511 ], [ 627383.310997807886451, 6347886.389693116769195 ], [ 627386.977185151074082, 6347882.149885885417461 ], [ 627393.346509404364042, 6347874.787664487957954 ], [ 627395.625002789893188, 6347872.108050787821412 ], [ 627403.382021000841632, 6347863.588227280415595 ], [ 627404.955675877165049, 6347862.066215691156685 ], [ 627413.417532597319223, 6347853.882055242545903 ], [ 627415.338223123457283, 6347852.024380593560636 ], [ 627423.453044193913229, 6347842.459085101261735 ], [ 627423.89316222385969, 6347841.982545495964587 ], [ 627433.488555790274404, 6347835.744035437703133 ], [ 627434.35700657882262, 6347831.940710398368537 ], [ 627436.649958014837466, 6347821.898875300772488 ], [ 627438.942909450735897, 6347811.857040203176439 ], [ 627441.235860886750743, 6347801.815205105580389 ], [ 627443.524067386635579, 6347799.601341267116368 ], [ 627449.944313362007961, 6347801.815205106511712 ], [ 627453.55957898311317, 6347802.902837532572448 ], [ 627463.59509057959076, 6347807.202757723629475 ], [ 627473.630602176068351, 6347811.436060150153935 ], [ 627474.457642380031757, 6347811.857040203176439 ], [ 627483.666113772545941, 6347815.802598103880882 ], [ 627493.701625369023532, 6347819.53512442111969 ], [ 627497.894112853566185, 6347821.898875300772488 ], [ 627503.737136965501122, 6347824.402438483200967 ], [ 627513.772648561978713, 6347827.165552427992225 ], [ 627521.330562312388793, 6347831.940710398368537 ], [ 627523.808160158456303, 6347835.361772526055574 ], [ 627533.843671754933894, 6347839.821227954700589 ], [ 627543.879183351295069, 6347838.032897951081395 ], [ 627553.914694947772659, 6347836.387115065939724 ], [ 627563.95020654425025, 6347834.820526441559196 ], [ 627573.98571814072784, 6347833.097268053330481 ], [ 627580.721218934399076, 6347831.940710398368537 ], [ 627584.021229737205431, 6347831.403410599566996 ], [ 627594.056741333799437, 6347826.185171084478498 ], [ 627596.023349199211225, 6347821.898875300772488 ], [ 627594.484084270196036, 6347811.857040203176439 ], [ 627594.056741333799437, 6347809.069706257432699 ], [ 627592.944456936675124, 6347801.815205105580389 ], [ 627588.955461030360311, 6347791.773370008915663 ], [ 627584.021229737205431, 6347786.101298796012998 ], [ 627580.219897755654529, 6347781.731534911319613 ], [ 627573.98571814072784, 6347774.565177279524505 ], [ 627570.74590854300186, 6347771.689699813723564 ], [ 627563.95020654425025, 6347767.25404760800302 ], [ 627561.242679791408591, 6347761.647864716127515 ], [ 627558.787840539123863, 6347751.606029618531466 ], [ 627556.33298326889053, 6347741.564194520935416 ], [ 627553.914694947772659, 6347731.671848871745169 ], [ 627553.878150674048811, 6347731.522359423339367 ], [ 627551.423293403815478, 6347721.480524325743318 ], [ 627548.968460808857344, 6347711.438689229078591 ], [ 627547.356247236020863, 6347701.396854131482542 ], [ 627553.217436655657366, 6347691.355019033886492 ], [ 627553.914694947772659, 6347690.493951587937772 ], [ 627561.348916746326722, 6347681.313183936290443 ], [ 627563.95020654425025, 6347678.100754909217358 ], [ 627569.648524193791673, 6347671.271348838694394 ], [ 627573.98571814072784, 6347666.907197318971157 ], [ 627583.374171461560763, 6347661.229513741098344 ], [ 627584.021229737205431, 6347660.838204116560519 ], [ 627594.056741333683021, 6347654.769236566498876 ], [ 627599.979126941296272, 6347651.187678644433618 ], [ 627604.092252930160612, 6347648.700269018299878 ], [ 627614.127764526638202, 6347642.631279609166086 ], [ 627616.584042736911215, 6347641.145843546837568 ], [ 627624.163276123115793, 6347636.562308264896274 ], [ 627633.189000951708294, 6347631.104008449241519 ], [ 627634.198787719593383, 6347630.49334071483463 ], [ 627644.234299315954559, 6347624.424356101080775 ], [ 627649.793916747206822, 6347621.06217335164547 ], [ 627654.269810912432149, 6347618.355379962362349 ], [ 627664.30532250890974, 6347620.296635433100164 ], [ 627674.34083410538733, 6347618.50316124688834 ], [ 627684.376345701864921, 6347616.179773047566414 ], [ 627694.411857298342511, 6347613.856327012181282 ], [ 627704.447368894820102, 6347611.532938811928034 ], [ 627706.661411641864106, 6347611.02033825404942 ], [ 627714.482880491297692, 6347609.209492776542902 ], [ 627724.518392087775283, 6347603.248625143431127 ], [ 627726.574044482083991, 6347600.978503156453371 ], [ 627734.553903684252873, 6347592.166092129424214 ], [ 627735.667178013478406, 6347590.936668058857322 ], [ 627742.509697237866931, 6347580.894832962192595 ], [ 627744.589415280614048, 6347576.044307520613074 ], [ 627751.886883322149515, 6347570.852997864596546 ], [ 627754.624926877091639, 6347570.13849504571408 ], [ 627764.660438473569229, 6347569.973194235004485 ], [ 627774.69595007004682, 6347569.832494255155325 ], [ 627784.73146166652441, 6347565.414858907461166 ], [ 627794.766973263002001, 6347561.576143105514348 ], [ 627796.112343046348542, 6347560.811162767931819 ], [ 627804.802484859479591, 6347555.869928237050772 ], [ 627813.772903488716111, 6347550.769327669404447 ], [ 627814.837996455957182, 6347550.163713369518518 ], [ 627824.873508052434772, 6347544.457498501986265 ], [ 627831.433463931200095, 6347540.727492571808398 ], [ 627834.909019648912363, 6347538.751283634454012 ], [ 627844.944531245273538, 6347533.045074252411723 ], [ 627849.094041353790089, 6347530.685657473281026 ], [ 627854.980042841751128, 6347527.33886946644634 ], [ 627865.015554438228719, 6347521.63266238104552 ], [ 627866.754625882371329, 6347520.643822377547622 ], [ 627875.051066034706309, 6347515.926447513513267 ], [ 627884.415186324855313, 6347510.601987279951572 ], [ 627885.0865776311839, 6347510.220232645981014 ], [ 627895.12208922766149, 6347504.514017778448761 ], [ 627902.075746767339297, 6347500.560152182355523 ], [ 627905.157600824139081, 6347498.765350449830294 ], [ 627907.574143124977127, 6347490.518317084759474 ], [ 627911.684687242377549, 6347480.476481987163424 ], [ 627915.193112420616671, 6347476.839148702099919 ], [ 627925.228624017094262, 6347472.148892617784441 ], [ 627928.896511777187698, 6347470.434646889567375 ], [ 627935.264135613571852, 6347467.458636533468962 ], [ 627945.299647209933028, 6347464.053896671161056 ], [ 627953.664850706700236, 6347460.392811791971326 ], [ 627955.335158806410618, 6347459.511262335814536 ], [ 627965.370670402888209, 6347455.14879790134728 ], [ 627975.406181999249384, 6347454.022016605362296 ], [ 627985.44169359584339, 6347452.895235311239958 ], [ 627995.47720519232098, 6347451.768454016186297 ], [ 628005.512716788798571, 6347450.353542981669307 ], [ 628005.522255223011598, 6347450.350976694375277 ], [ 628015.548228385276161, 6347443.646206394769251 ], [ 628022.441603355691768, 6347440.309141596779227 ], [ 628025.583739981753752, 6347436.002318939194083 ], [ 628029.767843685811386, 6347430.267306500114501 ], [ 628035.619251578231342, 6347423.058053940534592 ], [ 628037.750894245924428, 6347420.225471402518451 ], [ 628043.481831267243251, 6347410.183636304922402 ], [ 628045.654763174592517, 6347406.376202197745442 ], [ 628049.21278373489622, 6347400.141801207326353 ], [ 628054.943663483136334, 6347390.099966109730303 ], [ 628055.690274771070108, 6347388.791745970025659 ], [ 628060.674615951022133, 6347380.058131013065577 ], [ 628065.725786367547698, 6347371.207304855808616 ], [ 628066.405500624445267, 6347370.016295914538205 ], [ 628072.136448166915216, 6347359.974460817873478 ], [ 628075.761297964025289, 6347353.622960937209427 ], [ 628077.910413149977103, 6347349.932625720277429 ], [ 628083.713878423557617, 6347339.890790622681379 ], [ 628083.817646460025571, 6347329.84895552508533 ], [ 628082.731648804037832, 6347319.807120427489281 ], [ 628081.773817539797164, 6347309.765285329893231 ], [ 628083.322116211988032, 6347299.723450232297182 ], [ 628085.796809560502879, 6347292.158548811450601 ], [ 628086.607086200732738, 6347289.681615135632455 ], [ 628089.892053118674085, 6347279.639780038036406 ], [ 628093.177021572017111, 6347269.597944940440357 ], [ 628095.83232115698047, 6347261.480947487987578 ], [ 628096.461991218384355, 6347259.556109842844307 ], [ 628099.746958478819579, 6347249.514274746179581 ], [ 628103.03192693204619, 6347239.472439647652209 ], [ 628105.867832753341645, 6347230.803346164524555 ], [ 628106.316896236385219, 6347229.430604550056159 ], [ 628109.601863838848658, 6347219.388769453391433 ], [ 628112.886832292191684, 6347209.346934355795383 ], [ 628115.903344349935651, 6347200.125744842924178 ], [ 628116.875942928367294, 6347199.305099258199334 ], [ 628125.938855946413241, 6347196.10075060185045 ], [ 628135.974367542890832, 6347192.66576093994081 ], [ 628145.914949393481947, 6347189.263264160603285 ], [ 628146.009879139252007, 6347189.23077127803117 ], [ 628156.045390735729598, 6347185.795781616121531 ], [ 628166.080902332207188, 6347182.360791955143213 ], [ 628175.252724030171521, 6347179.221429063007236 ], [ 628176.116413928684779, 6347178.925801576115191 ], [ 628186.151925525162369, 6347175.49078827444464 ], [ 628196.18743712163996, 6347175.49540772754699 ], [ 628206.22294871811755, 6347174.349751302972436 ], [ 628210.944143277592957, 6347169.179593965411186 ], [ 628213.332745233085006, 6347159.137758867815137 ], [ 628208.887160933809355, 6347149.09592377115041 ], [ 628208.217917263042182, 6347139.054088673554361 ], [ 628207.548673592275009, 6347129.012253575958312 ], [ 628206.879429921624251, 6347118.970418479293585 ], [ 628206.22294871811755, 6347111.362172789871693 ], [ 628205.934326115297154, 6347108.928583380766213 ], [ 628203.957866183714941, 6347098.886748282238841 ], [ 628201.981492666061968, 6347088.844913185574114 ], [ 628200.00503273459617, 6347078.803078088909388 ], [ 628198.028572802897543, 6347068.761242991313338 ], [ 628196.18743712163996, 6347059.406543214805424 ], [ 628196.052199285244569, 6347058.719407893717289 ], [ 628191.440149754518643, 6347048.67757279612124 ], [ 628186.151925525162369, 6347042.420975649729371 ], [ 628182.952552675036713, 6347038.63573769852519 ], [ 628176.116413928684779, 6347030.547773890197277 ], [ 628174.400326561299153, 6347028.593902600929141 ], [ 628166.080902332207188, 6347020.702234828844666 ], [ 628162.565229197381996, 6347018.552067503333092 ], [ 628156.045390735729598, 6347015.011322364211082 ], [ 628146.009879139252007, 6347009.561393680050969 ], [ 628144.074297380750068, 6347008.510232406668365 ], [ 628135.974367542890832, 6347004.111383053474128 ], [ 628125.938855946413241, 6346998.601050675846636 ], [ 628125.710837332298979, 6346998.468397309072316 ], [ 628115.903344349935651, 6346992.492857843637466 ], [ 628109.22953640925698, 6346988.426562211476266 ], [ 628105.86783275345806, 6346986.378304153680801 ], [ 628095.83232115698047, 6346980.263836806640029 ], [ 628092.748188715078868, 6346978.384727113880217 ], [ 628085.796809560502879, 6346974.149369459599257 ], [ 628076.266928123543039, 6346968.342892016284168 ], [ 628075.761297964025289, 6346968.034815768711269 ], [ 628065.725786367547698, 6346961.920348420739174 ], [ 628059.785540097858757, 6346958.301056918688118 ], [ 628055.690274771070108, 6346955.805859619751573 ], [ 628045.654763174592517, 6346952.279899499379098 ], [ 628035.619251578231342, 6346950.582606123760343 ], [ 628025.583739981753752, 6346948.885312749072909 ], [ 628021.882046479149722, 6346948.259221821092069 ], [ 628025.583739981753752, 6346943.705515033565462 ], [ 628035.619251578231342, 6346940.608875055797398 ], [ 628045.654763174592517, 6346939.702819093130529 ], [ 628048.296402770210989, 6346938.21738672349602 ], [ 628055.690274771070108, 6346935.666361832991242 ], [ 628065.725786367547698, 6346932.349239571020007 ], [ 628075.761297964025289, 6346929.58895665127784 ], [ 628080.899900674121454, 6346928.175551626831293 ], [ 628085.796809560502879, 6346926.82862601056695 ], [ 628095.83232115698047, 6346924.068342329934239 ], [ 628105.86783275345806, 6346921.308079544454813 ], [ 628115.903344349935651, 6346918.5477489028126 ], [ 628116.280676656053402, 6346918.133716529235244 ], [ 628118.503617177833803, 6346908.091881431639194 ], [ 628118.91183088242542, 6346898.050046334043145 ], [ 628119.319981627049856, 6346888.008211236447096 ], [ 628119.728164759464562, 6346877.966376138851047 ], [ 628118.787280555581674, 6346867.924541041254997 ], [ 628116.513404832454398, 6346857.882705943658948 ], [ 628115.903344349935651, 6346855.188599923625588 ], [ 628114.239518982125446, 6346847.840870847925544 ], [ 628111.965688807889819, 6346837.799035749398172 ], [ 628109.691840703948401, 6346827.757200651802123 ], [ 628107.509656820446253, 6346817.715365554206073 ], [ 628105.86783275345806, 6346809.979887681081891 ], [ 628105.381170649081469, 6346807.673530456610024 ], [ 628103.262313833576627, 6346797.631695359013975 ], [ 628101.31596575898584, 6346787.589860262349248 ], [ 628100.884254294098355, 6346777.548025164753199 ], [ 628100.894485726719722, 6346767.506190067157149 ], [ 628100.904717159457505, 6346757.4643549695611 ], [ 628100.914984404342249, 6346747.422519871965051 ], [ 628100.925215763039887, 6346737.380684774369001 ], [ 628100.935484020737931, 6346727.338849676772952 ], [ 628100.945715453242883, 6346717.297014580108225 ], [ 628100.97065969905816, 6346707.255179482512176 ], [ 628101.092272931011394, 6346697.213344384916127 ], [ 628101.330035577062517, 6346687.171509287320077 ], [ 628101.787455147597939, 6346677.129674189724028 ], [ 628102.255080287810415, 6346667.087839092127979 ], [ 628102.721283820341341, 6346657.046003994531929 ], [ 628103.193403145298362, 6346647.004168897867203 ], [ 628103.669202496763319, 6346636.962333800271153 ], [ 628104.145073764957488, 6346626.920498702675104 ], [ 628104.620873116655275, 6346616.878663605079055 ], [ 628105.096744384616613, 6346606.836828507483006 ], [ 628105.572543736314401, 6346596.794993409886956 ], [ 628105.867832753341645, 6346590.563804818317294 ], [ 628106.048415004392155, 6346586.753158312290907 ], [ 628106.524214355973527, 6346576.71132321562618 ], [ 628107.00008562405128, 6346566.669488117098808 ], [ 628107.136178013053723, 6346556.627653019502759 ], [ 628106.809956142911687, 6346546.585817922838032 ], [ 628106.475634863367304, 6346536.54398282431066 ], [ 628106.393713417695835, 6346526.502147727645934 ], [ 628106.952104729716666, 6346516.460312630981207 ], [ 628107.510496041737497, 6346506.418477533385158 ], [ 628108.068887353641912, 6346496.376642435789108 ], [ 628108.627278665662743, 6346486.334807338193059 ], [ 628109.185669977567159, 6346476.29297224059701 ], [ 628105.86783275345806, 6346472.246841848827899 ], [ 628097.40256566926837, 6346466.25113714300096 ], [ 628095.83232115698047, 6346465.04135780595243 ], [ 628085.796809560502879, 6346457.450978802517056 ], [ 628084.0663447935367, 6346456.209302045404911 ], [ 628075.761297964025289, 6346449.84934606961906 ], [ 628070.953374978504144, 6346446.167466947808862 ], [ 628065.725786367547698, 6346442.164210360497236 ], [ 628057.840405163471587, 6346436.125631850212812 ], [ 628055.690274771070108, 6346434.479074652306736 ], [ 628045.654763174708933, 6346426.793835905380547 ], [ 628044.727569899638183, 6346426.083796753548086 ], [ 628035.619251578231342, 6346419.108700197190046 ], [ 628031.614600084722042, 6346416.041961655952036 ], [ 628025.583739981753752, 6346411.423564488068223 ], [ 628018.501630269689485, 6346406.00012655928731 ], [ 628015.548228385276161, 6346403.738428779877722 ], [ 628005.512716788798571, 6346396.053293070755899 ], [ 628005.388660454424098, 6346395.958291460759938 ], [ 627999.415809490717947, 6346385.916456363163888 ], [ 628000.146120338467881, 6346375.874621265567839 ], [ 628000.876366954762489, 6346365.83278616797179 ], [ 628001.606677802628838, 6346355.790951071307063 ], [ 628002.336924418923445, 6346345.749115973711014 ], [ 628003.074552319245413, 6346335.707280876114964 ], [ 628003.912089042481966, 6346325.665445778518915 ], [ 628004.648834568797611, 6346315.623610680922866 ], [ 628005.512716788798571, 6346308.600371548905969 ], [ 628005.90927102486603, 6346305.581775583326817 ], [ 628007.133893557358533, 6346295.539940485730767 ], [ 628008.369697785237804, 6346285.498105389066041 ], [ 628009.830322682857513, 6346275.456270290538669 ], [ 628011.872601020382717, 6346265.414435193873942 ], [ 628013.926208410295658, 6346255.372600096277893 ], [ 628005.512716788798571, 6346245.548576915636659 ], [ 628004.635313286446035, 6346245.330764998681843 ], [ 627995.47720519232098, 6346243.199578102678061 ], [ 627985.44169359584339, 6346239.134806048125029 ], [ 627977.992901572608389, 6346235.288929901085794 ], [ 627975.406181999249384, 6346233.953392615541816 ], [ 627965.370670402888209, 6346228.77202632650733 ], [ 627958.54340756777674, 6346225.247094804421067 ], [ 627955.335158806410618, 6346223.590668580494821 ], [ 627945.299647209933028, 6346218.409310834482312 ], [ 627939.093881498207338, 6346215.205259706825018 ], [ 627935.264135613571852, 6346213.227953087538481 ], [ 627925.228624017094262, 6346208.046595340594649 ], [ 627919.644355428637937, 6346205.163424609228969 ], [ 627915.193112420616671, 6346202.393716956488788 ], [ 627905.157600824139081, 6346196.269273633137345 ], [ 627903.246783262817189, 6346195.121589511632919 ], [ 627895.12208922766149, 6346191.097196441143751 ], [ 627885.086577631067485, 6346186.067499170079827 ], [ 627883.624490469926968, 6346185.07975441403687 ], [ 627875.051066034706309, 6346179.094277314841747 ], [ 627868.948697249521501, 6346175.037919316440821 ], [ 627865.015554438228719, 6346172.333157521672547 ], [ 627854.980042841751128, 6346165.96846160851419 ], [ 627853.270865889382549, 6346164.996084218844771 ], [ 627844.944531245157123, 6346160.259102752432227 ], [ 627835.62018458917737, 6346154.954249121248722 ], [ 627834.909019648912363, 6346154.549649629741907 ], [ 627824.873508052434772, 6346148.840196507051587 ], [ 627817.969526773202233, 6346144.912414024583995 ], [ 627814.837996455957182, 6346143.130837651900947 ], [ 627804.802484859479591, 6346137.421384528279305 ], [ 627797.561320402775891, 6346134.870578927919269 ], [ 627794.766973263002001, 6346134.187436860054731 ], [ 627784.73146166652441, 6346131.466984333470464 ], [ 627774.69595007004682, 6346128.73290098272264 ], [ 627764.660438473569229, 6346125.998817631974816 ], [ 627760.365657480200753, 6346124.828743829391897 ], [ 627754.624926877091639, 6346123.264744265936315 ], [ 627744.589415280614048, 6346120.530678372830153 ], [ 627734.553903684252873, 6346117.796612477861345 ], [ 627724.518392087775283, 6346115.06254658382386 ], [ 627723.506650979164988, 6346114.786908731795847 ], [ 627714.482880491297692, 6346112.328480688855052 ], [ 627704.447368894820102, 6346109.594414794817567 ], [ 627694.411857298342511, 6346106.860348900780082 ], [ 627690.946921315044165, 6346104.745073634199798 ], [ 627684.376345701864921, 6346099.750104598701 ], [ 627674.34083410538733, 6346095.364481237716973 ], [ 627672.827715223887935, 6346094.703238536603749 ], [ 627664.30532250890974, 6346090.978868391364813 ], [ 627654.269810912432149, 6346086.593250288628042 ], [ 627649.849209070205688, 6346084.661403439007699 ], [ 627644.234299315954559, 6346082.207651695236564 ], [ 627634.198787719593383, 6346077.844723341986537 ], [ 627626.375867857015692, 6346074.619568342342973 ], [ 627624.163276123115793, 6346073.798266528174281 ], [ 627614.127764526521787, 6346070.073211777955294 ], [ 627604.092252930160612, 6346066.348098011687398 ], [ 627599.322822527959943, 6346064.577733244746923 ], [ 627594.056741333683021, 6346062.623030629009008 ], [ 627584.021229737205431, 6346058.897935353219509 ], [ 627573.985718140844256, 6346060.765619991347194 ], [ 627573.863497697631828, 6346064.577733243815601 ], [ 627573.98571814072784, 6346067.957316449843347 ], [ 627574.453327781171538, 6346074.619568342342973 ], [ 627574.683947942103259, 6346084.661403439007699 ], [ 627574.406098791281693, 6346094.703238536603749 ], [ 627573.98571814072784, 6346104.60229872725904 ], [ 627573.979654958355241, 6346104.745073634199798 ], [ 627573.553189157159068, 6346114.786908730864525 ], [ 627573.126745324349031, 6346124.828743829391897 ], [ 627572.700282337144017, 6346134.870578926987946 ], [ 627572.273835690226406, 6346144.912414024583995 ], [ 627571.723558574449271, 6346154.954249121248722 ], [ 627570.913030229741707, 6346164.996084218844771 ], [ 627568.008826834848151, 6346175.037919316440821 ], [ 627567.09547590627335, 6346185.07975441403687 ], [ 627563.95020654425025, 6346187.639834072440863 ], [ 627553.914694947772659, 6346190.499188343062997 ], [ 627543.879183351295069, 6346189.976501936092973 ], [ 627533.843671754933894, 6346189.182897284626961 ], [ 627523.808160158456303, 6346188.389295647852123 ], [ 627513.772648561978713, 6346187.595690273679793 ], [ 627503.737136965501122, 6346186.80208489857614 ], [ 627493.701625369023532, 6346186.008487828075886 ], [ 627483.666113772545941, 6346185.214883299544454 ], [ 627481.957345734816045, 6346185.07975441403687 ], [ 627473.630602176068351, 6346184.421278525143862 ], [ 627463.59509057959076, 6346183.627673872746527 ], [ 627453.55957898311317, 6346182.834076326340437 ], [ 627443.524067386751994, 6346182.040470951236784 ], [ 627433.488555790274404, 6346181.246869068592787 ], [ 627423.453044193796813, 6346180.453264417126775 ], [ 627413.417532597319223, 6346179.659663977101445 ], [ 627403.382021000841632, 6346178.866058601997793 ], [ 627393.346509404364042, 6346178.07245322689414 ], [ 627383.310997807886451, 6346180.436732301488519 ], [ 627373.275486211408861, 6346182.156839041039348 ], [ 627363.23997461493127, 6346181.102115807123482 ], [ 627353.20446301845368, 6346180.047392573207617 ], [ 627343.168951421976089, 6346178.992669340223074 ], [ 627333.133439825614914, 6346177.937946107238531 ], [ 627323.097928229137324, 6346176.883222874253988 ], [ 627313.062416632659733, 6346175.828499640338123 ], [ 627303.026905036182143, 6346175.334537994116545 ], [ 627302.565133972559124, 6346175.037919316440821 ], [ 627292.991393439704552, 6346169.081743244081736 ], [ 627288.255032395245507, 6346164.996084218844771 ], [ 627282.955881843343377, 6346162.325969638302922 ], [ 627275.831383424811065, 6346164.996084218844771 ], [ 627272.920370246749371, 6346167.235749561339617 ], [ 627262.884858650271781, 6346171.070631187409163 ], [ 627252.84934705379419, 6346174.989770510233939 ], [ 627252.747060827445239, 6346175.037919316440821 ], [ 627242.8138354573166, 6346181.371470365673304 ], [ 627234.591104830731638, 6346185.07975441403687 ], [ 627232.778323860955425, 6346187.03011885844171 ], [ 627222.742812264477834, 6346194.761698899790645 ], [ 627222.350495984661393, 6346195.121589511632919 ], [ 627214.921613846207038, 6346205.163424609228969 ], [ 627212.707300668000244, 6346207.357575313188136 ], [ 627202.671789071522653, 6346214.16820758022368 ], [ 627200.628694345243275, 6346215.205259706825018 ], [ 627192.636277475045063, 6346219.524581111967564 ], [ 627182.600765878567472, 6346224.164069174788892 ], [ 627181.651440907851793, 6346225.247094803489745 ], [ 627173.081582986167632, 6346235.288929901085794 ], [ 627172.565254282089882, 6346235.797091346234083 ], [ 627164.039110492565669, 6346245.330764998681843 ], [ 627162.529742685612291, 6346249.300042770802975 ], [ 627160.090577688533813, 6346255.372600096277893 ], [ 627155.143312770989724, 6346265.414435193873942 ], [ 627152.494231089134701, 6346270.791465861722827 ], [ 627150.196039256989025, 6346275.456270291469991 ], [ 627145.248765742988326, 6346285.498105388134718 ], [ 627142.45871949265711, 6346291.161271769553423 ], [ 627140.301498977583833, 6346295.539940485730767 ], [ 627135.354227311559953, 6346305.581775583326817 ], [ 627132.423207896295935, 6346311.53107544593513 ], [ 627128.884419545298442, 6346315.623610680922866 ], [ 627122.387696299818344, 6346323.47418933082372 ], [ 627112.352184703340754, 6346321.735477167181671 ], [ 627102.316673106863163, 6346322.870185670442879 ], [ 627094.894149507628754, 6346325.665445778518915 ], [ 627092.281161510385573, 6346327.592552932910621 ], [ 627083.980969352996908, 6346335.707280876114964 ], [ 627082.245649913907982, 6346337.497985942289233 ], [ 627074.204825973371044, 6346345.749115973711014 ], [ 627072.210138317430392, 6346347.794573865830898 ], [ 627064.412238901248202, 6346355.790951071307063 ], [ 627062.174626720952801, 6346358.085506182163954 ], [ 627054.619640861987136, 6346365.83278616797179 ], [ 627052.139115124475211, 6346368.376447765156627 ], [ 627044.827020387165248, 6346375.874621266499162 ], [ 627042.10360352799762, 6346378.325456231832504 ], [ 627032.068091931636445, 6346385.075631832703948 ], [ 627031.036130635999143, 6346385.916456364095211 ], [ 627022.032580335158855, 6346395.067214360460639 ], [ 627021.155837938538752, 6346395.958291460759938 ], [ 627011.997068738681264, 6346405.266806179657578 ], [ 627011.275545241194777, 6346406.000126558355987 ], [ 627001.961557142203674, 6346415.466397998854518 ], [ 627001.395252543850802, 6346416.041961655952036 ], [ 626991.926045545726083, 6346425.66598981898278 ], [ 626991.514959846390411, 6346426.083796753548086 ], [ 626981.890533949248493, 6346435.865581637248397 ], [ 626981.634667149046436, 6346436.125631851144135 ], [ 626971.855022352770902, 6346446.065173457376659 ], [ 626971.754374451586045, 6346446.167466947808862 ], [ 626961.874081754125655, 6346456.209302045404911 ], [ 626961.819510756293312, 6346456.266196575015783 ], [ 626951.999117086292244, 6346466.25113714300096 ], [ 626951.783999159815721, 6346466.573301936499774 ], [ 626942.902807441190816, 6346476.29297224059701 ], [ 626941.748487563338131, 6346478.366526564583182 ], [ 626937.179852729546838, 6346486.334807338193059 ], [ 626931.712975966976956, 6346495.868714351207018 ], [ 626931.421722838771529, 6346496.376642434857786 ], [ 626925.663524369709194, 6346506.418477533385158 ], [ 626921.677464370499365, 6346513.439837642945349 ], [ 626919.986632309854031, 6346516.460312630049884 ], [ 626914.435774825979024, 6346526.502147728577256 ], [ 626911.641952774021775, 6346531.551787663251162 ], [ 626908.810542243067175, 6346536.543982825241983 ], [ 626903.056494929245673, 6346546.585817922838032 ], [ 626901.606441177544184, 6346549.116388917900622 ], [ 626897.367671665502712, 6346556.627653021365404 ], [ 626892.125026486348361, 6346566.669488118030131 ], [ 626891.570929581066594, 6346567.760980457998812 ], [ 626887.237060309271328, 6346576.711323216557503 ], [ 626885.720330864191055, 6346586.753158312290907 ], [ 626888.515678700758144, 6346596.794993409886956 ], [ 626888.082083331886679, 6346606.836828507483006 ], [ 626881.535417984472588, 6346614.068909963592887 ], [ 626877.935870288405567, 6346616.878663605079055 ], [ 626871.499906388111413, 6346620.72529848664999 ], [ 626861.464394791750237, 6346625.844391588121653 ], [ 626859.354767231154256, 6346626.920498702675104 ], [ 626851.428883195156232, 6346630.963392851874232 ], [ 626842.54303770174738, 6346636.962333800271153 ], [ 626841.393371598678641, 6346637.641984229907393 ], [ 626831.357860002317466, 6346645.712218940258026 ], [ 626829.751292256172746, 6346647.004168897867203 ], [ 626821.322348405839875, 6346653.782453648746014 ], [ 626817.264052888844162, 6346657.046003994531929 ], [ 626811.286836809362285, 6346661.852688358165324 ], [ 626804.776813521515578, 6346667.087839092127979 ], [ 626801.251325212884694, 6346670.303390301764011 ], [ 626797.747613721992821, 6346677.129674189724028 ], [ 626793.705534317530692, 6346687.171509287320077 ], [ 626791.215813616407104, 6346693.356873498298228 ], [ 626789.644755231915042, 6346697.213344384916127 ], [ 626785.566490905359387, 6346707.255179482512176 ], [ 626781.50648781680502, 6346717.297014580108225 ], [ 626781.180302019929513, 6346718.105737991631031 ], [ 626777.246935955248773, 6346727.338849676772952 ], [ 626775.352733244886622, 6346737.380684774369001 ], [ 626776.893123732414097, 6346747.422519871965051 ], [ 626781.180302019929513, 6346757.384553480893373 ], [ 626781.234872501692735, 6346757.4643549695611 ], [ 626782.699920571409166, 6346767.506190067157149 ], [ 626781.180302019929513, 6346771.145105142146349 ], [ 626778.506429217522964, 6346777.548025164753199 ], [ 626775.812913744244725, 6346787.589860262349248 ], [ 626776.120868004625663, 6346797.631695359013975 ], [ 626777.637494489434175, 6346807.673530456610024 ], [ 626779.257585906540044, 6346817.715365554206073 ], [ 626780.877712475601584, 6346827.757200651802123 ], [ 626781.180302019929513, 6346829.632745619863272 ], [ 626782.497167342458852, 6346837.799035749398172 ], [ 626783.706734301289544, 6346847.840870846994221 ], [ 626786.883705315412953, 6346857.882705945521593 ], [ 626788.993727571796626, 6346867.924541041254997 ], [ 626781.180302019929513, 6346876.956833805888891 ], [ 626780.30699287680909, 6346877.966376138851047 ], [ 626774.509696949273348, 6346888.008211236447096 ], [ 626771.144790423451923, 6346894.744652703404427 ], [ 626769.493709882488474, 6346898.050046334974468 ], [ 626764.477682361844927, 6346908.091881431639194 ], [ 626761.109278826974332, 6346911.563095483928919 ], [ 626754.07186983153224, 6346918.133716529235244 ], [ 626751.073767230496742, 6346920.270745480433106 ], [ 626744.039876477210782, 6346928.175551626831293 ], [ 626744.997217491967604, 6346938.21738672349602 ], [ 626746.735382090788335, 6346948.259221822023392 ], [ 626748.211055806372315, 6346958.301056917756796 ], [ 626751.073767230496742, 6346963.820350853726268 ], [ 626753.352294374490157, 6346968.342892016284168 ], [ 626761.109278826974332, 6346977.729294206015766 ], [ 626761.650932889780961, 6346978.384727113880217 ], [ 626769.479649415705353, 6346988.426562211476266 ], [ 626771.144790423451923, 6346990.11002461053431 ], [ 626777.861566359992139, 6346998.468397310003638 ], [ 626781.180302019929513, 6347002.016399225220084 ], [ 626786.54686629504431, 6347008.510232406668365 ], [ 626791.215813616407104, 6347014.159911322407424 ], [ 626794.845520347822458, 6347018.552067503333092 ], [ 626801.251325212884694, 6347026.303463831543922 ], [ 626803.511174340848811, 6347028.593902600929141 ], [ 626811.286836809362285, 6347038.40089331753552 ], [ 626812.942522499943152, 6347038.63573769852519 ], [ 626821.322348405839875, 6347040.231821369379759 ], [ 626831.357860002317466, 6347040.758336360566318 ], [ 626841.393371598678641, 6347040.227684714831412 ], [ 626851.428883195156232, 6347046.238375549204648 ], [ 626852.99003636604175, 6347048.67757279612124 ], [ 626859.417056002072059, 6347058.719407893717289 ], [ 626861.464394791750237, 6347061.918237599544227 ], [ 626865.844106019008905, 6347068.761242991313338 ], [ 626871.499906388111413, 6347077.598093952983618 ], [ 626872.271127989748493, 6347078.803078088909388 ], [ 626877.942531567881815, 6347088.844913185574114 ], [ 626881.535417984589003, 6347097.479085232131183 ], [ 626882.165871379082091, 6347098.886748283170164 ], [ 626891.570929581066594, 6347106.822984733618796 ], [ 626894.477312293718569, 6347108.928583380766213 ], [ 626901.606441177427769, 6347113.362648421898484 ], [ 626910.622663338202983, 6347118.97041847743094 ], [ 626911.641952774021775, 6347119.604381655342877 ], [ 626921.677464370499365, 6347125.84610552713275 ], [ 626926.768014382803813, 6347129.012253575026989 ], [ 626931.712975966976956, 6347133.125320004299283 ], [ 626935.494674123823643, 6347139.054088673554361 ], [ 626941.748487563338131, 6347146.149315321817994 ], [ 626945.232947864220478, 6347149.09592377115041 ], [ 626951.783999159815721, 6347154.553200733847916 ], [ 626956.978949494892731, 6347159.137758867815137 ], [ 626961.819510756293312, 6347163.617102372460067 ], [ 626967.458201695582829, 6347169.179593965411186 ], [ 626971.855022352770902, 6347178.623932629823685 ], [ 626972.051667541149072, 6347179.221429063007236 ], [ 626971.855022352770902, 6347179.679023174569011 ], [ 626967.837840081425384, 6347189.263264160603285 ], [ 626966.855429678456858, 6347199.305099258199334 ], [ 626961.819510756293312, 6347208.959918160922825 ], [ 626961.557172186556272, 6347209.346934355795383 ], [ 626953.740036108996719, 6347219.388769453391433 ], [ 626951.783999159815721, 6347221.633451515808702 ], [ 626941.748487563338131, 6347224.211510905995965 ], [ 626931.712975966976956, 6347224.605608629062772 ], [ 626921.677464370499365, 6347224.999715683050454 ], [ 626911.641952774021775, 6347225.393814061768353 ], [ 626901.606441177427769, 6347225.78791243955493 ], [ 626891.570929581066594, 6347226.182016221806407 ], [ 626881.535417984589003, 6347226.576113944873214 ], [ 626876.685095225810073, 6347229.430604550056159 ], [ 626872.749299781862646, 6347239.472439647652209 ], [ 626871.499906388111413, 6347243.208140151575208 ], [ 626867.678380202036351, 6347249.514274744316936 ], [ 626861.464394791633822, 6347255.022981703281403 ], [ 626856.270194039680064, 6347259.556109842844307 ], [ 626851.428883195156232, 6347263.78126082662493 ], [ 626844.76397388195619, 6347269.597944940440357 ], [ 626841.393371598678641, 6347272.539568038657308 ], [ 626833.257730162702501, 6347279.639780038036406 ], [ 626831.357860002317466, 6347281.297858799807727 ], [ 626826.401443348731846, 6347279.639780038036406 ], [ 626821.322348405839875, 6347277.785110195167363 ], [ 626811.2868368094787, 6347270.433127471245825 ], [ 626810.146813110215589, 6347269.597944941371679 ], [ 626801.251325212884694, 6347263.081101382151246 ], [ 626796.439685305114836, 6347259.556109842844307 ], [ 626791.215813616523519, 6347255.729118659161031 ], [ 626783.308394821011461, 6347249.514274745248258 ], [ 626781.180302019929513, 6347247.710824622772634 ], [ 626771.88732945965603, 6347239.472439647652209 ], [ 626771.144790423451923, 6347238.814168688841164 ], [ 626761.109278826974332, 6347229.917553383857012 ], [ 626760.559996150201187, 6347229.430604550056159 ], [ 626751.073767230496742, 6347221.15639815852046 ], [ 626749.029332778300159, 6347219.388769453391433 ], [ 626741.038255634019151, 6347210.329746098257601 ], [ 626740.250854401034303, 6347209.346934355795383 ], [ 626731.002744037657976, 6347202.836622635833919 ], [ 626720.967232441180386, 6347201.496273346245289 ], [ 626717.230480489204638, 6347199.305099258199334 ], [ 626720.96723244106397, 6347192.967191498726606 ], [ 626722.945398044772446, 6347189.263264160603285 ], [ 626725.194529421627522, 6347179.221429063007236 ], [ 626720.967232441180386, 6347176.569686690345407 ], [ 626718.02328145923093, 6347179.221429063007236 ], [ 626710.931720844702795, 6347185.609170187264681 ], [ 626706.875008402392268, 6347189.263264160603285 ], [ 626700.896209248225205, 6347194.648682590574026 ], [ 626697.587747552897781, 6347199.305099259130657 ], [ 626697.462425704812631, 6347209.346934355795383 ], [ 626696.438486170605756, 6347219.388769453391433 ], [ 626690.860697651747614, 6347224.860123572871089 ], [ 626680.825186055270024, 6347220.85078894533217 ], [ 626678.559878133237362, 6347229.430604550056159 ], [ 626675.90851016715169, 6347239.472439647652209 ], [ 626673.090096133528277, 6347249.514274745248258 ], [ 626670.789674458792433, 6347254.52523653395474 ], [ 626668.418374115601182, 6347259.556109842844307 ], [ 626662.712505463627167, 6347269.597944940440357 ], [ 626660.754162862314843, 6347272.816958015784621 ], [ 626656.365732838632539, 6347279.639780037105083 ], [ 626650.718651265837252, 6347289.465138465166092 ], [ 626650.585082447272725, 6347289.681615135632455 ], [ 626649.010420977370813, 6347299.723450232297182 ], [ 626650.718651265837252, 6347300.403617644682527 ], [ 626660.754162862314843, 6347306.704343523830175 ], [ 626663.816952309571207, 6347309.765285329893231 ], [ 626667.028607993968762, 6347319.807120427489281 ], [ 626669.992011589580216, 6347329.84895552508533 ], [ 626670.789674458792433, 6347331.460595675744116 ], [ 626675.970905724447221, 6347339.890790622681379 ], [ 626680.825186055270024, 6347346.0602763928473 ], [ 626683.782444179872982, 6347349.932625720277429 ], [ 626690.860697651747614, 6347359.200443539768457 ], [ 626691.711147697875276, 6347359.974460817873478 ], [ 626700.896209248108789, 6347364.280662877485156 ], [ 626705.018317410722375, 6347370.016295914538205 ], [ 626708.527504481025971, 6347380.058131012134254 ], [ 626707.298627886222675, 6347390.099966109730303 ], [ 626702.065465391846374, 6347400.141801207326353 ], [ 626700.896209248225205, 6347401.746592778712511 ], [ 626690.860697651747614, 6347400.810274970717728 ], [ 626689.936573975486681, 6347400.141801207326353 ], [ 626680.825186055270024, 6347394.037095930427313 ], [ 626674.671820512390696, 6347400.141801207326353 ], [ 626670.789674458792433, 6347403.993201698176563 ], [ 626664.549821881344542, 6347410.183636304922402 ], [ 626661.703003612346947, 6347420.225471401587129 ], [ 626661.396348528447561, 6347430.267306500114501 ], [ 626661.162579093012027, 6347440.309141596779227 ], [ 626662.083877151017077, 6347450.350976694375277 ], [ 626663.817213781410828, 6347460.392811791971326 ], [ 626663.057136750197969, 6347470.434646889567375 ], [ 626662.321093861712143, 6347480.476481987163424 ], [ 626661.464607915841043, 6347490.518317084759474 ], [ 626660.754162862198427, 6347498.833788093179464 ], [ 626660.581331216963008, 6347500.560152182355523 ], [ 626659.597394185489975, 6347510.601987279951572 ], [ 626658.648482199991122, 6347520.643822376616299 ], [ 626657.732885153498501, 6347530.685657474212348 ], [ 626659.401934142224491, 6347540.727492571808398 ], [ 626660.754162862314843, 6347544.175326712429523 ], [ 626663.374925007577986, 6347550.76932767033577 ], [ 626667.316812437726185, 6347560.811162767000496 ], [ 626670.789674458792433, 6347569.658127979375422 ], [ 626671.258718718308955, 6347570.852997864596546 ], [ 626675.200624998891726, 6347580.894832962192595 ], [ 626679.142519176471978, 6347590.936668058857322 ], [ 626680.825186055270024, 6347595.22315804194659 ], [ 626683.084437560057268, 6347600.978503156453371 ], [ 626687.026316260918975, 6347611.02033825404942 ], [ 626690.860697651747614, 6347620.78818810544908 ], [ 626690.968250121222809, 6347621.06217335164547 ], [ 626694.798461973201483, 6347631.104008449241519 ], [ 626696.535985662718304, 6347641.145843546837568 ], [ 626697.603143981425092, 6347651.187678643502295 ], [ 626698.741250407765619, 6347661.229513741098344 ], [ 626700.436259305221029, 6347671.271348838694394 ], [ 626700.89620924834162, 6347672.61990060005337 ], [ 626703.670377341564745, 6347681.313183936290443 ], [ 626706.652213874273002, 6347691.355019033886492 ], [ 626707.56566039682366, 6347701.396854130551219 ], [ 626708.479073419817723, 6347711.438689229078591 ], [ 626709.392495401087217, 6347721.48052432667464 ], [ 626710.30590310820844, 6347731.522359423339367 ], [ 626710.931720844702795, 6347738.402043762616813 ], [ 626711.275228379410692, 6347741.564194520935416 ], [ 626720.967232441180386, 6347749.314312941394746 ], [ 626731.002744037657976, 6347747.172012399882078 ], [ 626741.038255634019151, 6347745.029711859300733 ], [ 626751.073767230496742, 6347742.887411316856742 ], [ 626761.109278826974332, 6347742.568336796946824 ], [ 626771.144790423451923, 6347743.726641353219748 ], [ 626781.180302019929513, 6347744.884945910423994 ], [ 626791.215813616407104, 6347745.704837840050459 ], [ 626801.251325212884694, 6347745.320837307721376 ], [ 626811.286836809362285, 6347743.651759620755911 ], [ 626821.322348405839875, 6347741.982681934721768 ], [ 626823.909172026091255, 6347741.564194520935416 ], [ 626831.357860002317466, 6347740.459491509944201 ], [ 626841.393371598678641, 6347739.116648839786649 ], [ 626851.428883195156232, 6347737.370941447094083 ], [ 626861.464394791633822, 6347737.32730214856565 ], [ 626871.499906388111413, 6347737.743685863912106 ], [ 626878.592460728948936, 6347741.564194520935416 ], [ 626881.535417984589003, 6347742.623255863785744 ], [ 626891.570929581066594, 6347750.450294379144907 ], [ 626892.807603432214819, 6347751.606029618531466 ], [ 626895.300042626797222, 6347761.647864716127515 ], [ 626897.514198402524926, 6347771.689699813723564 ], [ 626899.199744292418472, 6347781.731534911319613 ], [ 626900.54478345613461, 6347791.773370008915663 ], [ 626901.606441177544184, 6347800.235609134659171 ], [ 626901.8046137081692, 6347801.815205105580389 ], [ 626903.064439580775797, 6347811.857040202245116 ], [ 626904.324235266656615, 6347821.898875300772488 ], [ 626905.58406633627601, 6347831.940710398368537 ], [ 626906.800538897048682, 6347841.982545495033264 ], [ 626907.988541129860096, 6347852.024380593560636 ], [ 626909.304241703823209, 6347862.066215692088008 ], [ 626911.641952774021775, 6347866.89281796477735 ], [ 626921.677464370499365, 6347866.936853571794927 ], [ 626931.712975966976956, 6347866.26074450276792 ], [ 626941.748487563338131, 6347865.495435347780585 ], [ 626951.783999159699306, 6347864.723461276851594 ], [ 626961.819510756293312, 6347863.955317547544837 ], [ 626971.855022352770902, 6347863.190949496813118 ], [ 626981.890533949248493, 6347862.430329359136522 ], [ 626986.712076078751124, 6347862.066215691156685 ], [ 626991.926045545726083, 6347861.675672239623964 ], [ 627001.961557142203674, 6347860.92397943418473 ], [ 627011.997068738681264, 6347860.172286629676819 ], [ 627022.032580335158855, 6347859.420593824237585 ], [ 627032.068091931636445, 6347858.599748721346259 ], [ 627042.10360352799762, 6347857.678561603650451 ], [ 627052.139115124475211, 6347856.581451296806335 ], [ 627062.174626720952801, 6347855.484386146068573 ], [ 627072.210138317430392, 6347857.369095450267196 ], [ 627082.245649913907982, 6347858.327674580737948 ], [ 627092.281161510385573, 6347857.086662458255887 ], [ 627102.316673106863163, 6347855.727769616991282 ], [ 627112.352184703340754, 6347857.135915070772171 ], [ 627122.387696299818344, 6347858.544118314981461 ], [ 627132.423207896295935, 6347859.952275934629142 ], [ 627142.45871949265711, 6347861.36046701297164 ], [ 627147.488212972180918, 6347862.066215691156685 ], [ 627152.494231089134701, 6347862.768666216172278 ], [ 627162.529742685612291, 6347863.752396970055997 ], [ 627172.565254282089882, 6347863.462487359531224 ], [ 627182.600765878567472, 6347862.807608054950833 ], [ 627191.890982244512998, 6347862.066215691156685 ], [ 627192.636277475045063, 6347862.006737975403666 ], [ 627202.671789071522653, 6347861.205861650407314 ], [ 627205.281925585586578, 6347862.066215691156685 ], [ 627212.707300668000244, 6347864.559844261035323 ], [ 627222.742812264477834, 6347868.26878166384995 ], [ 627232.778323860955425, 6347871.97763286717236 ], [ 627233.131204056320712, 6347872.108050787821412 ], [ 627242.8138354573166, 6347875.622197883203626 ], [ 627252.84934705379419, 6347879.184720743447542 ], [ 627261.376113886595704, 6347882.149885884486139 ], [ 627262.884858650271781, 6347882.66602573543787 ], [ 627272.920370246749371, 6347886.09916271828115 ], [ 627282.955881843226962, 6347889.532299702987075 ], [ 627290.729720529750921, 6347892.191720983013511 ], [ 627292.991393439704552, 6347892.965430341660976 ], [ 627303.026905036182143, 6347896.398539173416793 ], [ 627313.062416632659733, 6347899.831648004241288 ], [ 627320.083567878929898, 6347902.23355608060956 ], [ 627323.097928229137324, 6347903.264765292406082 ], [ 627333.133439825614914, 6347906.697902276180685 ], [ 627343.168951421976089, 6347910.131039259955287 ], [ 627349.4371745219687, 6347912.275391178205609 ], [ 627353.20446301845368, 6347913.564165675081313 ] ], [ [ 626731.002744037657976, 6347172.30881535820663 ], [ 626732.270476169884205, 6347169.179593964479864 ], [ 626731.002744037657976, 6347167.53025484085083 ], [ 626729.171676036436111, 6347169.179593965411186 ], [ 626731.002744037657976, 6347172.30881535820663 ] ], [ [ 626741.038255634019151, 6347159.676767859607935 ], [ 626741.365901238517836, 6347159.137758867815137 ], [ 626741.038255634019151, 6347158.490742438472807 ], [ 626740.319949093391187, 6347159.137758867815137 ], [ 626741.038255634019151, 6347159.676767859607935 ] ] ] } },
{ "type": "Feature", "properties": { "id": 0, "cost_level": 300.0 }, "geometry": { "type": "Polygon", "coordinates": [ [ [ 627303.026905036182143, 6347550.772037854418159 ], [ 627313.062416632659733, 6347552.405791223049164 ], [ 627323.097928229137324, 6347554.497750634327531 ], [ 627333.133439825614914, 6347553.394573698751628 ], [ 627343.168951421976089, 6347552.898701405152678 ], [ 627353.20446301845368, 6347552.616515839472413 ], [ 627363.23997461493127, 6347552.184674698859453 ], [ 627373.275486211525276, 6347551.752860612235963 ], [ 627383.310997807886451, 6347551.321019471623003 ], [ 627393.346509404247627, 6347550.889178331010044 ], [ 627396.131706520798616, 6347550.769327669404447 ], [ 627403.382021000841632, 6347550.457337189465761 ], [ 627413.417532597319223, 6347550.025523102842271 ], [ 627423.453044193796813, 6347548.409969868138433 ], [ 627426.161944651510566, 6347540.72749257273972 ], [ 627427.499347816454247, 6347530.685657473281026 ], [ 627427.917117948876694, 6347520.643822375684977 ], [ 627427.445715891662985, 6347510.601987279951572 ], [ 627425.688286418560892, 6347500.560152182355523 ], [ 627423.554999371175654, 6347490.518317084759474 ], [ 627423.749463718966581, 6347480.476481987163424 ], [ 627423.453044193796813, 6347477.281062371097505 ], [ 627422.815711666713469, 6347470.434646889567375 ], [ 627421.880932162166573, 6347460.392811791971326 ], [ 627420.946138158673421, 6347450.350976694375277 ], [ 627422.373401500284672, 6347440.309141596779227 ], [ 627423.453044193796813, 6347437.580627861432731 ], [ 627426.346844533807598, 6347430.267306499183178 ], [ 627433.488555790274404, 6347420.999928064644337 ], [ 627434.915066927787848, 6347420.225471402518451 ], [ 627443.524067386635579, 6347415.79454231262207 ], [ 627449.362614454585128, 6347410.183636304922402 ], [ 627449.81840186775662, 6347400.141801207326353 ], [ 627453.55957898311317, 6347392.892266642302275 ], [ 627456.719167127972469, 6347390.099966109730303 ], [ 627463.59509057959076, 6347385.934337694197893 ], [ 627473.294550855178386, 6347380.058131012134254 ], [ 627473.630602176068351, 6347379.758016450330615 ], [ 627483.666113772545941, 6347370.854638915508986 ], [ 627484.61768547189422, 6347370.016295914538205 ], [ 627483.666113772545941, 6347367.460422158241272 ], [ 627479.745376269100234, 6347359.974460817873478 ], [ 627483.666113772545941, 6347358.324797500856221 ], [ 627493.701625369023532, 6347357.713398025371134 ], [ 627503.737136965501122, 6347356.953785931691527 ], [ 627513.772648561978713, 6347352.920334086753428 ], [ 627520.88497498689685, 6347349.932625720277429 ], [ 627523.808160158456303, 6347348.704669595696032 ], [ 627533.843671754933894, 6347344.489005103707314 ], [ 627543.879183351295069, 6347340.28783518075943 ], [ 627544.811590909026563, 6347339.890790623612702 ], [ 627553.914694947772659, 6347336.118824227713048 ], [ 627563.95020654425025, 6347332.095846958458424 ], [ 627569.922429482685402, 6347329.84895552508533 ], [ 627573.98571814072784, 6347328.364864188246429 ], [ 627584.021229737205431, 6347324.636729353107512 ], [ 627594.056741333683021, 6347321.012368176132441 ], [ 627597.385636408347636, 6347319.807120427489281 ], [ 627604.092252930160612, 6347317.412236839532852 ], [ 627614.127764526638202, 6347312.556691532023251 ], [ 627619.367669195053168, 6347309.765285329893231 ], [ 627624.163276123115793, 6347307.210565775632858 ], [ 627634.198787719593383, 6347301.864474333822727 ], [ 627638.217823782004416, 6347299.723450232297182 ], [ 627644.234299315954559, 6347296.518348578363657 ], [ 627654.269810912432149, 6347291.787615886889398 ], [ 627660.218384392326698, 6347289.681615135632455 ], [ 627664.30532250890974, 6347288.234692681580782 ], [ 627674.34083410538733, 6347284.681744732894003 ], [ 627684.376345701864921, 6347281.128791776485741 ], [ 627688.448943542549387, 6347279.639780038036406 ], [ 627694.411857298342511, 6347276.235988898202777 ], [ 627702.624561604694463, 6347269.597944940440357 ], [ 627704.447368894820102, 6347268.311165812425315 ], [ 627714.482880491297692, 6347261.37229330278933 ], [ 627717.109581889933906, 6347259.55610984377563 ], [ 627724.518392087775283, 6347254.433426866307855 ], [ 627731.632840623613447, 6347249.514274746179581 ], [ 627734.553903684252873, 6347247.494560429826379 ], [ 627744.589415280614048, 6347240.555693993344903 ], [ 627746.156099357292987, 6347239.472439648583531 ], [ 627754.624926877091639, 6347233.61682755779475 ], [ 627760.679358090972528, 6347229.430604550056159 ], [ 627764.660438473569229, 6347226.679778922349215 ], [ 627774.69595007004682, 6347219.739093032665551 ], [ 627775.20261336362455, 6347219.38876945246011 ], [ 627784.73146166652441, 6347214.560576027259231 ], [ 627791.347546254051849, 6347209.346934355795383 ], [ 627794.766973263002001, 6347205.694865791127086 ], [ 627802.296255752793513, 6347199.305099258199334 ], [ 627804.802484859479591, 6347197.209949058480561 ], [ 627814.308296379400417, 6347189.263264160603285 ], [ 627806.270490775350481, 6347179.221429063007236 ], [ 627804.802484859479591, 6347177.612730382941663 ], [ 627797.764191132504493, 6347169.179593965411186 ], [ 627794.766973263002001, 6347165.92160218860954 ], [ 627788.962216035346501, 6347159.137758867815137 ], [ 627784.73146166652441, 6347155.226504426449537 ], [ 627777.012448897585273, 6347149.09592377115041 ], [ 627774.69595007004682, 6347147.510793726891279 ], [ 627764.660438473569229, 6347140.865583222359419 ], [ 627761.50699775852263, 6347139.054088674485683 ], [ 627754.624926877091639, 6347135.090982085093856 ], [ 627751.10717171151191, 6347129.012253575958312 ], [ 627746.121101432014257, 6347118.970418478362262 ], [ 627744.589415280614048, 6347115.885640007443726 ], [ 627741.808698823093437, 6347108.928583380766213 ], [ 627737.765228873351589, 6347098.886748283170164 ], [ 627734.553903684252873, 6347094.629093590192497 ], [ 627730.495969374664128, 6347088.844913185574114 ], [ 627724.518392087775283, 6347080.167171435430646 ], [ 627723.578749765641987, 6347078.803078088909388 ], [ 627716.661546443239786, 6347068.761242991313338 ], [ 627714.482880491297692, 6347065.598439804278314 ], [ 627709.74432683410123, 6347058.719407893717289 ], [ 627704.447368894820102, 6347051.029731817543507 ], [ 627703.038075782824308, 6347048.67757279612124 ], [ 627697.795443692593835, 6347038.63573769852519 ], [ 627694.411857298342511, 6347030.813347795046866 ], [ 627693.456327648251317, 6347028.593902600929141 ], [ 627689.133052982157096, 6347018.552067503333092 ], [ 627684.80977831617929, 6347008.510232406668365 ], [ 627684.376345701748505, 6347007.503481928259134 ], [ 627680.486503650201485, 6346998.468397309072316 ], [ 627676.163228984107263, 6346988.426562211476266 ], [ 627674.34083410538733, 6346984.193628426641226 ], [ 627671.839941687765531, 6346978.38472711481154 ], [ 627667.217938748886809, 6346968.342892016284168 ], [ 627664.30532250890974, 6346964.333959579467773 ], [ 627659.927464985987172, 6346958.301056918688118 ], [ 627654.269810912432149, 6346950.517352199181914 ], [ 627652.628470904426649, 6346948.259221821092069 ], [ 627651.119920037453994, 6346938.217386724427342 ], [ 627653.111474969540723, 6346928.175551626831293 ], [ 627654.269810912432149, 6346922.334957599639893 ], [ 627655.103022143011913, 6346918.133716529235244 ], [ 627657.094577441457659, 6346908.091881431639194 ], [ 627659.086127797840163, 6346898.050046334043145 ], [ 627661.276198948849924, 6346888.008211236447096 ], [ 627664.30532250890974, 6346883.308414364233613 ], [ 627671.207752181682736, 6346877.966376138851047 ], [ 627674.34083410538733, 6346875.534470073878765 ], [ 627684.089811010402627, 6346867.924541041254997 ], [ 627684.376345701864921, 6346867.713962592184544 ], [ 627694.411857298342511, 6346862.172129224985838 ], [ 627702.23285570088774, 6346857.882705943658948 ], [ 627704.447368894936517, 6346856.668157115578651 ], [ 627714.482880491297692, 6346851.164185006171465 ], [ 627720.542332500917837, 6346847.840870846994221 ], [ 627724.518392087775283, 6346845.660195911303163 ], [ 627734.553903684252873, 6346840.156223801895976 ], [ 627738.851815729634836, 6346837.799035749398172 ], [ 627744.589415280614048, 6346829.755765423178673 ], [ 627746.002278906642459, 6346827.7572006508708 ], [ 627747.04334532096982, 6346817.715365554206073 ], [ 627747.806554443668574, 6346807.673530456610024 ], [ 627747.459691852447577, 6346797.631695359945297 ], [ 627745.875816401676275, 6346787.589860262349248 ], [ 627744.589415280614048, 6346779.127483934164047 ], [ 627744.248823168338276, 6346777.548025164753199 ], [ 627741.702671284787357, 6346767.506190067157149 ], [ 627736.55014184419997, 6346757.464354970492423 ], [ 627734.553903684252873, 6346755.834437718614936 ], [ 627728.759719810681418, 6346747.422519871965051 ], [ 627724.518392087775283, 6346737.73340471368283 ], [ 627724.421411547926255, 6346737.380684774369001 ], [ 627721.660396649618633, 6346727.338849676772952 ], [ 627718.899371388251893, 6346717.297014580108225 ], [ 627716.138363346690312, 6346707.255179482512176 ], [ 627714.482880491297692, 6346701.234159046784043 ], [ 627713.377352652954869, 6346697.213344384916127 ], [ 627710.616337987245061, 6346687.171509287320077 ], [ 627707.855315145570785, 6346677.129674190655351 ], [ 627707.628879908006638, 6346667.087839092127979 ], [ 627714.482880491297692, 6346661.388922403566539 ], [ 627719.706042530830018, 6346657.046003994531929 ], [ 627724.518392087775283, 6346653.044665088877082 ], [ 627731.783205153653398, 6346647.004168897867203 ], [ 627724.518392087775283, 6346638.036712291650474 ], [ 627723.705144763807766, 6346636.962333800271153 ], [ 627719.416512467083521, 6346626.920498702675104 ], [ 627721.046945424983278, 6346616.878663605079055 ], [ 627714.689783011912368, 6346606.836828507483006 ], [ 627714.482880491297692, 6346606.510004750452936 ], [ 627708.332592162652873, 6346596.794993409886956 ], [ 627704.447368894820102, 6346590.657857241109014 ], [ 627701.975429749814793, 6346586.753158312290907 ], [ 627696.638716233894229, 6346576.71132321562618 ], [ 627694.411857298342511, 6346571.126417934894562 ], [ 627692.634753930033185, 6346566.669488118030131 ], [ 627688.630802368745208, 6346556.627653021365404 ], [ 627684.626854662317783, 6346546.585817923769355 ], [ 627684.376345701864921, 6346545.957547854632139 ], [ 627680.622882880968973, 6346536.543982825241983 ], [ 627676.891810403438285, 6346526.502147727645934 ], [ 627676.375864852801897, 6346516.460312630981207 ], [ 627675.859923427226022, 6346506.418477533385158 ], [ 627675.400202860822901, 6346496.376642435789108 ], [ 627676.256368384463713, 6346486.334807338193059 ], [ 627678.083522096276283, 6346476.29297224059701 ], [ 627674.34083410538733, 6346473.418131422251463 ], [ 627664.30532250890974, 6346472.797851697541773 ], [ 627654.269810912432149, 6346471.01236080005765 ], [ 627644.234299315954559, 6346468.92436196282506 ], [ 627634.198787719593383, 6346466.836385165341198 ], [ 627631.532745678210631, 6346466.25113714300096 ], [ 627624.163276123115793, 6346464.312068798579276 ], [ 627615.527576045133173, 6346456.209302045404911 ], [ 627614.127764526638202, 6346454.516893883235753 ], [ 627605.125260383822024, 6346446.167466948740184 ], [ 627604.092252930160612, 6346444.879979464225471 ], [ 627594.056741333683021, 6346438.66126349195838 ], [ 627589.964841840206645, 6346436.125631850212812 ], [ 627584.021229737205431, 6346432.442530740052462 ], [ 627573.98571814072784, 6346426.223786436952651 ], [ 627573.75980949762743, 6346426.083796753548086 ], [ 627563.95020654425025, 6346420.005042132921517 ], [ 627557.554777155164629, 6346416.041961655952036 ], [ 627553.914694947772659, 6346413.786308105103672 ], [ 627543.879183351295069, 6346408.393021647818387 ], [ 627537.080223910859786, 6346406.000126558355987 ], [ 627533.843671754933894, 6346404.984675440937281 ], [ 627523.808160158456303, 6346401.77926095481962 ], [ 627513.772648561978713, 6346398.618761800229549 ], [ 627505.471847436041571, 6346395.958291460759938 ], [ 627503.737136965501122, 6346395.396386648528278 ], [ 627493.701625369023532, 6346392.179518574848771 ], [ 627483.666113772545941, 6346388.954786143265665 ], [ 627475.550656215636991, 6346385.916456363163888 ], [ 627473.630602176068351, 6346385.233700590208173 ], [ 627469.925361001165584, 6346385.916456363163888 ], [ 627463.59509057959076, 6346388.397070752456784 ], [ 627458.857247610925697, 6346395.958291459828615 ], [ 627453.55957898311317, 6346404.412949414923787 ], [ 627452.565057547995821, 6346406.000126558355987 ], [ 627446.272855662507936, 6346416.041961655952036 ], [ 627443.524067386635579, 6346420.42882807739079 ], [ 627439.980677422368899, 6346426.083796753548086 ], [ 627433.488555790274404, 6346434.333600802347064 ], [ 627432.048634159145877, 6346436.125631850212812 ], [ 627423.817387733375654, 6346446.167466947808862 ], [ 627423.453044193796813, 6346446.488804115913808 ], [ 627414.290354639175348, 6346456.209302045404911 ], [ 627413.417532597319223, 6346456.860969226807356 ], [ 627409.554776784498245, 6346456.209302045404911 ], [ 627403.382021000725217, 6346454.884515077807009 ], [ 627393.346509404364042, 6346448.625081101432443 ], [ 627388.861641291412525, 6346446.167466947808862 ], [ 627383.310997807886451, 6346444.072128594852984 ], [ 627373.275486211408861, 6346443.644823604263365 ], [ 627363.23997461493127, 6346443.217518613673747 ], [ 627358.814980968367308, 6346446.167466947808862 ], [ 627353.204463018570095, 6346451.361241787672043 ], [ 627348.008048352436163, 6346456.209302045404911 ], [ 627343.168951421976089, 6346460.724013205617666 ], [ 627337.24469901190605, 6346466.25113714300096 ], [ 627333.133439825614914, 6346473.854558556340635 ], [ 627331.653005347237922, 6346476.29297224059701 ], [ 627332.527722158585675, 6346486.334807337261736 ], [ 627333.133439825614914, 6346488.807836438529193 ], [ 627334.987263344693929, 6346496.376642435789108 ], [ 627336.758498103008606, 6346506.418477533385158 ], [ 627336.377941023325548, 6346516.460312630049884 ], [ 627335.529674731427804, 6346526.502147727645934 ], [ 627334.68140843953006, 6346536.543982825241983 ], [ 627333.907198317931034, 6346546.585817922838032 ], [ 627333.4556128870463, 6346556.627653020434082 ], [ 627333.133439825614914, 6346564.002470512874424 ], [ 627333.016929307603277, 6346566.669488118030131 ], [ 627332.539045577286743, 6346576.71132321562618 ], [ 627331.891509781358764, 6346586.753158312290907 ], [ 627330.984054780332372, 6346596.794993409886956 ], [ 627328.556624425924383, 6346606.836828507483006 ], [ 627323.097928229137324, 6346610.044917728751898 ], [ 627313.062416632659733, 6346614.003047748468816 ], [ 627305.771473818225786, 6346616.878663605079055 ], [ 627303.026905036182143, 6346617.961150436662138 ], [ 627292.991393439704552, 6346621.919277152977884 ], [ 627282.955881843110546, 6346625.877403989434242 ], [ 627280.311188990133815, 6346626.920498702675104 ], [ 627272.920370246749371, 6346629.835506558418274 ], [ 627262.884858650388196, 6346632.361843464896083 ], [ 627252.84934705379419, 6346632.332310879603028 ], [ 627247.812618338270113, 6346636.962333800271153 ], [ 627250.321855782531202, 6346647.004168897867203 ], [ 627252.507656189613044, 6346657.046003994531929 ], [ 627252.84934705379419, 6346659.612998006865382 ], [ 627253.844318175106309, 6346667.087839092127979 ], [ 627255.244112283107825, 6346677.129674190655351 ], [ 627256.784852908691391, 6346687.171509287320077 ], [ 627258.3256218675524, 6346697.213344385847449 ], [ 627259.866362493019551, 6346707.255179482512176 ], [ 627261.407131451764144, 6346717.297014580108225 ], [ 627262.884858650271781, 6346726.928157291375101 ], [ 627262.947872077347711, 6346727.338849676772952 ], [ 627262.884858650271781, 6346727.719290901906788 ], [ 627261.294750446104445, 6346737.380684774369001 ], [ 627258.062632738496177, 6346747.422519871965051 ], [ 627254.830513933789916, 6346757.4643549695611 ], [ 627252.84934705379419, 6346763.619648860767484 ], [ 627251.598406245117076, 6346767.506190067157149 ], [ 627248.366277421358973, 6346777.548025164753199 ], [ 627245.134151597623713, 6346787.589860262349248 ], [ 627242.813835457200184, 6346794.798837879672647 ], [ 627241.902040908928029, 6346797.631695359013975 ], [ 627238.669925104244612, 6346807.673530456610024 ], [ 627235.437804396613501, 6346817.715365554206073 ], [ 627232.778323860955425, 6346825.978042398579419 ], [ 627232.205672063515522, 6346827.757200651802123 ], [ 627228.973567884298973, 6346837.799035750329494 ], [ 627225.741443963488564, 6346847.840870846994221 ], [ 627222.742812264477834, 6346857.157303391955793 ], [ 627222.436066215042956, 6346857.882705944590271 ], [ 627218.224231278756633, 6346867.924541041254997 ], [ 627215.176089795539156, 6346877.966376138851047 ], [ 627212.707300668000244, 6346882.839810650795698 ], [ 627210.348191895172931, 6346888.008211236447096 ], [ 627205.831009817426093, 6346898.050046334043145 ], [ 627202.671789071522653, 6346905.799823088571429 ], [ 627201.846294998191297, 6346908.091881431639194 ], [ 627197.830789442174137, 6346918.133716529235244 ], [ 627193.959029610618018, 6346928.175551626831293 ], [ 627192.636277475045063, 6346931.606254819780588 ], [ 627190.087269778829068, 6346938.217386722564697 ], [ 627186.215509947156534, 6346948.259221821092069 ], [ 627182.600765878567472, 6346957.634351566433907 ], [ 627182.34370605321601, 6346958.301056918688118 ], [ 627178.189741510548629, 6346968.342892016284168 ], [ 627173.900123045663349, 6346978.38472711481154 ], [ 627172.565254282089882, 6346981.509604562073946 ], [ 627169.610504580661654, 6346988.426562211476266 ], [ 627165.32088611565996, 6346998.468397309072316 ], [ 627162.529742685612291, 6347001.038536483421922 ], [ 627152.494231089134701, 6347007.005934010259807 ], [ 627149.551308273221366, 6347008.510232406668365 ], [ 627142.45871949265711, 6347011.398457199335098 ], [ 627132.423207896295935, 6347015.678066885098815 ], [ 627122.387696299818344, 6347010.952688477933407 ], [ 627117.599042673246004, 6347008.510232406668365 ], [ 627112.352184703340754, 6347005.899993357248604 ], [ 627102.316673106863163, 6347000.881095412187278 ], [ 627097.517112708301283, 6346998.468397309072316 ], [ 627092.281161510385573, 6346996.11995102558285 ], [ 627082.245649913907982, 6346991.770615592598915 ], [ 627074.214985268888995, 6346988.426562211476266 ], [ 627072.210138317430392, 6346987.646175564266741 ], [ 627062.174626720952801, 6346983.740173217840493 ], [ 627052.139115124475211, 6346979.86904548574239 ], [ 627042.10360352799762, 6346979.468284814618528 ], [ 627037.558194259414449, 6346988.426562211476266 ], [ 627032.421538409776986, 6346998.468397309072316 ], [ 627032.068091931636445, 6346999.229865469038486 ], [ 627026.660106077324599, 6347008.510232406668365 ], [ 627024.238805430708453, 6347018.552067503333092 ], [ 627022.032580335158855, 6347024.994887602515519 ], [ 627020.766737943748012, 6347028.593902599997818 ], [ 627016.504320629755966, 6347038.63573769852519 ], [ 627011.997068738681264, 6347046.970446163788438 ], [ 627010.650533153559081, 6347048.67757279612124 ], [ 627003.493961184401996, 6347058.719407893717289 ], [ 627001.961557142203674, 6347061.108834462240338 ], [ 626993.441557880258188, 6347068.761242991313338 ], [ 626991.926045545726083, 6347070.122430845163763 ], [ 626990.525956523837522, 6347078.803078088909388 ], [ 626991.926045545726083, 6347081.317959697917104 ], [ 626996.77985124650877, 6347088.844913185574114 ], [ 627001.961557142203674, 6347096.372661135159433 ], [ 627004.067250611027703, 6347098.886748283170164 ], [ 627011.997068738681264, 6347106.271548205055296 ], [ 627014.724827832076699, 6347108.92858337983489 ], [ 627022.032580335158855, 6347115.75487255025655 ], [ 627025.330028571886942, 6347118.970418478362262 ], [ 627032.068091931636445, 6347125.282204614952207 ], [ 627035.889215542469174, 6347129.012253575958312 ], [ 627042.10360352799762, 6347136.121080853976309 ], [ 627045.873607113491744, 6347139.054088673554361 ], [ 627051.23852577758953, 6347149.09592377115041 ], [ 627052.139115124475211, 6347150.753332340158522 ], [ 627062.174626720952801, 6347154.298457329161465 ], [ 627072.210138317430392, 6347154.512999368831515 ], [ 627074.868207740364596, 6347159.137758867815137 ], [ 627074.492871236521751, 6347169.179593965411186 ], [ 627072.210138317430392, 6347170.198578732088208 ], [ 627070.871772808488458, 6347169.179593965411186 ], [ 627062.174626720952801, 6347160.236242881044745 ], [ 627052.139115124475211, 6347166.929211378097534 ], [ 627051.144460607436486, 6347169.179593964479864 ], [ 627046.706038066186011, 6347179.221429063007236 ], [ 627042.267616153345443, 6347189.263264160603285 ], [ 627042.10360352799762, 6347189.90795738901943 ], [ 627039.771857749088667, 6347199.305099258199334 ], [ 627038.89168577012606, 6347209.346934355795383 ], [ 627038.011516811326146, 6347219.388769453391433 ], [ 627037.131345481844619, 6347229.430604550056159 ], [ 627032.712384993559681, 6347239.472439647652209 ], [ 627032.068091931636445, 6347240.49032877292484 ], [ 627026.356201555812731, 6347249.514274745248258 ], [ 627022.032580335158855, 6347256.344959814101458 ], [ 627019.981841653352603, 6347259.556109842844307 ], [ 627012.618041368667036, 6347269.597944940440357 ], [ 627011.997068738681264, 6347270.368178680539131 ], [ 627004.522173547768034, 6347279.639780038036406 ], [ 627001.961557142203674, 6347282.815883993171155 ], [ 626996.426315208431333, 6347289.681615135632455 ], [ 626991.926045545609668, 6347295.263600880280137 ], [ 626988.183347899932414, 6347299.723450232297182 ], [ 626981.890533949248493, 6347304.717836009338498 ], [ 626971.855022352770902, 6347308.292302974499762 ], [ 626970.544758741743863, 6347309.765285329893231 ], [ 626967.872060980880633, 6347319.807120427489281 ], [ 626965.039567785337567, 6347329.84895552508533 ], [ 626961.819510756293312, 6347339.693190800957382 ], [ 626961.752668551052921, 6347339.890790622681379 ], [ 626958.355819407152012, 6347349.932625720277429 ], [ 626954.958966389298439, 6347359.974460817873478 ], [ 626951.783999159699306, 6347369.360341416671872 ], [ 626951.449339992715977, 6347370.016295914538205 ], [ 626941.946828357875347, 6347380.058131012134254 ], [ 626941.748487563338131, 6347380.69685036316514 ], [ 626938.081263611093163, 6347390.099966108798981 ], [ 626940.402701133047231, 6347400.14180120639503 ], [ 626941.748487563338131, 6347401.27964966930449 ], [ 626951.783999159815721, 6347400.655997892841697 ], [ 626961.819510756293312, 6347407.757191402837634 ], [ 626964.403241273714229, 6347410.183636304922402 ], [ 626971.855022352770902, 6347417.181787269189954 ], [ 626975.096002427162603, 6347420.225471402518451 ], [ 626981.890533949248493, 6347426.606383136473596 ], [ 626984.681250511319377, 6347430.267306500114501 ], [ 626988.698325135395862, 6347440.309141596779227 ], [ 626991.159716530819423, 6347450.350976694375277 ], [ 626991.926045545726083, 6347451.395325328223407 ], [ 627001.961557142203674, 6347458.895276622846723 ], [ 627005.634191275807098, 6347460.392811791971326 ], [ 627011.99706873879768, 6347462.987302857451141 ], [ 627022.032580335158855, 6347467.188455658964813 ], [ 627027.04776925756596, 6347470.434646889567375 ], [ 627032.068091931636445, 6347474.592328857630491 ], [ 627037.160022265277803, 6347480.476481987163424 ], [ 627042.10360352799762, 6347486.189218036830425 ], [ 627045.849838739261031, 6347490.518317084759474 ], [ 627052.139115124475211, 6347497.786120327189565 ], [ 627054.539655213360675, 6347500.560152182355523 ], [ 627062.174626720952801, 6347509.383002956397831 ], [ 627063.784767017234117, 6347510.601987279951572 ], [ 627072.210138317430392, 6347519.472034308128059 ], [ 627082.245649913907982, 6347517.940466817468405 ], [ 627092.281161510385573, 6347516.40886821039021 ], [ 627102.316673106863163, 6347514.877300719730556 ], [ 627112.352184703340754, 6347515.598537769168615 ], [ 627117.821046508383006, 6347520.643822376616299 ], [ 627122.387696299701929, 6347524.930432066321373 ], [ 627128.518905064323917, 6347530.685657474212348 ], [ 627132.423207896295935, 6347533.439578898251057 ], [ 627142.45871949265711, 6347537.248725345358253 ], [ 627152.494231089134701, 6347539.156791476532817 ], [ 627162.529742685612291, 6347540.23439050745219 ], [ 627167.65095736621879, 6347540.727492570877075 ], [ 627172.565254281973466, 6347541.200671319849789 ], [ 627182.600765878567472, 6347542.222196755930781 ], [ 627192.636277475045063, 6347543.326318766921759 ], [ 627202.671789071522653, 6347544.430440776050091 ], [ 627212.707300668000244, 6347545.534553093835711 ], [ 627222.742812264477834, 6347546.198329107835889 ], [ 627232.778323860955425, 6347546.582629585638642 ], [ 627242.8138354573166, 6347546.391210787929595 ], [ 627252.84934705379419, 6347546.773119319230318 ], [ 627262.884858650271781, 6347547.640864597633481 ], [ 627272.920370246749371, 6347548.50034746248275 ], [ 627282.955881843226962, 6347549.265731516294181 ], [ 627292.991393439704552, 6347550.018639076501131 ], [ 627302.997328390367329, 6347550.76932767033577 ], [ 627303.026905036182143, 6347550.772037854418159 ] ], [ [ 627436.852355414070189, 6346988.426562212407589 ], [ 627433.488555790274404, 6346984.065200939774513 ], [ 627423.453044193796813, 6346980.543749598786235 ], [ 627413.417532597202808, 6346983.835207744501531 ], [ 627403.382021000841632, 6346981.366976464167237 ], [ 627393.346509404364042, 6346978.898772845044732 ], [ 627391.256459372700192, 6346978.384727113880217 ], [ 627383.310997807886451, 6346975.715137576684356 ], [ 627381.870297731482424, 6346968.342892015352845 ], [ 627383.310997807886451, 6346959.501071496866643 ], [ 627383.678546020877548, 6346958.301056919619441 ], [ 627383.310997807886451, 6346954.858314294368029 ], [ 627382.866204091697, 6346948.259221821092069 ], [ 627383.310997807886451, 6346946.819304791279137 ], [ 627393.346509404364042, 6346941.058820696547627 ], [ 627398.750251417281106, 6346938.21738672349602 ], [ 627403.382021000841632, 6346935.220402078703046 ], [ 627408.612027727998793, 6346938.21738672349602 ], [ 627413.417532597319223, 6346945.177766376174986 ], [ 627416.228893646970391, 6346948.259221821092069 ], [ 627423.453044193796813, 6346956.177414341829717 ], [ 627428.938216031529009, 6346958.301056918688118 ], [ 627433.488555790274404, 6346959.079647059552372 ], [ 627433.980374954990111, 6346958.301056918688118 ], [ 627439.73732996720355, 6346948.259221821092069 ], [ 627443.524067386635579, 6346943.192631274461746 ], [ 627446.666830323636532, 6346938.21738672349602 ], [ 627453.010058456915431, 6346928.175551626831293 ], [ 627453.55957898311317, 6346927.305617525242269 ], [ 627463.59509057959076, 6346918.708719335496426 ], [ 627473.630602176068351, 6346922.452269099652767 ], [ 627483.666113772545941, 6346926.681681958027184 ], [ 627493.701625369023532, 6346925.484450277872384 ], [ 627499.910516803851351, 6346928.175551626831293 ], [ 627500.022327668732032, 6346938.217386724427342 ], [ 627493.701625369023532, 6346947.04850862454623 ], [ 627492.835080454126, 6346948.259221820160747 ], [ 627484.496356884832494, 6346958.301056918688118 ], [ 627483.666113772545941, 6346959.15415277145803 ], [ 627473.630602176068351, 6346967.140890024602413 ], [ 627472.386583492276259, 6346968.342892015352845 ], [ 627463.595090579474345, 6346976.837452528066933 ], [ 627461.993730093701743, 6346978.384727113880217 ], [ 627453.55957898311317, 6346986.534015032462776 ], [ 627451.593761031399481, 6346988.426562212407589 ], [ 627443.524067386635579, 6346993.285769226960838 ], [ 627436.852355414070189, 6346988.426562212407589 ] ] ] } }
]
}
