{
"type": "FeatureCollection",
"name": "highway",
"crs": { "type": "name", "properties": { "name": "urn:ogc:def:crs:EPSG::32637" } },
"features": [
{ "type": "Feature", "properties": { "full_id": "w52360895", "osm_id": "52360895", "osm_type": "way", "highway": "residential", "oneway": null, "name:uk": null, "name:ru": null, "name:en": null, "maxspeed": null, "int_name": null, "surface": null, "ref": null, "name:etymology:wikidata": null, "name": null }, "geometry": { "type": "LineString", "coordinates": [ [ 329722.372021886403672, 5809251.744388974271715 ], [ 329714.036801577953156, 5809239.730410069227219 ], [ 329688.660765208071098, 5809223.074007207527757 ], [ 329651.970769848267082, 5809201.398823063820601 ], [ 329626.437448062875774, 5809186.306888429448009 ], [ 329598.861323984048795, 5809162.969015132635832 ], [ 329593.901141722861212, 5809133.614379637874663 ] ] } },
{ "type": "Feature", "properties": { "full_id": "w52360978", "osm_id": "52360978", "osm_type": "way", "highway": "tertiary", "oneway": null, "name:uk": null, "name:ru": null, "name:en": null, "maxspeed": null, "int_name": null, "surface": null, "ref": null, "name:etymology:wikidata": null, "name": "Интернациональный переулок" }, "geometry": { "type": "LineString", "coordinates": [ [ 329805.248910390306264, 5809209.549958629533648 ], [ 329771.790095077711158, 5809019.84384196344763 ], [ 329754.451489026308991, 5808930.328271085396409 ], [ 329724.575885811704211, 5808764.925576699897647 ], [ 329710.997758507379331, 5808687.482378779910505 ], [ 329681.800444382010028, 5808544.869278592988849 ], [ 329638.49048659298569, 5808321.068569895811379 ], [ 329616.473334124777466, 5808197.078550637699664 ], [ 329576.125371230533347, 5807976.927630500867963 ], [ 329559.812956506153569, 5807887.900245543569326 ], [ 329532.433117727690842, 5807761.179325765930116 ], [ 329531.485290081996936, 5807749.555214673280716 ], [ 329530.674990118714049, 5807739.540720585733652 ], [ 329534.456314121955074, 5807719.725298843346536 ], [ 329545.124570323503576, 5807689.906939276494086 ], [ 329559.65059099253267, 5807658.585470788180828 ] ] } },
{ "type": "Feature", "properties": { "full_id": "w52360979", "osm_id": "52360979", "osm_type": "way", "highway": "residential", "oneway": null, "name:uk": null, "name:ru": null, "name:en": null, "maxspeed": null, "int_name": null, "surface": null, "ref": null, "name:etymology:wikidata": "Q251395", "name": "Красноармейский переулок" }, "geometry": { "type": "LineString", "coordinates": [ [ 330778.787024365388788, 5808993.481924839317799 ], [ 330757.569135287310928, 5808750.587924160063267 ], [ 330730.285036092507653, 5808511.922069527208805 ] ] } },
{ "type": "Feature", "properties": { "full_id": "w80563332", "osm_id": "80563332", "osm_type": "way", "highway": "secondary", "oneway": null, "name:uk": null, "name:ru": null, "name:en": null, "maxspeed": null, "int_name": null, "surface": "asphalt", "ref": "54К-8", "name:etymology:wikidata": "Q229828", "name": "улица Калинина" }, "geometry": { "type": "LineString", "coordinates": [ [ 331313.816802250279579, 5808777.396063853055239 ], [ 331253.358595544239506, 5808805.48987926915288 ], [ 331039.467450651340187, 5808904.877183144912124 ], [ 331035.566742721246555, 5808906.692412571981549 ], [ 330979.805330388946459, 5808929.106103562749922 ], [ 330912.771905901725404, 5808954.602469341829419 ], [ 330875.387074809870683, 5808965.452213761396706 ], [ 330778.787024365388788, 5808993.481924839317799 ], [ 330658.68930060864659, 5809015.19750839471817 ], [ 330514.072431075444911, 5809036.13588435575366 ], [ 330486.53330402210122, 5809039.824319158680737 ], [ 330434.397294252645224, 5809046.821825804188848 ], [ 330318.693904371350072, 5809065.388198361732066 ], [ 330217.099923256901093, 5809087.500365068204701 ], [ 330103.752181220101193, 5809116.656549780629575 ], [ 330060.091575354221277, 5809127.896563249640167 ], [ 330013.683860593824647, 5809139.833188731223345 ], [ 329971.477121840813197, 5809151.558150016702712 ], [ 329954.886053818627261, 5809156.173575405962765 ], [ 329903.127330553834327, 5809172.259968263097107 ], [ 329893.293835438671522, 5809175.773349352180958 ], [ 329841.01988872414222, 5809194.472393732517958 ], [ 329805.248910390306264, 5809209.549958629533648 ], [ 329765.050115580263082, 5809229.679961191490293 ], [ 329722.372021886403672, 5809251.744388974271715 ], [ 329685.397702743299305, 5809277.074153582565486 ], [ 329681.959068018710241, 5809279.431173760443926 ], [ 329663.887875658634584, 5809291.814558734185994 ], [ 329629.346598857315257, 5809320.923860176466405 ] ] } },
{ "type": "Feature", "properties": { "full_id": "w80563333", "osm_id": "80563333", "osm_type": "way", "highway": "tertiary", "oneway": null, "name:uk": null, "name:ru": null, "name:en": null, "maxspeed": null, "int_name": null, "surface": null, "ref": "54К-209", "name:etymology:wikidata": null, "name": "Малоархангельск — Прогресс — Рогатый — Луковец" }, "geometry": { "type": "LineString", "coordinates": [ [ 329559.65059099253267, 5807658.585470788180828 ], [ 329638.135763567872345, 5807716.5334278549999 ], [ 329651.226913447491825, 5807722.626547421328723 ], [ 329655.899886305793189, 5807724.802754004485905 ], [ 329667.706984819262289, 5807727.845232952386141 ], [ 329675.383946879126597, 5807728.848582053557038 ], [ 329678.921550544793718, 5807729.316146683879197 ], [ 329700.174366579798516, 5807728.580140999518335 ], [ 329783.100110863335431, 5807722.057383930310607 ], [ 329823.700198861770332, 5807718.85978936497122 ], [ 329975.067483654245734, 5807705.307450944557786 ] ] } },
{ "type": "Feature", "properties": { "full_id": "w80563334", "osm_id": "80563334", "osm_type": "way", "highway": "secondary", "oneway": null, "name:uk": null, "name:ru": null, "name:en": null, "maxspeed": null, "int_name": null, "surface": "asphalt", "ref": "54К-8", "name:etymology:wikidata": null, "name": null }, "geometry": { "type": "LineString", "coordinates": [ [ 329629.346598857315257, 5809320.923860176466405 ], [ 329596.005498915910721, 5809352.430101999081671 ], [ 329584.82367603527382, 5809362.993980035185814 ], [ 329566.317177018907387, 5809380.480954519473016 ], [ 329499.188751907553524, 5809445.881600216031075 ], [ 329378.769949917215854, 5809565.428087463602424 ], [ 329368.867500781081617, 5809576.337780009023845 ], [ 329239.298916937317699, 5809702.195693139918149 ], [ 329178.302095248713158, 5809763.346632345579565 ], [ 329174.841493838292081, 5809766.818181273527443 ], [ 329112.164252669375855, 5809830.700552728958428 ], [ 328682.44649418030167, 5810272.933682195842266 ], [ 328468.364603806869127, 5810495.196844431571662 ], [ 328341.231443715514615, 5810635.247568669728935 ], [ 328263.369527158618439, 5810727.396034785546362 ], [ 328168.320354156894609, 5810843.617308340035379 ], [ 328130.793066175654531, 5810894.60955664049834 ], [ 328101.845550844969694, 5810934.769226809032261 ], [ 328075.192962865694426, 5810974.748577501624823 ], [ 328037.193859564431477, 5811041.178679401986301 ], [ 327972.65055463113822, 5811160.901566963642836 ], [ 327582.19995239347918, 5811921.87145706359297 ], [ 327192.406601688591763, 5812697.286791012622416 ], [ 327090.0284956372343, 5812900.124603417702019 ], [ 327021.839838499436155, 5813031.793573844246566 ], [ 326986.182873258541804, 5813100.645247078500688 ], [ 326861.807690497720614, 5813358.721290471032262 ], [ 326818.821768301306292, 5813448.609295745380223 ], [ 326573.070840344298631, 5813962.51013820245862 ], [ 326539.54183911596192, 5814025.155765860341489 ], [ 326508.545209925272502, 5814078.971811135299504 ], [ 326475.910348543548025, 5814132.033221902325749 ], [ 326454.122181874350645, 5814164.001690844073892 ], [ 326433.00309768144507, 5814192.183247666805983 ], [ 326400.911206870339811, 5814230.740437920205295 ], [ 324339.489622313529253, 5816385.322253020480275 ] ] } },
{ "type": "Feature", "properties": { "full_id": "w100728399", "osm_id": "100728399", "osm_type": "way", "highway": "residential", "oneway": null, "name:uk": null, "name:ru": null, "name:en": null, "maxspeed": null, "int_name": null, "surface": null, "ref": null, "name:etymology:wikidata": "Q9061", "name": "улица Карла Маркса" }, "geometry": { "type": "LineString", "coordinates": [ [ 329176.122785433195531, 5808781.513860223814845 ], [ 329475.881783157004975, 5808729.010671996511519 ], [ 329710.997758507379331, 5808687.482378779910505 ], [ 329945.863496836391278, 5808646.508594869635999 ], [ 330082.159695830079727, 5808622.534929816611111 ], [ 330127.937241713399999, 5808614.484379563480616 ], [ 330135.369546606612857, 5808613.181024896912277 ], [ 330463.086751491413452, 5808556.967499325983226 ], [ 330548.247956370643806, 5808542.608576744794846 ], [ 330730.285036092507653, 5808511.922069527208805 ], [ 330948.785564419231378, 5808474.722382879815996 ] ] } },
{ "type": "Feature", "properties": { "full_id": "w114033644", "osm_id": "114033644", "osm_type": "way", "highway": "tertiary", "oneway": null, "name:uk": null, "name:ru": null, "name:en": null, "maxspeed": null, "int_name": null, "surface": null, "ref": "54К-209", "name:etymology:wikidata": null, "name": "Малоархангельск — Прогресс — Рогатый — Луковец" }, "geometry": { "type": "LineString", "coordinates": [ [ 329559.65059099253267, 5807658.585470788180828 ], [ 329438.527046979172155, 5807564.785940654575825 ], [ 329310.766902776202187, 5807462.034162557683885 ], [ 329238.809085765795317, 5807405.54557378590107 ], [ 329207.985571157885715, 5807385.918253252282739 ], [ 329184.969521821592934, 5807373.980565758422017 ], [ 329148.025153640192002, 5807359.353675979189575 ], [ 329110.999377358006313, 5807348.860492354258895 ], [ 329048.264672570861876, 5807336.188163530081511 ], [ 328929.071244332299102, 5807322.496136338450015 ], [ 328820.535769099195022, 5807318.734745693393052 ], [ 328798.039754716795869, 5807318.059202015399933 ], [ 328791.893284302263055, 5807317.215441570617259 ], [ 328784.500812978600152, 5807314.822933510877192 ], [ 328779.983146675280295, 5807311.261518446728587 ], [ 328776.605465071450453, 5807305.812216783873737 ], [ 328774.52446645143209, 5807299.649750592187047 ], [ 328773.105881508439779, 5807290.012756938114762 ], [ 328772.138815963699017, 5807231.315802108496428 ], [ 328770.081628222891595, 5807107.056660366244614 ], [ 328759.304961621179245, 5806927.421130953356624 ], [ 328758.672618389478885, 5806916.888337683863938 ], [ 328746.527758013864513, 5806866.452101425267756 ], [ 328742.752486626908649, 5806829.63057559914887 ], [ 328728.350729324971326, 5806689.134010422043502 ], [ 328699.628859032294713, 5806521.279400032013655 ], [ 328681.655775798019022, 5806473.139352043159306 ], [ 328671.879866778035648, 5806446.948019275441766 ], [ 328490.032185591408052, 5806152.059462875127792 ], [ 328417.349603860406205, 5806035.92959812656045 ], [ 328167.899507024500053, 5805181.931297311559319 ], [ 328148.481015300145373, 5805084.453686610795557 ], [ 328136.525329867959954, 5804938.784556925296783 ], [ 328104.628520794678479, 5804549.558562865480781 ], [ 328082.818881292827427, 5804383.680654756724834 ], [ 328056.056561904260889, 5804272.754032185301185 ], [ 327969.072996907343622, 5803944.751324911601841 ], [ 327783.468324919929728, 5803303.229261482134461 ], [ 327696.813718721969053, 5803016.469272485002875 ], [ 327692.350203014852013, 5802983.402127709239721 ], [ 327693.072964086779393, 5802930.391042009927332 ], [ 327717.293353919638321, 5802859.701454608701169 ], [ 327792.850080413918477, 5802727.985246513970196 ], [ 328016.743815569789149, 5802380.906250877305865 ], [ 328198.504250954487361, 5802096.53274454548955 ], [ 328222.347581485752016, 5802041.279732102528214 ], [ 328241.338193209492601, 5801964.763623956590891 ], [ 328294.663726055820007, 5801642.198464740999043 ], [ 328336.985441009397618, 5801447.543105651624501 ], [ 328370.303983090096153, 5801364.193656801246107 ], [ 328448.42523420706857, 5801270.823108214884996 ], [ 328505.405495653161779, 5801202.717063659802079 ], [ 328620.32234582467936, 5801035.221814811229706 ], [ 328699.421061530010775, 5800936.321837162598968 ], [ 328756.109393576858565, 5800895.328540551476181 ], [ 328844.33707441505976, 5800869.42892043851316 ], [ 329046.686123943072744, 5800810.334585796110332 ], [ 329265.267820650071371, 5800702.055090113542974 ], [ 329400.300338207453024, 5800608.177669663913548 ], [ 329508.749589112703688, 5800518.663857846520841 ], [ 329575.084045390947722, 5800446.796626419760287 ], [ 329617.125622480176389, 5800383.106968526728451 ], [ 329641.857660670531914, 5800336.259673590771854 ], [ 329666.311421611229889, 5800275.026523309759796 ], [ 329677.476652100682259, 5800231.542956499382854 ], [ 329677.797377687529661, 5800174.483802969567478 ], [ 329656.910888683516532, 5799771.33768714684993 ], [ 329626.205366074224003, 5799139.682139579206705 ], [ 329649.344708251650445, 5798939.248314023017883 ], [ 329659.265042690443806, 5798866.916599236428738 ], [ 329701.404634307778906, 5798633.261725596152246 ], [ 329824.367861039703712, 5798005.567080932669342 ], [ 329856.824552095029503, 5797839.895465284585953 ], [ 329871.558328369632363, 5797779.300259471870959 ], [ 329899.147703422117047, 5797603.19797613658011 ], [ 329902.875562374305446, 5797545.821414807811379 ], [ 329905.444819531112444, 5797506.309409053996205 ], [ 329896.133830473176204, 5797458.756692776456475 ], [ 329862.675346687668934, 5797326.509607722051442 ], [ 329841.45058714330662, 5797253.549354264512658 ], [ 329807.642839686595835, 5797198.524866567924619 ], [ 329757.717703522066586, 5797105.089576953090727 ], [ 329708.796191683388315, 5797017.843660525977612 ], [ 329689.031501416407991, 5796962.758352505043149 ], [ 329684.664866595936473, 5796911.984725750982761 ], [ 329684.982933924649842, 5796836.34434681199491 ], [ 329692.83911616797559, 5796490.903620413504541 ], [ 329691.573673014878295, 5796178.599200326949358 ], [ 329692.934766566031612, 5796168.777101995423436 ], [ 329696.987074420554563, 5796161.367175575345755 ], [ 329703.469136036932468, 5796157.102119844406843 ], [ 329714.857037139940076, 5796155.918794491328299 ], [ 329740.310570253292099, 5796156.365684725344181 ], [ 329839.297938627190888, 5796160.723607531748712 ], [ 330122.667246317781974, 5796190.720939699560404 ], [ 330517.92820179782575, 5796245.426008589565754 ], [ 330580.844484353321604, 5796233.858557934872806 ], [ 331002.5530657863128, 5796088.70954623632133 ], [ 331290.248469242884312, 5795977.868221546523273 ], [ 331513.458237877232023, 5795937.068120781332254 ], [ 332259.026895505317952, 5795846.683508114889264 ], [ 332651.162288623687346, 5795807.51318693626672 ], [ 333220.434053996694274, 5795817.807013540528715 ], [ 334092.89347935951082, 5795839.565710478462279 ], [ 334973.361835678690113, 5795860.553272278979421 ], [ 335156.67046231450513, 5795843.530035026371479 ], [ 335840.616177304065786, 5795567.50526911765337 ], [ 336623.937831788207404, 5795037.239831524901092 ], [ 336675.216688144137152, 5794975.761754551902413 ], [ 336695.70978286449099, 5794950.43655561376363 ], [ 336739.928141051670536, 5794895.504890694282949 ], [ 337074.325669437763281, 5794437.45804407633841 ], [ 337137.282332355040126, 5794354.303813868202269 ], [ 337190.775933596421964, 5794287.504312487319112 ], [ 337236.333344410697464, 5794244.256097708828747 ], [ 337282.247644464601763, 5794211.817338839173317 ], [ 337335.945209375640843, 5794178.477032987400889 ], [ 337391.205548691679724, 5794154.002989171072841 ], [ 337644.603003293334041, 5794077.7598079405725 ], [ 337953.710571929579601, 5793979.174033892340958 ], [ 338107.783165431639645, 5793931.641050511971116 ], [ 338264.527047574403696, 5793886.56373234745115 ], [ 338345.623498008586466, 5793878.176076946780086 ], [ 338378.443984445650131, 5793877.725563853979111 ], [ 338466.168027267849538, 5793878.618927149102092 ], [ 338502.006471457250882, 5793883.79255298897624 ], [ 338548.660632848448586, 5793891.629781116731465 ], [ 338727.376365224656183, 5793934.762866230681539 ], [ 338811.649316755589098, 5793955.723999015055597 ], [ 338833.908317439490929, 5793961.254052077420056 ], [ 338885.016182278865017, 5793994.297244383022189 ], [ 338895.426741956616752, 5794005.279210863634944 ] ] } },
{ "type": "Feature", "properties": { "full_id": "w115553025", "osm_id": "115553025", "osm_type": "way", "highway": "unclassified", "oneway": null, "name:uk": null, "name:ru": null, "name:en": null, "maxspeed": null, "int_name": null, "surface": "unpaved", "ref": null, "name:etymology:wikidata": null, "name": null }, "geometry": { "type": "LineString", "coordinates": [ [ 325634.072485445707571, 5806397.584250034764409 ], [ 325695.199761839583516, 5806443.239401393570006 ], [ 325767.541597118019126, 5806447.93645743932575 ], [ 326213.428961135563441, 5806798.009751449339092 ], [ 326383.235145815240685, 5806859.597709220834076 ], [ 327251.078378098318353, 5807154.902950560674071 ], [ 327337.680361349834129, 5807182.758946149609983 ], [ 327434.763509705080651, 5807174.642365982756019 ], [ 327449.498912471695803, 5807076.002103039063513 ], [ 327467.23888831154909, 5807020.077627363614738 ], [ 327900.212032043840736, 5807027.089030336588621 ], [ 328031.389645376009867, 5807028.970082136802375 ] ] } },
{ "type": "Feature", "properties": { "full_id": "w117457237", "osm_id": "117457237", "osm_type": "way", "highway": "residential", "oneway": null, "name:uk": null, "name:ru": null, "name:en": null, "maxspeed": null, "int_name": null, "surface": null, "ref": null, "name:etymology:wikidata": "Q1394", "name": "улица Ленина" }, "geometry": { "type": "LineString", "coordinates": [ [ 329201.419373481592629, 5809022.927574382163584 ], [ 329266.838865543191787, 5809020.198542818427086 ], [ 329275.99120878695976, 5809018.444424798712134 ], [ 329518.979227706615347, 5808971.655943260528147 ], [ 329754.451489026308991, 5808930.328271085396409 ], [ 329990.554666351235937, 5808888.255431863479316 ], [ 330167.61758977372665, 5808856.717223611660302 ], [ 330176.558199583436362, 5808855.127998544834554 ], [ 330475.435048026323784, 5808802.10407027695328 ], [ 330757.569135287310928, 5808750.587924160063267 ], [ 330887.94411523162853, 5808731.883932211436331 ], [ 330972.054704019974452, 5808717.14529678504914 ], [ 330986.958795200567693, 5808708.360689469613135 ], [ 331001.585426083183847, 5808703.983408796600997 ], [ 331019.368714268319309, 5808703.082665964961052 ], [ 331031.09089059906546, 5808707.122044106945395 ], [ 331043.89488171658013, 5808708.162755409255624 ], [ 331193.552171905525029, 5808687.546261032111943 ] ] } },
{ "type": "Feature", "properties": { "full_id": "w117457238", "osm_id": "117457238", "osm_type": "way", "highway": "unclassified", "oneway": null, "name:uk": null, "name:ru": null, "name:en": null, "maxspeed": null, "int_name": null, "surface": null, "ref": null, "name:etymology:wikidata": null, "name": null }, "geometry": { "type": "LineString", "coordinates": [ [ 328341.231443715514615, 5810635.247568669728935 ], [ 326855.871447878191248, 5809904.308459258638322 ], [ 326816.671041904017329, 5809867.310578254982829 ], [ 326849.896787798963487, 5809798.500403053127229 ], [ 327034.247932863770984, 5809466.438509915024042 ] ] } },
{ "type": "Feature", "properties": { "full_id": "w117457239", "osm_id": "117457239", "osm_type": "way", "highway": "tertiary", "oneway": null, "name:uk": null, "name:ru": null, "name:en": null, "maxspeed": null, "int_name": null, "surface": null, "ref": null, "name:etymology:wikidata": null, "name": null }, "geometry": { "type": "LineString", "coordinates": [ [ 331614.301377490453888, 5808175.06304054427892 ], [ 331610.983644853928126, 5808170.656482007354498 ], [ 331468.630368964513764, 5807981.811449469998479 ], [ 331433.204499100334942, 5807934.817852076143026 ], [ 331422.552414426347241, 5807918.126555560156703 ], [ 331416.361604509875178, 5807902.039410374127328 ], [ 331415.605951171426568, 5807888.738572617061436 ], [ 331422.34672503778711, 5807860.072655145078897 ], [ 331431.576594510464929, 5807834.873001165688038 ], [ 331441.809430725406855, 5807812.901093520224094 ], [ 331465.555856703955214, 5807760.539376449771225 ], [ 331473.629690216272138, 5807732.796487134881318 ], [ 331475.921257378300652, 5807724.9356834217906 ], [ 331481.001359020941891, 5807694.100105719640851 ], [ 331485.96344332100125, 5807663.992255960591137 ], [ 331486.757018686912488, 5807625.332031482830644 ], [ 331479.689132357481867, 5807592.396566590294242 ], [ 331462.440132153453305, 5807523.537246199324727 ], [ 331440.559744502301328, 5807455.693968815729022 ], [ 331393.509826878027525, 5807330.808490145020187 ], [ 331335.953897860774305, 5807197.376847675070167 ] ] } },
{ "type": "Feature", "properties": { "full_id": "w117457240", "osm_id": "117457240", "osm_type": "way", "highway": "residential", "oneway": null, "name:uk": null, "name:ru": null, "name:en": null, "maxspeed": null, "int_name": null, "surface": null, "ref": null, "name:etymology:wikidata": null, "name": null }, "geometry": { "type": "LineString", "coordinates": [ [ 330722.579525408393238, 5808356.351066689006984 ], [ 330710.662998162559234, 5808158.584198950789869 ], [ 330688.323598640039563, 5807998.340007691644132 ] ] } },
{ "type": "Feature", "properties": { "full_id": "w117457241", "osm_id": "117457241", "osm_type": "way", "highway": "tertiary", "oneway": null, "name:uk": null, "name:ru": null, "name:en": null, "maxspeed": null, "int_name": null, "surface": null, "ref": "54К-208", "name:etymology:wikidata": null, "name": null }, "geometry": { "type": "LineString", "coordinates": [ [ 338558.113883868209086, 5802298.25554811861366 ], [ 337498.013228882336989, 5802795.491678164340556 ], [ 336832.793704535928555, 5803111.875942721031606 ], [ 336630.871359905460849, 5803272.679953986778855 ], [ 336499.501288353465497, 5803386.585717186331749 ], [ 336378.44736218592152, 5803512.509910578839481 ], [ 336003.903530772426166, 5804007.453602511435747 ], [ 335855.963979007443413, 5804268.104527334682643 ], [ 335495.892980406875722, 5804992.694226537831128 ], [ 335482.065611671132501, 5805019.775132077746093 ], [ 335468.819470542832278, 5805044.465349160134792 ], [ 335448.323146019887645, 5805081.588519742712379 ], [ 335433.368600529036485, 5805104.899823646992445 ], [ 335419.695625756634399, 5805122.312418355606496 ], [ 335403.903947216516826, 5805141.977959149517119 ], [ 335385.902935929596424, 5805162.407689933665097 ], [ 335373.914121728390455, 5805174.342374040745199 ], [ 335359.403536279860418, 5805188.498965734615922 ], [ 335266.377440452226438, 5805276.021529218181968 ], [ 335156.003141726308968, 5805384.800950018689036 ], [ 335077.169853000843432, 5805460.106860621832311 ], [ 335005.368906503077596, 5805535.768441141583025 ], [ 334981.184243422700092, 5805562.496885645203292 ], [ 334967.520172615186311, 5805580.088730277493596 ], [ 334953.420916304807179, 5805601.157568633556366 ], [ 334941.405963592696935, 5805622.813390836119652 ], [ 334933.524269880086649, 5805639.921948379836977 ], [ 334927.775804564589635, 5805653.797199179418385 ], [ 334918.824890834046528, 5805681.072663866914809 ], [ 334901.369909832486883, 5805738.169256426393986 ], [ 334864.580581513699144, 5805852.759768523275852 ], [ 334846.583491511177272, 5805897.316815956495702 ], [ 334835.900308642245363, 5805918.015367056243122 ], [ 334828.543984701507725, 5805931.466022650711238 ], [ 334815.217992892488837, 5805948.323391862213612 ], [ 334802.524629827588797, 5805960.684097564779222 ], [ 334780.24986248568166, 5805982.105954009108245 ], [ 334747.708344573096838, 5806008.403845334425569 ], [ 334677.52196598239243, 5806040.475518291816115 ], [ 334113.614868754870258, 5806235.602166078053415 ], [ 333987.440871177008376, 5806277.95528460573405 ], [ 333556.577595459297299, 5806422.592002707533538 ], [ 333041.136601932346821, 5806601.254722075536847 ], [ 333008.887052008067258, 5806613.304391556419432 ], [ 332436.555993929388933, 5806827.085633457638323 ], [ 332424.01526779710548, 5806831.097745107486844 ], [ 332257.662314528250135, 5806884.429198270663619 ], [ 331948.091108382097445, 5806994.839268876239657 ], [ 331335.953897860774305, 5807197.376847675070167 ], [ 330994.249680109322071, 5807310.442958385683596 ], [ 330635.182716988027096, 5807439.918853436596692 ], [ 330622.668845843174495, 5807444.435800955630839 ], [ 330489.37338569923304, 5807491.647318243049085 ], [ 330398.823957587883342, 5807520.353951836936176 ], [ 330319.574929970724043, 5807545.488216832280159 ], [ 330139.812478140578605, 5807586.05176802072674 ], [ 330097.659980492200702, 5807595.212263431400061 ], [ 330075.968197199399583, 5807603.365539100952446 ], [ 330059.141295783687383, 5807614.913564722985029 ], [ 330032.99138815223705, 5807635.969081668183208 ], [ 330026.752652633818798, 5807641.105756681412458 ], [ 330004.8378493495984, 5807659.153727794997394 ], [ 329988.793735531740822, 5807675.996828846633434 ], [ 329982.297342363977805, 5807685.69612573646009 ], [ 329978.457801913027652, 5807695.014105388894677 ], [ 329975.067483654245734, 5807705.307450944557786 ] ] } },
{ "type": "Feature", "properties": { "full_id": "w117457242", "osm_id": "117457242", "osm_type": "way", "highway": "residential", "oneway": null, "name:uk": null, "name:ru": null, "name:en": null, "maxspeed": null, "int_name": null, "surface": null, "ref": null, "name:etymology:wikidata": "Q229828", "name": "улица Калинина" }, "geometry": { "type": "LineString", "coordinates": [ [ 329314.140797242929693, 5809249.926145475357771 ], [ 329316.050492675392888, 5809252.565332059748471 ], [ 329318.069475020631216, 5809254.822177232243121 ], [ 329320.121775421430357, 5809256.665917803533375 ], [ 329322.593417792231776, 5809258.428295975551009 ], [ 329326.348274109186605, 5809260.279724232852459 ], [ 329330.988113484345376, 5809261.733014117926359 ], [ 329338.992111114785075, 5809263.002702806144953 ], [ 329344.365467630675994, 5809263.61777475476265 ], [ 329350.080594065540936, 5809263.486160486005247 ], [ 329366.580064542125911, 5809255.665310448035598 ], [ 329566.519348038535099, 5809224.301372471265495 ] ] } },
{ "type": "Feature", "properties": { "full_id": "w129908595", "osm_id": "129908595", "osm_type": "way", "highway": "tertiary", "oneway": null, "name:uk": null, "name:ru": null, "name:en": null, "maxspeed": null, "int_name": null, "surface": null, "ref": null, "name:etymology:wikidata": null, "name": null }, "geometry": { "type": "LineString", "coordinates": [ [ 331614.301377490453888, 5808175.06304054427892 ], [ 331666.63333290326409, 5808243.723562466911972 ], [ 331686.795324899605475, 5808274.863829595968127 ], [ 331688.578593820217066, 5808277.619543797336519 ], [ 331838.836427751928568, 5808539.368547667749226 ] ] } },
{ "type": "Feature", "properties": { "full_id": "w129908599", "osm_id": "129908599", "osm_type": "way", "highway": "unclassified", "oneway": null, "name:uk": null, "name:ru": null, "name:en": null, "maxspeed": null, "int_name": null, "surface": null, "ref": null, "name:etymology:wikidata": null, "name": null }, "geometry": { "type": "LineString", "coordinates": [ [ 329559.65059099253267, 5807658.585470788180828 ], [ 329618.304053513391409, 5807525.899491520598531 ], [ 329625.154342858761083, 5807510.108448893763125 ], [ 329629.279789004009217, 5807500.602125960402191 ], [ 329638.179874968249351, 5807480.66517961025238 ], [ 329645.953084506210871, 5807457.493988608941436 ], [ 329651.443097910028882, 5807433.889745403081179 ], [ 329656.091325795976445, 5807407.809593260288239 ], [ 329658.481056810356677, 5807367.456381965428591 ], [ 329658.739654797071125, 5807330.472546339035034 ], [ 329654.928664680803195, 5807017.236675344407558 ], [ 329655.475901683908887, 5806831.397110260091722 ], [ 329654.805331001058221, 5806750.256044196896255 ], [ 329657.419737109506968, 5806712.433591505512595 ], [ 329661.454943051969167, 5806663.305836327373981 ], [ 329718.215245210565627, 5806138.605756255798042 ], [ 329748.085873380769044, 5805857.016053199768066 ], [ 329767.077289502194617, 5805663.035001100040972 ], [ 329768.917625507572666, 5805634.881246308796108 ], [ 329771.538844639144372, 5805554.639738828875124 ], [ 329768.69522868306376, 5805389.88281496334821 ], [ 329760.958676267764531, 5805132.908562516793609 ], [ 329754.175591547857039, 5804980.534952884539962 ], [ 329743.796072007738985, 5804851.076231660321355 ], [ 329718.168455138569698, 5804620.684522923082113 ], [ 329699.52185707364697, 5804453.234556909650564 ], [ 329686.583687805919908, 5804335.755127946846187 ], [ 329671.060162863461301, 5804146.508980517275631 ], [ 329665.14397698873654, 5804025.146004367619753 ] ] } },
{ "type": "Feature", "properties": { "full_id": "w129909727", "osm_id": "129909727", "osm_type": "way", "highway": "tertiary", "oneway": null, "name:uk": null, "name:ru": null, "name:en": null, "maxspeed": null, "int_name": null, "surface": null, "ref": "54К-13", "name:etymology:wikidata": null, "name": null }, "geometry": { "type": "LineString", "coordinates": [ [ 320437.364932437078096, 5807865.944892735220492 ], [ 320469.428953101742081, 5807874.684254305437207 ], [ 320501.604600851540454, 5807885.179047993384302 ], [ 320607.354679800686426, 5807924.144830210134387 ], [ 320854.192385040456429, 5808014.112663240171969 ], [ 321270.632782721426338, 5808166.080742766149342 ], [ 322558.237807516299654, 5808633.510154859162867 ], [ 322603.408724217792042, 5808649.962663108482957 ], [ 322794.766062538488768, 5808719.678741864860058 ], [ 322853.826887919916771, 5808738.338524878025055 ], [ 322870.752149077947251, 5808741.57012166082859 ], [ 322900.173118000500835, 5808741.913165065459907 ], [ 323056.908260778640397, 5808730.012047762051225 ], [ 323089.769369095680304, 5808728.484294741414487 ], [ 323118.837428864440881, 5808728.485041482374072 ], [ 323151.558048417849932, 5808732.897451610304415 ], [ 323176.901782905566506, 5808736.528745879419148 ], [ 323195.486874915717635, 5808737.252156685106456 ], [ 323211.18201511236839, 5808735.641100779175758 ], [ 323226.14543314347975, 5808731.105762204155326 ], [ 323243.863037673290819, 5808719.445580100640655 ], [ 323301.770914374443237, 5808645.067732001654804 ], [ 323328.171169150038622, 5808616.305031580850482 ], [ 323393.524141050351318, 5808545.101450337097049 ], [ 323409.475518155959435, 5808532.592344658449292 ], [ 323423.277233168366365, 5808523.946218151599169 ], [ 323433.539935541339219, 5808520.114835896529257 ], [ 323460.428224046365358, 5808517.423464355058968 ], [ 323490.448368252138607, 5808519.062457616440952 ], [ 323504.458796575781889, 5808523.625682638026774 ], [ 323515.109584873833228, 5808530.035381159745157 ], [ 323523.546372864744626, 5808537.381922429427505 ], [ 323528.836774768249597, 5808546.823341463692486 ], [ 323531.433054589608219, 5808557.107471118681133 ], [ 323532.031954869860783, 5808566.962240932509303 ], [ 323527.202305238286499, 5808587.055139713920653 ], [ 323471.778851916256826, 5808713.093909503892064 ], [ 323471.884524736087769, 5808723.244752452708781 ], [ 323475.945706453756429, 5808732.975207678973675 ], [ 323480.388420888804831, 5808739.485239303670824 ], [ 323489.052234610309824, 5808746.333639096468687 ], [ 323537.97623945272062, 5808777.925081654451787 ], [ 323649.180142064287793, 5808844.026215077377856 ], [ 323669.778265240718611, 5808856.270137592218816 ], [ 323704.31438871199498, 5808862.357997679151595 ], [ 323751.905606701853685, 5808865.016279379837215 ], [ 323786.895420357293915, 5808866.857359055429697 ], [ 323854.301932770176791, 5808870.387496325187385 ], [ 323893.480995868099853, 5808872.446664409711957 ], [ 323900.509015917545184, 5808872.818437502719462 ], [ 324103.350736878870521, 5808885.231145666912198 ], [ 324491.466860243934207, 5808906.098956258967519 ], [ 324613.367665134253912, 5808911.936393543146551 ], [ 324638.744669900392182, 5808911.420802047476172 ], [ 324871.366526169003919, 5808911.367799391038716 ], [ 325078.662287008715793, 5808902.183747494593263 ], [ 325143.506070868927054, 5808896.358502718620002 ], [ 325189.710175369749777, 5808891.675664147362113 ], [ 325221.68686514016008, 5808890.605517221614718 ], [ 325237.590634413878433, 5808892.768016481772065 ], [ 325289.84642276307568, 5808909.282141866162419 ], [ 325337.467844737286214, 5808920.917646651156247 ], [ 325378.116273399966303, 5808928.3587243584916 ], [ 325389.244757310021669, 5808932.405999277718365 ], [ 325400.404817981354427, 5808937.342915091663599 ], [ 325409.717783393047284, 5808947.222245334647596 ], [ 325429.808761021646205, 5808986.569701038300991 ], [ 325440.083195275045, 5809001.091312432661653 ], [ 325450.509606026986148, 5809010.496937351301312 ], [ 325460.784848612151109, 5809015.454260581173003 ], [ 325472.751541107776575, 5809017.991097701713443 ], [ 325485.556700326618738, 5809019.017346187494695 ], [ 325664.057616153731942, 5809016.26897834520787 ], [ 325704.337651367881335, 5809017.780082505196333 ], [ 325723.435501199332066, 5809020.354174440726638 ], [ 325740.828916020749602, 5809025.371474421583116 ], [ 325762.781651597702876, 5809033.177789983339608 ], [ 325790.822351461509243, 5809045.210986106656492 ], [ 325857.900005740113556, 5809078.085105868987739 ], [ 325918.979183657909743, 5809109.090422755107284 ], [ 325939.212301527324598, 5809118.739852358587086 ], [ 325962.368948891293257, 5809127.105632603168488 ], [ 325992.63807692861883, 5809137.869670725427568 ], [ 326098.385026923555415, 5809169.968336564488709 ], [ 326134.933528423076496, 5809179.041367259807885 ], [ 326170.479525785602164, 5809185.188432882539928 ], [ 326204.724069946911186, 5809188.041524554602802 ], [ 326227.040125614847057, 5809189.412590869702399 ], [ 326245.507377294590697, 5809191.131350778974593 ], [ 326267.621736586559564, 5809195.081711514852941 ], [ 326291.908525412785821, 5809201.928209197707474 ], [ 326331.807995536888484, 5809213.545304051600397 ], [ 326432.687181889312342, 5809245.221675739623606 ], [ 326646.086966463248245, 5809310.552516940049827 ], [ 326731.439864905667491, 5809339.820728705264628 ], [ 326847.455200424708892, 5809393.863386556506157 ], [ 326931.193080277647823, 5809431.108115212060511 ], [ 326995.135547124024015, 5809459.653799071907997 ], [ 327015.236320804513525, 5809465.459736866876483 ], [ 327034.247932863770984, 5809466.438509915024042 ], [ 327053.452448133495636, 5809463.224173014052212 ], [ 327176.596777650760487, 5809419.667567380703986 ], [ 327209.156879817252047, 5809408.001191724091768 ], [ 327230.244739880319685, 5809399.855795504525304 ], [ 327244.250247353338636, 5809392.85013154707849 ], [ 327260.524946735240519, 5809382.791983228176832 ], [ 327288.540917147067375, 5809364.07102489285171 ], [ 327337.680455065681599, 5809331.225120037794113 ], [ 327446.701839370420203, 5809265.202319376170635 ], [ 327682.272294330527075, 5809125.145933298394084 ], [ 328040.470093831303529, 5808912.63767877779901 ], [ 328143.784254131605849, 5808851.351383009925485 ], [ 328197.99560732813552, 5808819.528720567002892 ], [ 328210.169964690343477, 5808811.098031919449568 ], [ 328232.940273557323962, 5808791.352559050545096 ], [ 328243.31213374028448, 5808782.394842717796564 ], [ 328257.84024306840729, 5808773.303089066408575 ], [ 328277.336114756413735, 5808766.253494700416923 ], [ 328297.698791639413685, 5808758.282998285256326 ], [ 328315.681196494784672, 5808754.693380900658667 ], [ 328337.279358998406678, 5808752.458378984592855 ], [ 328364.04144359077327, 5808753.594885753467679 ], [ 328424.965369098586962, 5808760.085883746854961 ], [ 328450.785313391534146, 5808763.304365060292184 ], [ 328473.711677613202482, 5808765.176536692306399 ], [ 328487.655119703966193, 5808764.69007258489728 ], [ 328503.893394355894998, 5808762.052702536806464 ], [ 328517.660066089476459, 5808757.864924713037908 ], [ 328521.521360752289183, 5808756.694795035757124 ], [ 328544.106812908314168, 5808748.792551096528769 ], [ 328686.50313576858025, 5808694.071509747765958 ], [ 328934.721933498396538, 5808600.533375184051692 ], [ 328961.545586193911731, 5808590.704256839118898 ] ] } },
{ "type": "Feature", "properties": { "full_id": "w130850365", "osm_id": "130850365", "osm_type": "way", "highway": "tertiary", "oneway": null, "name:uk": "Радянська вулиця", "name:ru": "Советская улица", "name:en": "Sovetskaya Street", "maxspeed": "40", "int_name": "Sovetskaya Street", "surface": null, "ref": "54К-208", "name:etymology:wikidata": null, "name": "Советская улица" }, "geometry": { "type": "LineString", "coordinates": [ [ 329975.067483654245734, 5807705.307450944557786 ], [ 330003.288202018360607, 5807844.270395137369633 ], [ 330007.852115856367163, 5807866.747290994971991 ], [ 330012.81900345365284, 5807893.986585688777268 ], [ 330036.923385813366622, 5808026.222505635581911 ], [ 330052.543120110523887, 5808117.735465618781745 ], [ 330108.908068262273446, 5808468.189152947627008 ], [ 330135.369546606612857, 5808613.181024896912277 ], [ 330176.558199583436362, 5808855.127998544834554 ], [ 330181.848847906396259, 5808885.473640351556242 ], [ 330184.912646055454388, 5808903.003469553776085 ], [ 330192.01940916175954, 5808943.740859220735729 ], [ 330217.099923256901093, 5809087.500365068204701 ] ] } },
{ "type": "Feature", "properties": { "full_id": "w130850366", "osm_id": "130850366", "osm_type": "way", "highway": "residential", "oneway": null, "name:uk": null, "name:ru": null, "name:en": null, "maxspeed": null, "int_name": null, "surface": null, "ref": null, "name:etymology:wikidata": null, "name": "улица Адлера" }, "geometry": { "type": "LineString", "coordinates": [ [ 329371.429905318072997, 5808225.805641078390181 ], [ 329336.566158822737634, 5808021.320194322615862 ], [ 329298.171814669505693, 5807793.476465292274952 ] ] } },
{ "type": "Feature", "properties": { "full_id": "w130850367", "osm_id": "130850367", "osm_type": "way", "highway": "tertiary", "oneway": null, "name:uk": null, "name:ru": null, "name:en": null, "maxspeed": null, "int_name": null, "surface": null, "ref": null, "name:etymology:wikidata": null, "name": null }, "geometry": { "type": "LineString", "coordinates": [ [ 331171.028743074741215, 5808280.087797600775957 ], [ 331313.45702183508547, 5808236.555160661228001 ], [ 331353.362241349823307, 5808228.316962293349206 ], [ 331449.260930482414551, 5808208.517816375009716 ], [ 331556.16313080576947, 5808186.851741714403033 ], [ 331614.301377490453888, 5808175.06304054427892 ] ] } },
{ "type": "Feature", "properties": { "full_id": "w130850368", "osm_id": "130850368", "osm_type": "way", "highway": "residential", "oneway": null, "name:uk": null, "name:ru": null, "name:en": null, "maxspeed": null, "int_name": null, "surface": null, "ref": null, "name:etymology:wikidata": null, "name": "переулок Адлера" }, "geometry": { "type": "LineString", "coordinates": [ [ 329566.519348038535099, 5809224.301372471265495 ], [ 329518.979227706615347, 5808971.655943260528147 ], [ 329496.328277811175212, 5808834.739774400368333 ], [ 329475.881783157004975, 5808729.010671996511519 ], [ 329440.655280211125501, 5808633.836956683546305 ], [ 329416.467290568980388, 5808578.718086086213589 ] ] } },
{ "type": "Feature", "properties": { "full_id": "w130850369", "osm_id": "130850369", "osm_type": "way", "highway": "residential", "oneway": null, "name:uk": null, "name:ru": null, "name:en": null, "maxspeed": null, "int_name": null, "surface": null, "ref": null, "name:etymology:wikidata": null, "name": "Полевой переулок" }, "geometry": { "type": "LineString", "coordinates": [ [ 330948.785564419231378, 5808474.722382879815996 ], [ 330973.564697818947025, 5808604.589125725440681 ], [ 330984.777037457330152, 5808655.395592992193997 ], [ 330986.958795200567693, 5808708.360689469613135 ] ] } },
{ "type": "Feature", "properties": { "full_id": "w130850370", "osm_id": "130850370", "osm_type": "way", "highway": "residential", "oneway": null, "name:uk": null, "name:ru": null, "name:en": null, "maxspeed": null, "int_name": null, "surface": null, "ref": null, "name:etymology:wikidata": "Q75886", "name": "улица Карла Либкнехта" }, "geometry": { "type": "LineString", "coordinates": [ [ 330688.323598640039563, 5807998.340007691644132 ], [ 330561.111250489717349, 5808018.664960531517863 ], [ 330431.282563741493504, 5808042.690754190087318 ], [ 330370.951745566097088, 5808056.862629542127252 ], [ 330175.468334747012705, 5808090.319475132972002 ], [ 330052.543120110523887, 5808117.735465618781745 ], [ 330043.685768627561629, 5808119.210628248751163 ], [ 329855.070124373654835, 5808150.672820704057813 ], [ 329830.00879368634196, 5808154.857887321151793 ], [ 329616.473334124777466, 5808197.078550637699664 ], [ 329371.429905318072997, 5808225.805641078390181 ] ] } },
{ "type": "Feature", "properties": { "full_id": "w130850371", "osm_id": "130850371", "osm_type": "way", "highway": "tertiary", "oneway": null, "name:uk": null, "name:ru": null, "name:en": null, "maxspeed": null, "int_name": null, "surface": null, "ref": "54К-13", "name:etymology:wikidata": null, "name": "улица Урицкого" }, "geometry": { "type": "LineString", "coordinates": [ [ 328961.545586193911731, 5808590.704256839118898 ], [ 328980.762468177708797, 5808583.42230612039566 ], [ 329002.819859944924247, 5808577.333156443201005 ], [ 329033.171632406127173, 5808570.643928526900709 ], [ 329073.717228692898061, 5808566.862678650766611 ], [ 329138.998743511270732, 5808562.533819553442299 ], [ 329181.505321669741534, 5808559.720754796639085 ], [ 329289.660072028986178, 5808551.956119663082063 ], [ 329317.235181155614555, 5808550.998747710138559 ], [ 329331.584769146109466, 5808553.762791291810572 ], [ 329355.9994581079809, 5808564.171537566930056 ], [ 329376.124539317563176, 5808570.876997783780098 ], [ 329416.467290568980388, 5808578.718086086213589 ], [ 329447.417825902928598, 5808580.249611296691 ], [ 329487.185422738315538, 5808579.76094064116478 ], [ 329681.800444382010028, 5808544.869278592988849 ], [ 329918.946498827717733, 5808502.290280945599079 ], [ 330067.256612785509787, 5808475.662983153946698 ], [ 330100.752338953898288, 5808469.651137452572584 ], [ 330108.908068262273446, 5808468.189152947627008 ] ] } },
{ "type": "Feature", "properties": { "full_id": "w155495473", "osm_id": "155495473", "osm_type": "way", "highway": "residential", "oneway": null, "name:uk": null, "name:ru": null, "name:en": null, "maxspeed": null, "int_name": null, "surface": null, "ref": null, "name:etymology:wikidata": "Q42976", "name": "Октябрьский переулок" }, "geometry": { "type": "LineString", "coordinates": [ [ 330514.072431075444911, 5809036.13588435575366 ], [ 330475.435048026323784, 5808802.10407027695328 ], [ 330463.086751491413452, 5808556.967499325983226 ], [ 330465.569183086161502, 5808389.789094535633922 ] ] } },
{ "type": "Feature", "properties": { "full_id": "w155495475", "osm_id": "155495475", "osm_type": "way", "highway": "residential", "oneway": null, "name:uk": null, "name:ru": null, "name:en": null, "maxspeed": null, "int_name": null, "surface": null, "ref": null, "name:etymology:wikidata": null, "name": "Школьный переулок" }, "geometry": { "type": "LineString", "coordinates": [ [ 330973.564697818947025, 5808604.589125725440681 ], [ 331272.915292407851666, 5808550.70792421232909 ], [ 331313.816802250279579, 5808777.396063853055239 ] ] } },
{ "type": "Feature", "properties": { "full_id": "w296083042", "osm_id": "296083042", "osm_type": "way", "highway": "residential", "oneway": null, "name:uk": null, "name:ru": null, "name:en": null, "maxspeed": "60", "int_name": null, "surface": null, "ref": null, "name:etymology:wikidata": "Q739358", "name": "переулок Володарского" }, "geometry": { "type": "LineString", "coordinates": [ [ 329855.070124373654835, 5808150.672820704057813 ], [ 329817.976134049589746, 5807929.773302446119487 ], [ 329783.100110863335431, 5807722.057383930310607 ] ] } },
{ "type": "Feature", "properties": { "full_id": "w504026967", "osm_id": "504026967", "osm_type": "way", "highway": "footway", "oneway": null, "name:uk": null, "name:ru": null, "name:en": null, "maxspeed": null, "int_name": null, "surface": null, "ref": null, "name:etymology:wikidata": null, "name": null }, "geometry": { "type": "LineString", "coordinates": [ [ 330243.83097213471774, 5809091.576171979308128 ], [ 330249.488219539285637, 5809120.328228964470327 ], [ 330252.462671303772368, 5809119.702233640477061 ] ] } },
{ "type": "Feature", "properties": { "full_id": "w504026971", "osm_id": "504026971", "osm_type": "way", "highway": "service", "oneway": null, "name:uk": null, "name:ru": null, "name:en": null, "maxspeed": null, "int_name": null, "surface": "ground", "ref": null, "name:etymology:wikidata": null, "name": null }, "geometry": { "type": "LineString", "coordinates": [ [ 330266.791449061711319, 5809156.048603578470647 ], [ 330283.81155142193893, 5809153.401215829886496 ], [ 330297.720154774957336, 5809158.454433257691562 ], [ 330314.39254578971304, 5809173.744277154095471 ], [ 330336.145197057630867, 5809196.552146979607642 ], [ 330348.897707908996381, 5809202.836700038984418 ], [ 330358.79937668639468, 5809203.463593455031514 ], [ 330371.73434433399234, 5809194.121452201157808 ], [ 330396.322812330268789, 5809180.525018551386893 ], [ 330436.076922481763177, 5809166.182876363396645 ], [ 330498.155341853620484, 5809149.37891270685941 ], [ 330509.390784694813192, 5809146.820449099875987 ], [ 330501.062707139644772, 5809128.83738520834595 ], [ 330497.360841182642616, 5809105.406352248974144 ], [ 330498.350656194263138, 5809083.36111097317189 ], [ 330491.264961596461944, 5809054.413165236823261 ], [ 330486.53330402210122, 5809039.824319158680737 ] ] } },
{ "type": "Feature", "properties": { "full_id": "w504026972", "osm_id": "504026972", "osm_type": "way", "highway": "service", "oneway": null, "name:uk": null, "name:ru": null, "name:en": null, "maxspeed": null, "int_name": null, "surface": "ground", "ref": null, "name:etymology:wikidata": null, "name": null }, "geometry": { "type": "LineString", "coordinates": [ [ 330509.390784694813192, 5809146.820449099875987 ], [ 330529.692717987811193, 5809169.445345529355109 ], [ 330570.098353710025549, 5809209.157669000327587 ], [ 330593.248402477474883, 5809230.471069920808077 ], [ 330608.183143219444901, 5809244.37436802778393 ], [ 330613.364127117267344, 5809261.742351013235748 ] ] } },
{ "type": "Feature", "properties": { "full_id": "w504026973", "osm_id": "504026973", "osm_type": "way", "highway": "unclassified", "oneway": null, "name:uk": null, "name:ru": null, "name:en": null, "maxspeed": null, "int_name": null, "surface": "ground", "ref": null, "name:etymology:wikidata": null, "name": null }, "geometry": { "type": "LineString", "coordinates": [ [ 330478.874634178646374, 5809377.892870964482427 ], [ 330613.364127117267344, 5809261.742351013235748 ], [ 330667.370606456708629, 5809227.672138098627329 ], [ 330742.788088228204288, 5809185.171971059404314 ], [ 330805.733755697205197, 5809158.733806422911584 ] ] } },
{ "type": "Feature", "properties": { "full_id": "w504026982", "osm_id": "504026982", "osm_type": "way", "highway": "service", "oneway": null, "name:uk": null, "name:ru": null, "name:en": null, "maxspeed": null, "int_name": null, "surface": null, "ref": null, "name:etymology:wikidata": null, "name": null }, "geometry": { "type": "LineString", "coordinates": [ [ 330224.166727992356755, 5809104.814017484895885 ], [ 330218.462278211198281, 5809110.778257956728339 ], [ 330201.775721615878865, 5809128.210936269722879 ], [ 330170.81646769947838, 5809153.507230389863253 ], [ 330127.348275574389845, 5809165.185356019996107 ], [ 330114.423627488780767, 5809157.281793657690287 ], [ 330103.752181220101193, 5809116.656549780629575 ] ] } },
{ "type": "Feature", "properties": { "full_id": "w504026983", "osm_id": "504026983", "osm_type": "way", "highway": "service", "oneway": null, "name:uk": null, "name:ru": null, "name:en": null, "maxspeed": null, "int_name": null, "surface": null, "ref": null, "name:etymology:wikidata": null, "name": null }, "geometry": { "type": "LineString", "coordinates": [ [ 330114.423627488780767, 5809157.281793657690287 ], [ 330111.876558045158163, 5809166.332403462380171 ], [ 330070.603736470628064, 5809176.510062584653497 ] ] } },
{ "type": "Feature", "properties": { "full_id": "w504026984", "osm_id": "504026984", "osm_type": "way", "highway": "service", "oneway": null, "name:uk": null, "name:ru": null, "name:en": null, "maxspeed": null, "int_name": null, "surface": null, "ref": null, "name:etymology:wikidata": null, "name": null }, "geometry": { "type": "LineString", "coordinates": [ [ 330184.912646055454388, 5808903.003469553776085 ], [ 330252.796809997991659, 5808891.952497620135546 ], [ 330261.931303611258045, 5808961.456009988673031 ] ] } },
{ "type": "Feature", "properties": { "full_id": "w504026991", "osm_id": "504026991", "osm_type": "way", "highway": "service", "oneway": null, "name:uk": null, "name:ru": null, "name:en": null, "maxspeed": null, "int_name": null, "surface": null, "ref": null, "name:etymology:wikidata": null, "name": null }, "geometry": { "type": "LineString", "coordinates": [ [ 330192.01940916175954, 5808943.740859220735729 ], [ 330179.729064990999177, 5808945.735254689119756 ], [ 330100.009240819257684, 5808958.710500366054475 ] ] } },
{ "type": "Feature", "properties": { "full_id": "w504026992", "osm_id": "504026992", "osm_type": "way", "highway": "service", "oneway": null, "name:uk": null, "name:ru": null, "name:en": null, "maxspeed": null, "int_name": null, "surface": null, "ref": null, "name:etymology:wikidata": null, "name": null }, "geometry": { "type": "LineString", "coordinates": [ [ 330181.848847906396259, 5808885.473640351556242 ], [ 330154.064526151865721, 5808893.124808275140822 ], [ 330146.73265112855006, 5808899.4904904095456 ], [ 330147.350884727726225, 5808911.471183924004436 ], [ 330156.370700077037327, 5808924.397433237172663 ] ] } },
{ "type": "Feature", "properties": { "full_id": "w504027006", "osm_id": "504027006", "osm_type": "way", "highway": "footway", "oneway": null, "name:uk": null, "name:ru": null, "name:en": null, "maxspeed": null, "int_name": null, "surface": null, "ref": null, "name:etymology:wikidata": null, "name": null }, "geometry": { "type": "LineString", "coordinates": [ [ 330082.159695830079727, 5808622.534929816611111 ], [ 330078.451501139847096, 5808589.328993289731443 ], [ 330083.046524497040082, 5808586.520379778929055 ], [ 330083.813921682420187, 5808579.167928306385875 ], [ 330080.007037421280984, 5808575.224587662145495 ], [ 330076.087679306394421, 5808574.135346926748753 ], [ 330071.471508080256172, 5808576.332347540184855 ], [ 330070.606118244293611, 5808580.849112248048186 ], [ 330071.60491189773893, 5808586.103066879324615 ], [ 330074.764150739647448, 5808588.844085458666086 ], [ 330078.451501139847096, 5808589.328993289731443 ] ] } },
{ "type": "Feature", "properties": { "full_id": "w504027007", "osm_id": "504027007", "osm_type": "way", "highway": "footway", "oneway": null, "name:uk": null, "name:ru": null, "name:en": null, "maxspeed": null, "int_name": null, "surface": null, "ref": null, "name:etymology:wikidata": null, "name": null }, "geometry": { "type": "LineString", "coordinates": [ [ 330012.849524140474387, 5808563.295024244114757 ], [ 330056.626899613882415, 5808555.090319107286632 ], [ 330091.330275557353161, 5808548.569022719748318 ], [ 330117.687169005163014, 5808561.831346328370273 ] ] } },
{ "type": "Feature", "properties": { "full_id": "w504027008", "osm_id": "504027008", "osm_type": "way", "highway": "footway", "oneway": null, "name:uk": null, "name:ru": null, "name:en": null, "maxspeed": null, "int_name": null, "surface": null, "ref": null, "name:etymology:wikidata": null, "name": null }, "geometry": { "type": "LineString", "coordinates": [ [ 330011.828455387265421, 5808558.186585539951921 ], [ 330089.311208162340336, 5808543.350324581377208 ], [ 330109.843133901013061, 5808522.64481261651963 ] ] } },
{ "type": "Feature", "properties": { "full_id": "w504027009", "osm_id": "504027009", "osm_type": "way", "highway": "footway", "oneway": null, "name:uk": null, "name:ru": null, "name:en": null, "maxspeed": null, "int_name": null, "surface": null, "ref": null, "name:etymology:wikidata": null, "name": null }, "geometry": { "type": "LineString", "coordinates": [ [ 330071.471508080256172, 5808576.332347540184855 ], [ 330057.48345547018107, 5808561.351215397007763 ], [ 330056.626899613882415, 5808555.090319107286632 ] ] } },
{ "type": "Feature", "properties": { "full_id": "w504027010", "osm_id": "504027010", "osm_type": "way", "highway": "footway", "oneway": null, "name:uk": null, "name:ru": null, "name:en": null, "maxspeed": null, "int_name": null, "surface": null, "ref": null, "name:etymology:wikidata": null, "name": null }, "geometry": { "type": "LineString", "coordinates": [ [ 330080.007037421280984, 5808575.224587662145495 ], [ 330090.535188389651012, 5808555.120807248167694 ], [ 330091.330275557353161, 5808548.569022719748318 ] ] } },
{ "type": "Feature", "properties": { "full_id": "w504027011", "osm_id": "504027011", "osm_type": "way", "highway": "footway", "oneway": null, "name:uk": null, "name:ru": null, "name:en": null, "maxspeed": null, "int_name": null, "surface": null, "ref": null, "name:etymology:wikidata": null, "name": null }, "geometry": { "type": "LineString", "coordinates": [ [ 330067.256612785509787, 5808475.662983153946698 ], [ 330085.484399776381906, 5808521.293250225484371 ], [ 330089.311208162340336, 5808543.350324581377208 ] ] } },
{ "type": "Feature", "properties": { "full_id": "w504027013", "osm_id": "504027013", "osm_type": "way", "highway": "residential", "oneway": null, "name:uk": null, "name:ru": null, "name:en": null, "maxspeed": null, "int_name": null, "surface": null, "ref": null, "name:etymology:wikidata": null, "name": null }, "geometry": { "type": "LineString", "coordinates": [ [ 329945.863496836391278, 5808646.508594869635999 ], [ 329918.946498827717733, 5808502.290280945599079 ] ] } },
{ "type": "Feature", "properties": { "full_id": "w504027014", "osm_id": "504027014", "osm_type": "way", "highway": "residential", "oneway": null, "name:uk": null, "name:ru": null, "name:en": null, "maxspeed": null, "int_name": null, "surface": null, "ref": null, "name:etymology:wikidata": null, "name": null }, "geometry": { "type": "LineString", "coordinates": [ [ 329945.863496836391278, 5808646.508594869635999 ], [ 329990.554666351235937, 5808888.255431863479316 ], [ 330021.433187607501168, 5809029.76515600644052 ], [ 330046.079546723805834, 5809051.915107140317559 ], [ 330052.714025658089668, 5809066.749558563344181 ], [ 330052.439999587950297, 5809076.15582968108356 ], [ 330052.150689621747006, 5809085.907772488892078 ], [ 330060.091575354221277, 5809127.896563249640167 ] ] } },
{ "type": "Feature", "properties": { "full_id": "w504034889", "osm_id": "504034889", "osm_type": "way", "highway": "footway", "oneway": null, "name:uk": null, "name:ru": null, "name:en": null, "maxspeed": null, "int_name": null, "surface": null, "ref": null, "name:etymology:wikidata": null, "name": null }, "geometry": { "type": "LineString", "coordinates": [ [ 330167.61758977372665, 5808856.717223611660302 ], [ 330127.937241713399999, 5808614.484379563480616 ], [ 330117.687169005163014, 5808561.831346328370273 ], [ 330109.843133901013061, 5808522.64481261651963 ], [ 330100.752338953898288, 5808469.651137452572584 ], [ 330043.685768627561629, 5808119.210628248751163 ] ] } },
{ "type": "Feature", "properties": { "full_id": "w504034908", "osm_id": "504034908", "osm_type": "way", "highway": "service", "oneway": null, "name:uk": null, "name:ru": null, "name:en": null, "maxspeed": null, "int_name": null, "surface": null, "ref": null, "name:etymology:wikidata": null, "name": null }, "geometry": { "type": "LineString", "coordinates": [ [ 330548.247956370643806, 5808542.608576744794846 ], [ 330543.944603962649126, 5808522.471524318680167 ], [ 330538.641993406694382, 5808486.581508290953934 ], [ 330576.282672079280019, 5808480.296457667835057 ] ] } },
{ "type": "Feature", "properties": { "full_id": "w504073256", "osm_id": "504073256", "osm_type": "way", "highway": "service", "oneway": null, "name:uk": null, "name:ru": null, "name:en": null, "maxspeed": null, "int_name": null, "surface": null, "ref": null, "name:etymology:wikidata": null, "name": null }, "geometry": { "type": "LineString", "coordinates": [ [ 330218.462278211198281, 5809110.778257956728339 ], [ 330237.285708953510039, 5809231.518071048893034 ], [ 330210.401845269487239, 5809277.994301029480994 ] ] } },
{ "type": "Feature", "properties": { "full_id": "w504073258", "osm_id": "504073258", "osm_type": "way", "highway": "service", "oneway": null, "name:uk": null, "name:ru": null, "name:en": null, "maxspeed": null, "int_name": null, "surface": null, "ref": null, "name:etymology:wikidata": null, "name": null }, "geometry": { "type": "LineString", "coordinates": [ [ 330237.285708953510039, 5809231.518071048893034 ], [ 330295.692756461095996, 5809293.998307162895799 ] ] } },
{ "type": "Feature", "properties": { "full_id": "w504073264", "osm_id": "504073264", "osm_type": "way", "highway": "service", "oneway": null, "name:uk": null, "name:ru": null, "name:en": null, "maxspeed": null, "int_name": null, "surface": null, "ref": null, "name:etymology:wikidata": null, "name": null }, "geometry": { "type": "LineString", "coordinates": [ [ 329971.477121840813197, 5809151.558150016702712 ], [ 330029.157586858724244, 5809326.599555135704577 ] ] } },
{ "type": "Feature", "properties": { "full_id": "w504073280", "osm_id": "504073280", "osm_type": "way", "highway": "service", "oneway": "yes", "name:uk": null, "name:ru": null, "name:en": null, "maxspeed": null, "int_name": null, "surface": null, "ref": null, "name:etymology:wikidata": null, "name": null }, "geometry": { "type": "LineString", "coordinates": [ [ 329596.005498915910721, 5809352.430101999081671 ], [ 329589.272903033881448, 5809330.08435079921037 ], [ 329623.188428223191295, 5809300.217081865295768 ], [ 329632.828085416229442, 5809301.731155215762556 ], [ 329657.197324347798713, 5809282.070620765909553 ], [ 329681.959068018710241, 5809279.431173760443926 ] ] } },
{ "type": "Feature", "properties": { "full_id": "w504073283", "osm_id": "504073283", "osm_type": "way", "highway": "residential", "oneway": null, "name:uk": null, "name:ru": null, "name:en": null, "maxspeed": null, "int_name": null, "surface": null, "ref": null, "name:etymology:wikidata": null, "name": null }, "geometry": { "type": "LineString", "coordinates": [ [ 329566.519348038535099, 5809224.301372471265495 ], [ 329651.970769848267082, 5809201.398823063820601 ] ] } },
{ "type": "Feature", "properties": { "full_id": "w504073285", "osm_id": "504073285", "osm_type": "way", "highway": "service", "oneway": null, "name:uk": null, "name:ru": null, "name:en": null, "maxspeed": null, "int_name": null, "surface": null, "ref": null, "name:etymology:wikidata": null, "name": null }, "geometry": { "type": "LineString", "coordinates": [ [ 329893.293835438671522, 5809175.773349352180958 ], [ 329882.630530614522286, 5809116.154164844192564 ], [ 329937.946118891530205, 5809102.483007755130529 ], [ 329954.886053818627261, 5809156.173575405962765 ] ] } },
{ "type": "Feature", "properties": { "full_id": "w504073300", "osm_id": "504073300", "osm_type": "way", "highway": "residential", "oneway": null, "name:uk": null, "name:ru": null, "name:en": null, "maxspeed": null, "int_name": null, "surface": null, "ref": null, "name:etymology:wikidata": null, "name": null }, "geometry": { "type": "LineString", "coordinates": [ [ 329314.140797242929693, 5809249.926145475357771 ], [ 329311.467292698798701, 5809244.507779661566019 ], [ 329309.920408324920572, 5809239.963259731419384 ], [ 329308.550583889242262, 5809235.223318079486489 ], [ 329307.732025275588967, 5809230.475367450155318 ], [ 329294.721907493076287, 5809088.971952267922461 ], [ 329275.99120878695976, 5809018.444424798712134 ] ] } },
{ "type": "Feature", "properties": { "full_id": "w504282708", "osm_id": "504282708", "osm_type": "way", "highway": "residential", "oneway": null, "name:uk": null, "name:ru": null, "name:en": null, "maxspeed": null, "int_name": null, "surface": null, "ref": null, "name:etymology:wikidata": null, "name": null }, "geometry": { "type": "LineString", "coordinates": [ [ 329138.998743511270732, 5808562.533819553442299 ], [ 329120.003461282816716, 5808512.71355892624706 ], [ 329105.507421407848597, 5808441.282230804674327 ], [ 329099.697510630474426, 5808382.286021021194756 ], [ 329085.28444484854117, 5808356.555895921774209 ], [ 329011.999396909493953, 5808323.130714966915548 ], [ 328994.482246350089554, 5808294.524921272881329 ], [ 328993.128628035192378, 5808255.603834759443998 ], [ 328918.266753081697971, 5808219.985754470340908 ], [ 328848.011501412373036, 5808187.214528145268559 ], [ 328783.918701077171136, 5808180.44973757583648 ], [ 328703.497775455005467, 5808157.776540446095169 ], [ 328617.293286444968544, 5808141.151437127962708 ], [ 328540.630693809478544, 5808143.100301732309163 ], [ 328471.187769007752649, 5808152.280440352857113 ], [ 328415.171914250589907, 5808140.851918019354343 ], [ 328360.797065740567632, 5808111.274252833798528 ], [ 328318.817163481551688, 5808070.76517359726131 ], [ 328297.0630205712514, 5808047.943253112956882 ], [ 328288.40239473443944, 5808038.85983831435442 ], [ 328280.219453533529304, 5808019.661358704790473 ], [ 328315.227618586970493, 5807946.492102809250355 ], [ 328371.804206038650591, 5807974.500593670643866 ], [ 328430.180788190104067, 5807989.698667438700795 ], [ 328518.478833216649946, 5807990.671461616642773 ], [ 328585.247210990870371, 5807976.797815976664424 ], [ 328658.367824863409624, 5807962.258407754823565 ], [ 328712.309517013491131, 5807936.397021738812327 ], [ 328748.132823379826732, 5807886.439053102396429 ], [ 328759.044495944050141, 5807832.850734932348132 ], [ 328750.768710509932134, 5807746.195219913497567 ], [ 328638.710920049459673, 5807419.591998563148081 ], [ 328646.494052130030468, 5807405.826683695428073 ], [ 328755.83069403807167, 5807395.271621025167406 ], [ 328773.422791655524634, 5807382.668079066090286 ], [ 328780.145169651077595, 5807359.943843768909574 ], [ 328779.983146675280295, 5807311.261518446728587 ] ] } },
{ "type": "Feature", "properties": { "full_id": "w504282709", "osm_id": "504282709", "osm_type": "way", "highway": "unclassified", "oneway": null, "name:uk": null, "name:ru": null, "name:en": null, "maxspeed": null, "int_name": null, "surface": null, "ref": null, "name:etymology:wikidata": null, "name": null }, "geometry": { "type": "LineString", "coordinates": [ [ 328772.138815963699017, 5807231.315802108496428 ], [ 328261.511193392099813, 5807204.148680140264332 ], [ 328139.167461004981305, 5807205.193053432740271 ], [ 328091.539432322024368, 5807201.758110826835036 ], [ 328066.623939239536412, 5807199.71189537178725 ], [ 328055.946234107890632, 5807186.95832906011492 ] ] } },
{ "type": "Feature", "properties": { "full_id": "w504282710", "osm_id": "504282710", "osm_type": "way", "highway": "service", "oneway": null, "name:uk": null, "name:ru": null, "name:en": null, "maxspeed": null, "int_name": null, "surface": null, "ref": null, "name:etymology:wikidata": null, "name": null }, "geometry": { "type": "LineString", "coordinates": [ [ 328231.689823962340597, 5807038.783745000138879 ], [ 328455.29018124344293, 5807051.433624929748476 ], [ 328739.910420513362624, 5807067.535589838400483 ], [ 328740.485132161993533, 5806991.883908187970519 ], [ 328740.985435411683284, 5806925.832133272662759 ], [ 328759.304961621179245, 5806927.421130953356624 ] ] } },
{ "type": "Feature", "properties": { "full_id": "w504282711", "osm_id": "504282711", "osm_type": "way", "highway": "service", "oneway": null, "name:uk": null, "name:ru": null, "name:en": null, "maxspeed": null, "int_name": null, "surface": null, "ref": null, "name:etymology:wikidata": null, "name": null }, "geometry": { "type": "LineString", "coordinates": [ [ 328467.605593293788843, 5806815.980808231048286 ], [ 328466.261663926648907, 5806862.622606878168881 ], [ 328680.771374247735366, 5806887.335108264349401 ], [ 328704.961614905158058, 5806881.827657967805862 ], [ 328746.527758013864513, 5806866.452101425267756 ] ] } },
{ "type": "Feature", "properties": { "full_id": "w504282712", "osm_id": "504282712", "osm_type": "way", "highway": "service", "oneway": null, "name:uk": null, "name:ru": null, "name:en": null, "maxspeed": null, "int_name": null, "surface": null, "ref": null, "name:etymology:wikidata": null, "name": null }, "geometry": { "type": "LineString", "coordinates": [ [ 328466.261663926648907, 5806862.622606878168881 ], [ 328459.960574105731212, 5806971.062851294875145 ], [ 328455.29018124344293, 5807051.433624929748476 ] ] } },
{ "type": "Feature", "properties": { "full_id": "w504282713", "osm_id": "504282713", "osm_type": "way", "highway": "service", "oneway": null, "name:uk": null, "name:ru": null, "name:en": null, "maxspeed": null, "int_name": null, "surface": null, "ref": null, "name:etymology:wikidata": null, "name": null }, "geometry": { "type": "LineString", "coordinates": [ [ 328740.485132161993533, 5806991.883908187970519 ], [ 328459.960574105731212, 5806971.062851294875145 ] ] } },
{ "type": "Feature", "properties": { "full_id": "w504282714", "osm_id": "504282714", "osm_type": "way", "highway": "service", "oneway": null, "name:uk": null, "name:ru": null, "name:en": null, "maxspeed": null, "int_name": null, "surface": null, "ref": null, "name:etymology:wikidata": null, "name": null }, "geometry": { "type": "LineString", "coordinates": [ [ 328467.605593293788843, 5806815.980808231048286 ], [ 328742.752486626908649, 5806829.63057559914887 ] ] } },
{ "type": "Feature", "properties": { "full_id": "w504282728", "osm_id": "504282728", "osm_type": "way", "highway": "service", "oneway": null, "name:uk": null, "name:ru": null, "name:en": null, "maxspeed": null, "int_name": null, "surface": null, "ref": null, "name:etymology:wikidata": null, "name": null }, "geometry": { "type": "LineString", "coordinates": [ [ 329625.154342858761083, 5807510.108448893763125 ], [ 329645.71468986175023, 5807510.787956492044032 ], [ 329651.226913447491825, 5807722.626547421328723 ] ] } },
{ "type": "Feature", "properties": { "full_id": "w504282729", "osm_id": "504282729", "osm_type": "way", "highway": "service", "oneway": null, "name:uk": null, "name:ru": null, "name:en": null, "maxspeed": null, "int_name": null, "surface": null, "ref": null, "name:etymology:wikidata": null, "name": null }, "geometry": { "type": "LineString", "coordinates": [ [ 329645.71468986175023, 5807510.787956492044032 ], [ 329657.573059227084741, 5807471.242406926117837 ] ] } },
{ "type": "Feature", "properties": { "full_id": "w504282730", "osm_id": "504282730", "osm_type": "way", "highway": "residential", "oneway": null, "name:uk": null, "name:ru": null, "name:en": null, "maxspeed": null, "int_name": null, "surface": null, "ref": null, "name:etymology:wikidata": "Q47499", "name": "Первомайская улица" }, "geometry": { "type": "LineString", "coordinates": [ [ 329238.64511931175366, 5808038.748112355358899 ], [ 329336.566158822737634, 5808021.320194322615862 ], [ 329576.125371230533347, 5807976.927630500867963 ], [ 329817.976134049589746, 5807929.773302446119487 ], [ 330012.81900345365284, 5807893.986585688777268 ] ] } },
{ "type": "Feature", "properties": { "full_id": "w504289266", "osm_id": "504289266", "osm_type": "way", "highway": "residential", "oneway": null, "name:uk": null, "name:ru": null, "name:en": null, "maxspeed": null, "int_name": null, "surface": null, "ref": null, "name:etymology:wikidata": null, "name": null }, "geometry": { "type": "LineString", "coordinates": [ [ 330635.182716988027096, 5807439.918853436596692 ], [ 330687.219047038117424, 5807630.347710307687521 ], [ 330690.890023281099275, 5807643.793111825361848 ], [ 330714.771408803062513, 5807744.742660178802907 ], [ 330726.528556527686305, 5807802.755619700066745 ], [ 330717.690881277201697, 5807855.276120269671082 ], [ 330696.780132062151097, 5807917.954141420312226 ], [ 330712.507179701584391, 5807988.210895561613142 ], [ 330688.323598640039563, 5807998.340007691644132 ] ] } },
{ "type": "Feature", "properties": { "full_id": "w504289267", "osm_id": "504289267", "osm_type": "way", "highway": "residential", "oneway": null, "name:uk": null, "name:ru": null, "name:en": null, "maxspeed": null, "int_name": null, "surface": null, "ref": null, "name:etymology:wikidata": null, "name": null }, "geometry": { "type": "LineString", "coordinates": [ [ 330687.219047038117424, 5807630.347710307687521 ], [ 331052.807383248698898, 5807511.851142996922135 ] ] } },
{ "type": "Feature", "properties": { "full_id": "w504289268", "osm_id": "504289268", "osm_type": "way", "highway": "residential", "oneway": null, "name:uk": null, "name:ru": null, "name:en": null, "maxspeed": null, "int_name": null, "surface": null, "ref": null, "name:etymology:wikidata": null, "name": null }, "geometry": { "type": "LineString", "coordinates": [ [ 330714.771408803062513, 5807744.742660178802907 ], [ 331462.440132153453305, 5807523.537246199324727 ] ] } },
{ "type": "Feature", "properties": { "full_id": "w504289269", "osm_id": "504289269", "osm_type": "way", "highway": "residential", "oneway": null, "name:uk": null, "name:ru": null, "name:en": null, "maxspeed": null, "int_name": null, "surface": null, "ref": null, "name:etymology:wikidata": null, "name": null }, "geometry": { "type": "LineString", "coordinates": [ [ 330712.507179701584391, 5807988.210895561613142 ], [ 330747.10400334908627, 5807962.236735588870943 ], [ 330782.952931786363479, 5807921.17835218179971 ], [ 330885.789656029664911, 5807892.857514261268079 ], [ 331043.263949074782431, 5807853.821385907940567 ], [ 331113.275962208863348, 5807825.742641072720289 ], [ 331179.539332190179266, 5807791.614539781585336 ], [ 331260.986376910179388, 5807760.495687038637698 ], [ 331384.23391795984935, 5807732.364847268909216 ], [ 331481.001359020941891, 5807694.100105719640851 ] ] } },
{ "type": "Feature", "properties": { "full_id": "w504289270", "osm_id": "504289270", "osm_type": "way", "highway": "residential", "oneway": null, "name:uk": null, "name:ru": null, "name:en": null, "maxspeed": null, "int_name": null, "surface": null, "ref": null, "name:etymology:wikidata": null, "name": null }, "geometry": { "type": "LineString", "coordinates": [ [ 330885.789656029664911, 5807892.857514261268079 ], [ 330905.124951006670017, 5807913.435366257093847 ], [ 330899.462186990189366, 5807980.887668589130044 ], [ 330899.733092913404107, 5808014.512712338007987 ], [ 330948.497473046532832, 5808013.715583175420761 ], [ 331125.737795257125981, 5807981.962870288640261 ], [ 331229.277482505654916, 5807948.325557879172266 ], [ 331299.395732276025228, 5808000.785301527939737 ], [ 331327.228756284574047, 5808010.451845020987093 ], [ 331380.567211056943052, 5807961.717295922338963 ], [ 331394.203939930710476, 5807919.655119951814413 ], [ 331416.361604509875178, 5807902.039410374127328 ] ] } },
{ "type": "Feature", "properties": { "full_id": "w504289271", "osm_id": "504289271", "osm_type": "way", "highway": "residential", "oneway": null, "name:uk": null, "name:ru": null, "name:en": null, "maxspeed": null, "int_name": null, "surface": null, "ref": null, "name:etymology:wikidata": null, "name": null }, "geometry": { "type": "LineString", "coordinates": [ [ 330730.285036092507653, 5808511.922069527208805 ], [ 330722.579525408393238, 5808356.351066689006984 ] ] } },
{ "type": "Feature", "properties": { "full_id": "w504289272", "osm_id": "504289272", "osm_type": "way", "highway": "residential", "oneway": null, "name:uk": null, "name:ru": null, "name:en": null, "maxspeed": null, "int_name": null, "surface": null, "ref": null, "name:etymology:wikidata": null, "name": null }, "geometry": { "type": "LineString", "coordinates": [ [ 330948.785564419231378, 5808474.722382879815996 ], [ 330960.089360457495786, 5808317.417908278293908 ] ] } },
{ "type": "Feature", "properties": { "full_id": "w504289273", "osm_id": "504289273", "osm_type": "way", "highway": "residential", "oneway": null, "name:uk": null, "name:ru": null, "name:en": null, "maxspeed": null, "int_name": null, "surface": null, "ref": null, "name:etymology:wikidata": null, "name": null }, "geometry": { "type": "LineString", "coordinates": [ [ 331334.820820468710735, 5808490.066271863877773 ], [ 331340.392860604217276, 5808540.532438483089209 ], [ 331272.915292407851666, 5808550.70792421232909 ], [ 331278.389867945807055, 5808526.282455762848258 ], [ 331268.658672414312605, 5808475.29104967135936 ], [ 331278.930805346695706, 5808438.654521456919611 ], [ 331274.467466721311212, 5808334.386771533638239 ], [ 331307.895685415249318, 5808326.158886355347931 ], [ 331342.728466928063426, 5808272.113358833827078 ], [ 331345.799729370744899, 5808267.343088715337217 ], [ 331353.362241349823307, 5808228.316962293349206 ] ] } },
{ "type": "Feature", "properties": { "full_id": "w504289274", "osm_id": "504289274", "osm_type": "way", "highway": "residential", "oneway": null, "name:uk": null, "name:ru": null, "name:en": null, "maxspeed": null, "int_name": null, "surface": "ground", "ref": null, "name:etymology:wikidata": null, "name": null }, "geometry": { "type": "LineString", "coordinates": [ [ 330431.282563741493504, 5808042.690754190087318 ], [ 330419.576524642237928, 5807974.60066329035908 ], [ 330402.374206691747531, 5807913.235554759390652 ], [ 330395.331304564606398, 5807786.043525607325137 ], [ 330443.580152807931881, 5807770.21784711163491 ], [ 330460.699213652056642, 5807751.92527013272047 ], [ 330501.30891618214082, 5807797.431140017695725 ] ] } },
{ "type": "Feature", "properties": { "full_id": "w504289275", "osm_id": "504289275", "osm_type": "way", "highway": "residential", "oneway": null, "name:uk": null, "name:ru": null, "name:en": null, "maxspeed": null, "int_name": null, "surface": "ground", "ref": null, "name:etymology:wikidata": null, "name": null }, "geometry": { "type": "LineString", "coordinates": [ [ 330460.699213652056642, 5807751.92527013272047 ], [ 330433.076589341682848, 5807722.783582299016416 ], [ 330418.655653681256808, 5807690.536999516189098 ], [ 330441.088465382228605, 5807646.387132783420384 ], [ 330450.807472567539662, 5807619.498501705937088 ], [ 330427.857271095504984, 5807597.287811439484358 ], [ 330398.823957587883342, 5807520.353951836936176 ] ] } },
{ "type": "Feature", "properties": { "full_id": "w504289276", "osm_id": "504289276", "osm_type": "way", "highway": "residential", "oneway": null, "name:uk": null, "name:ru": null, "name:en": null, "maxspeed": null, "int_name": null, "surface": null, "ref": null, "name:etymology:wikidata": null, "name": null }, "geometry": { "type": "LineString", "coordinates": [ [ 330714.771408803062513, 5807744.742660178802907 ], [ 330644.477516852901317, 5807755.323762609623373 ], [ 330607.636105465004221, 5807664.551569477654994 ], [ 330687.219047038117424, 5807630.347710307687521 ] ] } },
{ "type": "Feature", "properties": { "full_id": "w504289282", "osm_id": "504289282", "osm_type": "way", "highway": "service", "oneway": null, "name:uk": null, "name:ru": null, "name:en": null, "maxspeed": null, "int_name": null, "surface": null, "ref": null, "name:etymology:wikidata": null, "name": null }, "geometry": { "type": "LineString", "coordinates": [ [ 330026.752652633818798, 5807641.105756681412458 ], [ 329996.859400347515475, 5807427.939279026351869 ], [ 330062.901614596834406, 5807295.560749393887818 ] ] } },
{ "type": "Feature", "properties": { "full_id": "w504289297", "osm_id": "504289297", "osm_type": "way", "highway": "service", "oneway": null, "name:uk": null, "name:ru": null, "name:en": null, "maxspeed": null, "int_name": null, "surface": null, "ref": null, "name:etymology:wikidata": null, "name": null }, "geometry": { "type": "LineString", "coordinates": [ [ 332424.01526779710548, 5806831.097745107486844 ], [ 332391.656253935303539, 5806741.285564067773521 ] ] } },
{ "type": "Feature", "properties": { "full_id": "w504289298", "osm_id": "504289298", "osm_type": "way", "highway": "secondary", "oneway": null, "name:uk": null, "name:ru": null, "name:en": null, "maxspeed": null, "int_name": null, "surface": "asphalt", "ref": "54К-8", "name:etymology:wikidata": null, "name": null }, "geometry": { "type": "LineString", "coordinates": [ [ 334680.15553605358582, 5808229.521064677275717 ], [ 334308.972761866170913, 5808320.280786832794547 ], [ 334129.000746588804759, 5808363.856398956850171 ], [ 333956.799250455573201, 5808406.56400953233242 ], [ 333905.31172898306977, 5808419.703424385748804 ], [ 333816.835559669998474, 5808446.996808502823114 ], [ 333788.353432083385997, 5808454.539292693138123 ], [ 333766.732363305287436, 5808459.166871056891978 ], [ 333744.182019267173018, 5808462.089193649590015 ], [ 333708.397869421984069, 5808464.735542792826891 ], [ 333666.846342581440695, 5808465.78482127841562 ], [ 333494.481036366196349, 5808463.859233569353819 ], [ 333176.449619065737352, 5808462.615979457274079 ], [ 332989.795165968476795, 5808461.081552611663938 ], [ 332872.846555491327308, 5808459.778309343382716 ], [ 332806.448172624455765, 5808456.502526698634028 ], [ 332580.54260839446215, 5808441.845176349394023 ], [ 332353.370033651241101, 5808427.842511866241693 ], [ 332303.976513198693283, 5808425.218336748890579 ], [ 332252.032307725865394, 5808421.089606351219118 ], [ 332208.944114014098886, 5808418.251257350668311 ], [ 332176.27886518847663, 5808417.517978365533054 ], [ 332144.473943942110054, 5808418.447816953994334 ], [ 332118.906021083530504, 5808423.139511938206851 ], [ 332056.054741828120314, 5808442.620646144263446 ], [ 331926.007645110192243, 5808499.280160273425281 ], [ 331838.836427751928568, 5808539.368547667749226 ], [ 331625.475872727751266, 5808635.192776790820062 ], [ 331349.901043071178719, 5808760.927455781027675 ], [ 331313.816802250279579, 5808777.396063853055239 ] ] } },
{ "type": "Feature", "properties": { "full_id": "w506071584", "osm_id": "506071584", "osm_type": "way", "highway": "residential", "oneway": null, "name:uk": null, "name:ru": null, "name:en": null, "maxspeed": null, "int_name": null, "surface": null, "ref": null, "name:etymology:wikidata": null, "name": null }, "geometry": { "type": "LineString", "coordinates": [ [ 329371.429905318072997, 5808225.805641078390181 ], [ 329265.062836586905178, 5808233.283326784148812 ], [ 329139.208479448454455, 5808207.571600734256208 ] ] } },
{ "type": "Feature", "properties": { "full_id": "w506071585", "osm_id": "506071585", "osm_type": "way", "highway": "service", "oneway": null, "name:uk": null, "name:ru": null, "name:en": null, "maxspeed": null, "int_name": null, "surface": "ground", "ref": null, "name:etymology:wikidata": null, "name": null }, "geometry": { "type": "LineString", "coordinates": [ [ 329139.208479448454455, 5808207.571600734256208 ], [ 329107.101957073842641, 5808194.213481242768466 ], [ 329073.664731565804686, 5808176.670993737876415 ], [ 329040.184961915831082, 5808157.716213089413941 ], [ 328989.01511980779469, 5808129.100380257703364 ], [ 328928.97899822157342, 5808101.717597519047558 ], [ 328872.527890306373592, 5808069.53456337377429 ], [ 328815.055963868333492, 5808035.049580384045839 ], [ 328797.399592679226771, 5807999.178871584124863 ], [ 328739.505722985661123, 5807966.112246710807085 ], [ 328658.367824863409624, 5807962.258407754823565 ] ] } },
{ "type": "Feature", "properties": { "full_id": "w506071586", "osm_id": "506071586", "osm_type": "way", "highway": "service", "oneway": null, "name:uk": null, "name:ru": null, "name:en": null, "maxspeed": null, "int_name": null, "surface": "ground", "ref": null, "name:etymology:wikidata": null, "name": null }, "geometry": { "type": "LineString", "coordinates": [ [ 328815.055963868333492, 5808035.049580384045839 ], [ 328830.585031327558681, 5807928.80494405515492 ], [ 328850.548093645076733, 5807855.606999731622636 ], [ 328874.765206256590318, 5807742.958958560600877 ], [ 328861.743544821743853, 5807665.29759006947279 ], [ 328841.655712513776962, 5807613.601153018884361 ], [ 328859.156315978500061, 5807577.442022179253399 ], [ 328880.342675539199263, 5807552.845176635310054 ], [ 328920.704798014136031, 5807540.218180388212204 ], [ 329004.427089372533374, 5807520.46125097386539 ] ] } },
{ "type": "Feature", "properties": { "full_id": "w506071587", "osm_id": "506071587", "osm_type": "way", "highway": "unclassified", "oneway": null, "name:uk": null, "name:ru": null, "name:en": null, "maxspeed": null, "int_name": null, "surface": "ground", "ref": null, "name:etymology:wikidata": null, "name": null }, "geometry": { "type": "LineString", "coordinates": [ [ 328773.422791655524634, 5807382.668079066090286 ], [ 328786.717820598743856, 5807396.122463598847389 ], [ 328805.861253736075014, 5807407.146558423526585 ], [ 328819.954209415125661, 5807434.724265972152352 ], [ 328856.32840693637263, 5807442.343159499578178 ], [ 328909.680329331196845, 5807439.084104896523058 ], [ 328949.368090994481463, 5807461.09568493347615 ], [ 328997.719097622437403, 5807489.352988712489605 ], [ 329004.427089372533374, 5807520.46125097386539 ], [ 329024.265234773629345, 5807524.45886599086225 ], [ 329064.984631621977314, 5807522.097102910280228 ], [ 329078.50092205114197, 5807533.32890987303108 ], [ 329090.267899379367009, 5807561.45574533380568 ], [ 329083.511604231782258, 5807704.358231063000858 ], [ 329075.186053759651259, 5807761.719130527228117 ], [ 329146.819630187703297, 5807785.427610979415476 ], [ 329187.829254179319832, 5807791.484893481247127 ], [ 329246.407480688416399, 5807776.824970080517232 ], [ 329286.801682003075257, 5807778.695897714234889 ], [ 329298.171814669505693, 5807793.476465292274952 ] ] } },
{ "type": "Feature", "properties": { "full_id": "w506071588", "osm_id": "506071588", "osm_type": "way", "highway": "unclassified", "oneway": null, "name:uk": null, "name:ru": null, "name:en": null, "maxspeed": null, "int_name": null, "surface": "ground", "ref": null, "name:etymology:wikidata": null, "name": null }, "geometry": { "type": "LineString", "coordinates": [ [ 329075.186053759651259, 5807761.719130527228117 ], [ 329058.701491361134686, 5807773.047293852083385 ], [ 329027.907732111518271, 5807899.016149427741766 ], [ 329041.591943456674926, 5807914.907012834213674 ], [ 329077.558159902982879, 5807924.423117034137249 ], [ 329114.22854296665173, 5807954.011404836550355 ], [ 329135.192816621973179, 5807977.142529678530991 ], [ 329172.549926785985008, 5807986.1322140423581 ], [ 329180.732098401407711, 5808046.192808941937983 ], [ 329238.64511931175366, 5808038.748112355358899 ] ] } },
{ "type": "Feature", "properties": { "full_id": "w795855077", "osm_id": "795855077", "osm_type": "way", "highway": "residential", "oneway": null, "name:uk": null, "name:ru": null, "name:en": null, "maxspeed": null, "int_name": null, "surface": null, "ref": null, "name:etymology:wikidata": null, "name": null }, "geometry": { "type": "LineString", "coordinates": [ [ 331610.983644853928126, 5808170.656482007354498 ], [ 331797.948579046409577, 5808121.070859847590327 ], [ 331850.54169779503718, 5808123.547326645813882 ] ] } },
{ "type": "Feature", "properties": { "full_id": "w795855078", "osm_id": "795855078", "osm_type": "way", "highway": "residential", "oneway": null, "name:uk": null, "name:ru": null, "name:en": null, "maxspeed": null, "int_name": null, "surface": null, "ref": null, "name:etymology:wikidata": null, "name": null }, "geometry": { "type": "LineString", "coordinates": [ [ 331686.795324899605475, 5808274.863829595968127 ], [ 331719.810632505221292, 5808249.173458714038134 ], [ 331794.070000681444071, 5808228.874765443615615 ], [ 331810.904943637433462, 5808207.568479902110994 ] ] } },
{ "type": "Feature", "properties": { "full_id": "w795855079", "osm_id": "795855079", "osm_type": "way", "highway": "residential", "oneway": null, "name:uk": null, "name:ru": null, "name:en": null, "maxspeed": null, "int_name": null, "surface": null, "ref": null, "name:etymology:wikidata": null, "name": null }, "geometry": { "type": "LineString", "coordinates": [ [ 331666.63333290326409, 5808243.723562466911972 ], [ 331616.870779452438001, 5808274.752898243255913 ], [ 331602.417836560402066, 5808279.478571467101574 ], [ 331574.483453829889186, 5808275.737043775618076 ], [ 331498.239120957790874, 5808292.922991718165576 ], [ 331443.595921851694584, 5808307.488040033727884 ], [ 331419.098690898856148, 5808307.8602828476578 ], [ 331375.427812034089584, 5808299.014781289733946 ], [ 331357.215625497396104, 5808290.231614924967289 ], [ 331351.424813900957815, 5808286.199514877982438 ], [ 331342.728466928063426, 5808272.113358833827078 ] ] } },
{ "type": "Feature", "properties": { "full_id": "w795855080", "osm_id": "795855080", "osm_type": "way", "highway": "service", "oneway": null, "name:uk": null, "name:ru": null, "name:en": null, "maxspeed": null, "int_name": null, "surface": null, "ref": null, "name:etymology:wikidata": null, "name": null }, "geometry": { "type": "LineString", "coordinates": [ [ 331375.427812034089584, 5808299.014781289733946 ], [ 331403.14598245738307, 5808282.54422714933753 ] ] } },
{ "type": "Feature", "properties": { "full_id": "w795855081", "osm_id": "795855081", "osm_type": "way", "highway": "service", "oneway": null, "name:uk": null, "name:ru": null, "name:en": null, "maxspeed": null, "int_name": null, "surface": null, "ref": null, "name:etymology:wikidata": null, "name": null }, "geometry": { "type": "LineString", "coordinates": [ [ 331574.483453829889186, 5808275.737043775618076 ], [ 331573.405840953695588, 5808244.277451219968498 ], [ 331566.575613078661263, 5808223.814349548891187 ], [ 331556.16313080576947, 5808186.851741714403033 ] ] } },
{ "type": "Feature", "properties": { "full_id": "w795855082", "osm_id": "795855082", "osm_type": "way", "highway": "residential", "oneway": null, "name:uk": null, "name:ru": null, "name:en": null, "maxspeed": null, "int_name": null, "surface": null, "ref": null, "name:etymology:wikidata": null, "name": null }, "geometry": { "type": "LineString", "coordinates": [ [ 331468.630368964513764, 5807981.811449469998479 ], [ 331484.774994179490022, 5807969.189508825540543 ], [ 331505.578818098292686, 5807959.169072911143303 ], [ 331512.047913116810378, 5807948.404047530144453 ], [ 331511.088996443431824, 5807938.505872594192624 ], [ 331473.629690216272138, 5807732.796487134881318 ] ] } },
{ "type": "Feature", "properties": { "full_id": "w795855083", "osm_id": "795855083", "osm_type": "way", "highway": "service", "oneway": null, "name:uk": null, "name:ru": null, "name:en": null, "maxspeed": null, "int_name": null, "surface": null, "ref": null, "name:etymology:wikidata": null, "name": null }, "geometry": { "type": "LineString", "coordinates": [ [ 330052.439999587950297, 5809076.15582968108356 ], [ 330080.952994648658205, 5809069.525395484641194 ], [ 330091.40530648373533, 5809062.038576979190111 ], [ 330100.411594279052224, 5809053.889207266271114 ], [ 330113.868067453149706, 5809050.573927560821176 ], [ 330192.453868529410101, 5809030.044862810522318 ], [ 330179.729064990999177, 5808945.735254689119756 ] ] } },
{ "type": "Feature", "properties": { "full_id": "w795855084", "osm_id": "795855084", "osm_type": "way", "highway": "residential", "oneway": null, "name:uk": null, "name:ru": null, "name:en": null, "maxspeed": null, "int_name": null, "surface": null, "ref": null, "name:etymology:wikidata": null, "name": null }, "geometry": { "type": "LineString", "coordinates": [ [ 329175.393228708417155, 5809759.773594869300723 ], [ 329178.302095248713158, 5809763.346632345579565 ], [ 329263.158185852691531, 5809867.660601632669568 ], [ 329271.104435062326957, 5809870.234784437343478 ], [ 329488.427847636630759, 5809673.460858602076769 ], [ 329627.043927542108577, 5809547.964287673123181 ], [ 329634.916446369607002, 5809548.403957460075617 ], [ 329640.006733490503393, 5809551.077747118659317 ], [ 329711.674708496429957, 5809619.838693396188319 ], [ 329716.100147838820703, 5809623.960704776458442 ], [ 329728.791468793875538, 5809619.245666760019958 ], [ 329750.438159298908431, 5809604.957208364270627 ] ] } },
{ "type": "Feature", "properties": { "full_id": "w795855085", "osm_id": "795855085", "osm_type": "way", "highway": "residential", "oneway": null, "name:uk": null, "name:ru": null, "name:en": null, "maxspeed": null, "int_name": null, "surface": null, "ref": null, "name:etymology:wikidata": null, "name": null }, "geometry": { "type": "LineString", "coordinates": [ [ 329488.427847636630759, 5809673.460858602076769 ], [ 329378.769949917215854, 5809565.428087463602424 ] ] } },
{ "type": "Feature", "properties": { "full_id": "w795855088", "osm_id": "795855088", "osm_type": "way", "highway": "residential", "oneway": null, "name:uk": null, "name:ru": null, "name:en": null, "maxspeed": null, "int_name": null, "surface": null, "ref": null, "name:etymology:wikidata": null, "name": null }, "geometry": { "type": "LineString", "coordinates": [ [ 328040.470093831303529, 5808912.63767877779901 ], [ 328078.731044207699597, 5809009.121835474856198 ], [ 328061.579755420156289, 5809106.920593092218041 ], [ 328074.204579437500797, 5809158.318437192589045 ], [ 328103.074935820477549, 5809178.908517034724355 ], [ 328144.431270189408679, 5809185.022375698201358 ], [ 328176.484890631749295, 5809183.901837571524084 ], [ 328218.518490705639124, 5809167.312928946688771 ], [ 328313.965776393422857, 5809109.979090943932533 ] ] } },
{ "type": "Feature", "properties": { "full_id": "w795855089", "osm_id": "795855089", "osm_type": "way", "highway": "residential", "oneway": null, "name:uk": null, "name:ru": null, "name:en": null, "maxspeed": null, "int_name": null, "surface": null, "ref": null, "name:etymology:wikidata": null, "name": null }, "geometry": { "type": "LineString", "coordinates": [ [ 328313.965776393422857, 5809109.979090943932533 ], [ 328369.509476055158302, 5809057.280225047841668 ], [ 328374.566835997742601, 5809016.064265217632055 ], [ 328392.386014662100933, 5808999.242425817996264 ], [ 328452.595952575735282, 5808956.090445981360972 ], [ 328605.808315884496551, 5808878.387583265081048 ], [ 328625.025670184055343, 5808873.898722535930574 ], [ 328692.803680266370066, 5808858.07565335277468 ], [ 328769.697734583169222, 5808827.317335603758693 ], [ 328921.837164556025527, 5808780.970376144163311 ], [ 329052.438270383980125, 5808768.867516605183482 ], [ 329081.118846704950556, 5808784.069936139509082 ] ] } },
{ "type": "Feature", "properties": { "full_id": "w795855090", "osm_id": "795855090", "osm_type": "way", "highway": "residential", "oneway": null, "name:uk": null, "name:ru": null, "name:en": null, "maxspeed": null, "int_name": null, "surface": null, "ref": null, "name:etymology:wikidata": null, "name": null }, "geometry": { "type": "LineString", "coordinates": [ [ 328517.660066089476459, 5808757.864924713037908 ], [ 328526.999751086113974, 5808773.772281901910901 ], [ 328542.035506670945324, 5808783.713670340366662 ], [ 328584.029790307045914, 5808820.750013704411685 ], [ 328625.025670184055343, 5808873.898722535930574 ] ] } },
{ "type": "Feature", "properties": { "full_id": "w795855091", "osm_id": "795855091", "osm_type": "way", "highway": "residential", "oneway": null, "name:uk": null, "name:ru": null, "name:en": null, "maxspeed": null, "int_name": null, "surface": null, "ref": null, "name:etymology:wikidata": null, "name": null }, "geometry": { "type": "LineString", "coordinates": [ [ 328176.484890631749295, 5809183.901837571524084 ], [ 327987.310381761169992, 5809254.293093597516418 ], [ 327898.948037945316173, 5809319.324057336896658 ], [ 327829.319358883076347, 5809367.812389454804361 ], [ 327818.846878970041871, 5809404.164094869978726 ], [ 327820.913561359513551, 5809439.252657479606569 ], [ 327825.454194285208359, 5809449.136407344602048 ] ] } },
{ "type": "Feature", "properties": { "full_id": "w795855092", "osm_id": "795855092", "osm_type": "way", "highway": "residential", "oneway": null, "name:uk": null, "name:ru": null, "name:en": null, "maxspeed": null, "int_name": null, "surface": null, "ref": null, "name:etymology:wikidata": null, "name": null }, "geometry": { "type": "LineString", "coordinates": [ [ 328280.219453533529304, 5808019.661358704790473 ], [ 328237.583893943112344, 5808029.255850282497704 ], [ 328210.821216367359739, 5808024.12277926504612 ], [ 328113.889040821930394, 5808007.624963752925396 ], [ 328027.229595586424693, 5808000.155609684996307 ], [ 327996.353138456470333, 5808003.996717385947704 ], [ 327975.399390218488406, 5808022.410292821936309 ] ] } },
{ "type": "Feature", "properties": { "full_id": "w795855093", "osm_id": "795855093", "osm_type": "way", "highway": "residential", "oneway": null, "name:uk": null, "name:ru": null, "name:en": null, "maxspeed": null, "int_name": null, "surface": null, "ref": null, "name:etymology:wikidata": null, "name": null }, "geometry": { "type": "LineString", "coordinates": [ [ 328297.0630205712514, 5808047.943253112956882 ], [ 328276.359949891455472, 5808077.068639679811895 ], [ 328258.898452817345969, 5808100.324712070636451 ], [ 328236.218568126147147, 5808101.116880876943469 ], [ 328228.111279434058815, 5808090.911990325897932 ], [ 328225.796111534291413, 5808072.210054758936167 ], [ 328230.362931101582944, 5808044.427440818399191 ], [ 328237.583893943112344, 5808029.255850282497704 ] ] } },
{ "type": "Feature", "properties": { "full_id": "w795855094", "osm_id": "795855094", "osm_type": "way", "highway": "residential", "oneway": null, "name:uk": null, "name:ru": null, "name:en": null, "maxspeed": null, "int_name": null, "surface": null, "ref": null, "name:etymology:wikidata": null, "name": null }, "geometry": { "type": "LineString", "coordinates": [ [ 328415.171914250589907, 5808140.851918019354343 ], [ 328267.711188881541602, 5808110.449342522770166 ], [ 328236.218568126147147, 5808101.116880876943469 ], [ 328192.036738474213053, 5808119.65064282156527 ], [ 328175.089694362017326, 5808157.418757676146924 ] ] } },
{ "type": "Feature", "properties": { "full_id": "w795855095", "osm_id": "795855095", "osm_type": "way", "highway": "residential", "oneway": null, "name:uk": null, "name:ru": null, "name:en": null, "maxspeed": null, "int_name": null, "surface": null, "ref": null, "name:etymology:wikidata": null, "name": null }, "geometry": { "type": "LineString", "coordinates": [ [ 328315.227618586970493, 5807946.492102809250355 ], [ 328169.218982451129705, 5807863.879317942075431 ], [ 328103.097218182054348, 5807853.798166448250413 ], [ 328037.65211364714196, 5807842.235688403248787 ], [ 327967.373693681671284, 5807817.716295534744859 ], [ 327919.078051088610664, 5807774.213570940308273 ], [ 327847.738808264955878, 5807740.257976562716067 ], [ 327835.11498590791598, 5807713.733603212051094 ] ] } },
{ "type": "Feature", "properties": { "full_id": "w795855096", "osm_id": "795855096", "osm_type": "way", "highway": "residential", "oneway": null, "name:uk": null, "name:ru": null, "name:en": null, "maxspeed": null, "int_name": null, "surface": null, "ref": null, "name:etymology:wikidata": null, "name": null }, "geometry": { "type": "LineString", "coordinates": [ [ 329531.485290081996936, 5807749.555214673280716 ], [ 329371.421104673354421, 5807767.809735892340541 ], [ 329312.162719662534073, 5807776.423881835304201 ], [ 329299.633534444612451, 5807783.783932417631149 ], [ 329298.171814669505693, 5807793.476465292274952 ] ] } },
{ "type": "Feature", "properties": { "full_id": "w795855097", "osm_id": "795855097", "osm_type": "way", "highway": "residential", "oneway": null, "name:uk": null, "name:ru": null, "name:en": null, "maxspeed": null, "int_name": null, "surface": null, "ref": null, "name:etymology:wikidata": null, "name": null }, "geometry": { "type": "LineString", "coordinates": [ [ 329531.485290081996936, 5807749.555214673280716 ], [ 329664.416593431087676, 5807743.167785750702024 ], [ 329671.493037511361763, 5807739.615990876220167 ], [ 329675.383946879126597, 5807728.848582053557038 ] ] } },
{ "type": "Feature", "properties": { "full_id": "w798634646", "osm_id": "798634646", "osm_type": "way", "highway": "residential", "oneway": null, "name:uk": null, "name:ru": null, "name:en": null, "maxspeed": null, "int_name": null, "surface": null, "ref": null, "name:etymology:wikidata": null, "name": null }, "geometry": { "type": "LineString", "coordinates": [ [ 330003.288202018360607, 5807844.270395137369633 ], [ 330058.048968760704156, 5807836.387815799564123 ], [ 330079.953058382496238, 5807835.987194621004164 ], [ 330085.213052003760822, 5807840.180960857309401 ], [ 330097.336698580067605, 5807841.955404045060277 ], [ 330115.01746114710113, 5807846.076362136751413 ], [ 330156.291814782656729, 5807856.318700147792697 ], [ 330168.332927840412594, 5807855.902844545431435 ], [ 330183.926583098014817, 5807852.447336875833571 ], [ 330188.997924437222537, 5807851.181123442947865 ], [ 330212.559194812783971, 5807930.540652283467352 ] ] } },
{ "type": "Feature", "properties": { "full_id": "w798634647", "osm_id": "798634647", "osm_type": "way", "highway": "residential", "oneway": null, "name:uk": null, "name:ru": null, "name:en": null, "maxspeed": null, "int_name": null, "surface": null, "ref": null, "name:etymology:wikidata": null, "name": null }, "geometry": { "type": "LineString", "coordinates": [ [ 329259.067862891708501, 5809348.323903976939619 ], [ 329362.505445584305562, 5809563.120227794162929 ], [ 329368.867500781081617, 5809576.337780009023845 ] ] } },
{ "type": "Feature", "properties": { "full_id": "w798634648", "osm_id": "798634648", "osm_type": "way", "highway": "residential", "oneway": null, "name:uk": null, "name:ru": null, "name:en": null, "maxspeed": null, "int_name": null, "surface": null, "ref": null, "name:etymology:wikidata": null, "name": null }, "geometry": { "type": "LineString", "coordinates": [ [ 329366.580064542125911, 5809255.665310448035598 ], [ 329339.03281091991812, 5809274.569244705140591 ], [ 329313.561650568502955, 5809297.565272388979793 ], [ 329356.645288598840125, 5809365.298964946530759 ], [ 329366.54686892736936, 5809365.923856527544558 ], [ 329386.21649021684425, 5809377.254364876076579 ] ] } },
{ "type": "Feature", "properties": { "full_id": "w798635020", "osm_id": "798635020", "osm_type": "way", "highway": "service", "oneway": null, "name:uk": null, "name:ru": null, "name:en": null, "maxspeed": null, "int_name": null, "surface": null, "ref": null, "name:etymology:wikidata": null, "name": null }, "geometry": { "type": "LineString", "coordinates": [ [ 331039.467450651340187, 5808904.877183144912124 ], [ 331057.592281015589833, 5808952.573743542656302 ], [ 331069.541053259046748, 5808994.136484268121421 ], [ 331071.340627192985266, 5809007.468266035430133 ], [ 331075.48501744918758, 5809038.110027637332678 ], [ 331027.979768001416232, 5809057.411625928245485 ] ] } },
{ "type": "Feature", "properties": { "full_id": "w798635021", "osm_id": "798635021", "osm_type": "way", "highway": "service", "oneway": null, "name:uk": null, "name:ru": null, "name:en": null, "maxspeed": null, "int_name": null, "surface": null, "ref": null, "name:etymology:wikidata": null, "name": null }, "geometry": { "type": "LineString", "coordinates": [ [ 331071.340627192985266, 5809007.468266035430133 ], [ 331107.297056999872439, 5808997.259165168739855 ], [ 331104.28930189285893, 5808990.181386487558484 ] ] } },
{ "type": "Feature", "properties": { "full_id": "w798635022", "osm_id": "798635022", "osm_type": "way", "highway": "service", "oneway": null, "name:uk": null, "name:ru": null, "name:en": null, "maxspeed": null, "int_name": null, "surface": null, "ref": null, "name:etymology:wikidata": null, "name": null }, "geometry": { "type": "LineString", "coordinates": [ [ 330778.787024365388788, 5808993.481924839317799 ], [ 330788.632805802277289, 5809029.271388764493167 ], [ 330807.629505725111812, 5809039.918074592016637 ], [ 330834.633447399362922, 5809081.619077677838504 ], [ 330859.062757647363469, 5809101.542509551160038 ], [ 330897.846925578720402, 5809103.492549589835107 ], [ 330932.935150169651024, 5809104.100381650030613 ], [ 330940.387391467578709, 5809097.653831405565143 ], [ 330940.497729225899093, 5809090.368703559041023 ], [ 330937.085156846093014, 5809044.203957435674965 ], [ 330929.48319601744879, 5809014.226724454201758 ], [ 330911.089348347391933, 5808999.918174939230084 ], [ 330894.191309960209765, 5808997.226182698272169 ], [ 330883.800175761105493, 5808992.473355893976986 ], [ 330881.504483663360588, 5808989.279072262346745 ], [ 330875.387074809870683, 5808965.452213761396706 ] ] } },
{ "type": "Feature", "properties": { "full_id": "w798635221", "osm_id": "798635221", "osm_type": "way", "highway": "service", "oneway": null, "name:uk": null, "name:ru": null, "name:en": null, "maxspeed": null, "int_name": null, "surface": null, "ref": null, "name:etymology:wikidata": null, "name": null }, "geometry": { "type": "LineString", "coordinates": [ [ 331253.358595544239506, 5808805.48987926915288 ], [ 331315.91200632363325, 5808928.951111270114779 ] ] } },
{ "type": "Feature", "properties": { "full_id": "w798635222", "osm_id": "798635222", "osm_type": "way", "highway": "service", "oneway": null, "name:uk": null, "name:ru": null, "name:en": null, "maxspeed": null, "int_name": null, "surface": null, "ref": null, "name:etymology:wikidata": null, "name": null }, "geometry": { "type": "LineString", "coordinates": [ [ 331349.901043071178719, 5808760.927455781027675 ], [ 331365.406224110280164, 5808799.629951105453074 ], [ 331380.891815912909806, 5808794.289122910238802 ] ] } },
{ "type": "Feature", "properties": { "full_id": "w801513395", "osm_id": "801513395", "osm_type": "way", "highway": "residential", "oneway": null, "name:uk": null, "name:ru": null, "name:en": null, "maxspeed": null, "int_name": null, "surface": null, "ref": null, "name:etymology:wikidata": null, "name": "Молодёжная улица" }, "geometry": { "type": "LineString", "coordinates": [ [ 333041.136601932346821, 5806601.254722075536847 ], [ 333118.002512941602618, 5806527.806041289120913 ], [ 333164.735167852370068, 5806505.079082819633186 ], [ 333182.399738203152083, 5806486.989819541573524 ], [ 333245.044990766502451, 5806394.453377547673881 ], [ 333254.957515750546008, 5806363.50112733617425 ], [ 333269.178303523454815, 5806330.209665899164975 ], [ 333288.423014043888543, 5806315.696715558879077 ], [ 333410.122051476442721, 5806240.132991821505129 ], [ 333460.920510913943872, 5806207.785954458639026 ], [ 333581.615279767545871, 5806167.241116559132934 ] ] } },
{ "type": "Feature", "properties": { "full_id": "w807818695", "osm_id": "807818695", "osm_type": "way", "highway": "unclassified", "oneway": null, "name:uk": null, "name:ru": null, "name:en": null, "maxspeed": null, "int_name": null, "surface": "ground", "ref": null, "name:etymology:wikidata": null, "name": null }, "geometry": { "type": "LineString", "coordinates": [ [ 331494.576024073990993, 5810326.955943373031914 ], [ 331541.259977058856748, 5810323.5404749866575 ], [ 331602.889523990103044, 5810323.39861514326185 ], [ 331666.64178696135059, 5810327.794064427725971 ], [ 331695.165378988254815, 5810326.816986527293921 ], [ 331719.518620824674144, 5810323.132727945223451 ], [ 331754.396113815484568, 5810317.061939539387822 ], [ 331788.663622488325927, 5810305.300820323638618 ], [ 331919.98912447062321, 5810256.451292131096125 ], [ 332033.110936622368172, 5810212.302452401258051 ], [ 332049.733121147379279, 5810205.677715697325766 ], [ 332057.508638497733045, 5810204.521290904842317 ], [ 332073.155870463466272, 5810205.222348432056606 ], [ 332087.206293007009663, 5810205.811018587090075 ], [ 332095.90831914433511, 5810205.869938029907644 ], [ 332105.458534430596046, 5810204.652949646115303 ], [ 332118.368849270045757, 5810203.154180804267526 ], [ 332124.771516024018638, 5810203.458710190840065 ], [ 332131.612856824882329, 5810206.242146571166813 ], [ 332143.354866290232167, 5810217.174843542277813 ], [ 332149.354398165189195, 5810221.222867893055081 ], [ 332159.243987098685466, 5810224.959891635924578 ], [ 332177.421916027204134, 5810226.810645046643913 ], [ 332195.362314642523415, 5810227.08863256778568 ], [ 332208.285080050001852, 5810225.7566735483706 ], [ 332223.580371457384899, 5810221.337722954340279 ], [ 332234.235590671072714, 5810216.197698563337326 ], [ 332247.246222223562654, 5810207.069464106112719 ], [ 332261.896594383695628, 5810199.310368141159415 ], [ 332274.344432598969433, 5810194.632513639517128 ], [ 332295.116836443659849, 5810189.325443779118359 ], [ 332315.3335174015956, 5810183.491891545243561 ], [ 332327.26321288885083, 5810179.188125630840659 ], [ 332335.094944123469759, 5810174.489809274673462 ], [ 332338.238382434647065, 5810167.657988867722452 ], [ 332339.706873823248316, 5810153.435082416981459 ], [ 332343.583992619998753, 5810121.416780848987401 ], [ 332344.34573434072081, 5810107.229124829173088 ], [ 332346.354906016436871, 5810098.47653625998646 ], [ 332350.303849400836043, 5810089.312635934911668 ], [ 332359.246595732285641, 5810080.85791411716491 ], [ 332391.807809279533103, 5810056.712255449965596 ], [ 332403.446546369115822, 5810049.0563392220065 ] ] } },
{ "type": "Feature", "properties": { "full_id": "w828360008", "osm_id": "828360008", "osm_type": "way", "highway": "unclassified", "oneway": null, "name:uk": null, "name:ru": null, "name:en": null, "maxspeed": null, "int_name": null, "surface": "unpaved", "ref": null, "name:etymology:wikidata": null, "name": null }, "geometry": { "type": "LineString", "coordinates": [ [ 333008.887052008067258, 5806613.304391556419432 ], [ 333029.371902235783637, 5806629.96579850371927 ], [ 333072.800417796126567, 5806746.60440204385668 ], [ 333069.013236655446235, 5806807.241999980993569 ], [ 333005.747913310711738, 5807053.607955241575837 ], [ 333000.420160259469412, 5807079.662485675886273 ], [ 333009.777037471998483, 5807096.84627443831414 ], [ 333019.404324000701308, 5807100.5274115819484 ], [ 333050.000590580806602, 5807097.662996345199645 ], [ 333086.885263758595102, 5807086.202058119699359 ], [ 333118.690923902962822, 5807076.015906939283013 ], [ 333129.549394102185033, 5807083.663448113948107 ], [ 333160.461421190178953, 5807133.282160494476557 ], [ 333167.873170773498714, 5807136.315067775547504 ] ] } },
{ "type": "Feature", "properties": { "full_id": "w828360009", "osm_id": "828360009", "osm_type": "way", "highway": "residential", "oneway": null, "name:uk": null, "name:ru": null, "name:en": null, "maxspeed": null, "int_name": null, "surface": "unpaved", "ref": null, "name:etymology:wikidata": null, "name": null }, "geometry": { "type": "LineString", "coordinates": [ [ 333544.892186138196848, 5807576.573400842957199 ], [ 333489.922883633524179, 5807560.943938341923058 ], [ 333391.215438284911215, 5807548.611288407817483 ], [ 333217.708182920119725, 5807506.752928289584816 ] ] } },
{ "type": "Feature", "properties": { "full_id": "w828360010", "osm_id": "828360010", "osm_type": "way", "highway": "track", "oneway": null, "name:uk": null, "name:ru": null, "name:en": null, "maxspeed": null, "int_name": null, "surface": "unpaved", "ref": null, "name:etymology:wikidata": null, "name": null }, "geometry": { "type": "LineString", "coordinates": [ [ 333905.31172898306977, 5808419.703424385748804 ], [ 333895.146750262007117, 5808405.45125092100352 ], [ 333869.718248827033676, 5808388.096527114510536 ], [ 333748.857907014200464, 5808314.193805319257081 ], [ 333722.257569177541882, 5808283.764529566280544 ], [ 333709.442178892611992, 5808261.241311207413673 ], [ 333708.545321091951337, 5808245.596124911680818 ], [ 333754.113771605305374, 5808221.098615663126111 ], [ 333799.241665328387171, 5808194.434343438595533 ], [ 333802.319867040670943, 5808166.630978238768876 ], [ 333784.385411250928883, 5808154.845975720323622 ], [ 333746.986911648651585, 5808161.576701823621988 ], [ 333715.375657442724332, 5808166.653557174839079 ], [ 333663.701043758075684, 5808161.843891568481922 ], [ 333596.366717895609327, 5808169.221139580011368 ], [ 333563.57193321181694, 5808160.856732158921659 ], [ 333513.681551788118668, 5808122.466165552847087 ], [ 333473.238249931659084, 5808039.290102462284267 ], [ 333451.040347424219362, 5807987.9273526603356 ], [ 333447.434356165176723, 5807957.065773820504546 ], [ 333450.767466909135692, 5807925.980307095684111 ], [ 333463.731664792518131, 5807898.944022382609546 ], [ 333511.885586796095595, 5807853.582295279018581 ], [ 333533.528115433640778, 5807834.624588407576084 ], [ 333539.702862153411843, 5807811.815192636102438 ], [ 333515.119752144324593, 5807765.643031337298453 ], [ 333496.187050323933363, 5807735.300329403020442 ], [ 333498.819651810801588, 5807715.895104504190385 ], [ 333527.746455958520528, 5807652.959622642025352 ], [ 333542.050010456412565, 5807589.795623858459294 ], [ 333544.892186138196848, 5807576.573400842957199 ] ] } },
{ "type": "Feature", "properties": { "full_id": "w858870467", "osm_id": "858870467", "osm_type": "way", "highway": "unclassified", "oneway": null, "name:uk": null, "name:ru": null, "name:en": null, "maxspeed": null, "int_name": null, "surface": null, "ref": null, "name:etymology:wikidata": null, "name": null }, "geometry": { "type": "LineString", "coordinates": [ [ 328055.946234107890632, 5807186.95832906011492 ], [ 328031.389645376009867, 5807028.970082136802375 ] ] } },
{ "type": "Feature", "properties": { "full_id": "w858870468", "osm_id": "858870468", "osm_type": "way", "highway": "track", "oneway": null, "name:uk": null, "name:ru": null, "name:en": null, "maxspeed": null, "int_name": null, "surface": null, "ref": null, "name:etymology:wikidata": null, "name": null }, "geometry": { "type": "LineString", "coordinates": [ [ 328031.389645376009867, 5807028.970082136802375 ], [ 328318.106097264739219, 5807009.936436399817467 ], [ 328295.534293388598599, 5806802.009709244593978 ], [ 328350.85031503951177, 5806792.9425089051947 ], [ 328467.605593293788843, 5806815.980808231048286 ] ] } },
{ "type": "Feature", "properties": { "full_id": "w859348906", "osm_id": "859348906", "osm_type": "way", "highway": "tertiary", "oneway": null, "name:uk": null, "name:ru": null, "name:en": null, "maxspeed": null, "int_name": null, "surface": null, "ref": "54К-206", "name:etymology:wikidata": null, "name": "Малоархангельск — Архарово" }, "geometry": { "type": "LineString", "coordinates": [ [ 339501.764761672762688, 5811514.266891631297767 ], [ 339457.609815324947704, 5811525.974150938913226 ], [ 339428.133716036798432, 5811530.834087719209492 ], [ 339402.999628670397215, 5811532.37944898288697 ], [ 339383.378022702992894, 5811530.404901150614023 ], [ 339361.742628747830167, 5811525.323508249595761 ], [ 339330.74536970135523, 5811509.683044628240168 ], [ 339274.681526867090724, 5811478.531448386609554 ], [ 339239.663949336390942, 5811463.991621159017086 ], [ 339194.149687681871001, 5811452.679009755142033 ], [ 339174.095761389995459, 5811446.244126166217029 ], [ 339114.943804287933744, 5811438.250994203612208 ], [ 339075.475388055667281, 5811448.650397278368473 ], [ 338960.152800710347947, 5811479.615896344184875 ], [ 338841.740514613338746, 5811504.106162328273058 ], [ 338806.20188417378813, 5811507.944179074838758 ], [ 338768.387076361570507, 5811507.326186405494809 ], [ 338591.45692850719206, 5811499.399554623290896 ], [ 338446.756732627516612, 5811490.519261386245489 ], [ 338392.976539419440087, 5811485.130130040459335 ], [ 338192.706106067984365, 5811455.620140282437205 ], [ 338040.654162141494453, 5811432.109413429163396 ], [ 337800.182575042534154, 5811406.178571329452097 ], [ 337658.330738612392452, 5811391.215484392829239 ], [ 337490.970172894827556, 5811393.075872697867453 ], [ 337336.04597170650959, 5811395.454120744019747 ], [ 337231.731997900176793, 5811398.442129201255739 ], [ 337184.443180134287104, 5811400.933411199599504 ], [ 336950.534370690700598, 5811421.083248871378601 ], [ 336895.404490433924366, 5811422.913588626310229 ], [ 336798.856057544937357, 5811424.283613395877182 ], [ 336773.641442610125523, 5811424.865397363901138 ], [ 336728.073438839172013, 5811422.616961065679789 ], [ 336696.939752326114103, 5811418.742345552891493 ], [ 336540.207459936384112, 5811401.990420543588698 ], [ 336497.41014371777419, 5811395.900109170936048 ], [ 336452.548443253792357, 5811388.721076156944036 ], [ 335615.148335313308053, 5811238.201157830655575 ], [ 335169.012394630583003, 5811178.30362238548696 ], [ 335126.573135392856784, 5811175.719940499402583 ], [ 335101.957013989274856, 5811176.546202649362385 ], [ 335070.180887800292112, 5811181.620887285098433 ], [ 334732.772396607557312, 5811261.652300623245537 ], [ 334703.033748530317098, 5811266.983716399408877 ], [ 334674.803669260349125, 5811268.200950759463012 ], [ 334629.40951290645171, 5811268.003325579687953 ], [ 334547.035770912130829, 5811266.680178636685014 ], [ 334467.635018573724665, 5811266.338137301616371 ], [ 332985.359860394499265, 5811217.492617805488408 ], [ 332957.994811782438774, 5811213.747092727571726 ], [ 332826.341455387533642, 5811188.822562641464174 ], [ 332810.571332497871481, 5811186.809732623398304 ], [ 332793.144278393359855, 5811184.307816918008029 ], [ 332773.981973774847575, 5811184.414571857079864 ], [ 332757.540052253345493, 5811184.061382964253426 ], [ 332744.217041194729973, 5811184.158722459338605 ], [ 332731.425750690861605, 5811183.681324409320951 ], [ 332721.525535259745084, 5811182.559974514879286 ], [ 332712.890881467086729, 5811181.028144954703748 ], [ 332678.654020330286585, 5811171.572953563183546 ], [ 332663.749099449138157, 5811166.591908211819828 ], [ 332602.65961484547006, 5811144.090771034359932 ], [ 332582.609865785110742, 5811133.941261921077967 ], [ 332276.108317834266927, 5810949.996039352379739 ], [ 331886.174195061554201, 5810644.350698941387236 ], [ 331494.576024073990993, 5810326.955943373031914 ], [ 331488.184324489091523, 5810321.808793098665774 ], [ 331398.900768388470169, 5810239.55546176340431 ], [ 331266.289111041231081, 5810133.284296490252018 ], [ 331107.540083521278575, 5810035.051237289793789 ], [ 330959.857421103981324, 5809934.137655423954129 ], [ 330925.359680215013213, 5809898.873145034536719 ], [ 330880.280000361206476, 5809842.195749837905169 ], [ 330744.970282713591587, 5809673.648935468867421 ], [ 330478.874634178646374, 5809377.892870964482427 ], [ 330463.43632307392545, 5809361.235065774060786 ], [ 330288.967385526862927, 5809181.246526506729424 ], [ 330266.791449061711319, 5809156.048603578470647 ], [ 330224.166727992356755, 5809104.814017484895885 ], [ 330217.099923256901093, 5809087.500365068204701 ] ] } },
{ "type": "Feature", "properties": { "full_id": "w1032440748", "osm_id": "1032440748", "osm_type": "way", "highway": "tertiary", "oneway": null, "name:uk": null, "name:ru": null, "name:en": null, "maxspeed": null, "int_name": null, "surface": null, "ref": null, "name:etymology:wikidata": null, "name": "улица Урицкого" }, "geometry": { "type": "LineString", "coordinates": [ [ 330108.908068262273446, 5808468.189152947627008 ], [ 330465.569183086161502, 5808389.789094535633922 ], [ 330722.579525408393238, 5808356.351066689006984 ], [ 330856.724497397546656, 5808334.28831070009619 ], [ 330912.218464610283263, 5808324.107395778410137 ], [ 330960.089360457495786, 5808317.417908278293908 ], [ 331028.677143422071822, 5808308.547284529544413 ], [ 331171.028743074741215, 5808280.087797600775957 ] ] } },
{ "type": "Feature", "properties": { "full_id": "w1070362169", "osm_id": "1070362169", "osm_type": "way", "highway": "service", "oneway": null, "name:uk": null, "name:ru": null, "name:en": null, "maxspeed": null, "int_name": null, "surface": null, "ref": null, "name:etymology:wikidata": null, "name": null }, "geometry": { "type": "LineString", "coordinates": [ [ 329362.505445584305562, 5809563.120227794162929 ], [ 329319.531618852866814, 5809600.262646586634219 ] ] } },
{ "type": "Feature", "properties": { "full_id": null, "osm_id": null, "osm_type": null, "highway": null, "oneway": null, "name:uk": null, "name:ru": null, "name:en": null, "maxspeed": null, "int_name": null, "surface": null, "ref": null, "name:etymology:wikidata": null, "name": null }, "geometry": { "type": "LineString", "coordinates": [ [ 330166.65804120816756, 5808796.973308249376714 ], [ 330185.461708917282522, 5808782.069714589975774 ], [ 330197.573393552214839, 5808762.440432596951723 ], [ 330236.831957540474832, 5808665.12931122072041 ], [ 330248.943642175989226, 5808640.905941949225962 ], [ 330260.220038215164095, 5808618.770794169045985 ], [ 330262.308259704033844, 5808599.976800767704844 ], [ 330261.588068938581273, 5808591.530687267892063 ] ] } }
]
}
