{
"type": "FeatureCollection",
"name": "graph",
"crs": { "type": "name", "properties": { "name": "urn:ogc:def:crs:EPSG::32637" } },
"features": [
{ "type": "Feature", "properties": { "id": 4, "cost_level": 1500.0 }, "geometry": { "type": "Polygon", "coordinates": [ [ [ 465986.926726239151321, 5832199.774527005851269 ], [ 465996.967807283333968, 5832193.031201891601086 ], [ 465997.697045733337291, 5832192.428138714283705 ], [ 466007.008888327458408, 5832184.092462470754981 ], [ 466008.793193132791203, 5832182.379028980620205 ], [ 466017.049969371699262, 5832174.512473911046982 ], [ 466019.322007506969385, 5832172.329919246025383 ], [ 466027.091050415823702, 5832164.925010935403407 ], [ 466029.842812231683638, 5832162.280809512361884 ], [ 466037.132131460006349, 5832155.33045915234834 ], [ 466039.982996777980588, 5832152.231699777767062 ], [ 466047.173212504247203, 5832145.325203523039818 ], [ 466050.570552109624259, 5832142.182590044103563 ], [ 466057.214293548488058, 5832135.247216049581766 ], [ 466060.553975391434506, 5832132.133480310440063 ], [ 466067.255374592612498, 5832126.674671499058604 ], [ 466071.528695741493721, 5832122.084370575845242 ], [ 466074.900620477157645, 5832112.03526084125042 ], [ 466073.076898722094484, 5832101.98615110758692 ], [ 466067.255374592612498, 5832096.2851283531636 ], [ 466061.933323749457486, 5832091.937041373923421 ], [ 466057.21429354842985, 5832088.346789995208383 ], [ 466049.800424118177034, 5832081.887931640259922 ], [ 466047.173212504247203, 5832079.700318788178265 ], [ 466043.527171323657967, 5832071.8388219056651 ], [ 466047.173212504247203, 5832066.952885914593935 ], [ 466052.648450608365238, 5832061.7897121720016 ], [ 466057.214293548371643, 5832060.489652190357447 ], [ 466067.255374592612498, 5832056.61662101559341 ], [ 466077.296455636853352, 5832052.937698852270842 ], [ 466079.401240960578434, 5832051.740602436475456 ], [ 466087.337536681094207, 5832048.588937301188707 ], [ 466097.378617725218646, 5832044.601418920792639 ], [ 466101.686584802751895, 5832041.691492703743279 ], [ 466107.419698769459501, 5832035.131507773883641 ], [ 466108.890300836763345, 5832031.642382968217134 ], [ 466111.99216995050665, 5832021.593273235484958 ], [ 466117.46077981358394, 5832014.339805282652378 ], [ 466120.095584471942857, 5832011.544163501821458 ], [ 466127.50186085770838, 5832003.331953819841146 ], [ 466129.725394755834714, 5832001.495053768157959 ], [ 466137.542941901949234, 5831995.036842009052634 ], [ 466141.889658187981695, 5831991.445944033563137 ], [ 466147.584022946131881, 5831986.741730198264122 ], [ 466154.053896968718618, 5831981.396834298968315 ], [ 466157.625103990314528, 5831978.680351384915411 ], [ 466164.741079552797601, 5831971.347724565304816 ], [ 466167.666185034555383, 5831963.915532371029258 ], [ 466168.506224180920981, 5831961.298614831641316 ], [ 466171.755921447183937, 5831951.249505097046494 ], [ 466175.610649768263102, 5831941.200395362451673 ], [ 466177.70726607873803, 5831936.356594478711486 ], [ 466184.67285095929401, 5831931.151285628788173 ], [ 466187.748347122920677, 5831928.852999459020793 ], [ 466197.789428167103324, 5831923.556001175194979 ], [ 466203.116488357773051, 5831921.102175895124674 ], [ 466207.830509211285971, 5831918.877589983865619 ], [ 466217.871590255526826, 5831914.493142547085881 ], [ 466227.912671299651265, 5831913.282684028148651 ], [ 466237.953752343833912, 5831917.348405573517084 ], [ 466247.224184984748717, 5831921.102175895124674 ], [ 466247.994833387958352, 5831921.414225744083524 ], [ 466258.035914432140999, 5831925.479947288520634 ], [ 466268.076995476440061, 5831929.545668833889067 ], [ 466272.042374852520879, 5831931.151285628788173 ], [ 466278.118076520622708, 5831933.611390380188823 ], [ 466288.159157564805355, 5831938.785645430907607 ], [ 466292.532081595389172, 5831941.200395363382995 ], [ 466298.200238608988002, 5831944.330349087715149 ], [ 466308.241319653170649, 5831949.875029471702874 ], [ 466310.730411934142467, 5831951.249505097046494 ], [ 466318.282400697353296, 5831955.419750047847629 ], [ 466325.685933440749068, 5831951.249505097046494 ], [ 466328.323481741535943, 5831947.779536761343479 ], [ 466331.91275542054791, 5831941.200395363382995 ], [ 466337.394959096680395, 5831931.151285628788173 ], [ 466338.36456278571859, 5831929.374001326039433 ], [ 466348.405643829901237, 5831921.114921240136027 ], [ 466358.446724874142092, 5831923.274529229849577 ], [ 466368.487805918324739, 5831927.920668080449104 ], [ 466372.137588748708367, 5831931.151285628788173 ], [ 466378.528886962449178, 5831936.808564739301801 ], [ 466383.490452702157199, 5831941.200395363382995 ], [ 466388.569968006690033, 5831945.69663143903017 ], [ 466394.843194380868226, 5831951.249505097046494 ], [ 466398.61104905087268, 5831954.58469813875854 ], [ 466406.196081172209233, 5831961.298614831641316 ], [ 466408.652130095055327, 5831963.472594795748591 ], [ 466417.548869838705286, 5831971.347724566236138 ], [ 466418.693211139237974, 5831972.360661495476961 ], [ 466428.734292183420621, 5831981.24872568808496 ], [ 466428.901614718546625, 5831981.396834298968315 ], [ 466438.775373227603268, 5831990.136624852195382 ], [ 466440.254545296484139, 5831991.445944033563137 ], [ 466448.81645427190233, 5831999.024691551923752 ], [ 466451.607340368907899, 5832001.495053767226636 ], [ 466458.85753531602677, 5832007.912588209845126 ], [ 466462.960220754379407, 5832011.544163501821458 ], [ 466468.898616360209417, 5832016.800654908642173 ], [ 466474.312962433090433, 5832021.593273235484958 ], [ 466478.939697404392064, 5832025.688721608370543 ], [ 466485.66583279252518, 5832031.642382969148457 ], [ 466488.980778448574711, 5832034.576618266291916 ], [ 466496.948064835683908, 5832041.691492703743279 ], [ 466499.021859492757358, 5832043.532201340422034 ], [ 466502.279258922440931, 5832041.691492703743279 ], [ 466509.062940536881797, 5832037.803533065132797 ], [ 466515.706226959242485, 5832031.642382969148457 ], [ 466519.104021581122652, 5832028.522265681996942 ], [ 466526.569275497458875, 5832021.593273235484958 ], [ 466529.145102625305299, 5832019.22590983659029 ], [ 466537.415175447880756, 5832011.544163501821458 ], [ 466539.186183669546153, 5832009.913407382555306 ], [ 466548.243196469033137, 5832001.495053767226636 ], [ 466549.2272647137288, 5832000.580377520993352 ], [ 466559.054507422959432, 5831991.445944033563137 ], [ 466559.268345757911447, 5831991.247184348292649 ], [ 466569.309426802094094, 5831981.914151191711426 ], [ 466569.865980054426473, 5831981.396834299899638 ], [ 466579.350507846218534, 5831972.581100882962346 ], [ 466580.677452685893513, 5831971.347724565304816 ], [ 466589.391588890459388, 5831963.247924864292145 ], [ 466591.488783510343637, 5831961.298614831641316 ], [ 466599.432669934700243, 5831953.914895002730191 ], [ 466602.380899104464334, 5831951.249505097046494 ], [ 466609.473750978824683, 5831944.669991360977292 ], [ 466614.327717416221276, 5831941.200395363382995 ], [ 466619.514832023065537, 5831937.245914975181222 ], [ 466628.274245772801805, 5831931.151285628788173 ], [ 466629.555913067248184, 5831930.259542686864734 ], [ 466639.596994111430831, 5831923.158339582383633 ], [ 466642.494880106416531, 5831921.102175895124674 ], [ 466649.638075155613478, 5831916.033799051307142 ], [ 466656.657747846446, 5831911.053066161461174 ], [ 466659.679156199796125, 5831908.909258519299328 ], [ 466669.720237243978772, 5831901.784900578670204 ], [ 466670.820872924698051, 5831901.003956426866353 ], [ 466679.761318288161419, 5831894.66036004666239 ], [ 466684.983874511206523, 5831890.954846693202853 ], [ 466689.802399332285859, 5831887.536002106964588 ], [ 466699.146865742921364, 5831880.905736958608031 ], [ 466699.843480376526713, 5831880.411461574025452 ], [ 466709.88456142070936, 5831873.28710363432765 ], [ 466713.30999082128983, 5831870.856627225875854 ], [ 466719.925642464950215, 5831866.162563102319837 ], [ 466727.472858561319299, 5831860.80751749034971 ], [ 466729.966723509132862, 5831858.839528758078814 ], [ 466740.007804553315509, 5831851.404165470972657 ], [ 466740.929320578696206, 5831850.758407756686211 ], [ 466750.048885597556364, 5831843.645516902208328 ], [ 466753.813464517239481, 5831840.709298023022711 ], [ 466760.089966641680803, 5831835.813880920410156 ], [ 466766.697608455899172, 5831830.660188288427889 ], [ 466770.13104768586345, 5831827.982244937680662 ], [ 466779.581752394558862, 5831820.61107855476439 ], [ 466780.172128730046097, 5831820.150618802756071 ], [ 466790.213209774228744, 5831812.31897297501564 ], [ 466792.465896333102137, 5831810.561968820169568 ], [ 466800.254290818469599, 5831804.487336993217468 ], [ 466805.350040271761827, 5831800.512859086506069 ], [ 466810.295371862652246, 5831796.725348193198442 ], [ 466818.282644355087541, 5831790.463749352842569 ], [ 466820.336452906834893, 5831788.977178520523012 ], [ 466830.37753395101754, 5831781.04859625082463 ], [ 466831.188978624995798, 5831780.414639618247747 ], [ 466840.418614995200187, 5831773.763241776265204 ], [ 466844.674795375845861, 5831770.365529883652925 ], [ 466850.459696039324626, 5831764.862233551219106 ], [ 466853.935068238875829, 5831760.316420149989426 ], [ 466856.425204471801408, 5831750.267310416325927 ], [ 466854.976064137765206, 5831740.218200682662427 ], [ 466851.934818271547556, 5831730.169090947136283 ], [ 466850.459696039382834, 5831727.484519433230162 ], [ 466849.220744419726543, 5831720.119981214404106 ], [ 466848.848025388550013, 5831710.070871479809284 ], [ 466848.443813136196695, 5831700.021761746145785 ], [ 466847.771622586122248, 5831689.972652012482285 ], [ 466846.432734127040021, 5831679.923542277887464 ], [ 466842.460194482642692, 5831669.874432544223964 ], [ 466840.418614995200187, 5831662.112883106805384 ], [ 466840.301258466264699, 5831659.825322809629142 ], [ 466840.270672866259702, 5831649.776213075965643 ], [ 466840.418614995200187, 5831647.914656682871282 ], [ 466842.941469919867814, 5831639.727103341370821 ], [ 466849.176138979149982, 5831629.677993607707322 ], [ 466850.459696039382834, 5831627.286570442840457 ], [ 466856.734133207588457, 5831619.628883874043822 ], [ 466860.070175661647227, 5831609.579774139449 ], [ 466860.500777083565481, 5831608.922168960794806 ], [ 466867.74334203498438, 5831599.530664405785501 ], [ 466870.541858127748128, 5831594.816113284789026 ], [ 466875.168727313226555, 5831589.481554672122002 ], [ 466879.076676372089423, 5831579.43244493752718 ], [ 466880.582939171930775, 5831573.750397488474846 ], [ 466881.750290034280624, 5831569.38333520386368 ], [ 466884.070350031019188, 5831559.334225469268858 ], [ 466886.338363753631711, 5831549.285115735605359 ], [ 466888.645759566454217, 5831539.236006001010537 ], [ 466890.624020216113422, 5831530.706125421449542 ], [ 466890.976358483079821, 5831529.186896267347038 ], [ 466893.306939025758766, 5831519.137786533683538 ], [ 466895.741419887868688, 5831509.088676799088717 ], [ 466899.204823623003904, 5831499.039567065425217 ], [ 466900.665101260296069, 5831495.199992992915213 ], [ 466903.064183772890829, 5831488.990457329899073 ], [ 466907.083171926555224, 5831478.941347597166896 ], [ 466910.706182304536924, 5831470.241943531669676 ], [ 466911.270960497146007, 5831468.892237862572074 ], [ 466914.673437911085784, 5831458.843128128908575 ], [ 466914.078772172215395, 5831448.794018395245075 ], [ 466912.818976288661361, 5831438.744908660650253 ], [ 466915.960642308520619, 5831428.695798926986754 ], [ 466916.643211179471109, 5831418.646689192391932 ], [ 466916.298512680281419, 5831408.597579458728433 ], [ 466915.95381418109173, 5831398.548469725064933 ], [ 466915.609115681960247, 5831388.499359991401434 ], [ 466915.26441718271235, 5831378.450250256806612 ], [ 466914.919730007881299, 5831368.40114052221179 ], [ 466914.575030582316685, 5831358.352030788548291 ], [ 466914.230331156752072, 5831348.302921054884791 ], [ 466913.885631731129251, 5831338.253811320289969 ], [ 466913.540932305506431, 5831328.20470158662647 ], [ 466913.19625317415921, 5831318.155591852031648 ], [ 466912.85155467496952, 5831308.106482118368149 ], [ 466913.10613100102637, 5831298.057372383773327 ], [ 466914.297407937818207, 5831288.008262650109828 ], [ 466918.483297477534506, 5831277.959152916446328 ], [ 466920.747263348719571, 5831273.398075837641954 ], [ 466923.471338916453533, 5831267.910043182782829 ], [ 466928.459385959780775, 5831257.860933448188007 ], [ 466930.788344392902218, 5831253.168931167572737 ], [ 466934.968766319390852, 5831247.811823714524508 ], [ 466940.829425437084865, 5831242.821779752150178 ], [ 466950.870506481267512, 5831238.92667642608285 ], [ 466953.871066019753926, 5831237.762713979929686 ], [ 466960.911587525450159, 5831235.03159795049578 ], [ 466970.952668569632806, 5831233.012362293899059 ], [ 466976.468031482072547, 5831237.762713979929686 ], [ 466980.993749613873661, 5831242.525462079793215 ], [ 466986.592313639353961, 5831247.811823714524508 ], [ 466991.034830658056308, 5831251.740571483038366 ], [ 466997.955607768148184, 5831257.860933448188007 ], [ 467001.075911702238955, 5831260.620361935347319 ], [ 467009.768661953508854, 5831267.910043181851506 ], [ 467011.116992746363394, 5831268.994143942371011 ], [ 467021.158073790604249, 5831273.859867118299007 ], [ 467031.199154834786896, 5831269.546949645504355 ], [ 467035.01002372574294, 5831267.910043181851506 ], [ 467041.240235878969543, 5831265.233950922265649 ], [ 467051.281316923093982, 5831260.920932359993458 ], [ 467058.405275999568403, 5831257.860933448188007 ], [ 467061.322397967334837, 5831256.607928360812366 ], [ 467071.363479011517484, 5831252.29491507448256 ], [ 467081.404560055641923, 5831247.981906430795789 ], [ 467081.800528273393866, 5831247.811823713593185 ], [ 467091.445641099940985, 5831243.668897787109017 ], [ 467101.486722144065425, 5831239.355889145284891 ], [ 467105.195780547219329, 5831237.762713979929686 ], [ 467111.527803188306279, 5831235.115370011888444 ], [ 467121.568884232488927, 5831232.573679433204234 ], [ 467131.609965276613366, 5831231.592245091684163 ], [ 467141.651046320854221, 5831230.138116059824824 ], [ 467145.73664731439203, 5831227.713604247197509 ], [ 467151.692127365036868, 5831224.17628572601825 ], [ 467161.733208409219515, 5831218.179212775081396 ], [ 467162.595012680103537, 5831217.664494511671364 ], [ 467171.774289453402162, 5831212.182111144065857 ], [ 467181.815370497643016, 5831209.349844540469348 ], [ 467191.856451541825663, 5831207.839447558857501 ], [ 467193.37883892422542, 5831207.615384778007865 ], [ 467201.89753258600831, 5831206.36161317769438 ], [ 467211.938613630190957, 5831204.883778341114521 ], [ 467221.979694674373604, 5831206.892419748939574 ], [ 467223.529447107343003, 5831207.615384778007865 ], [ 467226.371300626196899, 5831217.664494511671364 ], [ 467228.174161329690833, 5831227.713604246266186 ], [ 467230.756934194476344, 5831237.762713979929686 ], [ 467232.020775718498044, 5831241.330395938828588 ], [ 467234.522202011896297, 5831247.811823713593185 ], [ 467239.098239439539611, 5831257.860933448188007 ], [ 467242.061856762738898, 5831262.020867353305221 ], [ 467249.899603099212982, 5831267.910043181851506 ], [ 467252.102937806863338, 5831272.595308573916554 ], [ 467254.036024368193466, 5831277.959152916446328 ], [ 467256.989305869967211, 5831288.008262650109828 ], [ 467259.498707039281726, 5831298.057372385635972 ], [ 467261.798042525304481, 5831308.106482118368149 ], [ 467262.144018851104192, 5831309.271602504886687 ], [ 467264.740096126392018, 5831318.155591852031648 ], [ 467267.257038068026304, 5831328.20470158662647 ], [ 467269.773982317768969, 5831338.253811320289969 ], [ 467272.185099895345047, 5831347.880643304437399 ], [ 467272.332477813062724, 5831348.302921054884791 ], [ 467282.226180939527694, 5831355.147574638947845 ], [ 467292.267261983710341, 5831352.45569134131074 ], [ 467302.308343027892988, 5831349.76392884645611 ], [ 467307.758095491561107, 5831348.302921054884791 ], [ 467312.349424072075635, 5831347.07204554695636 ], [ 467322.390505116258282, 5831344.380283053033054 ], [ 467332.431586160440929, 5831341.688399754464626 ], [ 467342.472667204623576, 5831338.994614174589515 ], [ 467344.96980215300573, 5831338.253811320289969 ], [ 467352.513748248806223, 5831335.891490617766976 ], [ 467362.554829293047078, 5831332.747213958762586 ], [ 467372.595910337171517, 5831329.602937297895551 ], [ 467377.061102057807148, 5831328.204701587557793 ], [ 467382.636991381412372, 5831326.458660639822483 ], [ 467392.678072425595019, 5831323.31431850604713 ], [ 467402.719153469777666, 5831319.414337337017059 ], [ 467405.646309738745913, 5831318.155591852031648 ], [ 467412.760234513902105, 5831315.096438232809305 ], [ 467422.80131555814296, 5831310.778539128601551 ], [ 467429.015064501960296, 5831308.106482118368149 ], [ 467432.842396602325607, 5831306.460640024393797 ], [ 467442.883477646508254, 5831302.142821809276938 ], [ 467452.384136228589341, 5831298.057372384704649 ], [ 467452.924558690749109, 5831297.824978118762374 ], [ 467462.965639734931756, 5831292.466710048727691 ], [ 467468.505081978510134, 5831288.008262650109828 ], [ 467473.006720779114403, 5831284.385096469894052 ], [ 467480.990569103101734, 5831277.959152916446328 ], [ 467483.04780182329705, 5831276.303352255374193 ], [ 467493.088882867479697, 5831268.221738675609231 ], [ 467493.47614576847991, 5831267.910043181851506 ], [ 467503.129963911720552, 5831260.139994461089373 ], [ 467505.9616058988031, 5831257.860933448188007 ], [ 467513.171044955844991, 5831252.05838088132441 ], [ 467523.212126000027638, 5831247.837479391135275 ], [ 467523.430463305092417, 5831247.811823714524508 ], [ 467533.253207044210285, 5831246.65760432370007 ], [ 467543.29428808845114, 5831245.477729256264865 ], [ 467553.335369132633787, 5831244.29785418882966 ], [ 467563.376450176816434, 5831243.117979120463133 ], [ 467573.417531221057288, 5831240.835053261369467 ], [ 467580.619893566414248, 5831237.762713979929686 ], [ 467583.458612265181728, 5831236.217842212878168 ], [ 467593.499693309364375, 5831230.753296986222267 ], [ 467599.085094433976337, 5831227.713604246266186 ], [ 467603.540774353547022, 5831225.114138263277709 ], [ 467610.228198862518184, 5831217.664494511671364 ], [ 467606.597771435859613, 5831207.615384778007865 ], [ 467603.540774353547022, 5831199.15354391746223 ], [ 467602.967344009142835, 5831197.566275043413043 ], [ 467599.336916582426056, 5831187.517165309749544 ], [ 467595.706489155825693, 5831177.468055576086044 ], [ 467593.499693309364375, 5831171.3593579987064 ], [ 467592.076200809970032, 5831167.418945841491222 ], [ 467588.445773383253254, 5831157.369836107827723 ], [ 467584.815345956594683, 5831147.320726373232901 ], [ 467588.155887874076143, 5831137.271616639569402 ], [ 467591.992735224193893, 5831127.222506905905902 ], [ 467593.499693309364375, 5831123.275745308026671 ], [ 467595.829673127969727, 5831117.17339717131108 ], [ 467599.666547839646228, 5831107.124287437647581 ], [ 467603.503513105097227, 5831097.075177703052759 ], [ 467603.540774353547022, 5831096.977586545981467 ], [ 467607.340360455214977, 5831087.026067970320582 ], [ 467611.177236043498851, 5831076.97695823572576 ], [ 467613.581855397671461, 5831070.67912495881319 ], [ 467615.014173070725519, 5831066.927848501130939 ], [ 467618.851020420785062, 5831056.878738767467439 ], [ 467622.687985686236061, 5831046.829629032872617 ], [ 467623.622936441912316, 5831044.380893943831325 ], [ 467626.524833036295604, 5831036.780519299209118 ], [ 467630.361798301746603, 5831026.731409564614296 ], [ 467633.664017486094963, 5831018.082547642290592 ], [ 467634.198645651864354, 5831016.682299830950797 ], [ 467638.035559581010602, 5831006.633190097287297 ], [ 467641.872458267374896, 5830996.584080362692475 ], [ 467643.705098530335817, 5830992.84540260117501 ], [ 467651.91401398263406, 5830986.534970628097653 ], [ 467653.746179574518465, 5830985.666237792931497 ], [ 467663.787260618759319, 5830980.90504770539701 ], [ 467671.775922810658813, 5830976.485860894434154 ], [ 467671.478945614013355, 5830966.436751160770655 ], [ 467670.217305099358782, 5830956.387641427107155 ], [ 467668.955631326069124, 5830946.338531692512333 ], [ 467667.693957552779466, 5830936.289421958848834 ], [ 467666.432283779373392, 5830926.240312224254012 ], [ 467665.170610006083734, 5830916.191202490590513 ], [ 467663.908936232735869, 5830906.142092755995691 ], [ 467663.787260618759319, 5830905.172958245500922 ], [ 467662.647246321022976, 5830896.092983022332191 ], [ 467661.411052860377822, 5830886.043873288668692 ], [ 467660.367292327748146, 5830875.99476355407387 ], [ 467659.605029274709523, 5830865.945653820410371 ], [ 467659.009089233994018, 5830855.896544085815549 ], [ 467658.413155438611284, 5830845.84743435215205 ], [ 467657.817153836251236, 5830835.79832461848855 ], [ 467657.221281602571253, 5830825.749214883893728 ], [ 467656.625280000152998, 5830815.700105150230229 ], [ 467656.029407766531222, 5830805.650995415635407 ], [ 467655.433406164112967, 5830795.601885681971908 ], [ 467654.837533930432983, 5830785.552775948308408 ], [ 467654.007418925350066, 5830775.503666213713586 ], [ 467653.746179574518465, 5830773.523580711334944 ], [ 467652.623577712802216, 5830765.454556480050087 ], [ 467649.643882356293034, 5830755.405446745455265 ], [ 467646.107683222508058, 5830745.356337010860443 ], [ 467643.705098530335817, 5830738.847807064652443 ], [ 467642.390140920819249, 5830735.307227278128266 ], [ 467640.010555590153672, 5830725.258117543533444 ], [ 467642.851793810725212, 5830715.209007809869945 ], [ 467643.70509853027761, 5830712.191084230318666 ], [ 467645.693135726149194, 5830705.159898075275123 ], [ 467648.534373946720734, 5830695.110788341611624 ], [ 467651.375612167175859, 5830685.061678607948124 ], [ 467653.746179574518465, 5830676.677273584529757 ], [ 467654.216855248436332, 5830675.012568873353302 ], [ 467657.058192303171381, 5830664.963459139689803 ], [ 467661.583262611820828, 5830654.914349405094981 ], [ 467663.787260618701112, 5830651.527642956003547 ], [ 467666.311641081527341, 5830644.865239670500159 ], [ 467669.351079591084272, 5830634.81612993683666 ], [ 467671.802219297387637, 5830624.767020203173161 ], [ 467673.051567915827036, 5830614.717910469509661 ], [ 467673.828341662883759, 5830609.596801107749343 ], [ 467674.826530927792192, 5830604.668800734914839 ], [ 467682.927854663401376, 5830594.61969100125134 ], [ 467683.869422707066406, 5830593.613166134804487 ], [ 467692.328437710413709, 5830584.570581266656518 ], [ 467693.910503751249053, 5830582.87937177810818 ], [ 467701.72902075748425, 5830574.521471532061696 ], [ 467703.951584795373492, 5830571.113307756371796 ], [ 467709.996424133656546, 5830564.472361799329519 ], [ 467710.865978564019315, 5830554.423252064734697 ], [ 467709.792611576151103, 5830544.374142331071198 ], [ 467708.719159561907873, 5830534.325032596476376 ], [ 467707.645715704886243, 5830524.275922862812877 ], [ 467706.572348717018031, 5830514.226813129149377 ], [ 467705.498844780609943, 5830504.177703394554555 ], [ 467704.425452845753171, 5830494.128593660891056 ], [ 467703.9515847954317, 5830489.394367974251509 ], [ 467703.41598658246221, 5830484.079483926296234 ], [ 467702.675487938860897, 5830474.030374192632735 ], [ 467701.943898843717761, 5830463.98126445710659 ], [ 467698.366618023719639, 5830453.932154724374413 ], [ 467693.910503751249053, 5830447.856116259470582 ], [ 467690.996687505510636, 5830443.883044990710914 ], [ 467683.869422707066406, 5830434.164816861972213 ], [ 467683.626752079522703, 5830433.833935256116092 ], [ 467676.256623401481193, 5830423.784825522452593 ], [ 467673.828341662883759, 5830420.473794353194535 ], [ 467668.886692883213982, 5830413.735715787857771 ], [ 467663.787260618701112, 5830406.782494956627488 ], [ 467661.516716446203645, 5830403.686606054194272 ], [ 467654.146628779126331, 5830393.637496320530772 ], [ 467653.746179574518465, 5830393.091472448781133 ], [ 467646.776698260800913, 5830383.58838658593595 ], [ 467643.705098530394025, 5830379.400173051282763 ], [ 467633.664017486094963, 5830373.63304029032588 ], [ 467633.146466133533977, 5830373.539276852272451 ], [ 467623.622936441912316, 5830371.813923642039299 ], [ 467613.581855397671461, 5830369.995149901136756 ], [ 467603.540774353547022, 5830368.176220080815256 ], [ 467593.499693309306167, 5830366.357254570350051 ], [ 467583.458612265181728, 5830364.538516519591212 ], [ 467577.670293189585209, 5830363.490167117677629 ], [ 467573.417531220999081, 5830362.719889002852142 ], [ 467563.376450176816434, 5830360.900812959298491 ], [ 467553.335369132691994, 5830359.081993672065437 ], [ 467543.29428808845114, 5830357.263109399005771 ], [ 467533.253207044210285, 5830355.444522486999631 ], [ 467523.212126000027638, 5830353.625415557064116 ], [ 467522.194271003419999, 5830353.44105738401413 ], [ 467513.171044955903199, 5830351.806732774712145 ], [ 467503.129963911604136, 5830349.987702278420329 ], [ 467493.088882867479697, 5830348.168837442994118 ], [ 467483.04780182329705, 5830346.349998718127608 ], [ 467473.006720779114403, 5830344.531411806121469 ], [ 467466.717156036524102, 5830343.391947649419308 ], [ 467462.965639734873548, 5830342.712295157834888 ], [ 467452.924558690749109, 5830340.893576544709504 ], [ 467451.576908334856853, 5830343.39194765035063 ], [ 467452.924558690749109, 5830344.129893206059933 ], [ 467462.965639734931756, 5830344.734689556993544 ], [ 467466.288567303039599, 5830353.44105738401413 ], [ 467473.006720779114403, 5830356.558225577697158 ], [ 467480.343958509154618, 5830363.490167116746306 ], [ 467483.04780182329705, 5830365.215722500346601 ], [ 467493.088882867479697, 5830370.062469405122101 ], [ 467496.090319616021588, 5830373.539276852272451 ], [ 467503.129963911720552, 5830378.031880415976048 ], [ 467511.836510623281356, 5830383.588386585004628 ], [ 467513.171044955786783, 5830384.44007395580411 ], [ 467523.212126000027638, 5830390.797677382826805 ], [ 467527.582845657423604, 5830393.637496320530772 ], [ 467533.253207044210285, 5830397.256242481991649 ], [ 467543.29428808845114, 5830403.660622388124466 ], [ 467543.329206764348783, 5830403.686606054194272 ], [ 467553.335369132633787, 5830410.07240039575845 ], [ 467559.075567871215753, 5830413.735715787857771 ], [ 467563.376450176816434, 5830416.480479353107512 ], [ 467573.417531220999081, 5830422.888683504424989 ], [ 467574.821732805750798, 5830423.784825522452593 ], [ 467583.458612265181728, 5830429.296762461774051 ], [ 467590.568093912559561, 5830433.83393525518477 ], [ 467593.499693309364375, 5830435.704841418191791 ], [ 467603.540774353547022, 5830442.112920376472175 ], [ 467606.314455019426532, 5830443.883044989779592 ], [ 467613.581855397787876, 5830448.520999333821237 ], [ 467622.060816126293503, 5830453.932154724374413 ], [ 467613.581855397787876, 5830457.620588809251785 ], [ 467603.540774353547022, 5830458.957932641729712 ], [ 467593.499693309422582, 5830459.459531993605196 ], [ 467583.458612265181728, 5830459.961131343618035 ], [ 467573.417531220940873, 5830460.435101647861302 ], [ 467563.376450176816434, 5830460.68853501137346 ], [ 467553.335369132691994, 5830460.92476316075772 ], [ 467543.29428808845114, 5830461.145480630919337 ], [ 467533.253207044210285, 5830461.284939453005791 ], [ 467523.21212599996943, 5830461.356577827595174 ], [ 467513.171044955844991, 5830461.392725575715303 ], [ 467503.129963911604136, 5830461.42590269818902 ], [ 467493.088882867479697, 5830461.433214430697262 ], [ 467483.047801823238842, 5830461.440542508848011 ], [ 467473.006720779114403, 5830462.611052779480815 ], [ 467463.680550154473167, 5830463.981264458037913 ], [ 467462.965639734931756, 5830464.09443461149931 ], [ 467452.924558690749109, 5830465.536386704072356 ], [ 467442.883477646508254, 5830466.978337895125151 ], [ 467435.221805047011003, 5830474.030374191701412 ], [ 467432.842396602325607, 5830477.162485509179533 ], [ 467422.80131555814296, 5830480.423825733363628 ], [ 467412.760234513960313, 5830480.616594845429063 ], [ 467402.719153469719458, 5830481.004080437123775 ], [ 467392.678072425653227, 5830481.432994086295366 ], [ 467382.636991381412372, 5830481.952474420890212 ], [ 467372.595910337229725, 5830482.731897328980267 ], [ 467362.554829293047078, 5830483.554430356249213 ], [ 467355.938574191881344, 5830484.079483926296234 ], [ 467352.513748248806223, 5830484.351036669686437 ], [ 467345.286570718046278, 5830484.079483926296234 ], [ 467342.472667204623576, 5830483.972970192320645 ], [ 467332.431586160499137, 5830482.545993536710739 ], [ 467322.390505116200075, 5830481.119016880169511 ], [ 467312.349424072075635, 5830479.692040224559605 ], [ 467302.308343027951196, 5830478.265063568949699 ], [ 467292.267261983710341, 5830476.838086912408471 ], [ 467282.226180939527694, 5830475.411110256798565 ], [ 467272.510022017755546, 5830474.030374191701412 ], [ 467272.185099895345047, 5830473.984200114384294 ], [ 467262.144018851104192, 5830472.550720203667879 ], [ 467252.102937806863338, 5830469.645897730253637 ], [ 467244.240219432045706, 5830463.981264458037913 ], [ 467249.790629982016981, 5830453.932154724374413 ], [ 467252.102937806921545, 5830449.74576613586396 ], [ 467255.341105114377569, 5830443.883044990710914 ], [ 467260.89153046469437, 5830433.833935256116092 ], [ 467262.144018851104192, 5830431.566329260356724 ], [ 467266.442050818470307, 5830423.784825522452593 ], [ 467271.992430947371759, 5830413.735715787857771 ], [ 467272.185099895345047, 5830413.386892384849489 ], [ 467277.542951301147696, 5830403.686606054194272 ], [ 467282.226180939469486, 5830395.207495172508061 ], [ 467283.093331430107355, 5830393.637496320530772 ], [ 467288.643851783825085, 5830383.58838658593595 ], [ 467292.267261983710341, 5830377.028106774203479 ], [ 467294.194231912726536, 5830373.539276851341128 ], [ 467299.779711766983382, 5830363.490167118608952 ], [ 467302.308343027892988, 5830358.879586040973663 ], [ 467305.321142347762361, 5830353.44105738401413 ], [ 467310.88930917927064, 5830343.39194765035063 ], [ 467312.349424072075635, 5830340.763300363905728 ], [ 467316.51219209341798, 5830333.342837916687131 ], [ 467322.055216087435838, 5830323.293728182092309 ], [ 467322.390505116258282, 5830322.693093966692686 ], [ 467327.667582452530041, 5830313.244618447497487 ], [ 467332.431586160382722, 5830304.707169250585139 ], [ 467333.28344978793757, 5830303.195508713833988 ], [ 467338.873090718523599, 5830293.146398980170488 ], [ 467342.472667204623576, 5830286.417899935506284 ], [ 467344.2122156805126, 5830283.097289245575666 ], [ 467349.022853409755044, 5830273.048179511912167 ], [ 467352.513748248806223, 5830265.729902834631503 ], [ 467353.814597206423059, 5830262.999069777317345 ], [ 467358.601551827276126, 5830252.949960043653846 ], [ 467362.554829293047078, 5830244.650963664986193 ], [ 467363.388517445593607, 5830242.900850309059024 ], [ 467368.175535213784315, 5830232.851740575395525 ], [ 467372.595910337229725, 5830223.572302554734051 ], [ 467372.962548145500477, 5830222.802630840800703 ], [ 467377.749502766237129, 5830212.753521107137203 ], [ 467382.53645738697378, 5830202.704411373473704 ], [ 467382.636991381412372, 5830202.493363385088742 ], [ 467387.323473829019349, 5830192.655301638878882 ], [ 467392.110491597268265, 5830182.606191905215383 ], [ 467392.678072425595019, 5830181.414702275767922 ], [ 467396.897453705198132, 5830172.557082171551883 ], [ 467401.684408325934783, 5830162.507972436957061 ], [ 467402.719153469777666, 5830160.33576310519129 ], [ 467406.471412444254383, 5830152.458862703293562 ], [ 467411.258430212503299, 5830142.40975296869874 ], [ 467412.760234514018521, 5830139.257101995870471 ], [ 467416.045404644100927, 5830132.360643235035241 ], [ 467420.730365546653047, 5830122.311533501371741 ], [ 467422.80131555814296, 5830117.663831696845591 ], [ 467425.208106330130249, 5830112.262423766776919 ], [ 467429.685847113549244, 5830102.21331403311342 ], [ 467432.842396602325607, 5830095.229406977072358 ], [ 467434.219007322972175, 5830092.164204298518598 ], [ 467438.995468606706709, 5830082.115094564855099 ], [ 467442.883477646450046, 5830073.950809574685991 ], [ 467443.781071943696588, 5830072.065984830260277 ], [ 467448.640147747821175, 5830062.016875096596777 ], [ 467452.924558690807316, 5830053.350219894200563 ], [ 467453.607983055000659, 5830051.967765362933278 ], [ 467458.575952472165227, 5830041.918655628338456 ], [ 467462.965639734931756, 5830033.039283535443246 ], [ 467463.543921889329795, 5830031.869545894674957 ], [ 467468.511817230959423, 5830021.820436160080135 ], [ 467473.006720779114403, 5830012.728113221004605 ], [ 467473.47972661361564, 5830011.771326426416636 ], [ 467478.447696030780207, 5830001.722216692753136 ], [ 467483.047801823238842, 5829992.417214182205498 ], [ 467483.415660534752533, 5829991.673106958158314 ], [ 467488.38350075512426, 5829981.623997224494815 ], [ 467493.088882867479697, 5829972.046058939769864 ], [ 467493.313892356643919, 5829971.574887489899993 ], [ 467498.04795642895624, 5829961.525777756236494 ], [ 467502.782020501152147, 5829951.476668022572994 ], [ 467503.129963911604136, 5829950.738080319017172 ], [ 467507.516084573464468, 5829941.427558287978172 ], [ 467512.250148645718582, 5829931.37844855338335 ], [ 467513.171044955844991, 5829929.423640184104443 ], [ 467516.984212717972696, 5829921.329338819719851 ], [ 467521.71827679022681, 5829911.280229086056352 ], [ 467523.212126000085846, 5829908.109200049191713 ], [ 467526.452340862539131, 5829901.231119352392852 ], [ 467531.186404934793245, 5829891.18200961779803 ], [ 467533.253207044210285, 5829886.794759914278984 ], [ 467535.92050363693852, 5829881.132899884134531 ], [ 467540.654629172990099, 5829871.083790149539709 ], [ 467543.29428808845114, 5829865.480596508830786 ], [ 467545.388727516343351, 5829861.034680416807532 ], [ 467550.122791588655673, 5829850.985570681281388 ], [ 467553.335369132691994, 5829844.166156373918056 ], [ 467554.856855660909787, 5829840.936460947617888 ], [ 467559.55549968132982, 5829830.887351213954389 ], [ 467563.376450176816434, 5829822.704802606254816 ], [ 467564.247358254971914, 5829820.838241479359567 ], [ 467568.922475217317697, 5829810.789131745696068 ], [ 467573.417531220999081, 5829801.118338093161583 ], [ 467573.593375317577738, 5829800.740022011101246 ], [ 467578.264343760674819, 5829790.690912277437747 ], [ 467582.935307632258628, 5829780.641802543774247 ], [ 467583.458612265181728, 5829779.515949802473187 ], [ 467587.606207732460462, 5829770.592692809179425 ], [ 467592.277123918524012, 5829760.543583075515926 ], [ 467593.499693309364375, 5829757.913351672701538 ], [ 467596.948094675259199, 5829750.494473340921104 ], [ 467601.619040147401392, 5829740.445363607257605 ], [ 467603.540774353547022, 5829736.310888987034559 ], [ 467606.289940247661434, 5829730.396253874525428 ], [ 467610.960874833050184, 5829720.347144138999283 ], [ 467613.581855397787876, 5829714.708375953137875 ], [ 467615.631872562400531, 5829710.298034405335784 ], [ 467619.581781404325739, 5829700.248924670740962 ], [ 467623.252367973676883, 5829690.199814937077463 ], [ 467623.622936441912316, 5829688.726779096759856 ], [ 467625.922620469005778, 5829680.150705201551318 ], [ 467623.622936441912316, 5829672.929494926705956 ], [ 467622.722369954688475, 5829670.101595468819141 ], [ 467619.52200606482802, 5829660.052485735155642 ], [ 467616.32178923022002, 5829650.003375999629498 ], [ 467613.581855397729669, 5829641.400011916644871 ], [ 467613.121425340359565, 5829639.954266266897321 ], [ 467609.92106145049911, 5829629.905156532302499 ], [ 467606.720844615832902, 5829619.856046798638999 ], [ 467606.89083466574084, 5829609.8069370649755 ], [ 467609.085261592641473, 5829599.757827330380678 ], [ 467611.279700852930546, 5829589.708717596717179 ], [ 467613.4740761249559, 5829579.659607862122357 ], [ 467613.581855397729669, 5829579.317382765933871 ], [ 467616.740589247317985, 5829569.610498128458858 ], [ 467620.949901636806317, 5829559.561388393864036 ], [ 467623.622936441912316, 5829552.898067796602845 ], [ 467624.962292581738438, 5829549.512278660200536 ], [ 467628.839135555841494, 5829539.463168926537037 ], [ 467632.71597852994455, 5829529.414059191942215 ], [ 467633.664017486094963, 5829526.956660848110914 ], [ 467636.592821504105814, 5829519.364949458278716 ], [ 467640.469338361523114, 5829509.315839724615216 ], [ 467643.705098530394025, 5829500.92468492500484 ], [ 467644.343888487434015, 5829499.266729990020394 ], [ 467648.213983957015444, 5829489.217620256356895 ], [ 467652.082158963487018, 5829479.168510521762073 ], [ 467653.746179574518465, 5829474.845560889691114 ], [ 467655.950307592807803, 5829469.119400788098574 ], [ 467659.818508976488374, 5829459.070291053503752 ], [ 467663.413028305163607, 5829449.021181319840252 ], [ 467663.787260618701112, 5829447.967095432803035 ], [ 467666.980765651562251, 5829438.972071586176753 ], [ 467663.787260618701112, 5829434.430678146891296 ], [ 467653.746179574518465, 5829429.475683363154531 ], [ 467652.361666391720064, 5829428.922961851581931 ], [ 467643.705098530335817, 5829425.467207970097661 ], [ 467633.664017486036755, 5829421.458748112432659 ], [ 467627.188924534828402, 5829418.873852117918432 ], [ 467623.622936441912316, 5829417.450288253836334 ], [ 467613.581855397729669, 5829413.395152223296463 ], [ 467603.540774353547022, 5829409.264202904887497 ], [ 467602.472559701185673, 5829408.82474238332361 ], [ 467593.499693309422582, 5829405.982300947420299 ], [ 467589.379382228595205, 5829408.82474238332361 ], [ 467583.458612265181728, 5829411.409266907721758 ], [ 467574.174869665876031, 5829418.873852117918432 ], [ 467573.417531220999081, 5829419.482789440080523 ], [ 467563.376450176816434, 5829427.556311970576644 ], [ 467561.676726346486248, 5829428.922961851581931 ], [ 467553.335369132633787, 5829435.629766005091369 ], [ 467549.178526678413618, 5829438.972071586176753 ], [ 467543.29428808845114, 5829443.703288536518812 ], [ 467536.680397779680789, 5829449.021181319840252 ], [ 467533.253207044210285, 5829451.776811067014933 ], [ 467524.182191921048798, 5829459.070291053503752 ], [ 467523.21212599996943, 5829459.850270417518914 ], [ 467513.171044955903199, 5829467.923787632957101 ], [ 467511.684054792160168, 5829469.119400788098574 ], [ 467503.129963911662344, 5829474.129709914326668 ], [ 467493.088882867479697, 5829477.066835242323577 ], [ 467483.064290978189092, 5829479.168510521762073 ], [ 467483.04780182329705, 5829479.171931429766119 ], [ 467473.006720779114403, 5829481.239849700592458 ], [ 467462.965639734931756, 5829483.307767970487475 ], [ 467452.924558690749109, 5829485.37571232765913 ], [ 467442.883477646508254, 5829487.12822980619967 ], [ 467432.842396602383815, 5829481.875895756296813 ], [ 467427.666588228021283, 5829479.168510521762073 ], [ 467422.80131555814296, 5829476.623573816381395 ], [ 467412.760234513960313, 5829471.371264758519828 ], [ 467408.4552424835274, 5829469.119400788098574 ], [ 467402.719153469777666, 5829466.118941424414515 ], [ 467392.678072425536811, 5829460.866607374511659 ], [ 467389.331965829129331, 5829459.070291053503752 ], [ 467382.636991381412372, 5829450.045711206272244 ], [ 467382.097268015961163, 5829449.021181319840252 ], [ 467378.47486591321649, 5829438.972071586176753 ], [ 467374.852463810471818, 5829428.922961851581931 ], [ 467372.595910337171517, 5829422.662929743528366 ], [ 467371.230061707843561, 5829418.873852117918432 ], [ 467367.607659605157096, 5829408.82474238332361 ], [ 467363.985320753767155, 5829398.77563264966011 ], [ 467362.554829293047078, 5829394.807225705124438 ], [ 467360.36291865108069, 5829388.726522915996611 ], [ 467356.74051654827781, 5829378.677413181401789 ], [ 467353.118114445591345, 5829368.62830344773829 ], [ 467352.513748248864431, 5829366.95169713627547 ], [ 467349.495712342904881, 5829358.579193713143468 ], [ 467345.873310240218416, 5829348.530083979479969 ], [ 467342.472667204623576, 5829339.09616856649518 ], [ 467342.184817407862283, 5829338.480974245816469 ], [ 467336.614671125542372, 5829328.431864511221647 ], [ 467332.431586160440929, 5829322.647301902063191 ], [ 467323.471236185287125, 5829318.382754777558148 ], [ 467322.390505116258282, 5829317.868396678939462 ], [ 467312.349424072075635, 5829313.089491455815732 ], [ 467302.356792490172666, 5829308.333645042963326 ], [ 467302.308343027892988, 5829308.310588983818889 ], [ 467292.267261983710341, 5829303.546095600351691 ], [ 467282.226180939527694, 5829298.809125894680619 ], [ 467281.110661805665586, 5829298.284535309299827 ], [ 467272.185099895345047, 5829294.096370572224259 ], [ 467262.144018851104192, 5829289.384767876006663 ], [ 467259.69461045745993, 5829288.235425575636327 ], [ 467252.102937806921545, 5829284.673165179789066 ], [ 467242.061856762738898, 5829279.972694777883589 ], [ 467238.228294255328365, 5829278.186315841041505 ], [ 467232.020775718556251, 5829275.293673176318407 ], [ 467221.979694674373604, 5829270.614595396444201 ], [ 467216.66322653950192, 5829268.137206107378006 ], [ 467211.938613630190957, 5829265.935582898557186 ], [ 467201.89753258600831, 5829261.256496014073491 ], [ 467195.098158823675476, 5829258.088096372783184 ], [ 467191.856451541825663, 5829256.577492620795965 ], [ 467181.815370497643016, 5829251.898447481915355 ], [ 467173.533091107790824, 5829248.038986640051007 ], [ 467171.774289453402162, 5829247.219402343034744 ], [ 467161.733208409219515, 5829242.540357205085456 ], [ 467151.968023391906172, 5829237.989876904524863 ], [ 467151.692127365036868, 5829237.861312065273523 ], [ 467141.651046320854221, 5829233.184989172033966 ], [ 467131.609965276671574, 5829228.522024419158697 ], [ 467130.357857829716522, 5829227.940767170861363 ], [ 467121.568884232430719, 5829223.860775969922543 ], [ 467111.527803188306279, 5829219.199552389793098 ], [ 467108.710338995908387, 5829217.891657437197864 ], [ 467101.486722144123632, 5829214.538382515311241 ], [ 467091.445641099940985, 5829209.877080358564854 ], [ 467087.062855696945917, 5829207.842547702603042 ], [ 467081.404560055700131, 5829205.215910485014319 ], [ 467071.363479011459276, 5829200.554704263806343 ], [ 467065.410356831387617, 5829197.793437968939543 ], [ 467061.322397967334837, 5829195.912796932272613 ], [ 467051.281316923093982, 5829191.318254692479968 ], [ 467043.470950057264417, 5829187.744328234344721 ], [ 467041.240235878969543, 5829186.723581250756979 ], [ 467031.199154834786896, 5829182.129039010964334 ], [ 467021.509320950077381, 5829177.695218500681221 ], [ 467021.158073790604249, 5829177.534496771171689 ], [ 467011.116992746479809, 5829172.939823330380023 ], [ 467001.075911702238955, 5829168.345281090587378 ], [ 466999.547914875263814, 5829167.646108767017722 ], [ 466991.0348306579981, 5829163.750738850794733 ], [ 466980.993749613815453, 5829159.156065409071743 ], [ 466977.586508800275624, 5829157.5969990324229 ], [ 466970.952668569574598, 5829154.561523169279099 ], [ 466960.911587525450159, 5829149.966980929486454 ], [ 466955.624966957373545, 5829147.547889298759401 ], [ 466950.870506481267512, 5829145.372307488694787 ], [ 466940.829425437026657, 5829140.777765247970819 ], [ 466933.631878338870592, 5829147.547889298759401 ], [ 466930.788344392902218, 5829153.445889846421778 ], [ 466928.868186711682938, 5829157.5969990324229 ], [ 466924.219686777389143, 5829167.646108767017722 ], [ 466920.747263348719571, 5829175.152780719101429 ], [ 466919.571186843153555, 5829177.695218501612544 ], [ 466914.922764537739567, 5829187.744328234344721 ], [ 466910.706182304536924, 5829196.859841391444206 ], [ 466910.274320802069269, 5829197.793437968939543 ], [ 466905.625820867717266, 5829207.842547702603042 ], [ 466900.977320933423471, 5829217.891657437197864 ], [ 466900.665101260296069, 5829218.566632187925279 ], [ 466896.328954826691188, 5829227.940767170861363 ], [ 466891.680454892397393, 5829237.989876904524863 ], [ 466890.624020216055214, 5829240.273673428222537 ], [ 466887.031954958103597, 5829248.038986639119685 ], [ 466882.383564852643758, 5829258.088096372783184 ], [ 466880.582939171930775, 5829261.937403765507042 ], [ 466877.691087547806092, 5829268.137206107378006 ], [ 466872.974632172146812, 5829278.186315841041505 ], [ 466870.541858127748128, 5829279.667265493422747 ], [ 466860.500777083565481, 5829280.647150211036205 ], [ 466855.817938510910608, 5829278.186315841041505 ], [ 466851.477621245372575, 5829268.137206107378006 ], [ 466853.653723509458359, 5829258.088096372783184 ], [ 466856.159015991492197, 5829248.038986639119685 ], [ 466858.664308473467827, 5829237.989876904524863 ], [ 466860.500777083565481, 5829230.623521591536701 ], [ 466861.185794619494118, 5829227.940767170861363 ], [ 466863.674878451449331, 5829217.891657436266541 ], [ 466866.18015910522081, 5829207.842547702603042 ], [ 466868.685439758875873, 5829197.793437968939543 ], [ 466870.541858127748128, 5829190.347025977447629 ], [ 466871.190723476174753, 5829187.744328234344721 ], [ 466873.696015958208591, 5829177.695218501612544 ], [ 466876.201308440184221, 5829167.646108767017722 ], [ 466878.706609781016596, 5829157.5969990324229 ], [ 466880.582939171930775, 5829150.070720522664487 ], [ 466881.211893404193688, 5829147.547889298759401 ], [ 466883.717185886227526, 5829137.498779564164579 ], [ 466884.316499549604487, 5829127.44966983050108 ], [ 466884.124889639497269, 5829117.40056009683758 ], [ 466881.68113986577373, 5829107.351450361311436 ], [ 466880.582939171930775, 5829102.835464559495449 ], [ 466879.237390092108399, 5829097.302340628579259 ], [ 466876.79364031838486, 5829087.253230893984437 ], [ 466873.11480151664, 5829077.204121160320938 ], [ 466870.541858127748128, 5829070.951108853332698 ], [ 466868.979885156382807, 5829067.155011425726116 ], [ 466864.874815411341842, 5829057.105901692062616 ], [ 466860.850886993692257, 5829047.056791957467794 ], [ 466860.500777083507273, 5829046.182473306544125 ], [ 466856.826847359421663, 5829037.007682223804295 ], [ 466852.802918941772077, 5829026.958572490140796 ], [ 466850.459696039441042, 5829021.106914401054382 ], [ 466848.778879307501484, 5829016.909462755545974 ], [ 466844.754887702467386, 5829006.860353021882474 ], [ 466840.766705804737285, 5828996.811243288218975 ], [ 466840.418614995200187, 5828996.03133394010365 ], [ 466836.706941726850346, 5828986.762133553624153 ], [ 466836.339084302308038, 5828976.713023819960654 ], [ 466840.418614995200187, 5828971.504509438760579 ], [ 466850.459696039382834, 5828968.100340469740331 ], [ 466854.69664017111063, 5828966.663914086297154 ], [ 466860.500777083565481, 5828964.696099597960711 ], [ 466870.541858127806336, 5828961.291635347530246 ], [ 466880.582939171930775, 5828957.887466378509998 ], [ 466884.336837014532648, 5828956.614804351702332 ], [ 466890.624020216113422, 5828954.483219522982836 ], [ 466893.513422325719148, 5828946.565694618038833 ], [ 466890.62402021617163, 5828943.68006684165448 ], [ 466884.155504810507409, 5828936.516584882512689 ], [ 466880.582939171930775, 5828932.947991494089365 ], [ 466874.095209277351387, 5828926.467475149780512 ], [ 466870.541858127748128, 5828922.918032247573137 ], [ 466864.03495627862867, 5828916.41836541518569 ], [ 466860.500777083565481, 5828912.888115869835019 ], [ 466853.974739056953695, 5828906.369255680590868 ], [ 466850.459696039441042, 5828902.858120955526829 ], [ 466843.91444352385588, 5828896.320145947858691 ], [ 466840.418614995200187, 5828892.828162400051951 ], [ 466833.854189832753036, 5828886.271036213263869 ], [ 466830.377533950959332, 5828882.798246020451188 ], [ 466823.793973303458188, 5828876.221926478669047 ], [ 466820.336452906834893, 5828872.76825041603297 ], [ 466813.733677770360373, 5828866.172816745005548 ], [ 466810.295371862652246, 5828862.73829255066812 ], [ 466803.673423386877403, 5828856.123707011342049 ], [ 466800.254290818411391, 5828852.70837617199868 ], [ 466793.613207549904473, 5828846.074597276747227 ], [ 466790.213209774170537, 5828842.678379876539111 ], [ 466783.552912016748451, 5828836.025487543083727 ], [ 466780.172128730046097, 5828832.648422701284289 ], [ 466773.492656941059977, 5828825.976377809420228 ], [ 466770.13104768586345, 5828822.618506323546171 ], [ 466763.432441796292551, 5828815.927268074825406 ], [ 466760.089966641739011, 5828812.588509337976575 ], [ 466753.372146263252944, 5828805.878158341161907 ], [ 466750.048885597498156, 5828802.558552852831781 ], [ 466743.311971575953066, 5828795.829048606567085 ], [ 466740.007804553315509, 5828792.528555408120155 ], [ 466733.251676042797044, 5828785.779938872903585 ], [ 466729.966723509132862, 5828782.498638798482716 ], [ 466723.191380509699229, 5828775.730829139240086 ], [ 466719.925642464950215, 5828772.468683004379272 ], [ 466713.131205822341144, 5828765.681719404645264 ], [ 466709.88456142070936, 5828762.438684868626297 ], [ 466703.070910289185122, 5828755.632609670981765 ], [ 466699.843480376526713, 5828752.408768258988857 ], [ 466693.010614756145515, 5828745.583499936386943 ], [ 466689.802399332402274, 5828742.378813154995441 ], [ 466682.950440068845637, 5828735.534390202723444 ], [ 466679.761318288161419, 5828732.348814329132438 ], [ 466669.72023724403698, 5828728.508292668499053 ], [ 466667.520215647818986, 5828735.534390202723444 ], [ 466664.37362419674173, 5828745.583499936386943 ], [ 466661.227058696211316, 5828755.632609670981765 ], [ 466659.679156199796125, 5828760.576249069534242 ], [ 466657.82676264969632, 5828765.681719404645264 ], [ 466649.638075155555271, 5828772.125392890535295 ], [ 466639.596994111430831, 5828773.279767730273306 ], [ 466629.817428398528136, 5828765.681719404645264 ], [ 466629.555913067248184, 5828765.491859886795282 ], [ 466619.51483202300733, 5828757.407236970029771 ], [ 466617.549402220640332, 5828755.632609670981765 ], [ 466609.473750978824683, 5828745.800550783984363 ], [ 466609.299556264304556, 5828745.583499936386943 ], [ 466599.432669934642036, 5828736.092267730273306 ], [ 466598.865212909469847, 5828735.534390202723444 ], [ 466589.391588890459388, 5828726.41381221730262 ], [ 466588.427114852413069, 5828725.485280469059944 ], [ 466579.350507846276741, 5828716.36159276869148 ], [ 466578.387584996235091, 5828715.436170734465122 ], [ 466569.39140178123489, 5828705.387061000801623 ], [ 466569.309426802094094, 5828705.293415760621428 ], [ 466560.59478082950227, 5828695.337951266206801 ], [ 466559.268345757911447, 5828693.822654224932194 ], [ 466551.798034217208624, 5828685.288841532543302 ], [ 466549.2272647137288, 5828682.352087784558535 ], [ 466543.001265044615138, 5828675.23973179794848 ], [ 466539.186183669487946, 5828670.88152134232223 ], [ 466534.204495871905237, 5828665.19062206428498 ], [ 466529.145102625305299, 5828659.410954901948571 ], [ 466525.407726699253544, 5828655.141512330621481 ], [ 466519.104021581122652, 5828647.940388460643589 ], [ 466516.61099992855452, 5828645.092402596026659 ], [ 466509.062940536940005, 5828636.469626925885677 ], [ 466507.814359135227278, 5828635.04329286236316 ], [ 466499.021859492757358, 5828624.999060483649373 ], [ 466499.017589962633792, 5828624.994183127768338 ], [ 466490.220820789923891, 5828614.945073394104838 ], [ 466488.980778448574711, 5828613.654748440720141 ], [ 466478.939697404392064, 5828607.654706349596381 ], [ 466472.894486837205477, 5828604.895963660441339 ], [ 466468.898616360151209, 5828603.072440998628736 ], [ 466458.85753531602677, 5828598.490121647715569 ], [ 466451.722471795743331, 5828604.895963660441339 ], [ 466448.81645427190233, 5828609.293312095105648 ], [ 466446.362241526308935, 5828614.945073394104838 ], [ 466441.998530483513605, 5828624.994183127768338 ], [ 466438.775373227603268, 5828632.41673256829381 ], [ 466437.555605304718483, 5828635.04329286236316 ], [ 466428.734292183420621, 5828641.804772813804448 ], [ 466423.000894902797882, 5828645.092402596026659 ], [ 466418.693211139237974, 5828647.865231451578438 ], [ 466408.652130095055327, 5828654.380997174419463 ], [ 466407.487519172078464, 5828655.141512330621481 ], [ 466398.611049050814472, 5828661.148981139063835 ], [ 466392.462533068377525, 5828665.19062206428498 ], [ 466388.569968006690033, 5828669.371956524439156 ], [ 466382.071495698299259, 5828675.23973179794848 ], [ 466378.528886962507386, 5828679.098891694098711 ], [ 466372.84667348471703, 5828685.288841532543302 ], [ 466368.487805918324739, 5828688.948073983192444 ], [ 466360.102764333947562, 5828695.337951266206801 ], [ 466358.446724874142092, 5828696.58889412228018 ], [ 466348.405643829843029, 5828704.173591322265565 ], [ 466346.142745075398125, 5828705.387061000801623 ], [ 466338.36456278571859, 5828709.796790596097708 ], [ 466328.323481741594151, 5828711.183240348473191 ], [ 466323.812493919976987, 5828705.387061000801623 ], [ 466321.519395516254008, 5828695.337951266206801 ], [ 466318.282400697353296, 5828692.539067006669939 ], [ 466308.241319653228857, 5828689.068166119977832 ], [ 466298.200238608988002, 5828685.597357825376093 ], [ 466297.307698071701452, 5828685.288841532543302 ], [ 466288.159157564747147, 5828682.126549529843032 ], [ 466278.118076520622708, 5828678.619742587208748 ], [ 466274.791463033703621, 5828675.23973179794848 ], [ 466268.076995476440061, 5828668.703753161244094 ], [ 466264.617144185234793, 5828665.19062206428498 ], [ 466258.035914432140999, 5828658.50796409137547 ], [ 466254.720518530113623, 5828655.141512330621481 ], [ 466247.994833388016559, 5828648.31225414853543 ], [ 466244.823852182424162, 5828645.092402596026659 ], [ 466237.953752343833912, 5828638.116507000289857 ], [ 466234.948767706460785, 5828635.04329286236316 ], [ 466227.912671299651265, 5828627.797879354096949 ], [ 466225.215187051915564, 5828624.994183127768338 ], [ 466217.871590255468618, 5828617.361436192877591 ], [ 466215.546766143641435, 5828614.945073394104838 ], [ 466207.830509211285971, 5828606.924993033520877 ], [ 466205.878322321863379, 5828604.895963659510016 ], [ 466197.789428167103324, 5828596.488569884561002 ], [ 466196.209905787778553, 5828594.846853925846517 ], [ 466187.748347122920677, 5828586.052122002467513 ], [ 466186.541489253635518, 5828584.797744192183018 ], [ 466177.70726607873803, 5828575.615674119442701 ], [ 466176.873072719492484, 5828574.748634457588196 ], [ 466167.666185034555383, 5828565.179342887364328 ], [ 466167.204543746600393, 5828564.699524723924696 ], [ 466157.625103990314528, 5828554.742899727076292 ], [ 466157.536122838326264, 5828554.650414990261197 ], [ 466147.86770525976317, 5828544.601305255666375 ], [ 466147.584022946131881, 5828544.078712468966842 ], [ 466140.597635459736921, 5828534.552195522002876 ], [ 466137.542941901949234, 5828531.677660784684122 ], [ 466127.501860857766587, 5828525.895087704993784 ], [ 466124.920806052628905, 5828524.503085786476731 ], [ 466117.460779813642148, 5828520.479780738241971 ], [ 466107.419698769343086, 5828515.064483039081097 ], [ 466106.287679885514081, 5828514.453976053744555 ], [ 466097.378617725218646, 5828509.649392288178205 ], [ 466087.653777838509995, 5828504.404866320081055 ], [ 466087.337536681094207, 5828504.234330425970256 ], [ 466077.296455636853352, 5828498.819586993195117 ], [ 466069.018744338245597, 5828494.355756585486233 ], [ 466067.255374592612498, 5828493.404843559488654 ], [ 466057.21429354842985, 5828487.990100128576159 ], [ 466050.383710838039406, 5828484.306646851822734 ], [ 466047.173212504247203, 5828482.57535669580102 ], [ 466037.132131460064556, 5828477.16061326302588 ], [ 466031.748677337775007, 5828474.257537117227912 ], [ 466027.091050415881909, 5828471.74586983025074 ], [ 466017.049969371699262, 5828466.3311263974756 ], [ 466013.113643837568816, 5828464.208427383564413 ], [ 466007.008888327516615, 5828460.91638296470046 ], [ 466000.522414290695451, 5828464.208427383564413 ], [ 465996.967807283333968, 5828466.596812512725592 ], [ 465990.740150337864179, 5828474.257537117227912 ], [ 465986.926726239151321, 5828478.948481412604451 ], [ 465982.570895957469475, 5828484.306646851822734 ], [ 465976.885645194852259, 5828491.300150311551988 ], [ 465974.401641577132978, 5828494.355756585486233 ], [ 465966.84456415072782, 5828503.65181921236217 ], [ 465966.232387196796481, 5828504.404866320081055 ], [ 465958.063132816401776, 5828514.453976053744555 ], [ 465956.803483106545173, 5828516.003488111309707 ], [ 465949.893878436007071, 5828524.503085787408054 ], [ 465946.762402062362526, 5828528.355157010257244 ], [ 465941.724624055670574, 5828534.552195522002876 ], [ 465936.721321018238086, 5828541.61212307959795 ], [ 465934.361854391696397, 5828544.601305255666375 ], [ 465929.520047489204444, 5828554.650414990261197 ], [ 465926.680239974055439, 5828560.544400008395314 ], [ 465924.678204129741061, 5828564.699524722993374 ], [ 465919.481287294998765, 5828574.748634457588196 ], [ 465916.639158929814585, 5828579.126119211316109 ], [ 465914.337819776672404, 5828584.797744192183018 ], [ 465912.035838167532347, 5828594.84685392677784 ], [ 465909.093268410593737, 5828604.895963660441339 ], [ 465906.598077885631938, 5828613.417300203815103 ], [ 465906.15072022395907, 5828614.945073394104838 ], [ 465903.208140871371143, 5828624.994183126837015 ], [ 465900.265576800098643, 5828635.04329286236316 ], [ 465897.323025024030358, 5828645.092402596026659 ], [ 465896.556996841449291, 5828647.708439365960658 ], [ 465894.380433376238216, 5828655.141512330621481 ], [ 465891.437862126273103, 5828665.19062206428498 ], [ 465888.495289952377789, 5828675.23973179794848 ], [ 465886.515915797266643, 5828681.999501504004002 ], [ 465885.552741765743122, 5828685.288841532543302 ], [ 465882.610164830111898, 5828695.337951266206801 ], [ 465879.667598341882695, 5828705.387061000801623 ], [ 465876.725048982829321, 5828715.436170734465122 ], [ 465876.474834753083996, 5828716.290668833069503 ], [ 465873.782467533950694, 5828725.485280469059944 ], [ 465870.839886085072067, 5828735.534390202723444 ], [ 465867.897311494161841, 5828745.583499936386943 ], [ 465866.433753708843142, 5828748.077377546578646 ], [ 465856.392672664718702, 5828753.164813040755689 ], [ 465846.351591620477848, 5828754.681515395641327 ], [ 465839.953538337140344, 5828755.632609670981765 ], [ 465836.310510576295201, 5828756.088828802108765 ], [ 465835.607863669458311, 5828755.632609670981765 ], [ 465826.269429532112554, 5828749.569290718063712 ], [ 465820.130671477818396, 5828745.583499936386943 ], [ 465816.228348487929907, 5828743.049788254313171 ], [ 465814.283739961392712, 5828735.534390202723444 ], [ 465815.797399601142388, 5828725.485280469059944 ], [ 465816.228348487929907, 5828723.626151556149125 ], [ 465818.310547115979716, 5828715.436170734465122 ], [ 465817.139005412405822, 5828705.387061000801623 ], [ 465816.228348487929907, 5828698.486124811694026 ], [ 465815.820122069562785, 5828695.337951266206801 ], [ 465814.564579215133563, 5828685.288841532543302 ], [ 465813.581682780000847, 5828675.23973179794848 ], [ 465813.454408336081542, 5828665.190622063353658 ], [ 465813.3507090783678, 5828655.141512330621481 ], [ 465813.022575908573344, 5828645.092402596026659 ], [ 465812.609081910341047, 5828635.04329286236316 ], [ 465812.071902693656739, 5828624.994183127768338 ], [ 465811.345809094898868, 5828614.945073394104838 ], [ 465810.309891792945564, 5828604.895963659510016 ], [ 465808.319899435213301, 5828594.846853925846517 ], [ 465806.783282089687418, 5828584.797744192183018 ], [ 465806.334566917503253, 5828574.748634457588196 ], [ 465806.18726744374726, 5828574.222939448431134 ], [ 465803.869661325472407, 5828564.699524723924696 ], [ 465803.217361698567402, 5828554.650414990261197 ], [ 465803.963224868639372, 5828544.601305255666375 ], [ 465806.18726744374726, 5828537.819229073822498 ], [ 465808.214967467240058, 5828534.552195522002876 ], [ 465816.228348487929907, 5828525.972749574109912 ], [ 465817.754478935850784, 5828524.503085787408054 ], [ 465816.228348487929907, 5828520.146619012579322 ], [ 465814.009195295860991, 5828514.453976053744555 ], [ 465806.18726744374726, 5828508.027075455524027 ], [ 465798.903640937467571, 5828504.404866319149733 ], [ 465796.146186399506405, 5828502.806833690963686 ], [ 465786.105105355381966, 5828497.997697358950973 ], [ 465776.064024311141111, 5828498.61751627177 ], [ 465766.022943266900256, 5828503.019197246059775 ], [ 465764.30799902160652, 5828504.404866320081055 ], [ 465755.981862222775817, 5828511.132356324233115 ], [ 465751.870863705000374, 5828514.453976053744555 ], [ 465745.94078117859317, 5828519.24538598395884 ], [ 465738.878421480883844, 5828524.503085787408054 ], [ 465735.899700134410523, 5828526.870955634862185 ], [ 465725.858619090227876, 5828533.564953475259244 ], [ 465724.340165120316669, 5828534.552195521071553 ], [ 465715.817538046045229, 5828540.068453323096037 ], [ 465709.431831031630281, 5828544.601305255666375 ], [ 465705.776457001804374, 5828546.560773275792599 ], [ 465695.735375957563519, 5828551.943307878449559 ], [ 465690.685286377265584, 5828554.650414990261197 ], [ 465685.69429491343908, 5828558.771524226292968 ], [ 465681.002005906950217, 5828564.699524722993374 ], [ 465675.653213869198225, 5828572.150175949558616 ], [ 465673.78769041626947, 5828574.748634457588196 ], [ 465666.542847218457609, 5828584.797744192183018 ], [ 465665.612132825073786, 5828586.073289120569825 ], [ 465658.42094616801478, 5828594.846853925846517 ], [ 465655.571051780891139, 5828598.323850739747286 ], [ 465650.184186713770032, 5828604.895963660441339 ], [ 465645.529970736650284, 5828610.57422598451376 ], [ 465641.947438405710272, 5828614.945073394104838 ], [ 465635.488889692525845, 5828622.824787602759898 ], [ 465633.710760904708877, 5828624.994183127768338 ], [ 465625.473931040847674, 5828635.04329286236316 ], [ 465625.447808648343198, 5828635.063811535015702 ], [ 465615.406727604102343, 5828637.227581493556499 ], [ 465605.365646559919696, 5828637.49688268546015 ], [ 465595.324565515737049, 5828637.766281202435493 ], [ 465585.283484471554402, 5828638.035582394339144 ], [ 465575.242403427371755, 5828638.30498091224581 ], [ 465565.201322383189108, 5828638.574379429221153 ], [ 465555.160241339006461, 5828641.446321664378047 ], [ 465546.500445584068075, 5828645.092402596026659 ], [ 465545.119160294823814, 5828645.673972657881677 ], [ 465535.078079250641167, 5828649.901675418019295 ], [ 465525.036998206400312, 5828654.129373924806714 ], [ 465522.633071350166574, 5828655.141512330621481 ], [ 465514.995917162217665, 5828658.357024918310344 ], [ 465504.954836118035018, 5828662.584775189869106 ], [ 465498.765697116323281, 5828665.19062206428498 ], [ 465494.913755073852371, 5828666.812426184304059 ], [ 465484.872674029669724, 5828671.040118667297065 ], [ 465474.898321315529756, 5828675.23973179794848 ], [ 465474.831592985487077, 5828675.269824683666229 ], [ 465464.79051194130443, 5828680.136671220883727 ], [ 465454.749430897121783, 5828685.144243043847382 ], [ 465454.459478708624374, 5828685.288841532543302 ], [ 465444.708349852939136, 5828690.151707038283348 ], [ 465434.667268808756489, 5828695.159278861247003 ], [ 465434.308998539811, 5828695.337951266206801 ], [ 465424.626187764515635, 5828700.166850684210658 ], [ 465414.585106720391195, 5828705.174422507174313 ], [ 465414.158728343492839, 5828705.3870609998703 ], [ 465404.544025676150341, 5828710.181994330137968 ], [ 465394.502944631967694, 5828715.189566153101623 ], [ 465394.008458147291094, 5828715.436170734465122 ], [ 465384.461863587785047, 5828720.197086891159415 ], [ 465374.4207825436024, 5828725.204601970501244 ], [ 465373.85797173489118, 5828725.485280469059944 ], [ 465364.379701499419753, 5828730.212173793464899 ], [ 465354.338620455237105, 5828733.655932359397411 ], [ 465344.297539411112666, 5828733.039776384830475 ], [ 465334.256458366755396, 5828732.957954971119761 ], [ 465324.215377322630957, 5828734.053716928698123 ], [ 465316.733152415486984, 5828735.534390203654766 ], [ 465314.17429627844831, 5828736.040762168355286 ], [ 465304.133215234265663, 5828738.027709715999663 ], [ 465294.092134190083016, 5828740.014760430902243 ], [ 465284.051053145900369, 5828742.001811146736145 ], [ 465274.009972101717722, 5828743.988861861638725 ], [ 465265.356673160509672, 5828745.583499936386943 ], [ 465263.968891057535075, 5828745.842765007168055 ], [ 465253.927810013352428, 5828745.7299181278795 ], [ 465243.886728969111573, 5828745.599376607686281 ], [ 465242.664415226143319, 5828745.583499936386943 ], [ 465233.845647924928926, 5828745.468952692113817 ], [ 465223.804566880746279, 5828745.33841117285192 ], [ 465213.763485836563632, 5828745.207987257279456 ], [ 465203.722404792380985, 5828745.077563342638314 ], [ 465202.576086010609288, 5828745.58349993545562 ], [ 465193.681323748198338, 5828753.284887360408902 ], [ 465191.715681012137793, 5828755.632609670981765 ], [ 465183.640242704015691, 5828765.277743209153414 ], [ 465183.417398868827149, 5828765.681719404645264 ], [ 465180.139967262628488, 5828775.730829139240086 ], [ 465179.036706666753162, 5828785.779938872903585 ], [ 465179.116570434358437, 5828795.829048607498407 ], [ 465178.617350528715178, 5828805.878158341161907 ], [ 465177.797904590493999, 5828815.927268074825406 ], [ 465176.3921111660311, 5828825.976377809420228 ], [ 465173.649260284379125, 5828836.025487543083727 ], [ 465173.599161659833044, 5828836.198013941757381 ], [ 465171.111696528154425, 5828846.074597276747227 ], [ 465168.580640523287002, 5828856.123707011342049 ], [ 465166.049723786360119, 5828866.172816745005548 ], [ 465163.558080615650397, 5828876.065444800071418 ], [ 465163.51866778137628, 5828876.22192647960037 ], [ 465160.987751044449396, 5828886.271036213263869 ], [ 465158.45676355320029, 5828896.320145947858691 ], [ 465155.92577830265509, 5828906.369255681522191 ], [ 465153.516999571351334, 5828915.933411404490471 ], [ 465153.394859871652443, 5828916.418365416117013 ], [ 465150.863805560802575, 5828926.467475149780512 ], [ 465148.332816920126788, 5828936.516584883444011 ], [ 465145.801832818950061, 5828946.565694618038833 ], [ 465143.475918527226895, 5828955.800833652727306 ], [ 465143.270913238637149, 5828956.614804351702332 ], [ 465140.739860077155754, 5828966.663914085365832 ], [ 465138.208943340228871, 5828976.713023819960654 ], [ 465135.67788733530324, 5828986.762133553624153 ], [ 465133.434837483044248, 5828995.668255899101496 ], [ 465133.146966605680063, 5828996.811243288218975 ], [ 465130.615914593450725, 5829006.860353021882474 ], [ 465128.084997856523842, 5829016.909462755545974 ], [ 465125.553971813409589, 5829026.958572490140796 ], [ 465123.393756438861601, 5829035.535678145475686 ], [ 465123.023025114729535, 5829037.007682223804295 ], [ 465120.49206813191995, 5829047.056791958399117 ], [ 465117.96105237287702, 5829057.105901692062616 ], [ 465115.430025180452503, 5829067.155011425726116 ], [ 465113.352675394678954, 5829075.403100392781198 ], [ 465112.899079631082714, 5829077.20412116125226 ], [ 465110.368121498962864, 5829087.253230893984437 ], [ 465107.837106889230199, 5829097.302340628579259 ], [ 465105.306190152303316, 5829107.351450361311436 ], [ 465103.311594350496307, 5829115.270639843307436 ], [ 465102.775134147435892, 5829117.40056009683758 ], [ 465100.244217410450801, 5829127.44966983050108 ], [ 465097.713161405641586, 5829137.498779564164579 ], [ 465095.182244668656494, 5829147.547889298759401 ], [ 465093.27051330631366, 5829155.138080192729831 ], [ 465092.651188663730863, 5829157.5969990324229 ], [ 465090.120271926862188, 5829167.646108767017722 ], [ 465085.149685212643817, 5829177.695218500681221 ], [ 465083.229432262131013, 5829180.482445206493139 ], [ 465078.226375898113474, 5829187.744328234344721 ], [ 465073.188351217948366, 5829195.057055552490056 ], [ 465071.303150040097535, 5829197.793437968939543 ], [ 465064.798368806950748, 5829207.842547702603042 ], [ 465063.147270173649304, 5829216.08326406404376 ], [ 465062.669852970342617, 5829217.891657437197864 ], [ 465063.147270173765719, 5829226.834316592663527 ], [ 465063.206339688855223, 5829227.940767170861363 ], [ 465063.742973712796811, 5829237.989876904524863 ], [ 465073.188351217948366, 5829246.165257410146296 ], [ 465077.923877260938752, 5829248.038986639119685 ], [ 465083.229432262131013, 5829249.540044371969998 ], [ 465093.270513306255452, 5829253.060325806960464 ], [ 465102.64773422467988, 5829258.088096372783184 ], [ 465103.311594350496307, 5829261.62350638397038 ], [ 465103.645647206401918, 5829268.137206107378006 ], [ 465103.404858873807825, 5829278.186315841041505 ], [ 465105.09634580637794, 5829288.235425575636327 ], [ 465103.311594350496307, 5829294.49246815033257 ], [ 465102.209612266335171, 5829298.284535309299827 ], [ 465100.345294810365885, 5829308.333645042032003 ], [ 465098.634988637757488, 5829318.382754777558148 ], [ 465096.924624279607087, 5829328.431864511221647 ], [ 465095.227860860526562, 5829338.480974245816469 ], [ 465093.59217682282906, 5829348.530083979479969 ], [ 465093.27051330631366, 5829349.350987371057272 ], [ 465083.229432262131013, 5829351.176912104710937 ], [ 465074.503069388330914, 5829358.579193713143468 ], [ 465078.198507900408003, 5829368.62830344773829 ], [ 465083.229432262131013, 5829374.559657318517566 ], [ 465084.454141387832351, 5829378.677413181401789 ], [ 465084.342975412961096, 5829388.726522915996611 ], [ 465083.802029957645573, 5829398.77563264966011 ], [ 465083.229432262189221, 5829406.443229027092457 ], [ 465083.05158849270083, 5829408.824742384254932 ], [ 465082.301252270583063, 5829418.873852117918432 ], [ 465081.550808873143978, 5829428.922961851581931 ], [ 465080.800365475704893, 5829438.972071586176753 ], [ 465080.049922078265809, 5829449.021181319840252 ], [ 465079.299478680943139, 5829459.070291053503752 ], [ 465078.549035283387639, 5829469.119400788098574 ], [ 465078.823812775081024, 5829479.168510521762073 ], [ 465083.229432262131013, 5829488.402954236604273 ], [ 465083.618097633006983, 5829489.217620256356895 ], [ 465087.989892574725673, 5829499.266729990020394 ], [ 465090.590440188301727, 5829509.315839725546539 ], [ 465093.190987801935989, 5829519.364949458278716 ], [ 465093.27051330631366, 5829519.675337083637714 ], [ 465095.772140769753605, 5829529.414059191942215 ], [ 465098.013357988442294, 5829539.463168926537037 ], [ 465100.604555696249008, 5829549.512278661131859 ], [ 465103.311594350496307, 5829559.074977364391088 ], [ 465103.449289106298238, 5829559.561388394795358 ], [ 465106.294022516347468, 5829569.610498128458858 ], [ 465109.190318410750479, 5829579.659607862122357 ], [ 465113.352675394678954, 5829587.691279575228691 ], [ 465114.382114064996131, 5829589.708717596717179 ], [ 465118.005455544684082, 5829599.757827330380678 ], [ 465121.478892754821572, 5829609.8069370649755 ], [ 465123.393756438861601, 5829616.428610475733876 ], [ 465124.42188765964238, 5829619.856046798638999 ], [ 465126.77718069171533, 5829629.905156532302499 ], [ 465129.046452615410089, 5829639.954266266897321 ], [ 465123.393756438861601, 5829640.830346832051873 ], [ 465113.352675394620746, 5829642.694927122443914 ], [ 465103.311594350496307, 5829644.822725098580122 ], [ 465093.27051330631366, 5829647.505061492323875 ], [ 465091.275188057101332, 5829650.00337600056082 ], [ 465083.229432262072805, 5829656.488761725835502 ], [ 465080.289938834612258, 5829660.052485735155642 ], [ 465074.631174873444252, 5829670.101595468819141 ], [ 465073.188351217948366, 5829672.781775182113051 ], [ 465069.058401794522069, 5829680.150705203413963 ], [ 465063.147270173707511, 5829686.277631931006908 ], [ 465057.069188697088975, 5829690.199814937077463 ], [ 465053.106189129524864, 5829692.753007691353559 ], [ 465044.658790041052271, 5829700.248924670740962 ], [ 465043.065108085342217, 5829702.631994225084782 ], [ 465033.470178744872101, 5829710.298034405335784 ], [ 465033.02402704115957, 5829710.631229520775378 ], [ 465022.982945997035131, 5829716.305686614476144 ], [ 465015.831529507064261, 5829720.347144138999283 ], [ 465012.941864952794276, 5829721.980171186849475 ], [ 465002.900783908611629, 5829727.654628279618919 ], [ 464998.04941498930566, 5829730.396253873594105 ], [ 464992.859702864428982, 5829734.020217912271619 ], [ 464983.753143705951516, 5829740.445363607257605 ], [ 464982.818621820246335, 5829740.950502431951463 ], [ 464972.77754077600548, 5829743.213500555604696 ], [ 464962.736459731822833, 5829745.61384873278439 ], [ 464954.137990383023862, 5829740.445363607257605 ], [ 464952.695378687640186, 5829737.956303762272 ], [ 464949.952482131018769, 5829730.396253874525428 ], [ 464946.306491210008971, 5829720.347144138999283 ], [ 464942.660527374886442, 5829710.298034406267107 ], [ 464942.654297643457539, 5829710.28086396958679 ], [ 464932.6132165993331, 5829705.867894040420651 ], [ 464925.633645703899674, 5829710.298034405335784 ], [ 464922.572135555092245, 5829712.241265571676195 ], [ 464912.531054510909598, 5829718.614637102931738 ], [ 464908.023651818162762, 5829720.347144138999283 ], [ 464902.489973466726951, 5829723.183718338608742 ], [ 464900.079852123046294, 5829720.347144138999283 ], [ 464898.728735700482503, 5829710.298034405335784 ], [ 464897.377619277918711, 5829700.248924670740962 ], [ 464896.026502855238505, 5829690.199814937077463 ], [ 464894.675397600396536, 5829680.150705202482641 ], [ 464893.3242744008312, 5829670.101595469750464 ], [ 464892.448892422544304, 5829663.590857172384858 ], [ 464891.973151201265864, 5829660.052485735155642 ], [ 464890.622028001700528, 5829650.00337600056082 ], [ 464889.270904802135192, 5829639.954266266897321 ], [ 464887.919781602569856, 5829629.905156532302499 ], [ 464886.56865840300452, 5829619.856046797707677 ], [ 464885.217535203497391, 5829609.806937065906823 ], [ 464883.866412003932055, 5829599.757827330380678 ], [ 464882.407811378361657, 5829596.489087318070233 ], [ 464879.125647178268991, 5829599.757827330380678 ], [ 464872.366730334120803, 5829605.989566874690354 ], [ 464868.535118917701766, 5829609.8069370649755 ], [ 464862.325649289938156, 5829615.993263183161616 ], [ 464858.448414711805526, 5829619.856046798638999 ], [ 464852.284568245755509, 5829625.996983652003109 ], [ 464848.361815386801027, 5829629.905156532302499 ], [ 464842.243487201572862, 5829636.000680904835463 ], [ 464838.275152630812954, 5829639.954266266897321 ], [ 464832.202406157390215, 5829646.004442010074854 ], [ 464828.188511855783872, 5829650.00337600056082 ], [ 464822.16132511314936, 5829656.008098626509309 ], [ 464818.101850051898509, 5829660.052485735155642 ], [ 464812.12024406902492, 5829666.011859732680023 ], [ 464808.015208324883133, 5829670.101595468819141 ], [ 464802.079163024842273, 5829676.015577840618789 ], [ 464797.928608999936841, 5829680.150705203413963 ], [ 464792.038081980659626, 5829686.019277453422546 ], [ 464787.841904793982394, 5829690.199814937077463 ], [ 464781.997000936418772, 5829696.022994618862867 ], [ 464777.755305468919687, 5829700.248924670740962 ], [ 464771.955919892236125, 5829706.026695176027715 ], [ 464767.668646044330671, 5829710.298034405335784 ], [ 464761.914838848053478, 5829716.030456281267107 ], [ 464757.58200193796074, 5829720.347144138999283 ], [ 464751.873757803812623, 5829726.034112897701561 ], [ 464747.495343465358019, 5829730.396253873594105 ], [ 464741.832676759688184, 5829736.037874003872275 ], [ 464737.408698407060001, 5829740.445363607257605 ], [ 464731.791595715505537, 5829746.041588807478547 ], [ 464727.322099081997294, 5829750.494473340921104 ], [ 464721.75051467132289, 5829756.045291724614799 ], [ 464717.235394876101054, 5829760.543583075515926 ], [ 464711.70943362719845, 5829766.049005586653948 ], [ 464707.148795551096555, 5829770.592692809179425 ], [ 464701.668352582957596, 5829776.052709447219968 ], [ 464697.062139457848389, 5829780.641802543774247 ], [ 464691.627271538716741, 5829786.056470552459359 ], [ 464686.975492020137608, 5829790.690912277437747 ], [ 464681.586190494592302, 5829796.060127168893814 ], [ 464676.888836878933944, 5829800.740022011101246 ], [ 464671.545109450351447, 5829806.063888274133205 ], [ 464666.802188489178661, 5829810.789131745696068 ], [ 464661.5040284061688, 5829816.067599775269628 ], [ 464656.715589164174162, 5829820.838241479359567 ], [ 464651.462947361986153, 5829826.071305995807052 ], [ 464646.628884958277922, 5829830.887351213954389 ], [ 464641.421866317745298, 5829836.075016552582383 ], [ 464636.542285633273423, 5829840.936460947617888 ], [ 464631.380785273620859, 5829846.078723717480898 ], [ 464626.455632871482521, 5829850.98557068221271 ], [ 464621.339704229438212, 5829856.082484822720289 ], [ 464616.368982102256268, 5829861.034680414944887 ], [ 464611.298623185255565, 5829866.086141438223422 ], [ 464606.282330292393453, 5829871.083790149539709 ], [ 464601.25754214101471, 5829876.089902544394135 ], [ 464596.195678571297321, 5829881.132899884134531 ], [ 464591.216461096832063, 5829886.093610741198063 ], [ 464586.109079246292822, 5829891.18200961779803 ], [ 464581.175380052649416, 5829896.097320266067982 ], [ 464576.022375040396582, 5829901.231119352392852 ], [ 464571.134299008466769, 5829906.101027519442141 ], [ 464565.935775715333875, 5829911.280229086056352 ], [ 464561.093217964284122, 5829916.104737987741828 ], [ 464555.849126284942031, 5829921.329338819719851 ], [ 464551.052136920101475, 5829926.108499093912542 ], [ 464545.762472184433136, 5829931.378448554314673 ], [ 464541.011055875918828, 5829936.112155709415674 ], [ 464535.675823705969378, 5829941.427558287978172 ], [ 464530.969974831736181, 5829946.115916815586388 ], [ 464525.589168653474189, 5829951.476668022572994 ], [ 464520.928893787553534, 5829956.119621708989143 ], [ 464515.502569328411482, 5829961.525777756236494 ], [ 464510.887812743312679, 5829966.266482902690768 ], [ 464505.558795120799914, 5829971.574887489899993 ], [ 464510.887812743312679, 5829973.275955962948501 ], [ 464520.928893787553534, 5829972.003945325501263 ], [ 464524.315895067004021, 5829971.574887489899993 ], [ 464530.969974831736181, 5829970.147593651898205 ], [ 464541.011055875918828, 5829969.459954157471657 ], [ 464551.052136920159683, 5829968.187964936718345 ], [ 464561.093217964284122, 5829966.915964462794363 ], [ 464571.134299008524977, 5829965.643952352926135 ], [ 464581.175380052707624, 5829964.371974769048393 ], [ 464591.216461096832063, 5829963.099962658248842 ], [ 464601.25754214101471, 5829961.827985074371099 ], [ 464603.643123335845303, 5829961.525777755305171 ], [ 464611.298623185255565, 5829960.555972963571548 ], [ 464621.339704229438212, 5829959.28396085370332 ], [ 464631.380785273620859, 5829958.011983268894255 ], [ 464641.421866317803506, 5829956.739971159026027 ], [ 464651.462947361986153, 5829955.467993574216962 ], [ 464661.5040284061688, 5829954.206740119494498 ], [ 464671.545109450351447, 5829953.297527820803225 ], [ 464681.586190494534094, 5829952.847147006541491 ], [ 464691.627271538716741, 5829954.665449329651892 ], [ 464701.668352582957596, 5829960.95224151853472 ], [ 464702.133735025592614, 5829961.525777756236494 ], [ 464703.615663953998592, 5829971.574887489899993 ], [ 464701.668352582957596, 5829977.395224852487445 ], [ 464700.253531411348376, 5829981.623997224494815 ], [ 464700.371208284632303, 5829991.673106957226992 ], [ 464699.938690004637465, 5830001.722216692753136 ], [ 464699.059265881718602, 5830011.771326426416636 ], [ 464693.381761770695448, 5830021.820436160080135 ], [ 464691.627271538716741, 5830022.850074510090053 ], [ 464681.586190494534094, 5830022.808969166129827 ], [ 464671.545109450351447, 5830022.020642885938287 ], [ 464670.25488522904925, 5830021.820436160080135 ], [ 464661.504028406227008, 5830019.080797608941793 ], [ 464651.462947361986153, 5830015.937144890427589 ], [ 464641.421866317745298, 5830015.021481638774276 ], [ 464631.380785273620859, 5830017.445953378453851 ], [ 464621.339704229496419, 5830020.479543726891279 ], [ 464618.202181394444779, 5830021.820436160080135 ], [ 464611.298623185255565, 5830025.156827667728066 ], [ 464601.25754214101471, 5830031.030664124526083 ], [ 464599.796346213144716, 5830031.869545895606279 ], [ 464591.216461096773855, 5830034.917668040841818 ], [ 464581.175380052649416, 5830038.484900128096342 ], [ 464571.51001026132144, 5830041.918655628338456 ], [ 464571.134299008466769, 5830042.052132216282189 ], [ 464561.093217964284122, 5830044.526253492571414 ], [ 464551.052136920101475, 5830045.455374564044178 ], [ 464541.011055875918828, 5830045.311512657441199 ], [ 464530.969974831794389, 5830045.167650749906898 ], [ 464520.928893787553534, 5830046.271542549133301 ], [ 464510.887812743254472, 5830050.942789104767144 ], [ 464500.84673169918824, 5830050.944951785728335 ], [ 464490.805650654947385, 5830049.192100699990988 ], [ 464480.764569610822946, 5830047.4391910713166 ], [ 464470.723488566582091, 5830046.254705799743533 ], [ 464460.682407522457652, 5830048.451303257606924 ], [ 464455.61635033483617, 5830051.967765362933278 ], [ 464450.641326478216797, 5830056.962485950440168 ], [ 464447.011763773625717, 5830062.016875096596777 ], [ 464440.60024543403415, 5830070.948296170681715 ], [ 464439.79790040088119, 5830072.065984830260277 ], [ 464432.582109388837125, 5830082.115094564855099 ], [ 464430.559164389851503, 5830084.780685747042298 ], [ 464424.705164794111624, 5830092.164204298518598 ], [ 464420.518083345610648, 5830095.021484490483999 ], [ 464410.477002301369794, 5830096.47323331143707 ], [ 464400.435921257245354, 5830097.714216121472418 ], [ 464390.3948402130045, 5830098.955198932439089 ], [ 464380.35375916888006, 5830100.196265215054154 ], [ 464370.312678124697413, 5830101.285456098616123 ], [ 464360.271597080514766, 5830099.96248759701848 ], [ 464350.230516036332119, 5830096.402462586760521 ], [ 464340.189434992149472, 5830092.842437574639916 ], [ 464338.276472225086764, 5830092.164204298518598 ], [ 464330.148353947908618, 5830089.276514761149883 ], [ 464320.107272903725971, 5830085.680150408297777 ], [ 464310.241598942957353, 5830082.115094563923776 ], [ 464310.066191859601531, 5830082.0509412009269 ], [ 464300.025110815418884, 5830078.336908625438809 ], [ 464289.984029771178029, 5830074.515281941741705 ], [ 464279.94294872705359, 5830075.154743262566626 ], [ 464274.362586852919776, 5830082.115094564855099 ], [ 464269.901867682812735, 5830087.678922357037663 ], [ 464266.305801104055718, 5830092.164204298518598 ], [ 464259.860786638630088, 5830100.526508618146181 ], [ 464258.554146072652657, 5830102.213314032182097 ], [ 464251.00578645511996, 5830112.262423766776919 ], [ 464249.819705594447441, 5830113.839936806820333 ], [ 464243.642386988387443, 5830122.311533501371741 ], [ 464239.778624550206587, 5830127.731107275933027 ], [ 464236.478151860530488, 5830132.360643235035241 ], [ 464229.73754350602394, 5830141.815618839114904 ], [ 464229.313969027833082, 5830142.40975296869874 ], [ 464222.149683727824595, 5830152.458862703293562 ], [ 464219.696462461841293, 5830155.899916300550103 ], [ 464214.985470041981898, 5830162.507972436957061 ], [ 464209.655381417658646, 5830169.98442786373198 ], [ 464207.821265767328441, 5830172.557082171551883 ], [ 464200.656980467319954, 5830182.606191905215383 ], [ 464199.614300373475999, 5830184.068725325167179 ], [ 464193.492788223433308, 5830192.655301638878882 ], [ 464189.573219329293352, 5830197.976930165663362 ], [ 464186.119454446656164, 5830202.704411373473704 ], [ 464179.532138285110705, 5830211.228013903833926 ], [ 464178.353176898963284, 5830212.753521107137203 ], [ 464170.500948731147218, 5830222.802630841732025 ], [ 464169.491057240928058, 5830224.055873330682516 ], [ 464162.403253185329959, 5830232.851740575395525 ], [ 464159.449976196745411, 5830236.516716656275094 ], [ 464154.305495136301033, 5830242.900850309059024 ], [ 464149.408895152620971, 5830248.977371609769762 ], [ 464146.207740834448487, 5830252.949960043653846 ], [ 464139.367814108321909, 5830261.657591020688415 ], [ 464138.304229857807513, 5830262.999069777317345 ], [ 464130.699342009669635, 5830273.048179511912167 ], [ 464129.326733064139262, 5830274.861946945078671 ], [ 464123.094549254281446, 5830283.097289245575666 ], [ 464119.285652019956615, 5830288.130448322743177 ], [ 464115.4897195235244, 5830293.146398980170488 ], [ 464109.244570975773968, 5830301.398747247643769 ], [ 464107.88483167544473, 5830303.195508713833988 ], [ 464100.285225578467362, 5830313.244618447497487 ], [ 464099.203489931649528, 5830314.65392891317606 ], [ 464092.650666019879282, 5830323.293728182092309 ], [ 464089.640912243747152, 5830333.342837915755808 ], [ 464089.507958885456901, 5830343.39194765035063 ], [ 464089.162408887408674, 5830344.858773551881313 ], [ 464087.334071909368504, 5830353.44105738401413 ], [ 464085.193285008484963, 5830363.490167116746306 ], [ 464082.979221446672454, 5830373.539276852272451 ], [ 464079.121327843226027, 5830379.393107991665602 ], [ 464072.992506301030517, 5830383.58838658593595 ], [ 464069.08024679904338, 5830386.266392206773162 ], [ 464059.039165754802525, 5830393.139681085944176 ], [ 464058.3119178583147, 5830393.637496320530772 ], [ 464048.998084710678086, 5830400.013054761104286 ], [ 464043.631447001476772, 5830403.686606054194272 ], [ 464038.957003666437231, 5830406.886338976211846 ], [ 464028.950985623523593, 5830413.735715787857771 ], [ 464030.884117648354732, 5830423.784825522452593 ], [ 464038.957003666437231, 5830426.07719464879483 ], [ 464048.998084710619878, 5830428.928450584411621 ], [ 464059.03916575491894, 5830431.779706520959735 ], [ 464066.273408375913277, 5830433.83393525518477 ], [ 464069.08024679904338, 5830434.630967939272523 ], [ 464079.121327843167819, 5830437.482287518680096 ], [ 464089.162408887408674, 5830440.333543455228209 ], [ 464099.203489931533113, 5830437.766136653721333 ], [ 464107.579237946891226, 5830433.833935256116092 ], [ 464109.244570975773968, 5830433.052103609777987 ], [ 464119.285652019956615, 5830429.287487778812647 ], [ 464129.326733064139262, 5830430.386739891022444 ], [ 464139.367814108321909, 5830432.335532360710204 ], [ 464147.735714894894045, 5830433.83393525518477 ], [ 464149.408895152620971, 5830434.112099342048168 ], [ 464159.449976196745411, 5830435.191583190113306 ], [ 464169.49105724086985, 5830436.263959266245365 ], [ 464179.532138285168912, 5830437.315616186708212 ], [ 464189.573219329293352, 5830438.367273107171059 ], [ 464199.614300373475999, 5830439.22321839723736 ], [ 464209.655381417658646, 5830439.674660459160805 ], [ 464219.696462461841293, 5830440.156494975090027 ], [ 464229.73754350602394, 5830443.650316671468318 ], [ 464230.216666119813453, 5830443.883044990710914 ], [ 464237.248498298344202, 5830453.932154724374413 ], [ 464236.999392832512967, 5830463.981264458037913 ], [ 464236.750342223851476, 5830474.030374192632735 ], [ 464235.429114815662615, 5830484.079483926296234 ], [ 464231.607747967995238, 5830494.128593660891056 ], [ 464229.73754350602394, 5830496.715255725197494 ], [ 464224.570147554040886, 5830504.177703394554555 ], [ 464219.696462461841293, 5830511.359450100921094 ], [ 464217.791124260285869, 5830514.2268131300807 ], [ 464211.113347615988459, 5830524.275922862812877 ], [ 464209.655381417658646, 5830526.469983265735209 ], [ 464204.477585660351906, 5830534.325032596476376 ], [ 464199.614300373475999, 5830541.700360166840255 ], [ 464197.934301005909219, 5830544.374142331071198 ], [ 464191.713582723517902, 5830554.423252064734697 ], [ 464189.573219329293352, 5830557.757995177060366 ], [ 464185.15722125233151, 5830564.472361799329519 ], [ 464179.532138285168912, 5830572.966372069902718 ], [ 464178.502287457755301, 5830574.521471532993019 ], [ 464172.254616679798346, 5830584.570581266656518 ], [ 464169.491057240928058, 5830589.064385632053018 ], [ 464166.042991730384529, 5830594.61969100125134 ], [ 464159.754916775331367, 5830604.668800734914839 ], [ 464159.449976196745411, 5830605.15454360935837 ], [ 464153.446354641811922, 5830614.717910469509661 ], [ 464149.408895152620971, 5830621.149312903173268 ], [ 464147.124664026196115, 5830624.767020203173161 ], [ 464140.804191845527384, 5830634.81612993683666 ], [ 464149.408895152620971, 5830638.817638487555087 ], [ 464159.449976196745411, 5830640.195832022465765 ], [ 464169.491057240928058, 5830640.814227210357785 ], [ 464175.76490663405275, 5830644.865239671431482 ], [ 464179.532138285110705, 5830651.773030403070152 ], [ 464181.220811916107778, 5830654.914349405094981 ], [ 464186.622895121283364, 5830664.963459139689803 ], [ 464189.573219329293352, 5830670.451689444482327 ], [ 464192.810668985708617, 5830675.012568873353302 ], [ 464197.427107987750787, 5830685.061678608879447 ], [ 464199.614300373475999, 5830689.130356460809708 ], [ 464206.403019576857332, 5830695.110788341611624 ], [ 464209.655381417716853, 5830700.806652532890439 ], [ 464216.141334119252861, 5830705.159898075275123 ], [ 464219.696462461841293, 5830707.546031204052269 ], [ 464229.73754350602394, 5830714.649589479900897 ], [ 464230.541066453559324, 5830715.209007809869945 ], [ 464239.778624550206587, 5830721.755971942096949 ], [ 464244.971191397751682, 5830725.258117543533444 ], [ 464249.819705594447441, 5830728.250349376350641 ], [ 464259.860786638571881, 5830727.102985446341336 ], [ 464269.901867682812735, 5830727.721620298922062 ], [ 464279.942948726995382, 5830729.50400448590517 ], [ 464289.984029771178029, 5830732.251744767650962 ], [ 464299.151115750544704, 5830735.307227278128266 ], [ 464300.025110815302469, 5830735.598540319129825 ], [ 464310.066191859543324, 5830738.945389261469245 ], [ 464315.799745440948755, 5830745.356337010860443 ], [ 464320.107272903725971, 5830753.227917335927486 ], [ 464321.235403918894008, 5830755.405446745455265 ], [ 464325.265501927933656, 5830765.454556480050087 ], [ 464329.505065138044301, 5830775.503666213713586 ], [ 464330.148353947908618, 5830777.028478819876909 ], [ 464340.189434992149472, 5830781.187695456668735 ], [ 464347.067973188823089, 5830775.503666213713586 ], [ 464350.230516036332119, 5830767.228621725924313 ], [ 464354.187048755469732, 5830765.454556480050087 ], [ 464360.271597080514766, 5830759.063013598322868 ], [ 464370.312678124697413, 5830762.00856919772923 ], [ 464380.35375916888006, 5830764.954124798066914 ], [ 464382.058611880522221, 5830765.454556480050087 ], [ 464390.394840213120915, 5830767.901520220562816 ], [ 464400.435921257245354, 5830770.847075819037855 ], [ 464410.477002301428001, 5830773.792631418444216 ], [ 464420.518083345610648, 5830772.078005162999034 ], [ 464430.559164389851503, 5830770.626567838713527 ], [ 464440.600245433975942, 5830769.97566300816834 ], [ 464442.395919527858496, 5830775.503666213713586 ], [ 464440.60024543403415, 5830778.682992058806121 ], [ 464436.794741295860149, 5830785.552775948308408 ], [ 464431.564268619345967, 5830795.601885681971908 ], [ 464430.559164389851503, 5830797.4134108601138 ], [ 464425.98863389226608, 5830805.650995415635407 ], [ 464420.518083345610648, 5830815.510709231719375 ], [ 464420.412997697014362, 5830815.700105150230229 ], [ 464414.837285063113086, 5830825.749214883893728 ], [ 464410.477002301369794, 5830833.607754737138748 ], [ 464409.261589411995374, 5830835.79832461848855 ], [ 464403.685954684973694, 5830845.84743435215205 ], [ 464400.435921257245354, 5830851.705053107813001 ], [ 464398.110287462943234, 5830855.896544085815549 ], [ 464392.53454493166646, 5830865.945653820410371 ], [ 464390.394840213062707, 5830869.802098614163697 ], [ 464386.958910204702988, 5830875.99476355407387 ], [ 464381.383275477681309, 5830886.043873288668692 ], [ 464380.35375916888006, 5830887.718002451583743 ], [ 464375.018485614506062, 5830896.092983022332191 ], [ 464370.312678124697413, 5830903.332277159206569 ], [ 464368.48619462584611, 5830906.142092756927013 ], [ 464362.027980782382656, 5830916.191202490590513 ], [ 464360.271597080514766, 5830918.988477446138859 ], [ 464357.019484674208798, 5830926.240312224254012 ], [ 464353.15269047516631, 5830936.289421958848834 ], [ 464354.134010951092932, 5830946.338531692512333 ], [ 464360.271597080514766, 5830951.253009367734194 ], [ 464366.684129314147867, 5830956.387641427107155 ], [ 464370.312678124697413, 5830959.293086946941912 ], [ 464379.234247677202802, 5830966.436751160770655 ], [ 464380.35375916888006, 5830967.333179202862084 ], [ 464390.394840213062707, 5830975.35431236308068 ], [ 464391.82169422210427, 5830976.485860894434154 ], [ 464400.435921257245354, 5830983.317377891391516 ], [ 464404.726905639981851, 5830986.534970629028976 ], [ 464410.477002301428001, 5830990.323717854917049 ], [ 464419.722910605138168, 5830996.584080362692475 ], [ 464420.518083345610648, 5830997.018499305471778 ], [ 464430.559164389851503, 5831002.323807075619698 ], [ 464437.662798803765327, 5831006.633190097287297 ], [ 464440.60024543403415, 5831008.797995856963098 ], [ 464450.641326478216797, 5831016.492722218856215 ], [ 464450.88887570152292, 5831016.682299830950797 ], [ 464460.682407522399444, 5831024.186048272997141 ], [ 464464.100327103515156, 5831026.731409564614296 ], [ 464470.723488566582091, 5831031.772028075531125 ], [ 464477.500203978968784, 5831036.780519299209118 ], [ 464480.764569610764738, 5831039.241035399958491 ], [ 464490.805650654947385, 5831046.610101693309844 ], [ 464491.10477834980702, 5831046.829629032872617 ], [ 464500.846731699130032, 5831053.979167986661196 ], [ 464504.797767082578503, 5831056.878738767467439 ], [ 464510.887812743312679, 5831061.3480782546103 ], [ 464518.490801104577258, 5831066.927848501130939 ], [ 464520.928893787553534, 5831068.71714454703033 ], [ 464530.969974831736181, 5831076.086210840381682 ], [ 464532.183731881028507, 5831076.97695823572576 ], [ 464541.011055875918828, 5831083.455221692100167 ], [ 464545.876714280224405, 5831087.02606796938926 ], [ 464551.052136920159683, 5831090.824187401682138 ], [ 464559.569728936941829, 5831097.075177703052759 ], [ 464561.093217964284122, 5831098.193253694102168 ], [ 464571.134299008466769, 5831105.56231998745352 ], [ 464573.262679078616202, 5831107.124287437647581 ], [ 464581.175380052649416, 5831112.931230255402625 ], [ 464586.955751691653859, 5831117.17339717131108 ], [ 464591.216461096890271, 5831120.300296548753977 ], [ 464600.648656769189984, 5831127.222506905905902 ], [ 464601.25754214101471, 5831127.669362842105329 ], [ 464611.298623185255565, 5831135.100162246264517 ], [ 464614.082872177299578, 5831137.271616639569402 ], [ 464621.339704229438212, 5831142.968444347381592 ], [ 464626.883803739678115, 5831147.320726374164224 ], [ 464631.380785273620859, 5831150.850989829748869 ], [ 464639.684902061300818, 5831157.369836107827723 ], [ 464641.421866317861713, 5831158.733377019874752 ], [ 464651.462947361986153, 5831166.615922502242029 ], [ 464652.48586850456195, 5831167.418945841491222 ], [ 464661.5040284061688, 5831174.498467985540628 ], [ 464665.286876032245345, 5831177.468055576086044 ], [ 464671.545109450351447, 5831182.380855174735188 ], [ 464678.087933269445784, 5831187.517165309749544 ], [ 464681.586190494475886, 5831190.044154014438391 ], [ 464691.07304648362333, 5831197.566275043413043 ], [ 464691.627271538716741, 5831198.121786780655384 ], [ 464700.390718203911092, 5831207.615384778939188 ], [ 464701.668352583015803, 5831208.998100779019296 ], [ 464710.947617663128767, 5831217.664494511671364 ], [ 464711.709433627082035, 5831218.358563694171607 ], [ 464721.27949194854591, 5831227.713604246266186 ], [ 464721.75051467132289, 5831228.171103236265481 ], [ 464731.560910896223504, 5831237.762713979929686 ], [ 464731.791595715505537, 5831237.988250205293298 ], [ 464741.56915694224881, 5831247.811823713593185 ], [ 464741.832676759688184, 5831248.07732789311558 ], [ 464750.259688136982732, 5831257.860933448188007 ], [ 464751.873757803870831, 5831259.765884055756032 ], [ 464760.576649552443996, 5831267.910043181851506 ], [ 464761.914838848053478, 5831269.189533999189734 ], [ 464771.363855671021156, 5831277.959152916446328 ], [ 464771.955919892236125, 5831278.508646868169308 ], [ 464781.997000936418772, 5831287.827759736217558 ], [ 464782.191483854781836, 5831288.008262650109828 ], [ 464792.038081980659626, 5831297.147058308124542 ], [ 464793.018919700174592, 5831298.057372384704649 ], [ 464802.079163024842273, 5831306.392239547334611 ], [ 464804.01407969527645, 5831308.106482118368149 ], [ 464812.12024406902492, 5831314.209308258257806 ], [ 464817.361950573627837, 5831318.155591851100326 ], [ 464822.161325113265775, 5831321.768804112449288 ], [ 464830.708083918434568, 5831328.20470158662647 ], [ 464832.202406157390215, 5831329.334566794335842 ], [ 464842.243487201572862, 5831336.947885660454631 ], [ 464843.572822926624212, 5831338.253811320289969 ], [ 464850.799879630794749, 5831348.302921054884791 ], [ 464852.284568245755509, 5831350.433216092176735 ], [ 464857.803509903489612, 5831358.352030789479613 ], [ 464862.325649289996363, 5831364.840446428395808 ], [ 464864.807257451815531, 5831368.40114052221179 ], [ 464871.81093484594021, 5831378.450250256806612 ], [ 464872.366730334120803, 5831379.247724145650864 ], [ 464878.814612240181305, 5831388.499359990470111 ], [ 464882.40781137830345, 5831393.655001863837242 ], [ 464885.818289634305984, 5831398.548469725064933 ], [ 464892.448892422544304, 5831406.164972367696464 ], [ 464894.533851058862638, 5831408.597579458728433 ], [ 464902.489973466726951, 5831415.018187798559666 ], [ 464906.986245426931418, 5831418.646689192391932 ], [ 464912.531054510909598, 5831424.333247172646224 ], [ 464916.536828741431236, 5831428.695798926986754 ], [ 464922.572135555092245, 5831435.688360922969878 ], [ 464925.210253515513614, 5831438.744908660650253 ], [ 464932.6132165993331, 5831447.322192612104118 ], [ 464933.883533869753592, 5831448.794018395245075 ], [ 464942.654297643457539, 5831456.425822554156184 ], [ 464946.750716276466846, 5831458.843128128908575 ], [ 464952.695378687581979, 5831462.361072676256299 ], [ 464962.736459731822833, 5831463.610537465661764 ], [ 464972.77754077600548, 5831467.561197695322335 ], [ 464974.937459369713906, 5831468.892237862572074 ], [ 464982.818621820304543, 5831473.748901698738337 ], [ 464991.244675391120836, 5831478.941347597166896 ], [ 464992.859702864428982, 5831479.936601050198078 ], [ 465002.900783908669837, 5831486.124372305348516 ], [ 465007.795255429809913, 5831488.990457330830395 ], [ 465012.941864952794276, 5831492.637071320787072 ], [ 465022.982945996976923, 5831498.843063863925636 ], [ 465023.300875876739156, 5831499.039567065425217 ], [ 465033.02402704115957, 5831505.049062991514802 ], [ 465039.559978836798109, 5831509.088676799088717 ], [ 465043.065108085342217, 5831511.255095127038658 ], [ 465053.106189129524864, 5831517.461054664105177 ], [ 465058.914105314295739, 5831519.137786533683538 ], [ 465063.147270173649304, 5831519.884244812652469 ], [ 465073.188351217948366, 5831520.95499600097537 ], [ 465083.229432262131013, 5831522.025812840089202 ], [ 465093.270513306255452, 5831523.096585946157575 ], [ 465103.311594350496307, 5831524.167380868457258 ], [ 465113.352675394678954, 5831525.238175892271101 ], [ 465123.393756438861601, 5831526.308948895893991 ], [ 465133.434837483044248, 5831527.379765838384628 ], [ 465143.475918527226895, 5831528.450516923330724 ], [ 465150.380849402747117, 5831529.186896267347038 ], [ 465153.51699957146775, 5831529.521352360025048 ], [ 465163.558080615650397, 5831530.592099333181977 ], [ 465173.599161659891251, 5831531.662920389324427 ], [ 465183.640242704015691, 5831532.733689278364182 ], [ 465193.681323748198338, 5831533.804488414898515 ], [ 465203.722404792380985, 5831534.875279223546386 ], [ 465213.763485836563632, 5831535.946056443266571 ], [ 465223.804566880746279, 5831537.01686916872859 ], [ 465230.831564989523031, 5831539.236006001010537 ], [ 465233.845647924928926, 5831540.055645645596087 ], [ 465243.886728969111573, 5831545.881714981049299 ], [ 465249.752395593211986, 5831549.285115735605359 ], [ 465253.927810013410635, 5831551.707812888547778 ], [ 465263.968891057535075, 5831557.533940789289773 ], [ 465267.071651496342383, 5831559.334225469268858 ], [ 465274.009972101775929, 5831563.359980128705502 ], [ 465284.051053145900369, 5831569.186108030378819 ], [ 465284.390970870095771, 5831569.38333520386368 ], [ 465294.092134190083016, 5831575.012147369794548 ], [ 465298.549914748640731, 5831579.43244493752718 ], [ 465304.133215234265663, 5831586.145812103524804 ], [ 465307.256016874220222, 5831589.481554671190679 ], [ 465314.174296278506517, 5831596.283662461675704 ], [ 465318.069424658431672, 5831599.530664405785501 ], [ 465324.215377322630957, 5831604.653966721147299 ], [ 465330.124413596582599, 5831609.579774139449 ], [ 465334.256458366813604, 5831613.024270981550217 ], [ 465342.179402534617111, 5831619.628883874043822 ], [ 465344.297539411112666, 5831621.394575241953135 ], [ 465354.234391472709831, 5831629.677993607707322 ], [ 465354.338620455237105, 5831629.783960251137614 ], [ 465362.410769966838416, 5831639.727103341370821 ], [ 465364.37970149947796, 5831642.592783299274743 ], [ 465369.399196915328503, 5831649.776213075965643 ], [ 465374.4207825436024, 5831656.722200679592788 ], [ 465376.90779806743376, 5831659.825322810560465 ], [ 465384.461863587785047, 5831667.866959892213345 ], [ 465386.389890137652401, 5831669.874432544223964 ], [ 465394.502944631967694, 5831678.321792888455093 ], [ 465396.041287209605798, 5831679.923542277887464 ], [ 465404.544025676150341, 5831688.776743348687887 ], [ 465406.150503968121484, 5831689.972652012482285 ], [ 465414.585106720332988, 5831695.914481043815613 ], [ 465420.38606898591388, 5831700.021761745214462 ], [ 465424.626187764573842, 5831703.023911603726447 ], [ 465434.667268808756489, 5831708.875717867165804 ], [ 465437.045508814626373, 5831710.070871479809284 ], [ 465444.708349852939136, 5831716.018065446987748 ], [ 465447.992776228638832, 5831720.119981214404106 ], [ 465454.749430897179991, 5831722.912298629060388 ], [ 465464.79051194130443, 5831725.760292673483491 ], [ 465473.519436679140199, 5831730.169090948998928 ], [ 465474.831592985545285, 5831731.149567521177232 ], [ 465484.872674029669724, 5831733.179585725069046 ], [ 465493.708813525212463, 5831740.218200682662427 ], [ 465494.913755073852371, 5831741.677049200981855 ], [ 465502.220565720112063, 5831750.267310416325927 ], [ 465504.954836118035018, 5831753.598532624542713 ], [ 465510.55392379022669, 5831760.316420150920749 ], [ 465514.995917162217665, 5831765.746502531692386 ], [ 465518.833685897348914, 5831770.365529884584248 ], [ 465525.036998206400312, 5831777.975002523511648 ], [ 465527.057493669446558, 5831780.414639618247747 ], [ 465535.078079250641167, 5831790.288823459297419 ], [ 465535.222465468395967, 5831790.463749352842569 ], [ 465541.578672907664441, 5831800.512859085574746 ], [ 465545.119160294823814, 5831804.368151194415987 ], [ 465549.492913389462046, 5831810.561968820169568 ], [ 465555.160241339006461, 5831814.718172648921609 ], [ 465560.006838193628937, 5831820.61107855476439 ], [ 465565.201322383189108, 5831825.37481514364481 ], [ 465570.714958146912977, 5831830.660188288427889 ], [ 465575.242403427371755, 5831834.92230698466301 ], [ 465581.389647822303232, 5831840.709298023954034 ], [ 465585.28348447161261, 5831844.374940113164485 ], [ 465592.064434922242071, 5831850.758407756686211 ], [ 465595.324565515737049, 5831853.827437431551516 ], [ 465601.936796467809472, 5831860.80751749034971 ], [ 465605.365646559919696, 5831864.056290811859071 ], [ 465611.558538298180792, 5831870.856627225875854 ], [ 465615.406727604102343, 5831874.529515540227294 ], [ 465621.281531204353087, 5831880.905736958608031 ], [ 465625.447808648343198, 5831885.086563933640718 ], [ 465630.886572447954677, 5831890.954846693202853 ], [ 465635.488889692467637, 5831895.920625669881701 ], [ 465640.200154713704251, 5831901.003956426866353 ], [ 465645.529970736708492, 5831906.75468740798533 ], [ 465649.51370095909806, 5831911.053066161461174 ], [ 465655.571051780891139, 5831917.588847105391324 ], [ 465658.827228455222212, 5831921.102175895124674 ], [ 465665.612132825073786, 5831928.422908841632307 ], [ 465668.14081072085537, 5831931.151285628788173 ], [ 465675.653213869256433, 5831939.256970578804612 ], [ 465677.454392986546736, 5831941.200395363382995 ], [ 465685.69429491343908, 5831950.091032315976918 ], [ 465686.767975252238102, 5831951.249505097046494 ], [ 465695.735375957621727, 5831960.92518837377429 ], [ 465696.081466728064697, 5831961.298614831641316 ], [ 465705.395048993756063, 5831971.347724565304816 ], [ 465705.776457001804374, 5831971.759253750555217 ], [ 465714.708631259447429, 5831981.396834298036993 ], [ 465715.817538045987021, 5831982.593315487727523 ], [ 465724.022213525138795, 5831991.445944033563137 ], [ 465725.858619090227876, 5831993.427377225831151 ], [ 465733.335795790888369, 5832001.495053768157959 ], [ 465735.899700134410523, 5832004.261465929448605 ], [ 465742.649287266656756, 5832011.544163501821458 ], [ 465745.940781178534962, 5832015.095598660409451 ], [ 465751.962869532289915, 5832021.593273235484958 ], [ 465755.981862222775817, 5832025.929660396650434 ], [ 465766.022943266900256, 5832028.312667105346918 ], [ 465776.064024311141111, 5832026.697233035229146 ], [ 465786.105105355381966, 5832030.321281734853983 ], [ 465796.146186399506405, 5832024.815711935982108 ], [ 465806.18726744374726, 5832027.992239620536566 ], [ 465813.644213760795537, 5832031.642382968217134 ], [ 465816.228348487929907, 5832033.49679659307003 ], [ 465818.771256519423332, 5832031.642382968217134 ], [ 465826.269429532112554, 5832025.273840025067329 ], [ 465830.567404817324132, 5832031.642382969148457 ], [ 465836.310510576353408, 5832040.152027264237404 ], [ 465837.317685060959775, 5832041.691492703743279 ], [ 465843.739928385126404, 5832051.740602437406778 ], [ 465846.351591620477848, 5832055.945702005177736 ], [ 465849.959233099129051, 5832061.7897121720016 ], [ 465856.392672664660495, 5832071.313312207348645 ], [ 465856.748569477640558, 5832071.8388219056651 ], [ 465866.431700457993429, 5832081.887931641191244 ], [ 465866.433753708843142, 5832081.890062495134771 ], [ 465876.1148314383463, 5832091.937041373923421 ], [ 465876.474834753025789, 5832092.310651192441583 ], [ 465885.797962418757379, 5832101.986151108518243 ], [ 465886.515915797266643, 5832102.73123989161104 ], [ 465896.12580277537927, 5832112.035260842181742 ], [ 465896.556996841449291, 5832112.452885719947517 ], [ 465906.577932515123393, 5832122.084370575845242 ], [ 465906.598077885631938, 5832122.103732679970562 ], [ 465916.639158929814585, 5832131.754409388639033 ], [ 465917.033564623794518, 5832132.133480310440063 ], [ 465926.680239973997232, 5832141.405086096376181 ], [ 465927.489196732465643, 5832142.182590044103563 ], [ 465936.721321018179879, 5832151.055919654667377 ], [ 465937.944644021219574, 5832152.231699777767062 ], [ 465946.762402062362526, 5832160.706617147661746 ], [ 465948.400276129832491, 5832162.280809512361884 ], [ 465956.803483106545173, 5832170.357293855398893 ], [ 465958.855908238561824, 5832172.329919246956706 ], [ 465966.84456415072782, 5832180.008106287568808 ], [ 465969.311355527315754, 5832182.379028980620205 ], [ 465976.885645194910467, 5832189.658824906684458 ], [ 465979.766987635986879, 5832192.428138714283705 ], [ 465986.926726239151321, 5832199.774527005851269 ] ], [ [ 466958.637121719424613, 5830433.833935257047415 ], [ 466960.911587525450159, 5830428.47545694373548 ], [ 466967.766211673733778, 5830433.833935256116092 ], [ 466960.911587525508367, 5830434.48511469271034 ], [ 466958.637121719424613, 5830433.833935257047415 ] ], [ [ 466941.386538673716132, 5830423.784825523383915 ], [ 466950.870506481267512, 5830423.091219603084028 ], [ 466954.892628344357945, 5830423.784825522452593 ], [ 466950.870506481267512, 5830425.254525505937636 ], [ 466941.386538673716132, 5830423.784825523383915 ] ], [ [ 466295.551017343648709, 5828846.074597276747227 ], [ 466296.134517331665847, 5828836.025487543083727 ], [ 466296.983161704905797, 5828825.976377809420228 ], [ 466298.200238608988002, 5828820.318982502445579 ], [ 466306.822489876067266, 5828825.976377809420228 ], [ 466308.241319653170649, 5828827.052551572211087 ], [ 466312.420757173909806, 5828836.025487543083727 ], [ 466310.791463109198958, 5828846.074597276747227 ], [ 466308.241319653170649, 5828849.877612980082631 ], [ 466298.200238608988002, 5828849.925168694928288 ], [ 466295.551017343648709, 5828846.074597276747227 ] ] ] } },
{ "type": "Feature", "properties": { "id": 3, "cost_level": 1200.0 }, "geometry": { "type": "Polygon", "coordinates": [ [ [ 466027.091050415881909, 5831861.090250678360462 ], [ 466037.132131460122764, 5831862.58604253269732 ], [ 466047.173212504247203, 5831863.044866450130939 ], [ 466057.21429354842985, 5831862.129372070543468 ], [ 466067.255374592612498, 5831861.426369627006352 ], [ 466076.132839020574465, 5831860.80751749034971 ], [ 466077.296455636853352, 5831860.72640123963356 ], [ 466087.337536680977792, 5831857.326550735160708 ], [ 466097.378617725218646, 5831852.374681478366256 ], [ 466100.656008916092105, 5831850.758407756686211 ], [ 466107.419698769343086, 5831847.422858379781246 ], [ 466117.46077981358394, 5831842.470990107394755 ], [ 466121.033042382681742, 5831840.709298023022711 ], [ 466127.501860857766587, 5831837.519166022539139 ], [ 466135.562506960995961, 5831830.660188288427889 ], [ 466137.542941901949234, 5831828.991356544196606 ], [ 466144.562357173475903, 5831820.61107855476439 ], [ 466147.584022946131881, 5831817.003598702140152 ], [ 466154.780248967465013, 5831810.561968820169568 ], [ 466157.625103990314528, 5831808.34561999514699 ], [ 466162.849429712689016, 5831800.512859086506069 ], [ 466163.865966868470423, 5831790.463749352842569 ], [ 466164.638134688721038, 5831780.414639618247747 ], [ 466165.410317246220075, 5831770.365529885515571 ], [ 466167.666185034555383, 5831764.974757438525558 ], [ 466169.403756369603798, 5831760.316420149058104 ], [ 466174.282290382543579, 5831750.267310416325927 ], [ 466177.707266078679822, 5831743.099646473303437 ], [ 466179.050278304319363, 5831740.218200682662427 ], [ 466182.574297408049461, 5831730.169090948067605 ], [ 466186.16152393759694, 5831720.119981214404106 ], [ 466187.748347122920677, 5831717.765413489192724 ], [ 466193.2113476236118, 5831710.070871479809284 ], [ 466197.789428167161532, 5831704.747447342611849 ], [ 466201.853460775222629, 5831700.021761745214462 ], [ 466207.830509211285971, 5831691.081467550247908 ], [ 466208.681444963498507, 5831689.972652012482285 ], [ 466213.745909472228959, 5831679.923542277887464 ], [ 466217.871590255468618, 5831671.737209512852132 ], [ 466218.810377300367691, 5831669.874432544223964 ], [ 466222.735017942730337, 5831659.825322809629142 ], [ 466226.095737593830563, 5831649.776213075965643 ], [ 466227.912671299651265, 5831644.343244029209018 ], [ 466229.456435222411528, 5831639.727103341370821 ], [ 466232.817178318626247, 5831629.677993606775999 ], [ 466236.177883988653775, 5831619.628883874043822 ], [ 466237.953752343833912, 5831614.318755645304918 ], [ 466239.538611866999418, 5831609.579774139449 ], [ 466242.899316672119312, 5831599.530664405785501 ], [ 466247.994833388016559, 5831592.410787314176559 ], [ 466251.34147328697145, 5831589.481554671190679 ], [ 466258.035914432140999, 5831584.204474676400423 ], [ 466264.497419461491518, 5831579.43244493752718 ], [ 466268.076995476440061, 5831577.070138000883162 ], [ 466278.118076520680916, 5831570.560756346210837 ], [ 466279.934299455198925, 5831569.38333520386368 ], [ 466288.159157564863563, 5831564.051323562860489 ], [ 466295.435484985471703, 5831559.334225469268858 ], [ 466298.200238608988002, 5831557.541890780441463 ], [ 466308.241319653170649, 5831552.683177841827273 ], [ 466318.282400697353296, 5831549.784319458529353 ], [ 466328.323481741535943, 5831552.494816930033267 ], [ 466338.36456278571859, 5831556.562587825581431 ], [ 466345.206170634250157, 5831559.334225470200181 ], [ 466348.405643829959445, 5831560.630388457328081 ], [ 466358.446724874142092, 5831564.639664416201413 ], [ 466368.487805918324739, 5831563.488100563175976 ], [ 466378.528886962565593, 5831562.32688027061522 ], [ 466388.569968006690033, 5831561.165727247484028 ], [ 466398.611049050814472, 5831560.00450695399195 ], [ 466404.407314129639417, 5831559.334225469268858 ], [ 466408.652130095055327, 5831558.84335393179208 ], [ 466415.092862195917405, 5831559.334225469268858 ], [ 466418.693211139237974, 5831560.078340464271605 ], [ 466427.903825476183556, 5831569.38333520386368 ], [ 466428.734292183478829, 5831570.22231163457036 ], [ 466437.851007262303028, 5831579.43244493752718 ], [ 466438.775373227661476, 5831580.391403100453317 ], [ 466447.459067761315964, 5831589.481554671190679 ], [ 466448.816454271844123, 5831590.759426474571228 ], [ 466458.387118150945753, 5831599.530664405785501 ], [ 466458.85753531602677, 5831599.857869105413556 ], [ 466468.898616360209417, 5831606.842071974650025 ], [ 466472.834568654885516, 5831609.579774139449 ], [ 466478.939697404392064, 5831614.502280126325786 ], [ 466485.430332658172119, 5831619.628883874043822 ], [ 466488.980778448516503, 5831622.605698592960835 ], [ 466499.021859492757358, 5831623.481949180364609 ], [ 466502.58602199354209, 5831619.628883874043822 ], [ 466509.062940536881797, 5831611.962140647694468 ], [ 466511.226724068517797, 5831609.579774139449 ], [ 466519.104021581122652, 5831601.257456596940756 ], [ 466520.414101042668335, 5831599.530664405785501 ], [ 466525.749924684758298, 5831589.481554671190679 ], [ 466529.145102625247091, 5831579.511737543158233 ], [ 466529.174331290181726, 5831579.43244493752718 ], [ 466537.54819400224369, 5831569.38333520386368 ], [ 466539.186183669546153, 5831567.477352410554886 ], [ 466546.184335926547647, 5831559.334225469268858 ], [ 466549.2272647137288, 5831551.03429794870317 ], [ 466549.609354329644702, 5831549.285115734674037 ], [ 466551.307802769122645, 5831539.236006001010537 ], [ 466553.006330283533316, 5831529.186896267347038 ], [ 466554.380369108635932, 5831519.137786533683538 ], [ 466552.102607856621034, 5831509.088676799088717 ], [ 466549.276401202194393, 5831499.039567064493895 ], [ 466549.2272647137288, 5831498.813183681108057 ], [ 466547.24958184058778, 5831488.990457329899073 ], [ 466549.2272647137288, 5831483.641999514773488 ], [ 466550.965420987224206, 5831478.941347597166896 ], [ 466554.364169696695171, 5831468.892237862572074 ], [ 466556.392988821142353, 5831458.843128128908575 ], [ 466557.355302264273632, 5831448.794018395245075 ], [ 466558.254997160867788, 5831438.744908660650253 ], [ 466559.154692057520151, 5831428.695798926986754 ], [ 466559.268345757911447, 5831427.426348014734685 ], [ 466560.054386954230722, 5831418.646689192391932 ], [ 466560.954081850883085, 5831408.597579458728433 ], [ 466561.853776747477241, 5831398.548469725064933 ], [ 466562.753471644129604, 5831388.499359990470111 ], [ 466563.653166540781967, 5831378.450250256806612 ], [ 466564.552861437434331, 5831368.40114052221179 ], [ 466565.373972817149479, 5831358.352030788548291 ], [ 466569.309426802094094, 5831352.928914530202746 ], [ 466578.878881312382873, 5831348.302921054884791 ], [ 466579.350507846276741, 5831348.195002974942327 ], [ 466580.099173908005469, 5831348.302921054884791 ], [ 466589.391588890459388, 5831355.173194710165262 ], [ 466593.691135819535702, 5831358.352030788548291 ], [ 466599.432669934642036, 5831362.596910141408443 ], [ 466607.283349298930261, 5831368.40114052221179 ], [ 466609.473750978824683, 5831370.020566738210618 ], [ 466619.51483202300733, 5831377.444223335944116 ], [ 466620.87556277832482, 5831378.450250256806612 ], [ 466629.555913067306392, 5831384.867998713627458 ], [ 466634.467647747835144, 5831388.499359990470111 ], [ 466639.596994111430831, 5831392.291606716811657 ], [ 466648.05973816930782, 5831398.548469725064933 ], [ 466649.638075155613478, 5831399.715379117056727 ], [ 466659.679156199796125, 5831407.067887929268181 ], [ 466661.806517672433984, 5831408.597579458728433 ], [ 466669.720237243920565, 5831414.323328576982021 ], [ 466676.062169635668397, 5831418.646689192391932 ], [ 466679.761318288161419, 5831421.261435879394412 ], [ 466689.802399332344066, 5831422.47645284794271 ], [ 466695.394796180771664, 5831418.646689192391932 ], [ 466699.843480376526713, 5831416.401998467743397 ], [ 466709.88456142070936, 5831408.690688638016582 ], [ 466710.005800355051178, 5831408.597579459659755 ], [ 466719.925642465008423, 5831400.977829627692699 ], [ 466723.084222046192735, 5831398.548469725064933 ], [ 466729.966723509132862, 5831393.250589130446315 ], [ 466736.164742156746797, 5831388.499359990470111 ], [ 466740.007804553315509, 5831385.712935785762966 ], [ 466750.048885597498156, 5831379.419436190277338 ], [ 466751.595176939561497, 5831378.450250256806612 ], [ 466760.089966641680803, 5831373.125909054651856 ], [ 466765.419249032449443, 5831368.40114052221179 ], [ 466770.13104768586345, 5831363.978745937347412 ], [ 466775.252882414497435, 5831358.352030788548291 ], [ 466780.172128730046097, 5831352.94784068223089 ], [ 466784.400237533729523, 5831348.302921054884791 ], [ 466790.213209774228744, 5831341.916900705546141 ], [ 466796.497036604792811, 5831338.253811320289969 ], [ 466800.254290818353184, 5831335.841276360675693 ], [ 466810.295371862710454, 5831330.838066827505827 ], [ 466815.580346162198111, 5831328.20470158662647 ], [ 466820.336452906834893, 5831325.834857294335961 ], [ 466830.377533950959332, 5831320.831647759303451 ], [ 466835.267761601950042, 5831318.155591852031648 ], [ 466840.418614995200187, 5831315.46835349034518 ], [ 466844.806736025726423, 5831308.106482118368149 ], [ 466848.353270178893581, 5831298.057372384704649 ], [ 466850.459696039382834, 5831295.3675980810076 ], [ 466854.11263252311619, 5831288.008262650109828 ], [ 466858.757541994680651, 5831277.959152916446328 ], [ 466860.500777083565481, 5831275.13846633117646 ], [ 466864.088715557416435, 5831267.910043181851506 ], [ 466869.035320790251717, 5831257.860933448188007 ], [ 466870.541858127748128, 5831254.909298932179809 ], [ 466874.064807069255039, 5831247.811823713593185 ], [ 466879.052852190216072, 5831237.762713979929686 ], [ 466880.582939171930775, 5831234.680146466009319 ], [ 466884.040905788773671, 5831227.713604246266186 ], [ 466889.028955548943486, 5831217.664494511671364 ], [ 466890.624020216113422, 5831214.451012813486159 ], [ 466894.016996987862512, 5831207.615384778007865 ], [ 466899.0050424215151, 5831197.566275043413043 ], [ 466900.665101260296069, 5831194.221861615777016 ], [ 466903.993096020072699, 5831187.517165308818221 ], [ 466908.981125455815345, 5831177.468055576086044 ], [ 466910.706182304536924, 5831175.126248253509402 ], [ 466920.747263348719571, 5831171.123612232506275 ], [ 466930.297413004969712, 5831167.418945841491222 ], [ 466930.788344392902218, 5831167.228505158796906 ], [ 466940.829425437084865, 5831163.333430430851877 ], [ 466950.870506481267512, 5831159.438355701975524 ], [ 466956.202926097321324, 5831157.369836107827723 ], [ 466960.911587525450159, 5831155.543280973099172 ], [ 466970.952668569632806, 5831151.648187829181552 ], [ 466980.993749613873661, 5831147.753099171444774 ], [ 466982.108359887264669, 5831147.320726373232901 ], [ 466991.0348306579981, 5831142.041321719996631 ], [ 467001.075911702238955, 5831138.188215819187462 ], [ 467004.178562395856716, 5831137.271616639569402 ], [ 467002.382404820760712, 5831127.222506905905902 ], [ 467001.075911702238955, 5831125.624119691550732 ], [ 466995.529317711829208, 5831117.17339717131108 ], [ 466991.0348306579981, 5831111.905659744516015 ], [ 466986.114591096935328, 5831107.124287437647581 ], [ 466980.993749613815453, 5831102.46322213485837 ], [ 466977.20959332655184, 5831097.075177703052759 ], [ 466975.481289568822831, 5831087.02606796938926 ], [ 466975.2457357973326, 5831076.97695823572576 ], [ 466977.477236110949889, 5831066.927848501130939 ], [ 466980.993749613873661, 5831063.714365367777646 ], [ 466988.608933742973022, 5831056.878738767467439 ], [ 466991.0348306579981, 5831054.669981325045228 ], [ 466998.067376128979959, 5831046.829629032872617 ], [ 467001.075911702238955, 5831044.636672025546432 ], [ 467011.116992746363394, 5831041.757311949506402 ], [ 467021.158073790604249, 5831039.121676787734032 ], [ 467031.199154834786896, 5831040.348196657374501 ], [ 467040.090583378798328, 5831036.780519299209118 ], [ 467041.240235878969543, 5831036.319222312420607 ], [ 467051.28131692315219, 5831032.472773917019367 ], [ 467061.322397967334837, 5831030.699127724394202 ], [ 467071.363479011517484, 5831030.505730794742703 ], [ 467079.469398836256005, 5831036.780519299209118 ], [ 467081.404560055700131, 5831038.278526636771858 ], [ 467091.445641099940985, 5831046.051333082839847 ], [ 467092.262096591119189, 5831046.829629032872617 ], [ 467101.486722144123632, 5831053.361021501943469 ], [ 467111.219128229480702, 5831056.878738767467439 ], [ 467111.527803188364487, 5831056.990308528766036 ], [ 467121.568884232488927, 5831059.205426715314388 ], [ 467131.609965276671574, 5831060.275766476988792 ], [ 467141.651046320854221, 5831061.404945850372314 ], [ 467151.692127365036868, 5831062.679201394319534 ], [ 467161.733208409277722, 5831064.525643237866461 ], [ 467165.267654527560808, 5831066.927848501130939 ], [ 467171.774289453402162, 5831075.927701963111758 ], [ 467174.938303643604741, 5831076.97695823572576 ], [ 467181.815370497584809, 5831078.40008981525898 ], [ 467185.574274371378124, 5831076.97695823572576 ], [ 467191.856451541825663, 5831074.598477624356747 ], [ 467201.89753258600831, 5831070.79679720569402 ], [ 467211.938613630190957, 5831066.995086991228163 ], [ 467212.116207723098341, 5831066.927848501130939 ], [ 467221.979694674373604, 5831060.861553463153541 ], [ 467224.592833546223119, 5831056.878738768398762 ], [ 467222.302936846041121, 5831046.829629032872617 ], [ 467221.979694674373604, 5831045.411180683411658 ], [ 467220.012902067159303, 5831036.780519299209118 ], [ 467217.722946830908768, 5831026.731409564614296 ], [ 467215.432970588211901, 5831016.682299830950797 ], [ 467213.142935809330083, 5831006.633190097287297 ], [ 467211.938613630190957, 5831001.34807582385838 ], [ 467210.853039109206293, 5830996.584080362692475 ], [ 467208.607483529020101, 5830986.534970629028976 ], [ 467206.62911834276747, 5830976.485860894434154 ], [ 467204.207321771187708, 5830966.436751160770655 ], [ 467201.89753258600831, 5830957.354448814876378 ], [ 467201.633379109727684, 5830956.387641427107155 ], [ 467199.605700517364312, 5830946.338531692512333 ], [ 467198.156702934880741, 5830936.289421958848834 ], [ 467199.51753668487072, 5830926.240312224254012 ], [ 467201.099762455152813, 5830916.19120248965919 ], [ 467201.89753258600831, 5830909.202518041245639 ], [ 467202.26270459278021, 5830906.142092756927013 ], [ 467201.897532585950103, 5830904.859494851902127 ], [ 467199.382759713451378, 5830896.092983022332191 ], [ 467196.499999661347829, 5830886.043873288668692 ], [ 467193.617336034832988, 5830875.994763553142548 ], [ 467191.856451541767456, 5830869.856505976989865 ], [ 467190.734543763916008, 5830865.945653820410371 ], [ 467187.851880137459375, 5830855.896544085815549 ], [ 467184.969128271914087, 5830845.847434353083372 ], [ 467182.08642771281302, 5830835.79832461848855 ], [ 467181.815370497643016, 5830834.853417701087892 ], [ 467179.203727153711952, 5830825.749214883893728 ], [ 467176.320968342712149, 5830815.700105150230229 ], [ 467174.069256822869647, 5830805.650995415635407 ], [ 467181.815370497643016, 5830799.471381040289998 ], [ 467191.856451541767456, 5830797.997621196322143 ], [ 467201.897532586066518, 5830797.077277040109038 ], [ 467211.938613630190957, 5830796.156847200356424 ], [ 467217.99343711475376, 5830795.601885681971908 ], [ 467221.979694674373604, 5830795.236525263637304 ], [ 467232.020775718556251, 5830794.316088723950088 ], [ 467242.061856762738898, 5830793.395773486234248 ], [ 467252.102937806921545, 5830792.475336946547031 ], [ 467262.144018851104192, 5830791.55497286003083 ], [ 467272.185099895345047, 5830790.23374349810183 ], [ 467282.226180939585902, 5830787.447459051385522 ], [ 467288.889360925240908, 5830785.552775948308408 ], [ 467292.267261983710341, 5830784.592265790328383 ], [ 467302.308343027892988, 5830779.377303291112185 ], [ 467305.070910822949372, 5830775.503666212782264 ], [ 467306.268028651946224, 5830765.454556480050087 ], [ 467307.465067630808335, 5830755.405446745455265 ], [ 467308.474758260301314, 5830745.356337011791766 ], [ 467308.899029506079387, 5830735.307227278128266 ], [ 467308.848944928264245, 5830725.258117543533444 ], [ 467308.790349163580686, 5830715.209007809869945 ], [ 467308.503158939420246, 5830705.159898075275123 ], [ 467307.935080696945079, 5830695.110788341611624 ], [ 467308.763883881503716, 5830685.061678607948124 ], [ 467312.349424072075635, 5830677.498654184862971 ], [ 467314.980944965791423, 5830675.012568873353302 ], [ 467322.390505116258282, 5830669.934873338788748 ], [ 467326.853530784836039, 5830664.963459139689803 ], [ 467332.431586160440929, 5830655.378299121744931 ], [ 467332.640422658994794, 5830654.914349405094981 ], [ 467332.431586160440929, 5830654.525171923451126 ], [ 467322.390505116258282, 5830647.611493692733347 ], [ 467312.349424072075635, 5830649.047506863251328 ], [ 467302.308343027892988, 5830654.152035845443606 ], [ 467299.218327109934762, 5830654.914349405094981 ], [ 467292.267261983710341, 5830656.052493342198431 ], [ 467289.506139953969978, 5830654.914349405094981 ], [ 467282.226180939527694, 5830651.913506245240569 ], [ 467272.185099895345047, 5830647.774493284523487 ], [ 467265.127398878976237, 5830644.865239670500159 ], [ 467262.144018851104192, 5830643.635461148805916 ], [ 467252.102937806921545, 5830639.496493227779865 ], [ 467242.061856762738898, 5830635.357464550063014 ], [ 467240.748594592208974, 5830634.816129935905337 ], [ 467232.020775718556251, 5830631.218470181338489 ], [ 467221.979694674373604, 5830627.079475811682642 ], [ 467216.369744019175414, 5830624.767020203173161 ], [ 467211.938613630190957, 5830622.940481442026794 ], [ 467201.89753258600831, 5830618.427751203067601 ], [ 467193.230212592403404, 5830614.717910469509661 ], [ 467191.856451541825663, 5830614.108655361458659 ], [ 467181.815370497643016, 5830611.940313080325723 ], [ 467171.774289453402162, 5830609.793364422395825 ], [ 467161.733208409219515, 5830607.646365838125348 ], [ 467154.982212996692397, 5830604.668800734914839 ], [ 467151.692127365036868, 5830603.212269513867795 ], [ 467141.651046320854221, 5830600.425039792433381 ], [ 467131.609965276671574, 5830600.201311330311 ], [ 467121.568884232488927, 5830599.967772517353296 ], [ 467111.527803188306279, 5830599.532540244981647 ], [ 467101.486722144123632, 5830599.053811395540833 ], [ 467091.445641099940985, 5830598.575073935091496 ], [ 467081.404560055700131, 5830598.076708843931556 ], [ 467071.363479011459276, 5830597.516965654678643 ], [ 467062.150895339727867, 5830594.61969100125134 ], [ 467061.322397967334837, 5830594.367211851291358 ], [ 467051.28131692315219, 5830584.938201360404491 ], [ 467050.889833377790637, 5830584.570581266656518 ], [ 467041.240235878969543, 5830575.509189088828862 ], [ 467040.188394359254744, 5830574.521471532993019 ], [ 467031.199154834845103, 5830566.080188160762191 ], [ 467029.486958284454886, 5830564.472361799329519 ], [ 467021.158073790604249, 5830556.651180262677372 ], [ 467018.785522209655028, 5830554.423252064734697 ], [ 467011.116992746479809, 5830547.222172365523875 ], [ 467008.084086134796962, 5830544.374142331071198 ], [ 467001.075911702238955, 5830537.793164467439055 ], [ 466991.0348306579981, 5830536.779784244485199 ], [ 466980.993749613815453, 5830538.100720039568841 ], [ 466970.952668569632806, 5830539.520765051245689 ], [ 466960.911587525450159, 5830535.156476113945246 ], [ 466960.414211808121763, 5830534.325032596476376 ], [ 466950.870506481267512, 5830525.970584067516029 ], [ 466945.043573151924647, 5830524.275922862812877 ], [ 466940.829425437143072, 5830523.204842510633171 ], [ 466930.788344392902218, 5830521.585892862640321 ], [ 466920.747263348719571, 5830517.80435205809772 ], [ 466910.706182304536924, 5830514.469609927386045 ], [ 466910.368001200782601, 5830514.226813129149377 ], [ 466900.665101260296069, 5830506.035755291581154 ], [ 466898.52787396410713, 5830504.177703393623233 ], [ 466890.624020216113422, 5830497.223309787921607 ], [ 466885.012919446569867, 5830494.128593660891056 ], [ 466880.582939171930775, 5830491.843563399277627 ], [ 466870.541858127748128, 5830488.069147789850831 ], [ 466860.500777083565481, 5830484.294741369783878 ], [ 466859.928123441990465, 5830484.079483926296234 ], [ 466850.459696039382834, 5830480.520336861722171 ], [ 466840.418614995200187, 5830474.855609204620123 ], [ 466839.696859223069623, 5830474.030374192632735 ], [ 466832.854853972909041, 5830463.98126445710659 ], [ 466830.377533950959332, 5830460.646862588822842 ], [ 466824.920294342911802, 5830453.932154724374413 ], [ 466820.336452906834893, 5830448.292095215991139 ], [ 466816.753088743775152, 5830443.883044990710914 ], [ 466810.295371862594038, 5830435.937327843159437 ], [ 466808.796634762664326, 5830433.833935256116092 ], [ 466804.53090688760858, 5830423.784825522452593 ], [ 466801.241404078085907, 5830413.735715787857771 ], [ 466800.354244696791284, 5830403.686606053262949 ], [ 466800.254290818353184, 5830402.2987738577649 ], [ 466799.630491857824381, 5830393.637496320530772 ], [ 466798.906775168434251, 5830383.58838658593595 ], [ 466797.474116956698708, 5830373.539276851341128 ], [ 466793.860767473524902, 5830363.490167117677629 ], [ 466790.430803017807193, 5830353.44105738401413 ], [ 466790.213209774170537, 5830352.59727056697011 ], [ 466787.893120382737834, 5830343.39194765035063 ], [ 466785.207198511634488, 5830333.342837915755808 ], [ 466781.388773309881799, 5830323.293728182092309 ], [ 466780.172128730104305, 5830319.067472143098712 ], [ 466778.508253805804998, 5830313.244618447497487 ], [ 466775.258794554625638, 5830303.195508713833988 ], [ 466770.13104768586345, 5830294.350929429754615 ], [ 466769.501507254375611, 5830293.146398980170488 ], [ 466768.760522326861974, 5830283.097289245575666 ], [ 466768.019499595975503, 5830273.048179511912167 ], [ 466767.278514668461867, 5830262.999069777317345 ], [ 466766.557591643999331, 5830252.949960043653846 ], [ 466765.921705825719982, 5830242.900850309059024 ], [ 466765.309809718281031, 5830232.851740575395525 ], [ 466764.697913610842079, 5830222.802630841732025 ], [ 466764.135920616798103, 5830212.753521107137203 ], [ 466764.085134953202214, 5830202.704411374405026 ], [ 466764.37429277447518, 5830192.655301638878882 ], [ 466764.850599757046439, 5830182.606191905215383 ], [ 466765.430243831535336, 5830172.557082171551883 ], [ 466767.120240639313124, 5830162.507972436957061 ], [ 466768.845541660848539, 5830152.458862703293562 ], [ 466770.13104768586345, 5830144.551695100963116 ], [ 466770.48004502436379, 5830142.409752967767417 ], [ 466772.081200861546677, 5830132.360643235035241 ], [ 466772.970615728525445, 5830122.311533501371741 ], [ 466773.209917744621634, 5830112.262423766776919 ], [ 466773.375776450498961, 5830102.21331403311342 ], [ 466772.97397942841053, 5830092.164204298518598 ], [ 466775.990260382182896, 5830082.115094564855099 ], [ 466779.491316924802959, 5830072.065984830260277 ], [ 466780.172128730046097, 5830070.111830119043589 ], [ 466790.213209774228744, 5830064.10628597997129 ], [ 466800.254290818411391, 5830064.613997483626008 ], [ 466810.295371862594038, 5830065.454997058957815 ], [ 466820.336452906834893, 5830066.359549487009645 ], [ 466830.37753395101754, 5830067.219865201041102 ], [ 466840.418614995200187, 5830071.241585497744381 ], [ 466842.138983055891003, 5830072.065984830260277 ], [ 466850.459696039441042, 5830076.053317400626838 ], [ 466860.500777083565481, 5830080.865076328627765 ], [ 466863.109261651523411, 5830082.115094564855099 ], [ 466870.54185812768992, 5830085.676887203939259 ], [ 466880.582939171930775, 5830090.488567159511149 ], [ 466884.079587054788135, 5830092.164204298518598 ], [ 466890.624020216113422, 5830095.300378034822643 ], [ 466900.665101260296069, 5830100.112161537632346 ], [ 466905.049758558394387, 5830102.21331403311342 ], [ 466910.706182304536924, 5830104.923868866637349 ], [ 466920.747263348719571, 5830109.735679741948843 ], [ 466925.582173386937939, 5830112.262423766776919 ], [ 466930.788344392902218, 5830115.949646325781941 ], [ 466939.983906608831603, 5830122.311533501371741 ], [ 466940.829425437143072, 5830122.766635970212519 ], [ 466950.870506481267512, 5830127.703469386324286 ], [ 466960.342784779903013, 5830132.360643235035241 ], [ 466960.911587525508367, 5830132.640302805230021 ], [ 466970.952668569632806, 5830137.577136222273111 ], [ 466980.781782154343091, 5830142.40975296869874 ], [ 466980.993749613873661, 5830142.513969639316201 ], [ 466991.0348306579981, 5830147.450803058221936 ], [ 467001.075911702238955, 5830152.387636476196349 ], [ 467001.222393221512903, 5830152.458862703293562 ], [ 467011.116992746363394, 5830157.250142520293593 ], [ 467021.158073790604249, 5830162.011737074702978 ], [ 467022.20453305816045, 5830162.507972436025739 ], [ 467031.199154834786896, 5830166.773259708657861 ], [ 467041.240235878969543, 5830171.534919803030789 ], [ 467043.395768043468706, 5830172.557082171551883 ], [ 467051.281316923210397, 5830176.296442436054349 ], [ 467061.322397967334837, 5830178.03744856454432 ], [ 467064.043270003108773, 5830172.557082170620561 ], [ 467069.032282918458804, 5830162.507972437888384 ], [ 467071.363479011517484, 5830157.812489314004779 ], [ 467074.021427748491988, 5830152.458862703293562 ], [ 467079.010440663842019, 5830142.40975296869874 ], [ 467081.404560055700131, 5830137.587530061602592 ], [ 467083.999551402172074, 5830132.360643235035241 ], [ 467087.560656963090878, 5830122.311533501371741 ], [ 467087.918975697364658, 5830112.262423766776919 ], [ 467087.848110925056972, 5830102.21331403311342 ], [ 467087.777246152749285, 5830092.164204298518598 ], [ 467090.730382221518084, 5830082.115094564855099 ], [ 467091.445641099940985, 5830081.374515539035201 ], [ 467100.38343686045846, 5830072.065984830260277 ], [ 467101.486722144123632, 5830070.916935868561268 ], [ 467110.03231627959758, 5830062.016875096596777 ], [ 467111.527803188306279, 5830060.459373274818063 ], [ 467119.681301498960238, 5830051.967765362933278 ], [ 467121.568884232488927, 5830049.539334865286946 ], [ 467128.819416307320353, 5830041.918655628338456 ], [ 467131.609965276671574, 5830036.335759311914444 ], [ 467133.89459550078027, 5830031.869545894674957 ], [ 467138.800133680924773, 5830021.820436160080135 ], [ 467141.651046320796013, 5830015.980310816317797 ], [ 467143.705729135894217, 5830011.771326426416636 ], [ 467148.611362220603041, 5830001.722216692753136 ], [ 467151.692127365036868, 5829995.411319307982922 ], [ 467153.516971218865365, 5829991.673106958158314 ], [ 467158.422495855658781, 5829981.623997224494815 ], [ 467161.733208409219515, 5829974.84205630607903 ], [ 467163.32810788898496, 5829971.574887489899993 ], [ 467168.233590425166767, 5829961.525777756236494 ], [ 467171.774289453343954, 5829954.272129867225885 ], [ 467173.138846960733645, 5829951.476668021641672 ], [ 467178.044200006173924, 5829941.427558287978172 ], [ 467181.815370497643016, 5829933.701755372807384 ], [ 467182.949453499808442, 5829931.378448554314673 ], [ 467187.854756769374944, 5829921.329338819719851 ], [ 467191.856451541767456, 5829913.131380879320204 ], [ 467192.760060038825031, 5829911.280229086056352 ], [ 467197.665363308391534, 5829901.231119352392852 ], [ 467201.89753258600831, 5829892.56100638397038 ], [ 467202.570657693198882, 5829891.18200961779803 ], [ 467207.483342588646337, 5829881.132899884134531 ], [ 467211.938613630190957, 5829872.047240290790796 ], [ 467212.412777270539664, 5829871.083790149539709 ], [ 467217.358463869604748, 5829861.03468041587621 ], [ 467221.979694674373604, 5829851.644830385223031 ], [ 467222.304146164970007, 5829850.985570681281388 ], [ 467226.804356338689104, 5829840.936460947617888 ], [ 467231.117108496720903, 5829830.887351213023067 ], [ 467232.020775718498044, 5829828.781790094450116 ], [ 467235.429997346247546, 5829820.838241479359567 ], [ 467239.742749504221138, 5829810.789131745696068 ], [ 467242.061856762738898, 5829805.385398242622614 ], [ 467244.055528802564368, 5829800.740022011101246 ], [ 467248.36839051177958, 5829790.690912277437747 ], [ 467252.102937806979753, 5829782.439673260785639 ], [ 467252.917083209496923, 5829780.641802543774247 ], [ 467257.498406805621926, 5829770.592692809179425 ], [ 467262.079740615037736, 5829760.543583075515926 ], [ 467262.144018851104192, 5829760.402587148360908 ], [ 467266.661000936757773, 5829750.494473341852427 ], [ 467271.242274100019131, 5829740.445363607257605 ], [ 467272.185099895345047, 5829738.377285081893206 ], [ 467275.823608784936368, 5829730.396253873594105 ], [ 467280.404918664018624, 5829720.347144138999283 ], [ 467282.226180939585902, 5829716.352159533649683 ], [ 467284.986178985738661, 5829710.298034405335784 ], [ 467289.567476079217158, 5829700.248924670740962 ], [ 467292.267261983710341, 5829694.326972515322268 ], [ 467294.148836391337682, 5829690.199814937077463 ], [ 467298.752809126512147, 5829680.150705202482641 ], [ 467302.308343027892988, 5829672.449105651117861 ], [ 467303.389581754454412, 5829670.101595468819141 ], [ 467308.088364598806947, 5829660.052485735155642 ], [ 467312.349424072075635, 5829650.962572793476284 ], [ 467312.799058741016779, 5829650.00337600056082 ], [ 467312.349424072075635, 5829649.362780838273466 ], [ 467302.308343027892988, 5829641.610805919393897 ], [ 467299.094281943631358, 5829639.954266266897321 ], [ 467292.267261983710341, 5829636.435642054304481 ], [ 467282.226180939527694, 5829631.260501058772206 ], [ 467279.596470128628425, 5829629.905156532302499 ], [ 467272.185099895345047, 5829626.085307329893112 ], [ 467262.144018851104192, 5829620.910094891674817 ], [ 467260.098927475279197, 5829619.856046798638999 ], [ 467252.102937806979753, 5829615.734882453456521 ], [ 467242.061856762738898, 5829610.559670015238225 ], [ 467240.601384822104592, 5829609.8069370649755 ], [ 467232.020775718556251, 5829605.385800310410559 ], [ 467221.979694674373604, 5829600.209377630613744 ], [ 467221.103573007043451, 5829599.757827330380678 ], [ 467211.938613630190957, 5829595.037364537827671 ], [ 467201.89753258600831, 5829589.862647242844105 ], [ 467201.598947074904572, 5829589.708717596717179 ], [ 467191.856451541883871, 5829584.689359756186604 ], [ 467182.093781312054489, 5829579.659607863053679 ], [ 467181.815370497643016, 5829579.516169920563698 ], [ 467171.774289453402162, 5829574.343118673190475 ], [ 467162.588346553209703, 5829569.610498128458858 ], [ 467161.733208409219515, 5829569.16992883849889 ], [ 467151.692127365036868, 5829563.996877590194345 ], [ 467143.082911794423126, 5829559.561388394795358 ], [ 467141.651046320854221, 5829558.823687754571438 ], [ 467131.609965276671574, 5829553.650554990395904 ], [ 467123.516385036986321, 5829549.512278661131859 ], [ 467121.568884232488927, 5829548.568906781263649 ], [ 467111.527803188306279, 5829543.853870200924575 ], [ 467102.174118807713967, 5829539.463168926537037 ], [ 467101.486722144123632, 5829539.140503134578466 ], [ 467091.445641099940985, 5829534.427193423733115 ], [ 467081.404560055700131, 5829529.750222525559366 ], [ 467080.653825024375692, 5829529.414059191942215 ], [ 467071.363479011459276, 5829525.253983069211245 ], [ 467061.322397967334837, 5829520.757739179767668 ], [ 467058.211998529499397, 5829519.364949458278716 ], [ 467051.281316923093982, 5829516.261495289392769 ], [ 467041.240235878969543, 5829511.765251399949193 ], [ 467035.770172034681309, 5829509.315839724615216 ], [ 467031.199154834786896, 5829507.269007509574294 ], [ 467021.158073790604249, 5829502.772763619199395 ], [ 467013.328345539863221, 5829499.266729990020394 ], [ 467011.116992746421602, 5829498.276532790623605 ], [ 467001.075911702238955, 5829493.780275838449597 ], [ 466991.0348306579981, 5829489.284031948074698 ], [ 466990.717323614109773, 5829489.217620256356895 ], [ 466980.993749613815453, 5829487.546544337645173 ], [ 466970.952668569632806, 5829487.452115424908698 ], [ 466960.911587525391951, 5829487.357795425690711 ], [ 466950.870506481267512, 5829487.263366512022913 ], [ 466940.829425437084865, 5829487.169046512804925 ], [ 466930.788344392902218, 5829487.074617599137127 ], [ 466920.747263348777778, 5829486.980297600850463 ], [ 466910.706182304536924, 5829486.885868687182665 ], [ 466900.665101260296069, 5829486.791548688896 ], [ 466890.624020216113422, 5829486.69711977429688 ], [ 466880.582939171930775, 5829486.602799775078893 ], [ 466870.541858127806336, 5829486.508370861411095 ], [ 466860.500777083565481, 5829486.414020476862788 ], [ 466850.459696039441042, 5829486.319621949456632 ], [ 466840.418614995200187, 5829486.225269517861307 ], [ 466830.37753395101754, 5829487.542986975051463 ], [ 466826.488220000755973, 5829489.217620256356895 ], [ 466820.336452906834893, 5829492.026070499792695 ], [ 466810.295371862652246, 5829493.372707718983293 ], [ 466800.254290818411391, 5829492.919373301789165 ], [ 466790.213209774228744, 5829492.465870171785355 ], [ 466786.921688255795743, 5829489.217620256356895 ], [ 466780.172128730046097, 5829482.831687372177839 ], [ 466777.904904107563198, 5829479.168510521762073 ], [ 466771.745745700434782, 5829469.119400788098574 ], [ 466770.13104768586345, 5829466.484904894605279 ], [ 466765.58663260191679, 5829459.070291053503752 ], [ 466760.089966641680803, 5829450.101995959877968 ], [ 466759.427885455603246, 5829449.021181319840252 ], [ 466754.033561362710316, 5829438.972071586176753 ], [ 466750.048885597498156, 5829432.22330629080534 ], [ 466748.112303728295956, 5829428.922961851581931 ], [ 466742.75116925133625, 5829418.873852118849754 ], [ 466740.007804553315509, 5829413.470481939613819 ], [ 466737.649099250033032, 5829408.82474238332361 ], [ 466732.547004217864014, 5829398.77563264966011 ], [ 466729.966723509132862, 5829393.693522743880749 ], [ 466727.444886304554529, 5829388.726522915996611 ], [ 466722.588976225350052, 5829378.677413181401789 ], [ 466719.925642464892007, 5829372.936694595962763 ], [ 466717.926838055369444, 5829368.62830344773829 ], [ 466713.264757807482965, 5829358.579193713143468 ], [ 466709.88456142070936, 5829351.29315353743732 ], [ 466708.602696716494393, 5829348.530083979479969 ], [ 466703.838088028714992, 5829338.480974245816469 ], [ 466699.843480376526713, 5829331.430998161435127 ], [ 466698.165117090335116, 5829328.431864511221647 ], [ 466693.524978090135846, 5829318.382754777558148 ], [ 466689.802399332344066, 5829309.806401077657938 ], [ 466689.163141368073411, 5829308.333645042963326 ], [ 466684.801221408590209, 5829298.284535309299827 ], [ 466680.689627149491571, 5829288.235425575636327 ], [ 466679.761318288161419, 5829285.529097686521709 ], [ 466677.242639941512607, 5829278.186315841041505 ], [ 466673.795559050049633, 5829268.137206107378006 ], [ 466670.348571842128877, 5829258.088096372783184 ], [ 466669.720237243978772, 5829256.256342628970742 ], [ 466666.901517249410972, 5829248.038986639119685 ], [ 466663.454503742745146, 5829237.98987690359354 ], [ 466660.007516534766182, 5829227.940767170861363 ], [ 466659.679156199854333, 5829226.98351402208209 ], [ 466656.56046474078903, 5829217.891657437197864 ], [ 466653.113448435324244, 5829207.84254770167172 ], [ 466649.666460962558631, 5829197.793437968939543 ], [ 466649.638075155613478, 5829197.710685414262116 ], [ 466646.21941223210888, 5829187.744328234344721 ], [ 466642.772393127903342, 5829177.695218499749899 ], [ 466639.596994111430831, 5829168.437878324650228 ], [ 466639.27782244910486, 5829167.646108767017722 ], [ 466634.445971572829876, 5829157.5969990324229 ], [ 466629.555913067248184, 5829150.116149524226785 ], [ 466626.66194676363375, 5829147.547889298759401 ], [ 466619.514832022949122, 5829141.205158045515418 ], [ 466615.338504650571849, 5829137.498779564164579 ], [ 466609.473750978824683, 5829132.293968047015369 ], [ 466604.015100152522791, 5829127.44966983050108 ], [ 466599.432669934583828, 5829123.382976569235325 ], [ 466592.663969655754045, 5829117.40056009683758 ], [ 466589.391588890459388, 5829114.764048665761948 ], [ 466580.014189878827892, 5829107.351450362242758 ], [ 466579.350507846276741, 5829106.826835838146508 ], [ 466569.309426802094094, 5829098.889756496995687 ], [ 466567.301210593257565, 5829097.302340628579259 ], [ 466559.268345757969655, 5829090.952677154913545 ], [ 466554.588231307687238, 5829087.253230893984437 ], [ 466549.2272647137288, 5829083.015521500259638 ], [ 466541.875313333817758, 5829077.204121160320938 ], [ 466539.186183669546153, 5829075.07848019246012 ], [ 466529.162501671351492, 5829067.155011425726116 ], [ 466529.145102625363506, 5829067.141258165240288 ], [ 466519.104021581122652, 5829059.204178823158145 ], [ 466516.449522385781165, 5829057.105901692062616 ], [ 466509.062940536998212, 5829051.267099481076002 ], [ 466503.736543100269046, 5829047.056791958399117 ], [ 466499.021859492757358, 5829043.32995302695781 ], [ 466491.023792749503627, 5829037.007682223804295 ], [ 466488.980778448574711, 5829035.385691316798329 ], [ 466478.939697404392064, 5829027.455689444206655 ], [ 466478.3108134639333, 5829026.958572490140796 ], [ 466468.898616360209417, 5829019.48644182831049 ], [ 466465.634764359449036, 5829016.909462755545974 ], [ 466458.85753531602677, 5829011.465848309919238 ], [ 466448.81645427190233, 5829014.397226361557841 ], [ 466445.304267580620944, 5829016.909462755545974 ], [ 466438.775373227603268, 5829021.43285003490746 ], [ 466430.799744367192034, 5829026.958572490140796 ], [ 466428.734292183420621, 5829028.389548671431839 ], [ 466418.693211139237974, 5829035.346159879118204 ], [ 466416.294991659116931, 5829037.007682223804295 ], [ 466408.652130095055327, 5829042.302771087735891 ], [ 466400.002011297619902, 5829047.056791958399117 ], [ 466398.61104905087268, 5829047.756599606014788 ], [ 466396.871757424960379, 5829047.056791958399117 ], [ 466388.569968006690033, 5829043.716549507342279 ], [ 466378.528886962507386, 5829039.67649940866977 ], [ 466370.199100868951064, 5829037.007682223804295 ], [ 466368.487805918324739, 5829036.458478046581149 ], [ 466358.446724874142092, 5829032.162848372012377 ], [ 466349.129930216644425, 5829026.958572490140796 ], [ 466348.405643829901237, 5829026.553992769680917 ], [ 466338.36456278571859, 5829021.089526005089283 ], [ 466331.286797045962885, 5829016.909462755545974 ], [ 466328.323481741535943, 5829016.125256991945207 ], [ 466318.282400697353296, 5829013.718006893992424 ], [ 466308.241319653170649, 5829011.636732456274331 ], [ 466298.200238608988002, 5829009.958915312774479 ], [ 466288.159157564805355, 5829007.772200094535947 ], [ 466286.967487784510013, 5829006.860353021882474 ], [ 466278.118076520622708, 5829000.088967359624803 ], [ 466273.834473463473842, 5828996.811243288218975 ], [ 466268.076995476498269, 5828992.405711209401488 ], [ 466260.701547166449018, 5828986.762133553624153 ], [ 466258.035914432257414, 5828984.722433090209961 ], [ 466247.994833388016559, 5828977.167939577251673 ], [ 466247.423175703384914, 5828976.713023819960654 ], [ 466237.95375234389212, 5828970.006007789634168 ], [ 466233.869693378685042, 5828966.663914085365832 ], [ 466227.912671299651265, 5828962.272075920365751 ], [ 466221.148871277691796, 5828956.614804351702332 ], [ 466217.871590255468618, 5828954.120743127539754 ], [ 466208.169753954512998, 5828946.565694618038833 ], [ 466207.830509211285971, 5828946.302219449542463 ], [ 466197.789428167045116, 5828938.918787421658635 ], [ 466193.37113932124339, 5828936.516584883444011 ], [ 466187.748347122920677, 5828933.460937229916453 ], [ 466177.70726607873803, 5828928.004369120113552 ], [ 466174.879100717953406, 5828926.467475149780512 ], [ 466167.666185034555383, 5828922.54780101031065 ], [ 466157.625103990314528, 5828917.109119989909232 ], [ 466156.344763927394524, 5828916.41836541518569 ], [ 466147.584022946190089, 5828911.705783046782017 ], [ 466137.663361551007256, 5828906.369255681522191 ], [ 466137.542941901949234, 5828906.316122657619417 ], [ 466127.501860857766587, 5828902.115034634247422 ], [ 466117.46077981358394, 5828897.952066429890692 ], [ 466113.524537311517633, 5828896.320145947858691 ], [ 466107.419698769401293, 5828893.789150701835752 ], [ 466097.378617725218646, 5828888.342286540195346 ], [ 466094.363691371399909, 5828886.271036213263869 ], [ 466087.337536680977792, 5828881.42569934297353 ], [ 466079.791619009454735, 5828876.221926480531693 ], [ 466077.296455636853352, 5828874.501226093620062 ], [ 466067.255374592612498, 5828868.338637745007873 ], [ 466063.127737260656431, 5828866.172816745005548 ], [ 466057.21429354842985, 5828863.069961639121175 ], [ 466047.173212504247203, 5828857.8012855341658 ], [ 466043.976071218727157, 5828856.123707011342049 ], [ 466037.132131460006349, 5828852.329563058912754 ], [ 466027.091050415881909, 5828846.243712939321995 ], [ 466026.821274925314356, 5828846.074597276747227 ], [ 466017.04996937175747, 5828840.363800466991961 ], [ 466009.433078125701286, 5828836.02548754401505 ], [ 466007.008888327516615, 5828834.676410643383861 ], [ 465996.967807283275761, 5828829.088532862253487 ], [ 465991.375430980697274, 5828825.976377809420228 ], [ 465986.926726239151321, 5828823.500675496645272 ], [ 465976.885645194910467, 5828817.912788083776832 ], [ 465966.84456415072782, 5828819.2549281809479 ], [ 465962.222523703589104, 5828825.976377809420228 ], [ 465957.149889735097531, 5828836.025487543083727 ], [ 465956.803483106545173, 5828836.52455900143832 ], [ 465946.762402062362526, 5828843.42690131533891 ], [ 465936.721321018179879, 5828844.943597288802266 ], [ 465929.233688199194148, 5828846.074597276747227 ], [ 465926.680239973997232, 5828846.460294884629548 ], [ 465916.639158929814585, 5828847.976997239515185 ], [ 465906.598077885690145, 5828849.493699593469501 ], [ 465896.556996841449291, 5828851.010401949286461 ], [ 465886.515915797208436, 5828852.527104303240776 ], [ 465876.474834753025789, 5828854.043806659057736 ], [ 465866.433753708843142, 5828855.560509013012052 ], [ 465861.753678143431898, 5828856.123707011342049 ], [ 465856.392672664660495, 5828856.667194792069495 ], [ 465855.45706424349919, 5828856.123707011342049 ], [ 465846.351591620477848, 5828850.446425111964345 ], [ 465837.969204066263046, 5828846.074597276747227 ], [ 465836.310510576295201, 5828845.111386962234974 ], [ 465832.779935912112705, 5828846.074597276747227 ], [ 465826.269429532112554, 5828853.219873574562371 ], [ 465823.716055939672515, 5828856.123707011342049 ], [ 465816.228348487929907, 5828865.582028305158019 ], [ 465815.775093085598201, 5828866.172816745005548 ], [ 465808.825117967033293, 5828876.22192647960037 ], [ 465806.18726744374726, 5828879.15229538269341 ], [ 465800.140752663370222, 5828886.271036213263869 ], [ 465796.146186399506405, 5828890.430326745845377 ], [ 465790.489394489326514, 5828896.320145947858691 ], [ 465786.105105355323758, 5828900.885042577981949 ], [ 465780.837294037104584, 5828906.369255681522191 ], [ 465776.064024311141111, 5828911.338611414656043 ], [ 465771.169541248702444, 5828916.41836541518569 ], [ 465766.022943266958464, 5828921.754372358322144 ], [ 465761.464658731478266, 5828926.467475149780512 ], [ 465755.981862222775817, 5828932.136490175500512 ], [ 465751.745646961731836, 5828936.516584883444011 ], [ 465745.94078117859317, 5828942.518607993610203 ], [ 465741.298904505965766, 5828946.565694618038833 ], [ 465735.899700134410523, 5828950.075253317132592 ], [ 465725.858619090227876, 5828954.144145932048559 ], [ 465719.761608484550379, 5828956.614804351702332 ], [ 465715.817538046045229, 5828958.213038546964526 ], [ 465705.776457001804374, 5828962.281931161880493 ], [ 465695.735375957621727, 5828966.35082377679646 ], [ 465694.962741860887036, 5828966.663914085365832 ], [ 465685.69429491343908, 5828970.419676481746137 ], [ 465675.653213869314641, 5828974.4885258609429 ], [ 465670.163755784684326, 5828976.713023819960654 ], [ 465665.612132825073786, 5828978.557482021860778 ], [ 465655.571051780832931, 5828982.439992531202734 ], [ 465645.529970736708492, 5828985.935765772126615 ], [ 465643.013240387022961, 5828986.762133553624153 ], [ 465635.488889692525845, 5828989.010914269834757 ], [ 465625.447808648343198, 5828992.169446056708694 ], [ 465615.406727604102343, 5828994.325339742936194 ], [ 465605.365646559919696, 5828996.202046662569046 ], [ 465595.324565515737049, 5828991.990165634080768 ], [ 465585.512226873019245, 5828986.762133553624153 ], [ 465585.283484471554402, 5828986.640259181149304 ], [ 465575.242403427371755, 5828981.290201332420111 ], [ 465568.851682969136164, 5828976.713023819960654 ], [ 465565.201322383130901, 5828973.740463422611356 ], [ 465559.525160364515614, 5828966.663914084434509 ], [ 465555.160241339006461, 5828960.639364844188094 ], [ 465545.119160294823814, 5828961.005749429576099 ], [ 465536.823049355240073, 5828966.663914085365832 ], [ 465535.078079250641167, 5828967.934221168980002 ], [ 465525.036998206400312, 5828975.243924898095429 ], [ 465523.018988682888448, 5828976.713023820891976 ], [ 465514.995917162159458, 5828982.553772132843733 ], [ 465509.215153662953526, 5828986.762133553624153 ], [ 465504.954836118035018, 5828989.863568670116365 ], [ 465497.745793668087572, 5828996.811243288218975 ], [ 465494.913755073852371, 5828999.512739255093038 ], [ 465488.891132202348672, 5829006.860353021882474 ], [ 465484.872674029669724, 5829011.762881242670119 ], [ 465480.654172552516684, 5829016.909462755545974 ], [ 465474.831592985545285, 5829023.320331952534616 ], [ 465470.196701459819451, 5829026.958572490140796 ], [ 465464.79051194130443, 5829029.151419850066304 ], [ 465454.749430897121783, 5829033.528876215219498 ], [ 465448.94850181293441, 5829037.007682223804295 ], [ 465451.472991536429618, 5829047.056791958399117 ], [ 465453.997481259924825, 5829057.105901692062616 ], [ 465454.749430897063576, 5829060.0991499312222 ], [ 465456.521970983361825, 5829067.155011425726116 ], [ 465459.046460706857033, 5829077.204121160320938 ], [ 465461.570950430352241, 5829087.253230893984437 ], [ 465464.095440153847449, 5829097.302340628579259 ], [ 465464.79051194130443, 5829100.069178060628474 ], [ 465466.619929877342656, 5829107.351450362242758 ], [ 465469.144266703398898, 5829117.40056009683758 ], [ 465471.668756426835898, 5829127.44966983050108 ], [ 465474.240057711082045, 5829137.498779563233256 ], [ 465474.831592985487077, 5829139.942429929971695 ], [ 465476.798633647151291, 5829147.547889298759401 ], [ 465479.711344491341151, 5829157.5969990324229 ], [ 465481.408739531296305, 5829167.646108767017722 ], [ 465478.228641015302856, 5829177.695218500681221 ], [ 465474.831592985487077, 5829185.321218116208911 ], [ 465473.903843999200035, 5829187.744328233413398 ], [ 465468.300411633565091, 5829197.793437968939543 ], [ 465464.79051194130443, 5829203.996106405742466 ], [ 465462.613928868668154, 5829207.84254770167172 ], [ 465456.92757629766129, 5829217.891657437197864 ], [ 465454.749430897179991, 5829221.740859668701887 ], [ 465451.241093532647938, 5829227.940767170861363 ], [ 465445.554621740593575, 5829237.989876904524863 ], [ 465444.708349852939136, 5829239.485417093150318 ], [ 465439.868258196627721, 5829248.038986639119685 ], [ 465434.667268808756489, 5829257.23013611510396 ], [ 465434.181775431672577, 5829258.088096372783184 ], [ 465428.495342834619805, 5829268.137206107378006 ], [ 465424.626187764573842, 5829274.974815849214792 ], [ 465422.80894009565236, 5829278.186315841041505 ], [ 465423.488275140640326, 5829288.235425575636327 ], [ 465424.626187764457427, 5829291.555571012198925 ], [ 465426.932436199625954, 5829298.284535309299827 ], [ 465430.376613130210899, 5829308.333645042963326 ], [ 465433.820661816571373, 5829318.382754777558148 ], [ 465434.667268808756489, 5829321.205171185545623 ], [ 465436.892390539404005, 5829328.431864511221647 ], [ 465439.81903638120275, 5829338.480974245816469 ], [ 465444.227449934114702, 5829348.530083978548646 ], [ 465444.708349852939136, 5829349.614522743970156 ], [ 465448.064644033613149, 5829358.579193713143468 ], [ 465451.000456575071439, 5829368.62830344773829 ], [ 465453.936258741072379, 5829378.677413181401789 ], [ 465454.749430897121783, 5829381.460817042738199 ], [ 465456.872081658104435, 5829388.726522916927934 ], [ 465458.544068626477383, 5829398.77563264966011 ], [ 465458.49284823180642, 5829408.82474238332361 ], [ 465458.237013052566908, 5829418.873852117918432 ], [ 465457.885647746210452, 5829428.922961851581931 ], [ 465457.464526177151129, 5829438.972071586176753 ], [ 465457.043404608091805, 5829449.021181320771575 ], [ 465457.839144866855349, 5829459.070291053503752 ], [ 465454.749430897121783, 5829460.160896492190659 ], [ 465446.847714694507886, 5829469.119400788098574 ], [ 465444.708349852939136, 5829471.280292062088847 ], [ 465434.667268808814697, 5829477.238539064303041 ], [ 465431.881398253666703, 5829479.168510521762073 ], [ 465424.626187764573842, 5829484.19471288472414 ], [ 465417.375733521766961, 5829489.217620256356895 ], [ 465414.585106720332988, 5829491.13098100759089 ], [ 465404.544025676208548, 5829497.005537661723793 ], [ 465399.600758962682448, 5829499.266729990020394 ], [ 465394.502944631967694, 5829501.375798156484962 ], [ 465384.461863587843254, 5829507.4519904544577 ], [ 465377.996801621688064, 5829509.315839724615216 ], [ 465374.4207825436024, 5829510.03510083630681 ], [ 465364.379701499361545, 5829512.073521913029253 ], [ 465356.718777808651794, 5829519.364949458278716 ], [ 465354.338620455237105, 5829522.253894153982401 ], [ 465347.396406437153928, 5829529.414059191942215 ], [ 465344.297539411054458, 5829532.283860603347421 ], [ 465334.256458366871811, 5829536.838486370630562 ], [ 465331.934008260606788, 5829539.463168926537037 ], [ 465324.215377322630957, 5829548.186265248805285 ], [ 465323.042054483667016, 5829549.512278660200536 ], [ 465314.17429627844831, 5829559.534044127911329 ], [ 465314.150100511149503, 5829559.561388394795358 ], [ 465305.258146929903887, 5829569.610498128458858 ], [ 465304.133215234265663, 5829570.881823007017374 ], [ 465296.366193152964115, 5829579.659607863053679 ], [ 465294.092134190083016, 5829582.229601885192096 ], [ 465288.047432472521905, 5829589.708717596717179 ], [ 465284.051053145842161, 5829595.507886854931712 ], [ 465277.585442401003093, 5829599.757827330380678 ], [ 465274.009972101717722, 5829600.914280903525651 ], [ 465263.968891057535075, 5829604.161924919113517 ], [ 465253.927810013352428, 5829607.409621887840331 ], [ 465246.515900521655567, 5829609.8069370649755 ], [ 465243.886728969111573, 5829610.657318855635822 ], [ 465233.845647924928926, 5829613.904984464868903 ], [ 465223.804566880746279, 5829617.152659839019179 ], [ 465215.446358642424457, 5829619.856046798638999 ], [ 465213.763485836563632, 5829620.400356806814671 ], [ 465205.199601282831281, 5829629.905156532302499 ], [ 465203.722404792380985, 5829631.135665442794561 ], [ 465197.559213096275926, 5829639.954266266897321 ], [ 465193.681323748198338, 5829644.022438818588853 ], [ 465187.143713532830589, 5829650.00337600056082 ], [ 465183.640242704015691, 5829652.174501643516123 ], [ 465173.599161659833044, 5829659.366755816154182 ], [ 465172.714199115580413, 5829660.052485735155642 ], [ 465163.558080615650397, 5829665.851220920681953 ], [ 465155.512273101485334, 5829670.101595468819141 ], [ 465153.516999571409542, 5829671.383296287618577 ], [ 465143.475918527226895, 5829674.88384220469743 ], [ 465133.434837483044248, 5829677.358186623081565 ], [ 465125.632200703781564, 5829680.150705202482641 ], [ 465123.393756438861601, 5829681.885325577110052 ], [ 465113.352675394678954, 5829686.499443614855409 ], [ 465106.952790943323635, 5829690.199814937077463 ], [ 465103.311594350496307, 5829694.41756048053503 ], [ 465095.148821870039683, 5829700.248924670740962 ], [ 465093.27051330631366, 5829704.350237598642707 ], [ 465091.2564365240396, 5829710.298034405335784 ], [ 465083.229432262131013, 5829718.457721972838044 ], [ 465082.230984678841196, 5829720.347144138999283 ], [ 465073.188351217948366, 5829729.838673939928412 ], [ 465072.81546901765978, 5829730.396253873594105 ], [ 465067.701159789110534, 5829740.445363607257605 ], [ 465063.147270173707511, 5829744.92249371483922 ], [ 465059.440233285131399, 5829750.494473340921104 ], [ 465053.106189129524864, 5829759.868025272153318 ], [ 465052.602153283543885, 5829760.543583075515926 ], [ 465044.796729004592635, 5829770.592692809179425 ], [ 465043.06510808528401, 5829772.594658344984055 ], [ 465033.066500176151749, 5829780.641802543774247 ], [ 465033.02402704115957, 5829780.682999438606203 ], [ 465022.982945996976923, 5829790.422329468652606 ], [ 465022.706042753299698, 5829790.690912277437747 ], [ 465012.941864952794276, 5829797.999054477550089 ], [ 465002.900783908669837, 5829800.356291270814836 ], [ 465001.198144740774296, 5829800.740022011101246 ], [ 464992.859702864428982, 5829803.01251738332212 ], [ 464982.818621820246335, 5829805.379601242020726 ], [ 464972.77754077600548, 5829807.421527789905667 ], [ 464962.736459731822833, 5829809.531887672841549 ], [ 464957.523590877070092, 5829810.789131745696068 ], [ 464952.695378687640186, 5829815.34168451372534 ], [ 464944.246879644808359, 5829820.838241479359567 ], [ 464942.654297643457539, 5829822.65769081749022 ], [ 464935.450906621059403, 5829830.887351213954389 ], [ 464932.613216599274892, 5829834.12927021831274 ], [ 464927.224550690734759, 5829840.936460947617888 ], [ 464922.572135555092245, 5829848.109788844361901 ], [ 464921.501913069747388, 5829850.985570681281388 ], [ 464915.307613810116891, 5829861.03468041587621 ], [ 464912.531054510851391, 5829863.342919792979956 ], [ 464902.489973466726951, 5829869.217892039567232 ], [ 464897.26335161481984, 5829871.083790149539709 ], [ 464892.448892422602512, 5829879.292613806203008 ], [ 464891.779581355163828, 5829881.132899883203208 ], [ 464888.167950891074724, 5829891.18200961779803 ], [ 464884.548673416895326, 5829901.231119353324175 ], [ 464882.40781137830345, 5829907.228095702826977 ], [ 464880.961239301366732, 5829911.280229085125029 ], [ 464877.373984728124924, 5829921.329338819719851 ], [ 464873.969866127474234, 5829931.378448554314673 ], [ 464872.366730334120803, 5829937.189314251765609 ], [ 464871.212886050052475, 5829941.427558287978172 ], [ 464868.476884379808325, 5829951.476668022572994 ], [ 464865.740882709622383, 5829961.525777756236494 ], [ 464863.071213729621377, 5829971.574887489899993 ], [ 464862.325649289996363, 5829974.649167951196432 ], [ 464860.634136512700934, 5829981.623997224494815 ], [ 464858.197238690569066, 5829991.673106959089637 ], [ 464855.760161473648623, 5830001.722216692753136 ], [ 464853.323084256669972, 5830011.771326426416636 ], [ 464852.284568245755509, 5830013.360831501893699 ], [ 464846.4661423106445, 5830021.820436160080135 ], [ 464842.243487201514654, 5830027.58251672424376 ], [ 464839.101801584649365, 5830031.869545894674957 ], [ 464833.187619340838864, 5830041.918655628338456 ], [ 464832.202406157390215, 5830043.741289671510458 ], [ 464828.986464913759846, 5830051.967765362933278 ], [ 464825.057976974057965, 5830062.016875096596777 ], [ 464822.161325113265775, 5830069.821522751823068 ], [ 464821.111997521598823, 5830072.065984830260277 ], [ 464812.12024406902492, 5830081.363850017078221 ], [ 464811.393732593336608, 5830082.115094564855099 ], [ 464802.079163024842273, 5830091.746765691787004 ], [ 464801.675467664957978, 5830092.164204298518598 ], [ 464802.079163024842273, 5830092.98323973082006 ], [ 464808.839874301280361, 5830102.21331403311342 ], [ 464810.742527775815688, 5830112.262423766776919 ], [ 464804.371196369524114, 5830122.311533501371741 ], [ 464802.079163024784066, 5830125.788215800188482 ], [ 464797.746262409491464, 5830132.360643235966563 ], [ 464792.038081980659626, 5830141.019185164012015 ], [ 464791.121337940916419, 5830142.40975296869874 ], [ 464784.496374077512883, 5830152.458862703293562 ], [ 464781.997000936418772, 5830156.250049414113164 ], [ 464777.871410214109346, 5830162.507972436957061 ], [ 464771.955919892236125, 5830168.684375947341323 ], [ 464765.516827796003781, 5830172.557082171551883 ], [ 464761.914838848053478, 5830174.347163171507418 ], [ 464751.873757803929038, 5830179.304883025586605 ], [ 464743.156802982732188, 5830182.606191905215383 ], [ 464741.832676759688184, 5830183.264883424155414 ], [ 464731.791595715447329, 5830188.106657985597849 ], [ 464721.83506413543364, 5830192.655301638878882 ], [ 464721.75051467132289, 5830192.776645773090422 ], [ 464715.512996207224205, 5830202.704411373473704 ], [ 464711.70943362719845, 5830208.992455150932074 ], [ 464709.434409749577753, 5830212.753521107137203 ], [ 464703.355948146083392, 5830222.802630841732025 ], [ 464701.668352582957596, 5830225.592602916993201 ], [ 464697.277386911795475, 5830232.851740575395525 ], [ 464698.523708788037766, 5830242.900850309059024 ], [ 464701.668352582957596, 5830245.116851482540369 ], [ 464711.709433627082035, 5830252.192696649581194 ], [ 464712.784044179366902, 5830252.949960043653846 ], [ 464721.75051467132289, 5830259.268509460613132 ], [ 464727.044444779749028, 5830262.999069778248668 ], [ 464731.791595715563744, 5830266.344273428432643 ], [ 464741.295593745657243, 5830273.04817951284349 ], [ 464731.791595715563744, 5830280.190829456783831 ], [ 464721.75051467132289, 5830283.069818289019167 ], [ 464721.577730630873702, 5830283.097289245575666 ], [ 464711.709433627140243, 5830284.060068895108998 ], [ 464701.668352582957596, 5830285.014359310269356 ], [ 464691.627271538716741, 5830286.392985449172556 ], [ 464681.586190494534094, 5830288.151643306016922 ], [ 464671.545109450351447, 5830289.284629153087735 ], [ 464661.504028406227008, 5830290.417820512317121 ], [ 464651.462947361986153, 5830291.72083186917007 ], [ 464649.855579406139441, 5830293.146398980170488 ], [ 464641.421866317745298, 5830300.413633420132101 ], [ 464638.978996639023535, 5830303.195508712902665 ], [ 464631.380785273620859, 5830312.365489136427641 ], [ 464630.652342025830876, 5830313.244618447497487 ], [ 464622.325702795526013, 5830323.293728182092309 ], [ 464621.339704229438212, 5830324.352201893925667 ], [ 464611.298623185255565, 5830332.879158551804721 ], [ 464610.61557691701455, 5830333.342837915755808 ], [ 464601.25754214101471, 5830338.818600298836827 ], [ 464593.179312162217684, 5830343.391947649419308 ], [ 464591.216461096773855, 5830344.417042168788612 ], [ 464581.175380052649416, 5830349.825160161592066 ], [ 464577.331769553769846, 5830353.44105738401413 ], [ 464571.134299008524977, 5830361.322773928754032 ], [ 464569.664079734124243, 5830363.490167117677629 ], [ 464562.847414029587526, 5830373.539276852272451 ], [ 464561.093217964284122, 5830376.125307841226459 ], [ 464556.030748325050808, 5830383.58838658593595 ], [ 464551.052136920101475, 5830390.927732047624886 ], [ 464549.213980727130547, 5830393.637496320530772 ], [ 464542.397315022535622, 5830403.686606054194272 ], [ 464541.011055875918828, 5830413.153965511359274 ], [ 464540.946838677395135, 5830413.735715787857771 ], [ 464540.261727202101611, 5830423.784825522452593 ], [ 464539.576615726808086, 5830433.833935257047415 ], [ 464538.891504251398146, 5830443.883044990710914 ], [ 464538.206392776046414, 5830453.932154724374413 ], [ 464537.521307997521944, 5830463.981264458969235 ], [ 464536.836201763246208, 5830474.030374192632735 ], [ 464536.15109552902868, 5830484.079483926296234 ], [ 464534.120692477561533, 5830494.128593660891056 ], [ 464530.969974831677973, 5830501.148487915284932 ], [ 464528.245686100446619, 5830504.177703394554555 ], [ 464520.928893787553534, 5830512.313284339383245 ], [ 464519.207948125898838, 5830514.2268131300807 ], [ 464517.182188430102542, 5830524.275922862812877 ], [ 464520.437987985962536, 5830534.325032596476376 ], [ 464520.928893787553534, 5830535.840300306677818 ], [ 464523.693628053297289, 5830544.374142331071198 ], [ 464526.979895022173878, 5830554.423252064734697 ], [ 464530.536523105052765, 5830564.472361799329519 ], [ 464530.969974831677973, 5830565.656468132510781 ], [ 464534.282713720225729, 5830574.521471532993019 ], [ 464538.059286309289746, 5830584.570581266656518 ], [ 464541.011055875918828, 5830592.409819409251213 ], [ 464541.843156087212265, 5830594.61969100125134 ], [ 464545.627194682427216, 5830604.668800734914839 ], [ 464551.052136920101475, 5830611.672230388969183 ], [ 464553.355363963055424, 5830614.717910469509661 ], [ 464561.093217964284122, 5830618.397482013329864 ], [ 464571.134299008466769, 5830623.728553112596273 ], [ 464573.056908727972768, 5830624.767020203173161 ], [ 464581.175380052649416, 5830629.152083490043879 ], [ 464591.216461096832063, 5830634.575539294630289 ], [ 464591.510116673423909, 5830634.81612993683666 ], [ 464601.25754214101471, 5830642.554688481613994 ], [ 464603.767671650159173, 5830644.865239671431482 ], [ 464611.298623185255565, 5830651.797411482781172 ], [ 464614.684792638407089, 5830654.914349405094981 ], [ 464621.339704229496419, 5830661.04013448394835 ], [ 464625.601913626655005, 5830664.963459139689803 ], [ 464631.380785273620859, 5830670.282857485115528 ], [ 464636.519034614786506, 5830675.01256887242198 ], [ 464641.421866317803506, 5830679.525580486282706 ], [ 464647.436155603034422, 5830685.061678607016802 ], [ 464651.462947361986153, 5830688.873501773923635 ], [ 464657.509665109566413, 5830695.110788341611624 ], [ 464661.5040284061688, 5830699.367456533014774 ], [ 464666.939527452457696, 5830705.159898075275123 ], [ 464671.545109450351447, 5830710.067884528078139 ], [ 464676.36946360510774, 5830715.209007809869945 ], [ 464681.586190494534094, 5830720.768310697749257 ], [ 464688.804403016343713, 5830725.258117543533444 ], [ 464691.627271538716741, 5830727.06696701887995 ], [ 464700.320195802836679, 5830725.258117543533444 ], [ 464701.668352582957596, 5830725.01303802523762 ], [ 464711.70943362719845, 5830719.816640188917518 ], [ 464721.271444527083077, 5830715.209007809869945 ], [ 464721.75051467132289, 5830715.027782056480646 ], [ 464722.330074395285919, 5830715.209007809869945 ], [ 464731.791595715563744, 5830718.167583531700075 ], [ 464741.832676759688184, 5830721.307385006919503 ], [ 464751.873757803870831, 5830724.447181996889412 ], [ 464757.173217243864201, 5830725.258117543533444 ], [ 464761.914838848053478, 5830725.964506627991796 ], [ 464771.955919892236125, 5830727.334109362214804 ], [ 464781.997000936418772, 5830729.24723157659173 ], [ 464790.623232370358892, 5830735.307227278128266 ], [ 464792.038081980659626, 5830736.585294004529715 ], [ 464801.747916933498345, 5830745.356337011791766 ], [ 464802.079163024842273, 5830745.655556692741811 ], [ 464812.12024406902492, 5830754.725899922661483 ], [ 464812.872524895996321, 5830755.405446745455265 ], [ 464817.274093794520013, 5830765.454556480050087 ], [ 464819.005291822599247, 5830775.503666212782264 ], [ 464820.736423610127531, 5830785.552775949239731 ], [ 464822.161325113207567, 5830793.82392190117389 ], [ 464822.467621638264973, 5830795.601885681971908 ], [ 464824.198819666402414, 5830805.65099541656673 ], [ 464825.92997631552862, 5830815.700105150230229 ], [ 464827.661149481893517, 5830825.749214883893728 ], [ 464828.474458632816095, 5830835.79832461848855 ], [ 464822.16132511314936, 5830842.392659896984696 ], [ 464817.000862381129991, 5830845.84743435215205 ], [ 464812.12024406902492, 5830849.114891238510609 ], [ 464802.079163024784066, 5830855.837062887847424 ], [ 464801.990314820897765, 5830855.896544085815549 ], [ 464792.038081980659626, 5830862.559325244277716 ], [ 464786.979835301579442, 5830865.945653820410371 ], [ 464781.997000936418772, 5830870.035638105124235 ], [ 464771.955919892236125, 5830875.553445920348167 ], [ 464771.094358463538811, 5830875.99476355407387 ], [ 464771.955919892236125, 5830876.539739187806845 ], [ 464781.997000936418772, 5830879.256299963220954 ], [ 464792.038081980659626, 5830879.407803675159812 ], [ 464802.079163024900481, 5830881.011351317167282 ], [ 464812.12024406902492, 5830882.614898959174752 ], [ 464822.16132511314936, 5830884.218446601182222 ], [ 464832.202406157390215, 5830885.821994244121015 ], [ 464833.591724895173684, 5830886.043873288668692 ], [ 464842.243487201631069, 5830887.425589880906045 ], [ 464852.284568245755509, 5830889.029137522913516 ], [ 464862.325649289938156, 5830890.632685165852308 ], [ 464872.366730334120803, 5830892.236232807859778 ], [ 464875.685631071450189, 5830896.092983022332191 ], [ 464882.40781137830345, 5830904.446019693277776 ], [ 464883.766609999001957, 5830906.142092756927013 ], [ 464891.817434264172334, 5830916.19120248965919 ], [ 464892.448892422544304, 5830916.979398149065673 ], [ 464899.868217413430102, 5830926.240312224254012 ], [ 464902.489973466726951, 5830929.51282792724669 ], [ 464907.919022793532349, 5830936.289421958848834 ], [ 464912.531054510851391, 5830942.046206383965909 ], [ 464915.969824827974662, 5830946.338531692512333 ], [ 464922.572135555092245, 5830954.579636163078249 ], [ 464924.02060797723243, 5830956.387641427107155 ], [ 464932.071430023992434, 5830966.436751160770655 ], [ 464932.613216599274892, 5830967.113014618866146 ], [ 464940.122215391718782, 5830976.485860894434154 ], [ 464942.654297643515747, 5830979.646444397047162 ], [ 464948.17299854097655, 5830986.534970629028976 ], [ 464952.695378687640186, 5830992.179845346137881 ], [ 464956.223822806263342, 5830996.584080362692475 ], [ 464952.695378687698394, 5831002.258408893831074 ], [ 464950.012899966095574, 5831006.633190097287297 ], [ 464942.654297643399332, 5831015.481591903604567 ], [ 464941.655752105463762, 5831016.682299830950797 ], [ 464942.654297643457539, 5831024.519027195870876 ], [ 464943.931989464792423, 5831026.731409564614296 ], [ 464952.695378687640186, 5831035.439810178242624 ], [ 464954.053826733957976, 5831036.780519299209118 ], [ 464962.736459731822833, 5831043.364273644983768 ], [ 464967.905047869600821, 5831046.829629032872617 ], [ 464972.777540776063688, 5831050.059397838078439 ], [ 464982.818621820246335, 5831056.715343119576573 ], [ 464983.065123716020025, 5831056.878738767467439 ], [ 464992.859702864428982, 5831063.37114969547838 ], [ 464998.225408817001153, 5831066.927848501130939 ], [ 465002.900783908611629, 5831070.026956270448864 ], [ 465012.941864952794276, 5831076.682901551946998 ], [ 465013.385484663420357, 5831076.97695823572576 ], [ 465022.982945996918716, 5831083.338708127848804 ], [ 465028.545769764401484, 5831087.026067970320582 ], [ 465033.02402704115957, 5831089.994555676355958 ], [ 465043.065108085342217, 5831096.650459984317422 ], [ 465043.705845610762481, 5831097.075177703052759 ], [ 465053.106189129524864, 5831104.071476139128208 ], [ 465056.840517978183925, 5831107.124287437647581 ], [ 465063.147270173707511, 5831112.646702034398913 ], [ 465068.316882847866509, 5831117.17339717131108 ], [ 465073.188351218006574, 5831121.313265790231526 ], [ 465080.874356127576903, 5831127.222506905905902 ], [ 465083.229432262131013, 5831129.018493407405913 ], [ 465093.27051330631366, 5831136.675845008343458 ], [ 465094.051748325873632, 5831137.271616639569402 ], [ 465103.311594350496307, 5831144.333196610212326 ], [ 465107.234405600931495, 5831147.320726373232901 ], [ 465113.352675394620746, 5831151.82640462461859 ], [ 465123.393756438861601, 5831157.307556915096939 ], [ 465123.480341784539632, 5831157.369836107827723 ], [ 465133.43483748298604, 5831164.530018703080714 ], [ 465137.451189356215764, 5831167.418945841491222 ], [ 465143.475918527226895, 5831171.752418929710984 ], [ 465151.422238289087545, 5831177.468055576086044 ], [ 465153.516999571409542, 5831178.974777519702911 ], [ 465163.558080615650397, 5831186.197136107832193 ], [ 465165.359829171269666, 5831187.517165308818221 ], [ 465173.599161659833044, 5831193.797180836088955 ], [ 465178.322754484019242, 5831197.566275043413043 ], [ 465183.640242704073898, 5831201.809255925938487 ], [ 465190.916599116462748, 5831207.615384778007865 ], [ 465193.681323748198338, 5831209.821481695398688 ], [ 465203.510528597107623, 5831217.664494511671364 ], [ 465203.722404792380985, 5831217.83355678524822 ], [ 465213.763485836563632, 5831225.845754547975957 ], [ 465216.306892608874477, 5831227.713604245334864 ], [ 465223.804566880746279, 5831233.240032345056534 ], [ 465230.256203617202118, 5831237.762713979929686 ], [ 465233.845647924928926, 5831240.378233538009226 ], [ 465243.886728969111573, 5831247.77849646192044 ], [ 465243.931948495039251, 5831247.811823713593185 ], [ 465253.927810013352428, 5831255.178760427981615 ], [ 465257.56712864903966, 5831257.860933448188007 ], [ 465263.968891057535075, 5831262.579023873433471 ], [ 465271.202308803098276, 5831267.910043181851506 ], [ 465274.009972101775929, 5831270.0322384564206 ], [ 465283.362283833499532, 5831277.959152916446328 ], [ 465284.051053145900369, 5831278.789205070585012 ], [ 465291.700938656867947, 5831288.008262650109828 ], [ 465294.092134190141223, 5831290.889948823489249 ], [ 465300.039593480236363, 5831298.057372384704649 ], [ 465304.133215234265663, 5831303.030511267483234 ], [ 465308.230146399582736, 5831308.106482118368149 ], [ 465314.17429627844831, 5831314.913681727834046 ], [ 465318.508867611992173, 5831318.155591852031648 ], [ 465324.215377322630957, 5831321.200942879542708 ], [ 465334.256458366813604, 5831320.45503624714911 ], [ 465344.297539411054458, 5831324.772446413524449 ], [ 465349.466657055891119, 5831328.20470158662647 ], [ 465354.338620455237105, 5831331.766133241355419 ], [ 465363.601826087979134, 5831338.253811320289969 ], [ 465364.379701499419753, 5831338.692945837043226 ], [ 465374.4207825436024, 5831344.361525455489755 ], [ 465381.402410434326157, 5831348.302921054884791 ], [ 465384.461863587726839, 5831350.030076151713729 ], [ 465394.502944631967694, 5831355.698672967962921 ], [ 465399.202994780614972, 5831358.352030788548291 ], [ 465404.544025676150341, 5831361.367206465452909 ], [ 465414.585106720332988, 5831367.035820478573442 ], [ 465417.003579126903787, 5831368.40114052221179 ], [ 465424.626187764515635, 5831372.704336780123413 ], [ 465434.667268808756489, 5831378.372967990115285 ], [ 465434.80416347325081, 5831378.450250256806612 ], [ 465444.708349852939136, 5831384.041467094793916 ], [ 465452.604798581334762, 5831388.499359991401434 ], [ 465454.749430897121783, 5831389.710099336691201 ], [ 465464.79051194130443, 5831395.378597408533096 ], [ 465470.405436929431744, 5831398.548469724133611 ], [ 465474.831592985487077, 5831401.047229650430381 ], [ 465484.826495891029481, 5831408.597579458728433 ], [ 465484.872674029727932, 5831408.638499873690307 ], [ 465494.913755073852371, 5831417.695776583626866 ], [ 465496.039868072140962, 5831418.646689192391932 ], [ 465504.954836118035018, 5831425.717846907675266 ], [ 465509.231557474471629, 5831428.695798926986754 ], [ 465514.995917162275873, 5831432.709677240811288 ], [ 465523.663156670576427, 5831438.744908660650253 ], [ 465525.036998206400312, 5831439.701537311077118 ], [ 465535.078079250641167, 5831446.693456429056823 ], [ 465538.094692083774135, 5831448.794018395245075 ], [ 465545.119160294823814, 5831453.827396543696523 ], [ 465551.956227807677351, 5831458.843128128908575 ], [ 465555.160241339006461, 5831461.210102647542953 ], [ 465565.201322383130901, 5831468.166324252262712 ], [ 465566.159222356800456, 5831468.892237862572074 ], [ 465575.242403427371755, 5831475.677299549803138 ], [ 465579.423993169562891, 5831478.941347597166896 ], [ 465585.283484471496195, 5831483.51505683735013 ], [ 465592.298154593328945, 5831488.990457330830395 ], [ 465595.324565515795257, 5831491.352800667285919 ], [ 465605.172123839671258, 5831499.039567065425217 ], [ 465605.365646559919696, 5831499.190623975358903 ], [ 465615.406727604102343, 5831507.028332540765405 ], [ 465618.046285263437312, 5831509.088676799088717 ], [ 465625.447808648343198, 5831514.866127348504961 ], [ 465630.920254509779625, 5831519.137786533683538 ], [ 465635.488889692467637, 5831522.736236362718046 ], [ 465643.5482306809281, 5831529.186896266415715 ], [ 465645.529970736708492, 5831530.780223965644836 ], [ 465655.571051780891139, 5831538.85344922170043 ], [ 465656.046866074262653, 5831539.236006001010537 ], [ 465665.612132825073786, 5831546.926522430032492 ], [ 465668.54563533293549, 5831549.285115735605359 ], [ 465675.653213869198225, 5831554.999747686088085 ], [ 465681.044325976341497, 5831559.334225469268858 ], [ 465685.69429491343908, 5831563.072820893488824 ], [ 465693.543002661201172, 5831569.383335204795003 ], [ 465695.735375957621727, 5831571.146046149544418 ], [ 465705.776457001804374, 5831579.219119356945157 ], [ 465706.041780881292652, 5831579.43244493752718 ], [ 465715.817538046045229, 5831587.292344613000751 ], [ 465718.54042127187131, 5831589.481554670259356 ], [ 465725.858619090169668, 5831595.36541782040149 ], [ 465731.03914820967475, 5831599.530664405785501 ], [ 465735.899700134410523, 5831603.438643077388406 ], [ 465743.537881173950154, 5831609.579774139449 ], [ 465745.94078117859317, 5831611.511716284789145 ], [ 465755.850072454020847, 5831619.628883874043822 ], [ 465755.981862222834025, 5831619.73636422213167 ], [ 465766.022943266958464, 5831628.135574930347502 ], [ 465767.866872593585867, 5831629.677993607707322 ], [ 465776.064024311141111, 5831636.534682348370552 ], [ 465779.880554448522162, 5831639.727103341370821 ], [ 465786.105105355323758, 5831644.933844966813922 ], [ 465791.894055330834817, 5831649.776213075965643 ], [ 465796.146186399506405, 5831653.478044006973505 ], [ 465802.309813832107466, 5831659.825322809629142 ], [ 465806.187267443689052, 5831663.954518113285303 ], [ 465811.746266693226062, 5831669.874432544223964 ], [ 465816.228348487929907, 5831674.647511205635965 ], [ 465821.18271955428645, 5831679.923542277887464 ], [ 465826.269429532112554, 5831685.340504297986627 ], [ 465830.619172415288631, 5831689.972652012482285 ], [ 465836.310510576295201, 5831696.033497391268611 ], [ 465840.055625276407227, 5831700.021761746145785 ], [ 465846.351591620477848, 5831706.72649048268795 ], [ 465849.492078137467615, 5831710.070871479809284 ], [ 465856.392672664602287, 5831717.419483575969934 ], [ 465858.928530998469796, 5831720.119981214404106 ], [ 465866.433753708843142, 5831728.112347088754177 ], [ 465868.36510742502287, 5831730.169090948067605 ], [ 465876.474834753025789, 5831738.8053297419101 ], [ 465877.801569498493336, 5831740.218200682662427 ], [ 465886.515915797208436, 5831749.498312395066023 ], [ 465887.238031571963802, 5831750.267310416325927 ], [ 465896.556996841449291, 5831760.191295048221946 ], [ 465896.674493645492475, 5831760.316420149989426 ], [ 465906.110948296845891, 5831770.365529884584248 ], [ 465906.598077885631938, 5831770.882684651762247 ], [ 465915.782188140321523, 5831780.41463961917907 ], [ 465916.639158929756377, 5831781.262503736652434 ], [ 465925.86574998346623, 5831790.463749352842569 ], [ 465926.680239973997232, 5831791.362095205113292 ], [ 465934.880213195632678, 5831800.512859087437391 ], [ 465936.721321018179879, 5831802.737137184478343 ], [ 465943.258935726771597, 5831810.561968820169568 ], [ 465946.762402062420733, 5831814.802813872694969 ], [ 465951.560678265057504, 5831820.61107855476439 ], [ 465956.803483106545173, 5831826.957440646365285 ], [ 465959.862413946189918, 5831830.660188288427889 ], [ 465966.84456415072782, 5831839.111879929900169 ], [ 465968.394551658362616, 5831840.709298023022711 ], [ 465976.885645194910467, 5831846.002935346215963 ], [ 465986.458026785170659, 5831850.758407756686211 ], [ 465986.926726239209529, 5831850.938129710964859 ], [ 465996.967807283275761, 5831854.385061978362501 ], [ 466007.008888327516615, 5831857.832081787288189 ], [ 466017.049969371699262, 5831859.690451533533633 ], [ 466025.06294026307296, 5831860.807517489418387 ], [ 466027.091050415881909, 5831861.090250678360462 ] ] ] } },
{ "type": "Feature", "properties": { "id": 2, "cost_level": 900.0 }, "geometry": { "type": "Polygon", "coordinates": [ [ [ 466147.584022946131881, 5831501.404421494342387 ], [ 466157.625103990314528, 5831505.0448711309582 ], [ 466167.666185034555383, 5831500.773483570665121 ], [ 466169.893349373189267, 5831499.039567065425217 ], [ 466177.707266078796238, 5831492.26354007050395 ], [ 466182.449404740589671, 5831488.990457329899073 ], [ 466187.748347122920677, 5831485.110753376036882 ], [ 466196.910736407735385, 5831478.941347597166896 ], [ 466197.789428167161532, 5831478.358340611681342 ], [ 466207.830509211285971, 5831471.556374603882432 ], [ 466211.772270220506471, 5831468.892237862572074 ], [ 466217.871590255468618, 5831464.764209529384971 ], [ 466226.638113999157213, 5831458.843128128908575 ], [ 466227.912671299651265, 5831457.981076942756772 ], [ 466237.953752343833912, 5831451.264091433957219 ], [ 466241.658157280529849, 5831448.794018395245075 ], [ 466247.994833388016559, 5831444.568806292489171 ], [ 466256.729105673381127, 5831438.744908660650253 ], [ 466258.035914432199206, 5831437.873537108302116 ], [ 466268.076995476440061, 5831431.178209791891277 ], [ 466271.799903633655049, 5831428.695798926055431 ], [ 466278.118076520622708, 5831424.482924527488649 ], [ 466286.870852026622742, 5831418.646689191460609 ], [ 466288.159157564805355, 5831417.751120430417359 ], [ 466298.200238608988002, 5831409.275479720905423 ], [ 466298.907924285158515, 5831408.59757945779711 ], [ 466308.241319653112441, 5831399.657012509182096 ], [ 466309.398569317010697, 5831398.548469725064933 ], [ 466318.282400697353296, 5831390.038644909858704 ], [ 466319.582967716793064, 5831388.499359990470111 ], [ 466328.323481741477735, 5831380.057750741019845 ], [ 466329.276148028089665, 5831378.450250256806612 ], [ 466336.666526441462338, 5831368.40114052221179 ], [ 466338.36456278571859, 5831366.750875697471201 ], [ 466343.719593506073579, 5831358.352030788548291 ], [ 466348.405643829959445, 5831351.654769536107779 ], [ 466350.613680366775952, 5831348.302921054884791 ], [ 466357.233550440520048, 5831338.253811320289969 ], [ 466358.446724874142092, 5831336.412185597233474 ], [ 466364.26752101641614, 5831328.20470158662647 ], [ 466368.487805918324739, 5831321.832108634524047 ], [ 466372.651048381521832, 5831318.155591852031648 ], [ 466378.528886962507386, 5831312.964932797476649 ], [ 466384.030536859121639, 5831308.106482118368149 ], [ 466388.569968006690033, 5831304.379392478615046 ], [ 466398.545047601743136, 5831298.057372384704649 ], [ 466398.61104905087268, 5831298.01428930554539 ], [ 466408.652130095055327, 5831290.685232972726226 ], [ 466412.035156742611434, 5831288.008262650109828 ], [ 466410.701958325807936, 5831277.959152916446328 ], [ 466408.652130095055327, 5831269.565933803096414 ], [ 466408.269665828382131, 5831267.910043181851506 ], [ 466408.652130095055327, 5831266.577383672818542 ], [ 466410.53082430944778, 5831257.860933448188007 ], [ 466415.19695483869873, 5831247.811823713593185 ], [ 466418.693211139179766, 5831240.282187968492508 ], [ 466419.863078684196807, 5831237.762713979929686 ], [ 466424.529158530640416, 5831227.713604246266186 ], [ 466428.734292183420621, 5831218.657310329377651 ], [ 466429.324857550731394, 5831217.664494511671364 ], [ 466438.775373227661476, 5831209.465922513976693 ], [ 466441.137530544539914, 5831207.615384778007865 ], [ 466448.816454271844123, 5831201.813853370025754 ], [ 466457.113343800941948, 5831197.566275043413043 ], [ 466458.85753531602677, 5831196.721270783804357 ], [ 466468.898616360151209, 5831191.856750635430217 ], [ 466478.939697404392064, 5831190.544054477475584 ], [ 466486.450314784655347, 5831197.566275043413043 ], [ 466488.980778448574711, 5831199.932188933715224 ], [ 466497.198269584216177, 5831207.615384777076542 ], [ 466499.021859492757358, 5831209.320406198501587 ], [ 466505.719383179966826, 5831207.615384778007865 ], [ 466509.062940536940005, 5831206.755969850346446 ], [ 466519.104021581180859, 5831197.671716641634703 ], [ 466519.238522010738961, 5831197.566275043413043 ], [ 466529.145102625305299, 5831189.800012151710689 ], [ 466532.057083147228695, 5831187.517165309749544 ], [ 466539.186183669487946, 5831181.928257280960679 ], [ 466544.875594205805101, 5831177.468055576086044 ], [ 466549.2272647137288, 5831174.056572418659925 ], [ 466557.694089870026801, 5831167.418945841491222 ], [ 466559.268345757911447, 5831166.184808094054461 ], [ 466569.309426802035887, 5831158.284053997136652 ], [ 466570.458691205712967, 5831157.369836108759046 ], [ 466579.350507846276741, 5831150.330697510391474 ], [ 466583.129680616199039, 5831147.320726373232901 ], [ 466589.391588890459388, 5831142.357256222516298 ], [ 466595.769026362278964, 5831137.271616639569402 ], [ 466599.432669934642036, 5831134.363984683528543 ], [ 466608.377284308837261, 5831127.22250690497458 ], [ 466609.473750978824683, 5831123.102844316512346 ], [ 466610.479821473476477, 5831117.17339717131108 ], [ 466609.473750978824683, 5831115.899918680079281 ], [ 466603.361476061749272, 5831107.124287437647581 ], [ 466599.432669934642036, 5831101.483547408133745 ], [ 466596.36221644555917, 5831097.075177703052759 ], [ 466597.526525303721428, 5831087.02606796938926 ], [ 466599.432669934642036, 5831083.751395236700773 ], [ 466605.170798909151927, 5831076.97695823572576 ], [ 466609.473750978824683, 5831072.62809114344418 ], [ 466612.780213504447602, 5831066.927848501130939 ], [ 466618.884067935927305, 5831056.878738767467439 ], [ 466619.51483202300733, 5831055.873641693964601 ], [ 466623.907030638016295, 5831046.829629032872617 ], [ 466628.787351742619649, 5831036.780519299209118 ], [ 466629.555913067248184, 5831035.197968289256096 ], [ 466633.667672847223002, 5831026.731409564614296 ], [ 466638.547993951768149, 5831016.682299830950797 ], [ 466639.596994111430831, 5831014.522294886410236 ], [ 466643.428315056371503, 5831006.633190097287297 ], [ 466648.308636160916649, 5830996.584080362692475 ], [ 466649.638075155613478, 5830993.846621483564377 ], [ 466653.18895726557821, 5830986.534970629960299 ], [ 466658.069278370065149, 5830976.485860894434154 ], [ 466659.679156199796125, 5830973.170948079787195 ], [ 466662.949599474668503, 5830966.436751160770655 ], [ 466667.829920579213649, 5830956.387641427107155 ], [ 466669.720237243978772, 5830952.389423526823521 ], [ 466672.405985487916041, 5830946.338531691581011 ], [ 466674.436365989618935, 5830936.289421958848834 ], [ 466679.761318288161419, 5830926.733885922469199 ], [ 466680.138041620492004, 5830926.240312225185335 ], [ 466689.446400625573006, 5830916.191202490590513 ], [ 466689.802399332344066, 5830915.861321864649653 ], [ 466699.843480376526713, 5830906.857392989099026 ], [ 466700.668962316121906, 5830906.142092757858336 ], [ 466709.523998930701055, 5830896.092983022332191 ], [ 466709.88456142070936, 5830895.632384410127997 ], [ 466717.390570680552628, 5830886.043873289600015 ], [ 466719.925642464950215, 5830883.080700570717454 ], [ 466726.42145951394923, 5830875.99476355407387 ], [ 466729.966723509132862, 5830872.389960532076657 ], [ 466740.007804553257301, 5830868.056628219783306 ], [ 466747.296809411374852, 5830865.945653820410371 ], [ 466750.048885597498156, 5830865.148622882552445 ], [ 466760.089966641622595, 5830859.407393781468272 ], [ 466770.131047685805243, 5830857.903426103293896 ], [ 466780.172128730046097, 5830858.71089293435216 ], [ 466790.213209774228744, 5830859.308622168377042 ], [ 466800.254290818411391, 5830857.750089643523097 ], [ 466810.295371862652246, 5830857.559657436795533 ], [ 466820.336452906834893, 5830857.479267009533942 ], [ 466824.983343249885365, 5830855.896544085815549 ], [ 466830.37753395101754, 5830853.783038985915482 ], [ 466840.418614995200187, 5830850.57007644046098 ], [ 466850.459696039382834, 5830848.225910511799157 ], [ 466860.500777083565481, 5830846.976546611636877 ], [ 466869.625987874693237, 5830845.84743435215205 ], [ 466870.541858127748128, 5830845.713531598448753 ], [ 466880.582939171930775, 5830844.078368426300585 ], [ 466890.624020216113422, 5830842.062299613840878 ], [ 466900.665101260296069, 5830839.51462659984827 ], [ 466910.706182304536924, 5830836.149564700201154 ], [ 466911.726770005945582, 5830835.79832461848855 ], [ 466920.747263348719571, 5830832.693879202008247 ], [ 466930.788344392902218, 5830829.238193705677986 ], [ 466940.829425437084865, 5830825.782597947865725 ], [ 466940.926425596757326, 5830825.749214883893728 ], [ 466950.870506481267512, 5830822.020108072087169 ], [ 466958.521710796863772, 5830815.700105150230229 ], [ 466960.911587525450159, 5830813.682066302746534 ], [ 466970.408220628101844, 5830805.650995415635407 ], [ 466970.952668569632806, 5830805.204178612679243 ], [ 466980.473943868360948, 5830795.601885681971908 ], [ 466977.14614038693253, 5830785.552775948308408 ], [ 466973.978079802880529, 5830775.503666213713586 ], [ 466970.952668569632806, 5830766.87096481770277 ], [ 466970.443685510021169, 5830765.454556480050087 ], [ 466966.333240211824887, 5830755.405446745455265 ], [ 466962.222736169293057, 5830745.356337011791766 ], [ 466960.911587525450159, 5830742.150896485894918 ], [ 466958.112282048270572, 5830735.307227278128266 ], [ 466954.001790253503714, 5830725.258117543533444 ], [ 466950.870506481267512, 5830717.602887948974967 ], [ 466949.89132388465805, 5830715.209007809869945 ], [ 466945.780878586519975, 5830705.159898076206446 ], [ 466941.670371379936114, 5830695.110788341611624 ], [ 466940.829425437084865, 5830693.054879412055016 ], [ 466937.559920422965661, 5830685.061678607948124 ], [ 466933.578615942038596, 5830675.012568873353302 ], [ 466930.788344392902218, 5830667.020157990977168 ], [ 466930.047109542007092, 5830664.963459139689803 ], [ 466930.788344392902218, 5830664.158306943252683 ], [ 466939.645480029052123, 5830654.914349405094981 ], [ 466930.788344392902218, 5830647.087927382439375 ], [ 466929.540797380439471, 5830644.865239671431482 ], [ 466920.747263348777778, 5830637.832529475912452 ], [ 466918.661079934390727, 5830634.816129937767982 ], [ 466913.07987682602834, 5830624.767020203173161 ], [ 466910.706182304536924, 5830620.515421747229993 ], [ 466905.752852905425243, 5830614.717910469509661 ], [ 466900.665101260296069, 5830610.010144807398319 ], [ 466890.624020216113422, 5830606.083982777781785 ], [ 466885.774858155811671, 5830604.668800734914839 ], [ 466880.582939171930775, 5830603.153585342690349 ], [ 466870.541858127806336, 5830597.71011869981885 ], [ 466862.320380693709012, 5830594.61969100125134 ], [ 466860.500777083565481, 5830593.93570616748184 ], [ 466850.459696039382834, 5830590.161286774091423 ], [ 466840.418614995200187, 5830586.386885656043887 ], [ 466835.58669300598558, 5830584.570581266656518 ], [ 466830.377533950959332, 5830582.612470295280218 ], [ 466820.336452906834893, 5830578.838050902821124 ], [ 466810.295371862652246, 5830575.063653816469014 ], [ 466808.853005318320356, 5830574.521471532061696 ], [ 466800.254290818411391, 5830571.289234424009919 ], [ 466790.213209774228744, 5830567.514830585569143 ], [ 466781.262473491136916, 5830564.472361799329519 ], [ 466780.172128730046097, 5830564.042855219915509 ], [ 466770.152265484794043, 5830554.423252063803375 ], [ 466770.131047685805243, 5830554.396338039077818 ], [ 466761.98571590310894, 5830544.374142331071198 ], [ 466760.089966641680803, 5830542.041562738828361 ], [ 466753.818538062565494, 5830534.325032596476376 ], [ 466750.048885597498156, 5830529.686769139021635 ], [ 466745.651332463370636, 5830524.275922862812877 ], [ 466740.007804553315509, 5830517.331978166475892 ], [ 466737.484154622885399, 5830514.226813129149377 ], [ 466729.966723509132862, 5830504.977200239896774 ], [ 466729.31694902369054, 5830504.177703393623233 ], [ 466721.149771183088887, 5830494.128593660891056 ], [ 466719.925642464892007, 5830491.786506447009742 ], [ 466717.302711711265147, 5830484.079483926296234 ], [ 466716.578976947057527, 5830474.030374192632735 ], [ 466715.855224107974209, 5830463.981264458037913 ], [ 466715.131480713840574, 5830453.932154724374413 ], [ 466714.407736504799686, 5830443.883044991642237 ], [ 466713.683990504941903, 5830433.83393525518477 ], [ 466712.960248901450541, 5830423.784825522452593 ], [ 466712.23650029610144, 5830413.735715787857771 ], [ 466711.512761298217811, 5830403.686606055125594 ], [ 466709.88456142070936, 5830395.877951866947114 ], [ 466709.388930474058725, 5830393.637496320530772 ], [ 466706.330847952165641, 5830383.58838658593595 ], [ 466701.514994046301581, 5830373.539276852272451 ], [ 466699.843480376526713, 5830369.351376949809492 ], [ 466697.603297249064781, 5830363.490167117677629 ], [ 466692.077597374329343, 5830353.44105738401413 ], [ 466689.802399332344066, 5830350.103311948478222 ], [ 466685.227560825762339, 5830343.39194765035063 ], [ 466679.761318288161419, 5830333.792900145985186 ], [ 466679.55984493624419, 5830333.342837915755808 ], [ 466678.822575044119731, 5830323.293728182092309 ], [ 466678.162010323314462, 5830313.244618447497487 ], [ 466677.717438030522317, 5830303.195508713833988 ], [ 466677.868901101930533, 5830293.146398980170488 ], [ 466678.158072728430852, 5830283.097289245575666 ], [ 466678.447232775972225, 5830273.048179511912167 ], [ 466678.736390107427724, 5830262.999069777317345 ], [ 466679.025547438766807, 5830252.949960043653846 ], [ 466679.314721781411208, 5830242.900850309059024 ], [ 466679.603879112808499, 5830232.851740575395525 ], [ 466679.761318288161419, 5830227.380243305116892 ], [ 466679.89303666743217, 5830222.802630841732025 ], [ 466680.182210786908399, 5830212.753521107137203 ], [ 466680.471368118305691, 5830202.704411373473704 ], [ 466681.098479048989248, 5830192.655301639810205 ], [ 466680.91017235344043, 5830182.606191905215383 ], [ 466681.975699824863113, 5830172.557082172483206 ], [ 466683.673514157941099, 5830162.507972436957061 ], [ 466685.274652985739522, 5830152.458862703293562 ], [ 466685.759304102277383, 5830142.40975296869874 ], [ 466685.398697231721599, 5830132.360643235035241 ], [ 466681.916226035333239, 5830122.311533501371741 ], [ 466679.761318288161419, 5830116.093275489285588 ], [ 466678.433754839003086, 5830112.262423766776919 ], [ 466674.951283642556518, 5830102.21331403311342 ], [ 466671.468815947941039, 5830092.164204299449921 ], [ 466669.720237243978772, 5830087.118470078334212 ], [ 466667.986341249779798, 5830082.115094564855099 ], [ 466664.829301433695946, 5830072.065984830260277 ], [ 466667.47477681125747, 5830062.016875096596777 ], [ 466669.720237243978772, 5830055.571718476712704 ], [ 466670.975836540805176, 5830051.967765362933278 ], [ 466674.476883901748806, 5830041.918655628338456 ], [ 466677.977932497917209, 5830031.869545894674957 ], [ 466679.761318288161419, 5830026.75068449601531 ], [ 466681.47899222758133, 5830021.820436161011457 ], [ 466681.571891226572916, 5830011.771326426416636 ], [ 466679.761318288161419, 5830008.082833796739578 ], [ 466676.639077754050959, 5830001.722216692753136 ], [ 466671.706290282425471, 5829991.673106958158314 ], [ 466669.720237243978772, 5829982.326372777111828 ], [ 466669.560429434350226, 5829981.623997224494815 ], [ 466669.587323550833389, 5829971.574887489899993 ], [ 466669.614190563326702, 5829961.525777756236494 ], [ 466669.641084828879684, 5829951.476668022572994 ], [ 466669.667951692361385, 5829941.427558287978172 ], [ 466669.720237243978772, 5829940.707464115694165 ], [ 466671.341841206769459, 5829931.378448554314673 ], [ 466679.761318288161419, 5829927.762848142534494 ], [ 466689.802399332344066, 5829923.450906268320978 ], [ 466694.742825555149466, 5829921.329338820651174 ], [ 466699.843480376526713, 5829919.138964395970106 ], [ 466709.884561420767568, 5829914.827022523619235 ], [ 466718.143810967158061, 5829911.280229086056352 ], [ 466719.925642464950215, 5829910.515052028931677 ], [ 466729.966723509132862, 5829906.203110156580806 ], [ 466740.007804553373717, 5829901.891168283298612 ], [ 466741.544839375070296, 5829901.231119352392852 ], [ 466750.048885597498156, 5829897.579226410016418 ], [ 466760.089966641680803, 5829893.267261853441596 ], [ 466764.945812959515024, 5829891.18200961779803 ], [ 466770.13104768586345, 5829888.955314042046666 ], [ 466780.172128730046097, 5829884.643372169695795 ], [ 466790.213209774228744, 5829883.115600252524018 ], [ 466794.072416742099449, 5829881.132899884134531 ], [ 466800.254290818411391, 5829877.836967926472425 ], [ 466810.295371862710454, 5829872.483454401604831 ], [ 466812.920600426965393, 5829871.083790149539709 ], [ 466820.336452906834893, 5829867.047036964446306 ], [ 466830.37753395101754, 5829861.300000596791506 ], [ 466830.834104268986266, 5829861.034680416807532 ], [ 466840.418614995200187, 5829855.319662587717175 ], [ 466846.56072235974716, 5829850.985570681281388 ], [ 466850.459696039382834, 5829848.1172448489815 ], [ 466860.220726931700483, 5829840.936460947617888 ], [ 466860.500777083565481, 5829840.730439714156091 ], [ 466870.541858127748128, 5829839.087215661071241 ], [ 466880.582939171930775, 5829839.879726474173367 ], [ 466890.624020216113422, 5829840.526292239315808 ], [ 466900.665101260296069, 5829838.672472854144871 ], [ 466903.993825739598833, 5829830.887351213954389 ], [ 466908.290575246326625, 5829820.838241478428245 ], [ 466910.706182304536924, 5829815.188691658899188 ], [ 466912.587324752879795, 5829810.789131745696068 ], [ 466916.884008737280965, 5829800.740022011101246 ], [ 466910.706182304536924, 5829795.997234573587775 ], [ 466900.665101260296069, 5829795.697418047115207 ], [ 466890.624020216113422, 5829795.413890227675438 ], [ 466880.582939171930775, 5829795.68481176905334 ], [ 466870.541858127748128, 5829792.156750989146531 ], [ 466863.581287165288813, 5829790.690912277437747 ], [ 466860.500777083507273, 5829790.085378711111844 ], [ 466854.402171664347406, 5829790.690912277437747 ], [ 466850.459696039382834, 5829791.084137764759362 ], [ 466840.418614995200187, 5829792.270892633125186 ], [ 466836.100603354978375, 5829790.690912277437747 ], [ 466830.37753395101754, 5829787.310611585155129 ], [ 466820.336452906834893, 5829783.590652018785477 ], [ 466810.295371862594038, 5829786.448258927091956 ], [ 466800.254290818411391, 5829789.458477240987122 ], [ 466790.213209774228744, 5829787.922042646445334 ], [ 466780.172128730046097, 5829785.913816478103399 ], [ 466773.037001176620834, 5829780.641802543774247 ], [ 466773.058363110991195, 5829770.592692809179425 ], [ 466770.13104768586345, 5829765.390561861917377 ], [ 466760.549449267622549, 5829760.543583075515926 ], [ 466760.089966641680803, 5829760.310914020985365 ], [ 466750.048885597498156, 5829755.861449703574181 ], [ 466740.007804553315509, 5829751.54037868231535 ], [ 466737.577383888128679, 5829750.494473340921104 ], [ 466729.966723509132862, 5829747.219307663850486 ], [ 466719.925642464950215, 5829742.898197849281132 ], [ 466714.225873289164156, 5829740.445363607257605 ], [ 466709.88456142070936, 5829738.577126828022301 ], [ 466699.843480376526713, 5829734.256055808626115 ], [ 466690.874272541143, 5829730.396253874525428 ], [ 466689.802399332344066, 5829729.934983008541167 ], [ 466679.761318288161419, 5829725.613874973729253 ], [ 466669.720237243978772, 5829721.292803954333067 ], [ 466667.522761942236684, 5829720.347144138999283 ], [ 466659.679156199796125, 5829715.000331457704306 ], [ 466655.32063336763531, 5829710.298034405335784 ], [ 466649.851276464585681, 5829700.248924670740962 ], [ 466649.638075155613478, 5829699.857199759222567 ], [ 466644.381919561477844, 5829690.19981493614614 ], [ 466639.596994111430831, 5829681.408243684098125 ], [ 466638.912562658428214, 5829680.150705202482641 ], [ 466633.443205755436793, 5829670.101595468819141 ], [ 466629.555913067306392, 5829662.959287609905005 ], [ 466627.973848852328956, 5829660.052485735155642 ], [ 466622.504491949162912, 5829650.00337600056082 ], [ 466619.51483202300733, 5829644.510331535711884 ], [ 466617.035120979417115, 5829639.954266266897321 ], [ 466611.565733050229028, 5829629.905156532302499 ], [ 466609.473750978824683, 5829626.061480116099119 ], [ 466606.096364279976115, 5829619.856046798638999 ], [ 466600.627007376926485, 5829609.8069370649755 ], [ 466599.432669934642036, 5829607.786302681080997 ], [ 466594.899625771678984, 5829599.757827330380678 ], [ 466589.391588890459388, 5829590.491626021452248 ], [ 466588.896518382825889, 5829589.708717596717179 ], [ 466582.760873397579417, 5829579.659607863053679 ], [ 466579.350507846276741, 5829574.387329977937043 ], [ 466574.960603118524887, 5829569.610498128458858 ], [ 466569.309426802094094, 5829563.46122594922781 ], [ 466565.72544867079705, 5829559.561388394795358 ], [ 466559.268345757911447, 5829552.53521482180804 ], [ 466556.490269793546759, 5829549.512278660200536 ], [ 466549.2272647137288, 5829541.609110793098807 ], [ 466547.255145819392055, 5829539.463168926537037 ], [ 466539.186183669546153, 5829530.683006763458252 ], [ 466538.019128759391606, 5829529.414059191942215 ], [ 466529.145102625305299, 5829521.828089000657201 ], [ 466525.709022622322664, 5829519.364949458278716 ], [ 466519.104021581122652, 5829514.630182158201933 ], [ 466511.690513146633748, 5829509.315839724615216 ], [ 466509.062940536940005, 5829507.43227531760931 ], [ 466499.021859492757358, 5829500.234368475154042 ], [ 466497.672003670944832, 5829499.266729990020394 ], [ 466488.980778448516503, 5829492.844999472610652 ], [ 466484.09021118178498, 5829489.217620256356895 ], [ 466478.939697404392064, 5829485.333802448585629 ], [ 466470.763613308430649, 5829479.168510521762073 ], [ 466468.898616360209417, 5829477.76219388935715 ], [ 466458.85753531602677, 5829470.190632288344204 ], [ 466457.436928293667734, 5829469.119400788098574 ], [ 466448.816454271844123, 5829467.988025712780654 ], [ 466446.622480026970152, 5829469.119400787167251 ], [ 466438.775373227603268, 5829474.051544729620218 ], [ 466428.734292183420621, 5829478.419766985811293 ], [ 466427.39801991492277, 5829479.168510522693396 ], [ 466418.693211139237974, 5829484.046011500060558 ], [ 466409.463512267917395, 5829489.217620256356895 ], [ 466408.652130095055327, 5829489.672256015241146 ], [ 466398.61104905087268, 5829490.247010034509003 ], [ 466388.569968006690033, 5829490.501807603985071 ], [ 466378.528886962507386, 5829490.756606990471482 ], [ 466368.487805918324739, 5829491.011414615437388 ], [ 466358.446724874142092, 5829491.266212183982134 ], [ 466348.405643829901237, 5829491.521012474782765 ], [ 466338.36456278571859, 5829491.515049701556563 ], [ 466335.200303956633434, 5829489.217620256356895 ], [ 466337.142217989312485, 5829479.168510521762073 ], [ 466338.36456278571859, 5829472.843099884688854 ], [ 466339.084143612068146, 5829469.119400788098574 ], [ 466341.026056797418278, 5829459.070291053503752 ], [ 466338.816849215945695, 5829449.021181320771575 ], [ 466338.364562785776798, 5829448.043699934147298 ], [ 466331.855745160835795, 5829438.972071586176753 ], [ 466328.323481741535943, 5829434.048999099060893 ], [ 466324.645575850503519, 5829428.922961851581931 ], [ 466318.282400697353296, 5829420.054362758994102 ], [ 466317.435394165106118, 5829418.873852117918432 ], [ 466310.225241804495454, 5829408.82474238332361 ], [ 466308.241319653170649, 5829406.059661923907697 ], [ 466303.01508944388479, 5829398.77563264966011 ], [ 466298.200238608988002, 5829392.064961089752614 ], [ 466295.804926044365857, 5829388.726522915996611 ], [ 466288.594740455504507, 5829378.677413181401789 ], [ 466288.159157564805355, 5829378.070324748754501 ], [ 466281.384586087428033, 5829368.62830344773829 ], [ 466278.118076520622708, 5829364.075623914599419 ], [ 466273.124693374964409, 5829358.579193713143468 ], [ 466268.076995476381853, 5829351.99098005797714 ], [ 466261.541411358281039, 5829348.530083979479969 ], [ 466258.035914432257414, 5829346.673760145902634 ], [ 466247.994833388016559, 5829341.356540233828127 ], [ 466242.564513242105022, 5829338.480974245816469 ], [ 466237.953752343833912, 5829336.039378214627504 ], [ 466227.912671299651265, 5829330.722176882438362 ], [ 466223.587626913096756, 5829328.431864511221647 ], [ 466217.871590255526826, 5829325.404956970363855 ], [ 466207.830509211285971, 5829320.087737057358027 ], [ 466204.610760590177961, 5829318.382754777558148 ], [ 466197.789428167103324, 5829314.668120762333274 ], [ 466187.748347122920677, 5829309.132807996124029 ], [ 466186.310710687946994, 5829308.333645042963326 ], [ 466177.707266078679822, 5829303.549558458849788 ], [ 466168.238930953666568, 5829298.284535309299827 ], [ 466167.666185034555383, 5829297.966050540097058 ], [ 466157.625103990314528, 5829292.382542621344328 ], [ 466150.167151219444349, 5829288.235425575636327 ], [ 466147.584022946190089, 5829286.799034702591598 ], [ 466137.542941901949234, 5829284.764190660789609 ], [ 466133.257435653358698, 5829288.235425575636327 ], [ 466127.50186085770838, 5829293.574258513748646 ], [ 466124.265781152993441, 5829298.284535309299827 ], [ 466117.46077981358394, 5829303.035470554605126 ], [ 466107.419698769401293, 5829303.363809234462678 ], [ 466097.378617725218646, 5829302.359971480444074 ], [ 466087.337536681035999, 5829301.356095936149359 ], [ 466077.296455636853352, 5829300.352258183062077 ], [ 466067.255374592612498, 5829299.348420428112149 ], [ 466057.21429354842985, 5829298.344544884748757 ], [ 466056.614036181359552, 5829298.284535309299827 ], [ 466047.173212504247203, 5829297.270198181271553 ], [ 466037.132131460064556, 5829293.72819684818387 ], [ 466031.280760084744543, 5829288.235425575636327 ], [ 466027.091050415881909, 5829283.056294064037502 ], [ 466023.509022448211908, 5829278.186315841041505 ], [ 466017.049969371699262, 5829270.182799581438303 ], [ 466015.418573774804827, 5829268.137206107378006 ], [ 466008.522546966851223, 5829258.088096372783184 ], [ 466007.008888327516615, 5829256.357618408277631 ], [ 466005.357671847450547, 5829258.088096372783184 ], [ 465996.967807283392176, 5829263.181513231247663 ], [ 465992.147765601170249, 5829268.137206107378006 ], [ 465986.926726239151321, 5829273.505182004533708 ], [ 465982.373728146310896, 5829278.186315841041505 ], [ 465976.885645194910467, 5829284.764698803424835 ], [ 465973.925795615883544, 5829288.235425575636327 ], [ 465966.984744794142898, 5829298.284535309299827 ], [ 465966.84456415072782, 5829298.653679650276899 ], [ 465956.803483106545173, 5829304.666108555160463 ], [ 465946.762402062420733, 5829304.322194789536297 ], [ 465936.721321018179879, 5829300.931337881833315 ], [ 465928.914897833834402, 5829298.284535309299827 ], [ 465926.680239973997232, 5829297.330478212796152 ], [ 465916.639158929814585, 5829292.630614797584713 ], [ 465908.49126580695156, 5829288.235425575636327 ], [ 465909.977299987105653, 5829278.186315841041505 ], [ 465911.463265896541998, 5829268.137206107378006 ], [ 465912.949285022390541, 5829258.088096372783184 ], [ 465914.440388818504289, 5829248.038986639119685 ], [ 465915.954923359444365, 5829237.989876904524863 ], [ 465916.639158929814585, 5829233.465824615210295 ], [ 465917.47479750419734, 5829227.940767170861363 ], [ 465916.639158929872792, 5829227.413735128939152 ], [ 465906.59807788557373, 5829221.37731315381825 ], [ 465900.375911121838726, 5829217.891657436266541 ], [ 465896.556996841449291, 5829215.813939976505935 ], [ 465886.515915797208436, 5829211.28972184099257 ], [ 465879.22094329004176, 5829207.842547703534365 ], [ 465876.474834753025789, 5829206.504902735352516 ], [ 465866.433753708843142, 5829202.276434025727212 ], [ 465856.392672664660495, 5829198.83478613011539 ], [ 465853.354517224011943, 5829197.793437968939543 ], [ 465846.351591620477848, 5829195.735079262405634 ], [ 465836.310510576236993, 5829193.499015042558312 ], [ 465826.269429532112554, 5829193.35792534891516 ], [ 465816.228348487988114, 5829195.922046737745404 ], [ 465814.434662109182682, 5829197.793437968939543 ], [ 465807.35225082852412, 5829207.842547702603042 ], [ 465806.18726744374726, 5829209.796208107843995 ], [ 465802.034790079342201, 5829217.891657437197864 ], [ 465798.919961760868318, 5829227.940767170861363 ], [ 465796.146186399506405, 5829236.889566312544048 ], [ 465795.805133442452643, 5829237.989876905456185 ], [ 465792.915415401221253, 5829248.038986639119685 ], [ 465790.905377988528926, 5829258.088096372783184 ], [ 465787.967894378525671, 5829268.137206107378006 ], [ 465786.105105355323758, 5829274.509793598204851 ], [ 465785.030410768580623, 5829278.186315841041505 ], [ 465782.092927158635575, 5829288.235425575636327 ], [ 465779.228178987861611, 5829298.284535309299827 ], [ 465776.064024311082903, 5829306.017761212773621 ], [ 465775.116188671730924, 5829308.333645042963326 ], [ 465771.983887351525482, 5829318.382754777558148 ], [ 465770.916468197363429, 5829328.431864511221647 ], [ 465770.007808191818185, 5829338.480974245816469 ], [ 465769.099148186272942, 5829348.530083979479969 ], [ 465766.862410658795852, 5829358.579193713143468 ], [ 465766.022943266958464, 5829360.368514152243733 ], [ 465761.773284809431061, 5829368.62830344773829 ], [ 465755.981862222834025, 5829377.02734399586916 ], [ 465754.844083699281327, 5829378.677413182333112 ], [ 465747.914934137661476, 5829388.726522915996611 ], [ 465745.940781178651378, 5829391.589548450894654 ], [ 465740.98573302756995, 5829398.77563264966011 ], [ 465735.899700134410523, 5829406.151678146794438 ], [ 465733.981902946135961, 5829408.82474238332361 ], [ 465726.121775440697093, 5829418.873852117918432 ], [ 465725.858619090227876, 5829419.187215426005423 ], [ 465715.817538046045229, 5829428.006470564752817 ], [ 465714.774075148336124, 5829428.922961851581931 ], [ 465705.776457001804374, 5829436.82572356890887 ], [ 465700.276680277078412, 5829438.972071586176753 ], [ 465695.735375957621727, 5829440.275915914215147 ], [ 465685.69429491343908, 5829442.695468564517796 ], [ 465675.653213869256433, 5829445.115014683455229 ], [ 465665.612132825015578, 5829447.527368910610676 ], [ 465657.363655651221052, 5829449.021181319840252 ], [ 465655.571051780891139, 5829449.318549502640963 ], [ 465645.529970736708492, 5829450.984225939027965 ], [ 465635.488889692525845, 5829452.649902374483645 ], [ 465625.447808648343198, 5829454.315578810870647 ], [ 465615.406727604102343, 5829455.981255245395005 ], [ 465605.365646559919696, 5829458.300414551980793 ], [ 465603.653480900335126, 5829459.070291053503752 ], [ 465595.324565515737049, 5829463.229092940688133 ], [ 465585.283484471554402, 5829467.896911266259849 ], [ 465583.324947739834897, 5829469.119400788098574 ], [ 465575.242403427371755, 5829474.164404830895364 ], [ 465570.979314833064564, 5829479.168510522693396 ], [ 465565.201322383189108, 5829483.892054807394743 ], [ 465559.524797766585834, 5829489.217620256356895 ], [ 465555.160241339006461, 5829492.680239203386009 ], [ 465546.858111897483468, 5829499.266729990020394 ], [ 465545.119160294823814, 5829500.646326489746571 ], [ 465535.078079250641167, 5829508.612413776107132 ], [ 465534.185352060419973, 5829509.315839723683894 ], [ 465525.036998206400312, 5829516.563383566215634 ], [ 465519.013130000093952, 5829519.364949458278716 ], [ 465514.995917162217665, 5829521.461165222339332 ], [ 465504.954836118035018, 5829519.602569194510579 ], [ 465494.963485399144702, 5829529.414059191942215 ], [ 465494.913755073852371, 5829529.489970213733613 ], [ 465488.171816905552987, 5829539.463168926537037 ], [ 465484.872674029669724, 5829543.873444780707359 ], [ 465480.4458230730379, 5829549.512278659269214 ], [ 465474.831592985487077, 5829558.394559364765882 ], [ 465474.00277975841891, 5829559.561388394795358 ], [ 465470.327239303151146, 5829569.610498128458858 ], [ 465467.537211798422504, 5829579.659607862122357 ], [ 465464.79051194130443, 5829589.552622684277594 ], [ 465464.747173699026462, 5829589.708717595785856 ], [ 465461.957152552902699, 5829599.757827330380678 ], [ 465460.099939115461893, 5829609.8069370649755 ], [ 465458.250519775785506, 5829619.856046798638999 ], [ 465459.289129261043854, 5829629.905156532302499 ], [ 465461.362755691749044, 5829639.954266266897321 ], [ 465463.436414360476192, 5829650.003375999629498 ], [ 465464.79051194130443, 5829656.565623449161649 ], [ 465465.51001418865053, 5829660.052485735155642 ], [ 465466.868402512918692, 5829670.101595468819141 ], [ 465468.483626404777169, 5829680.150705202482641 ], [ 465472.339409687148873, 5829690.19981493614614 ], [ 465474.831592985487077, 5829695.418383076786995 ], [ 465477.138470037200022, 5829700.248924670740962 ], [ 465481.937489116273355, 5829710.298034405335784 ], [ 465484.872674029669724, 5829716.444289462640882 ], [ 465486.736508195463102, 5829720.347144138999283 ], [ 465490.353800865472294, 5829730.396253873594105 ], [ 465488.629442276782356, 5829740.445363607257605 ], [ 465484.872674029669724, 5829743.311858484521508 ], [ 465474.831592985545285, 5829747.227376336231828 ], [ 465466.36024527286645, 5829750.494473340921104 ], [ 465464.79051194130443, 5829751.092818362638354 ], [ 465454.749430897121783, 5829754.835800858214498 ], [ 465444.708349852939136, 5829758.578827702440321 ], [ 465439.437677544541657, 5829760.543583075515926 ], [ 465434.667268808756489, 5829762.321854545734823 ], [ 465424.626187764457427, 5829766.064837041310966 ], [ 465414.585106720332988, 5829769.807863884605467 ], [ 465412.47971684060758, 5829770.592692809179425 ], [ 465404.544025676150341, 5829773.550890728831291 ], [ 465394.502944631967694, 5829777.293873224407434 ], [ 465387.008023927744944, 5829780.641802543774247 ], [ 465384.461863587843254, 5829784.073806434869766 ], [ 465379.365569713641889, 5829790.690912277437747 ], [ 465374.4207825436024, 5829797.385527960956097 ], [ 465372.418729061842896, 5829800.740022011101246 ], [ 465366.56022422463866, 5829810.789131745696068 ], [ 465364.379701499419753, 5829814.529388475231826 ], [ 465360.701719387434423, 5829820.838241478428245 ], [ 465354.843214550346602, 5829830.887351213954389 ], [ 465354.338620455237105, 5829831.752882877364755 ], [ 465348.734798884717748, 5829840.936460947617888 ], [ 465344.297539410996251, 5829846.721915946342051 ], [ 465340.325009720516391, 5829850.985570681281388 ], [ 465334.256458366871811, 5829857.498853080905974 ], [ 465330.962059560930356, 5829861.03468041587621 ], [ 465324.215377322630957, 5829868.275790214538574 ], [ 465321.599109401460737, 5829871.083790149539709 ], [ 465314.17429627844831, 5829879.05272735003382 ], [ 465312.236179681029171, 5829881.132899884134531 ], [ 465304.133215234265663, 5829889.82967977784574 ], [ 465302.873222370166332, 5829891.182009618729353 ], [ 465294.092134190083016, 5829900.606608682312071 ], [ 465293.510265059187077, 5829901.231119352392852 ], [ 465284.051053145900369, 5829907.264367369934916 ], [ 465277.328205216792412, 5829911.280229086056352 ], [ 465274.009972101717722, 5829914.857937921769917 ], [ 465269.283725772751495, 5829921.329338819719851 ], [ 465263.968891057535075, 5829928.606662886217237 ], [ 465261.94457792234607, 5829931.378448554314673 ], [ 465254.605424063745886, 5829941.427558287978172 ], [ 465253.927810013410635, 5829942.355455387383699 ], [ 465247.979330170084722, 5829951.476668022572994 ], [ 465243.886728969053365, 5829958.189202079549432 ], [ 465241.852434095460922, 5829961.525777756236494 ], [ 465235.72545851272298, 5829971.574887489899993 ], [ 465233.845647924928926, 5829974.658083719201386 ], [ 465229.598562438040972, 5829981.623997224494815 ], [ 465223.804566880746279, 5829991.126972447149456 ], [ 465223.47158685530303, 5829991.673106958158314 ], [ 465217.87692156934645, 5830001.722216692753136 ], [ 465213.763485836563632, 5830009.990954127162695 ], [ 465212.87781384435948, 5830011.771326426416636 ], [ 465207.865706391283311, 5830021.820436160080135 ], [ 465203.722404792439193, 5830029.733928771689534 ], [ 465202.618470060871914, 5830031.869545894674957 ], [ 465197.296259752125479, 5830041.918655628338456 ], [ 465193.681323748198338, 5830048.744193344376981 ], [ 465191.974058029765729, 5830051.967765362933278 ], [ 465186.651856307405978, 5830062.016875096596777 ], [ 465183.640242704015691, 5830067.703250238671899 ], [ 465181.329654585046228, 5830072.065984830260277 ], [ 465176.007452862686478, 5830082.115094564855099 ], [ 465173.599161659833044, 5830087.184613546356559 ], [ 465171.339099507778883, 5830092.164204299449921 ], [ 465167.125750551815145, 5830102.21331403311342 ], [ 465163.558080615708604, 5830110.722471468150616 ], [ 465162.832462824822869, 5830112.262423766776919 ], [ 465157.583904959028587, 5830122.311533501371741 ], [ 465154.898658752732445, 5830132.360643235035241 ], [ 465153.516999571409542, 5830140.596636699512601 ], [ 465153.248178211273625, 5830142.40975296869874 ], [ 465151.758248749130871, 5830152.458862703293562 ], [ 465153.516999571409542, 5830155.193821534514427 ], [ 465163.558080615650397, 5830157.7980986405164 ], [ 465173.599161659833044, 5830159.468035019002855 ], [ 465180.073047362267971, 5830162.507972436957061 ], [ 465183.640242704015691, 5830163.844227217137814 ], [ 465193.681323748198338, 5830168.33447371609509 ], [ 465196.964428512088489, 5830172.557082171551883 ], [ 465194.451249995210674, 5830182.606191905215383 ], [ 465196.853192452108487, 5830192.655301638878882 ], [ 465198.264248537248932, 5830202.704411373473704 ], [ 465194.889517744421028, 5830212.753521107137203 ], [ 465193.681323748198338, 5830215.029278050176799 ], [ 465188.806122068082914, 5830222.802630841732025 ], [ 465183.640242704015691, 5830232.745688140392303 ], [ 465183.40786594315432, 5830232.851740575395525 ], [ 465173.932301760592964, 5830242.900850309059024 ], [ 465173.599161659833044, 5830243.944259215146303 ], [ 465167.568556475278456, 5830252.949960043653846 ], [ 465163.558080615650397, 5830256.405784859322011 ], [ 465157.417348733055405, 5830262.999069777317345 ], [ 465153.516999571409542, 5830266.501868740655482 ], [ 465146.227688670973293, 5830273.048179511912167 ], [ 465143.475918527226895, 5830275.519469544291496 ], [ 465135.038050960225519, 5830283.097289245575666 ], [ 465133.434837483044248, 5830284.537087026052177 ], [ 465123.848411594633944, 5830293.146398980170488 ], [ 465123.393756438861601, 5830293.554712580516934 ], [ 465113.352675394678954, 5830302.572305311448872 ], [ 465112.658738990838174, 5830303.195508713833988 ], [ 465103.311594350496307, 5830311.589925459586084 ], [ 465101.469101280090399, 5830313.244618447497487 ], [ 465093.27051330631366, 5830320.607523595914245 ], [ 465090.279437908437103, 5830323.293728182092309 ], [ 465083.229432262131013, 5830329.625149150379002 ], [ 465079.089789310703054, 5830333.342837916687131 ], [ 465073.188351217890158, 5830338.64274188131094 ], [ 465066.078304093156476, 5830343.39194765035063 ], [ 465063.147270173707511, 5830345.034578937105834 ], [ 465053.106189129524864, 5830350.07545505836606 ], [ 465049.774673007021192, 5830353.44105738401413 ], [ 465051.414996917708777, 5830363.490167116746306 ], [ 465053.106189129524864, 5830368.501766716130078 ], [ 465054.806121586065274, 5830373.539276853203773 ], [ 465058.197253076010384, 5830383.58838658593595 ], [ 465061.588384282949846, 5830393.637496320530772 ], [ 465058.95837628794834, 5830403.686606053262949 ], [ 465055.021171129134018, 5830413.735715787857771 ], [ 465053.106189129524864, 5830418.623430088162422 ], [ 465051.083980231080204, 5830423.784825522452593 ], [ 465047.146775072207674, 5830433.833935256116092 ], [ 465043.06510808528401, 5830439.742871319875121 ], [ 465040.039899470750242, 5830443.883044990710914 ], [ 465033.02402704115957, 5830452.390167636796832 ], [ 465031.752343429950997, 5830453.932154724374413 ], [ 465023.46478284423938, 5830463.981264458037913 ], [ 465022.982945996976923, 5830464.565518426708877 ], [ 465015.177225616876967, 5830474.030374192632735 ], [ 465012.941864952794276, 5830476.740869218483567 ], [ 465006.889676758088171, 5830484.079483926296234 ], [ 465002.900783908611629, 5830488.916229497641325 ], [ 464992.859702864428982, 5830490.764692697674036 ], [ 464982.818621820246335, 5830489.459845080040395 ], [ 464972.777540776063688, 5830488.155003532767296 ], [ 464962.736459731822833, 5830486.850164813920856 ], [ 464952.695378687640186, 5830485.545319380238652 ], [ 464942.654297643457539, 5830484.240484548732638 ], [ 464941.415363472420722, 5830484.079483926296234 ], [ 464932.613216599274892, 5830482.935636931098998 ], [ 464922.572135555092245, 5830481.630789313465357 ], [ 464912.531054510909598, 5830478.422908585518599 ], [ 464908.234386374941096, 5830474.030374192632735 ], [ 464906.228325709118508, 5830463.981264458037913 ], [ 464903.54708399187075, 5830453.932154724374413 ], [ 464902.489973466726951, 5830450.079642025753856 ], [ 464897.380389439698774, 5830453.932154724374413 ], [ 464892.448892422486097, 5830457.650393778458238 ], [ 464884.052361832931638, 5830463.981264458037913 ], [ 464882.40781137830345, 5830465.221233293414116 ], [ 464872.366730334120803, 5830473.050372479483485 ], [ 464871.140707282815129, 5830474.030374192632735 ], [ 464862.325649289938156, 5830481.076548344455659 ], [ 464858.568851524556521, 5830484.079483926296234 ], [ 464852.284568245755509, 5830489.102681813761592 ], [ 464845.996889663045295, 5830494.128593660891056 ], [ 464842.243487201572862, 5830499.805671446956694 ], [ 464840.355404686939437, 5830504.177703394554555 ], [ 464842.243487201631069, 5830506.753566632047296 ], [ 464847.721303663623985, 5830514.2268131300807 ], [ 464852.284568245755509, 5830522.094580879434943 ], [ 464853.430837612657342, 5830524.275922862812877 ], [ 464858.669192569097504, 5830534.325032596476376 ], [ 464862.325649289996363, 5830541.028972637839615 ], [ 464864.444050839403644, 5830544.374142332002521 ], [ 464870.807856771047227, 5830554.423252064734697 ], [ 464872.366730334120803, 5830556.884852277114987 ], [ 464877.229024243541062, 5830564.472361799329519 ], [ 464882.40781137830345, 5830572.393319757655263 ], [ 464884.098670334962662, 5830574.521471532993019 ], [ 464892.448892422544304, 5830584.359741811640561 ], [ 464892.631570354627911, 5830584.570581266656518 ], [ 464901.338434963254258, 5830594.61969100125134 ], [ 464902.489973466726951, 5830595.948750003241003 ], [ 464910.045370316016488, 5830604.668800734914839 ], [ 464912.531054510909598, 5830606.539116561412811 ], [ 464921.960814489517361, 5830614.717910469509661 ], [ 464922.572135555034038, 5830615.267733643762767 ], [ 464932.5285618713242, 5830624.767020203173161 ], [ 464932.6132165993331, 5830624.85085987392813 ], [ 464942.654297643457539, 5830633.075884650461376 ], [ 464944.779854559979867, 5830634.816129935905337 ], [ 464952.695378687698394, 5830641.296713504008949 ], [ 464957.054053286556154, 5830644.865239671431482 ], [ 464962.736459731822833, 5830649.517564414069057 ], [ 464969.328159047989175, 5830654.914349405094981 ], [ 464972.777540775947273, 5830657.865609239786863 ], [ 464981.364112265408039, 5830664.963459139689803 ], [ 464982.818621820188127, 5830666.206349594518542 ], [ 464992.859702864428982, 5830674.789581708610058 ], [ 464993.124124156835023, 5830675.012568873353302 ], [ 465002.900783908669837, 5830683.366805562749505 ], [ 465004.884232271520887, 5830685.061678607948124 ], [ 465012.941864952794276, 5830691.947048772126436 ], [ 465016.644244162947871, 5830695.110788341611624 ], [ 465022.982945996976923, 5830700.294169075787067 ], [ 465029.008666503592394, 5830705.159898074343801 ], [ 465033.02402704115957, 5830708.271559393033385 ], [ 465041.976185849984176, 5830715.209007809869945 ], [ 465043.065108085342217, 5830716.052864805795252 ], [ 465053.106189129524864, 5830723.834094704128802 ], [ 465054.911785589298233, 5830725.258117543533444 ], [ 465063.147270173707511, 5830731.80933156516403 ], [ 465067.478899989742786, 5830735.307227278128266 ], [ 465073.188351217890158, 5830739.917327767238021 ], [ 465079.897404648014344, 5830745.356337011791766 ], [ 465083.229432262131013, 5830748.056639845483005 ], [ 465092.293476766906679, 5830755.405446745455265 ], [ 465093.270513306371868, 5830756.197587435133755 ], [ 465103.311594350496307, 5830764.33854702860117 ], [ 465104.688084367837291, 5830765.454556480050087 ], [ 465113.352675394678954, 5830772.479447399266064 ], [ 465117.082785869424697, 5830775.503666213713586 ], [ 465123.393756438861601, 5830780.613603387027979 ], [ 465129.666161341709085, 5830785.552775947377086 ], [ 465133.434837483102456, 5830788.465310485102236 ], [ 465142.669214049819857, 5830795.601885681971908 ], [ 465143.475918527285103, 5830796.225333282724023 ], [ 465153.516999571409542, 5830803.985409072600305 ], [ 465155.672170204517897, 5830805.650995415635407 ], [ 465163.558080615650397, 5830811.745439609512687 ], [ 465168.675222912686877, 5830815.700105150230229 ], [ 465173.599161659833044, 5830819.564395435154438 ], [ 465181.452090599981602, 5830825.749214883893728 ], [ 465183.640242704015691, 5830827.465444779023528 ], [ 465193.681323748198338, 5830835.317816812545061 ], [ 465194.297346318955533, 5830835.79832461848855 ], [ 465203.722404792380985, 5830843.080472989939153 ], [ 465207.303596948506311, 5830845.84743435215205 ], [ 465213.763485836563632, 5830850.838583158329129 ], [ 465220.236741758184507, 5830855.896544085815549 ], [ 465223.804566880804487, 5830858.741411356255412 ], [ 465232.637042471731547, 5830865.945653820410371 ], [ 465233.845647924928926, 5830866.931464940309525 ], [ 465243.886728969169781, 5830875.12157307844609 ], [ 465244.996654843154829, 5830875.99476355407387 ], [ 465253.927810013410635, 5830883.08803135342896 ], [ 465257.901180459593888, 5830886.043873288668692 ], [ 465263.968891057535075, 5830890.557687586173415 ], [ 465271.40973123483127, 5830896.092983022332191 ], [ 465274.009972101717722, 5830898.027336010709405 ], [ 465284.051053145900369, 5830905.497026749886572 ], [ 465284.91817874397384, 5830906.142092756927013 ], [ 465294.092134190024808, 5830912.966665318235755 ], [ 465297.041920916526578, 5830916.191202490590513 ], [ 465302.561092360818293, 5830926.240312224254012 ], [ 465304.133215234265663, 5830929.140818924643099 ], [ 465308.007903815829195, 5830936.289421958848834 ], [ 465314.17429627844831, 5830941.495860368013382 ], [ 465320.850645596976392, 5830946.338531692512333 ], [ 465324.215377322689164, 5830948.557139962911606 ], [ 465334.256458366813604, 5830955.177989785559475 ], [ 465336.091001077787951, 5830956.387641427107155 ], [ 465344.297539411054458, 5830961.798799075186253 ], [ 465351.331437525223009, 5830966.436751160770655 ], [ 465354.338620455237105, 5830968.419612471945584 ], [ 465364.379701499419753, 5830975.040450508706272 ], [ 465366.571793006034568, 5830976.485860894434154 ], [ 465374.4207825436024, 5830981.661261050030589 ], [ 465381.812229453469627, 5830986.534970629028976 ], [ 465384.461863587785047, 5830988.28207319509238 ], [ 465394.502944631967694, 5830994.902911230921745 ], [ 465397.05258493416477, 5830996.584080362692475 ], [ 465404.544025676150341, 5831001.523723026737571 ], [ 465412.293021381658036, 5831006.633190097287297 ], [ 465414.58510672027478, 5831008.144533918239176 ], [ 465424.626187764515635, 5831014.765371954999864 ], [ 465427.533376862411387, 5831016.682299830950797 ], [ 465434.667268808698282, 5831021.386185001581907 ], [ 465442.773813309846446, 5831026.731409564614296 ], [ 465444.708349852939136, 5831028.00699464045465 ], [ 465445.824544595496263, 5831026.731409564614296 ], [ 465454.690373741963413, 5831016.682299830950797 ], [ 465454.749430897121783, 5831016.615849371999502 ], [ 465455.906880951079074, 5831006.633190097287297 ], [ 465456.970481686526909, 5830996.584080362692475 ], [ 465458.084687054972164, 5830986.534970629028976 ], [ 465459.198894394095987, 5830976.485860894434154 ], [ 465460.313101065403316, 5830966.436751160770655 ], [ 465461.427307101665065, 5830956.387641427107155 ], [ 465462.541515075834468, 5830946.338531692512333 ], [ 465463.655719809234142, 5830936.289421958848834 ], [ 465464.769929098314606, 5830926.240312224254012 ], [ 465464.79051194130443, 5830926.054674525745213 ], [ 465465.884138387511484, 5830916.191202490590513 ], [ 465471.586285963305272, 5830906.142092756927013 ], [ 465474.831592985487077, 5830901.366053080186248 ], [ 465480.732145573012531, 5830896.092983022332191 ], [ 465484.872674029669724, 5830891.460792127996683 ], [ 465494.913755073910579, 5830892.398362066596746 ], [ 465504.954836118035018, 5830895.582735821604729 ], [ 465506.193716136564035, 5830896.092983022332191 ], [ 465514.995917162159458, 5830899.729891872033477 ], [ 465525.036998206400312, 5830903.878680024296045 ], [ 465530.515017097466625, 5830906.142092756927013 ], [ 465531.923509306041524, 5830916.191202490590513 ], [ 465531.788166863261722, 5830926.240312224254012 ], [ 465531.65282442048192, 5830936.289421958848834 ], [ 465531.517481977702118, 5830946.338531692512333 ], [ 465531.382139534922317, 5830956.387641427107155 ], [ 465531.246797092200723, 5830966.436751160770655 ], [ 465531.111454649420921, 5830976.485860893502831 ], [ 465530.976112206699327, 5830986.534970629028976 ], [ 465530.840769763919525, 5830996.584080362692475 ], [ 465530.705427321197931, 5831006.633190097287297 ], [ 465530.57010984478984, 5831016.682299830950797 ], [ 465530.434767402010038, 5831026.731409564614296 ], [ 465530.299424959230237, 5831036.780519299209118 ], [ 465530.164082516450435, 5831046.829629031941295 ], [ 465530.028740073670633, 5831056.878738767467439 ], [ 465529.075567724648863, 5831066.927848501130939 ], [ 465530.359714662772603, 5831076.97695823572576 ], [ 465535.078079250641167, 5831080.78901051543653 ], [ 465543.081804026092868, 5831087.02606796938926 ], [ 465545.119160294823814, 5831088.60446494910866 ], [ 465555.160241339006461, 5831096.461440523155034 ], [ 465555.939810969633982, 5831097.075177703052759 ], [ 465565.201322383189108, 5831104.366551904939115 ], [ 465568.704201045678928, 5831107.124287437647581 ], [ 465575.242403427371755, 5831112.271625614725053 ], [ 465581.468626613379456, 5831117.17339717131108 ], [ 465585.283484471496195, 5831120.176752686500549 ], [ 465594.233074615360238, 5831127.222506905905902 ], [ 465595.324565515737049, 5831128.081812502816319 ], [ 465605.365646559919696, 5831135.986933285370469 ], [ 465606.997464691405185, 5831137.271616639569402 ], [ 465615.406727604102343, 5831143.892035264521837 ], [ 465619.761854767450131, 5831147.320726373232901 ], [ 465625.447808648343198, 5831151.797146645374596 ], [ 465632.526244843611494, 5831157.369836108759046 ], [ 465635.488889692584053, 5831159.702258026227355 ], [ 465645.290634919598233, 5831167.418945841491222 ], [ 465645.529970736708492, 5831167.607369408011436 ], [ 465655.571051780949347, 5831174.951192442327738 ], [ 465659.114651729818434, 5831177.468055576086044 ], [ 465665.612132825073786, 5831182.082930523902178 ], [ 465673.263225908798631, 5831187.517165309749544 ], [ 465675.653213869256433, 5831189.245230196043849 ], [ 465685.69429491343908, 5831196.547116979956627 ], [ 465687.086896323831752, 5831197.566275043413043 ], [ 465695.735375957679935, 5831203.946860725991428 ], [ 465700.694917471031658, 5831207.615384778007865 ], [ 465705.776457001804374, 5831211.374177413061261 ], [ 465714.28046840854222, 5831217.664494510740042 ], [ 465715.817538046045229, 5831218.801446823403239 ], [ 465725.858619090227876, 5831226.228727236390114 ], [ 465727.866050163283944, 5831227.713604245334864 ], [ 465735.899700134410523, 5831233.656016072258353 ], [ 465741.451616509410087, 5831237.762713979929686 ], [ 465745.940781178534962, 5831241.083329511806369 ], [ 465755.03717338538263, 5831247.811823713593185 ], [ 465755.981862222775817, 5831248.510598922148347 ], [ 465766.022943267016672, 5831255.937882581725717 ], [ 465768.622749201662373, 5831257.860933449119329 ], [ 465776.064024311141111, 5831263.365171418525279 ], [ 465782.208315547730308, 5831267.910043181851506 ], [ 465786.105105355323758, 5831270.792481612414122 ], [ 465795.793878362106625, 5831277.959152916446328 ], [ 465796.146186399506405, 5831278.2197510227561 ], [ 465806.18726744374726, 5831285.647037928923965 ], [ 465809.160662808106281, 5831288.008262650109828 ], [ 465816.228348487929907, 5831293.864423241466284 ], [ 465821.15437881211983, 5831298.057372384704649 ], [ 465826.269429532112554, 5831302.411178658716381 ], [ 465832.960532494704239, 5831308.106482118368149 ], [ 465836.310510576295201, 5831310.95790166221559 ], [ 465844.766686177288648, 5831318.155591852031648 ], [ 465846.351591620477848, 5831319.504635094664991 ], [ 465856.392672664660495, 5831328.051425356417894 ], [ 465856.58096738968743, 5831328.20470158662647 ], [ 465866.433753708843142, 5831336.378777703270316 ], [ 465869.244843319873326, 5831338.253811320289969 ], [ 465876.474834753025789, 5831343.076310373842716 ], [ 465884.310586159408558, 5831348.302921054884791 ], [ 465886.515915797208436, 5831349.773922218941152 ], [ 465896.556996841449291, 5831356.47145488858223 ], [ 465899.376395559520461, 5831358.352030788548291 ], [ 465906.598077885631938, 5831363.168987558223307 ], [ 465914.442231030086987, 5831368.40114052221179 ], [ 465916.639158929814585, 5831369.866531773470342 ], [ 465926.680239973997232, 5831376.56411721277982 ], [ 465929.507947799109388, 5831378.450250256806612 ], [ 465936.721321018179879, 5831383.261664742603898 ], [ 465944.573783269675914, 5831388.499359990470111 ], [ 465946.762402062362526, 5831389.959197413176298 ], [ 465956.803483106545173, 5831396.656794354319572 ], [ 465959.639500038698316, 5831398.548469725064933 ], [ 465966.844564150786027, 5831403.354341927915812 ], [ 465974.705335509206634, 5831408.597579458728433 ], [ 465976.885645194910467, 5831409.879247926175594 ], [ 465986.926726239151321, 5831414.958336161449552 ], [ 465994.242730162513908, 5831418.646689191460609 ], [ 465996.967807283333968, 5831420.020532968454063 ], [ 466007.008888327516615, 5831425.082729776389897 ], [ 466011.148355803918093, 5831428.695798926986754 ], [ 466017.049969371641055, 5831435.527250278741121 ], [ 466019.655231724842452, 5831438.744908660650253 ], [ 466027.091050415881909, 5831447.92851522192359 ], [ 466027.791834430769086, 5831448.794018395245075 ], [ 466035.928437136753928, 5831458.843128128908575 ], [ 466037.132131460064556, 5831460.329764253459871 ], [ 466047.173212504247203, 5831466.622282683849335 ], [ 466053.745460436097346, 5831468.892237862572074 ], [ 466057.21429354842985, 5831470.090320431627333 ], [ 466067.255374592612498, 5831473.558311652392149 ], [ 466077.296455636853352, 5831477.026309069246054 ], [ 466082.841106084699277, 5831478.941347597166896 ], [ 466087.337536681035999, 5831480.494346817955375 ], [ 466097.378617725218646, 5831483.962341106496751 ], [ 466107.419698769401293, 5831487.430335454642773 ], [ 466111.936751733243, 5831488.990457330830395 ], [ 466117.460779813525733, 5831490.898373204283416 ], [ 466127.501860857766587, 5831494.366370560601354 ], [ 466137.542941901949234, 5831497.841157156974077 ], [ 466140.903127119410783, 5831499.039567065425217 ], [ 466147.584022946131881, 5831501.404421494342387 ] ], [ [ 466920.747263348777778, 5829791.704757222905755 ], [ 466921.178540605062153, 5829790.690912276506424 ], [ 466920.747263348719571, 5829790.360422743484378 ], [ 466920.154677895829082, 5829790.690912276506424 ], [ 466920.747263348777778, 5829791.704757222905755 ] ] ] } },
{ "type": "Feature", "properties": { "id": 1, "cost_level": 600.0 }, "geometry": { "type": "Polygon", "coordinates": [ [ [ 466167.666185034555383, 5831088.305064634419978 ], [ 466169.097552171617281, 5831087.02606796938926 ], [ 466177.70726607873803, 5831079.709027744829655 ], [ 466180.561265392112546, 5831076.97695823572576 ], [ 466187.748347122862469, 5831070.096983038820326 ], [ 466191.058944659598637, 5831066.927848501130939 ], [ 466197.789428167045116, 5831060.68644792959094 ], [ 466201.960968292085454, 5831056.878738768398762 ], [ 466207.830509211285971, 5831051.690240578725934 ], [ 466213.337541010929272, 5831046.829629032872617 ], [ 466217.871590255526826, 5831042.856822373345494 ], [ 466224.806299071991816, 5831036.780519299209118 ], [ 466227.912671299651265, 5831034.058666137047112 ], [ 466236.274983575684018, 5831026.731409564614296 ], [ 466237.953752343775705, 5831025.215352918021381 ], [ 466246.838959173706826, 5831016.682299830950797 ], [ 466247.994833388016559, 5831015.546240400522947 ], [ 466257.063342250708956, 5831006.633190097287297 ], [ 466258.035914432199206, 5831005.677290411666036 ], [ 466267.287725327769294, 5830996.584080362692475 ], [ 466268.076995476440061, 5830995.808340420946479 ], [ 466277.880077727953903, 5830986.534970629028976 ], [ 466278.118076520622708, 5830986.308520606718957 ], [ 466288.159157564805355, 5830977.402581160888076 ], [ 466288.978755253599957, 5830976.485860895365477 ], [ 466297.54228788317414, 5830966.436751160770655 ], [ 466298.200238608988002, 5830965.644949248991907 ], [ 466305.892632767907344, 5830956.387641427107155 ], [ 466308.241319653228857, 5830953.561170199885964 ], [ 466314.243006501172204, 5830946.338531692512333 ], [ 466318.282400697353296, 5830941.632963695563376 ], [ 466322.964003319037147, 5830936.289421958848834 ], [ 466328.323481741535943, 5830930.050592210143805 ], [ 466331.569336614571512, 5830926.240312224254012 ], [ 466338.36456278571859, 5830918.172485278919339 ], [ 466340.033310447121039, 5830916.191202490590513 ], [ 466348.405643829901237, 5830906.357755351811647 ], [ 466348.589174404216465, 5830906.142092755995691 ], [ 466356.204907397739589, 5830896.092983022332191 ], [ 466358.446724874083884, 5830892.981841489672661 ], [ 466363.446030994004104, 5830886.04387328773737 ], [ 466368.487805918266531, 5830879.046967465430498 ], [ 466370.687154291430488, 5830875.99476355407387 ], [ 466377.928313070209697, 5830865.945653820410371 ], [ 466378.528886962507386, 5830865.112191507592797 ], [ 466385.199610661016777, 5830855.896544085815549 ], [ 466388.569968006690033, 5830851.415255764499307 ], [ 466395.312099572271109, 5830845.84743435215205 ], [ 466398.61104905087268, 5830843.131446033716202 ], [ 466407.518155498604756, 5830835.79832461848855 ], [ 466408.652130095055327, 5830834.920766579918563 ], [ 466418.693211139179766, 5830827.389878654852509 ], [ 466420.886180407833308, 5830825.749214883893728 ], [ 466428.734292183478829, 5830819.173567607998848 ], [ 466433.57306377356872, 5830815.700105150230229 ], [ 466437.901083849079441, 5830805.650995415635407 ], [ 466438.775373227603268, 5830803.270373583771288 ], [ 466441.591601061285473, 5830795.601885681971908 ], [ 466446.39506817352958, 5830785.552775948308408 ], [ 466448.816454271844123, 5830782.55151489097625 ], [ 466453.399372840300202, 5830775.503666212782264 ], [ 466458.857535316084977, 5830769.239650370553136 ], [ 466464.79933638102375, 5830765.454556480050087 ], [ 466468.898616360209417, 5830763.37160025537014 ], [ 466471.665920881263446, 5830765.454556480050087 ], [ 466478.939697404392064, 5830770.86285612732172 ], [ 466488.980778448516503, 5830772.503193569369614 ], [ 466494.844035850313958, 5830765.454556480050087 ], [ 466499.021859492757358, 5830760.855163305997849 ], [ 466504.196743008680642, 5830755.405446745455265 ], [ 466509.062940536940005, 5830750.82087232824415 ], [ 466514.863201444095466, 5830745.356337011791766 ], [ 466519.104021581122652, 5830741.360980289056897 ], [ 466525.529700051178224, 5830735.307227278128266 ], [ 466529.145102625305299, 5830731.901088249869645 ], [ 466536.196198658202775, 5830725.258117543533444 ], [ 466539.186183669546153, 5830722.354293614625931 ], [ 466546.785057099186815, 5830715.209007808938622 ], [ 466549.2272647137288, 5830712.784773114137352 ], [ 466557.365308609965723, 5830705.159898076206446 ], [ 466559.26834575785324, 5830703.271780983544886 ], [ 466567.910874545341358, 5830695.110788341611624 ], [ 466569.309426802094094, 5830693.7237688601017 ], [ 466578.043789208866656, 5830685.061678607948124 ], [ 466579.350507846276741, 5830683.104806805960834 ], [ 466583.547758339322172, 5830675.012568873353302 ], [ 466584.64777747367043, 5830664.963459139689803 ], [ 466585.262967261020094, 5830654.914349405094981 ], [ 466585.14023339812411, 5830644.865239671431482 ], [ 466585.005000639474019, 5830634.81612993683666 ], [ 466584.869767880823929, 5830624.767020203173161 ], [ 466584.734535122173838, 5830614.717910469509661 ], [ 466582.0182174150832, 5830604.668800735846162 ], [ 466579.350507846218534, 5830598.543693515472114 ], [ 466577.52711891522631, 5830594.61969100125134 ], [ 466572.954164386726916, 5830584.570581266656518 ], [ 466569.309426802094094, 5830576.974094175733626 ], [ 466568.132676835579332, 5830574.521471532993019 ], [ 466569.309426802094094, 5830573.23715425748378 ], [ 466579.350507846218534, 5830567.48628631606698 ], [ 466583.840691634104587, 5830564.472361799329519 ], [ 466589.391588890459388, 5830559.888966450467706 ], [ 466595.678411678061821, 5830554.423252064734697 ], [ 466599.432669934642036, 5830549.339876670390368 ], [ 466602.952951173996553, 5830544.374142331071198 ], [ 466599.432669934642036, 5830535.674502945505083 ], [ 466596.36238467367366, 5830534.325032596476376 ], [ 466589.391588890459388, 5830531.187761453911662 ], [ 466579.350507846276741, 5830526.580752656795084 ], [ 466575.46173350996105, 5830524.275922862812877 ], [ 466569.309426802035887, 5830520.606674296781421 ], [ 466560.968500437098555, 5830514.226813128218055 ], [ 466559.268345757911447, 5830512.88993876054883 ], [ 466549.2272647137288, 5830505.097320251166821 ], [ 466548.017039875267074, 5830504.177703395485878 ], [ 466539.186183669546153, 5830497.247436259873211 ], [ 466535.184344898443669, 5830494.128593660891056 ], [ 466529.145102625247091, 5830489.396275039762259 ], [ 466522.360043050604872, 5830484.079483926296234 ], [ 466519.104021581122652, 5830481.528076933696866 ], [ 466509.535700586915482, 5830474.030374192632735 ], [ 466509.062940536881797, 5830467.558373629115522 ], [ 466508.971173180674668, 5830463.981264458037913 ], [ 466509.062940536940005, 5830463.895972268655896 ], [ 466519.104021581122652, 5830454.879676165990531 ], [ 466519.783221705816686, 5830453.932154724374413 ], [ 466529.145102625305299, 5830445.230854514986277 ], [ 466530.595234440173954, 5830443.883044991642237 ], [ 466539.186183669546153, 5830435.869177701883018 ], [ 466541.118684886489064, 5830433.833935256116092 ], [ 466549.2272647137288, 5830424.723630492575467 ], [ 466550.057972952490672, 5830423.784825522452593 ], [ 466559.268345757911447, 5830414.905001990497112 ], [ 466560.578201452910434, 5830413.735715786926448 ], [ 466569.309426802094094, 5830405.567908575758338 ], [ 466570.798429004091304, 5830403.686606055125594 ], [ 466578.579630048130639, 5830393.637496320530772 ], [ 466579.350507846276741, 5830392.222904424183071 ], [ 466583.316593361028936, 5830383.58838658593595 ], [ 466586.841417084040586, 5830373.539276852272451 ], [ 466588.136505964910612, 5830363.490167117677629 ], [ 466589.045852061826736, 5830353.44105738401413 ], [ 466589.391588890459388, 5830349.375726575031877 ], [ 466589.846490891475696, 5830343.39194765035063 ], [ 466589.391588890459388, 5830335.934368321672082 ], [ 466589.219719573273323, 5830333.342837915755808 ], [ 466589.391588890459388, 5830332.264222107827663 ], [ 466591.030472672660835, 5830323.293728181160986 ], [ 466592.670189313357696, 5830313.244618447497487 ], [ 466593.792170694796368, 5830303.195508713833988 ], [ 466594.255141035537235, 5830293.146398980170488 ], [ 466594.544307096512057, 5830283.097289245575666 ], [ 466594.833472709578928, 5830273.048179511912167 ], [ 466595.122630040976219, 5830262.999069777317345 ], [ 466595.411797571636271, 5830252.949960043653846 ], [ 466595.700961715017911, 5830242.900850309059024 ], [ 466595.990119046415202, 5830232.851740575395525 ], [ 466596.279276377812494, 5830222.802630841732025 ], [ 466596.57194507739041, 5830212.753521107137203 ], [ 466596.663804101699498, 5830202.704411374405026 ], [ 466596.431396404863335, 5830192.655301638878882 ], [ 466596.831147127668373, 5830182.606191905215383 ], [ 466598.308700719790068, 5830172.557082171551883 ], [ 466597.008710400899872, 5830162.507972436957061 ], [ 466593.526247484667692, 5830152.458862703293562 ], [ 466590.04376931412844, 5830142.40975296869874 ], [ 466589.391588890459388, 5830140.527797026559711 ], [ 466586.561311252298765, 5830132.360643235035241 ], [ 466583.078845723881386, 5830122.311533501371741 ], [ 466579.596374527493026, 5830112.262423766776919 ], [ 466579.350507846276741, 5830111.552944457158446 ], [ 466576.113903331104666, 5830102.21331403311342 ], [ 466572.631432134716306, 5830092.164204298518598 ], [ 466569.309426802094094, 5830082.578139047138393 ], [ 466569.148960938386153, 5830082.115094564855099 ], [ 466565.666489741939586, 5830072.065984830260277 ], [ 466562.184024384594522, 5830062.016875096596777 ], [ 466559.268345757911447, 5830053.60333363711834 ], [ 466558.701547349221073, 5830051.967765362933278 ], [ 466558.95931674237363, 5830041.918655628338456 ], [ 466559.268345757911447, 5830041.031648056581616 ], [ 466562.460376471979544, 5830031.869545894674957 ], [ 466559.268345757911447, 5830023.203162622638047 ], [ 466558.704906171828043, 5830021.820436160080135 ], [ 466553.772118700202554, 5830011.771326426416636 ], [ 466549.2272647137288, 5830002.51256635133177 ], [ 466548.83930522762239, 5830001.722216692753136 ], [ 466543.906517755938694, 5829991.673106958158314 ], [ 466539.186183669546153, 5829982.056859460659325 ], [ 466538.973704283416737, 5829981.623997224494815 ], [ 466534.040916811733041, 5829971.574887489899993 ], [ 466532.769538179272786, 5829961.525777756236494 ], [ 466532.796404823195189, 5829951.476668022572994 ], [ 466532.823281665681861, 5829941.427558287978172 ], [ 466532.850165952229872, 5829931.378448554314673 ], [ 466532.877042943786364, 5829921.329338819719851 ], [ 466532.90392708114814, 5829911.280229086056352 ], [ 466532.930804221774451, 5829901.231119352392852 ], [ 466532.957688210124616, 5829891.182009616866708 ], [ 466531.013142463227268, 5829881.132899883203208 ], [ 466529.145102625363506, 5829876.406440941616893 ], [ 466523.567362024914473, 5829871.083790149539709 ], [ 466519.104021581180859, 5829866.824534706771374 ], [ 466513.013374505215324, 5829861.034680414944887 ], [ 466509.062940536998212, 5829859.43620718549937 ], [ 466499.021859492757358, 5829852.398379948921502 ], [ 466496.792794157343451, 5829850.985570681281388 ], [ 466488.980778448574711, 5829845.571065733209252 ], [ 466481.249791174486745, 5829840.936460947617888 ], [ 466478.939697404392064, 5829839.55159621220082 ], [ 466468.898616360267624, 5829833.991930725984275 ], [ 466462.504939158679917, 5829830.887351213954389 ], [ 466458.85753531602677, 5829829.116280375048518 ], [ 466448.816454271785915, 5829824.207307171076536 ], [ 466442.458564527682029, 5829820.83824148029089 ], [ 466438.775373227603268, 5829818.85284308437258 ], [ 466428.734292183420621, 5829813.440268889069557 ], [ 466423.816062530735508, 5829810.789131745696068 ], [ 466418.693211139179766, 5829808.027694691903889 ], [ 466408.652130095055327, 5829802.615120494738221 ], [ 466405.173560533905402, 5829800.740022011101246 ], [ 466398.611049050930887, 5829797.202519631944597 ], [ 466388.569968006690033, 5829791.789904632605612 ], [ 466386.531199073884636, 5829790.690912277437747 ], [ 466378.528886962565593, 5829786.377322152256966 ], [ 466368.487805918324739, 5829780.964747955091298 ], [ 466367.88869707705453, 5829780.641802543774247 ], [ 466358.446724874142092, 5829775.552173759788275 ], [ 466349.024513044394553, 5829770.592692809179425 ], [ 466348.405643829901237, 5829770.263138418085873 ], [ 466338.36456278571859, 5829765.080315966159105 ], [ 466329.584456779411994, 5829760.543583075515926 ], [ 466328.323481741535943, 5829759.892059599980712 ], [ 466318.282400697353296, 5829754.703551018610597 ], [ 466310.136646740022115, 5829750.494473340921104 ], [ 466308.241319653170649, 5829749.50931940600276 ], [ 466298.200238608988002, 5829744.11138654500246 ], [ 466291.475671510561369, 5829740.445363607257605 ], [ 466288.159157564805355, 5829738.637304289266467 ], [ 466278.118076520622708, 5829733.163299768231809 ], [ 466273.042426332016475, 5829730.396253873594105 ], [ 466268.076995476381853, 5829728.232969433069229 ], [ 466258.035914432199206, 5829724.260525720193982 ], [ 466250.186096449499018, 5829720.347144138999283 ], [ 466247.994833388016559, 5829719.120675195939839 ], [ 466237.953752343833912, 5829713.432829583063722 ], [ 466232.503417983883992, 5829710.298034405335784 ], [ 466227.912671299651265, 5829707.747179368510842 ], [ 466217.871590255468618, 5829702.501234740018845 ], [ 466213.530965338461101, 5829700.248924670740962 ], [ 466207.830509211285971, 5829697.291010782122612 ], [ 466197.789428167103324, 5829692.732174664735794 ], [ 466191.660255406924989, 5829690.19981493614614 ], [ 466187.748347122978885, 5829688.583538753911853 ], [ 466177.707266078796238, 5829684.434883170761168 ], [ 466167.666185034555383, 5829680.284462318755686 ], [ 466167.348051411099732, 5829680.150705202482641 ], [ 466157.625103990314528, 5829676.059842837043107 ], [ 466147.584022946131881, 5829671.834851478226483 ], [ 466143.481764355965424, 5829670.101595468819141 ], [ 466137.542941901949234, 5829667.592368056997657 ], [ 466127.501860857766587, 5829663.349884634837508 ], [ 466119.697599462699145, 5829660.052485735155642 ], [ 466117.46077981358394, 5829659.10740121267736 ], [ 466107.419698769401293, 5829654.864917790517211 ], [ 466097.378617725218646, 5829650.622429641894996 ], [ 466095.913434569432866, 5829650.00337600056082 ], [ 466087.337536680977792, 5829646.379950947128236 ], [ 466077.296455636853352, 5829642.137450856156647 ], [ 466072.129363128857221, 5829639.954266266897321 ], [ 466067.255374592612498, 5829637.894923097454011 ], [ 466057.21429354842985, 5829633.652786832302809 ], [ 466048.336755648837425, 5829629.905156532302499 ], [ 466047.173212504247203, 5829629.413969719782472 ], [ 466037.132131460064556, 5829625.17511199042201 ], [ 466027.091050415881909, 5829620.936258759349585 ], [ 466024.532200728892349, 5829619.856046797707677 ], [ 466017.049969371699262, 5829616.697441646829247 ], [ 466007.008888327516615, 5829612.530595730058849 ], [ 465999.763453828520142, 5829609.8069370649755 ], [ 465996.967807283275761, 5829608.779926426708698 ], [ 465986.926726239151321, 5829605.091227985918522 ], [ 465976.885645194910467, 5829601.402529545128345 ], [ 465972.408567849779502, 5829599.757827330380678 ], [ 465966.84456415072782, 5829597.713831103406847 ], [ 465956.803483106545173, 5829594.025100765749812 ], [ 465946.762402062362526, 5829590.33816977404058 ], [ 465945.042082664323971, 5829589.708717596717179 ], [ 465936.721321018179879, 5829586.679832248948514 ], [ 465926.680239973997232, 5829584.167337791994214 ], [ 465918.455269119120203, 5829589.708717596717179 ], [ 465916.639158929814585, 5829590.932278933003545 ], [ 465906.598077885631938, 5829597.697220071218908 ], [ 465903.539555414579809, 5829599.757827330380678 ], [ 465896.556996841449291, 5829604.462115805596113 ], [ 465888.623697745788377, 5829609.8069370649755 ], [ 465886.515915797208436, 5829611.227005357854068 ], [ 465876.474834752967581, 5829617.991946496069431 ], [ 465873.70798404130619, 5829619.856046799570322 ], [ 465866.433753708843142, 5829624.756887636147439 ], [ 465858.792270336882211, 5829629.905156532302499 ], [ 465856.392672664660495, 5829631.521563553251326 ], [ 465846.351591620477848, 5829638.286689016968012 ], [ 465843.876412668090779, 5829639.954266266897321 ], [ 465836.310510576295201, 5829645.051614060997963 ], [ 465828.960698963608593, 5829650.003376001492143 ], [ 465826.269429532112554, 5829651.815261084586382 ], [ 465816.228348487988114, 5829658.581413546577096 ], [ 465814.044841294817161, 5829660.052485735155642 ], [ 465806.18726744374726, 5829665.346187205053866 ], [ 465799.128999291802756, 5829670.101595468819141 ], [ 465796.146186399506405, 5829672.10872445255518 ], [ 465786.105105355323758, 5829679.307644013315439 ], [ 465785.021357450517826, 5829680.150705201551318 ], [ 465776.064024311141111, 5829689.218055747449398 ], [ 465775.274396330118179, 5829690.199814937077463 ], [ 465776.064024311141111, 5829692.934413691982627 ], [ 465778.566338846052531, 5829700.248924670740962 ], [ 465776.064024311082903, 5829706.66499044932425 ], [ 465774.114289208024275, 5829710.298034405335784 ], [ 465766.259750656667165, 5829720.347144138999283 ], [ 465766.022943266958464, 5829720.909057014621794 ], [ 465763.017540888860822, 5829730.396253873594105 ], [ 465759.834132898016833, 5829740.445363607257605 ], [ 465756.650682457257062, 5829750.494473340921104 ], [ 465755.981862222775817, 5829752.605738220736384 ], [ 465753.467271437111776, 5829760.543583075515926 ], [ 465750.283863446325995, 5829770.592692809179425 ], [ 465747.100455455482006, 5829780.641802543774247 ], [ 465745.94078117859317, 5829784.302562992088497 ], [ 465743.917047464579809, 5829790.690912277437747 ], [ 465740.537385064759292, 5829800.740022011101246 ], [ 465736.355350378958974, 5829810.789131745696068 ], [ 465735.899700134410523, 5829811.855177773162723 ], [ 465732.060151866811793, 5829820.838241479359567 ], [ 465727.76495335472282, 5829830.887351213954389 ], [ 465725.858619090227876, 5829835.347388750873506 ], [ 465723.469706497795414, 5829840.936460947617888 ], [ 465719.174507985706441, 5829850.985570681281388 ], [ 465715.817538046045229, 5829858.839587022550404 ], [ 465714.879309473501053, 5829861.03468041587621 ], [ 465710.58411096141208, 5829871.083790149539709 ], [ 465706.466172241955064, 5829881.132899884134531 ], [ 465705.776457001804374, 5829882.917414166964591 ], [ 465703.188688206253573, 5829891.182009616866708 ], [ 465700.042161223129369, 5829901.231119352392852 ], [ 465696.895634240005165, 5829911.280229086056352 ], [ 465695.735375957679935, 5829914.985763112083077 ], [ 465693.749114860198461, 5829921.329338819719851 ], [ 465690.602599921869114, 5829931.378448554314673 ], [ 465688.563198995310813, 5829941.427558287978172 ], [ 465690.882492392440327, 5829951.476668022572994 ], [ 465695.735375957621727, 5829959.943374131806195 ], [ 465696.472062761022244, 5829961.525777756236494 ], [ 465702.383376136305742, 5829971.574887489899993 ], [ 465702.65757119684713, 5829981.623997224494815 ], [ 465702.037052788306028, 5829991.673106957226992 ], [ 465701.413188256381545, 5830001.722216692753136 ], [ 465700.789224146981724, 5830011.771326426416636 ], [ 465700.166766432404984, 5830021.820436160080135 ], [ 465699.54486720089335, 5830031.869545894674957 ], [ 465698.922963440418243, 5830041.918655628338456 ], [ 465698.301054471288808, 5830051.967765362933278 ], [ 465697.679155239835382, 5830062.016875096596777 ], [ 465697.057256008381955, 5830072.065984830260277 ], [ 465696.435355782334227, 5830082.115094564855099 ], [ 465695.813443278719205, 5830092.164204298518598 ], [ 465695.735375957621727, 5830093.425674062222242 ], [ 465692.145064083044417, 5830102.213314032182097 ], [ 465685.69429491343908, 5830103.561633029021323 ], [ 465681.673717994766776, 5830102.21331403311342 ], [ 465675.653213869256433, 5830100.194310232996941 ], [ 465665.612132825073786, 5830096.827007122337818 ], [ 465655.571051780891139, 5830093.459686863236129 ], [ 465651.708013760973699, 5830092.164204298518598 ], [ 465645.529970736708492, 5830090.092381215654314 ], [ 465635.488889692525845, 5830086.725058418698609 ], [ 465625.447808648343198, 5830083.357755308970809 ], [ 465621.742295992793515, 5830082.115094564855099 ], [ 465615.406727604102343, 5830079.990432512015104 ], [ 465605.365646559919696, 5830076.623129401355982 ], [ 465595.324565515737049, 5830073.255806604400277 ], [ 465591.776593600981869, 5830072.065984830260277 ], [ 465585.283484471554402, 5830069.888499229215086 ], [ 465575.242403427371755, 5830066.762176836840808 ], [ 465565.201322383189108, 5830065.609464016743004 ], [ 465557.840203281142749, 5830072.065984830260277 ], [ 465555.160241339006461, 5830075.77690426632762 ], [ 465549.342581451230217, 5830082.115094564855099 ], [ 465545.119160294823814, 5830086.921761425212026 ], [ 465541.600071815657429, 5830092.164204299449921 ], [ 465535.078079250699375, 5830101.980428487993777 ], [ 465534.92334894411033, 5830102.213314034044743 ], [ 465528.246601938968524, 5830112.262423766776919 ], [ 465525.036998206400312, 5830117.093168452382088 ], [ 465521.569854933884926, 5830122.311533501371741 ], [ 465514.995917162217665, 5830132.206008061766624 ], [ 465514.893176084966399, 5830132.360643235035241 ], [ 465508.216429784428328, 5830142.40975296869874 ], [ 465504.954836118035018, 5830147.318747219629586 ], [ 465501.53968277934473, 5830152.458862703293562 ], [ 465494.913755073852371, 5830162.431484782136977 ], [ 465494.862935774261132, 5830162.507972436957061 ], [ 465488.186211493099108, 5830172.557082171551883 ], [ 465484.872674029669724, 5830177.544273780658841 ], [ 465481.509487560426351, 5830182.606191905215383 ], [ 465474.832763619720936, 5830192.655301638878882 ], [ 465474.831592985487077, 5830192.657063549384475 ], [ 465468.156016614637338, 5830202.704411373473704 ], [ 465464.79051194130443, 5830207.171880825422704 ], [ 465458.301037419121712, 5830212.753521107137203 ], [ 465454.749430897121783, 5830214.971678175032139 ], [ 465444.708349852939136, 5830221.66637210175395 ], [ 465442.602408312028274, 5830222.802630841732025 ], [ 465434.667268808756489, 5830227.707276459783316 ], [ 465424.626187764515635, 5830229.786470113322139 ], [ 465414.585106720332988, 5830232.423188103362918 ], [ 465414.161764756776392, 5830232.851740575395525 ], [ 465409.816149716789369, 5830242.900850309059024 ], [ 465405.470460662443656, 5830252.949960043653846 ], [ 465404.544025676208548, 5830255.09229689463973 ], [ 465401.124838099465705, 5830262.999069777317345 ], [ 465396.722994839539751, 5830273.048179511912167 ], [ 465394.502944631967694, 5830277.757534675300121 ], [ 465392.047080596210435, 5830283.097289245575666 ], [ 465386.973746741423383, 5830293.146398980170488 ], [ 465384.461863587785047, 5830297.945195013657212 ], [ 465381.713637899491005, 5830303.195508713833988 ], [ 465376.453514545515645, 5830313.244618447497487 ], [ 465374.4207825436024, 5830317.128000905737281 ], [ 465371.193371571949683, 5830323.293728182092309 ], [ 465365.933239689155016, 5830333.342837915755808 ], [ 465364.379701499419753, 5830336.310775693506002 ], [ 465360.673130847106222, 5830343.391947649419308 ], [ 465354.662975456332788, 5830353.44105738401413 ], [ 465354.338620455237105, 5830353.941840823739767 ], [ 465348.154215891845524, 5830363.490167117677629 ], [ 465344.297539411054458, 5830369.444629682227969 ], [ 465341.645456327300053, 5830373.539276852272451 ], [ 465335.136696762696374, 5830383.58838658593595 ], [ 465334.256458366813604, 5830384.947418540716171 ], [ 465328.627937198150903, 5830393.637496320530772 ], [ 465324.215377322689164, 5830400.450207399204373 ], [ 465322.119177633547224, 5830403.686606054194272 ], [ 465315.610427689738572, 5830413.735715787857771 ], [ 465314.174296278390102, 5830415.953019172884524 ], [ 465309.101691788528115, 5830423.784825522452593 ], [ 465304.133215234265663, 5830431.455785116180778 ], [ 465302.592898939969018, 5830433.83393525518477 ], [ 465296.08415272005368, 5830443.883044991642237 ], [ 465294.092134190083016, 5830446.958605760708451 ], [ 465289.42641924979398, 5830453.932154724374413 ], [ 465284.051053145900369, 5830461.785781793296337 ], [ 465282.439980558701791, 5830463.981264458037913 ], [ 465275.065892884565983, 5830474.030374192632735 ], [ 465274.009972101717722, 5830475.469325977377594 ], [ 465267.691730713413563, 5830484.079483926296234 ], [ 465263.968891057535075, 5830489.152768641710281 ], [ 465260.31756854231935, 5830494.128593660891056 ], [ 465253.927810013410635, 5830502.836299274116755 ], [ 465252.943480868125334, 5830504.177703394554555 ], [ 465253.927810013352428, 5830505.249036535620689 ], [ 465263.968891057535075, 5830513.401304585859179 ], [ 465264.98772227182053, 5830514.2268131300807 ], [ 465274.009972101717722, 5830520.99273578543216 ], [ 465279.705427536275238, 5830524.275922862812877 ], [ 465284.051053145900369, 5830526.580898595973849 ], [ 465294.092134190083016, 5830531.90681716799736 ], [ 465298.651194293866865, 5830534.325032596476376 ], [ 465304.133215234265663, 5830537.232804663479328 ], [ 465314.17429627844831, 5830542.558723235502839 ], [ 465317.596904815523885, 5830544.374142331071198 ], [ 465324.215377322630957, 5830547.884710730053484 ], [ 465334.256458366755396, 5830553.210629302076995 ], [ 465336.54264492233051, 5830554.423252064734697 ], [ 465344.297539411054458, 5830558.536547875031829 ], [ 465354.338620455237105, 5830563.862535369582474 ], [ 465355.488340737356339, 5830564.472361799329519 ], [ 465364.37970149947796, 5830569.36224583350122 ], [ 465373.563058640283998, 5830574.521471532993019 ], [ 465374.4207825436024, 5830575.074723112396896 ], [ 465384.461863587843254, 5830581.999932185746729 ], [ 465387.822940501617268, 5830584.570581266656518 ], [ 465394.502944631967694, 5830589.551023996435106 ], [ 465400.372764972154982, 5830594.61969100125134 ], [ 465404.544025676208548, 5830598.221599717624485 ], [ 465412.01033267530147, 5830604.668800734914839 ], [ 465414.585106720332988, 5830606.892151961103082 ], [ 465423.647804354899563, 5830614.717910469509661 ], [ 465424.626187764515635, 5830615.56275740172714 ], [ 465434.667268808756489, 5830624.287053762003779 ], [ 465435.21118944126647, 5830624.767020203173161 ], [ 465444.708349852939136, 5830633.208020417019725 ], [ 465446.517602167965379, 5830634.81612993683666 ], [ 465454.749430897121783, 5830642.132666590623558 ], [ 465457.8236149441218, 5830644.865239671431482 ], [ 465464.79051194130443, 5830650.996873067691922 ], [ 465469.249649261357263, 5830654.914349405094981 ], [ 465474.831592985545285, 5830659.7932512126863 ], [ 465480.746819574967958, 5830664.963459139689803 ], [ 465484.872674029669724, 5830668.569665104150772 ], [ 465492.243989888578653, 5830675.012568873353302 ], [ 465494.913755073910579, 5830677.346078996546566 ], [ 465503.741160202189349, 5830685.061678607948124 ], [ 465504.954836118035018, 5830686.122501622885466 ], [ 465514.995917162217665, 5830694.898987770080566 ], [ 465515.238235860073473, 5830695.110788341611624 ], [ 465525.036998206400312, 5830703.675403406843543 ], [ 465526.735406173742376, 5830705.159898075275123 ], [ 465535.078079250641167, 5830712.451817298308015 ], [ 465538.318379691918381, 5830715.209007809869945 ], [ 465545.119160294765607, 5830720.950547091662884 ], [ 465550.30559436022304, 5830725.258117543533444 ], [ 465555.160241339006461, 5830729.290090726688504 ], [ 465562.405028178822249, 5830735.307227278128266 ], [ 465565.201322383130901, 5830737.62968126218766 ], [ 465574.391611635801382, 5830745.356337011791766 ], [ 465575.242403427371755, 5830746.067560277879238 ], [ 465585.283484471554402, 5830754.714056765660644 ], [ 465586.122875366185326, 5830755.405446745455265 ], [ 465595.324565515737049, 5830762.878602467477322 ], [ 465598.522879442665726, 5830765.454556480050087 ], [ 465605.365646559919696, 5830771.016117982566357 ], [ 465610.818021748680621, 5830775.503666212782264 ], [ 465615.406727604160551, 5830777.31598602514714 ], [ 465625.447808648343198, 5830780.091846664436162 ], [ 465635.488889692525845, 5830780.751201471313834 ], [ 465645.529970736708492, 5830781.006412511691451 ], [ 465655.571051780832931, 5830781.261626843363047 ], [ 465665.612132825073786, 5830782.286160916090012 ], [ 465672.614665909553878, 5830785.552775948308408 ], [ 465675.653213869314641, 5830787.398081004619598 ], [ 465685.69429491343908, 5830793.495972461998463 ], [ 465689.161987495142967, 5830795.601885681971908 ], [ 465695.735375957621727, 5830799.593893419019878 ], [ 465705.709308521414641, 5830805.650995415635407 ], [ 465705.776457001862582, 5830805.691774235107005 ], [ 465715.817538046045229, 5830811.789674812927842 ], [ 465722.256630666204728, 5830815.700105150230229 ], [ 465725.858619090227876, 5830820.405931118875742 ], [ 465729.082961555221118, 5830825.749214883893728 ], [ 465727.694117114937399, 5830835.79832461848855 ], [ 465726.751667084288783, 5830845.84743435215205 ], [ 465731.638519547646865, 5830855.896544085815549 ], [ 465735.899700134410523, 5830858.557519193738699 ], [ 465745.94078117859317, 5830864.621973229572177 ], [ 465748.195356948766857, 5830865.945653820410371 ], [ 465755.981862222775817, 5830870.517177226021886 ], [ 465765.311630675569177, 5830875.99476355407387 ], [ 465766.022943266900256, 5830876.412381219677627 ], [ 465776.064024311141111, 5830881.999774598516524 ], [ 465786.105105355323758, 5830884.215380812063813 ], [ 465794.391623495495878, 5830886.043873288668692 ], [ 465796.146186399564613, 5830886.431032891385257 ], [ 465806.18726744374726, 5830888.646608214825392 ], [ 465816.228348487988114, 5830890.862220341339707 ], [ 465826.269429532112554, 5830893.07783561758697 ], [ 465836.310510576295201, 5830895.293481590226293 ], [ 465839.933857195195742, 5830896.092983022332191 ], [ 465846.351591620477848, 5830897.509063020348549 ], [ 465856.392672664602287, 5830901.096651375293732 ], [ 465860.532584824191872, 5830906.142092756927013 ], [ 465866.433753708843142, 5830912.775818152353168 ], [ 465873.181189042050391, 5830916.191202491521835 ], [ 465876.474834753025789, 5830917.858348039910197 ], [ 465886.515915797208436, 5830922.940844774246216 ], [ 465893.034408932551742, 5830926.240312224254012 ], [ 465896.556996841449291, 5830928.023341507650912 ], [ 465906.59807788557373, 5830933.105904886499047 ], [ 465914.423019287234638, 5830936.289421958848834 ], [ 465916.639158929814585, 5830936.893607898615301 ], [ 465919.800468013854697, 5830936.289421958848834 ], [ 465926.680239973997232, 5830934.974567454308271 ], [ 465936.721321018179879, 5830934.120842308737338 ], [ 465946.762402062362526, 5830934.17193322069943 ], [ 465956.803483106545173, 5830933.750867426395416 ], [ 465966.844564150786027, 5830927.806825541891158 ], [ 465969.490813957934733, 5830926.240312224254012 ], [ 465976.885645194910467, 5830921.862714169546962 ], [ 465984.474686682224274, 5830916.191202490590513 ], [ 465986.926726239151321, 5830914.601116330362856 ], [ 465989.735795818152837, 5830916.191202490590513 ], [ 465996.967807283275761, 5830919.940391259267926 ], [ 466000.636688081838656, 5830926.240312224254012 ], [ 466006.488981460395735, 5830936.289421958848834 ], [ 466007.008888327574823, 5830937.165434800088406 ], [ 466013.70491563656833, 5830946.338531693443656 ], [ 466017.04996937175747, 5830949.495868543162942 ], [ 466023.107039342517965, 5830956.387641428038478 ], [ 466027.091050415881909, 5830963.267976464703679 ], [ 466028.662129184696823, 5830966.436751160770655 ], [ 466033.64447866147384, 5830976.485860893502831 ], [ 466037.132131460006349, 5830983.520311815664172 ], [ 466038.626793390954845, 5830986.534970629028976 ], [ 466043.609136790793855, 5830996.584080362692475 ], [ 466047.173212504247203, 5831003.772614228539169 ], [ 466048.591486267570872, 5831006.633190097287297 ], [ 466053.573835744347889, 5831016.682299830950797 ], [ 466057.21429354842985, 5831024.024952104315162 ], [ 466058.556149852520321, 5831026.731409564614296 ], [ 466063.538493873667903, 5831036.780519299209118 ], [ 466067.255374592612498, 5831044.277251992374659 ], [ 466077.296455636853352, 5831039.255450669676065 ], [ 466087.337536681094207, 5831037.964499684050679 ], [ 466097.378617725218646, 5831042.644805154763162 ], [ 466103.822158890310675, 5831046.829629032872617 ], [ 466107.419698769401293, 5831048.80620788782835 ], [ 466117.46077981358394, 5831054.334027305245399 ], [ 466122.073208709887695, 5831056.878738767467439 ], [ 466127.501860857766587, 5831059.072941571474075 ], [ 466137.542941901949234, 5831063.13138503395021 ], [ 466146.935728894663043, 5831066.927848501130939 ], [ 466147.584022946131881, 5831067.22138918377459 ], [ 466157.625103990314528, 5831075.52854023873806 ], [ 466158.763415896159131, 5831076.97695823572576 ], [ 466166.661019511637278, 5831087.026067970320582 ], [ 466167.666185034555383, 5831088.305064634419978 ] ] ] } },
{ "type": "Feature", "properties": { "id": 0, "cost_level": 300.0 }, "geometry": { "type": "Polygon", "coordinates": [ [ [ 466147.584022946073674, 5830666.775855654850602 ], [ 466157.625103990314528, 5830672.543865374289453 ], [ 466162.988264595973305, 5830664.963459139689803 ], [ 466167.666185034555383, 5830658.814037435688078 ], [ 466170.384916950948536, 5830654.914349404163659 ], [ 466177.570287088456098, 5830644.865239671431482 ], [ 466177.70726607873803, 5830644.686131776310503 ], [ 466184.635080181644298, 5830634.81612993683666 ], [ 466187.748347122920677, 5830630.398392826318741 ], [ 466191.705730360466987, 5830624.767020203173161 ], [ 466197.789428167103324, 5830616.109893201850355 ], [ 466198.767628243716899, 5830614.717910469509661 ], [ 466205.829551754053682, 5830604.668800734914839 ], [ 466207.830509211285971, 5830601.821439119055867 ], [ 466212.891456015175208, 5830594.61969100125134 ], [ 466217.87159025541041, 5830587.532939492724836 ], [ 466219.953353898425121, 5830584.570581267587841 ], [ 466227.015251781675033, 5830574.521471532993019 ], [ 466227.912671299651265, 5830573.244445655494928 ], [ 466237.578918105980847, 5830564.472361799329519 ], [ 466237.953752343833912, 5830564.116235604509711 ], [ 466247.14957245712867, 5830554.423252064734697 ], [ 466247.994833388016559, 5830553.520188282243907 ], [ 466257.886067833285779, 5830544.374142331071198 ], [ 466258.035914432199206, 5830544.232709795236588 ], [ 466266.197551400749944, 5830534.325032596476376 ], [ 466265.89719926181715, 5830524.275922862812877 ], [ 466263.488090057857335, 5830514.226813129149377 ], [ 466268.076995476440061, 5830509.491480529308319 ], [ 466272.425278997048736, 5830504.177703394554555 ], [ 466278.118076520622708, 5830499.427692920900881 ], [ 466284.468946547829546, 5830494.128593660891056 ], [ 466288.159157564805355, 5830491.049520338885486 ], [ 466296.512583527597599, 5830484.079483926296234 ], [ 466298.200238608988002, 5830482.671317094936967 ], [ 466308.241319653170649, 5830474.293144512921572 ], [ 466308.556243749451824, 5830474.030374192632735 ], [ 466315.162160917650908, 5830463.981264458037913 ], [ 466318.282400697353296, 5830458.189963107928634 ], [ 466320.576424491940998, 5830453.932154724374413 ], [ 466325.990688066114672, 5830443.883044989779592 ], [ 466328.323481741535943, 5830439.553278013132513 ], [ 466331.317681052838452, 5830433.833935256116092 ], [ 466336.493690705741756, 5830423.784825522452593 ], [ 466338.36456278571859, 5830420.100977714173496 ], [ 466341.523619657149538, 5830413.735715787857771 ], [ 466346.510957103222609, 5830403.686606054194272 ], [ 466348.405643829901237, 5830399.355376030318439 ], [ 466350.346006904845126, 5830393.637496320530772 ], [ 466352.436036042461637, 5830383.58838658593595 ], [ 466354.27416702179471, 5830373.539276852272451 ], [ 466358.446724874142092, 5830364.333629760891199 ], [ 466358.878384831536096, 5830363.490167117677629 ], [ 466364.754415963077918, 5830353.44105738401413 ], [ 466368.487805918324739, 5830347.056262409314513 ], [ 466370.630445731221698, 5830343.39194765035063 ], [ 466376.506481886957772, 5830333.342837915755808 ], [ 466378.528886962507386, 5830329.884154785424471 ], [ 466382.400647721835412, 5830323.293728182092309 ], [ 466388.385908553842455, 5830313.244618447497487 ], [ 466388.569968006690033, 5830312.937492039985955 ], [ 466394.40831273997901, 5830303.195508713833988 ], [ 466398.611049050930887, 5830296.182735584676266 ], [ 466400.430717513663694, 5830293.146398980170488 ], [ 466406.453122287406586, 5830283.097289245575666 ], [ 466408.652130095055327, 5830279.427979128435254 ], [ 466412.47551485535223, 5830273.048179511912167 ], [ 466418.497900403221138, 5830262.999069777317345 ], [ 466418.693211139237974, 5830262.67316918540746 ], [ 466422.737470868858509, 5830252.949960043653846 ], [ 466428.734292183420621, 5830245.662459593266249 ], [ 466432.274028389365412, 5830242.900850309059024 ], [ 466434.654065739712678, 5830232.851740575395525 ], [ 466428.734292183420621, 5830229.282403621822596 ], [ 466418.693211139237974, 5830223.228117714636028 ], [ 466417.984885503188707, 5830222.802630841732025 ], [ 466408.652130095055327, 5830217.192795748822391 ], [ 466401.245367827592418, 5830212.753521107137203 ], [ 466398.611049050814472, 5830211.17463088221848 ], [ 466388.569968006690033, 5830205.156466015614569 ], [ 466384.809454067610204, 5830202.704411373473704 ], [ 466378.528886962449178, 5830198.283930853009224 ], [ 466371.155432580970228, 5830192.655301638878882 ], [ 466368.487805918324739, 5830190.618931630626321 ], [ 466358.446724874142092, 5830182.953973149880767 ], [ 466357.991134525917005, 5830182.606191905215383 ], [ 466348.405643829959445, 5830175.288973927497864 ], [ 466344.826889843738172, 5830172.557082171551883 ], [ 466338.36456278571859, 5830167.623974704183638 ], [ 466331.662609537655953, 5830162.507972436957061 ], [ 466328.323481741535943, 5830159.949014742858708 ], [ 466318.499459334358107, 5830152.458862703293562 ], [ 466318.282400697353296, 5830152.242877949029207 ], [ 466308.241319653170649, 5830143.046234462410212 ], [ 466307.479174353531562, 5830142.40975296869874 ], [ 466298.200238608988002, 5830133.181664371863008 ], [ 466297.222125953878276, 5830132.360643235035241 ], [ 466288.159157564805355, 5830126.848014112561941 ], [ 466279.891853460110724, 5830122.311533501371741 ], [ 466278.118076520622708, 5830121.338216856122017 ], [ 466268.076995476440061, 5830115.438849873840809 ], [ 466262.73433251620736, 5830112.262423766776919 ], [ 466258.035914432199206, 5830109.469015266746283 ], [ 466247.994833388016559, 5830103.499203969724476 ], [ 466245.832001229573507, 5830102.213314034044743 ], [ 466237.953752343833912, 5830097.529361475259066 ], [ 466228.929740460182074, 5830092.164204298518598 ], [ 466227.912671299651265, 5830091.559516138397157 ], [ 466217.871590255526826, 5830085.582517940551043 ], [ 466212.027409173548222, 5830082.115094564855099 ], [ 466207.830509211227763, 5830079.619870234280825 ], [ 466197.789428167103324, 5830073.632389442063868 ], [ 466195.163309971743729, 5830072.065984830260277 ], [ 466187.748347122920677, 5830067.631664068438113 ], [ 466178.318310555943754, 5830062.016875096596777 ], [ 466177.707266078679822, 5830061.65209774300456 ], [ 466167.666185034555383, 5830055.653200738132 ], [ 466161.500545879476704, 5830051.967765362933278 ], [ 466157.625103990256321, 5830049.651257857680321 ], [ 466147.584022946131881, 5830043.649704221636057 ], [ 466144.683069156308193, 5830041.918655628338456 ], [ 466137.542941901949234, 5830037.789929272606969 ], [ 466127.501860857824795, 5830032.576164830476046 ], [ 466126.042242610652465, 5830031.869545894674957 ], [ 466117.46077981358394, 5830027.852575536817312 ], [ 466107.419698769401293, 5830023.152323559857905 ], [ 466104.574406775587704, 5830021.820436160080135 ], [ 466097.378617725218646, 5830018.452071581967175 ], [ 466087.337536681035999, 5830013.751856029033661 ], [ 466083.106559629435651, 5830011.771326426416636 ], [ 466077.296455636853352, 5830009.051604052074254 ], [ 466067.255374592612498, 5830004.351388499140739 ], [ 466061.638712483108975, 5830001.722216692753136 ], [ 466057.21429354842985, 5829999.65113652125001 ], [ 466047.173212504247203, 5829996.234225980006158 ], [ 466044.359573798661586, 5830001.722216693684459 ], [ 466043.592054969281889, 5830011.771326426416636 ], [ 466042.82452868972905, 5830021.820436159148812 ], [ 466042.057005887734704, 5830031.869545894674957 ], [ 466037.132131460064556, 5830036.130656387656927 ], [ 466027.091050415881909, 5830037.458085618913174 ], [ 466017.049969371699262, 5830041.338595737703145 ], [ 466016.520474574761465, 5830041.918655628338456 ], [ 466010.426683744299226, 5830051.967765362933278 ], [ 466007.008888327516615, 5830057.603961640037596 ], [ 466004.210220248089172, 5830062.016875096596777 ], [ 465997.412507393048145, 5830072.065984830260277 ], [ 465996.967807283333968, 5830072.769086389802396 ], [ 465991.489025394723285, 5830082.115094564855099 ], [ 465986.926726239151321, 5830089.89771596994251 ], [ 465985.598073944740463, 5830092.164204298518598 ], [ 465979.707122494699433, 5830102.21331403311342 ], [ 465976.885645194910467, 5830107.037124389782548 ], [ 465966.844564150669612, 5830108.461007577367127 ], [ 465956.803483106545173, 5830107.116243763826787 ], [ 465946.762402062362526, 5830105.771494196727872 ], [ 465936.721321018179879, 5830104.426744629628956 ], [ 465926.680239973997232, 5830103.081995062530041 ], [ 465920.193904651445337, 5830102.213314034044743 ], [ 465916.639158929814585, 5830101.737245495431125 ], [ 465906.59807788557373, 5830099.887131952680647 ], [ 465896.556996841449291, 5830097.495056264102459 ], [ 465886.515915797208436, 5830095.102980574592948 ], [ 465876.474834753025789, 5830092.710904885083437 ], [ 465868.406637379841413, 5830102.21331403311342 ], [ 465866.433753708843142, 5830105.866248233243823 ], [ 465863.585040158824995, 5830112.262423766776919 ], [ 465859.109391403850168, 5830122.311533501371741 ], [ 465856.392672664660495, 5830128.192166483029723 ], [ 465854.276449240802322, 5830132.360643235035241 ], [ 465848.149769208859652, 5830142.40975296869874 ], [ 465846.351591620477848, 5830145.359158682636917 ], [ 465842.023069748887792, 5830152.458862703293562 ], [ 465836.310510576236993, 5830161.828684671781957 ], [ 465835.896366116707213, 5830162.507972436957061 ], [ 465829.767999519710429, 5830172.557082171551883 ], [ 465826.269429532112554, 5830178.284908765926957 ], [ 465823.629987556952983, 5830182.606191905215383 ], [ 465817.887163379462436, 5830192.655301638878882 ], [ 465816.228348487871699, 5830195.783065369352698 ], [ 465812.557600691914558, 5830202.704411374405026 ], [ 465807.228006073914003, 5830212.753521107137203 ], [ 465806.18726744374726, 5830214.715876616537571 ], [ 465801.898443386307918, 5830222.802630841732025 ], [ 465796.360814044252038, 5830232.851740575395525 ], [ 465796.146186399506405, 5830233.17633614782244 ], [ 465789.716186264122371, 5830242.900850309059024 ], [ 465786.105105355323758, 5830248.710205475799739 ], [ 465783.460596696066204, 5830252.949960043653846 ], [ 465777.272816870186944, 5830262.999069777317345 ], [ 465776.064024311141111, 5830264.846323287114501 ], [ 465770.696952208643779, 5830273.048179511912167 ], [ 465766.022943266900256, 5830280.190909961238503 ], [ 465764.039480594801717, 5830283.097289245575666 ], [ 465756.887990619055927, 5830293.146398980170488 ], [ 465755.981862222775817, 5830294.37377596180886 ], [ 465750.540758015646134, 5830303.195508713833988 ], [ 465745.94078117859317, 5830310.942769371904433 ], [ 465744.637116466125008, 5830313.244618447497487 ], [ 465738.945748647674918, 5830323.293728182092309 ], [ 465735.899700134410523, 5830328.672088848426938 ], [ 465733.238245337852277, 5830333.342837915755808 ], [ 465725.885077891871333, 5830343.39194765035063 ], [ 465725.858619090227876, 5830343.422214875929058 ], [ 465715.817538046045229, 5830353.236147489398718 ], [ 465715.607886243320536, 5830353.441057384945452 ], [ 465705.776457001804374, 5830363.050119207240641 ], [ 465705.326225754455663, 5830363.490167117677629 ], [ 465696.916498303646222, 5830373.539276852272451 ], [ 465695.735375957621727, 5830375.247806409373879 ], [ 465689.969455442100298, 5830383.58838658593595 ], [ 465685.694294913497288, 5830389.772568436339498 ], [ 465683.022448008181527, 5830393.637496320530772 ], [ 465676.075440574320965, 5830403.686606054194272 ], [ 465675.653213869256433, 5830404.297369882464409 ], [ 465669.128397712716833, 5830413.735715787857771 ], [ 465665.612132825073786, 5830420.352939240634441 ], [ 465663.440998218371533, 5830423.784825522452593 ], [ 465665.612132825073786, 5830425.758724238723516 ], [ 465675.653213869256433, 5830432.889033104293048 ], [ 465676.98384894564515, 5830433.833935256116092 ], [ 465685.69429491343908, 5830440.019341971725225 ], [ 465691.135259094764479, 5830443.883044990710914 ], [ 465695.735375957563519, 5830447.14965083822608 ], [ 465705.286669243883807, 5830453.932154724374413 ], [ 465705.776457001804374, 5830454.279959704726934 ], [ 465715.817538046045229, 5830461.410268571227789 ], [ 465719.438098864397034, 5830463.981264458037913 ], [ 465725.858619090227876, 5830468.54055648855865 ], [ 465733.589531118923333, 5830474.030374192632735 ], [ 465735.899700134410523, 5830475.670847957022488 ], [ 465745.94078117859317, 5830482.801156824454665 ], [ 465747.740953692176845, 5830484.079483926296234 ], [ 465755.981862222775817, 5830489.93146569095552 ], [ 465761.892363841296174, 5830494.128593660891056 ], [ 465766.022943266958464, 5830497.061774557456374 ], [ 465776.043773990415502, 5830504.177703394554555 ], [ 465776.064024311141111, 5830504.192083423957229 ], [ 465786.105105355381966, 5830505.323147623799741 ], [ 465786.380387254059315, 5830504.177703394554555 ], [ 465786.830507792939898, 5830494.128593660891056 ], [ 465787.387913440586999, 5830484.079483926296234 ], [ 465788.163266144227237, 5830474.030374192632735 ], [ 465792.051282915694173, 5830463.981264458037913 ], [ 465796.146186399506405, 5830460.61152883246541 ], [ 465800.624124935013242, 5830453.932154724374413 ], [ 465802.42124907777179, 5830443.883044990710914 ], [ 465805.192229345790111, 5830433.833935256116092 ], [ 465806.18726744374726, 5830431.196571896784008 ], [ 465816.228348487988114, 5830431.092665709555149 ], [ 465826.269429532112554, 5830430.988754611462355 ], [ 465830.044749692315236, 5830433.833935256116092 ], [ 465836.310510576236993, 5830436.511797480285168 ], [ 465843.673309253121261, 5830443.883044990710914 ], [ 465846.351591620477848, 5830445.587322324514389 ], [ 465854.687911718559917, 5830453.932154724374413 ], [ 465856.392672664602287, 5830455.63087151106447 ], [ 465864.734556059527677, 5830463.981264458037913 ], [ 465866.433753708843142, 5830465.682195458561182 ], [ 465874.773428363958374, 5830474.030374193564057 ], [ 465876.474834753025789, 5830475.733516186475754 ], [ 465884.812297449971084, 5830484.079483926296234 ], [ 465886.515915797208436, 5830485.784840133972466 ], [ 465894.851166536100209, 5830494.128593659959733 ], [ 465896.556996841449291, 5830495.836163424886763 ], [ 465904.890036281198263, 5830504.177703394554555 ], [ 465906.598077885631938, 5830505.887487371452153 ], [ 465914.928908582194708, 5830514.226813129149377 ], [ 465916.639158929814585, 5830516.213546936400235 ], [ 465923.771255534957163, 5830524.275922862812877 ], [ 465926.680239973997232, 5830532.159101815894246 ], [ 465930.519213396299165, 5830524.275922862812877 ], [ 465936.721321018179879, 5830520.668511902913451 ], [ 465946.762402062304318, 5830518.525370208546519 ], [ 465956.803483106545173, 5830515.122275363653898 ], [ 465958.700957941706292, 5830514.226813128218055 ], [ 465966.844564150786027, 5830510.104789612814784 ], [ 465976.885645194910467, 5830511.986914216540754 ], [ 465979.266319739981554, 5830514.226813129149377 ], [ 465983.67768599226838, 5830524.275922862812877 ], [ 465984.430534871702548, 5830534.325032596476376 ], [ 465984.637166598928161, 5830544.374142331071198 ], [ 465986.586882265401073, 5830554.423252064734697 ], [ 465986.926726239151321, 5830554.915836869738996 ], [ 465994.599774330097716, 5830564.472361799329519 ], [ 465995.514648334123194, 5830574.521471532061696 ], [ 465995.896694099239539, 5830584.570581266656518 ], [ 465996.361700068053324, 5830594.61969100125134 ], [ 465996.967807283333968, 5830595.599269495345652 ], [ 466006.834197790536564, 5830604.668800734914839 ], [ 466007.008888327516615, 5830606.386448949575424 ], [ 466017.049969371641055, 5830607.675227410160005 ], [ 466027.091050415881909, 5830608.964005872607231 ], [ 466037.132131460064556, 5830610.252784334123135 ], [ 466047.173212504247203, 5830611.541562795639038 ], [ 466057.21429354842985, 5830612.830341257154942 ], [ 466066.075893041095696, 5830614.717910469509661 ], [ 466067.255374592612498, 5830615.03519590664655 ], [ 466077.296455636853352, 5830621.502773619256914 ], [ 466082.364282566239126, 5830624.767020203173161 ], [ 466087.337536680977792, 5830627.970351330935955 ], [ 466097.378617725218646, 5830634.437929043546319 ], [ 466097.965784357045777, 5830634.81612993683666 ], [ 466107.419698769343086, 5830640.90552981197834 ], [ 466113.567227076739073, 5830644.865239671431482 ], [ 466117.460779813642148, 5830647.37312251701951 ], [ 466127.501860857766587, 5830653.840700229629874 ], [ 466129.168728867545724, 5830654.914349405094981 ], [ 466137.542941901949234, 5830660.308277942240238 ], [ 466144.770230658352375, 5830664.963459139689803 ], [ 466147.584022946073674, 5830666.775855654850602 ] ] ] } }
]
}
