{
"type": "FeatureCollection",
"name": "interpolation",
"crs": { "type": "name", "properties": { "name": "urn:ogc:def:crs:EPSG::32637" } },
"features": [
{ "type": "Feature", "properties": { "id": 4, "cost_level": 1500.0 }, "geometry": { "type": "Polygon", "coordinates": [ [ [ 300612.502437284449115, 5927305.597735725343227 ], [ 300622.550640299508814, 5927304.483559842221439 ], [ 300632.598843314568512, 5927303.353032533079386 ], [ 300640.614999580662698, 5927302.475805337540805 ], [ 300642.647046329628211, 5927302.261100331321359 ], [ 300652.695249344746117, 5927301.217770125716925 ], [ 300662.743452359805815, 5927300.159319733269513 ], [ 300672.791655374865513, 5927299.085549560375512 ], [ 300682.839858389925212, 5927297.995862489566207 ], [ 300692.888061405043118, 5927296.890035480260849 ], [ 300702.936264420102816, 5927295.807100965641439 ], [ 300712.984467435162514, 5927294.732773437164724 ], [ 300723.032670450222213, 5927293.658445907756686 ], [ 300733.080873465340119, 5927292.584249171428382 ], [ 300734.406932884419803, 5927292.442470374517143 ], [ 300743.129076480399817, 5927291.517063172534108 ], [ 300753.177279495459516, 5927290.436195640824735 ], [ 300763.225482510519214, 5927289.361266585066915 ], [ 300773.27368552563712, 5927288.287069849669933 ], [ 300783.321888540696818, 5927287.212742320261896 ], [ 300793.370091555756517, 5927286.138414791785181 ], [ 300803.418294570816215, 5927285.064218055456877 ], [ 300813.466497585934121, 5927283.989890526048839 ], [ 300823.514700600935612, 5927282.915562997572124 ], [ 300828.251326127443463, 5927282.40913541149348 ], [ 300833.562903616053518, 5927281.841235469095409 ], [ 300843.611106631113216, 5927280.767038731835783 ], [ 300853.659309646231122, 5927279.692711203359067 ], [ 300863.707512661290821, 5927278.618383674882352 ], [ 300873.755715676350519, 5927277.544186938554049 ], [ 300883.803918691410217, 5927276.469859410077333 ], [ 300893.852121706586331, 5927275.308854015544057 ], [ 300903.900324721587822, 5927274.207509938627481 ], [ 300913.94852773664752, 5927272.971697543747723 ], [ 300918.527147030981723, 5927272.375800448469818 ], [ 300923.996730751707219, 5927271.653320055454969 ], [ 300934.044933766825125, 5927270.356317152269185 ], [ 300944.093136781884823, 5927269.048647509887815 ], [ 300954.141339796944521, 5927267.740936759859324 ], [ 300964.189542811946012, 5927266.433307593688369 ], [ 300974.237745827122126, 5927265.125590225681663 ], [ 300984.285948842181824, 5927263.817945152521133 ], [ 300994.33415185729973, 5927262.433249312452972 ], [ 300994.987046189431567, 5927262.342465486377478 ], [ 301004.382354872301221, 5927261.03304591961205 ], [ 301014.430557887419127, 5927259.632632788270712 ], [ 301024.478760902478825, 5927258.232219657860696 ], [ 301034.526963917538524, 5927256.831806526519358 ], [ 301044.575166932598222, 5927255.431393396109343 ], [ 301054.623369947716128, 5927254.030980264768004 ], [ 301064.671572962775826, 5927252.630567134357989 ], [ 301066.977935461443849, 5927252.309130523353815 ], [ 301074.719775977835525, 5927251.230154003947973 ], [ 301084.767978992895223, 5927249.829740872606635 ], [ 301094.816182008013129, 5927248.492507102899253 ], [ 301104.864385023072828, 5927248.158069211058319 ], [ 301114.912588038132526, 5927248.017619276419282 ], [ 301124.960791053192224, 5927247.877038447186351 ], [ 301135.00899406831013, 5927247.736588511615992 ], [ 301145.057197083369829, 5927247.596138576976955 ], [ 301155.105400098429527, 5927247.455688642337918 ], [ 301165.153603113547433, 5927247.315107813104987 ], [ 301175.201806128607132, 5927247.174657877534628 ], [ 301185.250009143608622, 5927247.034207941964269 ], [ 301195.298212158726528, 5927246.893758007325232 ], [ 301205.346415173844434, 5927246.753308072686195 ], [ 301215.39461818896234, 5927246.612727243453264 ], [ 301225.442821203963831, 5927246.472277307882905 ], [ 301235.491024218965322, 5927246.331827372312546 ], [ 301245.539227234141435, 5927246.191377438604832 ], [ 301255.587430249201134, 5927246.050927503034472 ], [ 301265.635633264260832, 5927245.910346673801541 ], [ 301275.683836279320531, 5927245.773592944256961 ], [ 301285.732039294438437, 5927245.804326645098627 ], [ 301295.780242309498135, 5927245.838314460590482 ], [ 301305.828445324557833, 5927245.876066203229129 ], [ 301315.876648339617532, 5927246.276973137632012 ], [ 301325.924851354735438, 5927246.682800723239779 ], [ 301335.973054369795136, 5927247.088628308847547 ], [ 301346.021257384854835, 5927247.494455894455314 ], [ 301356.069460399914533, 5927247.90036952495575 ], [ 301366.117663415032439, 5927248.306203320622444 ], [ 301376.165866430092137, 5927248.572796712629497 ], [ 301386.214069445151836, 5927248.80384093336761 ], [ 301396.262272460211534, 5927246.357566421851516 ], [ 301398.711747139284853, 5927242.275795560330153 ], [ 301404.165970787580591, 5927232.24246059730649 ], [ 301406.31047547532944, 5927228.362726722843945 ], [ 301409.711849591403734, 5927222.20912563521415 ], [ 301415.257711580372415, 5927212.175790672190487 ], [ 301416.358678490389138, 5927210.184005155228078 ], [ 301420.80360719905002, 5927202.142455709166825 ], [ 301426.406881505448837, 5927193.128920139744878 ], [ 301427.000038502505049, 5927192.109120747074485 ], [ 301434.6068193812971, 5927182.075785784050822 ], [ 301436.455084520508535, 5927179.655789236538112 ], [ 301442.269824233604595, 5927172.04245082102716 ], [ 301446.503287535626441, 5927166.49950472638011 ], [ 301449.932808628829662, 5927162.009115858003497 ], [ 301456.55149055068614, 5927153.343050010502338 ], [ 301457.595751765009481, 5927151.975780895911157 ], [ 301465.258780528849456, 5927141.942445932887495 ], [ 301466.599693565745838, 5927140.186765499413013 ], [ 301472.921809292747639, 5927131.909110969863832 ], [ 301476.647896580805536, 5927127.030480990186334 ], [ 301480.584787123952992, 5927121.875776005908847 ], [ 301486.696099595923442, 5927113.874026274308562 ], [ 301488.247736824094318, 5927111.842441044747829 ], [ 301495.910765587934293, 5927101.809106081724167 ], [ 301496.744302610983141, 5927100.71774176415056 ], [ 301503.573705997900106, 5927091.775771118700504 ], [ 301506.792505626042839, 5927087.561358541250229 ], [ 301511.236765619018115, 5927081.742436155676842 ], [ 301516.840708641102538, 5927077.451748726889491 ], [ 301523.905847559450194, 5927071.709101193584502 ], [ 301526.888911656220444, 5927069.734356312081218 ], [ 301536.937114671280142, 5927063.082592609338462 ], [ 301539.062251016148366, 5927061.675766230560839 ], [ 301546.98531768633984, 5927056.430790222249925 ], [ 301554.218618120183237, 5927051.642431267537177 ], [ 301557.033520701399539, 5927048.872670311480761 ], [ 301562.87584853178123, 5927041.609096305444837 ], [ 301563.708514712750912, 5927031.575761342421174 ], [ 301567.081723716517445, 5927025.608766792342067 ], [ 301571.367473011021502, 5927021.542426379397511 ], [ 301577.129926731577143, 5927019.619829664938152 ], [ 301587.178129746636841, 5927017.269030023366213 ], [ 301597.22633276169654, 5927014.95414362847805 ], [ 301607.274535776814446, 5927013.218096576631069 ], [ 301617.322738791874144, 5927011.748943481594324 ], [ 301617.70729238842614, 5927011.509091416373849 ], [ 301625.857891598192509, 5927001.475756454281509 ], [ 301627.370941806933843, 5926999.613201424479485 ], [ 301634.008433685754426, 5926991.442421491257846 ], [ 301637.419144821993541, 5926988.986348271369934 ], [ 301647.467347837111447, 5926983.944205423817039 ], [ 301651.999730479554273, 5926981.409086529165506 ], [ 301657.515550852171145, 5926977.554141141474247 ], [ 301666.355942606111057, 5926971.375751565210521 ], [ 301667.563753867230844, 5926970.399396202526987 ], [ 301677.602606622269377, 5926961.342416603118181 ], [ 301677.611956882290542, 5926961.335291774012148 ], [ 301687.660159897408448, 5926954.128085030242801 ], [ 301692.836920674599241, 5926951.309081640094519 ], [ 301697.708362912468147, 5926949.399410648271441 ], [ 301707.756565927527845, 5926948.847397348843515 ], [ 301717.804768942587543, 5926946.750006014481187 ], [ 301727.852971957647242, 5926942.320774087682366 ], [ 301730.223732339974958, 5926941.275746676139534 ], [ 301737.901174972765148, 5926937.891542160883546 ], [ 301747.949377987824846, 5926933.462293296121061 ], [ 301752.985376512166113, 5926931.242411714978516 ], [ 301757.997581002884544, 5926929.033018607646227 ], [ 301768.04578401800245, 5926924.301127411425114 ], [ 301771.709618199616671, 5926921.209076751954854 ], [ 301778.093987033062149, 5926915.78958470467478 ], [ 301780.101847636455204, 5926911.175741789862514 ], [ 301788.142190048121847, 5926902.428731821477413 ], [ 301789.108261563291308, 5926901.142406826838851 ], [ 301793.575115138082765, 5926891.109071863815188 ], [ 301798.190393063239753, 5926884.510074397549033 ], [ 301802.362220665672794, 5926881.075736900791526 ], [ 301808.238596078299452, 5926875.452995383180678 ], [ 301813.176534988626372, 5926871.042401937767863 ], [ 301818.28679909335915, 5926864.823110520839691 ], [ 301823.169472321867943, 5926861.009066974744201 ], [ 301828.335002108418848, 5926858.15250298846513 ], [ 301838.383205123478547, 5926852.339134076610208 ], [ 301841.69094052806031, 5926850.975732012651861 ], [ 301848.431408138596453, 5926848.059729343280196 ], [ 301858.479611153656151, 5926847.109245750121772 ], [ 301868.52781416871585, 5926848.653800955973566 ], [ 301878.576017183775548, 5926849.591379202902317 ], [ 301888.624220198835246, 5926849.797124423086643 ], [ 301898.672423213953152, 5926850.002739424817264 ], [ 301908.720626229012851, 5926850.208484645932913 ], [ 301918.768829244072549, 5926850.414099647663534 ], [ 301928.817032259190455, 5926850.619844868779182 ], [ 301938.865235274250153, 5926850.825459870509803 ], [ 301946.204239248530939, 5926850.975732012651861 ], [ 301948.913438289309852, 5926851.031205090694129 ], [ 301958.96164130436955, 5926851.236820093356073 ], [ 301969.009844319429249, 5926851.442565313540399 ], [ 301979.058047334547155, 5926851.64818031527102 ], [ 301989.106250349606853, 5926851.853925536386669 ], [ 301999.154453364666551, 5926852.05954053811729 ], [ 302009.202656379784457, 5926852.265285759232938 ], [ 302019.250859394844156, 5926852.470900760963559 ], [ 302029.299062409903854, 5926852.676645981147885 ], [ 302039.347265424963553, 5926852.882260982878506 ], [ 302049.395468440081459, 5926853.088006203994155 ], [ 302059.443671455141157, 5926853.293621205724776 ], [ 302069.491874470200855, 5926853.499366426840425 ], [ 302079.540077485260554, 5926853.704981428571045 ], [ 302089.58828050037846, 5926853.910726648755372 ], [ 302099.636483515438158, 5926854.116341650485992 ], [ 302109.684686530497856, 5926854.36597182136029 ], [ 302119.732889545557555, 5926854.711758192628622 ], [ 302129.781092560675461, 5926855.042721386998892 ], [ 302139.829295575735159, 5926855.35977147333324 ], [ 302149.877498590794858, 5926855.663731511682272 ], [ 302159.925701605854556, 5926855.955358737148345 ], [ 302169.973904620972462, 5926856.235495407134295 ], [ 302180.02210763603216, 5926856.504746899008751 ], [ 302190.070310651091859, 5926856.76375166233629 ], [ 302200.118513666151557, 5926857.013014033436775 ], [ 302210.166716681269463, 5926857.253194622695446 ], [ 302220.214919696329162, 5926857.533435102552176 ], [ 302230.26312271138886, 5926853.798445192165673 ], [ 302232.356065592670348, 5926850.975732012651861 ], [ 302237.6484794166754, 5926840.942397049628198 ], [ 302240.311325726448558, 5926837.998332675546408 ], [ 302248.682646624918561, 5926830.909062086604536 ], [ 302250.359528741566464, 5926829.593846017494798 ], [ 302260.407731756626163, 5926821.436536429449916 ], [ 302261.098538656835444, 5926820.875727123580873 ], [ 302270.455934771685861, 5926813.279226840473711 ], [ 302273.457568951766007, 5926810.842392161488533 ], [ 302280.504137786745559, 5926805.121733920648694 ], [ 302285.816508339135908, 5926800.80905719846487 ], [ 302290.552340801863465, 5926796.964424332603812 ], [ 302298.175606094126124, 5926790.775722235441208 ], [ 302300.600543816923164, 5926788.807114743627608 ], [ 302310.534480589500163, 5926780.742387273348868 ], [ 302310.648746831982862, 5926780.649621824733913 ], [ 302320.696949847042561, 5926772.492312235757709 ], [ 302322.893575776426587, 5926770.709052310325205 ], [ 302330.745152862160467, 5926764.335002646781504 ], [ 302335.252673531416804, 5926760.675717347301543 ], [ 302340.793355877220165, 5926756.1776930578053 ], [ 302347.611618049850222, 5926750.64238238427788 ], [ 302350.841558892279863, 5926748.020200137980282 ], [ 302360.144598236423917, 5926740.60904742218554 ], [ 302360.889761907339562, 5926740.009351283311844 ], [ 302370.937964922457468, 5926731.197713970206678 ], [ 302371.626588110055309, 5926730.575712459161878 ], [ 302380.986167937517166, 5926722.121636399999261 ], [ 302382.734612218453549, 5926720.542377496138215 ], [ 302391.034370952576865, 5926713.045602473430336 ], [ 302393.842623228440061, 5926710.509042533114552 ], [ 302401.082573967636563, 5926703.969541373662651 ], [ 302404.950634238484781, 5926700.475707571022213 ], [ 302411.130776982754469, 5926694.893576322123408 ], [ 302415.827710748882964, 5926690.44237260799855 ], [ 302421.178979997814167, 5926685.402113225311041 ], [ 302427.537990869896021, 5926680.409037644974887 ], [ 302431.227183012873866, 5926677.418451257050037 ], [ 302434.390964471385814, 5926670.375702681951225 ], [ 302439.168620347219985, 5926660.342367719858885 ], [ 302441.275386027933564, 5926656.131860699504614 ], [ 302443.01555974438088, 5926650.309032756835222 ], [ 302446.014059092907701, 5926640.27569779381156 ], [ 302449.012558441376314, 5926630.242362830787897 ], [ 302451.32358904305147, 5926622.509506839327514 ], [ 302452.166453634214122, 5926620.209027868695557 ], [ 302455.563413089490496, 5926610.175692905671895 ], [ 302458.565261035517324, 5926600.142357943579555 ], [ 302461.237091300252359, 5926590.109022980555892 ], [ 302461.371792058111168, 5926589.63158521708101 ], [ 302465.463239299191628, 5926580.075688017532229 ], [ 302470.233991376240738, 5926570.042353054508567 ], [ 302471.419995073170867, 5926567.587348901666701 ], [ 302473.808527603978291, 5926560.009018091484904 ], [ 302476.733397356583737, 5926549.975683129392564 ], [ 302479.961944982293062, 5926539.942348166368902 ], [ 302481.468198088230565, 5926535.706271996721625 ], [ 302483.295373697939795, 5926529.909013203345239 ], [ 302486.457672567106783, 5926519.875678241252899 ], [ 302489.589868639537599, 5926509.842343278229237 ], [ 302491.516401103348471, 5926503.825195092707872 ], [ 302492.782219791959506, 5926499.809008315205574 ], [ 302495.944518661126494, 5926489.775673352181911 ], [ 302499.0221680769464, 5926479.742338391020894 ], [ 302501.56460411840817, 5926471.94415389187634 ], [ 302502.269069427333307, 5926469.709003427065909 ], [ 302505.43136475502979, 5926459.675668464042246 ], [ 302508.43147941865027, 5926449.642333501018584 ], [ 302511.612807133467868, 5926440.063048535957932 ], [ 302511.755912699212786, 5926439.608998538926244 ], [ 302514.814438938570675, 5926429.575663575902581 ], [ 302517.816526519367471, 5926419.542328612878919 ], [ 302521.169027882744558, 5926409.508993649855256 ], [ 302521.661010148527566, 5926408.027319043874741 ], [ 302524.156987391761504, 5926399.475658686831594 ], [ 302527.175875394255854, 5926389.442323724739254 ], [ 302530.481085388106294, 5926379.408988761715591 ], [ 302531.709213163645472, 5926375.706487685441971 ], [ 302533.473284110019449, 5926369.375653799623251 ], [ 302536.449288688949309, 5926359.342318836599588 ], [ 302539.534735428693239, 5926349.308983873575926 ], [ 302541.757416178705171, 5926342.853231174871325 ], [ 302542.761802783817984, 5926339.275648910552263 ], [ 302545.489486395032145, 5926329.242313948459923 ], [ 302548.456566583889071, 5926319.208978985436261 ], [ 302551.805619193764869, 5926309.927772425115108 ], [ 302552.020861648255959, 5926309.175644022412598 ], [ 302554.394040636951104, 5926299.142309058457613 ], [ 302557.243741872604005, 5926289.108974097296596 ], [ 302560.516182539460715, 5926279.075639134272933 ], [ 302561.853822208824567, 5926274.400363989174366 ], [ 302563.109107962169219, 5926269.04230417124927 ], [ 302565.832522850425448, 5926259.008969208225608 ], [ 302568.728779898257926, 5926248.975634246133268 ], [ 302571.599163991224486, 5926238.942299283109605 ], [ 302571.902025223942474, 5926237.807472568936646 ], [ 302574.175164639775176, 5926228.90896431915462 ], [ 302576.888051435700618, 5926218.875629357993603 ], [ 302579.632284888299182, 5926208.84229439496994 ], [ 302581.950228239002172, 5926200.156992080621421 ], [ 302582.299495529267006, 5926198.808959431946278 ], [ 302584.987674379779492, 5926188.775624468922615 ], [ 302587.665408395696431, 5926178.742289506830275 ], [ 302590.343116231553722, 5926168.708954543806612 ], [ 302591.99843125406187, 5926162.506511593237519 ], [ 302593.02081525529502, 5926158.67561958078295 ], [ 302595.698500011814758, 5926148.64228461869061 ], [ 302598.376184768334497, 5926138.608949655666947 ], [ 302601.053869524796028, 5926128.575614692643285 ], [ 302602.046634269121569, 5926124.855706591159105 ], [ 302603.731568803894334, 5926118.5422797286883 ], [ 302606.409276639693417, 5926108.50894476659596 ], [ 302609.086984475608915, 5926098.47560980450362 ], [ 302611.764692311407998, 5926088.442274841479957 ], [ 302612.094837284297682, 5926087.205226103775203 ], [ 302614.442379913467448, 5926078.408939877524972 ], [ 302617.120064669987187, 5926068.375604916363955 ], [ 302619.797749426448718, 5926058.342269953340292 ], [ 302622.143040299299173, 5926049.554421101696789 ], [ 302622.475437047891319, 5926048.308934990316629 ], [ 302625.153205545502715, 5926038.275600027292967 ], [ 302627.830890301964246, 5926028.242265065200627 ], [ 302630.508575058542192, 5926018.208930102176964 ], [ 302632.191243314358871, 5926011.903940614312887 ], [ 302633.186268391204067, 5926008.175595139153302 ], [ 302635.86397622700315, 5925998.142260176129639 ], [ 302638.541684062802233, 5925988.108925214037299 ], [ 302641.219391898659524, 5925978.075590251013637 ], [ 302642.23944632941857, 5925974.253460125997663 ], [ 302643.897085447097197, 5925968.042255287989974 ], [ 302646.574770203616936, 5925958.008920326828957 ], [ 302649.252454960136674, 5925947.975585362873971 ], [ 302651.930139716656413, 5925937.942250399850309 ], [ 302652.287649344536476, 5925936.602655124850571 ], [ 302654.607844471058343, 5925927.908915437757969 ], [ 302657.285552306857426, 5925917.875580474734306 ], [ 302659.963260142714716, 5925907.842245511710644 ], [ 302662.335852359596174, 5925898.952174636535347 ], [ 302662.64096534869168, 5925897.808910548686981 ], [ 302665.318650105211418, 5925887.775575585663319 ], [ 302667.996383650170173, 5925877.742240623570979 ], [ 302670.674091485969257, 5925867.708905660547316 ], [ 302672.384055374655873, 5925861.301694149151444 ], [ 302673.351790980785154, 5925857.675570697523654 ], [ 302676.029475737246685, 5925847.642235735431314 ], [ 302678.707160493766423, 5925837.608900772407651 ], [ 302681.384845250286162, 5925827.575565809383988 ], [ 302682.432258389715571, 5925823.65088914707303 ], [ 302684.062544058309868, 5925817.542230847291648 ], [ 302682.432258389715571, 5925810.481763657182455 ], [ 302672.384055374655873, 5925809.725353591144085 ], [ 302662.335852359596174, 5925810.656405298039317 ], [ 302652.287649344536476, 5925811.587360753677785 ], [ 302649.976285081473179, 5925807.508895884267986 ], [ 302652.287649344536476, 5925802.801025604829192 ], [ 302654.892813635524362, 5925797.475560921244323 ], [ 302660.268490809947252, 5925787.442225958220661 ], [ 302662.335852359596174, 5925783.88154305331409 ], [ 302666.093926961009856, 5925777.408890994265676 ], [ 302671.919363112130668, 5925767.375556033104658 ], [ 302672.384055374655873, 5925766.57521210052073 ], [ 302677.744834608980455, 5925757.342221070080996 ], [ 302682.432258389715571, 5925749.268965331837535 ], [ 302683.570302601903677, 5925747.308886107057333 ], [ 302689.395747334463522, 5925737.27555114403367 ], [ 302692.480461404891685, 5925731.962649461813271 ], [ 302695.221183485584334, 5925727.24221618194133 ], [ 302701.046630811993964, 5925717.208881218917668 ], [ 302702.528664419893175, 5925714.65634129755199 ], [ 302706.872098804917186, 5925707.175546255894005 ], [ 302712.576867434952874, 5925697.350094529800117 ], [ 302712.697567707975395, 5925697.142211293801665 ], [ 302718.523003858979791, 5925687.108876330778003 ], [ 302720.374439435836393, 5925677.07554136775434 ], [ 302720.319961226719897, 5925667.042206404730678 ], [ 302720.265555388526991, 5925657.008871442638338 ], [ 302720.951342536252923, 5925646.975536479614675 ], [ 302722.625070450012572, 5925641.073514213785529 ], [ 302723.764030049496796, 5925636.94220151565969 ], [ 302725.700245807063766, 5925626.908866554498672 ], [ 302728.420260583632626, 5925616.87553159147501 ], [ 302731.154465485713445, 5925606.842196628451347 ], [ 302732.673273465130478, 5925602.608921214938164 ], [ 302734.898652202449739, 5925596.808861665427685 ], [ 302739.978582018113229, 5925586.775526702404022 ], [ 302742.721476480190177, 5925579.631457543000579 ], [ 302743.722763617755845, 5925576.742191740311682 ], [ 302746.459398623963352, 5925566.708856776356697 ], [ 302743.085988942766562, 5925556.675521814264357 ], [ 302742.721476480190177, 5925554.331205386668444 ], [ 302740.414798406476621, 5925546.642186852172017 ], [ 302738.339682661578991, 5925536.608851889148355 ], [ 302742.721476480131969, 5925535.616308600641787 ], [ 302752.769679495249875, 5925528.846143587492406 ], [ 302754.220627856615465, 5925526.575516926124692 ], [ 302756.554719134874176, 5925516.542181963101029 ], [ 302757.016271721746307, 5925506.508847001008689 ], [ 302758.09606554673519, 5925496.475512037985027 ], [ 302759.423375527490862, 5925486.442177074961364 ], [ 302759.711864875105675, 5925476.408842111937702 ], [ 302759.976936602324713, 5925466.375507149845362 ], [ 302760.484787338529713, 5925456.342172186821699 ], [ 302760.605264944257215, 5925446.308837223798037 ], [ 302760.725742549926508, 5925436.275502261705697 ], [ 302760.846220155595802, 5925426.242167298682034 ], [ 302760.568721770890988, 5925416.208832334727049 ], [ 302759.151980515569448, 5925406.175497372634709 ], [ 302753.920352489571087, 5925396.142162410542369 ], [ 302752.769679495249875, 5925393.612618818879128 ], [ 302749.356253408594057, 5925386.108827447518706 ], [ 302744.792013127531391, 5925376.075492484495044 ], [ 302742.721476480190177, 5925371.523877877742052 ], [ 302740.22787739924388, 5925366.042157521471381 ], [ 302735.363042531884275, 5925356.008822560310364 ], [ 302732.673273465130478, 5925350.264116505160928 ], [ 302730.578110558795743, 5925345.975487595424056 ], [ 302725.691156173066702, 5925335.942152633331716 ], [ 302722.625070450012572, 5925329.957155324518681 ], [ 302720.504106634762138, 5925325.908817670308053 ], [ 302714.995503610058222, 5925315.875482708215714 ], [ 302712.576867434952874, 5925311.912255892530084 ], [ 302708.966982319951057, 5925305.842147745192051 ], [ 302707.436585628427565, 5925295.808812782168388 ], [ 302702.657538451720029, 5925285.775477819144726 ], [ 302702.528664419893175, 5925285.574259242974222 ], [ 302696.049432740081102, 5925275.742142857052386 ], [ 302693.538415011076722, 5925265.708807894960046 ], [ 302692.480461404833477, 5925257.070327743887901 ], [ 302692.309633706696332, 5925255.675472931005061 ], [ 302691.080965072964318, 5925245.642137968912721 ], [ 302689.852298664685804, 5925235.608803005889058 ], [ 302688.623501352209132, 5925225.575468042865396 ], [ 302687.394834943930618, 5925215.542133079841733 ], [ 302687.949969635345042, 5925205.508798117749393 ], [ 302687.583369698608294, 5925195.47546315472573 ], [ 302686.086499431519769, 5925185.44212819263339 ], [ 302684.505158000160009, 5925175.408793229609728 ], [ 302682.857983650814276, 5925165.375458266586065 ], [ 302682.432258389715571, 5925162.782109014689922 ], [ 302681.210922340629622, 5925155.342123303562403 ], [ 302679.563866263139062, 5925145.30878834053874 ], [ 302677.916810185648501, 5925135.2754533784464 ], [ 302676.26975410815794, 5925125.242118415422738 ], [ 302674.622698030667379, 5925115.208783452399075 ], [ 302672.975641953176819, 5925105.175448490306735 ], [ 302672.384055374655873, 5925101.571693655103445 ], [ 302671.328585875686258, 5925095.142113527283072 ], [ 302669.681496580480598, 5925085.10877856425941 ], [ 302668.034350216214079, 5925075.075443601235747 ], [ 302666.387294138665311, 5925065.042108638212085 ], [ 302664.74023806117475, 5925055.008773675188422 ], [ 302663.093181983742397, 5925044.975438714027405 ], [ 302662.335852359596174, 5925040.362030644901097 ], [ 302661.446125906251837, 5925034.94210375007242 ], [ 302659.799069828703068, 5925024.90876878798008 ], [ 302658.152013751212507, 5925014.875433824956417 ], [ 302656.504957673721947, 5925004.842098861932755 ], [ 302654.493036517233122, 5924994.808763898909092 ], [ 302652.287649344536476, 5924988.723644351586699 ], [ 302649.811793995730113, 5924984.775428936816752 ], [ 302644.86251867946703, 5924974.742093973793089 ], [ 302645.590895994158927, 5924964.708759010769427 ], [ 302644.981217687192839, 5924954.675424047745764 ], [ 302642.288418286247179, 5924944.642089085653424 ], [ 302642.23944632941857, 5924944.45962022151798 ], [ 302639.595618885359727, 5924934.608754122629762 ], [ 302636.902819484472275, 5924924.575419159606099 ], [ 302634.273059825762175, 5924914.542084196582437 ], [ 302632.191243314358871, 5924906.47095641028136 ], [ 302631.738479451450985, 5924904.508749234490097 ], [ 302630.70111616194481, 5924894.475414271466434 ], [ 302629.835681156313512, 5924884.442079308442771 ], [ 302628.97028293350013, 5924874.408744346350431 ], [ 302630.344765840098262, 5924864.375409383326769 ], [ 302632.191243314358871, 5924860.049892684444785 ], [ 302634.564889067900367, 5924854.342074420303106 ], [ 302632.191243314300664, 5924849.597741194069386 ], [ 302629.416149752447382, 5924844.308739457279444 ], [ 302624.533815911854617, 5924834.275404494255781 ], [ 302622.143040299299173, 5924829.51416564360261 ], [ 302619.372548109968193, 5924824.242069532163441 ], [ 302614.515374420210719, 5924814.208734569139779 ], [ 302612.094837284239475, 5924809.430282717570662 ], [ 302609.329122466733679, 5924804.175399606116116 ], [ 302604.497499782708474, 5924794.142064644023776 ], [ 302602.046634269063361, 5924789.346399791538715 ], [ 302599.285667093819939, 5924784.108729681000113 ], [ 302594.480050198617391, 5924774.075394717976451 ], [ 302591.99843125406187, 5924769.262824241071939 ], [ 302589.242153343686368, 5924764.042059756815434 ], [ 302584.463238584343344, 5924754.008724792860448 ], [ 302581.950228239002172, 5924749.108687736093998 ], [ 302579.25438487122301, 5924743.975389829836786 ], [ 302574.447040616825689, 5924733.942054866813123 ], [ 302571.902025223942474, 5924728.936022307723761 ], [ 302569.280121402116492, 5924723.908719904720783 ], [ 302564.431270166533068, 5924713.875384941697121 ], [ 302561.853822208824567, 5924708.759628780186176 ], [ 302559.316457863606047, 5924703.842049978673458 ], [ 302554.416267970402259, 5924693.808715015649796 ], [ 302551.805619193764869, 5924688.579143374226987 ], [ 302549.405692262807861, 5924683.775380053557456 ], [ 302544.417994354909752, 5924673.74204508960247 ], [ 302541.757416178705171, 5924669.410620421171188 ], [ 302531.709213163645472, 5924663.784242055378854 ], [ 302531.497221558820456, 5924663.70871012751013 ], [ 302521.661010148527566, 5924660.191918758675456 ], [ 302511.612807133467868, 5924656.59896057844162 ], [ 302503.444725264678709, 5924653.675375164486468 ], [ 302501.56460411840817, 5924653.002964013256133 ], [ 302491.516401103348471, 5924649.412524983286858 ], [ 302481.468198088230565, 5924645.817585815675557 ], [ 302475.385395043878816, 5924643.642040202394128 ], [ 302471.419995073170867, 5924642.224901489913464 ], [ 302461.371792058111168, 5924637.349770557135344 ], [ 302455.606634020048659, 5924633.608705239370465 ], [ 302451.32358904305147, 5924630.828948833979666 ], [ 302441.275386027933564, 5924624.308979161083698 ], [ 302440.14489697344834, 5924623.575370276346803 ], [ 302431.227183012873866, 5924617.788393246009946 ], [ 302424.683558386808727, 5924613.542035314254463 ], [ 302421.178979997814167, 5924611.267440601252019 ], [ 302411.130776982754469, 5924604.747044164687395 ], [ 302409.222472223569639, 5924603.5087003512308 ], [ 302401.082573967636563, 5924598.226529044099152 ], [ 302393.761192814563401, 5924593.475365388207138 ], [ 302391.034370952576865, 5924591.705669047310948 ], [ 302380.986167937517166, 5924585.185683149844408 ], [ 302378.298770835273899, 5924583.442030425183475 ], [ 302370.937964922515675, 5924578.666052954271436 ], [ 302362.835249126364943, 5924573.408695463091135 ], [ 302360.889761907339562, 5924572.14633671194315 ], [ 302350.841558892279863, 5924565.627357828430831 ], [ 302347.37021973147057, 5924563.375360500067472 ], [ 302340.793355877220165, 5924559.673075348138809 ], [ 302337.103513551002834, 5924553.34202553704381 ], [ 302335.138749102130532, 5924543.308690574020147 ], [ 302335.306626330886502, 5924533.275355611927807 ], [ 302335.743141135782935, 5924523.242020648904145 ], [ 302332.828805731318425, 5924513.20868568494916 ], [ 302330.745152862160467, 5924508.147026646882296 ], [ 302328.698541915393434, 5924503.175350723788142 ], [ 302324.568255118385423, 5924493.14201576076448 ], [ 302320.696949847042561, 5924483.737829033285379 ], [ 302320.43795617215801, 5924483.108680797740817 ], [ 302316.307716874463949, 5924473.075345834717155 ], [ 302312.177427002927288, 5924463.042010872624815 ], [ 302310.648746831982862, 5924459.064620527438819 ], [ 302308.519703919708263, 5924453.008675908669829 ], [ 302305.909092115005478, 5924442.975340946577489 ], [ 302300.600543816923164, 5924433.184479916468263 ], [ 302300.459259694616776, 5924432.942005983553827 ], [ 302290.552340801863465, 5924427.842277268879116 ], [ 302280.749449040740728, 5924422.908671021461487 ], [ 302280.504137786687352, 5924422.785210601054132 ], [ 302270.455934771685861, 5924417.728128626011312 ], [ 302260.813646710419562, 5924412.875336058437824 ], [ 302260.407731756626163, 5924412.671046261675656 ], [ 302250.359528741566464, 5924407.613963896408677 ], [ 302240.877845915209036, 5924402.842001095414162 ], [ 302240.311325726448558, 5924402.556881532073021 ], [ 302230.26312271138886, 5924397.49981396459043 ], [ 302220.941986786492635, 5924392.808666132390499 ], [ 302220.214919696329162, 5924392.442747296765447 ], [ 302210.166716681269463, 5924387.385666087269783 ], [ 302201.006181441131048, 5924382.775331169366837 ], [ 302200.118513666151557, 5924382.328583722002804 ], [ 302190.070310651091859, 5924377.271501358598471 ], [ 302181.070380646036938, 5924372.741996207274497 ], [ 302180.02210763603216, 5924372.214418993331492 ], [ 302169.973904620972462, 5924367.157350661233068 ], [ 302161.134524532128125, 5924362.708661244250834 ], [ 302159.925701605854556, 5924362.100283993408084 ], [ 302149.877498590794858, 5924357.043203547596931 ], [ 302141.198716171900742, 5924352.675326282158494 ], [ 302139.829295575735159, 5924351.986121184192598 ], [ 302129.781092560675461, 5924346.929038818925619 ], [ 302121.262915376690216, 5924342.641991319134831 ], [ 302119.732889545557555, 5924341.871956454589963 ], [ 302109.684686530497856, 5924336.814887357875705 ], [ 302101.327062277763616, 5924332.608656356111169 ], [ 302099.636483515496366, 5924331.757823374122381 ], [ 302089.58828050037846, 5924326.700741008855402 ], [ 302081.391250902612228, 5924322.575321393087506 ], [ 302079.540077485318761, 5924321.643658644519746 ], [ 302069.491874470200855, 5924316.58657628018409 ], [ 302061.455399813479744, 5924312.541986430995166 ], [ 302059.443671455141157, 5924311.529522370547056 ], [ 302049.395468440081459, 5924306.472443198785186 ], [ 302041.51958642853424, 5924302.508651468902826 ], [ 302039.347265424905345, 5924301.41536083444953 ], [ 302029.299062409903854, 5924296.358278470113873 ], [ 302021.583785633381922, 5924292.475316504947841 ], [ 302019.250859394844156, 5924291.301196105778217 ], [ 302009.202656379784457, 5924286.244125734083354 ], [ 302001.647937559173442, 5924282.441981542855501 ], [ 301999.154453364666551, 5924281.187059065327048 ], [ 301989.106250349606853, 5924274.919814645312726 ], [ 301984.083320794510655, 5924272.408646579831839 ], [ 301979.058047334547155, 5924269.776346834376454 ], [ 301969.009844319487456, 5924265.036572983488441 ], [ 301961.788731650216505, 5924262.375311615876853 ], [ 301958.961641304311343, 5924261.264321208931506 ], [ 301948.913438289309852, 5924253.988314040005207 ], [ 301947.196293302578852, 5924252.341976653784513 ], [ 301938.865235274250153, 5924243.861623615957797 ], [ 301937.195368155662436, 5924242.308641690760851 ], [ 301929.546043883950915, 5924232.275306728668511 ], [ 301928.817032259190455, 5924230.690597011707723 ], [ 301924.780526471091434, 5924222.241971765644848 ], [ 301919.460753666935489, 5924212.208636801689863 ], [ 301918.768829244072549, 5924211.001081460155547 ], [ 301912.570550270960666, 5924202.175301840528846 ], [ 301908.720626229012851, 5924197.537294598296285 ], [ 301903.69109963986557, 5924192.141966877505183 ], [ 301899.312778530525975, 5924182.108631914481521 ], [ 301898.672423213953152, 5924180.212662137113512 ], [ 301895.924064499908127, 5924172.075296951457858 ], [ 301892.535312264342792, 5924162.041961989365518 ], [ 301889.146596247679554, 5924152.008627026341856 ], [ 301888.624220198893454, 5924150.461982881650329 ], [ 301885.75784599815961, 5924141.97529206238687 ], [ 301879.682113095012028, 5924131.94195710029453 ], [ 301878.576017183775548, 5924129.945032166317105 ], [ 301874.315408476104494, 5924121.90862213820219 ], [ 301868.825747496506665, 5924111.875287175178528 ], [ 301868.527814168774057, 5924111.343046518042684 ], [ 301862.728572530380916, 5924101.841952212154865 ], [ 301858.479611153656151, 5924095.982829412445426 ], [ 301855.064123782096431, 5924091.808617250062525 ], [ 301848.431408138596453, 5924082.526424895040691 ], [ 301847.773284256749321, 5924081.775282287038863 ], [ 301844.447529290162493, 5924071.7419473240152 ], [ 301841.333723978488706, 5924061.708612360060215 ], [ 301838.383205123478547, 5924052.201549055986106 ], [ 301838.219874893547967, 5924051.675277398899198 ], [ 301835.144148673687596, 5924041.641942435875535 ], [ 301833.692498410237022, 5924031.608607472851872 ], [ 301832.531754472176544, 5924021.57527250982821 ], [ 301831.371057377487887, 5924011.54193754773587 ], [ 301830.210341554833576, 5924001.508602584712207 ], [ 301829.049656051269267, 5923991.475267621688545 ], [ 301828.335002108418848, 5923985.297571450471878 ], [ 301827.88897054764675, 5923981.441932658664882 ], [ 301826.728285044024233, 5923971.408597696572542 ], [ 301825.567571903986391, 5923961.37526273354888 ], [ 301824.406813692243304, 5923951.341927770525217 ], [ 301823.246128188678995, 5923941.308592808432877 ], [ 301822.08544268499827, 5923931.275257845409214 ], [ 301821.552768774912693, 5923921.241922882385552 ], [ 301821.688076195539907, 5923911.208587919361889 ], [ 301821.63665845192736, 5923901.175252957269549 ], [ 301821.354950263455976, 5923891.141917994245887 ], [ 301821.073277337360196, 5923881.108583031222224 ], [ 301820.791604411322623, 5923871.075248068198562 ], [ 301818.28679909335915, 5923862.854668708518147 ], [ 301813.96280105918413, 5923861.041913106106222 ], [ 301808.238596078299452, 5923859.969218323938549 ], [ 301798.190393063181546, 5923857.690433361567557 ], [ 301788.142190048121847, 5923851.831037406809628 ], [ 301786.731765200151131, 5923851.008578143082559 ], [ 301778.093987033062149, 5923845.971717671491206 ], [ 301768.04578401800245, 5923846.604745517484844 ], [ 301757.997581002884544, 5923848.706939898431301 ], [ 301747.949377987824846, 5923850.945003565400839 ], [ 301747.743806285958271, 5923851.008578143082559 ], [ 301737.901174972765148, 5923854.444207357242703 ], [ 301728.181249303917866, 5923861.041913106106222 ], [ 301727.852971957705449, 5923861.264741696417332 ], [ 301717.804768942587543, 5923868.085413498803973 ], [ 301713.400149337248877, 5923871.075248068198562 ], [ 301707.756565927527845, 5923874.9060328155756 ], [ 301698.618853475491051, 5923881.108583031222224 ], [ 301697.708362912468147, 5923881.72661963943392 ], [ 301687.660159897408448, 5923888.547291441820562 ], [ 301683.837760124937631, 5923891.141917994245887 ], [ 301677.611956882290542, 5923895.367905345745385 ], [ 301669.056464263121597, 5923901.175252957269549 ], [ 301667.563753867230844, 5923902.188497583381832 ], [ 301657.515550852171145, 5923909.009169384837151 ], [ 301654.275370912626386, 5923911.208587919361889 ], [ 301647.467347837111447, 5923915.557431472465396 ], [ 301639.224587512027938, 5923921.241922882385552 ], [ 301637.419144821993541, 5923922.106029693037271 ], [ 301627.370941806933843, 5923926.7814105078578 ], [ 301618.261381412215997, 5923931.275257845409214 ], [ 301617.322738791874144, 5923931.724503610283136 ], [ 301607.274535776814446, 5923936.533695679157972 ], [ 301597.297987733909395, 5923941.308592808432877 ], [ 301597.22633276169654, 5923941.342888056300581 ], [ 301587.178129746636841, 5923946.152169595472515 ], [ 301579.817223514430225, 5923951.341927770525217 ], [ 301577.162743372493424, 5923961.37526273354888 ], [ 301577.129926731577143, 5923961.614787762984633 ], [ 301575.822654461837374, 5923971.408597696572542 ], [ 301572.910997639468405, 5923981.44193265773356 ], [ 301568.723988585581537, 5923991.475267621688545 ], [ 301567.081723716517445, 5923998.333072913810611 ], [ 301563.779944526730105, 5924001.508602584712207 ], [ 301557.033520701341331, 5924002.67002635076642 ], [ 301546.98531768633984, 5924002.553265238180757 ], [ 301540.424040750716813, 5924001.508602584712207 ], [ 301536.937114671280142, 5924000.673564793542027 ], [ 301526.888911656220444, 5923998.267163705080748 ], [ 301516.840708641102538, 5923995.860809609293938 ], [ 301506.792505626042839, 5923993.801094469614327 ], [ 301496.744302610983141, 5923991.917816174216568 ], [ 301486.696099595923442, 5923991.936104343272746 ], [ 301476.647896580805536, 5923994.581699501723051 ], [ 301466.599693565745838, 5923995.15411776676774 ], [ 301456.55149055068614, 5923994.681225640699267 ], [ 301446.503287535626441, 5923994.342138484120369 ], [ 301436.455084520508535, 5923993.555423326790333 ], [ 301432.08440913411323, 5923991.475267621688545 ], [ 301426.406881505448837, 5923988.560875165276229 ], [ 301416.358678490389138, 5923985.020392326638103 ], [ 301406.654558066453319, 5923981.441932658664882 ], [ 301406.31047547532944, 5923981.339414805173874 ], [ 301405.840954349434469, 5923981.441932658664882 ], [ 301396.262272460211534, 5923983.313327143900096 ], [ 301386.214069445151836, 5923986.332291473634541 ], [ 301376.165866430092137, 5923989.351255803368986 ], [ 301369.096388416073751, 5923991.475267621688545 ], [ 301366.117663415032439, 5923992.37022013310343 ], [ 301356.069460399914533, 5923995.389184463769197 ], [ 301346.021257384854835, 5923998.40814879257232 ], [ 301335.973054369795136, 5924001.427113122306764 ], [ 301335.701828025397845, 5924001.508602584712207 ], [ 301325.924851354735438, 5924004.446077452972531 ], [ 301315.876648339559324, 5924007.465041781775653 ], [ 301305.828445324557833, 5924010.484006111510098 ], [ 301302.307267634780146, 5924011.54193754773587 ], [ 301295.780242309498135, 5924013.502970441244543 ], [ 301285.732039294438437, 5924016.521934770978987 ], [ 301275.683836279320531, 5924019.540899099782109 ], [ 301268.91270724410424, 5924021.57527250982821 ], [ 301265.635633264260832, 5924022.559863429516554 ], [ 301255.587430249201134, 5924025.578827759250998 ], [ 301245.539227234141435, 5924028.597792088985443 ], [ 301235.518146853486542, 5924031.608607472851872 ], [ 301235.491024219023529, 5924031.616756418719888 ], [ 301225.442821203963831, 5924034.635720748454332 ], [ 301215.394618188904133, 5924037.6546850791201 ], [ 301205.346415173844434, 5924040.673649408854544 ], [ 301202.123586462810636, 5924041.641942435875535 ], [ 301195.298212158726528, 5924043.692591231316328 ], [ 301185.250009143725038, 5924046.711522426456213 ], [ 301175.201806128607132, 5924049.730542397126555 ], [ 301168.729026072192937, 5924051.675277398899198 ], [ 301165.153603113547433, 5924052.749494937248528 ], [ 301155.105400098429527, 5924055.76842613145709 ], [ 301145.057197083369829, 5924058.787357326596975 ], [ 301135.334099159459583, 5924061.708612360991538 ], [ 301135.00899406831013, 5924061.806289594620466 ], [ 301124.960791053192224, 5924064.825253924354911 ], [ 301114.912588038132526, 5924067.844261033460498 ], [ 301104.864385023072828, 5924070.863192228600383 ], [ 301101.939538768841885, 5924071.7419473240152 ], [ 301094.816182008013129, 5924073.882146913558245 ], [ 301084.767978992895223, 5924076.901111243292689 ], [ 301074.719775977835525, 5924079.920075573958457 ], [ 301068.544978378165979, 5924081.775282287038863 ], [ 301064.671572962775826, 5924082.939039902761579 ], [ 301054.623369947716128, 5924085.958004232496023 ], [ 301044.575166932598222, 5924088.976968562230468 ], [ 301035.150417987490073, 5924091.808617250062525 ], [ 301034.526963917538524, 5924091.995932891964912 ], [ 301024.478760902478825, 5924095.014897221699357 ], [ 301014.430557887419127, 5924098.033861551433802 ], [ 301004.382354872301221, 5924101.052825881168246 ], [ 301001.755857596872374, 5924101.841952212154865 ], [ 300994.334151857241523, 5924104.071790210902691 ], [ 300984.285948842181824, 5924107.090754540637136 ], [ 300974.237745827122126, 5924110.10971887037158 ], [ 300968.361297206254676, 5924111.875287175178528 ], [ 300964.18954281200422, 5924113.128683200106025 ], [ 300954.141339796944521, 5924116.147647529840469 ], [ 300944.093136781884823, 5924119.166611859574914 ], [ 300934.966736815636978, 5924121.90862213820219 ], [ 300934.044933766825125, 5924122.185576188378036 ], [ 300923.996730751707219, 5924125.204540518112481 ], [ 300913.94852773664752, 5924128.223504847846925 ], [ 300903.900324721587822, 5924131.242469176650047 ], [ 300901.572176424961071, 5924131.94195710029453 ], [ 300893.852121706528123, 5924133.521656115539372 ], [ 300883.803918691410217, 5924135.299746990203857 ], [ 300873.755715676350519, 5924136.609265327453613 ], [ 300863.707512661290821, 5924137.704675201326609 ], [ 300853.659309646231122, 5924138.800085074268281 ], [ 300843.611106631113216, 5924139.895494947209954 ], [ 300833.56290361599531, 5924140.990904820151627 ], [ 300824.533112021046691, 5924141.97529206238687 ], [ 300823.51470060099382, 5924142.08631395176053 ], [ 300813.466497585934121, 5924143.181716504506767 ], [ 300803.418294570816215, 5924144.277119058184326 ], [ 300793.370091555756517, 5924145.75082247145474 ], [ 300783.321888540696818, 5924148.694568987004459 ], [ 300776.472245171782561, 5924152.008627026341856 ], [ 300773.27368552563712, 5924153.539032889530063 ], [ 300763.225482510519214, 5924157.783855659887195 ], [ 300753.177279495459516, 5924160.212802898138762 ], [ 300744.148017406463623, 5924162.041961989365518 ], [ 300743.129076480399817, 5924162.248382044956088 ], [ 300733.080873465340119, 5924164.283976620063186 ], [ 300723.032670450222213, 5924166.319619745947421 ], [ 300712.984467435162514, 5924168.35519715026021 ], [ 300702.936264420102816, 5924170.660109849646688 ], [ 300698.084674535086378, 5924172.075296951457858 ], [ 300692.888061405043118, 5924173.671003517694771 ], [ 300682.839858389925212, 5924176.756563484668732 ], [ 300672.791655374865513, 5924179.842031486332417 ], [ 300665.410194525087718, 5924182.108631914481521 ], [ 300662.743452359805815, 5924182.957784675061703 ], [ 300652.695249344746117, 5924187.048507450148463 ], [ 300644.286098595301155, 5924192.141966877505183 ], [ 300642.647046329628211, 5924193.137200715951622 ], [ 300632.598843314568512, 5924195.977346329018474 ], [ 300622.550640299508814, 5924196.027779262512922 ], [ 300612.502437284449115, 5924199.747848871164024 ], [ 300606.626908518257551, 5924202.175301840528846 ], [ 300602.454234269331209, 5924204.056681824848056 ], [ 300592.406031254271511, 5924206.949400462210178 ], [ 300582.357828239211813, 5924210.756989815272391 ], [ 300572.309625224152114, 5924211.029318923130631 ], [ 300562.261422209034208, 5924210.402289221063256 ], [ 300552.21321919397451, 5924209.872924623079598 ], [ 300542.165016178856604, 5924209.422446859069169 ], [ 300532.116813163855113, 5924208.78382776491344 ], [ 300522.068610148737207, 5924208.145134267397225 ], [ 300512.020407133619301, 5924207.506464527919888 ], [ 300501.97220411861781, 5924206.867845434695482 ], [ 300491.924001103558112, 5924206.229226339608431 ], [ 300481.875798088440206, 5924205.590607245452702 ], [ 300471.827595073380508, 5924204.951953545212746 ], [ 300461.779392058320809, 5924204.31334241013974 ], [ 300451.731189043261111, 5924203.674624915234745 ], [ 300441.682986028143205, 5924203.036005820147693 ], [ 300431.634783013083506, 5924202.397386726923287 ], [ 300428.140440237533767, 5924202.175301840528846 ], [ 300421.586579998023808, 5924201.758767631836236 ], [ 300411.53837698296411, 5924201.120148537680507 ], [ 300401.490173967846204, 5924200.481425506994128 ], [ 300391.441970952786505, 5924199.842814370989799 ], [ 300381.393767937785015, 5924199.204166207462549 ], [ 300371.345564922667108, 5924198.565547112375498 ], [ 300361.297361907549202, 5924197.926928018219769 ], [ 300351.249158892489504, 5924196.450732129625976 ], [ 300341.200955877429806, 5924193.771524695679545 ], [ 300335.494319537072442, 5924192.141966877505183 ], [ 300331.152752862370107, 5924190.902211355045438 ], [ 300321.104549847193994, 5924188.032999236136675 ], [ 300311.056346832192503, 5924185.163716717623174 ], [ 300301.008143817132805, 5924182.294473777525127 ], [ 300300.357311222236603, 5924182.108631914481521 ], [ 300290.959940802073106, 5924179.425234586931765 ], [ 300280.9117377869552, 5924176.555948318913579 ], [ 300270.863534771895502, 5924173.686736200004816 ], [ 300265.220348826318514, 5924172.075296951457858 ], [ 300260.815331756835803, 5924170.817422859370708 ], [ 300250.767128741776105, 5924167.898957380093634 ], [ 300240.718925726658199, 5924164.7816614927724 ], [ 300232.06220220355317, 5924162.041961989365518 ], [ 300230.670722711598501, 5924161.611603227443993 ], [ 300220.622519696538802, 5924158.723228050395846 ], [ 300210.574316681479104, 5924155.834852872416377 ], [ 300200.526113666361198, 5924153.091971042566001 ], [ 300196.150630967924371, 5924152.008627026341856 ], [ 300190.477910651301499, 5924150.618702407926321 ], [ 300180.429707636241801, 5924148.156701117753983 ], [ 300170.381504621182103, 5924145.69479762762785 ], [ 300160.333301606122404, 5924142.580587084405124 ], [ 300158.570582435233518, 5924141.975292063318193 ], [ 300150.285098591004498, 5924139.073336608707905 ], [ 300140.2368955759448, 5924135.771895499899983 ], [ 300130.188692560885102, 5924133.252751179970801 ], [ 300124.170120148803107, 5924131.94195710029453 ], [ 300120.140489545767196, 5924131.139110541902483 ], [ 300110.092286530707497, 5924129.137060952372849 ], [ 300100.044083515647799, 5924127.135053580626845 ], [ 300089.9958805005881, 5924125.133049892261624 ], [ 300079.947677485528402, 5924123.131000302731991 ], [ 300073.812342645716853, 5924121.90862213820219 ], [ 300069.899474470410496, 5924121.069998908787966 ], [ 300059.851271455350798, 5924118.83606478292495 ], [ 300049.803068440291099, 5924116.47908326331526 ], [ 300039.754865425173193, 5924113.941201514564455 ], [ 300031.165710819652304, 5924111.875287175178528 ], [ 300029.706662410113495, 5924111.519176740199327 ], [ 300028.4273603335605, 5924111.875287175178528 ], [ 300020.708185227471404, 5924121.90862213820219 ], [ 300019.658459395053796, 5924126.684386979788542 ], [ 300018.437294539180584, 5924131.94195710029453 ], [ 300011.805227283854038, 5924141.975292063318193 ], [ 300009.610256379994098, 5924143.775326382368803 ], [ 299999.5620533649344, 5924151.686369308270514 ], [ 299999.152738055388909, 5924152.008627026341856 ], [ 299989.513850349816494, 5924159.59741223230958 ], [ 299986.408979776955675, 5924162.041961989365518 ], [ 299979.465647334756795, 5924167.508638050407171 ], [ 299973.665310238837264, 5924172.075296951457858 ], [ 299969.417444319697097, 5924175.419680974446237 ], [ 299960.921480179822538, 5924182.108631914481521 ], [ 299959.369241304579191, 5924183.33074617665261 ], [ 299949.321038289519493, 5924191.241949718445539 ], [ 299948.17788242228562, 5924192.141966877505183 ], [ 299939.272835274459794, 5924199.152992643415928 ], [ 299935.434052363270894, 5924202.175301840528846 ], [ 299929.224632259400096, 5924207.064124683849514 ], [ 299922.690454605733976, 5924212.208636802621186 ], [ 299919.17642924428219, 5924214.975261385552585 ], [ 299909.946624546661042, 5924222.241971765644848 ], [ 299909.128226229222491, 5924222.886304310522974 ], [ 299899.080023214162793, 5924230.797503190115094 ], [ 299897.160105498449411, 5924232.275306727737188 ], [ 299889.031820199103095, 5924238.643975962884724 ], [ 299884.076197124551982, 5924242.308641690760851 ], [ 299878.983617183985189, 5924246.091996765695512 ], [ 299870.518025777593721, 5924252.341976653784513 ], [ 299868.935414168983698, 5924253.510387725196779 ], [ 299858.887211153865792, 5924260.929262240417302 ], [ 299856.929864337551408, 5924262.375311616808176 ], [ 299848.839008138806093, 5924268.351452042348683 ], [ 299843.347795506473631, 5924272.408646579831839 ], [ 299838.790805123688187, 5924275.775526214390993 ], [ 299829.663567934185266, 5924282.441981541924179 ], [ 299828.742602108628489, 5924283.120398800820112 ], [ 299818.694399093568791, 5924290.1944884294644 ], [ 299815.670038846496027, 5924292.475316505879164 ], [ 299808.646196078509092, 5924297.772461600601673 ], [ 299802.366161768964957, 5924302.508651467971504 ], [ 299798.597993063391186, 5924305.350424363277853 ], [ 299789.062037825060543, 5924312.541986430995166 ], [ 299788.549790048331488, 5924312.928306411020458 ], [ 299778.50158703327179, 5924320.50636029522866 ], [ 299775.758160747587681, 5924322.575321393087506 ], [ 299768.453384018212091, 5924328.084337398409843 ], [ 299762.454283670056611, 5924332.608656356111169 ], [ 299758.405181003094185, 5924335.662296229973435 ], [ 299749.150159726152197, 5924342.641991319134831 ], [ 299748.356977988034487, 5924343.240182208828628 ], [ 299738.308774972974788, 5924350.818232163786888 ], [ 299735.846282648737542, 5924352.675326282158494 ], [ 299728.26057195791509, 5924358.396213196218014 ], [ 299722.542405571206473, 5924362.708661244250834 ], [ 299718.212368942797184, 5924365.974168095737696 ], [ 299709.238281627302058, 5924372.741996208205819 ], [ 299708.164165927737486, 5924373.552058005705476 ], [ 299698.115962912677787, 5924381.130104029551148 ], [ 299695.934404549829196, 5924382.775331170298159 ], [ 299688.067759897618089, 5924388.708088994957507 ], [ 299682.630527472298127, 5924392.808666132390499 ], [ 299678.019556882500183, 5924396.286039962433279 ], [ 299669.326617098413408, 5924402.842001095414162 ], [ 299667.971353867440484, 5924403.864101016893983 ], [ 299657.923150852380786, 5924411.441975896246731 ], [ 299656.02252645092085, 5924412.875336058437824 ], [ 299647.874947837321088, 5924419.019964793697 ], [ 299644.431634797947481, 5924422.908671021461487 ], [ 299645.544968656962737, 5924432.942005983553827 ], [ 299647.601801309734583, 5924442.975340946577489 ], [ 299647.874947837321088, 5924444.307834005914629 ], [ 299649.658525421808008, 5924453.008675908669829 ], [ 299651.715249533881433, 5924463.042010872624815 ], [ 299653.771973645896651, 5924473.075345834717155 ], [ 299655.828839065041393, 5924483.108680797740817 ], [ 299657.885563177114818, 5924493.14201576076448 ], [ 299657.923150852380786, 5924493.325380041263998 ], [ 299659.942287289130036, 5924503.175350723788142 ], [ 299661.999011401203461, 5924513.208685685880482 ], [ 299664.055790577549487, 5924523.242020648904145 ], [ 299666.112600932363421, 5924533.275355610996485 ], [ 299667.971353867440484, 5924542.342926075682044 ], [ 299668.169325044436846, 5924543.308690574020147 ], [ 299670.226049156452063, 5924553.34202553704381 ], [ 299672.329865309875458, 5924563.375360500067472 ], [ 299676.356236665567849, 5924573.408695464022458 ], [ 299670.977647935040295, 5924583.442030425183475 ], [ 299667.971353867440484, 5924586.363159012980759 ], [ 299660.125970594934188, 5924593.475365387275815 ], [ 299657.923150852380786, 5924595.653193470090628 ], [ 299647.874947837321088, 5924602.562816972844303 ], [ 299646.592106615600642, 5924603.5087003512308 ], [ 299637.826744822203182, 5924609.97164898365736 ], [ 299632.98441514885053, 5924613.542035314254463 ], [ 299627.778541807143483, 5924616.703129229135811 ], [ 299617.730338792083785, 5924621.723808880895376 ], [ 299614.085952362569515, 5924623.575370276346803 ], [ 299611.764590524544474, 5924633.608705239370465 ], [ 299617.710740583541337, 5924643.642040202394128 ], [ 299617.730338792083785, 5924643.675375610589981 ], [ 299623.460692362859845, 5924653.675375164486468 ], [ 299627.778541807143483, 5924661.041397487744689 ], [ 299629.321816661278717, 5924663.70871012751013 ], [ 299635.121099408483133, 5924673.742045091465116 ], [ 299637.826744822203182, 5924678.408025511540473 ], [ 299640.645699151791632, 5924683.775380053557456 ], [ 299643.057897263381165, 5924693.808715015649796 ], [ 299644.73706557136029, 5924703.842049978673458 ], [ 299644.889057514432352, 5924713.875384941697121 ], [ 299645.071944509167224, 5924723.908719904720783 ], [ 299645.254766317259055, 5924733.942054865881801 ], [ 299645.437630317930598, 5924743.975389829836786 ], [ 299645.62051731266547, 5924754.008724792860448 ], [ 299645.803316126635764, 5924764.042059754952788 ], [ 299645.986203121370636, 5924774.075394717976451 ], [ 299646.339199004287366, 5924784.108729681000113 ], [ 299646.484529182547703, 5924794.142064644023776 ], [ 299645.804199411999434, 5924804.175399606116116 ], [ 299645.416861802223139, 5924814.208734568208456 ], [ 299647.518819904478732, 5924824.242069532163441 ], [ 299647.819797976291738, 5924834.275404494255781 ], [ 299646.673097635211889, 5924844.308739457279444 ], [ 299645.526481543958653, 5924854.342074420303106 ], [ 299644.37983598606661, 5924864.375409383326769 ], [ 299643.233164646662772, 5924874.408744346350431 ], [ 299642.086548555467743, 5924884.442079308442771 ], [ 299640.939932464272715, 5924894.475414271466434 ], [ 299639.793248237518128, 5924904.508749234490097 ], [ 299638.646615567035042, 5924914.542084196582437 ], [ 299637.826744822203182, 5924921.716270808130503 ], [ 299637.499996721046045, 5924924.575419159606099 ], [ 299636.353298669680953, 5924934.608754122629762 ], [ 299635.206682578485925, 5924944.642089085653424 ], [ 299633.784169918275438, 5924954.675424046814442 ], [ 299627.849681037303526, 5924964.708759010769427 ], [ 299627.778541807143483, 5924964.77250106073916 ], [ 299617.730338792083785, 5924973.776012694463134 ], [ 299616.523370378999971, 5924974.742093973793089 ], [ 299607.682135776965879, 5924981.055030478164554 ], [ 299602.910411157179624, 5924984.775428936816752 ], [ 299597.633932761906181, 5924989.401681152172387 ], [ 299591.068386824452318, 5924994.808763898909092 ], [ 299587.585729746846482, 5924997.623448960483074 ], [ 299577.537526731844991, 5925003.240635763853788 ], [ 299574.55147664778633, 5925004.842098861932755 ], [ 299567.489323716727085, 5925009.657669136300683 ], [ 299561.713453641161323, 5925014.875433824956417 ], [ 299557.441120701609179, 5925018.332703462801874 ], [ 299547.392917686549481, 5925022.163656586781144 ], [ 299542.269927286659367, 5925024.90876878798008 ], [ 299537.344714671489783, 5925028.510074346326292 ], [ 299529.573807404434774, 5925034.942103749141097 ], [ 299527.296511656430084, 5925036.916563108563423 ], [ 299524.280531028402038, 5925044.975438713096082 ], [ 299527.296511656430084, 5925048.823592468164861 ], [ 299533.698335367895197, 5925055.008773675188422 ], [ 299537.344714671489783, 5925058.813905437476933 ], [ 299542.702425668539945, 5925065.042108638212085 ], [ 299547.392917686549481, 5925070.721562661230564 ], [ 299552.244937252486125, 5925075.075443601235747 ], [ 299557.441120701609179, 5925079.170082504861057 ], [ 299566.886936388094909, 5925085.10877856425941 ], [ 299567.489323716727085, 5925085.551027379930019 ], [ 299577.537526731786784, 5925094.657322131097317 ], [ 299578.102131040766835, 5925095.142113527283072 ], [ 299587.585729746846482, 5925101.846371057443321 ], [ 299593.576654881879222, 5925105.175448489375412 ], [ 299597.633932761906181, 5925107.430002090521157 ], [ 299607.682135777024087, 5925113.013579797931015 ], [ 299611.374878489994444, 5925115.208783452399075 ], [ 299617.730338792083785, 5925119.513829324394464 ], [ 299626.481189130048733, 5925125.24211841635406 ], [ 299627.778541807201691, 5925126.038957260549068 ], [ 299637.826744822203182, 5925132.210600968450308 ], [ 299642.81670546985697, 5925135.2754533784464 ], [ 299647.874947837321088, 5925138.382276739925146 ], [ 299657.923150852380786, 5925144.553984144702554 ], [ 299659.152053212746978, 5925145.30878834053874 ], [ 299667.971353867440484, 5925150.725635642185807 ], [ 299675.487569552497007, 5925155.342123303562403 ], [ 299678.019556882500183, 5925156.897279350087047 ], [ 299688.067759897618089, 5925163.068923057988286 ], [ 299691.823085892305244, 5925165.375458266586065 ], [ 299698.115962912677787, 5925169.38031579554081 ], [ 299706.668321368750185, 5925175.408793229609728 ], [ 299708.164165927737486, 5925176.400650771334767 ], [ 299718.212368942797184, 5925184.026505443267524 ], [ 299720.075403624330647, 5925185.442128191702068 ], [ 299728.26057195791509, 5925191.661610101349652 ], [ 299733.910862392513081, 5925195.475463153794408 ], [ 299738.308774972974788, 5925198.118058279156685 ], [ 299748.356977988034487, 5925203.586150181479752 ], [ 299751.46638208971126, 5925205.508798117749393 ], [ 299758.405181003094185, 5925210.103684640489519 ], [ 299766.067093590041623, 5925215.542133079841733 ], [ 299768.453384018212091, 5925217.495058895088732 ], [ 299775.618351497105323, 5925225.575468042865396 ], [ 299777.093359343532939, 5925235.608803005889058 ], [ 299778.50158703327179, 5925245.187433088198304 ], [ 299778.568436676578131, 5925245.642137968912721 ], [ 299780.043514009565115, 5925255.675472931005061 ], [ 299781.518523152684793, 5925265.708807894028723 ], [ 299782.993571227125358, 5925275.742142857052386 ], [ 299784.46860898041632, 5925285.775477820076048 ], [ 299787.284894415468443, 5925295.808812782168388 ], [ 299788.549790048331488, 5925299.175913291983306 ], [ 299791.343930406263098, 5925305.842147745192051 ], [ 299788.549790048331488, 5925314.622928914614022 ], [ 299788.146964454092085, 5925315.875482708215714 ], [ 299784.569872848689556, 5925325.908817671239376 ], [ 299780.181058616901282, 5925335.942152632400393 ], [ 299778.50158703327179, 5925339.414463219232857 ], [ 299775.328180240001529, 5925345.975487597286701 ], [ 299770.475332667236216, 5925356.008822559379041 ], [ 299768.453384018212091, 5925360.189273290336132 ], [ 299765.62253344146302, 5925366.042157521471381 ], [ 299760.769734215689823, 5925376.075492484495044 ], [ 299758.405181003094185, 5925380.964290333911777 ], [ 299755.916934989974834, 5925386.108827447518706 ], [ 299751.064135764318053, 5925396.142162410542369 ], [ 299748.356977988034487, 5925401.305850762873888 ], [ 299745.82733180600917, 5925406.175497372634709 ], [ 299738.810580262332223, 5925416.208832335658371 ], [ 299738.308774972974788, 5925416.945671533234417 ], [ 299732.004633035860024, 5925426.242167298682034 ], [ 299728.26057195791509, 5925431.728850593790412 ], [ 299725.158026701363269, 5925436.275502261705697 ], [ 299718.311477180337533, 5925446.308837223798037 ], [ 299718.212368942797184, 5925446.459355774335563 ], [ 299711.545642036013305, 5925456.342172186821699 ], [ 299708.164165927737486, 5925461.605381656438112 ], [ 299705.088054219202604, 5925466.375507149845362 ], [ 299698.655337467906065, 5925476.408842111937702 ], [ 299698.115962912677787, 5925477.250129886902869 ], [ 299692.222668717091437, 5925486.442177074961364 ], [ 299688.067759897618089, 5925492.922783110290766 ], [ 299685.78999996627681, 5925496.475512037985027 ], [ 299679.357310340739787, 5925506.508847001008689 ], [ 299678.019556882500183, 5925508.59538547322154 ], [ 299672.924505669623613, 5925516.542181963101029 ], [ 299667.971353867440484, 5925524.267844993621111 ], [ 299666.491836918867193, 5925526.575516926124692 ], [ 299660.059168168052565, 5925536.608851889148355 ], [ 299657.923150852380786, 5925540.955758204683661 ], [ 299656.02438271039864, 5925546.642186852172017 ], [ 299652.714348740177229, 5925556.675521814264357 ], [ 299649.37836580426665, 5925566.70885677728802 ], [ 299647.874947837321088, 5925571.344744566828012 ], [ 299646.094339948380366, 5925576.742191740311682 ], [ 299642.780210289056413, 5925586.775526702404022 ], [ 299639.414735534170177, 5925596.808861665427685 ], [ 299637.826744822203182, 5925601.802921362221241 ], [ 299636.164297186362091, 5925606.842196628451347 ], [ 299632.74958118936047, 5925616.87553159147501 ], [ 299629.44785320997471, 5925626.90886655356735 ], [ 299627.778541807085276, 5925632.187188733369112 ], [ 299626.195209816272836, 5925636.942201516591012 ], [ 299622.718218391062692, 5925646.975536479614675 ], [ 299619.477934010617901, 5925657.008871441707015 ], [ 299617.730338792083785, 5925662.318640837445855 ], [ 299616.09509254299337, 5925667.042206404730678 ], [ 299612.686263331910595, 5925677.07554136775434 ], [ 299609.441649186308496, 5925687.108876330778003 ], [ 299607.682135777024087, 5925692.338997382670641 ], [ 299605.997087233175989, 5925697.142211293801665 ], [ 299602.653651311062276, 5925707.175546255894005 ], [ 299599.315313947154209, 5925717.208881218917668 ], [ 299597.633932761906181, 5925722.206659550778568 ], [ 299595.900890779914334, 5925727.24221618194133 ], [ 299592.564418464549817, 5925737.27555114403367 ], [ 299590.028763819660526, 5925747.308886107057333 ], [ 299597.633932761906181, 5925755.300330168567598 ], [ 299601.289073098974768, 5925757.342221070080996 ], [ 299597.633932761906181, 5925760.915418643504381 ], [ 299592.385014342318755, 5925767.375556033104658 ], [ 299588.548457157390658, 5925777.408890995196998 ], [ 299587.597313387319446, 5925787.442225958220661 ], [ 299587.585729746846482, 5925787.923079636879265 ], [ 299587.400697120756377, 5925797.475560920313001 ], [ 299587.206350305408705, 5925807.508895884267986 ], [ 299587.011872411647346, 5925817.542230846360326 ], [ 299586.817528285027947, 5925827.575565810315311 ], [ 299586.776582025457174, 5925837.608900772407651 ], [ 299587.585729746846482, 5925843.111539289355278 ], [ 299588.249485834501684, 5925847.642235735431314 ], [ 299589.124341181130148, 5925857.675570697523654 ], [ 299589.515818997169845, 5925867.708905660547316 ], [ 299589.74055923637934, 5925877.742240623570979 ], [ 299589.963703129615169, 5925887.775575585663319 ], [ 299590.171500086958986, 5925897.808910548686981 ], [ 299590.376424099493306, 5925907.842245511710644 ], [ 299590.581244422472082, 5925917.875580474734306 ], [ 299590.78606474539265, 5925927.908915436826646 ], [ 299590.990932383225299, 5925937.942250399850309 ], [ 299591.19575555215124, 5925947.975585362873971 ], [ 299591.400578721135389, 5925958.008920325897634 ], [ 299591.60548565571662, 5925968.042255287989974 ], [ 299593.615010228124447, 5925978.075590251013637 ], [ 299597.633932761906181, 5925980.810438115149736 ], [ 299607.682135777024087, 5925985.497253698296845 ], [ 299615.901664947450627, 5925988.108925214037299 ], [ 299617.730338792083785, 5925988.732522039674222 ], [ 299627.778541807143483, 5925992.174844861030579 ], [ 299637.826744822203182, 5925995.643957437947392 ], [ 299645.014963665278628, 5925998.142260176129639 ], [ 299647.874947837321088, 5925999.189732037484646 ], [ 299657.923150852438994, 5926002.870018645189703 ], [ 299667.971353867440484, 5926006.550202250480652 ], [ 299672.692024489515461, 5926008.175595139153302 ], [ 299678.019556882500183, 5926010.051158681511879 ], [ 299688.067759897618089, 5926017.911910989321768 ], [ 299688.347200935008004, 5926018.208930102176964 ], [ 299698.115962912677787, 5926027.212277084589005 ], [ 299699.229879319609609, 5926028.242265065200627 ], [ 299708.164165927737486, 5926036.280830457806587 ], [ 299710.381208668230101, 5926038.275600027292967 ], [ 299718.212368942797184, 5926046.644418591633439 ], [ 299719.501668834709562, 5926048.308934990316629 ], [ 299727.648548429540824, 5926058.342269953340292 ], [ 299728.26057195791509, 5926059.253592812456191 ], [ 299734.131452667410485, 5926068.375604916363955 ], [ 299738.308774972974788, 5926076.564718493260443 ], [ 299739.49121872370597, 5926078.408939878456295 ], [ 299748.356977988034487, 5926084.027862410061061 ], [ 299757.938854396168608, 5926088.442274841479957 ], [ 299758.405181003094185, 5926088.955341226421297 ], [ 299764.98689295334043, 5926098.47560980450362 ], [ 299768.453384018212091, 5926104.333365673199296 ], [ 299770.92439987231046, 5926108.50894476659596 ], [ 299776.861811074544676, 5926118.542279729619622 ], [ 299778.50158703327179, 5926121.313242183998227 ], [ 299782.799299327190965, 5926128.575614692643285 ], [ 299788.405106984660961, 5926138.608949655666947 ], [ 299788.549790048331488, 5926139.022604095749557 ], [ 299792.572490949067287, 5926148.642284617759287 ], [ 299798.597993063391186, 5926154.975249809212983 ], [ 299802.118761201039888, 5926158.67561958078295 ], [ 299799.150160154502373, 5926168.708954543806612 ], [ 299798.597993063391186, 5926169.279582877643406 ], [ 299791.688814217748586, 5926178.742289506830275 ], [ 299788.549790048331488, 5926183.190870001912117 ], [ 299784.510207507701125, 5926188.775624468922615 ], [ 299778.50158703327179, 5926197.407186874188483 ], [ 299777.498518901818898, 5926198.808959431946278 ], [ 299770.679126425064169, 5926208.84229439496994 ], [ 299768.453384018212091, 5926212.122938218526542 ], [ 299763.883463893900625, 5926218.875629357993603 ], [ 299758.405181003094185, 5926226.940556107088923 ], [ 299757.071420660300646, 5926228.908964320085943 ], [ 299750.272748111514375, 5926238.942299284040928 ], [ 299753.648519768728875, 5926248.975634246133268 ], [ 299757.321704841800965, 5926259.00896920915693 ], [ 299758.061370046634693, 5926269.04230417124927 ], [ 299757.442744218336884, 5926279.075639134272933 ], [ 299754.493378952087369, 5926289.108974097296596 ], [ 299752.92363181267865, 5926299.142309059388936 ], [ 299752.778224394423887, 5926309.175644022412598 ], [ 299751.379868814605288, 5926319.208978985436261 ], [ 299749.506049908057321, 5926329.242313948459923 ], [ 299748.356977988034487, 5926335.395002145320177 ], [ 299747.632231001509354, 5926339.275648910552263 ], [ 299745.758412095019594, 5926349.308983873575926 ], [ 299744.361259412718937, 5926359.342318836599588 ], [ 299743.07927957031643, 5926369.375653799623251 ], [ 299743.627048446098343, 5926379.408988762646914 ], [ 299745.121870057075284, 5926389.442323724739254 ], [ 299748.239465616410598, 5926399.475658687762916 ], [ 299748.356977988034487, 5926399.917233075946569 ], [ 299750.618907157797366, 5926409.508993649855256 ], [ 299753.16919896134641, 5926419.542328612878919 ], [ 299755.706871808273718, 5926429.575663575902581 ], [ 299758.156350423232652, 5926439.608998538926244 ], [ 299758.405181003094185, 5926440.725515778176486 ], [ 299760.335757140594069, 5926449.642333501018584 ], [ 299762.628532222472131, 5926459.675668464042246 ], [ 299764.864673572476022, 5926469.709003427997231 ], [ 299767.100800995307509, 5926479.742338390089571 ], [ 299768.453384018212091, 5926485.811456840485334 ], [ 299769.336861906456761, 5926489.775673352181911 ], [ 299771.572994159476366, 5926499.809008315205574 ], [ 299774.147736915329006, 5926509.842343278229237 ], [ 299777.10041120799724, 5926519.875678241252899 ], [ 299778.50158703327179, 5926524.318573853000998 ], [ 299780.826323469693307, 5926529.909013203345239 ], [ 299784.543194116733503, 5926539.942348166368902 ], [ 299788.549790048331488, 5926549.920800676569343 ], [ 299788.577729350014124, 5926549.975683129392564 ], [ 299792.869176979700569, 5926560.009018091484904 ], [ 299797.167514411325101, 5926570.042353054508567 ], [ 299798.597993063391186, 5926573.381428151391447 ], [ 299801.465837773343083, 5926580.075688017532229 ], [ 299805.764154117496219, 5926590.109022980555892 ], [ 299808.646196078509092, 5926596.836422747001052 ], [ 299810.062477409897838, 5926600.142357942648232 ], [ 299814.360814841464162, 5926610.175692904740572 ], [ 299818.659152273088694, 5926620.209027867764235 ], [ 299818.694399093568791, 5926620.291302273981273 ], [ 299822.95746879017679, 5926630.24236283171922 ], [ 299827.255785134329926, 5926640.275697792880237 ], [ 299828.742602108628489, 5926643.746296869590878 ], [ 299831.554115271661431, 5926650.309032756835222 ], [ 299835.852452703227755, 5926660.342367719858885 ], [ 299838.790805123688187, 5926667.2011763965711 ], [ 299840.150783462857362, 5926670.375702681951225 ], [ 299844.449099807010498, 5926680.409037644974887 ], [ 299848.747416151163634, 5926690.44237260799855 ], [ 299848.839008138747886, 5926690.656168540939689 ], [ 299853.04578179132659, 5926700.475707571022213 ], [ 299857.344098135537934, 5926710.509042533114552 ], [ 299858.887211153865792, 5926714.111050519160926 ], [ 299861.642427996615879, 5926720.542377496138215 ], [ 299865.940765428240411, 5926730.575712459161878 ], [ 299868.93541416892549, 5926737.565930046141148 ], [ 299870.239096464007162, 5926740.60904742218554 ], [ 299874.537412808160298, 5926750.64238238427788 ], [ 299878.835729152313434, 5926760.67571734637022 ], [ 299878.983617183985189, 5926761.020924642682076 ], [ 299883.13406585843768, 5926770.709052310325205 ], [ 299887.432403290062211, 5926780.742387273348868 ], [ 299889.031820199103095, 5926784.475804169662297 ], [ 299891.730727480840869, 5926790.775722235441208 ], [ 299896.029043824994005, 5926800.80905719846487 ], [ 299899.080023214162793, 5926807.930798765271902 ], [ 299900.327366288634948, 5926810.842392161488533 ], [ 299904.625703720201273, 5926820.875727123580873 ], [ 299908.924041151767597, 5926830.909062086604536 ], [ 299909.128226229222491, 5926831.385678292252123 ], [ 299913.222358497674577, 5926840.942397049628198 ], [ 299917.520674841827713, 5926850.975732012651861 ], [ 299919.17642924428219, 5926854.840672887861729 ], [ 299929.224632259400096, 5926860.73009970318526 ], [ 299939.272835274459794, 5926860.038205442018807 ], [ 299947.614925603964366, 5926861.009066974744201 ], [ 299949.321038289519493, 5926861.206711215898395 ], [ 299959.369241304579191, 5926861.540209114551544 ], [ 299969.417444319697097, 5926862.032862295396626 ], [ 299979.465647334756795, 5926862.810777748934925 ], [ 299989.513850349816494, 5926863.578454709611833 ], [ 299999.562053364876192, 5926864.052244050428271 ], [ 300009.610256380052306, 5926864.200577053241432 ], [ 300019.658459395053796, 5926864.348816592246294 ], [ 300029.706662410113495, 5926864.497102769091725 ], [ 300039.754865425173193, 5926864.573088059201837 ], [ 300049.803068440291099, 5926864.752453178167343 ], [ 300059.851271455350798, 5926865.098483732901514 ], [ 300069.899474470410496, 5926865.444385027512908 ], [ 300079.947677485470194, 5926865.790415582247078 ], [ 300089.9958805005881, 5926866.136316876858473 ], [ 300100.044083515647799, 5926866.482347431592643 ], [ 300110.092286530707497, 5926866.828248726204038 ], [ 300120.140489545767196, 5926867.174279280006886 ], [ 300130.188692560885102, 5926867.511400951072574 ], [ 300140.2368955759448, 5926867.83609820343554 ], [ 300150.285098591004498, 5926868.165222641080618 ], [ 300160.333301606064197, 5926868.499132817611098 ], [ 300170.381504621182103, 5926868.837693692184985 ], [ 300180.429707636241801, 5926869.181210180744529 ], [ 300190.477910651301499, 5926869.520951389335096 ], [ 300200.526113666361198, 5926869.809996312484145 ], [ 300210.574316681479104, 5926870.099155812524259 ], [ 300220.622519696538802, 5926870.388306508772075 ], [ 300230.670722711598501, 5926870.677339755930007 ], [ 300240.718925726658199, 5926870.966499256901443 ], [ 300243.356520352768712, 5926871.042401937767863 ], [ 300250.767128741717897, 5926871.255538259632885 ], [ 300260.815331756835803, 5926871.597764970734715 ], [ 300270.863534771895502, 5926872.446318226866424 ], [ 300280.9117377869552, 5926874.112040614709258 ], [ 300290.959940802073106, 5926876.147537162527442 ], [ 300301.008143817132805, 5926878.183033710345626 ], [ 300311.056346832192503, 5926880.218530257232487 ], [ 300315.288243668386713, 5926881.075736900791526 ], [ 300321.104549847252201, 5926882.253879113122821 ], [ 300331.152752862370107, 5926889.778114661574364 ], [ 300332.709568763442803, 5926891.109071863815188 ], [ 300341.200955877429806, 5926898.545413106679916 ], [ 300344.454269883222878, 5926901.142406825907528 ], [ 300351.249158892489504, 5926906.556106651201844 ], [ 300357.0010857108864, 5926911.175741788931191 ], [ 300361.297361907549202, 5926914.624321132898331 ], [ 300369.850086229096632, 5926921.209076751023531 ], [ 300371.345564922608901, 5926922.395704550668597 ], [ 300381.393767937726807, 5926929.935679244808853 ], [ 300383.107146005844697, 5926931.242411714047194 ], [ 300391.441970952786505, 5926937.521933275274932 ], [ 300396.49154986202484, 5926941.275746677070856 ], [ 300401.490173967846204, 5926947.511449384503067 ], [ 300403.949784891272429, 5926951.309081640094519 ], [ 300410.638998634065501, 5926961.342416603118181 ], [ 300411.53837698296411, 5926962.653965319506824 ], [ 300417.372510127839632, 5926971.375751565210521 ], [ 300421.586579998023808, 5926977.67577033303678 ], [ 300424.418062222888693, 5926981.409086528234184 ], [ 300430.394663900893647, 5926991.442421491257846 ], [ 300431.634783013083506, 5926995.266388572752476 ], [ 300433.197474818152841, 5927001.475756453350186 ], [ 300435.067063157563098, 5927011.509091416373849 ], [ 300436.919245062279515, 5927021.542426379397511 ], [ 300438.771509941958357, 5927031.575761342421174 ], [ 300440.623662085738033, 5927041.609096305444837 ], [ 300441.682986028143205, 5927047.347306517884135 ], [ 300442.475913679692894, 5927051.642431267537177 ], [ 300444.32814538461389, 5927061.675766230560839 ], [ 300446.180387034022715, 5927071.709101193584502 ], [ 300448.03262868343154, 5927081.742436155676842 ], [ 300449.88484717690153, 5927091.775771118700504 ], [ 300451.731189043261111, 5927101.77702234685421 ], [ 300451.737111982307397, 5927101.809106081724167 ], [ 300453.589250914636068, 5927111.842441044747829 ], [ 300455.44151579431491, 5927121.875776006840169 ], [ 300457.293710910482332, 5927131.909110969863832 ], [ 300459.145952559891157, 5927141.942445932887495 ], [ 300460.998194209299982, 5927151.975780895911157 ], [ 300461.779392058262601, 5927156.2074208073318 ], [ 300462.850435858708806, 5927162.009115858003497 ], [ 300464.937425948155578, 5927172.04245082102716 ], [ 300470.395970584067982, 5927182.075785784050822 ], [ 300471.827595073380508, 5927183.501356214284897 ], [ 300481.521851641708054, 5927192.109120747074485 ], [ 300481.875798088440206, 5927192.42359705734998 ], [ 300491.924001103558112, 5927201.351280438713729 ], [ 300492.814477322448511, 5927202.142455709166825 ], [ 300501.97220411861781, 5927210.278963820077479 ], [ 300504.107103003072552, 5927212.17579067312181 ], [ 300512.020407133677509, 5927219.206805973313749 ], [ 300515.399473679019138, 5927222.20912563521415 ], [ 300522.068610148737207, 5927228.134557152166963 ], [ 300526.692099359701388, 5927232.24246059730649 ], [ 300532.116813163855113, 5927237.062240533530712 ], [ 300537.984725040267222, 5927242.275795560330153 ], [ 300542.165016178914811, 5927245.990007787942886 ], [ 300549.277095716272015, 5927252.309130523353815 ], [ 300552.21321919397451, 5927254.917833864688873 ], [ 300560.569721396896057, 5927262.342465486377478 ], [ 300562.261422209034208, 5927263.845483305864036 ], [ 300571.862358428363223, 5927272.375800448469818 ], [ 300572.309625224152114, 5927272.773146791383624 ], [ 300582.357828239211813, 5927281.701094588264823 ], [ 300583.154717753524892, 5927282.40913541149348 ], [ 300592.406031254271511, 5927290.628793959505856 ], [ 300594.447343434148934, 5927292.442470374517143 ], [ 300602.454234269331209, 5927299.556477340869606 ], [ 300605.93688694445882, 5927302.475805337540805 ], [ 300612.502437284449115, 5927305.597735725343227 ] ], [ [ 299814.795453736849595, 5926208.84229439496994 ], [ 299817.08327124355128, 5926198.808959431946278 ], [ 299818.694399093568791, 5926191.744511902332306 ], [ 299819.371487741824239, 5926188.775624467991292 ], [ 299824.665314965299331, 5926178.742289506830275 ], [ 299828.742602108628489, 5926177.882981167174876 ], [ 299830.624878437491134, 5926178.742289506830275 ], [ 299838.790805123746395, 5926182.758432621136308 ], [ 299842.224806065030862, 5926188.775624468922615 ], [ 299848.839008138806093, 5926196.115781642496586 ], [ 299850.214258882566355, 5926198.808959431946278 ], [ 299849.060825869149994, 5926208.84229439496994 ], [ 299848.839008138806093, 5926209.356394016183913 ], [ 299838.790805123688187, 5926213.300434354692698 ], [ 299828.742602108628489, 5926215.713870746083558 ], [ 299818.694399093568791, 5926217.533522943966091 ], [ 299814.795453736849595, 5926208.84229439496994 ] ] ] } },
{ "type": "Feature", "properties": { "id": 3, "cost_level": 1200.0 }, "geometry": { "type": "Polygon", "coordinates": [ [ [ 300863.707512661349028, 5926971.748638524673879 ], [ 300867.264543744910043, 5926971.375751565210521 ], [ 300873.755715676350519, 5926970.695284147746861 ], [ 300883.803918691410217, 5926969.641913122497499 ], [ 300893.852121706528123, 5926968.588461778126657 ], [ 300903.900324721587822, 5926967.535111962817609 ], [ 300913.94852773664752, 5926966.481702277436852 ], [ 300923.996730751707219, 5926965.428339576348662 ], [ 300934.044933766825125, 5926964.374939777888358 ], [ 300944.093136781884823, 5926963.321491433307528 ], [ 300954.141339796944521, 5926962.268128732219338 ], [ 300962.971862651698757, 5926961.342416603118181 ], [ 300964.18954281200422, 5926961.207446568645537 ], [ 300974.237745827122126, 5926959.224379627034068 ], [ 300984.285948842181824, 5926953.316610817797482 ], [ 300986.695730928098783, 5926951.309081640094519 ], [ 300994.334151857241523, 5926944.945704231970012 ], [ 300998.739466644707136, 5926941.275746677070856 ], [ 301004.382354872301221, 5926936.574797646142542 ], [ 301010.783202361373696, 5926931.242411714978516 ], [ 301014.430557887419127, 5926928.203891061246395 ], [ 301022.826938077982049, 5926921.209076751954854 ], [ 301024.478760902478825, 5926920.242002557963133 ], [ 301034.526963917538524, 5926914.604488457553089 ], [ 301041.011570192291401, 5926911.175741788931191 ], [ 301044.57516693265643, 5926909.962016740813851 ], [ 301054.623369947716128, 5926906.539799336344004 ], [ 301064.671572962775826, 5926903.117482900619507 ], [ 301070.470726851490326, 5926901.142406825907528 ], [ 301074.719775977835525, 5926899.695265496149659 ], [ 301084.767978992895223, 5926896.272997124120593 ], [ 301094.816182008013129, 5926892.85073165781796 ], [ 301099.943488525343128, 5926891.109071863815188 ], [ 301104.864385023072828, 5926889.442264182493091 ], [ 301114.912588038132526, 5926886.046682505868375 ], [ 301124.960791053192224, 5926882.651101728901267 ], [ 301135.00899406831013, 5926884.160043127834797 ], [ 301145.057197083369829, 5926885.947370282374322 ], [ 301155.105400098429527, 5926884.964666794985533 ], [ 301165.153603113547433, 5926884.180072817951441 ], [ 301175.201806128607132, 5926883.395478839054704 ], [ 301185.25000914366683, 5926882.610884862020612 ], [ 301195.298212158784736, 5926881.826290884055197 ], [ 301204.910468954883981, 5926881.075736900791526 ], [ 301205.346415173844434, 5926881.04169659037143 ], [ 301215.394618188845925, 5926880.25709533970803 ], [ 301225.442821203963831, 5926879.472494088113308 ], [ 301227.871397569891997, 5926881.075736900791526 ], [ 301225.442821203963831, 5926883.068577248603106 ], [ 301220.077597953611985, 5926891.109071863815188 ], [ 301215.394618188904133, 5926895.327599198557436 ], [ 301208.872565366618801, 5926901.142406825907528 ], [ 301205.602729082573205, 5926911.175741788931191 ], [ 301206.320037038181908, 5926921.209076751954854 ], [ 301211.775348878814839, 5926931.242411714047194 ], [ 301215.39461818896234, 5926932.307792539708316 ], [ 301225.442821203963831, 5926931.583903047256172 ], [ 301230.182324200519361, 5926931.242411714978516 ], [ 301235.491024219023529, 5926930.859904040582478 ], [ 301245.539227234199643, 5926930.135901032947004 ], [ 301255.587430249201134, 5926929.411898026242852 ], [ 301265.635633264260832, 5926928.687895019538701 ], [ 301275.683836279320531, 5926927.963892012834549 ], [ 301285.732039294438437, 5926925.264463479630649 ], [ 301288.98040623718407, 5926921.209076751954854 ], [ 301288.587505241390318, 5926911.175741788931191 ], [ 301295.780242309498135, 5926901.930368122644722 ], [ 301305.828445324557833, 5926905.863652670755982 ], [ 301315.876648339617532, 5926909.865595623850822 ], [ 301325.924851354735438, 5926903.208114206790924 ], [ 301328.568520688568242, 5926901.142406825907528 ], [ 301335.973054369795136, 5926895.013594651594758 ], [ 301339.456438089080621, 5926891.109071863815188 ], [ 301346.021257384854835, 5926883.750569727271795 ], [ 301348.407545007881708, 5926881.075736900791526 ], [ 301356.069460399914533, 5926872.487357776612043 ], [ 301357.35856432368746, 5926871.042401937767863 ], [ 301366.117663415032439, 5926861.224332853220403 ], [ 301366.309710867295507, 5926861.009066974744201 ], [ 301375.466074770200066, 5926850.975732011720538 ], [ 301376.165866430092137, 5926850.57718513906002 ], [ 301386.214069445151836, 5926849.654351335950196 ], [ 301396.262272460211534, 5926848.207788303494453 ], [ 301406.31047547532944, 5926846.761225271970034 ], [ 301416.358678490389138, 5926845.314662240445614 ], [ 301426.406881505448837, 5926843.868099207989872 ], [ 301436.455084520508535, 5926842.421536176465452 ], [ 301446.503287535684649, 5926840.974973145872355 ], [ 301446.729569566552527, 5926840.942397050559521 ], [ 301456.55149055068614, 5926839.528410113416612 ], [ 301466.599693565745838, 5926838.08177384827286 ], [ 301476.647896580805536, 5926836.635181609541178 ], [ 301486.696099595923442, 5926835.633980259299278 ], [ 301496.744302610983141, 5926835.658556262031198 ], [ 301506.792505626042839, 5926835.683132266625762 ], [ 301516.840708641102538, 5926835.806768929585814 ], [ 301526.888911656220444, 5926838.990446684882045 ], [ 301531.827000422403216, 5926840.942397049628198 ], [ 301536.937114671280142, 5926842.962346437387168 ], [ 301546.98531768633984, 5926846.934246188029647 ], [ 301557.033520701399539, 5926847.410699475556612 ], [ 301567.081723716517445, 5926846.868807202205062 ], [ 301577.129926731577143, 5926846.859548558481038 ], [ 301586.839202712639235, 5926840.942397049628198 ], [ 301587.178129746636841, 5926840.80249556619674 ], [ 301597.22633276169654, 5926830.997877032496035 ], [ 301597.31725237442879, 5926830.909062086604536 ], [ 301607.274535776814446, 5926821.182276384904981 ], [ 301607.555488562211394, 5926820.875727123580873 ], [ 301615.300262605189346, 5926810.842392161488533 ], [ 301617.322738791874144, 5926806.029615702107549 ], [ 301621.092152276891284, 5926800.80905719846487 ], [ 301627.370941806933843, 5926795.317193465307355 ], [ 301633.034132115892135, 5926790.775722235441208 ], [ 301637.419144821993541, 5926787.280555440112948 ], [ 301645.559992851223797, 5926780.742387273348868 ], [ 301647.467347837111447, 5926779.219790633767843 ], [ 301657.515550852112938, 5926771.054314153268933 ], [ 301657.925520457676612, 5926770.709052310325205 ], [ 301667.563753867230844, 5926762.587575858458877 ], [ 301670.115531184361316, 5926760.675717347301543 ], [ 301677.611956882290542, 5926756.843793906271458 ], [ 301687.660159897408448, 5926752.003605050966144 ], [ 301690.486089538142551, 5926750.642382385209203 ], [ 301697.708362912468147, 5926747.163460453040898 ], [ 301707.756565927527845, 5926742.323295088484883 ], [ 301711.315333795500919, 5926740.60904742218554 ], [ 301717.804768942587543, 5926737.355949378572404 ], [ 301727.852971957705449, 5926731.478879132308066 ], [ 301729.217431393510196, 5926730.575712459161878 ], [ 301737.901174972765148, 5926724.827745471149683 ], [ 301744.375296470359899, 5926720.542377496138215 ], [ 301747.949377987824846, 5926718.176611810922623 ], [ 301757.997581002884544, 5926712.42542967479676 ], [ 301761.764272163971327, 5926710.509042533114552 ], [ 301768.04578401800245, 5926706.56823137961328 ], [ 301773.609933403902687, 5926700.475707571022213 ], [ 301776.040570256009232, 5926690.442372608929873 ], [ 301778.093987033003941, 5926682.706975016742945 ], [ 301778.708665524842218, 5926680.409037644043565 ], [ 301782.725200567394495, 5926670.375702681951225 ], [ 301788.070940233534202, 5926660.342367719858885 ], [ 301788.142190048121847, 5926659.865879065357149 ], [ 301789.571234624309, 5926650.3090327559039 ], [ 301791.0716189770028, 5926640.27569779381156 ], [ 301794.166389393853024, 5926630.24236283171922 ], [ 301798.190393063123338, 5926624.380063428543508 ], [ 301801.589763447409496, 5926620.209027867764235 ], [ 301799.441567398491316, 5926610.175692905671895 ], [ 301804.182604790432379, 5926600.142357942648232 ], [ 301808.238596078299452, 5926594.785400264896452 ], [ 301814.883394156466238, 5926590.109022980555892 ], [ 301818.28679909335915, 5926588.97965838573873 ], [ 301828.335002108418848, 5926587.470510865561664 ], [ 301838.383205123478547, 5926585.961235344409943 ], [ 301848.431408138596453, 5926584.525669222697616 ], [ 301858.479611153656151, 5926583.367467785254121 ], [ 301868.52781416871585, 5926582.358444491401315 ], [ 301878.576017183775548, 5926581.349543295800686 ], [ 301888.624220198893454, 5926580.340520002879202 ], [ 301891.261827888549305, 5926580.075688017532229 ], [ 301898.672423213953152, 5926579.331609752960503 ], [ 301908.720626229012851, 5926578.322595513425767 ], [ 301918.768829244072549, 5926577.313660706393421 ], [ 301928.817032259190455, 5926576.260940746404231 ], [ 301938.865235274250153, 5926575.050248205661774 ], [ 301948.913438289309852, 5926572.516945765353739 ], [ 301958.366281543974765, 5926570.042353054508567 ], [ 301958.96164130436955, 5926569.886498050764203 ], [ 301969.009844319487456, 5926567.256050336174667 ], [ 301979.058047334547155, 5926564.625602621585131 ], [ 301989.106250349606853, 5926561.995154906064272 ], [ 301996.693212002224755, 5926560.009018091484904 ], [ 301999.154453364666551, 5926559.364707192406058 ], [ 302009.202656379784457, 5926557.055379346013069 ], [ 302019.250859394844156, 5926554.843124583363533 ], [ 302029.299062409903854, 5926552.638006914407015 ], [ 302039.347265424963553, 5926550.425214517861605 ], [ 302041.314556011988316, 5926549.975683129392564 ], [ 302049.395468440081459, 5926548.082525011152029 ], [ 302059.443671455141157, 5926545.682394046336412 ], [ 302069.491874470200855, 5926543.239858418703079 ], [ 302079.540077485260554, 5926540.775045305490494 ], [ 302082.934699926059693, 5926539.942348167300224 ], [ 302089.58828050037846, 5926538.310232193209231 ], [ 302099.636483515438158, 5926535.7155931442976 ], [ 302109.684686530497856, 5926533.007931561209261 ], [ 302119.732889545557555, 5926530.267613196745515 ], [ 302121.047735597530846, 5926529.909013203345239 ], [ 302129.781092560675461, 5926527.527185356244445 ], [ 302139.829295575735159, 5926524.911555390805006 ], [ 302149.877498590794858, 5926522.229687407612801 ], [ 302157.067014288331848, 5926519.875678241252899 ], [ 302159.451293313293718, 5926509.842343278229237 ], [ 302159.793132422317285, 5926499.809008315205574 ], [ 302159.925701605854556, 5926498.901768209412694 ], [ 302161.251333410269581, 5926489.775673353113234 ], [ 302163.625583272252697, 5926479.742338390089571 ], [ 302165.999698661500588, 5926469.709003427065909 ], [ 302166.069982731365599, 5926459.675668464042246 ], [ 302165.61673161003273, 5926449.642333501018584 ], [ 302169.70862083643442, 5926439.608998538926244 ], [ 302169.973904620972462, 5926439.145198727957904 ], [ 302175.44754320406355, 5926429.575663575902581 ], [ 302180.02210763603216, 5926421.577975298278034 ], [ 302181.186454932263587, 5926419.542328612878919 ], [ 302186.925312526233029, 5926409.508993649855256 ], [ 302190.070310651091859, 5926404.01054397970438 ], [ 302192.664170120144263, 5926399.475658686831594 ], [ 302198.40302771399729, 5926389.442323724739254 ], [ 302200.118513666151557, 5926386.443112662062049 ], [ 302204.141932920145337, 5926379.408988760784268 ], [ 302209.88085842714645, 5926369.375653799623251 ], [ 302210.166716681269463, 5926368.875889233313501 ], [ 302215.619719403854106, 5926359.342318836599588 ], [ 302220.214919696329162, 5926351.308457914739847 ], [ 302221.35857699776534, 5926349.308983873575926 ], [ 302227.097434591676574, 5926339.275648910552263 ], [ 302230.263122711447068, 5926333.741026597097516 ], [ 302232.836322636168916, 5926329.242313948459923 ], [ 302238.444651883153711, 5926319.208978984504938 ], [ 302240.311325726448558, 5926315.764502629637718 ], [ 302243.873973643872887, 5926309.175644022412598 ], [ 302248.994574695476331, 5926299.142309060320258 ], [ 302250.359528741566464, 5926295.733464542776346 ], [ 302253.006595472572371, 5926289.108974097296596 ], [ 302257.226002524374053, 5926279.075639134272933 ], [ 302260.407731756626163, 5926271.678113531321287 ], [ 302261.541412414750084, 5926269.04230417124927 ], [ 302266.017298952210695, 5926259.00896920915693 ], [ 302270.455934771685861, 5926249.389337649568915 ], [ 302270.646826451469678, 5926248.975634246133268 ], [ 302275.276505967136472, 5926238.942299282178283 ], [ 302279.906188484863378, 5926228.908964320085943 ], [ 302280.504137786745559, 5926227.613103185780346 ], [ 302284.535871002590284, 5926218.875629357993603 ], [ 302289.165553520317189, 5926208.84229439496994 ], [ 302290.552340801863465, 5926205.854626519605517 ], [ 302293.846562218677718, 5926198.808959431946278 ], [ 302298.556935932778288, 5926188.775624468922615 ], [ 302300.600543816923164, 5926184.42263600602746 ], [ 302303.267309646878857, 5926178.742289505898952 ], [ 302307.977683361037634, 5926168.708954543806612 ], [ 302310.648746831982862, 5926163.019453850574791 ], [ 302312.688057075138204, 5926158.67561958078295 ], [ 302317.398483039694838, 5926148.642284617759287 ], [ 302320.696949847042561, 5926141.616509107872844 ], [ 302322.108941308106296, 5926138.608949655666947 ], [ 302326.538603101216722, 5926128.575614692643285 ], [ 302330.584583838295657, 5926118.542279729619622 ], [ 302330.745152862160467, 5926118.117254221811891 ], [ 302334.374980978493113, 5926108.508944768458605 ], [ 302338.18207540421281, 5926098.47560980450362 ], [ 302340.793355877220165, 5926091.519233339466155 ], [ 302341.955790162901394, 5926088.442274840548635 ], [ 302344.280997272697277, 5926078.408939877524972 ], [ 302340.793355877220165, 5926072.187525387853384 ], [ 302339.059003993927035, 5926068.375604916363955 ], [ 302339.033089783042669, 5926058.342269953340292 ], [ 302340.57953234796878, 5926048.308934990316629 ], [ 302340.793355877220165, 5926046.921645775437355 ], [ 302342.12597491289489, 5926038.275600027292967 ], [ 302343.672417477821, 5926028.242265066131949 ], [ 302345.21886004274711, 5926018.208930103108287 ], [ 302346.765302607615013, 5926008.175595139153302 ], [ 302348.311745172541123, 5925998.142260176129639 ], [ 302349.858112416928634, 5925988.108925214037299 ], [ 302350.841558892279863, 5925981.728261542506516 ], [ 302351.404546810139436, 5925978.075590251013637 ], [ 302352.950989375065546, 5925968.042255287989974 ], [ 302354.497431939991657, 5925958.008920325897634 ], [ 302356.043874504917767, 5925947.975585362873971 ], [ 302357.590317069843877, 5925937.942250399850309 ], [ 302359.13675963471178, 5925927.908915435895324 ], [ 302360.683202199696098, 5925917.875580474734306 ], [ 302360.889761907339562, 5925916.535419006831944 ], [ 302362.22963363135932, 5925907.842245511710644 ], [ 302363.776063346769661, 5925897.808910547755659 ], [ 302365.322446402278729, 5925887.775575585663319 ], [ 302366.868888967146631, 5925877.742240623570979 ], [ 302368.415331532072742, 5925867.708905660547316 ], [ 302370.937964922457468, 5925857.67623480502516 ], [ 302370.938167415384669, 5925857.675570697523654 ], [ 302374.891532984795049, 5925847.642235735431314 ], [ 302379.077003125217743, 5925837.608900772407651 ], [ 302380.986167937517166, 5925833.054293137043715 ], [ 302383.301290685427375, 5925827.575565809383988 ], [ 302387.612114780000411, 5925817.542230846360326 ], [ 302391.034370952576865, 5925809.685331657528877 ], [ 302391.982358482608106, 5925807.508895885199308 ], [ 302396.352516479673795, 5925797.475560921244323 ], [ 302400.722770148480777, 5925787.442225958220661 ], [ 302401.082573967636563, 5925786.674919249489903 ], [ 302406.050272393214982, 5925777.408890995196998 ], [ 302411.130776982754469, 5925768.550621813163161 ], [ 302411.903460032539442, 5925767.375556033104658 ], [ 302418.773553965962492, 5925757.342221070080996 ], [ 302421.178979997814167, 5925753.829249436967075 ], [ 302425.643647899443749, 5925747.308886107057333 ], [ 302431.227183012873866, 5925739.154488421045244 ], [ 302432.513741832808591, 5925737.27555114403367 ], [ 302439.383861833252013, 5925727.242216182872653 ], [ 302441.275386027933564, 5925724.479783086106181 ], [ 302446.254068173468113, 5925717.20888121984899 ], [ 302451.32358904305147, 5925709.805168623104692 ], [ 302453.124162106891163, 5925707.175546254962683 ], [ 302459.99425604037242, 5925697.142211293801665 ], [ 302461.371792058111168, 5925691.541110496036708 ], [ 302462.361685986455996, 5925687.108876330778003 ], [ 302464.55872774933232, 5925677.07554136775434 ], [ 302462.789758823812008, 5925667.042206404730678 ], [ 302461.797198971034959, 5925657.008871442638338 ], [ 302464.093395373900421, 5925646.975536480545998 ], [ 302463.583313530136365, 5925636.942201516591012 ], [ 302462.930436926370021, 5925626.90886655356735 ], [ 302461.371792058111168, 5925618.290602347813547 ], [ 302461.104446079756599, 5925616.87553159147501 ], [ 302456.275927233276889, 5925606.842196628451347 ], [ 302451.323589042993262, 5925601.841673431918025 ], [ 302441.275386027933564, 5925601.866122596897185 ], [ 302434.360230350517668, 5925596.808861665427685 ], [ 302431.227183012873866, 5925594.397046840749681 ], [ 302421.178979997814167, 5925589.756608849391341 ], [ 302419.289668829937, 5925586.775526702404022 ], [ 302416.726937471656129, 5925576.742191740311682 ], [ 302414.429359489760827, 5925566.70885677728802 ], [ 302412.15779603656847, 5925556.675521814264357 ], [ 302411.130776982754469, 5925551.157440399751067 ], [ 302410.270859744108748, 5925546.642186852172017 ], [ 302409.647129222052172, 5925536.608851889148355 ], [ 302409.144097147625871, 5925526.575516926124692 ], [ 302408.640991315420251, 5925516.542181963101029 ], [ 302408.137947024835739, 5925506.508847001008689 ], [ 302407.634853408788331, 5925496.475512037985027 ], [ 302407.131796902045608, 5925486.442177074961364 ], [ 302406.628715502214618, 5925476.408842111937702 ], [ 302406.125646779197268, 5925466.375507149845362 ], [ 302405.62257759552449, 5925456.342172186821699 ], [ 302405.119496656407136, 5925446.308837223798037 ], [ 302404.616439688892569, 5925436.275502261705697 ], [ 302404.113346533500589, 5925426.242167298682034 ], [ 302403.610301782260649, 5925416.208832336589694 ], [ 302403.107196410768665, 5925406.175497372634709 ], [ 302402.60395681852242, 5925396.142162409611046 ], [ 302402.100363706820644, 5925386.108827447518706 ], [ 302401.596721419016831, 5925376.075492484495044 ], [ 302401.093188653234392, 5925366.042157521471381 ], [ 302401.082573967636563, 5925365.830699154175818 ], [ 302400.58954012254253, 5925356.008822559379041 ], [ 302399.961235818453133, 5925345.975487595424056 ], [ 302399.32348083506804, 5925335.942152633331716 ], [ 302398.685847630375065, 5925325.908817670308053 ], [ 302394.599254263157491, 5925315.875482708215714 ], [ 302391.034370952576865, 5925308.960704019293189 ], [ 302389.426613175601233, 5925305.842147745192051 ], [ 302384.253972088044975, 5925295.808812782168388 ], [ 302380.986167937517166, 5925289.470276417210698 ], [ 302379.081331000546925, 5925285.775477820076048 ], [ 302373.908689912990667, 5925275.742142857052386 ], [ 302370.937964922457468, 5925269.979848816990852 ], [ 302368.736048825434409, 5925265.708807894028723 ], [ 302363.563407737878151, 5925255.675472931005061 ], [ 302360.889761907339562, 5925250.489421214908361 ], [ 302358.390766650263686, 5925245.642137968912721 ], [ 302353.218125562765636, 5925235.608803005889058 ], [ 302350.841558892279863, 5925230.998993614688516 ], [ 302348.045484475209378, 5925225.575468042865396 ], [ 302345.328997631673701, 5925215.542133079841733 ], [ 302347.354409317602403, 5925205.508798117749393 ], [ 302349.411846678587608, 5925195.47546315472573 ], [ 302350.841558892279863, 5925188.503357414156199 ], [ 302351.469297059695236, 5925185.442128191702068 ], [ 302353.526707403711043, 5925175.408793229609728 ], [ 302355.584160643222276, 5925165.375458266586065 ], [ 302357.577191606163979, 5925155.342123303562403 ], [ 302359.145421853812877, 5925145.30878834053874 ], [ 302360.889761907339562, 5925138.638437796384096 ], [ 302361.506441850506235, 5925135.275453379377723 ], [ 302360.889761907339562, 5925128.842332383617759 ], [ 302360.07272718421882, 5925125.242118415422738 ], [ 302357.795833120355383, 5925115.208783452399075 ], [ 302355.518896309600677, 5925105.175448490306735 ], [ 302352.200359042908531, 5925095.142113527283072 ], [ 302350.841558892279863, 5925091.582087729126215 ], [ 302348.370836584363133, 5925085.10877856425941 ], [ 302344.541371203144081, 5925075.075443601235747 ], [ 302340.793355877220165, 5925065.255727840587497 ], [ 302340.7118211297784, 5925065.042108638212085 ], [ 302336.882314769376535, 5925055.008773676119745 ], [ 302333.213802808430046, 5925044.975438713096082 ], [ 302330.745152862160467, 5925038.257341515272856 ], [ 302329.561225618701428, 5925034.94210375007242 ], [ 302326.039277312636841, 5925024.90876878798008 ], [ 302322.454455404542387, 5925014.875433824956417 ], [ 302320.696949847042561, 5925010.604023149237037 ], [ 302318.326186770806089, 5925004.842098861932755 ], [ 302314.197937443503179, 5924994.808763898909092 ], [ 302310.648746831982862, 5924986.183009176515043 ], [ 302310.069577735150233, 5924984.775428936816752 ], [ 302306.48641112720361, 5924974.742093973793089 ], [ 302303.230201874976046, 5924964.708759009838104 ], [ 302300.600543816923164, 5924956.60601189173758 ], [ 302299.973992622748483, 5924954.675424047745764 ], [ 302296.717853704933077, 5924944.642089085653424 ], [ 302293.461688745301217, 5924934.608754122629762 ], [ 302291.190107818227261, 5924924.575419159606099 ], [ 302290.552340801863465, 5924920.70053687505424 ], [ 302289.725939577212557, 5924914.542084196582437 ], [ 302288.379568867851049, 5924904.508749233558774 ], [ 302286.125865174341016, 5924894.475414271466434 ], [ 302283.905338465119712, 5924884.442079308442771 ], [ 302282.770338939677458, 5924874.408744346350431 ], [ 302281.635403304302599, 5924864.375409383326769 ], [ 302280.504137786745559, 5924854.374519891105592 ], [ 302280.500467704201583, 5924854.342074420303106 ], [ 302279.365542977640871, 5924844.308739457279444 ], [ 302278.230618251021951, 5924834.275404495187104 ], [ 302277.095660762919579, 5924824.242069532163441 ], [ 302273.638311190647073, 5924814.208734570071101 ], [ 302270.455934771685861, 5924806.59679494984448 ], [ 302269.443605217151344, 5924804.175399606116116 ], [ 302264.955981923267245, 5924794.142064644023776 ], [ 302260.407731756626163, 5924784.944921785965562 ], [ 302259.994214796810411, 5924784.108729681000113 ], [ 302255.461716625839472, 5924774.075394717976451 ], [ 302250.994599237164948, 5924764.042059755884111 ], [ 302250.359528741566464, 5924762.61563382204622 ], [ 302246.527541303541511, 5924754.008724792860448 ], [ 302241.244422117539216, 5924743.975389829836786 ], [ 302240.311325726448558, 5924742.834509581327438 ], [ 302233.214621325430926, 5924733.942054866813123 ], [ 302230.26312271138886, 5924730.884196316823363 ], [ 302223.953876555140596, 5924723.908719904720783 ], [ 302220.214919696329162, 5924716.430396783165634 ], [ 302219.12401327828411, 5924713.875384941697121 ], [ 302214.840068994672038, 5924703.842049978673458 ], [ 302210.556132565019652, 5924693.808715015649796 ], [ 302210.166716681269463, 5924692.860948159359396 ], [ 302206.457987547502853, 5924683.775380053557456 ], [ 302202.507558201032225, 5924673.742045090533793 ], [ 302200.118513666151557, 5924667.674328911118209 ], [ 302197.607589794206433, 5924663.70871012751013 ], [ 302195.79124604415847, 5924653.675375164486468 ], [ 302196.508434398565441, 5924643.642040202394128 ], [ 302197.144741160795093, 5924633.608705239370465 ], [ 302197.713170147675555, 5924623.575370276346803 ], [ 302197.916256889526267, 5924613.542035314254463 ], [ 302197.782426431193016, 5924603.508700352162123 ], [ 302197.565832500928082, 5924593.475365388207138 ], [ 302197.416615169669967, 5924583.442030425183475 ], [ 302198.002115614770446, 5924573.408695463091135 ], [ 302197.404906225157902, 5924563.375360500067472 ], [ 302196.529943996225484, 5924553.34202553704381 ], [ 302195.65492400637595, 5924543.308690574020147 ], [ 302194.49682392005343, 5924533.275355611927807 ], [ 302190.366526732279453, 5924523.242020648904145 ], [ 302190.070310651091859, 5924522.183276860974729 ], [ 302187.773545796517283, 5924513.208685686811805 ], [ 302185.549565935740247, 5924503.175350723788142 ], [ 302183.325568137224764, 5924493.14201576076448 ], [ 302180.88458123547025, 5924483.108680797740817 ], [ 302180.022107636090368, 5924480.836287820711732 ], [ 302177.006468211009633, 5924473.075345834717155 ], [ 302173.10789313929854, 5924463.042010872624815 ], [ 302169.973904620972462, 5924457.42333098500967 ], [ 302167.408007707912475, 5924453.008675909601152 ], [ 302160.682081421662588, 5924442.975340946577489 ], [ 302159.925701605854556, 5924442.426349188201129 ], [ 302149.877498590794858, 5924435.418851223774254 ], [ 302146.141760456259362, 5924432.942005983553827 ], [ 302139.829295575735159, 5924429.76505436655134 ], [ 302129.781092560675461, 5924424.707977676764131 ], [ 302126.205937287013512, 5924422.908671021461487 ], [ 302119.732889545557555, 5924419.650911008939147 ], [ 302109.684686530497856, 5924414.593838920816779 ], [ 302106.270095982181374, 5924412.875336058437824 ], [ 302099.636483515438158, 5924409.5367565555498 ], [ 302089.58828050037846, 5924404.479674191214144 ], [ 302086.334295187029056, 5924402.842001095414162 ], [ 302079.540077485260554, 5924399.422591825947165 ], [ 302069.491874470200855, 5924394.365514372475445 ], [ 302066.398475032707211, 5924392.808666132390499 ], [ 302059.443671455141157, 5924389.308447704650462 ], [ 302049.395468440081459, 5924384.093737821094692 ], [ 302047.406612340651918, 5924382.775331170298159 ], [ 302039.347265424963553, 5924377.448363367468119 ], [ 302032.258015089319088, 5924372.741996207274497 ], [ 302029.299062409903854, 5924370.7776252143085 ], [ 302019.250859394844156, 5924364.34758048132062 ], [ 302015.808713746955618, 5924362.708661244250834 ], [ 302009.202656379784457, 5924359.56329913251102 ], [ 301999.154453364666551, 5924354.779011348262429 ], [ 301994.736196547804866, 5924352.675326282158494 ], [ 301989.106250349606853, 5924349.994705742225051 ], [ 301979.058047334547155, 5924345.181184902787209 ], [ 301974.040540677320678, 5924342.641991319134831 ], [ 301969.009844319487456, 5924340.091039405204356 ], [ 301958.96164130436955, 5924336.02041108161211 ], [ 301950.5398285529227, 5924332.608656356111169 ], [ 301948.913438289368059, 5924331.949792529456317 ], [ 301938.865235274250153, 5924328.340399127453566 ], [ 301928.817032259190455, 5924325.254117914475501 ], [ 301924.141703666828107, 5924322.575321393087506 ], [ 301918.768829244072549, 5924318.844650094397366 ], [ 301910.84184699121397, 5924312.541986430995166 ], [ 301908.720626229012851, 5924310.86267627030611 ], [ 301898.744225198228378, 5924302.508651467971504 ], [ 301898.672423213953152, 5924302.443132695741951 ], [ 301888.624220198893454, 5924293.202824238687754 ], [ 301887.821608053403907, 5924292.475316504947841 ], [ 301878.576017183775548, 5924284.042264677584171 ], [ 301876.838080354966223, 5924282.441981541924179 ], [ 301868.52781416871585, 5924274.755486036650836 ], [ 301866.44134208309697, 5924272.408646579831839 ], [ 301859.815858561429195, 5924262.375311615876853 ], [ 301858.479611153656151, 5924260.905196037143469 ], [ 301849.469900924013928, 5924252.341976653784513 ], [ 301848.431408138596453, 5924251.401002353057265 ], [ 301838.383205123478547, 5924244.794228289276361 ], [ 301832.951916049583815, 5924242.308641690760851 ], [ 301828.335002108477056, 5924239.399078471586108 ], [ 301822.363701198424678, 5924232.275306728668511 ], [ 301818.28679909335915, 5924226.806329161860049 ], [ 301808.238596078299452, 5924223.255587928928435 ], [ 301804.886637244897429, 5924222.241971765644848 ], [ 301798.190393063181546, 5924218.823532932437956 ], [ 301789.249613375228364, 5924212.208636801689863 ], [ 301788.142190048121847, 5924211.598045960068703 ], [ 301778.093987033062149, 5924209.49031407572329 ], [ 301768.04578401800245, 5924207.382524952292442 ], [ 301757.997581002884544, 5924205.267229206860065 ], [ 301748.494480496621691, 5924202.175301840528846 ], [ 301747.949377987824846, 5924201.981136997230351 ], [ 301737.901174972765148, 5924197.976583691313863 ], [ 301727.852971957705449, 5924194.459584264084697 ], [ 301717.804768942587543, 5924192.423459585756063 ], [ 301707.756565927527845, 5924194.543110216036439 ], [ 301697.708362912468147, 5924196.117236230522394 ], [ 301687.660159897408448, 5924196.97586777061224 ], [ 301677.611956882290542, 5924197.834499310702085 ], [ 301667.563753867230844, 5924198.693130850791931 ], [ 301657.515550852171145, 5924199.551762391813099 ], [ 301647.467347837111447, 5924200.381440283730626 ], [ 301637.419144821993541, 5924201.235627153888345 ], [ 301627.370941806875635, 5924202.125011133030057 ], [ 301626.698160121566616, 5924202.175301840528846 ], [ 301617.322738791874144, 5924202.847441027872264 ], [ 301611.099040506524034, 5924202.175301840528846 ], [ 301607.274535776814446, 5924201.611804719083011 ], [ 301597.22633276169654, 5924198.15214185975492 ], [ 301587.178129746636841, 5924194.692469039000571 ], [ 301577.129926731577143, 5924194.440169248729944 ], [ 301567.081723716517445, 5924195.597490094602108 ], [ 301557.033520701399539, 5924196.754843039438128 ], [ 301546.98531768633984, 5924197.912136441096663 ], [ 301536.937114671280142, 5924200.585124544799328 ], [ 301533.625172204279806, 5924202.175301840528846 ], [ 301526.888911656220444, 5924205.638919620774686 ], [ 301516.840708641102538, 5924210.362784340046346 ], [ 301513.248988327104598, 5924212.208636802621186 ], [ 301506.792505626042839, 5924215.526766590774059 ], [ 301496.744302610983141, 5924220.139888814650476 ], [ 301490.853191237198189, 5924222.241971765644848 ], [ 301486.696099595923442, 5924223.725316912867129 ], [ 301476.647896580805536, 5924227.310817582532763 ], [ 301466.599693565745838, 5924230.652513287961483 ], [ 301459.433557589654811, 5924232.275306728668511 ], [ 301456.55149055068614, 5924233.037306508980691 ], [ 301446.503287535626441, 5924236.034286746755242 ], [ 301436.455084520508535, 5924241.18476888909936 ], [ 301435.13232131593395, 5924242.308641690760851 ], [ 301426.406881505448837, 5924249.333280624821782 ], [ 301418.250019280822016, 5924252.341976653784513 ], [ 301416.358678490389138, 5924252.909893416799605 ], [ 301406.31047547532944, 5924257.376758982427418 ], [ 301396.262272460211534, 5924261.641787643544376 ], [ 301394.569408867566381, 5924262.375311616808176 ], [ 301386.214069445151836, 5924265.99571068584919 ], [ 301376.165866430092137, 5924270.349633729085326 ], [ 301368.360216130618937, 5924272.408646579831839 ], [ 301366.117663415032439, 5924272.949017069302499 ], [ 301356.069460399914533, 5924275.210738932713866 ], [ 301346.021257384913042, 5924277.472366409376264 ], [ 301335.973054369795136, 5924279.734088271856308 ], [ 301325.92485135467723, 5924281.995810135267675 ], [ 301323.942635527462699, 5924282.441981540992856 ], [ 301315.876648339617532, 5924284.257531998679042 ], [ 301305.828445324557833, 5924286.519197830930352 ], [ 301295.780242309556343, 5924288.780881337821484 ], [ 301285.732039294438437, 5924291.042603202164173 ], [ 301279.366891411656979, 5924292.475316504947841 ], [ 301275.683836279320531, 5924293.30432506557554 ], [ 301265.635633264260832, 5924295.664328214712441 ], [ 301255.587430249201134, 5924298.831166771240532 ], [ 301246.788648831949104, 5924302.508651467971504 ], [ 301245.539227234141435, 5924303.088481378741562 ], [ 301235.491024219023529, 5924307.308663088828325 ], [ 301228.726694198965561, 5924302.508651467971504 ], [ 301225.442821203963831, 5924300.297186197713017 ], [ 301215.394618188904133, 5924295.640917333774269 ], [ 301205.346415173844434, 5924292.845401114784181 ], [ 301204.10565727885114, 5924292.475316504947841 ], [ 301195.298212158726528, 5924289.623789876699448 ], [ 301185.25000914366683, 5924287.317299186252058 ], [ 301175.201806128607132, 5924285.498960988596082 ], [ 301165.153603113547433, 5924283.851544424891472 ], [ 301159.267948503023945, 5924282.441981542855501 ], [ 301155.105400098429527, 5924281.717184018343687 ], [ 301145.057197083311621, 5924281.541159342974424 ], [ 301137.981830767239444, 5924282.441981541924179 ], [ 301135.00899406831013, 5924282.80964982137084 ], [ 301124.960791053192224, 5924282.670545822009444 ], [ 301114.912588038132526, 5924282.665427814237773 ], [ 301104.864385023072828, 5924282.936698324978352 ], [ 301094.816182008013129, 5924283.152380351908505 ], [ 301084.767978992895223, 5924283.365239315666258 ], [ 301082.840133378864266, 5924282.441981541924179 ], [ 301074.719775977835525, 5924279.736575128510594 ], [ 301064.671572962775826, 5924280.560228416696191 ], [ 301054.623369947716128, 5924281.655576501041651 ], [ 301047.409622388659045, 5924282.441981541924179 ], [ 301044.575166932598222, 5924282.765605797991157 ], [ 301034.526963917538524, 5924283.846390993334353 ], [ 301024.478760902478825, 5924284.941800866276026 ], [ 301014.430557887419127, 5924286.134041712619364 ], [ 301004.382354872301221, 5924287.954036762937903 ], [ 300994.334151857241523, 5924291.697089820168912 ], [ 300992.716437926574145, 5924292.475316505879164 ], [ 300984.285948842181824, 5924296.686112793162465 ], [ 300974.237745827122126, 5924301.914875756017864 ], [ 300973.124847056344151, 5924302.508651468902826 ], [ 300964.18954281200422, 5924307.277274517342448 ], [ 300954.141339796944521, 5924312.310155738145113 ], [ 300953.650306215335149, 5924312.541986430995166 ], [ 300944.093136781884823, 5924316.975683301687241 ], [ 300934.044933766825125, 5924321.582902444526553 ], [ 300931.841038222773932, 5924322.575321393087506 ], [ 300923.996730751707219, 5924326.091018375940621 ], [ 300913.94852773664752, 5924330.594447559677064 ], [ 300909.454323003999889, 5924332.608656356111169 ], [ 300903.900324721587822, 5924335.097842510789633 ], [ 300893.852121706528123, 5924339.367960670031607 ], [ 300883.803918691410217, 5924341.743272759951651 ], [ 300879.851265688368585, 5924342.641991319134831 ], [ 300873.755715676350519, 5924344.148030783049762 ], [ 300863.707512661290821, 5924347.337135422974825 ], [ 300853.659309646231122, 5924351.231534750200808 ], [ 300850.92263666895451, 5924352.675326282158494 ], [ 300843.611106631113216, 5924357.101596249267459 ], [ 300834.052823480393272, 5924362.708661244250834 ], [ 300833.562903616053518, 5924363.469795958139002 ], [ 300830.987612065626308, 5924372.741996207274497 ], [ 300831.11999306618236, 5924382.775331170298159 ], [ 300823.51470060099382, 5924390.235728478990495 ], [ 300821.672569601156283, 5924392.808666132390499 ], [ 300823.51470060099382, 5924402.566883385181427 ], [ 300823.566636610252317, 5924402.842001095414162 ], [ 300823.51470060099382, 5924403.408142268657684 ], [ 300819.058459552819841, 5924412.875336058437824 ], [ 300813.466497585934121, 5924414.068472120910883 ], [ 300803.418294570816215, 5924416.269582847133279 ], [ 300793.370091555756517, 5924418.649877948686481 ], [ 300783.321888540696818, 5924421.238466588780284 ], [ 300777.023780916584656, 5924422.908671021461487 ], [ 300773.27368552563712, 5924430.9299805033952 ], [ 300772.84918291028589, 5924432.942005983553827 ], [ 300763.225482510519214, 5924441.416780231520534 ], [ 300760.20033103361493, 5924442.975340946577489 ], [ 300753.177279495459516, 5924446.593681216239929 ], [ 300743.129076480399817, 5924451.770607144571841 ], [ 300740.725960739771836, 5924453.008675909601152 ], [ 300733.080873465340119, 5924456.947372494265437 ], [ 300723.03267045028042, 5924462.124298422597349 ], [ 300721.251427848706953, 5924463.042010872624815 ], [ 300712.984467435162514, 5924467.658775728195906 ], [ 300704.238137832493521, 5924473.075345834717155 ], [ 300702.936264420102816, 5924476.277827059850097 ], [ 300700.159384170896374, 5924483.108680797740817 ], [ 300696.080719811958261, 5924493.14201576076448 ], [ 300692.888061405043118, 5924500.995964616537094 ], [ 300692.002157908515073, 5924503.175350723788142 ], [ 300687.923404246917926, 5924513.208685685880482 ], [ 300683.844650585320778, 5924523.242020648904145 ], [ 300682.839858389925212, 5924525.713711146265268 ], [ 300679.765896923781838, 5924533.275355610996485 ], [ 300675.687424322939478, 5924543.308690574020147 ], [ 300672.791655374865513, 5924550.431998878717422 ], [ 300671.608670661458746, 5924553.34202553704381 ], [ 300662.743452359805815, 5924560.03926707059145 ], [ 300652.695249344746117, 5924560.515025428496301 ], [ 300642.647046329628211, 5924559.617509235627949 ], [ 300632.598843314568512, 5924558.517890605144203 ], [ 300622.550640299508814, 5924557.160602787509561 ], [ 300612.502437284449115, 5924555.803355878219008 ], [ 300602.454234269331209, 5924554.446108970791101 ], [ 300594.280294498777948, 5924553.34202553704381 ], [ 300592.406031254271511, 5924553.088862062431872 ], [ 300582.357828239211813, 5924551.73161515314132 ], [ 300572.309625224152114, 5924550.37436824478209 ], [ 300562.261422209034208, 5924549.017121335491538 ], [ 300552.21321919397451, 5924547.659874428063631 ], [ 300542.165016178914811, 5924546.302602304145694 ], [ 300532.116813163855113, 5924544.945366826839745 ], [ 300522.068610148737207, 5924543.588131349533796 ], [ 300519.999788870511111, 5924543.308690574020147 ], [ 300512.020407133677509, 5924542.23088679369539 ], [ 300501.97220411861781, 5924540.873575893230736 ], [ 300491.924001103558112, 5924539.516340415924788 ], [ 300481.875798088440206, 5924538.159104937687516 ], [ 300471.827595073380508, 5924536.801814660429955 ], [ 300461.779392058320809, 5924535.444567751139402 ], [ 300451.731189043261111, 5924534.087320843711495 ], [ 300441.682986028143205, 5924536.256662826053798 ], [ 300431.634783013141714, 5924541.165965348482132 ], [ 300427.249121716362424, 5924543.308690574020147 ], [ 300421.586579998023808, 5924546.075267871841788 ], [ 300411.53837698296411, 5924550.984652072191238 ], [ 300406.713380552944727, 5924553.34202553704381 ], [ 300401.490173967846204, 5924555.893954596482217 ], [ 300391.441970952786505, 5924560.065902737900615 ], [ 300381.393767937726807, 5924559.432409966364503 ], [ 300371.345564922667108, 5924557.588733050972223 ], [ 300361.659993822220713, 5924553.34202553704381 ], [ 300361.297361907549202, 5924552.901927510276437 ], [ 300354.819757630117238, 5924543.308690574020147 ], [ 300351.415919273626059, 5924533.275355611927807 ], [ 300351.249158892489504, 5924532.616851227357984 ], [ 300348.910694022953976, 5924523.242020648904145 ], [ 300346.070580423343927, 5924513.208685685880482 ], [ 300342.793399582093116, 5924503.175350723788142 ], [ 300341.200955877429806, 5924498.359458590857685 ], [ 300339.913669834029861, 5924493.14201576076448 ], [ 300337.942819470539689, 5924483.108680797740817 ], [ 300332.724615948507562, 5924473.075345834717155 ], [ 300331.152752862370107, 5924471.951821645721793 ], [ 300321.104549847252201, 5924466.006601364351809 ], [ 300315.559123801183887, 5924463.042010871693492 ], [ 300311.056346832192503, 5924460.729465797543526 ], [ 300301.008143817132805, 5924455.849935343489051 ], [ 300295.271540886082221, 5924453.008675909601152 ], [ 300290.959940802073106, 5924450.836536376737058 ], [ 300280.9117377869552, 5924445.89197123516351 ], [ 300275.03214996564202, 5924442.975340946577489 ], [ 300270.863534771895502, 5924440.907477377913892 ], [ 300260.97422947868472, 5924442.975340946577489 ], [ 300260.815331756835803, 5924443.01570479478687 ], [ 300250.767128741776105, 5924442.995964321307838 ], [ 300240.718925726599991, 5924448.324691576883197 ], [ 300233.334788268024568, 5924453.008675908669829 ], [ 300230.670722711598501, 5924454.698574207723141 ], [ 300220.622519696538802, 5924461.072456838563085 ], [ 300217.517586654168554, 5924463.042010872624815 ], [ 300210.574316681479104, 5924467.446394175291061 ], [ 300201.700581505312584, 5924473.075345834717155 ], [ 300200.526113666361198, 5924473.820346721448004 ], [ 300190.477910651243292, 5924480.194229351356626 ], [ 300185.883379891514778, 5924483.108680797740817 ], [ 300180.429707636241801, 5924486.568111982196569 ], [ 300170.381504621182103, 5924492.941994612105191 ], [ 300170.066178277658764, 5924493.14201576076448 ], [ 300160.333301606122404, 5924499.315953928977251 ], [ 300154.249173128744587, 5924503.175350723788142 ], [ 300150.285098591004498, 5924505.689884496852756 ], [ 300140.2368955759448, 5924512.063767126761377 ], [ 300138.431971514946781, 5924513.208685685880482 ], [ 300130.188692560885102, 5924518.437649756669998 ], [ 300122.614769901090767, 5924523.242020649835467 ], [ 300120.140489545767196, 5924524.811551881954074 ], [ 300110.092286530707497, 5924531.185513682663441 ], [ 300106.797764752293006, 5924533.275355611927807 ], [ 300100.044083515647799, 5924537.559422271326184 ], [ 300090.980563138378784, 5924543.308690574020147 ], [ 300089.995880500646308, 5924543.933304901234806 ], [ 300079.947677485470194, 5924550.307187531143427 ], [ 300075.16336152452277, 5924553.34202553704381 ], [ 300069.899474470410496, 5924556.681111635640264 ], [ 300059.851271455350798, 5924563.055077415890992 ], [ 300059.346356375725009, 5924563.375360500067472 ], [ 300049.803068440291099, 5924569.428960045799613 ], [ 300043.529154761810787, 5924573.408695463091135 ], [ 300040.7383303551469, 5924583.442030425183475 ], [ 300039.754865425173193, 5924584.834157299250364 ], [ 300030.487949700793251, 5924593.475365388207138 ], [ 300029.706662410113495, 5924594.034854444675148 ], [ 300024.140886015375145, 5924603.5087003512308 ], [ 300025.031114962999709, 5924613.542035314254463 ], [ 300025.921333592268638, 5924623.575370276346803 ], [ 300026.811631745717023, 5924633.608705239370465 ], [ 300027.701929899165407, 5924643.642040202394128 ], [ 300028.591336584417149, 5924653.675375164486468 ], [ 300029.47558992728591, 5924663.70871012751013 ], [ 300029.706662410113495, 5924666.234643269330263 ], [ 300030.372824359568767, 5924673.742045090533793 ], [ 300031.08971693640342, 5924683.775380053557456 ], [ 300031.75979021540843, 5924693.808715015649796 ], [ 300032.44259641924873, 5924703.842049978673458 ], [ 300033.083098748000339, 5924713.875384941697121 ], [ 300033.723644548445009, 5924723.908719904720783 ], [ 300034.364190348889679, 5924733.942054866813123 ], [ 300035.004736149334349, 5924743.975389829836786 ], [ 300035.645216650911607, 5924754.008724792860448 ], [ 300029.706662410113495, 5924760.328300325199962 ], [ 300024.515605414053425, 5924764.042059755884111 ], [ 300019.658459395053796, 5924767.237353537231684 ], [ 300009.610256379994098, 5924773.847453145310283 ], [ 300009.263758431538008, 5924774.075394717976451 ], [ 299999.562053364876192, 5924780.457701889798045 ], [ 299994.012017763510812, 5924784.108729681000113 ], [ 299989.513850349816494, 5924787.067797949537635 ], [ 299979.465647334756795, 5924793.678050243295729 ], [ 299978.760285285185091, 5924794.142064644023776 ], [ 299969.417444319697097, 5924800.288146302103996 ], [ 299963.508454973925836, 5924804.175399606116116 ], [ 299959.369241304579191, 5924806.898356194607913 ], [ 299949.321038289519493, 5924813.508505557663739 ], [ 299948.256607991410419, 5924814.208734570071101 ], [ 299939.272835274459794, 5924820.118654921650887 ], [ 299933.004761008895002, 5924824.242069532163441 ], [ 299929.224632259400096, 5924826.728804286569357 ], [ 299919.17642924428219, 5924833.338953649625182 ], [ 299916.932346794405021, 5924834.275404494255781 ], [ 299909.128226229222491, 5924842.22768081817776 ], [ 299908.396499101014342, 5924844.308739457279444 ], [ 299908.684495094465092, 5924854.342074420303106 ], [ 299908.972489008912817, 5924864.375409384258091 ], [ 299909.128226229222491, 5924869.80098082870245 ], [ 299909.257344826066401, 5924874.408744346350431 ], [ 299909.534560193191282, 5924884.442079308442771 ], [ 299909.737965514301322, 5924894.475414271466434 ], [ 299909.985130948363803, 5924904.508749234490097 ], [ 299910.277695417171344, 5924914.542084196582437 ], [ 299910.507102603558451, 5924924.575419159606099 ], [ 299911.447388627682813, 5924934.608754122629762 ], [ 299912.22932573693106, 5924944.642089085653424 ], [ 299912.897560583311133, 5924954.675424047745764 ], [ 299913.314013906405307, 5924964.708759010769427 ], [ 299913.498553906625602, 5924974.742093973793089 ], [ 299913.683210704359226, 5924984.775428936816752 ], [ 299913.867867502151057, 5924994.808763898909092 ], [ 299914.052524299942888, 5925004.842098861932755 ], [ 299914.237123684491962, 5925014.875433824956417 ], [ 299914.688111675844993, 5925024.90876878798008 ], [ 299916.141378801548854, 5925034.94210375007242 ], [ 299918.552887088793796, 5925044.975438713096082 ], [ 299919.17642924428219, 5925047.44558073207736 ], [ 299921.08561891654972, 5925055.008773676119745 ], [ 299923.319094169361051, 5925065.042108638212085 ], [ 299925.881858699256554, 5925075.075443601235747 ], [ 299929.19189010624541, 5925085.108778565190732 ], [ 299929.224632259400096, 5925085.141934209503233 ], [ 299939.272835274459794, 5925095.076164848171175 ], [ 299939.327322648605332, 5925095.142113527283072 ], [ 299949.321038289519493, 5925104.698191539384425 ], [ 299949.799443401163444, 5925105.175448489375412 ], [ 299959.369241304579191, 5925114.342289324849844 ], [ 299960.545141748094466, 5925115.208783452399075 ], [ 299969.417444319697097, 5925122.052975926548243 ], [ 299974.540703928272706, 5925125.242118415422738 ], [ 299979.465647334756795, 5925128.307812421582639 ], [ 299989.513850349816494, 5925132.994880553334951 ], [ 299994.966188235441223, 5925135.2754533784464 ], [ 299999.562053364876192, 5925137.433132210746408 ], [ 300009.610256379994098, 5925141.377257200889289 ], [ 300013.205844582989812, 5925145.30878834053874 ], [ 300019.658459395053796, 5925154.086626903153956 ], [ 300020.45270080876071, 5925155.342123303562403 ], [ 300026.799903509847354, 5925165.375458266586065 ], [ 300029.706662410113495, 5925169.970314784906805 ], [ 300033.147106210875791, 5925175.408793229609728 ], [ 300039.754865425173193, 5925184.964441787451506 ], [ 300040.272430765791796, 5925185.442128191702068 ], [ 300049.803068440291099, 5925189.473369940184057 ], [ 300059.851271455350798, 5925193.573966133408248 ], [ 300064.510747102962341, 5925195.47546315472573 ], [ 300069.899474470410496, 5925197.67456232663244 ], [ 300079.947677485470194, 5925201.775158519856632 ], [ 300089.096680923365057, 5925205.508798117749393 ], [ 300089.9958805005881, 5925205.875752566382289 ], [ 300100.044083515647799, 5925209.976292230188847 ], [ 300110.092286530707497, 5925214.076888422481716 ], [ 300113.682758523558732, 5925215.542133079841733 ], [ 300120.140489545767196, 5925218.177484615705907 ], [ 300130.188692560885102, 5925222.278080807998776 ], [ 300138.268692343961447, 5925225.575468043796718 ], [ 300140.236895575886592, 5925226.378672303631902 ], [ 300150.285098591004498, 5925230.479214519262314 ], [ 300160.333301606064197, 5925234.579810712486506 ], [ 300170.381504621182103, 5925227.416554829105735 ], [ 300172.46624463039916, 5925225.575468042865396 ], [ 300180.429707636241801, 5925218.54273185133934 ], [ 300183.827411839098204, 5925215.542133079841733 ], [ 300190.477910651301499, 5925209.668908874504268 ], [ 300195.188579047797248, 5925205.50879811681807 ], [ 300200.526113666361198, 5925200.795085897669196 ], [ 300206.549746256496292, 5925195.47546315472573 ], [ 300210.574316681479104, 5925191.921262919902802 ], [ 300213.323524993262254, 5925195.47546315472573 ], [ 300220.622519696538802, 5925203.687810718081892 ], [ 300221.624089178803843, 5925205.508798117749393 ], [ 300226.833368188352324, 5925215.542133079841733 ], [ 300230.670722711598501, 5925223.596333852037787 ], [ 300231.612371691095177, 5925225.575468042865396 ], [ 300235.760628516087309, 5925235.608803005889058 ], [ 300239.077592569519766, 5925245.642137968912721 ], [ 300234.873585202964023, 5925255.675472931005061 ], [ 300230.670722711598501, 5925261.133164770901203 ], [ 300227.14710880612256, 5925265.708807894960046 ], [ 300220.622519696538802, 5925273.125686829909682 ], [ 300214.620108654140495, 5925275.742142857052386 ], [ 300210.574316681479104, 5925277.501527666114271 ], [ 300200.526113666361198, 5925281.871179957874119 ], [ 300191.548024219693616, 5925285.775477819144726 ], [ 300190.477910651301499, 5925286.240837642922997 ], [ 300180.429707636241801, 5925290.610464569181204 ], [ 300170.381504621182103, 5925295.418447257019579 ], [ 300170.047563348955009, 5925295.808812783099711 ], [ 300170.381504621182103, 5925299.27446302678436 ], [ 300171.014350071665831, 5925305.842147745192051 ], [ 300171.981136794376653, 5925315.875482708215714 ], [ 300172.947895950521342, 5925325.908817670308053 ], [ 300173.600246943533421, 5925335.942152633331716 ], [ 300170.575490665447433, 5925345.975487596355379 ], [ 300173.774898794072215, 5925356.008822559379041 ], [ 300170.381504621182103, 5925361.882588788866997 ], [ 300162.469281178608071, 5925366.042157521471381 ], [ 300160.333301606064197, 5925367.165072453208268 ], [ 300150.285098591004498, 5925372.447576858103275 ], [ 300143.384207337803673, 5925376.075492484495044 ], [ 300140.2368955759448, 5925377.730087681673467 ], [ 300130.188692560885102, 5925382.911524455994368 ], [ 300123.880681916023605, 5925386.108827447518706 ], [ 300120.140489545767196, 5925388.011109055019915 ], [ 300110.092286530707497, 5925387.742364811711013 ], [ 300105.355949594231788, 5925386.108827447518706 ], [ 300100.044083515647799, 5925384.237452711910009 ], [ 300089.9958805005881, 5925380.753904730081558 ], [ 300079.947677485470194, 5925379.063698990270495 ], [ 300075.630373730673455, 5925386.108827447518706 ], [ 300072.196166355279274, 5925396.142162410542369 ], [ 300069.899474470410496, 5925401.598619435913861 ], [ 300067.994411023857538, 5925406.175497373566031 ], [ 300064.284944127663039, 5925416.208832335658371 ], [ 300059.851271455350798, 5925423.699408366344869 ], [ 300058.381382185558323, 5925426.242167298682034 ], [ 300052.461081196903251, 5925436.275502261705697 ], [ 300049.803068440291099, 5925440.780211140401661 ], [ 300046.539917787129525, 5925446.308837223798037 ], [ 300039.754865425173193, 5925454.809027183800936 ], [ 300038.345318374224007, 5925456.342172186821699 ], [ 300029.860984408005606, 5925466.375507149845362 ], [ 300029.706662410113495, 5925466.592100992798805 ], [ 300023.636873641982675, 5925476.408842111937702 ], [ 300019.658459395053796, 5925482.892755851149559 ], [ 300017.506324126676191, 5925486.442177074961364 ], [ 300010.957477894145995, 5925496.475512037985027 ], [ 300009.610256379994098, 5925498.338044497184455 ], [ 300003.974776534363627, 5925506.508847001008689 ], [ 299999.562053364876192, 5925513.710557926446199 ], [ 299998.030963801778853, 5925516.542181963101029 ], [ 299991.942205782863311, 5925526.575516926124692 ], [ 299989.513850349816494, 5925530.073374251835048 ], [ 299984.977839968400076, 5925536.608851889148355 ], [ 299979.465647334756795, 5925544.550700734369457 ], [ 299978.014011249179021, 5925546.642186852172017 ], [ 299971.050279739894904, 5925556.675521814264357 ], [ 299969.417444319697097, 5925559.028076044283807 ], [ 299963.980463398445863, 5925566.70885677728802 ], [ 299959.369241304579191, 5925576.503593626432121 ], [ 299959.292174517759122, 5925576.742191740311682 ], [ 299951.770052465377375, 5925586.775526702404022 ], [ 299951.853928731521592, 5925596.808861665427685 ], [ 299951.886943235003855, 5925606.842196628451347 ], [ 299951.916834964300506, 5925616.87553159147501 ], [ 299951.85813447763212, 5925626.90886655356735 ], [ 299951.538438741408754, 5925636.942201516591012 ], [ 299951.218837321968749, 5925646.975536479614675 ], [ 299950.899216085439548, 5925657.008871442638338 ], [ 299950.57961867924314, 5925667.042206404730678 ], [ 299950.25990688870661, 5925677.07554136775434 ], [ 299949.940305469324812, 5925687.108876330778003 ], [ 299949.321038289519493, 5925692.533973609097302 ], [ 299948.765874973032624, 5925697.142211293801665 ], [ 299946.514013843552675, 5925707.175546255894005 ], [ 299945.803801226313226, 5925717.208881218917668 ], [ 299946.306596733746119, 5925727.24221618194133 ], [ 299946.77089403528953, 5925737.27555114403367 ], [ 299947.189918927673716, 5925747.308886107057333 ], [ 299947.608919635706116, 5925757.342221070080996 ], [ 299948.028003373590764, 5925767.375556034035981 ], [ 299948.462529170734342, 5925777.408890995196998 ], [ 299948.931602062657475, 5925787.442225957289338 ], [ 299949.321038289519493, 5925789.718527261167765 ], [ 299951.825213708507363, 5925797.475560921244323 ], [ 299955.564458872191608, 5925807.508895884267986 ], [ 299959.303704035817645, 5925817.542230845429003 ], [ 299959.369241304579191, 5925817.718092331662774 ], [ 299963.042768157320097, 5925827.575565809383988 ], [ 299966.782013320946135, 5925837.608900772407651 ], [ 299969.417444319697097, 5925843.512747211381793 ], [ 299971.166945056698751, 5925847.642235735431314 ], [ 299975.024788677634206, 5925857.675570696592331 ], [ 299978.882652245287318, 5925867.708905660547316 ], [ 299979.465647334756795, 5925869.225099734961987 ], [ 299982.740535750985146, 5925877.742240623570979 ], [ 299986.598359433934093, 5925887.775575585663319 ], [ 299989.513850349816494, 5925895.357886530458927 ], [ 299990.45628282421967, 5925897.808910548686981 ], [ 299994.314066622580867, 5925907.842245511710644 ], [ 299998.171858077577781, 5925917.875580474734306 ], [ 299999.562053364876192, 5925921.491120187565684 ], [ 300002.029773811227642, 5925927.908915436826646 ], [ 300005.887605150928721, 5925937.942250398918986 ], [ 300009.610256379994098, 5925947.62390698492527 ], [ 300009.745480999932624, 5925947.975585362873971 ], [ 300013.603352224279661, 5925958.008920325897634 ], [ 300017.461188188521191, 5925968.042255287989974 ], [ 300019.658459395053796, 5925973.756948299705982 ], [ 300021.318955871392973, 5925978.075590251013637 ], [ 300025.176895377226174, 5925988.108925214037299 ], [ 300029.17517755064182, 5925998.142260176129639 ], [ 300029.706662410113495, 5925999.0133006433025 ], [ 300035.097828144324012, 5926008.175595139153302 ], [ 300039.754865425173193, 5926015.637238427996635 ], [ 300041.359935988730285, 5926018.208930103108287 ], [ 300047.622043833078351, 5926028.242265065200627 ], [ 300049.803068440291099, 5926031.736767394468188 ], [ 300053.884151677484624, 5926038.275600027292967 ], [ 300059.851271455350798, 5926047.836296359077096 ], [ 300060.146259521890897, 5926048.308934990316629 ], [ 300066.408367366238963, 5926058.342269953340292 ], [ 300069.899474470410496, 5926063.935825324617326 ], [ 300072.670475210587028, 5926068.375604916363955 ], [ 300078.932583054993302, 5926078.408939878456295 ], [ 300079.947677485470194, 5926080.035354289226234 ], [ 300085.194690899341367, 5926088.442274841479957 ], [ 300089.9958805005881, 5926096.134883254766464 ], [ 300091.45679874374764, 5926098.47560980450362 ], [ 300097.718906588095706, 5926108.508944767527282 ], [ 300100.044083515647799, 5926112.362807089462876 ], [ 300103.686777974944562, 5926118.542279729619622 ], [ 300103.935004332277458, 5926128.575614692643285 ], [ 300100.504362339153886, 5926138.608949655666947 ], [ 300100.044083515647799, 5926139.955091754905879 ], [ 300097.073720345972106, 5926148.642284617759287 ], [ 300093.643078352790326, 5926158.67561958078295 ], [ 300090.212380574957933, 5926168.708954543806612 ], [ 300089.9958805005881, 5926169.342135671526194 ], [ 300086.781738581776153, 5926178.742289505898952 ], [ 300083.351096588594373, 5926188.775624468922615 ], [ 300079.947677485470194, 5926198.729342737235129 ], [ 300079.920454595354386, 5926198.808959431946278 ], [ 300076.489812602230813, 5926208.84229439496994 ], [ 300073.059132365917321, 5926218.875629357993603 ], [ 300069.899474470410496, 5926228.116386654786766 ], [ 300069.522009323642123, 5926228.90896431915462 ], [ 300059.851271455350798, 5926234.751123118214309 ], [ 300049.803068440291099, 5926236.628449187614024 ], [ 300041.789327428909019, 5926238.942299283109605 ], [ 300045.523205889272504, 5926248.97563424706459 ], [ 300047.813931916141883, 5926259.00896920915693 ], [ 300049.803068440291099, 5926268.369306344538927 ], [ 300049.946390055585653, 5926269.04230417124927 ], [ 300052.091748392151203, 5926279.075639134272933 ], [ 300054.253532009664923, 5926289.108974097296596 ], [ 300056.431928063801024, 5926299.142309059388936 ], [ 300058.510442824568599, 5926309.175644022412598 ], [ 300059.851271455350798, 5926317.943691424094141 ], [ 300060.010480465192813, 5926319.208978985436261 ], [ 300061.282545319001656, 5926329.242313949391246 ], [ 300062.431504896376282, 5926339.275648910552263 ], [ 300063.507898275158368, 5926349.308983873575926 ], [ 300064.604351567744743, 5926359.342318836599588 ], [ 300065.698634119820781, 5926369.375653799623251 ], [ 300066.798157607205212, 5926379.408988761715591 ], [ 300067.913985672232229, 5926389.442323724739254 ], [ 300069.029691387724597, 5926399.475658687762916 ], [ 300069.899474470410496, 5926407.296599284745753 ], [ 300070.145519452751614, 5926409.508993649855256 ], [ 300071.261347517778631, 5926419.542328612878919 ], [ 300072.377175582805648, 5926429.575663575902581 ], [ 300073.175448471913114, 5926439.608998538926244 ], [ 300073.861559674376622, 5926449.642333501018584 ], [ 300074.503128114505671, 5926459.675668464042246 ], [ 300075.144826663890854, 5926469.709003427997231 ], [ 300075.786525213276036, 5926479.742338390089571 ], [ 300076.428093653463293, 5926489.775673352181911 ], [ 300075.739928810566198, 5926499.809008315205574 ], [ 300076.955197705130558, 5926509.842343278229237 ], [ 300078.357115791528486, 5926519.875678241252899 ], [ 300079.947677485470194, 5926524.755340789444745 ], [ 300082.528332217014395, 5926529.909013203345239 ], [ 300089.9958805005881, 5926534.633463258855045 ], [ 300100.044083515647799, 5926534.99484325107187 ], [ 300110.092286530707497, 5926535.356225091964006 ], [ 300120.140489545767196, 5926535.717673093080521 ], [ 300130.188692560885102, 5926536.079121094197035 ], [ 300140.2368955759448, 5926536.440615920349956 ], [ 300150.285098591004498, 5926536.803166158497334 ], [ 300160.333301606064197, 5926537.166065741330385 ], [ 300170.381504621182103, 5926537.528965324163437 ], [ 300180.429707636241801, 5926537.891864906996489 ], [ 300190.477910651301499, 5926538.254764488898218 ], [ 300200.526113666361198, 5926538.617664070799947 ], [ 300210.574316681479104, 5926538.980563653632998 ], [ 300220.622519696538802, 5926539.34346323646605 ], [ 300230.670722711598501, 5926539.706362818367779 ], [ 300237.204840679594781, 5926539.942348166368902 ], [ 300240.718925726658199, 5926540.069262401200831 ], [ 300250.767128741776105, 5926540.43216198310256 ], [ 300260.815331756835803, 5926540.829588518477976 ], [ 300270.863534771895502, 5926541.427006135694683 ], [ 300280.9117377869552, 5926542.024287044070661 ], [ 300290.959940802073106, 5926542.62170466221869 ], [ 300301.008143817132805, 5926543.218985570594668 ], [ 300311.056346832192503, 5926543.816403187811375 ], [ 300321.104549847252201, 5926544.413684098049998 ], [ 300331.152752862370107, 5926545.011101715266705 ], [ 300341.200955877429806, 5926545.608382623642683 ], [ 300351.249158892489504, 5926546.205800240859389 ], [ 300361.297361907549202, 5926546.803081149235368 ], [ 300371.345564922667108, 5926547.400498767383397 ], [ 300381.393767937726807, 5926547.997779676690698 ], [ 300391.441970952786505, 5926548.568807974457741 ], [ 300401.490173967846204, 5926549.121831830590963 ], [ 300411.53837698296411, 5926549.674855686724186 ], [ 300417.00428082770668, 5926549.975683129392564 ], [ 300421.586579998023808, 5926550.22787609975785 ], [ 300431.634783013083506, 5926550.780892403796315 ], [ 300441.682986028143205, 5926551.333908708766103 ], [ 300451.731189043261111, 5926551.88692501373589 ], [ 300461.779392058320809, 5926552.439941319637001 ], [ 300471.827595073380508, 5926552.976057702675462 ], [ 300481.875798088440206, 5926553.494343318045139 ], [ 300491.924001103558112, 5926554.002245159819722 ], [ 300501.97220411861781, 5926554.510071482509375 ], [ 300512.020407133677509, 5926555.017911053262651 ], [ 300522.068610148737207, 5926555.718854111619294 ], [ 300532.116813163855113, 5926556.475958153605461 ], [ 300542.165016178914811, 5926557.232983522117138 ], [ 300546.46169458469376, 5926560.009018091484904 ], [ 300551.143964287359267, 5926570.042353054508567 ], [ 300552.21321919397451, 5926573.579280549660325 ], [ 300554.194295373046771, 5926580.075688017532229 ], [ 300557.346349706407636, 5926590.109022980555892 ], [ 300560.498400787531864, 5926600.142357942648232 ], [ 300562.261422209034208, 5926605.75411815289408 ], [ 300563.650528427679092, 5926610.175692905671895 ], [ 300566.802573931869119, 5926620.209027868695557 ], [ 300569.954598717682529, 5926630.242362830787897 ], [ 300572.309625224152114, 5926637.736603043973446 ], [ 300573.107451314746868, 5926640.27569779381156 ], [ 300576.269518507644534, 5926650.309032756835222 ], [ 300579.432627489615697, 5926660.342367719858885 ], [ 300582.357828239211813, 5926667.440037988126278 ], [ 300583.55891759559745, 5926670.375702681951225 ], [ 300592.406031254271511, 5926678.656527704559267 ], [ 300602.454234269331209, 5926679.602732880972326 ], [ 300611.016768231987953, 5926680.409037644974887 ], [ 300612.502437284449115, 5926680.548936118371785 ], [ 300622.550640299508814, 5926681.489420050755143 ], [ 300632.598843314568512, 5926682.383685590699315 ], [ 300642.647046329628211, 5926683.274923341348767 ], [ 300652.695249344746117, 5926684.163315648213029 ], [ 300662.743452359805815, 5926685.051707955077291 ], [ 300672.791655374865513, 5926685.940240519121289 ], [ 300682.839858389925212, 5926688.767562994733453 ], [ 300684.335930697387084, 5926690.44237260799855 ], [ 300692.888061405043118, 5926700.4193758033216 ], [ 300692.936348897404969, 5926700.475707571022213 ], [ 300696.903901445621159, 5926710.509042533114552 ], [ 300697.912401530542411, 5926720.542377496138215 ], [ 300699.05459829128813, 5926730.575712459161878 ], [ 300700.236640371149406, 5926740.609047421254218 ], [ 300701.48315611021826, 5926750.642382383346558 ], [ 300702.766183213854674, 5926760.675717347301543 ], [ 300702.936264420102816, 5926762.005760733038187 ], [ 300704.049223463691305, 5926770.709052310325205 ], [ 300705.332356109982356, 5926780.742387273348868 ], [ 300706.61538321361877, 5926790.775722235441208 ], [ 300707.898410317255184, 5926800.80905719846487 ], [ 300709.181437420891598, 5926810.842392161488533 ], [ 300710.513707317528315, 5926820.875727123580873 ], [ 300711.876268498308491, 5926830.909062086604536 ], [ 300712.984467435162514, 5926839.070093316957355 ], [ 300713.486677361477632, 5926840.942397049628198 ], [ 300723.032670450222213, 5926850.107506132684648 ], [ 300724.013126209028997, 5926850.975732012651861 ], [ 300733.080873465340119, 5926859.005520982667804 ], [ 300735.343404741026461, 5926861.009066974744201 ], [ 300743.129076480399817, 5926867.903535831719637 ], [ 300746.673683272965718, 5926871.042401937767863 ], [ 300753.177279495459516, 5926876.80155068077147 ], [ 300758.003961804904975, 5926881.075736900791526 ], [ 300763.225482510519214, 5926885.699565529823303 ], [ 300769.334240336844232, 5926891.109071863815188 ], [ 300773.27368552563712, 5926894.597580379806459 ], [ 300780.664518868783489, 5926901.142406825907528 ], [ 300783.321888540696818, 5926903.49559522792697 ], [ 300791.994797400664538, 5926911.175741787999868 ], [ 300793.370091555698309, 5926912.393610077910125 ], [ 300803.325075932603795, 5926921.209076751954854 ], [ 300803.418294570816215, 5926921.291624927893281 ], [ 300813.466497585934121, 5926930.18074066285044 ], [ 300814.668487270420883, 5926931.242411714978516 ], [ 300823.51470060099382, 5926939.055930197238922 ], [ 300826.027905141760129, 5926941.275746677070856 ], [ 300833.562903616053518, 5926947.93111973349005 ], [ 300837.387323013157584, 5926951.309081640094519 ], [ 300843.611106631113216, 5926956.806309269741178 ], [ 300848.746740884555038, 5926961.342416603118181 ], [ 300853.659309646231122, 5926965.681498805060983 ], [ 300862.62432336458005, 5926971.375751564279199 ], [ 300863.707512661349028, 5926971.748638524673879 ] ], [ [ 300265.326091834693216, 5924894.475414270535111 ], [ 300260.815331756835803, 5924890.592480083927512 ], [ 300253.670481770066544, 5924884.442079308442771 ], [ 300250.767128741776105, 5924880.948137301951647 ], [ 300245.566948760591913, 5924874.408744346350431 ], [ 300240.718925726658199, 5924867.104134991765022 ], [ 300238.443450613354798, 5924864.375409383326769 ], [ 300230.924832478980534, 5924854.342074420303106 ], [ 300232.705334578349721, 5924844.308739457279444 ], [ 300234.504299589316361, 5924834.275404495187104 ], [ 300236.303339695092291, 5924824.242069532163441 ], [ 300238.102379800868221, 5924814.208734570071101 ], [ 300239.90133340714965, 5924804.175399606116116 ], [ 300240.718925726658199, 5924799.615604385733604 ], [ 300241.700365851342212, 5924794.142064644023776 ], [ 300243.499379901681095, 5924784.108729681000113 ], [ 300245.29835190193262, 5924774.075394717976451 ], [ 300248.745828156475909, 5924764.042059755884111 ], [ 300250.767128741776105, 5924762.65418437961489 ], [ 300256.170219465566333, 5924764.042059755884111 ], [ 300260.815331756835803, 5924765.235235532745719 ], [ 300270.863534771895502, 5924767.816286684945226 ], [ 300280.9117377869552, 5924770.397337837144732 ], [ 300290.959940802073106, 5924772.978388990275562 ], [ 300295.230656725936569, 5924774.075394717976451 ], [ 300301.008143817132805, 5924775.559440143406391 ], [ 300311.056346832192503, 5924779.442986665293574 ], [ 300313.707743982318789, 5924784.108729681000113 ], [ 300318.337193105253391, 5924794.142064644023776 ], [ 300319.108317879901733, 5924804.175399606116116 ], [ 300319.508759669028223, 5924814.208734569139779 ], [ 300321.104549847252201, 5924819.537593195214868 ], [ 300322.760424380598124, 5924824.242069532163441 ], [ 300327.532016254670452, 5924834.275404495187104 ], [ 300330.251413750112988, 5924844.308739457279444 ], [ 300328.218480077397544, 5924854.342074420303106 ], [ 300323.68018330965424, 5924864.375409383326769 ], [ 300321.104549847252201, 5924867.266767425462604 ], [ 300314.74244786077179, 5924874.408744346350431 ], [ 300312.701561670517549, 5924884.442079308442771 ], [ 300311.056346832192503, 5924887.290420918725431 ], [ 300303.852854865021072, 5924894.475414271466434 ], [ 300301.008143817132805, 5924896.349980857223272 ], [ 300290.959940802073106, 5924898.806953728199005 ], [ 300280.9117377869552, 5924902.140417581424117 ], [ 300270.863534771895502, 5924899.242078647948802 ], [ 300265.326091834693216, 5924894.475414270535111 ] ] ] } },
{ "type": "Feature", "properties": { "id": 2, "cost_level": 900.0 }, "geometry": { "type": "Polygon", "coordinates": [ [ [ 301124.960791053192224, 5926641.704641616903245 ], [ 301130.753588670864701, 5926640.27569779381156 ], [ 301135.00899406831013, 5926639.222251685336232 ], [ 301145.057197083369829, 5926636.706028968095779 ], [ 301155.105400098429527, 5926633.887219769880176 ], [ 301163.779582833056338, 5926630.24236283171922 ], [ 301165.153603113547433, 5926629.590790770947933 ], [ 301175.201806128607132, 5926624.825877792201936 ], [ 301184.937783846573438, 5926620.209027868695557 ], [ 301185.25000914366683, 5926620.060969051904976 ], [ 301195.298212158726528, 5926615.2960269972682 ], [ 301205.346415173844434, 5926610.531083977781236 ], [ 301206.095855751656927, 5926610.175692906603217 ], [ 301215.394618188904133, 5926605.766140960156918 ], [ 301225.442821203963831, 5926601.001203529536724 ], [ 301227.253948192170355, 5926600.142357943579555 ], [ 301235.491024219023529, 5926596.236294789239764 ], [ 301245.539227234141435, 5926591.471320769749582 ], [ 301248.412030364968814, 5926590.109022980555892 ], [ 301255.587430249201134, 5926586.706412029452622 ], [ 301265.635633264260832, 5926581.941491149365902 ], [ 301269.591768020647578, 5926580.075688017532229 ], [ 301275.683836279320531, 5926577.390582163818181 ], [ 301285.732039294438437, 5926575.831915739923716 ], [ 301292.568939168006182, 5926570.042353054508567 ], [ 301295.780242309498135, 5926567.355050407350063 ], [ 301305.828445324557833, 5926561.746729156002402 ], [ 301309.954664710792713, 5926560.009018091484904 ], [ 301315.876648339617532, 5926557.515041036531329 ], [ 301325.924851354735438, 5926553.28333471249789 ], [ 301333.778857344121207, 5926549.975683129392564 ], [ 301335.973054369795136, 5926549.051609577611089 ], [ 301346.021257384913042, 5926544.819921458140016 ], [ 301356.069460399914533, 5926540.588233336806297 ], [ 301357.60312383051496, 5926539.942348167300224 ], [ 301366.117663415032439, 5926536.356545217335224 ], [ 301376.165866430092137, 5926532.124801878817379 ], [ 301381.427287832426373, 5926529.909013203345239 ], [ 301386.214069445151836, 5926527.699942898005247 ], [ 301396.262272460211534, 5926523.661425638943911 ], [ 301405.251582950295415, 5926519.875678241252899 ], [ 301406.31047547532944, 5926519.244771751575172 ], [ 301416.358678490389138, 5926514.803900308907032 ], [ 301426.406881505448837, 5926510.966306059621274 ], [ 301429.075746952090412, 5926509.842343278229237 ], [ 301436.455084520508535, 5926505.505376195535064 ], [ 301446.503287535626441, 5926501.967709179036319 ], [ 301452.198472771502566, 5926499.809008315205574 ], [ 301456.55149055068614, 5926496.798672744072974 ], [ 301466.599693565745838, 5926491.865390780381858 ], [ 301473.967839658202138, 5926489.775673352181911 ], [ 301476.647896580863744, 5926488.810937028378248 ], [ 301486.696099595923442, 5926483.230109767057002 ], [ 301490.450406845251564, 5926479.742338390089571 ], [ 301495.039091402024496, 5926469.709003427065909 ], [ 301496.744302610983141, 5926466.014096276834607 ], [ 301499.683994298567995, 5926459.675668464042246 ], [ 301504.337342456507031, 5926449.642333501018584 ], [ 301506.792505626042839, 5926444.348623760975897 ], [ 301508.990690614446066, 5926439.608998538926244 ], [ 301513.64406858739676, 5926429.575663575902581 ], [ 301516.840708641102538, 5926422.683151245117188 ], [ 301518.297386930382345, 5926419.542328612878919 ], [ 301521.923949329939205, 5926409.508993649855256 ], [ 301521.097609615651891, 5926399.475658686831594 ], [ 301519.986311669519637, 5926389.442323725670576 ], [ 301519.783658854430541, 5926379.408988761715591 ], [ 301519.887260915827937, 5926369.375653799623251 ], [ 301519.990862977283541, 5926359.342318836599588 ], [ 301520.094465038739145, 5926349.308983873575926 ], [ 301520.198067100194748, 5926339.275648910552263 ], [ 301520.301669161592145, 5926329.242313948459923 ], [ 301520.405271222989541, 5926319.208978985436261 ], [ 301520.475366924831178, 5926309.175644022412598 ], [ 301518.956397067173384, 5926299.142309059388936 ], [ 301516.840708641102538, 5926295.514709441922605 ], [ 301514.645483518717811, 5926289.108974097296596 ], [ 301511.207111258176155, 5926279.075639134272933 ], [ 301507.586242454941384, 5926269.04230417124927 ], [ 301506.792505626042839, 5926267.221859133802354 ], [ 301503.080894397804514, 5926259.00896920915693 ], [ 301498.546625770104583, 5926248.975634246133268 ], [ 301498.803182426781859, 5926238.942299282178283 ], [ 301506.792505626042839, 5926231.631195709109306 ], [ 301509.767256868770346, 5926228.908964320085943 ], [ 301516.840708641102538, 5926222.435961750335991 ], [ 301520.731317752739415, 5926218.875629357993603 ], [ 301526.888911656220444, 5926213.240758208557963 ], [ 301531.695402034907602, 5926208.84229439496994 ], [ 301536.937114671280142, 5926204.045554665848613 ], [ 301542.659467388119083, 5926198.808959431946278 ], [ 301546.98531768633984, 5926194.85032070800662 ], [ 301553.623537360806949, 5926188.775624468922615 ], [ 301557.033520701399539, 5926185.655117166228592 ], [ 301567.081723716517445, 5926185.469856729730964 ], [ 301571.633060463063885, 5926188.775624468922615 ], [ 301577.129926731577143, 5926192.768157693557441 ], [ 301587.178129746636841, 5926198.222075048834085 ], [ 301588.571859353105538, 5926198.808959431946278 ], [ 301597.22633276169654, 5926202.505915656685829 ], [ 301606.187083972443361, 5926208.84229439496994 ], [ 301607.274535776814446, 5926209.824703977443278 ], [ 301617.322738791874144, 5926217.617769067175686 ], [ 301618.684494751039892, 5926218.875629357993603 ], [ 301627.370941806933843, 5926226.189861947670579 ], [ 301637.419144821993541, 5926228.495605314150453 ], [ 301638.107500442187302, 5926228.908964320085943 ], [ 301646.845741509692743, 5926238.942299283109605 ], [ 301647.467347837111447, 5926239.64551146607846 ], [ 301657.416756487917155, 5926248.975634246133268 ], [ 301657.515550852171145, 5926249.040958348661661 ], [ 301667.563753867230844, 5926249.216339258477092 ], [ 301676.975541800435167, 5926259.00896920915693 ], [ 301677.611956882290542, 5926259.803966485895216 ], [ 301686.878741971682757, 5926269.04230417124927 ], [ 301687.660159897408448, 5926269.821323282085359 ], [ 301696.628519319521729, 5926279.075639134272933 ], [ 301697.708362912409939, 5926279.972550327889621 ], [ 301701.890474737272598, 5926279.075639134272933 ], [ 301707.756565927527845, 5926277.817575487308204 ], [ 301710.108390596462414, 5926279.075639134272933 ], [ 301717.804768942587543, 5926287.134063776582479 ], [ 301727.852971957705449, 5926288.379074751399457 ], [ 301735.729475380037911, 5926289.108974096365273 ], [ 301737.901174972765148, 5926289.284592069685459 ], [ 301738.443235194368754, 5926289.108974097296596 ], [ 301747.949377987824846, 5926286.230923353694379 ], [ 301757.997581002884544, 5926282.599190653301775 ], [ 301768.04578401800245, 5926279.309611788019538 ], [ 301768.852941279066727, 5926279.075639134272933 ], [ 301778.093987033062149, 5926276.392790453508496 ], [ 301788.142190048121847, 5926273.491108495742083 ], [ 301798.190393063181546, 5926270.573974042199552 ], [ 301803.285965841147117, 5926269.04230417124927 ], [ 301808.238596078299452, 5926267.559773189015687 ], [ 301818.28679909335915, 5926265.009912183508277 ], [ 301828.335002108418848, 5926261.704588376916945 ], [ 301836.529778039839584, 5926259.008969210088253 ], [ 301838.383205123478547, 5926258.399296215735376 ], [ 301848.431408138596453, 5926252.870993406511843 ], [ 301851.853538244497031, 5926248.97563424706459 ], [ 301848.88075142854359, 5926238.942299283109605 ], [ 301848.431408138596453, 5926237.421761504374444 ], [ 301845.904384703375399, 5926228.908964320085943 ], [ 301842.920482016925234, 5926218.875629357993603 ], [ 301839.942144260101486, 5926208.84229439496994 ], [ 301838.383205123478547, 5926203.57232697121799 ], [ 301836.969199698301964, 5926198.808959431946278 ], [ 301833.989694933989085, 5926188.775624468922615 ], [ 301831.005809165828396, 5926178.742289506830275 ], [ 301828.335002108418848, 5926169.805295385420322 ], [ 301828.002489735197742, 5926168.708954543806612 ], [ 301828.335002108418848, 5926167.851552838459611 ], [ 301830.489960338571109, 5926158.67561958078295 ], [ 301834.385136544180568, 5926148.642284617759287 ], [ 301838.383205123478547, 5926139.543705420568585 ], [ 301838.793953907093965, 5926138.608949655666947 ], [ 301843.20280258578714, 5926128.575614692643285 ], [ 301847.61161855456885, 5926118.542279729619622 ], [ 301848.431408138596453, 5926117.116352653130889 ], [ 301853.298675765225198, 5926108.508944767527282 ], [ 301858.201197890564799, 5926098.47560980450362 ], [ 301858.479611153656151, 5926097.905818694271147 ], [ 301863.1037200159044, 5926088.442274840548635 ], [ 301868.52781416871585, 5926080.952925168909132 ], [ 301870.482487480621785, 5926078.408939879387617 ], [ 301876.368508808489423, 5926068.375604916363955 ], [ 301878.576017183775548, 5926063.388063787482679 ], [ 301880.809308471158147, 5926058.342269953340292 ], [ 301885.250108133768663, 5926048.308934990316629 ], [ 301888.624220198893454, 5926040.68562407232821 ], [ 301889.695661292294972, 5926038.275600027292967 ], [ 301895.994822192355059, 5926028.242265066131949 ], [ 301898.672423213953152, 5926023.994917837902904 ], [ 301902.320009775809012, 5926018.208930103108287 ], [ 301908.645228323410265, 5926008.175595139153302 ], [ 301908.720626229012851, 5926008.038140594959259 ], [ 301913.411792854079977, 5925998.142260176129639 ], [ 301912.626505330670625, 5925988.108925214037299 ], [ 301911.391392618708778, 5925978.075590251013637 ], [ 301910.156279906688724, 5925968.042255287989974 ], [ 301908.921167194726877, 5925958.008920325897634 ], [ 301908.720626229012851, 5925956.379842540249228 ], [ 301907.686054482706822, 5925947.975585361942649 ], [ 301906.450941770686768, 5925937.942250399850309 ], [ 301905.215829058666714, 5925927.908915436826646 ], [ 301903.980716346646659, 5925917.875580474734306 ], [ 301902.745603634684812, 5925907.842245511710644 ], [ 301902.582748408662155, 5925897.808910548686981 ], [ 301906.840593117638491, 5925887.775575585663319 ], [ 301908.720626229012851, 5925886.869583154097199 ], [ 301918.768829244072549, 5925886.603883161209524 ], [ 301928.817032259190455, 5925886.030695421621203 ], [ 301938.865235274250153, 5925883.772303799167275 ], [ 301948.913438289309852, 5925880.758428326807916 ], [ 301958.96164130436955, 5925877.744552855379879 ], [ 301958.972025008464698, 5925877.742240623570979 ], [ 301969.009844319487456, 5925875.987137933261693 ], [ 301979.058047334547155, 5925876.847347356379032 ], [ 301989.106250349606853, 5925877.708303866907954 ], [ 301989.511425724078435, 5925877.742240623570979 ], [ 301999.154453364666551, 5925878.567703596316278 ], [ 302009.202656379784457, 5925880.54990098066628 ], [ 302019.250859394844156, 5925882.561573559418321 ], [ 302029.299062409903854, 5925884.760350271128118 ], [ 302039.347265424963553, 5925886.892758490517735 ], [ 302049.395468440081459, 5925886.841796002350748 ], [ 302059.443671455141157, 5925884.155017765238881 ], [ 302069.491874470200855, 5925879.523890139535069 ], [ 302075.230511654226575, 5925877.742240623570979 ], [ 302079.540077485260554, 5925876.324170431122184 ], [ 302089.58828050037846, 5925877.190585552714765 ], [ 302099.636483515438158, 5925870.150704479776323 ], [ 302101.7546031162492, 5925867.708905659615993 ], [ 302109.684686530497856, 5925858.309057241305709 ], [ 302110.23212829901604, 5925857.675570697523654 ], [ 302118.848213342134841, 5925847.642235735431314 ], [ 302119.732889545557555, 5925846.249861870892346 ], [ 302126.610298918443732, 5925837.608900772407651 ], [ 302125.094384174328297, 5925827.575565809383988 ], [ 302126.341313503857236, 5925817.542230846360326 ], [ 302127.588242833502591, 5925807.508895885199308 ], [ 302128.835172163089737, 5925797.475560921244323 ], [ 302129.781092560675461, 5925789.864274562336504 ], [ 302130.036422850564122, 5925787.442225958220661 ], [ 302131.113529068417847, 5925777.408890995196998 ], [ 302132.290847373194993, 5925767.375556033104658 ], [ 302132.509668075770605, 5925757.342221070080996 ], [ 302132.696425972215366, 5925747.308886107057333 ], [ 302132.883211360720452, 5925737.27555114403367 ], [ 302132.347433528339025, 5925727.24221618194133 ], [ 302131.196313351101708, 5925717.208881218917668 ], [ 302130.045193173806183, 5925707.175546255894005 ], [ 302129.781092560675461, 5925704.873605964705348 ], [ 302128.894072996510658, 5925697.142211293801665 ], [ 302127.742952819215134, 5925687.108876330778003 ], [ 302126.591832641919609, 5925677.07554136775434 ], [ 302125.440675838734023, 5925667.042206404730678 ], [ 302124.289563047932461, 5925657.008871442638338 ], [ 302123.138407632417511, 5925646.975536480545998 ], [ 302121.979646405729, 5925636.942201516591012 ], [ 302120.799787058436777, 5925626.908866552636027 ], [ 302119.732889545557555, 5925617.292533470317721 ], [ 302119.68504710047273, 5925616.87553159147501 ], [ 302118.280208986252546, 5925606.842196628451347 ], [ 302116.94554326753132, 5925596.808861665427685 ], [ 302115.591316682985052, 5925586.775526702404022 ], [ 302114.222055900201667, 5925576.74219173938036 ], [ 302112.852770186844282, 5925566.70885677728802 ], [ 302111.496968257881235, 5925556.675521814264357 ], [ 302110.180596052727196, 5925546.642186852172017 ], [ 302109.684686530497856, 5925542.402966226451099 ], [ 302109.007456546765752, 5925536.608851889148355 ], [ 302107.860282040783204, 5925526.575516926124692 ], [ 302106.715989842195995, 5925516.542181963101029 ], [ 302105.571635379339568, 5925506.508847001008689 ], [ 302104.427313494146802, 5925496.475512038916349 ], [ 302103.875351579219569, 5925486.442177074030042 ], [ 302103.569118272513151, 5925476.408842111937702 ], [ 302103.262884965748526, 5925466.375507149845362 ], [ 302102.906785103608854, 5925456.342172186821699 ], [ 302102.449627559049986, 5925446.308837224729359 ], [ 302101.958352678222582, 5925436.275502261705697 ], [ 302101.467077797395177, 5925426.242167298682034 ], [ 302100.975739916553721, 5925416.208832335658371 ], [ 302100.484465035726316, 5925406.175497372634709 ], [ 302099.993190154957119, 5925396.142162410542369 ], [ 302099.636483515438158, 5925391.813217613846064 ], [ 302099.157713477499783, 5925386.108827447518706 ], [ 302098.051299726881552, 5925376.075492484495044 ], [ 302096.944885976263322, 5925366.042157521471381 ], [ 302095.838472225586884, 5925356.008822559379041 ], [ 302094.732091324287467, 5925345.975487596355379 ], [ 302093.62567050778307, 5925335.942152632400393 ], [ 302092.519249691395089, 5925325.908817671239376 ], [ 302091.4128288749489, 5925315.875482708215714 ], [ 302090.306408058502711, 5925305.842147745192051 ], [ 302089.58828050037846, 5925299.329965192824602 ], [ 302089.200034351146314, 5925295.808812782168388 ], [ 302088.094568011409137, 5925285.775477820076048 ], [ 302086.989905970578548, 5925275.742142857052386 ], [ 302085.885179772274569, 5925265.708807894028723 ], [ 302084.780517731443979, 5925255.675472931005061 ], [ 302083.675855690613389, 5925245.642137968912721 ], [ 302082.505717200459912, 5925235.608803005889058 ], [ 302080.841658515564632, 5925225.575468042865396 ], [ 302079.540077485260554, 5925217.727668818086386 ], [ 302079.177599830611143, 5925215.542133079841733 ], [ 302079.540077485260554, 5925213.609508844092488 ], [ 302081.5606235335581, 5925205.50879811681807 ], [ 302084.415071942203213, 5925195.47546315472573 ], [ 302087.26952285587322, 5925185.44212819263339 ], [ 302089.58828050037846, 5925177.291860737837851 ], [ 302090.124014720786363, 5925175.408793229609728 ], [ 302092.978450656519271, 5925165.375458266586065 ], [ 302095.832914043101482, 5925155.342123303562403 ], [ 302098.687397935427725, 5925145.30878834053874 ], [ 302099.636483515438158, 5925141.972749711945653 ], [ 302100.892926352214999, 5925135.2754533784464 ], [ 302102.480374504521023, 5925125.24211841635406 ], [ 302103.576822170231026, 5925115.208783452399075 ], [ 302104.298645473551005, 5925105.175448490306735 ], [ 302105.020468776812777, 5925095.142113527283072 ], [ 302105.714297948055901, 5925085.10877856425941 ], [ 302105.8252387411776, 5925075.075443601235747 ], [ 302103.353489920904394, 5925065.042108638212085 ], [ 302099.636483515438158, 5925058.370960015803576 ], [ 302097.849542359355837, 5925055.008773676119745 ], [ 302095.220307929848786, 5925044.975438713096082 ], [ 302090.510150833055377, 5925034.942103749141097 ], [ 302089.58828050037846, 5925032.97836992982775 ], [ 302085.800157890073024, 5925024.90876878798008 ], [ 302083.062203052744735, 5925014.875433824956417 ], [ 302080.66561723256018, 5925004.842098861932755 ], [ 302079.540077485260554, 5925000.130098616704345 ], [ 302078.268979603541084, 5924994.808763898909092 ], [ 302075.872401262167841, 5924984.775428936816752 ], [ 302072.776944266457576, 5924974.742093973793089 ], [ 302069.491874470200855, 5924965.829630670137703 ], [ 302069.078729247907177, 5924964.708759010769427 ], [ 302065.380514229356777, 5924954.675424047745764 ], [ 302061.608009012183174, 5924944.642089085653424 ], [ 302059.443671455141157, 5924938.941499099135399 ], [ 302057.798662306973711, 5924934.608754122629762 ], [ 302053.347495035442989, 5924924.575419159606099 ], [ 302049.395468440081459, 5924917.473659824579954 ], [ 302047.719626869657077, 5924914.542084196582437 ], [ 302041.778277235862333, 5924904.508749235421419 ], [ 302039.347265424905345, 5924901.472845072858036 ], [ 302033.744046080682892, 5924894.475414272397757 ], [ 302029.299062409903854, 5924888.924415151588619 ], [ 302025.709837282833178, 5924884.442079308442771 ], [ 302019.250859394844156, 5924876.420588249340653 ], [ 302017.632053822395392, 5924874.408744346350431 ], [ 302009.532394802488852, 5924864.375409384258091 ], [ 302009.202656379784457, 5924863.933177967555821 ], [ 302003.370136227982584, 5924854.342074420303106 ], [ 302000.499504122359212, 5924844.308739457279444 ], [ 301999.154453364666551, 5924840.78178565390408 ], [ 301993.277623533678707, 5924834.275404495187104 ], [ 301989.106250349548645, 5924831.925276612862945 ], [ 301979.058047334547155, 5924824.503909655846655 ], [ 301978.703530905593652, 5924824.242069532163441 ], [ 301969.009844319487456, 5924815.318316604942083 ], [ 301968.294208779232576, 5924814.208734569139779 ], [ 301967.488091830804478, 5924804.175399606116116 ], [ 301966.68193344399333, 5924794.142064644023776 ], [ 301965.875825498020276, 5924784.108729681000113 ], [ 301964.993229383719154, 5924774.075394717976451 ], [ 301964.053863802575506, 5924764.042059755884111 ], [ 301962.984113266807981, 5924754.008724792860448 ], [ 301961.893790153670125, 5924743.975389830768108 ], [ 301960.803504412528127, 5924733.942054865881801 ], [ 301959.713214010174852, 5924723.908719904720783 ], [ 301958.96164130436955, 5924716.992737986147404 ], [ 301958.622872711566743, 5924713.875384941697121 ], [ 301957.532584869477432, 5924703.842049978673458 ], [ 301956.442299128393643, 5924693.808715015649796 ], [ 301955.462907044449821, 5924683.775380053557456 ], [ 301954.843286498566158, 5924673.742045090533793 ], [ 301953.963573932182044, 5924663.70871012751013 ], [ 301952.824482530588284, 5924653.675375163555145 ], [ 301951.685404604882933, 5924643.642040202394128 ], [ 301950.546350354910828, 5924633.608705239370465 ], [ 301949.407238266780041, 5924623.575370276346803 ], [ 301948.913438289309852, 5924619.225770082324743 ], [ 301948.26818102755351, 5924613.542035314254463 ], [ 301947.129115976043977, 5924603.5087003512308 ], [ 301945.990011700196192, 5924593.475365388207138 ], [ 301944.850957450224087, 5924583.442030425183475 ], [ 301943.711871712235734, 5924573.408695463091135 ], [ 301942.572788122924976, 5924563.375360500067472 ], [ 301941.433733872952871, 5924553.34202553704381 ], [ 301940.294679622980766, 5924543.308690574020147 ], [ 301939.155566303175874, 5924533.27535561285913 ], [ 301938.865235274308361, 5924530.717996444553137 ], [ 301938.016510295623448, 5924523.242020648904145 ], [ 301936.741364904039074, 5924513.208685685880482 ], [ 301931.642076616408303, 5924503.175350723788142 ], [ 301928.817032259190455, 5924501.68771971296519 ], [ 301918.768829244072549, 5924501.11119397263974 ], [ 301908.720626229012851, 5924500.534658109769225 ], [ 301898.672423213953152, 5924499.958122248761356 ], [ 301888.624220198893454, 5924499.381586387753487 ], [ 301878.576017183775548, 5924498.805050525814295 ], [ 301868.52781416871585, 5924498.228514663875103 ], [ 301858.479611153656151, 5924497.897702507674694 ], [ 301848.431408138596453, 5924497.616749942302704 ], [ 301838.383205123478547, 5924497.335804725065827 ], [ 301828.335002108418848, 5924497.054889852181077 ], [ 301818.28679909335915, 5924496.773931571282446 ], [ 301808.238596078299452, 5924496.492992070503533 ], [ 301798.190393063181546, 5924496.21207719668746 ], [ 301788.142190048121847, 5924495.93116232380271 ], [ 301778.093987033062149, 5924495.650179415009916 ], [ 301768.04578401800245, 5924495.369264541193843 ], [ 301757.997581002884544, 5924496.090409098193049 ], [ 301747.949377987824846, 5924496.961843967437744 ], [ 301737.901174972765148, 5924497.766535613685846 ], [ 301727.852971957763657, 5924498.571250464767218 ], [ 301717.804768942587543, 5924499.394174087792635 ], [ 301707.756565927527845, 5924500.461276507005095 ], [ 301697.708362912468147, 5924501.543297412805259 ], [ 301687.660159897466656, 5924502.625256943516433 ], [ 301681.622211142734159, 5924503.175350723788142 ], [ 301677.611956882290542, 5924503.527699736878276 ], [ 301667.563753867172636, 5924504.317441885359585 ], [ 301657.515550852171145, 5924505.318313873372972 ], [ 301647.467347837111447, 5924506.319125383161008 ], [ 301637.419144821993541, 5924507.319997372105718 ], [ 301627.370941806933843, 5924508.320808881893754 ], [ 301617.322738791815937, 5924509.321680868975818 ], [ 301607.274535776814446, 5924510.322492378763855 ], [ 301597.22633276169654, 5924511.323364367708564 ], [ 301587.178129746695049, 5924512.324181208387017 ], [ 301578.298138865327928, 5924513.208685686811805 ], [ 301577.129926731577143, 5924513.325047864578664 ], [ 301567.081723716517445, 5924514.325859375298023 ], [ 301557.033520701399539, 5924515.32673136331141 ], [ 301546.98531768633984, 5924516.327542872168124 ], [ 301536.937114671280142, 5924520.681108844466507 ], [ 301533.934143060818315, 5924523.242020648904145 ], [ 301526.888911656220444, 5924528.072034066542983 ], [ 301518.751177279977128, 5924523.242020648904145 ], [ 301516.840708641102538, 5924521.064991143532097 ], [ 301506.792505626042839, 5924519.761184017173946 ], [ 301496.744302610983141, 5924519.963126908987761 ], [ 301486.696099595923442, 5924520.770720236934721 ], [ 301476.647896580805536, 5924521.640720829367638 ], [ 301466.599693565745838, 5924522.510721420869231 ], [ 301458.152815641311463, 5924523.242020648904145 ], [ 301456.55149055068614, 5924523.380657410249114 ], [ 301446.503287535626441, 5924524.25065800268203 ], [ 301436.455084520508535, 5924525.120658595114946 ], [ 301426.406881505448837, 5924525.990641488693655 ], [ 301416.358678490389138, 5924526.860636479221284 ], [ 301406.31047547532944, 5924527.730595768429339 ], [ 301396.262272460211534, 5924528.600596360862255 ], [ 301386.214069445151836, 5924529.470596952363849 ], [ 301376.165866430092137, 5924530.34055183827877 ], [ 301366.117663415032439, 5924531.210533533245325 ], [ 301356.069460399914533, 5924532.047909503802657 ], [ 301346.021257384854835, 5924532.368751890026033 ], [ 301335.973054369795136, 5924532.056192790158093 ], [ 301325.924851354735438, 5924531.613219996914268 ], [ 301317.458325681276619, 5924533.275355611927807 ], [ 301315.876648339617532, 5924533.569649743847549 ], [ 301305.828445324557833, 5924536.203652681782842 ], [ 301295.780242309498135, 5924538.847286813892424 ], [ 301285.732039294438437, 5924541.490962740965188 ], [ 301278.823063066462055, 5924543.308690574020147 ], [ 301275.683836279320531, 5924544.134606120176613 ], [ 301265.635633264260832, 5924546.778240252286196 ], [ 301255.587430249201134, 5924549.421874385327101 ], [ 301245.539227234083228, 5924550.016354913823307 ], [ 301235.491024219023529, 5924549.085811356082559 ], [ 301225.442821203963831, 5924548.155245695263147 ], [ 301215.394618188904133, 5924547.793428184464574 ], [ 301205.346415173844434, 5924548.930683856830001 ], [ 301195.298212158726528, 5924550.468517787754536 ], [ 301185.25000914366683, 5924551.743695305660367 ], [ 301175.201806128665339, 5924553.080851207487285 ], [ 301173.450891710992437, 5924553.34202553704381 ], [ 301165.153603113547433, 5924554.624588528648019 ], [ 301155.105400098429527, 5924556.177801143378019 ], [ 301145.057197083369829, 5924557.731046460568905 ], [ 301135.00899406831013, 5924559.284250076860189 ], [ 301124.960791053192224, 5924560.837497118860483 ], [ 301114.912588038132526, 5924561.976647675968707 ], [ 301107.89465409098193, 5924563.375360500067472 ], [ 301104.864385023072828, 5924564.034936599433422 ], [ 301094.816182008013129, 5924566.205020731315017 ], [ 301084.767978992895223, 5924568.303624600172043 ], [ 301074.719775977835525, 5924570.437778972089291 ], [ 301064.671572962775826, 5924572.746670715510845 ], [ 301061.865147921489552, 5924573.408695464022458 ], [ 301054.623369947716128, 5924575.04351357743144 ], [ 301044.575166932598222, 5924577.048406313173473 ], [ 301034.526963917538524, 5924579.917260436341166 ], [ 301032.210719145368785, 5924583.442030426114798 ], [ 301031.022198374150321, 5924593.475365388207138 ], [ 301029.833677602990065, 5924603.508700352162123 ], [ 301028.645156831771601, 5924613.542035314254463 ], [ 301027.456636060611345, 5924623.575370276346803 ], [ 301026.268115289392881, 5924633.608705239370465 ], [ 301025.079594518174417, 5924643.642040202394128 ], [ 301024.489854578627273, 5924653.675375164486468 ], [ 301025.208443396608345, 5924663.70871012751013 ], [ 301025.886846498236991, 5924673.742045090533793 ], [ 301026.048260538256727, 5924683.775380053557456 ], [ 301024.802864539204165, 5924693.808715015649796 ], [ 301024.478760902478825, 5924694.092973469756544 ], [ 301014.430557887419127, 5924700.067777642980218 ], [ 301008.083171254373156, 5924703.842049978673458 ], [ 301004.382354872301221, 5924706.042623175308108 ], [ 300994.334151857241523, 5924710.929210523143411 ], [ 300991.265113590052351, 5924713.875384941697121 ], [ 300987.986472248507198, 5924723.908719904720783 ], [ 300985.758151772723068, 5924733.942054866813123 ], [ 300984.285948842181824, 5924735.84546413179487 ], [ 300974.237745827122126, 5924742.330588219687343 ], [ 300970.934817812289111, 5924743.975389830768108 ], [ 300964.18954281200422, 5924747.437802488915622 ], [ 300954.141339796944521, 5924752.595605708658695 ], [ 300951.388381739147007, 5924754.008724791929126 ], [ 300944.093136781884823, 5924757.753442168235779 ], [ 300934.044933766825125, 5924762.638458721339703 ], [ 300931.078536377928685, 5924764.042059755884111 ], [ 300923.996730751707219, 5924767.392924778163433 ], [ 300913.94852773664752, 5924772.147412713617086 ], [ 300909.873893531796057, 5924774.075394717976451 ], [ 300903.900324721587822, 5924776.901880481280386 ], [ 300893.852121706528123, 5924781.65636670589447 ], [ 300888.669250685721636, 5924784.108729681000113 ], [ 300883.803918691410217, 5924786.410836186259985 ], [ 300873.755715676350519, 5924791.165320698171854 ], [ 300867.464607839705423, 5924794.142064644023776 ], [ 300863.707512661290821, 5924795.919791890308261 ], [ 300853.659309646231122, 5924800.674274690449238 ], [ 300845.786458137445152, 5924804.175399606116116 ], [ 300843.611106631113216, 5924805.171173929236829 ], [ 300834.312835298653226, 5924804.175399606116116 ], [ 300833.562903616053518, 5924804.065148265101016 ], [ 300823.51470060099382, 5924802.587909881956875 ], [ 300813.466497585934121, 5924801.110671498812735 ], [ 300803.418294570816215, 5924799.664790891110897 ], [ 300793.370091555756517, 5924798.429236173629761 ], [ 300783.321888540696818, 5924797.313361895270646 ], [ 300773.27368552563712, 5924796.19748761691153 ], [ 300763.225482510519214, 5924795.081613338552415 ], [ 300755.61961679084925, 5924794.142064644023776 ], [ 300753.177279495459516, 5924793.804591995663941 ], [ 300743.129076480399817, 5924791.671205507591367 ], [ 300733.080873465340119, 5924789.537819020450115 ], [ 300723.032670450222213, 5924787.456036510877311 ], [ 300712.984467435162514, 5924785.59242588095367 ], [ 300704.548486382991541, 5924784.108729681000113 ], [ 300702.936264420102816, 5924783.829206866212189 ], [ 300692.888061405043118, 5924782.096230184659362 ], [ 300682.839858389925212, 5924780.381322740577161 ], [ 300672.791655374865513, 5924778.699757455848157 ], [ 300662.743452359805815, 5924777.029115853831172 ], [ 300652.695249344687909, 5924775.358493679203093 ], [ 300644.977797492814716, 5924774.075394717976451 ], [ 300642.647046329628211, 5924773.687885413877666 ], [ 300632.598843314568512, 5924772.017277149483562 ], [ 300622.550640299567021, 5924770.346651325002313 ], [ 300612.502437284449115, 5924768.67603519372642 ], [ 300602.454234269331209, 5924767.005405106581748 ], [ 300592.406031254271511, 5924765.334796842187643 ], [ 300584.630609000392724, 5924764.042059756815434 ], [ 300582.357828239211813, 5924763.664186797104776 ], [ 300572.309625224152114, 5924761.993570664897561 ], [ 300562.261422209034208, 5924760.322924800217152 ], [ 300552.21321919397451, 5924758.652316534891725 ], [ 300542.165016178914811, 5924756.981708268634975 ], [ 300532.116813163855113, 5924755.31110000424087 ], [ 300524.283642034279183, 5924754.008724793791771 ], [ 300522.068610148737207, 5924753.640444492921233 ], [ 300512.020407133677509, 5924751.969836226664484 ], [ 300501.97220411861781, 5924750.299227961339056 ], [ 300491.924001103558112, 5924748.628619696013629 ], [ 300481.875798088440206, 5924746.95801142975688 ], [ 300471.827595073380508, 5924745.287362097762525 ], [ 300463.936516184068751, 5924743.975389829836786 ], [ 300461.779392058379017, 5924743.636341914534569 ], [ 300451.731189043261111, 5924742.084249243140221 ], [ 300441.682986028143205, 5924742.010447537526488 ], [ 300434.076928990252782, 5924743.975389830768108 ], [ 300431.634783013083506, 5924745.029512987472117 ], [ 300421.586579998023808, 5924752.839909812435508 ], [ 300420.146910681913141, 5924754.008724792860448 ], [ 300411.53837698296411, 5924760.661230586469173 ], [ 300408.429377583554015, 5924764.042059755884111 ], [ 300411.53837698296411, 5924766.593118216842413 ], [ 300414.652575770101976, 5924774.075394717976451 ], [ 300419.399270483001601, 5924784.108729681000113 ], [ 300421.254979097342584, 5924794.142064644023776 ], [ 300421.586579998023808, 5924795.934948962181807 ], [ 300423.110686364991125, 5924804.175399605184793 ], [ 300424.966407845902722, 5924814.208734569139779 ], [ 300426.82211201894097, 5924824.242069532163441 ], [ 300428.677830590459052, 5924834.275404495187104 ], [ 300430.533540767501108, 5924844.308739457279444 ], [ 300427.441967059334274, 5924854.342074420303106 ], [ 300426.253000681812409, 5924864.375409383326769 ], [ 300429.959698103310075, 5924874.408744346350431 ], [ 300431.589189628430177, 5924884.442079308442771 ], [ 300431.634783013083506, 5924884.857870811596513 ], [ 300432.689389360777568, 5924894.475414271466434 ], [ 300433.789564969600178, 5924904.508749234490097 ], [ 300434.889740578480996, 5924914.542084196582437 ], [ 300434.909463527495973, 5924924.575419159606099 ], [ 300431.634783013083506, 5924929.526602037250996 ], [ 300428.052510267472826, 5924934.608754122629762 ], [ 300421.586579998023808, 5924943.781936440616846 ], [ 300420.980281459982507, 5924944.642089085653424 ], [ 300413.90805265243398, 5924954.675424047745764 ], [ 300411.53837698296411, 5924958.037270842120051 ], [ 300406.835823844885454, 5924964.708759010769427 ], [ 300401.490173967846204, 5924972.292605245485902 ], [ 300399.763595037395135, 5924974.742093973793089 ], [ 300392.691366229904816, 5924984.775428936816752 ], [ 300391.441970952786505, 5924986.54793964792043 ], [ 300385.619137422356289, 5924994.808763898909092 ], [ 300381.393767937726807, 5925000.803274050354958 ], [ 300378.54690861486597, 5925004.842098861932755 ], [ 300371.474679807317443, 5925014.875433824956417 ], [ 300371.345564922667108, 5925015.058608453720808 ], [ 300361.815866698918398, 5925024.90876878798008 ], [ 300361.297361907549202, 5925025.311397117562592 ], [ 300351.249158892489504, 5925030.446508237160742 ], [ 300342.82922664587386, 5925034.94210375007242 ], [ 300341.200955877429806, 5925035.811474969610572 ], [ 300331.152752862370107, 5925041.176420960575342 ], [ 300324.037437793507706, 5925044.975438713096082 ], [ 300321.104549847252201, 5925046.541375054046512 ], [ 300311.056346832192503, 5925051.906341786496341 ], [ 300305.245711458730511, 5925055.008773676119745 ], [ 300301.008143817132805, 5925057.271308518014848 ], [ 300290.959940802073106, 5925062.636275250464678 ], [ 300286.453985124011524, 5925065.042108638212085 ], [ 300280.9117377869552, 5925068.001241981983185 ], [ 300270.863534771895502, 5925070.787089375779033 ], [ 300260.815331756835803, 5925071.924289212562144 ], [ 300250.767128741776105, 5925073.179468803107738 ], [ 300240.718925726658199, 5925074.488805281929672 ], [ 300230.670722711598501, 5925074.221468689851463 ], [ 300220.622519696538802, 5925073.720000324770808 ], [ 300218.02298323251307, 5925075.075443601235747 ], [ 300212.1697856002138, 5925085.10877856425941 ], [ 300210.574316681479104, 5925089.877965152263641 ], [ 300209.126903989526909, 5925095.142113527283072 ], [ 300210.574316681479104, 5925099.596592317335308 ], [ 300214.686231979867443, 5925105.175448489375412 ], [ 300220.622519696538802, 5925109.154547233134508 ], [ 300229.418744185997639, 5925115.208783452399075 ], [ 300230.670722711598501, 5925115.835673562251031 ], [ 300240.718925726658199, 5925120.86700513958931 ], [ 300246.896605554793496, 5925125.242118415422738 ], [ 300250.767128741776105, 5925128.332925284281373 ], [ 300256.810736615210772, 5925135.2754533784464 ], [ 300260.815331756835803, 5925140.129081636667252 ], [ 300263.811290862853639, 5925145.30878834053874 ], [ 300265.848405601049308, 5925155.342123303562403 ], [ 300267.165905641624704, 5925165.375458266586065 ], [ 300268.483397298492491, 5925175.408793229609728 ], [ 300269.800901979906484, 5925185.442128191702068 ], [ 300270.863534771895502, 5925193.534727272577584 ], [ 300271.230157156882342, 5925195.47546315472573 ], [ 300273.908635875268374, 5925205.508798117749393 ], [ 300276.773827831144445, 5925215.542133079841733 ], [ 300277.21067703422159, 5925225.575468042865396 ], [ 300277.609845921164379, 5925235.608803005889058 ], [ 300279.811386819987092, 5925245.642137968912721 ], [ 300280.055396634095814, 5925255.675472931005061 ], [ 300280.9117377869552, 5925258.306093959137797 ], [ 300285.88736084359698, 5925265.708807894028723 ], [ 300286.181147134513594, 5925275.742142857052386 ], [ 300280.9117377869552, 5925282.56224802415818 ], [ 300278.446662397007458, 5925285.775477820076048 ], [ 300270.863534771895502, 5925295.579081325791776 ], [ 300270.686954364355188, 5925295.808812782168388 ], [ 300270.863534771895502, 5925296.6437196303159 ], [ 300280.9117377869552, 5925297.357455298304558 ], [ 300288.071517323958687, 5925305.842147745192051 ], [ 300290.959940802073106, 5925313.606062286533415 ], [ 300291.508791037544142, 5925315.875482708215714 ], [ 300293.935312895104289, 5925325.908817670308053 ], [ 300296.361834752606228, 5925335.942152633331716 ], [ 300298.788356610108167, 5925345.975487596355379 ], [ 300301.008143817132805, 5925355.154003143310547 ], [ 300301.214878467668314, 5925356.008822559379041 ], [ 300303.641400325170252, 5925366.042157521471381 ], [ 300306.067922182730399, 5925376.075492484495044 ], [ 300308.657299832673743, 5925386.108827447518706 ], [ 300311.056346832192503, 5925389.28475655335933 ], [ 300316.050935500359628, 5925396.142162410542369 ], [ 300321.104549847252201, 5925401.96456225309521 ], [ 300324.759476116742007, 5925406.175497372634709 ], [ 300331.152752862370107, 5925413.541356926783919 ], [ 300333.468016733124387, 5925416.208832335658371 ], [ 300335.111883512348868, 5925426.242167298682034 ], [ 300331.152752862370107, 5925432.110149182379246 ], [ 300328.342391857644543, 5925436.275502261705697 ], [ 300321.572907303925604, 5925446.308837223798037 ], [ 300321.104549847252201, 5925447.003009314648807 ], [ 300314.803411448723637, 5925456.342172186821699 ], [ 300311.056346832192503, 5925461.895842736586928 ], [ 300308.033920174406376, 5925466.375507149845362 ], [ 300301.264435620687436, 5925476.408842111937702 ], [ 300301.008143817132805, 5925476.788732196204364 ], [ 300294.496419720060658, 5925486.442177074961364 ], [ 300290.959940802073106, 5925491.68498975597322 ], [ 300287.728549164428841, 5925496.475512037985027 ], [ 300280.960678608738817, 5925506.508847001008689 ], [ 300280.9117377869552, 5925506.581401529721916 ], [ 300274.192808053107001, 5925516.542181963101029 ], [ 300270.863534771895502, 5925521.477800161577761 ], [ 300267.424925644416362, 5925526.575516926124692 ], [ 300260.815331756835803, 5925536.374198987148702 ], [ 300260.385577226057649, 5925536.608851889148355 ], [ 300260.815331756835803, 5925537.655361035838723 ], [ 300270.863534771895502, 5925541.822161599993706 ], [ 300280.9117377869552, 5925541.432577399536967 ], [ 300290.959940802073106, 5925541.042993197217584 ], [ 300301.008143817132805, 5925540.653373938053846 ], [ 300311.056346832192503, 5925540.2637874558568 ], [ 300321.104549847252201, 5925539.927623949944973 ], [ 300331.152752862370107, 5925539.696977280080318 ], [ 300341.200955877429806, 5925539.466330610215664 ], [ 300351.249158892489504, 5925539.235683940351009 ], [ 300361.297361907549202, 5925538.974938411265612 ], [ 300371.345564922667108, 5925538.664995426312089 ], [ 300381.393767937726807, 5925538.340767410583794 ], [ 300391.441970952786505, 5925538.016539394855499 ], [ 300398.601504499209113, 5925546.642186852172017 ], [ 300401.490173967846204, 5925550.203206341713667 ], [ 300406.686418558820151, 5925556.675521814264357 ], [ 300408.552488937857561, 5925566.70885677728802 ], [ 300407.96569642436225, 5925576.742191740311682 ], [ 300406.942614590341691, 5925586.775526702404022 ], [ 300404.652446935651824, 5925596.808861665427685 ], [ 300401.490173967846204, 5925604.87086882814765 ], [ 300400.716928871814162, 5925606.84219662938267 ], [ 300396.78136868099682, 5925616.87553159147501 ], [ 300392.845804658660199, 5925626.90886655356735 ], [ 300391.441970952786505, 5925630.487803072668612 ], [ 300388.910240636265371, 5925636.94220151565969 ], [ 300384.974726404063404, 5925646.975536479614675 ], [ 300382.114501977397595, 5925657.008871442638338 ], [ 300381.393767937726807, 5925658.540095365606248 ], [ 300376.418592625414021, 5925667.042206404730678 ], [ 300371.345564922667108, 5925675.711538063362241 ], [ 300370.547396462410688, 5925677.07554136775434 ], [ 300365.333028542692773, 5925687.108876330778003 ], [ 300361.613515325938351, 5925697.142211293801665 ], [ 300361.297361907549202, 5925697.995030725374818 ], [ 300357.89400210918393, 5925707.175546255894005 ], [ 300354.174473739229143, 5925717.208881217986345 ], [ 300351.249158892489504, 5925725.099807620048523 ], [ 300350.454927739745472, 5925727.24221618194133 ], [ 300346.735410408873577, 5925737.27555114403367 ], [ 300343.015897192177363, 5925747.308886107057333 ], [ 300341.200955877429806, 5925752.204664960503578 ], [ 300339.296383975481149, 5925757.342221070080996 ], [ 300335.576847841730341, 5925767.375556033104658 ], [ 300331.857305491808802, 5925777.408890995196998 ], [ 300331.152752862370107, 5925779.309411874972284 ], [ 300328.137792275112588, 5925787.442225958220661 ], [ 300324.418279058416374, 5925797.475560921244323 ], [ 300321.104549847310409, 5925806.414299195632339 ], [ 300320.69876584172016, 5925807.508895884267986 ], [ 300316.979221944173332, 5925817.542230846360326 ], [ 300313.259687358047813, 5925827.575565809383988 ], [ 300311.072313023440074, 5925837.608900772407651 ], [ 300312.230553668283392, 5925847.642235735431314 ], [ 300313.549818559549749, 5925857.675570697523654 ], [ 300314.879805715754628, 5925867.708905660547316 ], [ 300316.119515515048988, 5925877.742240622639656 ], [ 300317.243388757749926, 5925887.775575585663319 ], [ 300318.519746713922359, 5925897.808910548686981 ], [ 300319.981881053477991, 5925907.842245511710644 ], [ 300321.104549847252201, 5925915.539186852052808 ], [ 300321.383376392303035, 5925917.875580474734306 ], [ 300322.200536030286457, 5925927.908915437757969 ], [ 300323.128166507813148, 5925937.942250399850309 ], [ 300324.190293455147184, 5925947.975585362873971 ], [ 300325.351412580814213, 5925958.008920325897634 ], [ 300326.323031783569604, 5925968.042255287989974 ], [ 300328.134540320897941, 5925978.075590251013637 ], [ 300330.557363478525076, 5925988.108925214037299 ], [ 300331.152752862370107, 5925992.122596567496657 ], [ 300332.160714039346203, 5925998.142260176129639 ], [ 300333.674342646903824, 5926008.175595139153302 ], [ 300335.022327699291054, 5926018.208930102176964 ], [ 300336.510656773054507, 5926028.242265065200627 ], [ 300337.998989171872381, 5926038.275600027292967 ], [ 300339.487303420319222, 5926048.308934990316629 ], [ 300340.975601721263956, 5926058.342269953340292 ], [ 300341.200955877429806, 5926059.861439668573439 ], [ 300342.463950067583937, 5926068.375604916363955 ], [ 300343.952262071485166, 5926078.408939878456295 ], [ 300345.440596714848652, 5926088.442274841479957 ], [ 300346.9289235441247, 5926098.47560980450362 ], [ 300348.417243362113368, 5926108.508944767527282 ], [ 300349.90554166311631, 5926118.542279729619622 ], [ 300351.249158892489504, 5926127.599945401772857 ], [ 300351.393890009436291, 5926128.575614692643285 ], [ 300352.882196443737485, 5926138.608949655666947 ], [ 300354.370536656701006, 5926148.642284617759287 ], [ 300355.915708351414651, 5926158.67561958078295 ], [ 300357.879881834262051, 5926168.708954543806612 ], [ 300361.297361907549202, 5926178.109933798201382 ], [ 300361.518072601640597, 5926178.742289506830275 ], [ 300363.647147816605866, 5926188.775624468922615 ], [ 300361.297361907549202, 5926197.910555839538574 ], [ 300361.070501308131497, 5926198.808959431014955 ], [ 300358.352699584444053, 5926208.84229439496994 ], [ 300361.297361907549202, 5926216.830026168376207 ], [ 300371.345564922667108, 5926217.65111717954278 ], [ 300381.393767937668599, 5926217.698402271606028 ], [ 300391.441970952786505, 5926217.745637984015048 ], [ 300401.490173967846204, 5926217.792930645868182 ], [ 300411.53837698296411, 5926217.840216649696231 ], [ 300421.586579998023808, 5926217.880862701684237 ], [ 300431.634783013083506, 5926217.879308055154979 ], [ 300441.682986028143205, 5926217.587080055847764 ], [ 300451.731189043261111, 5926217.294802237302065 ], [ 300461.779392058320809, 5926217.002570333890617 ], [ 300471.827595073380508, 5926216.710296420380473 ], [ 300481.875798088440206, 5926216.41806061193347 ], [ 300491.924001103558112, 5926216.125790604390204 ], [ 300501.97220411861781, 5926215.833550889976323 ], [ 300512.020407133677509, 5926216.299818685278296 ], [ 300522.068610148737207, 5926217.352451726794243 ], [ 300532.116813163855113, 5926216.61633513122797 ], [ 300542.165016178914811, 5926215.39956605900079 ], [ 300552.21321919397451, 5926214.186181224882603 ], [ 300562.261422208976001, 5926213.001757915131748 ], [ 300572.309625224152114, 5926211.834728002548218 ], [ 300582.357828239211813, 5926210.684647135436535 ], [ 300592.406031254271511, 5926209.534566270187497 ], [ 300598.454378411872312, 5926208.84229439496994 ], [ 300602.454234269331209, 5926208.384485404007137 ], [ 300612.502437284449115, 5926207.234354617074132 ], [ 300622.550640299508814, 5926206.084264222532511 ], [ 300632.598843314568512, 5926204.934183357283473 ], [ 300642.647046329686418, 5926203.78410249017179 ], [ 300652.695249344746117, 5926202.634021624922752 ], [ 300662.743452359805815, 5926201.71973467990756 ], [ 300672.791655374865513, 5926200.639983458444476 ], [ 300682.839858389925212, 5926199.310976517386734 ], [ 300692.888061405043118, 5926198.877388724125922 ], [ 300694.677897567104083, 5926198.808959431946278 ], [ 300702.936264420102816, 5926198.526903262361884 ], [ 300712.984467435162514, 5926198.111339267343283 ], [ 300723.032670450222213, 5926197.724806695245206 ], [ 300733.080873465340119, 5926197.340570859611034 ], [ 300743.129076480399817, 5926198.421664530411363 ], [ 300743.835288272472098, 5926198.808959431946278 ], [ 300753.177279495459516, 5926203.967931252904236 ], [ 300762.003894422843587, 5926208.84229439496994 ], [ 300763.225482510519214, 5926209.516897739842534 ], [ 300773.27368552563712, 5926215.065864224918187 ], [ 300780.172500573273282, 5926218.875629357993603 ], [ 300783.321888540696818, 5926220.614814239554107 ], [ 300793.370091555756517, 5926226.163728169165552 ], [ 300798.341278802545276, 5926228.908964320085943 ], [ 300803.418294570874423, 5926231.712668654508889 ], [ 300813.466497585934121, 5926237.261635140515864 ], [ 300815.938813198183198, 5926238.942299283109605 ], [ 300822.518678917898796, 5926248.975634245201945 ], [ 300823.51470060099382, 5926252.213394597172737 ], [ 300825.659979807853233, 5926259.00896920915693 ], [ 300828.827380079776049, 5926269.04230417124927 ], [ 300831.994792415644042, 5926279.075639134272933 ], [ 300833.562903616053518, 5926284.042963951826096 ], [ 300835.162180623447057, 5926289.108974097296596 ], [ 300838.329580895253457, 5926299.142309059388936 ], [ 300841.496981167176273, 5926309.175644022412598 ], [ 300843.611106631113216, 5926315.872533304616809 ], [ 300844.66437333583599, 5926319.208978985436261 ], [ 300847.831781710905489, 5926329.242313948459923 ], [ 300850.999181982770097, 5926339.275648910552263 ], [ 300853.659309646231122, 5926347.702102658338845 ], [ 300854.166578352043871, 5926349.308983873575926 ], [ 300857.708902096492238, 5926359.342318836599588 ], [ 300863.707512661290821, 5926368.227930532768369 ], [ 300864.745745923253708, 5926369.375653799623251 ], [ 300873.755715676350519, 5926379.335796954110265 ], [ 300873.821924412040971, 5926379.408988761715591 ], [ 300882.898000542598311, 5926389.442323724739254 ], [ 300883.803918691410217, 5926390.443789567798376 ], [ 300891.974169491790235, 5926399.475658688694239 ], [ 300893.852121706469916, 5926401.551655989140272 ], [ 300901.050266956910491, 5926409.508993649855256 ], [ 300903.900324721587822, 5926412.659608976915479 ], [ 300910.126457240548916, 5926419.542328612878919 ], [ 300913.94852773664752, 5926423.793984938412905 ], [ 300918.945139157003723, 5926429.575663575902581 ], [ 300923.996730751707219, 5926436.40894228965044 ], [ 300927.257442966045346, 5926439.608998538926244 ], [ 300934.044933766825125, 5926445.070054538547993 ], [ 300944.093136781884823, 5926447.065715806558728 ], [ 300949.41766453825403, 5926449.642333500087261 ], [ 300954.141339796944521, 5926451.421095700003207 ], [ 300964.18954281200422, 5926457.708534766919911 ], [ 300967.193700853036717, 5926459.675668464042246 ], [ 300974.237745827122126, 5926464.264821458607912 ], [ 300982.529965612164233, 5926469.709003427065909 ], [ 300984.285948842181824, 5926470.86187834944576 ], [ 300994.334151857241523, 5926477.570630711503327 ], [ 300996.999868042417802, 5926479.742338390089571 ], [ 301004.382354872301221, 5926485.484572423622012 ], [ 301009.596335227484815, 5926489.775673352181911 ], [ 301014.430557887419127, 5926493.754234055057168 ], [ 301021.787521652993746, 5926499.809008315205574 ], [ 301024.478760902420618, 5926502.023895686492324 ], [ 301033.978708078560885, 5926509.842343278229237 ], [ 301034.526963917596731, 5926510.29355731792748 ], [ 301044.575166932598222, 5926518.563293827697635 ], [ 301047.524127168464474, 5926519.875678241252899 ], [ 301054.623369947716128, 5926522.967130292207003 ], [ 301064.671572962775826, 5926527.857240878045559 ], [ 301065.955691777868196, 5926529.909013203345239 ], [ 301070.408988594834227, 5926539.942348165437579 ], [ 301074.719775977835525, 5926544.942122273147106 ], [ 301084.767978992895223, 5926548.349870268255472 ], [ 301089.586432229552884, 5926549.975683129392564 ], [ 301094.816182008013129, 5926551.740262547507882 ], [ 301104.864385023072828, 5926555.130645064637065 ], [ 301114.912588038132526, 5926558.52102758269757 ], [ 301119.322600958868861, 5926560.009018091484904 ], [ 301124.960791053192224, 5926562.33722947537899 ], [ 301135.00899406831013, 5926567.725590026937425 ], [ 301137.818478276429232, 5926570.042353054508567 ], [ 301135.00899406831013, 5926577.160799819976091 ], [ 301134.059991260466632, 5926580.075688017532229 ], [ 301135.00899406831013, 5926582.498138348571956 ], [ 301136.66418785287533, 5926590.109022980555892 ], [ 301135.00899406831013, 5926591.469637568108737 ], [ 301124.960791053192224, 5926598.318984430283308 ], [ 301124.070411117165349, 5926600.142357942648232 ], [ 301114.912588038132526, 5926607.380348820239305 ], [ 301112.776425803545862, 5926610.175692906603217 ], [ 301114.223644824698567, 5926620.209027868695557 ], [ 301114.912588038132526, 5926623.792409104295075 ], [ 301116.169581723632291, 5926630.24236283171922 ], [ 301121.477758805151097, 5926640.27569779381156 ], [ 301124.960791053192224, 5926641.704641616903245 ] ], [ [ 301413.284782725968398, 5924603.5087003512308 ], [ 301406.310475475387648, 5924598.701727509498596 ], [ 301396.262272460211534, 5924596.872247591614723 ], [ 301387.958901662786957, 5924593.475365387275815 ], [ 301386.214069445151836, 5924591.287466830573976 ], [ 301376.165866430092137, 5924585.772327499464154 ], [ 301366.117663415032439, 5924584.773044456727803 ], [ 301363.995898345368914, 5924583.442030426114798 ], [ 301356.069460399914533, 5924573.429492806084454 ], [ 301355.992765212198719, 5924573.408695463091135 ], [ 301355.751784171094187, 5924563.375360500067472 ], [ 301355.51074064214481, 5924553.34202553704381 ], [ 301355.196958514163271, 5924543.308690574020147 ], [ 301356.069460399914533, 5924538.991954918950796 ], [ 301366.117663415032439, 5924535.074271008372307 ], [ 301376.165866430150345, 5924535.88772944547236 ], [ 301386.214069445151836, 5924536.737244420684874 ], [ 301396.262272460211534, 5924537.625354319810867 ], [ 301406.31047547532944, 5924538.554701765067875 ], [ 301416.358678490389138, 5924539.528227189555764 ], [ 301426.406881505448837, 5924540.54915739223361 ], [ 301436.455084520508535, 5924541.621030146256089 ], [ 301446.503287535626441, 5924542.747787224128842 ], [ 301451.320647877641022, 5924543.308690574020147 ], [ 301456.55149055068614, 5924543.756664758548141 ], [ 301466.599693565745838, 5924544.617202119901776 ], [ 301476.647896580805536, 5924545.47773948032409 ], [ 301486.696099595865235, 5924546.338276840746403 ], [ 301496.744302610983141, 5924547.198814202100039 ], [ 301498.585088784398977, 5924553.34202553704381 ], [ 301496.744302610983141, 5924554.834262060001493 ], [ 301489.975709279009607, 5924563.375360500067472 ], [ 301486.696099595923442, 5924566.314874203875661 ], [ 301480.712667968880851, 5924573.408695463091135 ], [ 301476.647896580805536, 5924577.767410758882761 ], [ 301471.788267743075266, 5924583.442030425183475 ], [ 301466.599693565745838, 5924588.972423651255667 ], [ 301462.69412295636721, 5924593.47536538913846 ], [ 301456.551490550744347, 5924599.989486349746585 ], [ 301453.465994732338004, 5924603.5087003512308 ], [ 301446.503287535626441, 5924610.860455786809325 ], [ 301436.455084520508535, 5924611.715500292368233 ], [ 301426.406881505448837, 5924608.078748770058155 ], [ 301416.358678490389138, 5924605.355095723643899 ], [ 301413.284782725968398, 5924603.5087003512308 ] ] ] } },
{ "type": "Feature", "properties": { "id": 1, "cost_level": 600.0 }, "geometry": { "type": "Polygon", "coordinates": [ [ [ 301155.105400098487735, 5926243.683725421316922 ], [ 301158.798855642147828, 5926238.942299284040928 ], [ 301161.257775502512231, 5926228.908964320085943 ], [ 301161.410571645363234, 5926218.875629357993603 ], [ 301161.563407290843315, 5926208.84229439496994 ], [ 301161.716203433694318, 5926198.808959431946278 ], [ 301162.211481302219909, 5926188.775624468922615 ], [ 301165.153603113547433, 5926186.32632914558053 ], [ 301174.877491921768524, 5926178.742289506830275 ], [ 301175.201806128607132, 5926178.483197828754783 ], [ 301181.867679221963044, 5926168.708954543806612 ], [ 301181.431032151042018, 5926158.67561958078295 ], [ 301183.897110291058198, 5926148.642284617759287 ], [ 301185.25000914366683, 5926146.423270020633936 ], [ 301191.92924384761136, 5926138.608949655666947 ], [ 301195.298212158726528, 5926136.317072783596814 ], [ 301205.346415173844434, 5926129.481399587355554 ], [ 301206.677886492281687, 5926128.575614691711962 ], [ 301215.39461818896234, 5926122.645720600150526 ], [ 301221.426529136893805, 5926118.542279729619622 ], [ 301225.442821203963831, 5926115.810041612014174 ], [ 301235.491024219023529, 5926108.974362624809146 ], [ 301236.752651175600477, 5926108.508944767527282 ], [ 301245.539227234141435, 5926105.428171316161752 ], [ 301255.587430249201134, 5926101.060520187020302 ], [ 301265.635633264260832, 5926102.012102872133255 ], [ 301275.683836279320531, 5926104.487678849138319 ], [ 301285.732039294438437, 5926104.990607440471649 ], [ 301289.586286741890945, 5926098.47560980450362 ], [ 301289.570684585545678, 5926088.44227484241128 ], [ 301289.555096906318795, 5926078.408939878456295 ], [ 301287.892043646774255, 5926068.375604917295277 ], [ 301290.068931727320887, 5926058.342269953340292 ], [ 301292.245819807925727, 5926048.308934990316629 ], [ 301294.42270788847236, 5926038.275600027292967 ], [ 301295.780242309556343, 5926032.018687836825848 ], [ 301296.5995959690772, 5926028.242265065200627 ], [ 301298.776484049623832, 5926018.208930102176964 ], [ 301300.953372130228672, 5926008.175595139153302 ], [ 301303.130260210775305, 5925998.142260176129639 ], [ 301305.828445324557833, 5925995.749222789891064 ], [ 301315.876648339617532, 5925988.931831143796444 ], [ 301317.257897108967882, 5925988.108925214037299 ], [ 301325.924851354735438, 5925982.945417957380414 ], [ 301334.098864061466884, 5925978.075590251013637 ], [ 301335.973054369795136, 5925976.959004771895707 ], [ 301346.021257384854835, 5925970.972591586410999 ], [ 301350.939831013907678, 5925968.042255287989974 ], [ 301356.069460399914533, 5925964.986178400926292 ], [ 301366.117663415032439, 5925958.999765215441585 ], [ 301367.780797966464888, 5925958.008920325897634 ], [ 301376.165866430092137, 5925953.013352029025555 ], [ 301384.621764918905683, 5925947.975585362873971 ], [ 301386.214069445151836, 5925947.02693884447217 ], [ 301396.262272460211534, 5925941.04052565805614 ], [ 301401.853981793741696, 5925937.942250399850309 ], [ 301406.31047547532944, 5925935.594705829396844 ], [ 301416.358678490389138, 5925933.244119223207235 ], [ 301426.406881505448837, 5925932.164988552220166 ], [ 301436.455084520508535, 5925931.154433248564601 ], [ 301446.503287535626441, 5925932.152064621448517 ], [ 301456.55149055068614, 5925934.155019517056644 ], [ 301464.088395676924847, 5925937.942250399850309 ], [ 301466.599693565745838, 5925939.203202116303146 ], [ 301476.647896580805536, 5925942.756193698383868 ], [ 301486.696099595923442, 5925946.680133291520178 ], [ 301489.50720014248509, 5925947.975585361942649 ], [ 301496.744302610983141, 5925951.412622957490385 ], [ 301506.792505626042839, 5925956.18470056168735 ], [ 301510.633634997764602, 5925958.008920325897634 ], [ 301516.840708641102538, 5925960.956760310567915 ], [ 301526.888911656220444, 5925966.893605722114444 ], [ 301528.102140950446483, 5925968.042255287989974 ], [ 301532.497918540728278, 5925978.075590251013637 ], [ 301536.893696131126489, 5925988.108925213105977 ], [ 301536.937114671280142, 5925988.208028530701995 ], [ 301545.46597971720621, 5925998.142260176129639 ], [ 301546.98531768633984, 5925999.09561509359628 ], [ 301557.033520701399539, 5926003.230915768072009 ], [ 301567.081723716517445, 5926007.366254997439682 ], [ 301568.446298861177638, 5926008.175595139153302 ], [ 301577.129926731577143, 5926015.053584789857268 ], [ 301580.702387220051605, 5926018.208930102176964 ], [ 301587.178129746636841, 5926023.928542628884315 ], [ 301592.062124195857905, 5926028.242265065200627 ], [ 301597.22633276169654, 5926032.803482852876186 ], [ 301603.421822073927615, 5926038.275600027292967 ], [ 301607.274535776814446, 5926041.678479082882404 ], [ 301617.322738791874144, 5926047.249596303328872 ], [ 301627.370941806933843, 5926043.198979292064905 ], [ 301637.419144821993541, 5926039.221295048482716 ], [ 301639.712903672712855, 5926038.275600027292967 ], [ 301647.467347837111447, 5926035.078539061360061 ], [ 301657.515550852171145, 5926030.935789824463427 ], [ 301664.048672232253011, 5926028.242265065200627 ], [ 301667.563753867230844, 5926026.793040588498116 ], [ 301677.611956882290542, 5926022.545736933127046 ], [ 301687.006422911479603, 5926018.208930102176964 ], [ 301687.660159897408448, 5926017.888829258270562 ], [ 301697.708362912526354, 5926013.04168048966676 ], [ 301707.756565927527845, 5926008.200228278525174 ], [ 301707.817797506344505, 5926008.175595139153302 ], [ 301717.804768942587543, 5926003.442879439331591 ], [ 301727.852971957705449, 5925998.596485264599323 ], [ 301728.990148887678515, 5925998.142260175198317 ], [ 301737.901174972765148, 5925993.919460264965892 ], [ 301747.949377987824846, 5925988.994655109010637 ], [ 301750.162499243859202, 5925988.108925214037299 ], [ 301757.997581002884544, 5925984.395998976193368 ], [ 301768.04578401800245, 5925979.394592492841184 ], [ 301769.365188447234686, 5925978.075590251013637 ], [ 301778.093987033062149, 5925972.677756605669856 ], [ 301781.537328149948735, 5925968.042255287989974 ], [ 301785.53478553367313, 5925958.008920325897634 ], [ 301787.16331622900907, 5925947.975585362873971 ], [ 301786.069964537397027, 5925937.942250399850309 ], [ 301786.521736060152762, 5925927.908915436826646 ], [ 301785.001523105602246, 5925917.875580474734306 ], [ 301784.131156601768453, 5925907.842245511710644 ], [ 301783.260781024640892, 5925897.808910548686981 ], [ 301782.390412902983371, 5925887.775575585663319 ], [ 301780.099154267052654, 5925877.742240622639656 ], [ 301778.093987033062149, 5925872.682355122640729 ], [ 301776.281898381072097, 5925867.708905660547316 ], [ 301772.626237399643287, 5925857.675570697523654 ], [ 301769.099066456663422, 5925847.642235735431314 ], [ 301768.04578401800245, 5925844.508661460131407 ], [ 301765.455925213987939, 5925837.608900772407651 ], [ 301760.43411994521739, 5925827.575565809383988 ], [ 301757.997581002884544, 5925818.883443858474493 ], [ 301757.603571102430578, 5925817.542230846360326 ], [ 301752.603222254081629, 5925807.508895883336663 ], [ 301754.591885515023023, 5925797.475560921244323 ], [ 301749.116469049127772, 5925787.442225957289338 ], [ 301747.949377987824846, 5925779.066127626225352 ], [ 301747.718465457728598, 5925777.408890995196998 ], [ 301746.320461866271216, 5925767.375556033104658 ], [ 301744.922458274872042, 5925757.342221070080996 ], [ 301743.52445468341466, 5925747.308886107057333 ], [ 301742.126451092015486, 5925737.27555114403367 ], [ 301740.919722989667207, 5925727.24221618194133 ], [ 301747.949377987824846, 5925718.079744876362383 ], [ 301749.470139551092871, 5925717.208881218917668 ], [ 301757.997581002884544, 5925712.32564439997077 ], [ 301766.991033916943707, 5925707.175546255894005 ], [ 301768.04578401800245, 5925705.822879381477833 ], [ 301772.463220897363499, 5925697.142211293801665 ], [ 301773.941045922168996, 5925687.108876330778003 ], [ 301775.418846204760484, 5925677.07554136775434 ], [ 301776.89664648741018, 5925667.042206404730678 ], [ 301778.093987033062149, 5925658.913259629160166 ], [ 301778.374490922957193, 5925657.008871442638338 ], [ 301779.852291205548681, 5925646.975536479614675 ], [ 301781.330105708097108, 5925636.942201517522335 ], [ 301782.80791248427704, 5925626.90886655356735 ], [ 301784.285736206336878, 5925616.87553159147501 ], [ 301785.763536488986574, 5925606.842196628451347 ], [ 301788.142190048121847, 5925603.059835691004992 ], [ 301798.190393063123338, 5925601.179906539618969 ], [ 301808.238596078299452, 5925600.151204207912087 ], [ 301814.24161529133562, 5925596.808861665427685 ], [ 301815.059657975798473, 5925586.775526702404022 ], [ 301814.077654482447542, 5925576.742191740311682 ], [ 301813.095660795457661, 5925566.70885677728802 ], [ 301812.113669118378311, 5925556.675521814264357 ], [ 301811.131646209047176, 5925546.642186852172017 ], [ 301810.149634797417093, 5925536.608851889148355 ], [ 301809.167660844977945, 5925526.575516925193369 ], [ 301808.238596078299452, 5925517.083255678415298 ], [ 301808.185645262943581, 5925516.542181963101029 ], [ 301807.206672055413947, 5925506.508847001008689 ], [ 301806.227758656197693, 5925496.475512037985027 ], [ 301805.118439319427125, 5925486.442177074961364 ], [ 301802.524417122534942, 5925476.408842112869024 ], [ 301798.190393063181546, 5925468.085115486755967 ], [ 301797.280349670327269, 5925466.375507149845362 ], [ 301791.93946106970543, 5925456.342172186821699 ], [ 301788.142190048121847, 5925449.208671103231609 ], [ 301786.598564410756808, 5925446.308837223798037 ], [ 301781.257695765816607, 5925436.275502261705697 ], [ 301778.093987033062149, 5925430.332156190648675 ], [ 301775.916840789490379, 5925426.242167298682034 ], [ 301770.575963408802636, 5925416.208832336589694 ], [ 301768.04578401800245, 5925411.455672152340412 ], [ 301765.235066749795806, 5925406.175497372634709 ], [ 301761.06772558420198, 5925396.142162410542369 ], [ 301759.617971132218372, 5925386.108827447518706 ], [ 301758.168216680176556, 5925376.075492484495044 ], [ 301757.997581002884544, 5925374.894571878015995 ], [ 301756.71846222813474, 5925366.042157521471381 ], [ 301755.268707776092924, 5925356.008822558447719 ], [ 301753.818953324109316, 5925345.975487596355379 ], [ 301751.609457423095591, 5925335.942152633331716 ], [ 301747.949377987824846, 5925327.15392096247524 ], [ 301747.430823502247222, 5925325.908817670308053 ], [ 301743.252189581398852, 5925315.875482708215714 ], [ 301739.073555660550483, 5925305.842147745192051 ], [ 301737.901174972765148, 5925303.027139690704644 ], [ 301734.894921739643905, 5925295.808812782168388 ], [ 301730.716287818795536, 5925285.775477820076048 ], [ 301727.852971957705449, 5925278.900358418934047 ], [ 301726.537643762072548, 5925275.742142857052386 ], [ 301722.359019977040589, 5925265.708807894028723 ], [ 301718.180386056134012, 5925255.675472931005061 ], [ 301717.804768942587543, 5925254.773577146232128 ], [ 301714.001722829183564, 5925245.642137968912721 ], [ 301709.823118214437272, 5925235.608803005889058 ], [ 301707.756565927527845, 5925230.646795874461532 ], [ 301705.768326036923099, 5925225.575468042865396 ], [ 301702.720438661635853, 5925215.542133079841733 ], [ 301700.696533128095325, 5925205.508798117749393 ], [ 301699.82847073324956, 5925195.475463153794408 ], [ 301701.155184446834028, 5925185.442128191702068 ], [ 301699.772465345624369, 5925175.408793229609728 ], [ 301698.38971576228505, 5925165.375458266586065 ], [ 301697.708362912409939, 5925160.43151074834168 ], [ 301697.006966179003939, 5925155.342123303562403 ], [ 301696.225046060688328, 5925145.30878834053874 ], [ 301696.978812853223644, 5925135.2754533784464 ], [ 301697.708362912468147, 5925126.656987425871193 ], [ 301697.828131701040547, 5925125.242118415422738 ], [ 301698.677454405114986, 5925115.208783452399075 ], [ 301699.523874534585048, 5925105.175448489375412 ], [ 301700.367326583596878, 5925095.142113527283072 ], [ 301701.200786158500705, 5925085.10877856425941 ], [ 301702.034893238451332, 5925075.075443601235747 ], [ 301703.255471325828694, 5925065.042108638212085 ], [ 301706.759988059231546, 5925055.008773676119745 ], [ 301707.756565927527845, 5925053.12491714861244 ], [ 301712.087936225347221, 5925044.975438713096082 ], [ 301707.756565927527845, 5925035.246193218976259 ], [ 301707.598068351333495, 5925034.94210375007242 ], [ 301697.95170151948696, 5925024.90876878798008 ], [ 301697.708362912468147, 5925024.626639425754547 ], [ 301692.401243656349834, 5925014.875433824956417 ], [ 301688.674401849857531, 5925004.842098861932755 ], [ 301687.660159897408448, 5925001.945219306275249 ], [ 301685.346900922362693, 5924994.808763898909092 ], [ 301681.99975271220319, 5924984.775428935885429 ], [ 301678.649441951827612, 5924974.742093973793089 ], [ 301677.611956882290542, 5924971.635088097304106 ], [ 301675.299141661380418, 5924964.708759010769427 ], [ 301671.761844895081595, 5924954.675424046814442 ], [ 301669.257046357553918, 5924944.642089085653424 ], [ 301667.563753867230844, 5924937.617746474221349 ], [ 301666.843910556810442, 5924934.608754122629762 ], [ 301665.106449203100055, 5924924.575419159606099 ], [ 301664.021709560474847, 5924914.542084196582437 ], [ 301662.936958191858139, 5924904.508749234490097 ], [ 301662.676947035710327, 5924894.475414271466434 ], [ 301663.794214217283297, 5924884.442079308442771 ], [ 301664.911448879342061, 5924874.408744346350431 ], [ 301666.028711148363072, 5924864.375409383326769 ], [ 301667.145973417384084, 5924854.342074420303106 ], [ 301667.563753867230844, 5924850.590286402031779 ], [ 301668.263238762039691, 5924844.308739457279444 ], [ 301669.380497955426108, 5924834.275404495187104 ], [ 301667.563753867230844, 5924827.14983051083982 ], [ 301657.515550852171145, 5924824.978093304671347 ], [ 301647.467347837111447, 5924824.54429941624403 ], [ 301640.467675641935784, 5924824.242069531232119 ], [ 301637.419144821993541, 5924824.110440008342266 ], [ 301627.370941806933843, 5924823.676578500308096 ], [ 301617.322738791874144, 5924823.242723937146366 ], [ 301607.274535776814446, 5924822.808925203047693 ], [ 301597.22633276169654, 5924822.375063695013523 ], [ 301587.178129746636841, 5924822.0740164257586 ], [ 301577.129926731577143, 5924822.368856664747 ], [ 301567.081723716517445, 5924821.658261246047914 ], [ 301557.033520701399539, 5924820.947734599933028 ], [ 301546.98531768633984, 5924820.237207951024175 ], [ 301536.937114671221934, 5924819.526644853875041 ], [ 301526.888911656220444, 5924818.816085886210203 ], [ 301516.840708641102538, 5924818.105559239163995 ], [ 301506.792505626042839, 5924817.395032591186464 ], [ 301496.744302610983141, 5924817.514695912599564 ], [ 301486.696099595923442, 5924818.595692715607584 ], [ 301476.647896580805536, 5924819.764109998941422 ], [ 301466.599693565745838, 5924820.887021694332361 ], [ 301456.55149055068614, 5924821.808452114462852 ], [ 301446.503287535626441, 5924822.712658582255244 ], [ 301436.455084520508535, 5924823.616823012009263 ], [ 301429.506959121034015, 5924824.242069532163441 ], [ 301426.406881505448837, 5924824.521038697101176 ], [ 301416.358678490389138, 5924825.425254382193089 ], [ 301406.31047547532944, 5924826.329470068216324 ], [ 301396.262272460211534, 5924827.233685754239559 ], [ 301386.214069445151836, 5924828.137864446267486 ], [ 301376.165866430092137, 5924829.042056649923325 ], [ 301366.117663415032439, 5924829.94627233594656 ], [ 301356.069460399914533, 5924830.85048802010715 ], [ 301346.021257384854835, 5924831.754703706130385 ], [ 301335.973054369795136, 5924832.658919391222298 ], [ 301325.924851354735438, 5924833.563130783848464 ], [ 301318.009144371142611, 5924834.275404495187104 ], [ 301315.876648339617532, 5924834.467291444540024 ], [ 301305.828445324557833, 5924835.371505972929299 ], [ 301295.780242309498135, 5924836.275721658021212 ], [ 301285.732039294438437, 5924837.179937343113124 ], [ 301275.683836279320531, 5924838.084153028205037 ], [ 301265.635633264260832, 5924838.993948852643371 ], [ 301255.587430249201134, 5924839.919166695326567 ], [ 301245.539227234199643, 5924840.815035745501518 ], [ 301235.491024219023529, 5924841.573396049439907 ], [ 301225.442821203963831, 5924842.35912857670337 ], [ 301215.394618188904133, 5924843.196799904108047 ], [ 301205.346415173902642, 5924844.034469558857381 ], [ 301202.056457964004949, 5924844.308739457279444 ], [ 301195.298212158726528, 5924844.872145992703736 ], [ 301185.25000914366683, 5924845.709822428412735 ], [ 301175.201806128607132, 5924846.547498863190413 ], [ 301165.153603113547433, 5924847.385175298899412 ], [ 301155.105400098429527, 5924848.222851732745767 ], [ 301145.057197083369829, 5924849.060528168454766 ], [ 301135.00899406831013, 5924849.898204603232443 ], [ 301124.960791053192224, 5924850.73588103801012 ], [ 301114.912588038132526, 5924851.57355747371912 ], [ 301104.864385023072828, 5924852.475850474089384 ], [ 301094.816182008013129, 5924853.464366639964283 ], [ 301086.354195466497913, 5924854.342074420303106 ], [ 301084.767978992895223, 5924854.50714570377022 ], [ 301074.719775977835525, 5924855.236593489535153 ], [ 301064.671572962775826, 5924859.542226649820805 ], [ 301054.671059602755122, 5924864.375409383326769 ], [ 301054.623369947716128, 5924864.398116474039853 ], [ 301044.57516693265643, 5924869.55495136231184 ], [ 301035.11922314792173, 5924874.408744346350431 ], [ 301034.526963917538524, 5924874.71275458112359 ], [ 301024.478760902537033, 5924879.870591040700674 ], [ 301015.572790619160514, 5924884.442079308442771 ], [ 301014.430557887419127, 5924885.028394259512424 ], [ 301004.382354872301221, 5924890.186230719089508 ], [ 300995.64692389027914, 5924894.475414271466434 ], [ 300994.334151857241523, 5924895.110604638233781 ], [ 300984.285948842181824, 5924899.865066112950444 ], [ 300974.471935303008649, 5924904.508749234490097 ], [ 300974.237745827122126, 5924904.619560343213379 ], [ 300964.18954281200422, 5924909.37402181699872 ], [ 300954.141339796886314, 5924914.1285146959126 ], [ 300953.267294070275966, 5924914.542084195651114 ], [ 300944.093136781884823, 5924918.882977521046996 ], [ 300934.044933766825125, 5924923.637468688189983 ], [ 300932.062651224259753, 5924924.575419159606099 ], [ 300923.996730751707219, 5924928.391933225095272 ], [ 300913.94852773664752, 5924933.14642268139869 ], [ 300910.858008378127124, 5924934.608754122629762 ], [ 300903.900324721587822, 5924937.900899677537382 ], [ 300893.852121706528123, 5924942.655376674607396 ], [ 300889.653365532110911, 5924944.642089085653424 ], [ 300883.803918691410217, 5924947.409853669814765 ], [ 300873.755715676350519, 5924952.16433066688478 ], [ 300868.44872268603649, 5924954.675424047745764 ], [ 300863.707512661290821, 5924956.918807662092149 ], [ 300853.659309646231122, 5924961.673284658230841 ], [ 300847.244079839962069, 5924964.708759010769427 ], [ 300843.611106631113216, 5924966.427761655300856 ], [ 300833.562903616053518, 5924971.182238651439548 ], [ 300826.039436993887648, 5924974.742093973793089 ], [ 300823.51470060099382, 5924976.070964492857456 ], [ 300813.466497585934121, 5924980.691192643716931 ], [ 300804.834794147755019, 5924984.775428936816752 ], [ 300803.418294570816215, 5924985.901068922132254 ], [ 300793.370091555756517, 5924990.460343513637781 ], [ 300783.663106916239485, 5924994.808763898909092 ], [ 300783.321888540696818, 5924995.308472435921431 ], [ 300773.27368552563712, 5925002.339780671522021 ], [ 300763.225482510519214, 5925004.463578860275447 ], [ 300762.425513966940343, 5925004.842098861932755 ], [ 300759.946494140138384, 5925014.875433824956417 ], [ 300753.177279495459516, 5925016.208332179114223 ], [ 300743.129076480399817, 5925019.294079909101129 ], [ 300737.893030996259768, 5925024.90876878798008 ], [ 300733.080873465340119, 5925032.798262901604176 ], [ 300731.563723976840265, 5925034.94210375007242 ], [ 300725.574378140037879, 5925044.975438713096082 ], [ 300723.032670450222213, 5925049.171227554790676 ], [ 300718.881365711509716, 5925055.008773676119745 ], [ 300713.120747714536265, 5925065.042108638212085 ], [ 300712.984467435162514, 5925065.269997484982014 ], [ 300706.077233018528204, 5925075.075443601235747 ], [ 300702.936264420102816, 5925080.441738331690431 ], [ 300699.835783220652957, 5925085.10877856425941 ], [ 300693.142701353004668, 5925095.142113527283072 ], [ 300692.888061405043118, 5925095.567102742381394 ], [ 300686.466499925940298, 5925105.175448489375412 ], [ 300682.839858389925212, 5925110.65130971558392 ], [ 300679.341633108910173, 5925115.208783452399075 ], [ 300672.791655374865513, 5925123.822680275887251 ], [ 300671.704521782055963, 5925125.242118415422738 ], [ 300662.743452359805815, 5925131.292039509862661 ], [ 300652.695249344746117, 5925134.953489566221833 ], [ 300651.795741576410364, 5925135.275453379377723 ], [ 300642.647046329628211, 5925138.256937042810023 ], [ 300632.598843314568512, 5925141.648791752755642 ], [ 300622.550640299508814, 5925145.170273321680725 ], [ 300622.163096431875601, 5925145.30878834053874 ], [ 300612.502437284449115, 5925148.24044325388968 ], [ 300602.454234269331209, 5925151.587505511008203 ], [ 300592.722298942040652, 5925155.342123303562403 ], [ 300592.406031254271511, 5925155.492408769205213 ], [ 300582.357828239211813, 5925161.964036196470261 ], [ 300580.360358335427009, 5925165.375458266586065 ], [ 300574.538063149899244, 5925175.408793229609728 ], [ 300572.309625224152114, 5925178.723556239157915 ], [ 300567.451506321434863, 5925185.442128191702068 ], [ 300562.261422209034208, 5925192.619874555617571 ], [ 300560.368281427538022, 5925195.47546315472573 ], [ 300553.887089694209863, 5925205.508798117749393 ], [ 300552.21321919397451, 5925208.16686316486448 ], [ 300548.079692090803292, 5925215.542133079841733 ], [ 300542.418673053383827, 5925225.575468042865396 ], [ 300542.165016178914811, 5925226.759369308128953 ], [ 300540.292109307250939, 5925235.608803005889058 ], [ 300542.165016178914811, 5925240.77928508259356 ], [ 300544.409119502350222, 5925245.642137968912721 ], [ 300545.886981118354015, 5925255.675472931005061 ], [ 300548.281455421238206, 5925265.708807894028723 ], [ 300550.675880850525573, 5925275.742142857052386 ], [ 300552.21321919397451, 5925282.183826239779592 ], [ 300553.070383907586802, 5925285.775477820076048 ], [ 300555.464809336932376, 5925295.808812782168388 ], [ 300557.859312393935397, 5925305.842147745192051 ], [ 300560.253737823222764, 5925315.875482708215714 ], [ 300562.261422209034208, 5925324.287988126277924 ], [ 300562.648240880225785, 5925325.908817670308053 ], [ 300565.042666309629567, 5925335.942152633331716 ], [ 300567.437131724087521, 5925345.975487596355379 ], [ 300569.83159479603637, 5925356.008822559379041 ], [ 300572.226020225381944, 5925366.042157521471381 ], [ 300572.309625224152114, 5925366.392475284636021 ], [ 300574.620523282384966, 5925376.075492484495044 ], [ 300577.01494871173054, 5925386.108827447518706 ], [ 300579.409451768733561, 5925396.142162410542369 ], [ 300581.803877198079135, 5925406.175497372634709 ], [ 300582.357828239211813, 5925408.49663717392832 ], [ 300584.198380255082157, 5925416.208832335658371 ], [ 300586.592805684427731, 5925426.242167298682034 ], [ 300588.58698761643609, 5925436.275502261705697 ], [ 300589.731407309533097, 5925446.308837223798037 ], [ 300590.611769410024863, 5925456.342172186821699 ], [ 300591.170506023685448, 5925466.375507149845362 ], [ 300591.634041850513313, 5925476.408842111937702 ], [ 300591.937929852923844, 5925486.442177075892687 ], [ 300585.387853206368163, 5925496.475512037985027 ], [ 300584.5659871265525, 5925506.508847001008689 ], [ 300585.456451199599542, 5925516.542181963101029 ], [ 300586.346915272646584, 5925526.575516926124692 ], [ 300587.237379345693626, 5925536.608851889148355 ], [ 300588.127843418740667, 5925546.642186852172017 ], [ 300589.018307491787709, 5925556.675521814264357 ], [ 300589.908786477462854, 5925566.708856778219342 ], [ 300590.799245233007241, 5925576.742191740311682 ], [ 300591.68970398849342, 5925586.7755267014727 ], [ 300592.406031254271511, 5925594.846817321144044 ], [ 300592.580163783917669, 5925596.808861665427685 ], [ 300593.470681503589731, 5925606.842196628451347 ], [ 300594.361537294811569, 5925616.87553159147501 ], [ 300595.330554272746667, 5925626.90886655356735 ], [ 300596.438171678397339, 5925636.942201516591012 ], [ 300597.652690806775354, 5925646.975536478683352 ], [ 300598.88899624242913, 5925657.00887144356966 ], [ 300600.142359000979923, 5925667.042206404730678 ], [ 300601.395721759647131, 5925677.075541368685663 ], [ 300602.454234269331209, 5925685.549499093554914 ], [ 300602.649021683551837, 5925687.108876330778003 ], [ 300603.902384442160837, 5925697.142211293801665 ], [ 300605.155747200769838, 5925707.175546254962683 ], [ 300606.409047124732751, 5925717.208881218917668 ], [ 300607.662409883341752, 5925727.24221618194133 ], [ 300608.915772641950753, 5925737.27555114403367 ], [ 300610.169072565913666, 5925747.308886107057333 ], [ 300611.282597017649096, 5925757.342221070080996 ], [ 300612.331276665616315, 5925767.375556034035981 ], [ 300612.502437284449115, 5925769.048965763300657 ], [ 300613.335307671222836, 5925777.408890995196998 ], [ 300614.334942426299676, 5925787.442225959151983 ], [ 300615.334539612173103, 5925797.475560921244323 ], [ 300616.398605372465681, 5925807.508895884267986 ], [ 300617.524223729269579, 5925817.542230846360326 ], [ 300618.623884115193505, 5925827.575565809383988 ], [ 300619.62862042512279, 5925837.608900772407651 ], [ 300620.573786365624983, 5925847.642235735431314 ], [ 300621.519012642267626, 5925857.675570697523654 ], [ 300622.464238918910269, 5925867.708905660547316 ], [ 300622.550640299508814, 5925868.626034198328853 ], [ 300623.409460038645193, 5925877.742240623570979 ], [ 300624.354631136055104, 5925887.775575585663319 ], [ 300632.598843314568512, 5925897.197225261479616 ], [ 300642.647046329628211, 5925896.303692261688411 ], [ 300652.695249344746117, 5925896.696396273560822 ], [ 300662.743452359805815, 5925897.157574567943811 ], [ 300672.791655374865513, 5925897.618752864189446 ], [ 300676.935400726972148, 5925897.808910548686981 ], [ 300682.839858389925212, 5925898.079867836087942 ], [ 300692.888061405043118, 5925898.541046131402254 ], [ 300702.936264420102816, 5925898.949749902822077 ], [ 300712.984467435162514, 5925898.982410199008882 ], [ 300723.032670450222213, 5925898.962237810716033 ], [ 300733.080873465340119, 5925898.936470772139728 ], [ 300743.12907648034161, 5925898.910703733563423 ], [ 300753.177279495517723, 5925899.119206726551056 ], [ 300763.225482510519214, 5925899.542935255914927 ], [ 300773.27368552563712, 5925899.966655062511563 ], [ 300783.321888540696818, 5925900.390424481593072 ], [ 300793.370091555756517, 5925900.879534722305834 ], [ 300803.418294570816215, 5925901.478249511681497 ], [ 300813.466497585934121, 5925902.076964301988482 ], [ 300823.51470060099382, 5925902.67567909322679 ], [ 300833.562903616053518, 5925903.274393882602453 ], [ 300843.611106631113216, 5925903.873108671978116 ], [ 300853.659309646231122, 5925904.471823463216424 ], [ 300863.707512661290821, 5925905.070489207282662 ], [ 300873.755715676350519, 5925905.669199954718351 ], [ 300883.803918691410217, 5925906.267910700291395 ], [ 300893.852121706528123, 5925906.866621446795762 ], [ 300903.900324721587822, 5925907.465332193300128 ], [ 300910.226086483860854, 5925907.842245511710644 ], [ 300913.94852773664752, 5925908.064044437371194 ], [ 300923.996730751649011, 5925908.66275922767818 ], [ 300934.044933766825125, 5925909.261464431881905 ], [ 300944.093136781884823, 5925909.860175178386271 ], [ 300954.141339796944521, 5925909.481347475200891 ], [ 300964.18954281200422, 5925908.688818261958659 ], [ 300974.237745827122126, 5925910.678238491527736 ], [ 300978.181073913816363, 5925917.875580474734306 ], [ 300983.4422341430909, 5925927.908915435895324 ], [ 300984.285948842181824, 5925928.85835493914783 ], [ 300990.602261605672538, 5925937.942250398918986 ], [ 300994.334151857241523, 5925943.058443907648325 ], [ 300997.920848145789932, 5925947.975585362873971 ], [ 301004.382354872301221, 5925956.194633373990655 ], [ 301005.846130029298365, 5925958.008920325897634 ], [ 301014.430557887419127, 5925967.575811390765011 ], [ 301014.849100751336664, 5925968.042255287989974 ], [ 301023.852071473316755, 5925978.075590251944959 ], [ 301024.478760902420618, 5925978.787125898525119 ], [ 301032.210433871834539, 5925988.108925213105977 ], [ 301034.526963917538524, 5925991.080821979790926 ], [ 301040.120676933554932, 5925998.142260176129639 ], [ 301044.575166932598222, 5926006.096961255185306 ], [ 301045.754790702834725, 5926008.175595139153302 ], [ 301048.239732299931347, 5926018.208930102176964 ], [ 301045.5908073905739, 5926028.242265065200627 ], [ 301048.221566814463586, 5926038.275600027292967 ], [ 301053.187635297246743, 5926048.308934990316629 ], [ 301054.623369947716128, 5926051.209641658701003 ], [ 301058.15373780700611, 5926058.342269953340292 ], [ 301063.146359276608564, 5926068.375604916363955 ], [ 301064.671572962775826, 5926071.215671005658805 ], [ 301068.465569508320186, 5926078.408939878456295 ], [ 301073.937064028694294, 5926088.442274841479957 ], [ 301074.719775977835525, 5926089.877570286393166 ], [ 301079.408573876484297, 5926098.47560980450362 ], [ 301084.767978992895223, 5926108.30336906760931 ], [ 301084.880085916491225, 5926108.508944767527282 ], [ 301091.483791994629428, 5926118.542279729619622 ], [ 301094.816182008013129, 5926125.690747924149036 ], [ 301096.07190431811614, 5926128.575614692643285 ], [ 301100.439191987621598, 5926138.608949655666947 ], [ 301104.806475772638805, 5926148.642284617759287 ], [ 301104.864385023072828, 5926148.778494653292 ], [ 301109.09976058639586, 5926158.67561958078295 ], [ 301113.057488358172122, 5926168.708954543806612 ], [ 301114.912588038132526, 5926172.901647886261344 ], [ 301117.496830989839509, 5926178.742289505898952 ], [ 301120.373291574418545, 5926188.775624468922615 ], [ 301121.136749216646422, 5926198.808959431946278 ], [ 301121.900206858816091, 5926208.84229439496994 ], [ 301124.496981862408575, 5926218.875629358924925 ], [ 301124.960791053192224, 5926219.762745197862387 ], [ 301134.902018619934097, 5926228.908964320085943 ], [ 301135.00899406831013, 5926229.010310322977602 ], [ 301145.057197083369829, 5926237.497713036835194 ], [ 301147.349502393160947, 5926238.942299284040928 ], [ 301155.105400098487735, 5926243.683725421316922 ] ] ] } },
{ "type": "Feature", "properties": { "id": 0, "cost_level": 300.0 }, "geometry": { "type": "Polygon", "coordinates": [ [ [ 301124.960791053192224, 5925828.251894094981253 ], [ 301135.00899406831013, 5925827.6128163151443 ], [ 301135.048005214135628, 5925827.575565809383988 ], [ 301145.057197083369829, 5925818.969055250287056 ], [ 301146.769134092435706, 5925817.542230846360326 ], [ 301155.105400098429527, 5925810.8363436460495 ], [ 301159.241838549729437, 5925807.508895883336663 ], [ 301165.153603113547433, 5925802.753334306180477 ], [ 301171.714543007139582, 5925797.475560921244323 ], [ 301175.201806128607132, 5925794.670324966311455 ], [ 301183.660336257424206, 5925787.442225958220661 ], [ 301185.25000914366683, 5925786.021920184604824 ], [ 301194.81114801770309, 5925777.408890995196998 ], [ 301192.170349270047154, 5925767.375556033104658 ], [ 301187.724632322671823, 5925757.342221070080996 ], [ 301189.694669226068072, 5925747.308886107057333 ], [ 301192.26585320191225, 5925737.27555114403367 ], [ 301194.837037177698221, 5925727.24221618194133 ], [ 301195.298212158726528, 5925726.752296647056937 ], [ 301204.785164020257071, 5925717.208881218917668 ], [ 301205.346415173844434, 5925716.894848762080073 ], [ 301215.394618188904133, 5925710.159984128549695 ], [ 301218.89929735683836, 5925707.175546255894005 ], [ 301225.442821203963831, 5925700.574890985153615 ], [ 301235.491024219023529, 5925697.254158003255725 ], [ 301245.539227234141435, 5925703.085675580427051 ], [ 301251.238750900083687, 5925707.175546256825328 ], [ 301255.587430249201134, 5925710.296081172302365 ], [ 301263.203034503851086, 5925717.208881218917668 ], [ 301260.735655528842472, 5925727.24221618194133 ], [ 301257.942222917336039, 5925737.27555114403367 ], [ 301255.587430249201134, 5925745.733440522104502 ], [ 301255.02906385139795, 5925747.30888610612601 ], [ 301251.27740375592839, 5925757.342221070080996 ], [ 301255.587430249201134, 5925763.242420013993979 ], [ 301265.635633264260832, 5925764.069032045081258 ], [ 301275.683836279320531, 5925764.881167760118842 ], [ 301285.732039294438437, 5925765.677859324030578 ], [ 301295.780242309498135, 5925766.503415741957724 ], [ 301305.828445324557833, 5925767.375432602129877 ], [ 301305.830174593080301, 5925767.375556033104658 ], [ 301315.876648339617532, 5925768.047777403146029 ], [ 301325.924851354735438, 5925768.742994551546872 ], [ 301335.973054369795136, 5925769.462355619296432 ], [ 301346.021257384854835, 5925770.109931300394237 ], [ 301356.069460399914533, 5925770.748826797120273 ], [ 301366.117663415032439, 5925771.400914158672094 ], [ 301372.214041656814516, 5925767.375556033104658 ], [ 301376.165866430092137, 5925764.69172675255686 ], [ 301385.960934399277903, 5925757.342221070080996 ], [ 301386.214069445151836, 5925757.173591687344015 ], [ 301396.262272460269742, 5925750.439579517580569 ], [ 301400.348314326023683, 5925747.308886107057333 ], [ 301406.31047547532944, 5925741.59256611391902 ], [ 301411.747428689734079, 5925737.27555114403367 ], [ 301416.358678490389138, 5925733.95368598587811 ], [ 301425.675210716726724, 5925727.24221618194133 ], [ 301426.406881505448837, 5925726.715135376900434 ], [ 301436.455084520508535, 5925720.504631823860109 ], [ 301442.451198575960007, 5925717.208881218917668 ], [ 301446.503287535626441, 5925715.047330332919955 ], [ 301456.55149055068614, 5925709.208110004663467 ], [ 301460.139419385232031, 5925707.175546256825328 ], [ 301466.599693565745838, 5925703.486895176582038 ], [ 301476.647896580805536, 5925697.828864632174373 ], [ 301477.867337178031448, 5925697.142211293801665 ], [ 301486.696099595923442, 5925692.170834087766707 ], [ 301495.685725719609763, 5925687.108876330778003 ], [ 301496.744302610983141, 5925686.512803542427719 ], [ 301506.792505626042839, 5925680.854772998020053 ], [ 301513.504114261188079, 5925677.07554136775434 ], [ 301516.840708641102538, 5925673.165539486333728 ], [ 301517.806257655203808, 5925667.042206404730678 ], [ 301516.840708641102538, 5925665.890438286587596 ], [ 301509.395133736834396, 5925657.008871441707015 ], [ 301506.792505626042839, 5925653.904292389750481 ], [ 301500.983996775583364, 5925646.975536479614675 ], [ 301496.744302610983141, 5925642.925815624184906 ], [ 301490.834659133688547, 5925636.94220151565969 ], [ 301486.696099595923442, 5925631.894394719973207 ], [ 301483.491083954053465, 5925626.90886655356735 ], [ 301476.647896580805536, 5925617.911188310943544 ], [ 301475.777439446188509, 5925616.87553159147501 ], [ 301467.138482472219039, 5925606.842196628451347 ], [ 301466.599693565745838, 5925606.248795928433537 ], [ 301458.916600236552767, 5925596.808861665427685 ], [ 301456.55149055068614, 5925593.88871356099844 ], [ 301451.317691512638703, 5925586.775526702404022 ], [ 301447.225552122050431, 5925576.742191740311682 ], [ 301446.503287535626441, 5925574.401828527450562 ], [ 301444.129142775200307, 5925566.70885677728802 ], [ 301441.032725492608733, 5925556.675521814264357 ], [ 301437.894231256796047, 5925546.64218685310334 ], [ 301436.455084520508535, 5925538.41400617081672 ], [ 301436.14594627142651, 5925536.608851889148355 ], [ 301434.427712805452757, 5925526.575516926124692 ], [ 301432.508983869105577, 5925516.542181963101029 ], [ 301431.099483377183788, 5925506.508847001008689 ], [ 301430.184669838112313, 5925496.475512037053704 ], [ 301429.269863757886924, 5925486.442177074961364 ], [ 301428.565965828893241, 5925476.408842111937702 ], [ 301429.827527480199933, 5925466.375507149845362 ], [ 301430.853356645209715, 5925456.342172186821699 ], [ 301431.675140920677222, 5925446.308837223798037 ], [ 301431.662024780292995, 5925436.275502261705697 ], [ 301431.638047479384113, 5925426.242167298682034 ], [ 301431.580271464772522, 5925416.208832335658371 ], [ 301427.865188779775053, 5925406.175497373566031 ], [ 301426.406881505448837, 5925401.321742674335837 ], [ 301425.002579114341643, 5925396.142162410542369 ], [ 301420.647530813002959, 5925386.108827447518706 ], [ 301416.358678490389138, 5925376.089192059822381 ], [ 301416.352814458834473, 5925376.075492484495044 ], [ 301412.058098104549572, 5925366.042157521471381 ], [ 301406.388736310997047, 5925356.008822559379041 ], [ 301406.31047547532944, 5925355.338275594636798 ], [ 301405.17086720908992, 5925345.975487596355379 ], [ 301405.351357756881043, 5925335.942152633331716 ], [ 301405.531848304730374, 5925325.908817670308053 ], [ 301405.712338852579705, 5925315.875482708215714 ], [ 301405.892857690516394, 5925305.842147745192051 ], [ 301406.077493354619946, 5925295.808812782168388 ], [ 301406.299221728928387, 5925285.775477820076048 ], [ 301406.31047547532944, 5925285.26836861204356 ], [ 301406.850679580471478, 5925275.742142857052386 ], [ 301415.135620120505337, 5925265.708807894028723 ], [ 301414.695784119307064, 5925255.675472931005061 ], [ 301414.067729283182416, 5925245.642137968912721 ], [ 301413.618791009183042, 5925235.608803005889058 ], [ 301413.193303390988149, 5925225.575468042865396 ], [ 301412.705792320077308, 5925215.542133079841733 ], [ 301412.01560446008807, 5925205.508798117749393 ], [ 301411.25992105260957, 5925195.475463155657053 ], [ 301410.50423764513107, 5925185.442128191702068 ], [ 301409.726241175609175, 5925175.408793229609728 ], [ 301408.634074635279831, 5925165.375458266586065 ], [ 301407.159953809750732, 5925155.342123303562403 ], [ 301406.31047547532944, 5925153.428941216319799 ], [ 301396.262272460211534, 5925149.368891064077616 ], [ 301386.214069445151836, 5925148.570050735957921 ], [ 301376.165866430092137, 5925147.7643136754632 ], [ 301366.117663415032439, 5925146.959195054136217 ], [ 301356.069460399914533, 5925146.162313766777515 ], [ 301346.021257384854835, 5925145.373535523191094 ], [ 301345.191880498139653, 5925145.30878834053874 ], [ 301335.973054369795136, 5925144.575884151272476 ], [ 301325.924851354735438, 5925143.744177644141018 ], [ 301315.876648339617532, 5925142.9090307764709 ], [ 301305.828445324557833, 5925142.082416472025216 ], [ 301295.780242309498135, 5925141.264225155115128 ], [ 301285.732039294438437, 5925140.495042628608644 ], [ 301275.683836279320531, 5925139.776978208683431 ], [ 301265.635633264260832, 5925139.182963943108916 ], [ 301255.587430249201134, 5925139.252929203212261 ], [ 301245.539227234083228, 5925140.299792069941759 ], [ 301235.491024219023529, 5925141.236998504027724 ], [ 301225.442821203963831, 5925142.190006578341126 ], [ 301215.394618188904133, 5925143.061891578137875 ], [ 301205.346415173844434, 5925143.93478256650269 ], [ 301195.298212158726528, 5925144.807644662447274 ], [ 301189.529326067189686, 5925145.30878834053874 ], [ 301185.25000914366683, 5925145.68053413182497 ], [ 301175.201806128607132, 5925146.553425120189786 ], [ 301165.153603113547433, 5925147.426309688948095 ], [ 301155.105400098429527, 5925148.299198031425476 ], [ 301145.057197083369829, 5925149.172086373902857 ], [ 301135.008994068368338, 5925150.479954278096557 ], [ 301129.319455985911191, 5925155.342123303562403 ], [ 301124.960791053192224, 5925159.187308419495821 ], [ 301117.94631278392626, 5925165.375458266586065 ], [ 301114.912588038132526, 5925168.051791197620332 ], [ 301106.573147581948433, 5925175.408793229609728 ], [ 301104.864385023072828, 5925176.916257984936237 ], [ 301095.199983863974921, 5925185.442128191702068 ], [ 301094.816182008013129, 5925185.780715627595782 ], [ 301084.767978992895223, 5925194.645207548514009 ], [ 301083.826856031897478, 5925195.47546315472573 ], [ 301074.719775977835525, 5925203.509672022424638 ], [ 301072.453690829919651, 5925205.508798117749393 ], [ 301064.671572962775826, 5925212.374133659526706 ], [ 301061.080525627883617, 5925215.542133079841733 ], [ 301058.949376758071594, 5925225.575468042865396 ], [ 301059.956055487273261, 5925235.608803005889058 ], [ 301060.962734216591343, 5925245.642137968912721 ], [ 301061.96941294579301, 5925255.675472930073738 ], [ 301062.921341741923243, 5925265.708807894960046 ], [ 301063.742824381799437, 5925275.742142857052386 ], [ 301064.671572962775826, 5925284.668872930109501 ], [ 301064.786705571634229, 5925285.775477820076048 ], [ 301065.879903476685286, 5925295.808812782168388 ], [ 301066.545861044898629, 5925305.842147745192051 ], [ 301064.671572962775826, 5925308.200322799384594 ], [ 301057.839241160312667, 5925315.875482708215714 ], [ 301054.623369947716128, 5925319.448125422932208 ], [ 301048.80785581166856, 5925325.908817670308053 ], [ 301044.575166932598222, 5925330.611103231087327 ], [ 301039.776489084004425, 5925335.942152632400393 ], [ 301034.526963917538524, 5925341.774066939949989 ], [ 301030.745120757143013, 5925345.975487596355379 ], [ 301024.478760902478825, 5925352.937042772769928 ], [ 301021.713735408557113, 5925356.008822559379041 ], [ 301014.430557887419127, 5925364.100002022460103 ], [ 301012.682350059913006, 5925366.042157521471381 ], [ 301004.382354872359429, 5925375.262961274012923 ], [ 301003.65096471121069, 5925376.075492484495044 ], [ 300994.619579362624791, 5925386.108827447518706 ], [ 300994.334151857241523, 5925386.425921775400639 ], [ 300985.588198633282445, 5925396.142162410542369 ], [ 300984.285948842181824, 5925397.588885485194623 ], [ 300976.556844308099244, 5925406.175497372634709 ], [ 300974.237745827122126, 5925408.751878622919321 ], [ 300967.525458959455136, 5925416.208832335658371 ], [ 300964.18954281200422, 5925419.914837873540819 ], [ 300958.494073610811029, 5925426.242167298682034 ], [ 300954.141339796944521, 5925431.077797124162316 ], [ 300944.093136781884823, 5925433.570162335410714 ], [ 300934.044933766825125, 5925434.387368762865663 ], [ 300923.996730751707219, 5925435.187594033777714 ], [ 300913.94852773664752, 5925435.947440084069967 ], [ 300909.610233993211295, 5925436.275502261705697 ], [ 300903.900324721587822, 5925436.707286133430898 ], [ 300893.852121706528123, 5925437.455170504748821 ], [ 300883.803918691410217, 5925439.461439043283463 ], [ 300879.725911601097323, 5925446.308837223798037 ], [ 300880.325376450025942, 5925456.342172186821699 ], [ 300881.223980736744124, 5925466.375507149845362 ], [ 300881.992830235394649, 5925476.408842111006379 ], [ 300882.761660606309306, 5925486.442177074961364 ], [ 300883.530515495862346, 5925496.475512037985027 ], [ 300883.803918691410217, 5925500.043345030397177 ], [ 300884.299370385415386, 5925506.508847001008689 ], [ 300885.068199128611013, 5925516.542181963101029 ], [ 300885.888250042567961, 5925526.575516926124692 ], [ 300887.008289657358546, 5925536.608851889148355 ], [ 300888.128323026350699, 5925546.642186852172017 ], [ 300889.248356395284645, 5925556.67552181519568 ], [ 300893.852121706528123, 5925566.409820803441107 ], [ 300894.517253327532671, 5925566.70885677728802 ], [ 300903.900324721587822, 5925569.205275628715754 ], [ 300913.94852773664752, 5925571.878638221882284 ], [ 300923.996730751707219, 5925574.551999664865434 ], [ 300932.228814320522361, 5925576.74219173938036 ], [ 300934.044933766825125, 5925577.225380521267653 ], [ 300944.093136781884823, 5925579.898761376738548 ], [ 300954.141339796944521, 5925582.572126448154449 ], [ 300964.18954281200422, 5925584.162473959848285 ], [ 300974.237745827122126, 5925585.172291888855398 ], [ 300975.497675263439305, 5925586.775526702404022 ], [ 300975.751008577004541, 5925596.808861665427685 ], [ 300976.203396142227575, 5925606.842196628451347 ], [ 300974.237745827122126, 5925613.171092784032226 ], [ 300971.488685531076044, 5925616.87553159147501 ], [ 300969.257966507924721, 5925626.90886655356735 ], [ 300968.729928104556166, 5925636.942201516591012 ], [ 300969.917143244761974, 5925646.975536479614675 ], [ 300970.360453711007722, 5925657.008871442638338 ], [ 300971.169945937930606, 5925667.042206404730678 ], [ 300971.918884477112442, 5925677.07554136775434 ], [ 300974.237745827122126, 5925682.729443932883441 ], [ 300980.874131563992705, 5925687.108876330778003 ], [ 300982.622678195417393, 5925697.142211293801665 ], [ 300984.285948842181824, 5925701.23572494648397 ], [ 300988.801627322798595, 5925707.175546255894005 ], [ 300993.572982848621905, 5925717.208881218917668 ], [ 300994.334151857241523, 5925717.909285909496248 ], [ 301004.382354872301221, 5925720.670758633874357 ], [ 301014.430557887419127, 5925722.876690845005214 ], [ 301024.478760902478825, 5925725.071936514228582 ], [ 301031.984273591835517, 5925727.242216181010008 ], [ 301034.526963917538524, 5925728.530226800590754 ], [ 301042.256781814736314, 5925737.27555114403367 ], [ 301040.346837551274803, 5925747.308886107057333 ], [ 301044.540978902194183, 5925757.342221071012318 ], [ 301044.575166932598222, 5925757.361606564372778 ], [ 301054.623369947716128, 5925763.208862733095884 ], [ 301058.932261577690952, 5925767.375556033104658 ], [ 301064.671572962775826, 5925772.105289753526449 ], [ 301070.843606724578422, 5925777.408890995196998 ], [ 301074.719775977835525, 5925782.633827051147819 ], [ 301084.767978992895223, 5925785.984912770800292 ], [ 301089.137720620492473, 5925787.442225958220661 ], [ 301094.816182008013129, 5925789.335998489521444 ], [ 301104.864385023072828, 5925794.862636866979301 ], [ 301107.893592435400933, 5925797.475560921244323 ], [ 301114.177242128644139, 5925807.508895884267986 ], [ 301114.912588038132526, 5925809.120112741366029 ], [ 301119.142743564443663, 5925817.542230846360326 ], [ 301124.348619689408224, 5925827.575565810315311 ], [ 301124.960791053192224, 5925828.251894094981253 ] ], [ [ 300993.919749334920198, 5925667.042206404730678 ], [ 300987.427521549107041, 5925657.008871442638338 ], [ 300985.036390421213582, 5925646.975536479614675 ], [ 300984.285948842181824, 5925641.59300188627094 ], [ 300984.033354079292621, 5925636.942201516591012 ], [ 300984.285948842181824, 5925635.885775731876493 ], [ 300986.59735927847214, 5925626.90886655356735 ], [ 300990.365550011279993, 5925616.87553159147501 ], [ 300994.334151857183315, 5925609.289194731041789 ], [ 301004.382354872301221, 5925610.260381799191236 ], [ 301014.430557887419127, 5925613.926562666893005 ], [ 301020.154556502820924, 5925616.87553159147501 ], [ 301021.830668941198383, 5925626.90886655356735 ], [ 301018.946478044206742, 5925636.942201516591012 ], [ 301014.430557887419127, 5925644.624702743254602 ], [ 301012.456470343866386, 5925646.975536480545998 ], [ 301004.382354872301221, 5925656.06513755209744 ], [ 301003.544054451165721, 5925657.008871442638338 ], [ 300994.631638558523264, 5925667.042206404730678 ], [ 300994.334151857241523, 5925667.377108159475029 ], [ 300993.919749334920198, 5925667.042206404730678 ] ] ] } }
]
}
