{
"type": "FeatureCollection",
"name": "Iso-area",
"crs": { "type": "name", "properties": { "name": "urn:ogc:def:crs:EPSG::32637" } },
"features": [
{ "type": "Feature", "properties": { "id": 4, "cost_level": 1500.0 }, "geometry": { "type": "Polygon", "coordinates": [ [ [ 878913.083692042622715, 6491532.914481134153903 ], [ 878923.128656552173197, 6491535.702220743522048 ], [ 878933.173621061840095, 6491531.388670863583684 ], [ 878935.571856855414808, 6491530.358830438926816 ], [ 878943.218585571390577, 6491527.075204042717814 ], [ 878953.263550081173889, 6491522.761694035492837 ], [ 878958.948115010978654, 6491520.320594525896013 ], [ 878963.308514590607956, 6491518.448125937022269 ], [ 878973.353479100158438, 6491514.134735425002873 ], [ 878982.324471900006756, 6491510.28235861286521 ], [ 878983.398443609825335, 6491509.821167326532304 ], [ 878993.443408119375817, 6491505.507692346349359 ], [ 879003.4883726289263, 6491501.194208716973662 ], [ 879005.700828789034858, 6491500.244122700765729 ], [ 879013.533337138593197, 6491496.880640618503094 ], [ 879023.578301648143679, 6491492.56725010741502 ], [ 879029.077185678062961, 6491490.205886788666248 ], [ 879033.623266157810576, 6491488.253612933680415 ], [ 879043.668230667361058, 6491484.851371798664331 ], [ 879053.71319517691154, 6491482.715653065592051 ], [ 879063.758159686578438, 6491481.20519713498652 ], [ 879072.920706574106589, 6491480.167650875635445 ], [ 879073.80312419612892, 6491480.113916456699371 ], [ 879083.848088705795817, 6491479.502286810427904 ], [ 879093.893053215346299, 6491478.890607099048793 ], [ 879103.938017724896781, 6491478.278970419429243 ], [ 879113.982982234563679, 6491477.667283364571631 ], [ 879124.027946744114161, 6491477.055614203214645 ], [ 879134.072911253781058, 6491476.443966972641647 ], [ 879144.11787576333154, 6491475.832279918715358 ], [ 879154.162840272882022, 6491475.22062130831182 ], [ 879164.207804782548919, 6491474.608963526785374 ], [ 879174.252769292099401, 6491473.997311949729919 ], [ 879184.297733801649883, 6491473.38564713485539 ], [ 879194.342698311316781, 6491472.773960079997778 ], [ 879204.387662820867263, 6491472.162319054827094 ], [ 879214.43262733053416, 6491471.550643688067794 ], [ 879224.477591840084642, 6491470.938956634141505 ], [ 879234.522556349635124, 6491470.327326158992946 ], [ 879237.772620824398473, 6491470.129414963535964 ], [ 879244.567520859302022, 6491469.715642621740699 ], [ 879254.612485368852504, 6491469.103959083557129 ], [ 879264.657449878519401, 6491468.492323850281537 ], [ 879274.702414388069883, 6491467.880649724975228 ], [ 879284.747378897620365, 6491467.269007459282875 ], [ 879294.792343407287262, 6491466.657320404425263 ], [ 879304.837307916837744, 6491466.045656830072403 ], [ 879314.882272426504642, 6491465.434004012495279 ], [ 879324.927236936055124, 6491464.822316957637668 ], [ 879334.972201445605606, 6491464.210663935169578 ], [ 879345.017165955156088, 6491463.599000565707684 ], [ 879355.06213046470657, 6491462.987354577519 ], [ 879365.107094974257052, 6491462.375684173777699 ], [ 879375.152059484040365, 6491461.763997120782733 ], [ 879385.197023993474431, 6491461.152361680753529 ], [ 879395.241988503257744, 6491460.540680727921426 ], [ 879402.623587257810868, 6491460.091179050505161 ], [ 879405.286953012808226, 6491459.928994606249034 ], [ 879406.389372567296959, 6491460.091179050505161 ], [ 879415.331917522358708, 6491461.379750032909214 ], [ 879425.376882032025605, 6491464.408971587195992 ], [ 879435.421846541576087, 6491467.438193142414093 ], [ 879444.345996591961011, 6491470.129414963535964 ], [ 879445.466811051242985, 6491470.467412793077528 ], [ 879455.511775560677052, 6491473.496617287397385 ], [ 879465.556740070460364, 6491476.525821782648563 ], [ 879475.601704580010846, 6491479.55502627696842 ], [ 879477.078075816622004, 6491480.167650875635445 ], [ 879485.646669089561328, 6491485.788526780903339 ], [ 879491.459136027144268, 6491490.205886788666248 ], [ 879495.691633599228226, 6491492.911530314944685 ], [ 879505.736598108895123, 6491499.375661229714751 ], [ 879507.086151840863749, 6491500.244122700765729 ], [ 879515.78156261832919, 6491505.839771882630885 ], [ 879522.685161338653415, 6491510.28235861286521 ], [ 879525.826527127996087, 6491512.303882536478341 ], [ 879535.871491637546569, 6491518.768004816956818 ], [ 879538.284142779186368, 6491520.320594525896013 ], [ 879545.916456147097051, 6491525.232142236083746 ], [ 879553.883087689056993, 6491530.358830437064171 ], [ 879555.961420656763949, 6491531.696279654279351 ], [ 879560.512825361802243, 6491530.358830437064171 ], [ 879566.006385166314431, 6491526.604413421824574 ], [ 879574.350221901549958, 6491520.320594525896013 ], [ 879576.051349675981328, 6491519.038432621397078 ], [ 879586.096314185415395, 6491511.467567858286202 ], [ 879587.622833301313221, 6491510.282358611933887 ], [ 879596.141278695082292, 6491501.650526135228574 ], [ 879597.056375303538516, 6491500.244122700765729 ], [ 879606.186243204749189, 6491494.489901271648705 ], [ 879613.429206297500059, 6491490.205886788666248 ], [ 879616.231207714299671, 6491489.307859698310494 ], [ 879626.276172223966569, 6491486.088479255326092 ], [ 879636.321136733517051, 6491482.869103350676596 ], [ 879644.75009782682173, 6491480.167650875635445 ], [ 879646.366101243067533, 6491479.649727446958423 ], [ 879656.41106575273443, 6491476.430351543240249 ], [ 879666.456030262284912, 6491475.309030774980783 ], [ 879671.885198162402958, 6491470.129414963535964 ], [ 879676.50099477195181, 6491467.146625218912959 ], [ 879683.438853505300358, 6491460.091179050505161 ], [ 879686.545959281502292, 6491453.795063175261021 ], [ 879695.143930757883936, 6491460.091179050505161 ], [ 879696.590923791052774, 6491465.368918921798468 ], [ 879698.263547470676713, 6491470.129414963535964 ], [ 879706.635888300719671, 6491478.42411404941231 ], [ 879716.680852810270153, 6491474.099884738214314 ], [ 879725.904051927500404, 6491470.129414963535964 ], [ 879726.725817319820635, 6491469.775651637464762 ], [ 879736.770781829487532, 6491465.451426114886999 ], [ 879746.815746339038014, 6491461.127196801826358 ], [ 879749.222362823667936, 6491460.091179050505161 ], [ 879756.860710848704912, 6491456.802967490628362 ], [ 879766.905675358255394, 6491452.478738178499043 ], [ 879772.540673719719052, 6491450.052943138405681 ], [ 879776.950639867805876, 6491448.154488537460566 ], [ 879786.995604377472773, 6491443.830279555171728 ], [ 879795.858984615886584, 6491440.014707224443555 ], [ 879797.040568887023255, 6491439.50604479573667 ], [ 879807.085533396690153, 6491435.181820930913091 ], [ 879817.130497906240635, 6491430.832956827245653 ], [ 879819.069838276132941, 6491429.976471313275397 ], [ 879827.175462415791117, 6491426.379575886763632 ], [ 879837.220426925458014, 6491421.302941304631531 ], [ 879839.411123216385022, 6491419.938235401175916 ], [ 879847.265391435008496, 6491415.045377245172858 ], [ 879855.524924062658101, 6491409.899999488145113 ], [ 879857.310355944675393, 6491408.787742668762803 ], [ 879867.355320454225875, 6491402.530178608372808 ], [ 879871.638749595498666, 6491399.861763576045632 ], [ 879877.400284963659942, 6491396.272544031962752 ], [ 879887.445249473443255, 6491390.014979971572757 ], [ 879887.752578591927886, 6491389.823527663014829 ], [ 879897.490213982993737, 6491383.75737329851836 ], [ 879903.866359318140894, 6491379.785291750915349 ], [ 879907.535178492544219, 6491377.499781335704029 ], [ 879917.580143002211116, 6491371.242157261818647 ], [ 879919.980140044470318, 6491369.747055837884545 ], [ 879927.625107511761598, 6491364.984582698903978 ], [ 879936.09403396747075, 6491359.708819925785065 ], [ 879937.670072021428496, 6491358.727011742070317 ], [ 879947.715036530978978, 6491352.469384062103927 ], [ 879952.207814693800174, 6491349.670584013685584 ], [ 879957.76000104052946, 6491346.211795704439282 ], [ 879967.804965550196357, 6491339.954187685623765 ], [ 879968.321595420013182, 6491339.632348100654781 ], [ 879977.849930059746839, 6491333.696621364913881 ], [ 879984.435415131272748, 6491329.594112187623978 ], [ 879987.894894569413736, 6491327.438986788503826 ], [ 879997.939859078964218, 6491321.18142272811383 ], [ 880000.549270069226623, 6491319.555876275524497 ], [ 880007.984823588514701, 6491314.923826129175723 ], [ 880016.663050795672461, 6491309.517640362493694 ], [ 880018.029788098065183, 6491308.666224091313779 ], [ 880028.07475260773208, 6491302.40861009247601 ], [ 880032.77683152188547, 6491299.479404450394213 ], [ 880038.119717117398977, 6491296.151025455445051 ], [ 880048.164681626949459, 6491289.893461395986378 ], [ 880048.890717263217084, 6491289.441168538294733 ], [ 880058.209646136499941, 6491283.635826818645 ], [ 880065.004506171215326, 6491279.402932625263929 ], [ 880068.254610646050423, 6491277.378248536027968 ], [ 880078.299575155833736, 6491271.120628182776272 ], [ 880081.118286897544749, 6491269.364696713164449 ], [ 880088.344539665267803, 6491264.863064122386277 ], [ 880097.232080666813999, 6491259.326460800133646 ], [ 880098.3895041749347, 6491258.605429545044899 ], [ 880108.434468684485182, 6491252.347865485586226 ], [ 880113.345906199887395, 6491249.288224888965487 ], [ 880118.479433194268495, 6491246.090230908244848 ], [ 880128.524397703702562, 6491239.832666848786175 ], [ 880129.459742272971198, 6491239.249988975003362 ], [ 880138.569362213136628, 6491233.575062923133373 ], [ 880145.573522999300621, 6491229.211753062903881 ], [ 880148.614326722919941, 6491227.317468212917447 ], [ 880158.659291232470423, 6491221.059846887364984 ], [ 880161.68730372574646, 6491219.1735171508044 ], [ 880168.70425574213732, 6491214.802269575186074 ], [ 880177.801197648630477, 6491209.135281237773597 ], [ 880178.749220251687802, 6491208.544701367616653 ], [ 880188.794184761238284, 6491202.287070939317346 ], [ 880193.914978374959901, 6491199.097045325674117 ], [ 880198.839149270905182, 6491196.029485330916941 ], [ 880208.884113780455664, 6491189.771877311170101 ], [ 880210.028759101289324, 6491189.058809412643313 ], [ 880218.929078290238976, 6491183.514308242127299 ], [ 880226.142571735428646, 6491179.020573500543833 ], [ 880228.974042799673043, 6491177.256673665717244 ], [ 880239.019007309223525, 6491170.999109606258571 ], [ 880242.256433750502765, 6491168.982337586581707 ], [ 880249.063971818890423, 6491164.741515755653381 ], [ 880258.370214476832189, 6491158.944101674482226 ], [ 880259.108936328440905, 6491158.48391096945852 ], [ 880269.153900837991387, 6491152.226299718022346 ], [ 880274.483995203161612, 6491148.905865762382746 ], [ 880279.198865347541869, 6491145.968712331727147 ], [ 880289.243829857208766, 6491139.711148272268474 ], [ 880290.597873867372982, 6491138.867629850283265 ], [ 880299.288794366875663, 6491133.453513695858419 ], [ 880306.711669852491468, 6491128.829393937252462 ], [ 880309.333758876426145, 6491127.195938160642982 ], [ 880319.378723385976627, 6491120.938330142758787 ], [ 880322.825450578704476, 6491118.791158025152981 ], [ 880329.423687895643525, 6491114.680750999599695 ], [ 880338.939237270969898, 6491108.752922112122178 ], [ 880339.468652405194007, 6491108.423116422258317 ], [ 880349.513616914860904, 6491102.165552362799644 ], [ 880355.053125228034332, 6491098.714686200022697 ], [ 880359.558581424411386, 6491095.907968586310744 ], [ 880369.603545933961868, 6491089.650353726930916 ], [ 880371.166905954247341, 6491088.676450287923217 ], [ 880379.648510443628766, 6491083.392752549611032 ], [ 880387.280686680576764, 6491078.638214373961091 ], [ 880389.693474953295663, 6491077.135155089199543 ], [ 880399.738439462846145, 6491070.877591028809547 ], [ 880403.394539403030649, 6491068.599978462792933 ], [ 880409.783403972396627, 6491064.619956452399492 ], [ 880419.508361329790205, 6491058.56174254976213 ], [ 880419.828368481947109, 6491058.362390992231667 ], [ 880429.873332991614006, 6491052.104757816530764 ], [ 880435.622142056236044, 6491048.523506637662649 ], [ 880439.918297501164488, 6491045.847193756140769 ], [ 880449.963262010714971, 6491039.589566935785115 ], [ 880451.735922782332636, 6491038.485270724631846 ], [ 880460.008226520381868, 6491033.331995119340718 ], [ 880467.849728339584544, 6491028.447034812532365 ], [ 880470.05319102993235, 6491027.074360542930663 ], [ 880480.098155539482832, 6491020.816796482540667 ], [ 880483.963597431778908, 6491018.408798899501562 ], [ 880490.143120049149729, 6491014.559205379337072 ], [ 880500.077378157991916, 6491008.370562987402081 ], [ 880500.188084558700211, 6491008.301597845740616 ], [ 880510.233049068367109, 6491002.043989343568683 ], [ 880516.191158884437755, 6490998.332327075302601 ], [ 880520.278013577917591, 6490995.786399209871888 ], [ 880530.322978087584488, 6490989.528835149481893 ], [ 880532.305030471645296, 6490988.294091162271798 ], [ 880540.36794259713497, 6490983.271200573071837 ], [ 880548.418833533651195, 6490978.255855249240994 ], [ 880550.412907106685452, 6490977.01362778712064 ], [ 880560.457871616468765, 6490970.756019769236445 ], [ 880564.532614259864204, 6490968.217619337141514 ], [ 880570.502836125902832, 6490964.498437876813114 ], [ 880580.547800635569729, 6490958.240803731605411 ], [ 880580.646394986310042, 6490958.179383425042033 ], [ 880590.592765145236626, 6490951.983239240013063 ], [ 880596.760288909310475, 6490948.14114751201123 ], [ 880600.637729654670693, 6490945.725658210925758 ], [ 880610.68269416433759, 6490939.468040603213012 ], [ 880612.874069635523483, 6490938.102911599911749 ], [ 880620.727658673888072, 6490933.210442174226046 ], [ 880628.987850361736491, 6490928.064675686880946 ], [ 880630.772623183438554, 6490926.952841966412961 ], [ 880640.817587693105452, 6490920.695277906022966 ], [ 880645.101696007186547, 6490918.026439774781466 ], [ 880650.862552202772349, 6490914.437643330544233 ], [ 880660.907516712206416, 6490908.180079270154238 ], [ 880661.215521540259942, 6490907.988203862681985 ], [ 880670.952481221873313, 6490901.922444693744183 ], [ 880677.329305737395771, 6490897.949967949651182 ], [ 880680.997445731423795, 6490894.388279186561704 ], [ 880687.261065424303524, 6490887.911732037551701 ], [ 880691.042410241090693, 6490882.095647112466395 ], [ 880693.787483243271708, 6490877.873496124520898 ], [ 880700.313941077911295, 6490867.835260212421417 ], [ 880701.087374750641175, 6490866.645654783584177 ], [ 880706.840338032692671, 6490857.797024299390614 ], [ 880711.132339260424487, 6490850.29898797813803 ], [ 880712.524121258175001, 6490847.758788387291133 ], [ 880718.771589995943941, 6490837.72055247426033 ], [ 880721.177303769858554, 6490834.274001629091799 ], [ 880725.77834065258503, 6490827.68231656216085 ], [ 880731.222268279409036, 6490819.88306231610477 ], [ 880732.785091309342533, 6490817.644080649130046 ], [ 880739.791841966100037, 6490807.605844737030566 ], [ 880741.267232789075933, 6490805.492123004049063 ], [ 880746.798592622741126, 6490797.567608824931085 ], [ 880751.312197298626415, 6490787.85285655874759 ], [ 880751.463109024451114, 6490787.529372912831604 ], [ 880757.64817823516205, 6490777.491136999800801 ], [ 880761.357161808293313, 6490771.702944161370397 ], [ 880764.0805230345577, 6490767.452901086769998 ], [ 880770.512867833836935, 6490757.414665174670517 ], [ 880771.402126317843795, 6490756.026899635791779 ], [ 880776.945212633116171, 6490747.376429261639714 ], [ 880781.447090827277862, 6490740.350855109281838 ], [ 880783.899298399919644, 6490737.338193349540234 ], [ 880791.49205533717759, 6490728.102671359665692 ], [ 880792.161475020344369, 6490727.299957437440753 ], [ 880800.532816936378367, 6490717.26172152440995 ], [ 880801.537019846728072, 6490716.057541530579329 ], [ 880808.904012082028203, 6490707.223485612310469 ], [ 880811.581984356162138, 6490704.012277931906283 ], [ 880817.275270811514929, 6490697.185249699279666 ], [ 880821.626948865829036, 6490691.966993220150471 ], [ 880825.646549143712036, 6490687.147013787180185 ], [ 880831.671913375495933, 6490679.921884505078197 ], [ 880834.01785678230226, 6490677.10877787321806 ], [ 880841.716877885046415, 6490667.876599793322384 ], [ 880842.337397401221097, 6490667.070541962049901 ], [ 880850.760295985033736, 6490657.032306049019098 ], [ 880851.761842394596897, 6490655.83131508063525 ], [ 880858.757221268140711, 6490646.994070136919618 ], [ 880861.806806904263794, 6490643.293859913013875 ], [ 880868.20869608502835, 6490636.955834223888814 ], [ 880871.851771413814276, 6490632.982660675421357 ], [ 880877.983802882954478, 6490626.917598311789334 ], [ 880881.896735923364758, 6490623.047399172559381 ], [ 880888.132878823205829, 6490616.879362398758531 ], [ 880891.941700433148071, 6490613.112137668766081 ], [ 880898.281835933914408, 6490606.84112648665905 ], [ 880901.986664942582138, 6490603.176689955405891 ], [ 880908.43084243661724, 6490596.802890574559569 ], [ 880912.031629452249035, 6490593.241428452543914 ], [ 880918.579918376752175, 6490586.764654661528766 ], [ 880922.076593961799517, 6490583.306166948750615 ], [ 880928.72899431688711, 6490576.726418748497963 ], [ 880932.121558471349999, 6490573.370905445888638 ], [ 880938.877943626139313, 6490566.688182836398482 ], [ 880942.166522981133312, 6490563.435457732528448 ], [ 880949.026957930414937, 6490556.649946924299002 ], [ 880952.211487490567379, 6490553.500196228735149 ], [ 880959.176033870433457, 6490546.611711011268198 ], [ 880962.256452, 6490543.56493472494185 ], [ 880969.325109810684808, 6490536.573475099168718 ], [ 880972.301416509784758, 6490533.629673223011196 ], [ 880979.474051318364218, 6490526.535239186137915 ], [ 880982.34638101933524, 6490523.694225508719683 ], [ 880989.623073424212635, 6490516.497003274038434 ], [ 880992.391345528885722, 6490513.758964005857706 ], [ 880999.772149364231154, 6490506.458767361938953 ], [ 881002.436310038669035, 6490503.823702502995729 ], [ 881009.921225304366089, 6490496.42053144890815 ], [ 881012.481274548103102, 6490493.888441000133753 ], [ 881020.070159010589123, 6490486.382295537739992 ], [ 881022.526239057769999, 6490483.953038348816335 ], [ 881030.219232999486849, 6490476.344059623777866 ], [ 881032.571203567320481, 6490474.017731782980263 ], [ 881040.368264858028851, 6490466.305823711678386 ], [ 881042.616168076870963, 6490464.082470279186964 ], [ 881050.517340798047371, 6490456.267587798647583 ], [ 881052.661132586654276, 6490454.147208776324987 ], [ 881060.666416738182306, 6490446.229351886548102 ], [ 881062.706097096088342, 6490444.211947273463011 ], [ 881070.815340691711754, 6490436.191115973517299 ], [ 881072.75106160575524, 6490434.276499559171498 ], [ 881080.964380351826549, 6490426.152880061417818 ], [ 881082.796026115305722, 6490424.341238056309521 ], [ 881091.113456291728653, 6490416.114644149318337 ], [ 881092.840990624856204, 6490414.405976553447545 ], [ 881101.262532231863588, 6490406.076408236287534 ], [ 881102.885955134523101, 6490404.470715050585568 ], [ 881111.411448383936659, 6490396.038172324188054 ], [ 881112.930919644073583, 6490394.535267336294055 ], [ 881121.56049584550783, 6490385.99993641115725 ], [ 881122.975884153740481, 6490384.600005833432078 ], [ 881131.70957178552635, 6490375.96170049905777 ], [ 881133.020848663290963, 6490374.664744330570102 ], [ 881141.858647725661285, 6490365.923464586026967 ], [ 881143.065813172841445, 6490364.729482826776803 ], [ 881148.268843501340598, 6490365.923464586958289 ], [ 881153.110777682508342, 6490366.247018023394048 ], [ 881153.360698681441136, 6490365.923464586026967 ], [ 881153.110777682508342, 6490360.858938189223409 ], [ 881152.007556076277979, 6490355.885228673927486 ], [ 881153.110777682508342, 6490354.636097984388471 ], [ 881163.155742192058824, 6490348.249225279316306 ], [ 881164.452434110688046, 6490345.846992760896683 ], [ 881173.200706701492891, 6490339.503552285954356 ], [ 881175.971878896234557, 6490335.808756848797202 ], [ 881183.245671211276203, 6490327.233649739064276 ], [ 881184.375828146119602, 6490325.770520935766399 ], [ 881191.197116607101634, 6490315.732285023666918 ], [ 881193.290635720826685, 6490313.696927014738321 ], [ 881199.010276800021529, 6490305.694049111567438 ], [ 881203.335600230377167, 6490299.719916523434222 ], [ 881206.250920887687244, 6490295.655813198536634 ], [ 881213.38056474016048, 6490285.842993203550577 ], [ 881213.542847027885728, 6490285.617577286437154 ], [ 881217.636365465354174, 6490275.579341373406351 ], [ 881221.308403184288181, 6490265.541105460375547 ], [ 881223.425529249594547, 6490258.696645670570433 ], [ 881224.4696898375405, 6490255.502869548276067 ], [ 881226.931236148579046, 6490245.464633636176586 ], [ 881229.648324215086177, 6490235.426397723145783 ], [ 881231.991906432900578, 6490225.388161811046302 ], [ 881233.470493759261444, 6490219.054947516880929 ], [ 881234.335488650482148, 6490215.349925898015499 ], [ 881236.679070868180133, 6490205.311689985916018 ], [ 881239.097555338637903, 6490195.273454073816538 ], [ 881241.893753766664304, 6490185.235218160785735 ], [ 881243.515458268811926, 6490180.356331886723638 ], [ 881245.23036578996107, 6490175.196982247754931 ], [ 881248.523953411728144, 6490165.158746335655451 ], [ 881251.496564905624837, 6490155.12051042355597 ], [ 881253.560422778478824, 6490147.618210585787892 ], [ 881254.258050405420363, 6490145.082274510525167 ], [ 881257.019451701082289, 6490135.044038597494364 ], [ 881259.780892975861207, 6490125.005802685394883 ], [ 881262.542364884517156, 6490114.967566773295403 ], [ 881263.605387288029306, 6490111.103259129449725 ], [ 881265.303757260669954, 6490104.929330861195922 ], [ 881268.065221046213992, 6490094.891094948165119 ], [ 881270.843479437869973, 6490084.852859036065638 ], [ 881273.650351797579788, 6490075.263833960518241 ], [ 881273.781843526288867, 6490074.814623123966157 ], [ 881276.720168294617906, 6490064.776387210935354 ], [ 881279.629330724594183, 6490054.738151297904551 ], [ 881282.249648688244633, 6490044.699915386736393 ], [ 881283.695316307246685, 6490039.15055632032454 ], [ 881284.864732021815144, 6490034.661679472774267 ], [ 881285.962016194825992, 6490024.623443560674787 ], [ 881283.695316307246685, 6490022.958571182563901 ], [ 881273.650351797579788, 6490020.370766239240766 ], [ 881263.605387288029306, 6490017.782941663637757 ], [ 881253.560422778478824, 6490015.195124281570315 ], [ 881251.192874769563787, 6490014.585207648575306 ], [ 881243.515458268928342, 6490012.607387555763125 ], [ 881233.470493759261444, 6490010.019532468169928 ], [ 881223.425529249594547, 6490007.431761726737022 ], [ 881213.380564740044065, 6490004.843940653838217 ], [ 881212.227856363169849, 6490004.546971735544503 ], [ 881203.335600230493583, 6490002.256112577393651 ], [ 881193.290635720826685, 6489998.153190899640322 ], [ 881189.339281405089423, 6489994.508735823445022 ], [ 881183.245671211276203, 6489988.888412553817034 ], [ 881178.455726535408758, 6489984.470499910414219 ], [ 881173.200706701492891, 6489979.623634207993746 ], [ 881167.572094746865332, 6489974.432263998314738 ], [ 881163.155742191942409, 6489970.35893109627068 ], [ 881156.688528417143971, 6489964.394028085283935 ], [ 881153.110777682508342, 6489961.094162506982684 ], [ 881145.804962087422609, 6489954.355792172253132 ], [ 881143.06581317295786, 6489951.829393916763365 ], [ 881134.921395757701248, 6489944.317556260153651 ], [ 881133.020848663174547, 6489942.564647434279323 ], [ 881124.037814915762283, 6489934.279320348054171 ], [ 881122.975884153740481, 6489930.748066971078515 ], [ 881122.09280150081031, 6489924.241084435023367 ], [ 881122.975884153740481, 6489922.035040298476815 ], [ 881126.111121829133481, 6489914.202848521992564 ], [ 881130.129442157456651, 6489904.164612610824406 ], [ 881133.020848663290963, 6489896.941428364254534 ], [ 881134.147707486292347, 6489894.126376697793603 ], [ 881138.166020865086466, 6489884.088140785694122 ], [ 881142.184341193293221, 6489874.049904872663319 ], [ 881143.065813172841445, 6489871.84785043913871 ], [ 881146.20261891791597, 6489864.011668959632516 ], [ 881144.281269986415282, 6489853.973433046601713 ], [ 881143.065813172841445, 6489850.40809909068048 ], [ 881140.860080761369318, 6489843.935197135433555 ], [ 881135.37743709422648, 6489833.896961222402751 ], [ 881133.020848663290963, 6489829.799524643458426 ], [ 881129.604073636233807, 6489823.858725310303271 ], [ 881123.830710178241134, 6489813.82048939820379 ], [ 881122.975884153740481, 6489812.334190230816603 ], [ 881118.057346720248461, 6489803.782253485172987 ], [ 881112.930919644073583, 6489794.868855818174779 ], [ 881112.283983262139373, 6489793.744017573073506 ], [ 881106.5106198041467, 6489783.705781660042703 ], [ 881102.885955134523101, 6489777.403521405532956 ], [ 881100.737266182317398, 6489773.6675457470119 ], [ 881094.963929153047502, 6489763.629309834912419 ], [ 881092.840990624856204, 6489759.93810704164207 ], [ 881089.19057541328948, 6489753.591073922812939 ], [ 881083.417211955296807, 6489743.552838009782135 ], [ 881082.796026115305722, 6489742.472772628068924 ], [ 881077.643848497420549, 6489733.514602098613977 ], [ 881072.75106160575524, 6489725.007438215427101 ], [ 881071.841075417469256, 6489723.476366184651852 ], [ 881065.957232437329367, 6489713.438130272552371 ], [ 881062.706097096088342, 6489707.786399085074663 ], [ 881058.526074661174789, 6489703.39989436045289 ], [ 881052.66113258653786, 6489696.99972752854228 ], [ 881050.251795755815692, 6489693.361658447422087 ], [ 881043.603847227524966, 6489683.323422536253929 ], [ 881042.616168076870963, 6489681.832039125263691 ], [ 881036.955923234345391, 6489673.285186622291803 ], [ 881032.571203567320481, 6489666.664350721985102 ], [ 881030.308006378589198, 6489663.246950710192323 ], [ 881023.660057850414887, 6489653.20871479716152 ], [ 881022.526239057769999, 6489651.496662318706512 ], [ 881017.012165529886261, 6489643.170478885062039 ], [ 881012.481274547986686, 6489636.328946888446808 ], [ 881010.364217001595534, 6489633.132242972031236 ], [ 881003.716275635641068, 6489623.094007059931755 ], [ 881005.576529286336154, 6489613.055771147832274 ], [ 881005.46403805539012, 6489603.017535234801471 ], [ 881006.243614111328498, 6489592.979299322701991 ], [ 881002.482768372283317, 6489582.941063409671187 ], [ 881002.43631003855262, 6489582.761441118083894 ], [ 880999.908283991040662, 6489572.902827497571707 ], [ 881002.28346816112753, 6489562.864591584540904 ], [ 881002.43631003855262, 6489562.218619163148105 ], [ 881004.658589407335967, 6489552.8263556715101 ], [ 881005.162180837243795, 6489542.788119760341942 ], [ 881002.43631003855262, 6489537.922033814713359 ], [ 880996.216105884406716, 6489532.749883847311139 ], [ 880992.391345528885722, 6489529.569564735516906 ], [ 880984.143780620652251, 6489522.711647934280336 ], [ 880982.34638101933524, 6489521.21709565538913 ], [ 880972.301416509784758, 6489512.864626577124 ], [ 880972.070499880355783, 6489512.673412022180855 ], [ 880962.256452000117861, 6489504.532152478583157 ], [ 880959.940328622818924, 6489502.635176109150052 ], [ 880952.717028255574405, 6489492.596940196119249 ], [ 880959.286251700948924, 6489482.558704284951091 ], [ 880962.256452000117861, 6489480.541533751413226 ], [ 880972.301416509784758, 6489475.323901010677218 ], [ 880977.494631225708872, 6489472.520468371920288 ], [ 880982.34638101933524, 6489469.966582453809679 ], [ 880992.391345528885722, 6489465.068074724636972 ], [ 880996.564849672140554, 6489462.48223246075213 ], [ 881002.43631003855262, 6489459.391631156206131 ], [ 881012.481274548219517, 6489454.736874608322978 ], [ 881016.020803600084037, 6489452.443996546790004 ], [ 881022.526239057769999, 6489449.206993498839438 ], [ 881032.571203567320481, 6489444.282782641239464 ], [ 881033.538782767252997, 6489442.405760634690523 ], [ 881037.224548320751637, 6489432.36752472165972 ], [ 881041.000199102330953, 6489422.329288809560239 ], [ 881042.616168076870963, 6489418.689556465484202 ], [ 881044.453715295530856, 6489412.291052897460759 ], [ 881046.922215947881341, 6489402.252816984429955 ], [ 881049.418725888710469, 6489392.214581072330475 ], [ 881052.041494014090858, 6489382.176345159299672 ], [ 881052.66113258653786, 6489380.330739961005747 ], [ 881054.793710892670788, 6489372.138109247200191 ], [ 881056.225763373542577, 6489362.099873334169388 ], [ 881058.504269131575711, 6489352.061637422069907 ], [ 881060.167122729355469, 6489342.023401509039104 ], [ 881061.468077998608351, 6489331.985165596939623 ], [ 881062.706097096088342, 6489322.43222369812429 ], [ 881062.768988687428646, 6489321.94692968390882 ], [ 881064.069892084458843, 6489311.90869377180934 ], [ 881065.139601776842028, 6489301.870457859709859 ], [ 881062.706097096088342, 6489293.250879754312336 ], [ 881061.438454787479714, 6489291.832221946679056 ], [ 881052.66113258653786, 6489282.077714501880109 ], [ 881052.421923682792112, 6489281.793986034579575 ], [ 881043.92528307181783, 6489271.755750121548772 ], [ 881042.616168076870963, 6489270.21599134337157 ], [ 881036.133768974570557, 6489261.717514209449291 ], [ 881032.571203567320481, 6489257.046962431631982 ], [ 881028.476818799274042, 6489251.679278296418488 ], [ 881022.526239057769999, 6489242.865558958612382 ], [ 881021.694093378493562, 6489241.641042384319007 ], [ 881014.681747443391941, 6489231.602806471288204 ], [ 881012.481274548219517, 6489228.929090701043606 ], [ 881006.091484304750338, 6489221.564570559188724 ], [ 881002.43631003855262, 6489217.351818108931184 ], [ 880997.381764260004275, 6489211.526334647089243 ], [ 880992.391345528885722, 6489205.77475912310183 ], [ 880988.672045398270711, 6489201.48809873405844 ], [ 880982.34638101933524, 6489194.197486530058086 ], [ 880979.962418612558395, 6489191.449862821958959 ], [ 880972.301416509784758, 6489182.620213937014341 ], [ 880971.252772478736006, 6489181.411626908928156 ], [ 880962.542984992731363, 6489171.373390996828675 ], [ 880962.256452000117861, 6489171.099458235315979 ], [ 880952.211487490567379, 6489161.726432734169066 ], [ 880951.781724878586829, 6489161.335155083797872 ], [ 880942.166522981016897, 6489152.766813395544887 ], [ 880940.517009261529893, 6489151.296919171698391 ], [ 880932.121558471349999, 6489143.815669108182192 ], [ 880929.252111696987413, 6489141.258683258667588 ], [ 880922.076593961799517, 6489134.864524820819497 ], [ 880915.94536672369577, 6489131.220447346568108 ], [ 880912.031629452249035, 6489128.889136148616672 ], [ 880901.986664942465723, 6489123.828045326285064 ], [ 880897.963589994003996, 6489121.182211434468627 ], [ 880891.941700433031656, 6489116.917200181633234 ], [ 880883.790106767090037, 6489111.143975521437824 ], [ 880881.896735923481174, 6489109.052773960866034 ], [ 880876.774141818284988, 6489101.105739608407021 ], [ 880880.59537622728385, 6489091.06750369630754 ], [ 880881.896735923364758, 6489087.648712959140539 ], [ 880884.416421924135648, 6489081.029267784208059 ], [ 880886.88813311222475, 6489070.991031871177256 ], [ 880888.23193884966895, 6489060.952795959077775 ], [ 880889.575910817249678, 6489050.914560046046972 ], [ 880890.919882784830406, 6489040.876324133947492 ], [ 880881.896735923364758, 6489033.783400537446141 ], [ 880877.195751764462329, 6489030.838088220916688 ], [ 880871.851771413814276, 6489028.079008178785443 ], [ 880861.806806904030964, 6489022.892824981361628 ], [ 880857.752990174107254, 6489020.799852308817208 ], [ 880851.761842394596897, 6489017.706674963235855 ], [ 880841.71687788493, 6489017.521969335153699 ], [ 880831.671913375379518, 6489020.114874267950654 ], [ 880822.066053436486982, 6489010.76161639764905 ], [ 880821.626948865829036, 6489010.31701298430562 ], [ 880812.151970129576512, 6489000.723380484618247 ], [ 880811.581984356278554, 6489000.146256862208247 ], [ 880802.237886822549626, 6488990.685144571587443 ], [ 880801.537019846728072, 6488989.975495403632522 ], [ 880792.32387809199281, 6488980.64690865855664 ], [ 880791.49205533717759, 6488979.804669110104442 ], [ 880782.40979478484951, 6488970.60867274645716 ], [ 880781.447090827277862, 6488969.633912988938391 ], [ 880773.07134428806603, 6488960.570436833426356 ], [ 880771.628555140341632, 6488950.532200921326876 ], [ 880771.40212631772738, 6488948.563604428432882 ], [ 880770.447845785878599, 6488940.493965008296072 ], [ 880770.984459670376964, 6488930.455729096196592 ], [ 880771.402126317843795, 6488928.461677014827728 ], [ 880772.90585165284574, 6488920.417493185028434 ], [ 880774.782273312681355, 6488910.379257271066308 ], [ 880774.835941789206117, 6488900.341021358966827 ], [ 880774.911152251297608, 6488890.302785446867347 ], [ 880773.329243521206081, 6488880.264549533836544 ], [ 880771.402126317843795, 6488873.313734699971974 ], [ 880770.546152105554938, 6488870.22631362080574 ], [ 880767.763030758709647, 6488860.18807770870626 ], [ 880764.979924377403222, 6488850.149841795675457 ], [ 880762.196817996213213, 6488840.111605883575976 ], [ 880761.357161808176897, 6488839.296122876927257 ], [ 880751.312197298626415, 6488830.975658466108143 ], [ 880750.029946088790894, 6488830.073369970545173 ], [ 880741.267232789075933, 6488824.211636601015925 ], [ 880735.205924839479849, 6488820.035134058445692 ], [ 880731.222268279409036, 6488817.344387916848063 ], [ 880721.713471350260079, 6488809.996898146346211 ], [ 880721.177303769858554, 6488809.586530011147261 ], [ 880711.132339260308072, 6488801.803166822530329 ], [ 880708.75191937899217, 6488799.958662233315408 ], [ 880701.087374750641175, 6488794.019753630273044 ], [ 880695.796928440220654, 6488789.920426321215928 ], [ 880691.042410241090693, 6488786.236365439370275 ], [ 880682.841937501449138, 6488779.882190408185124 ], [ 880680.99744573130738, 6488778.452977249398828 ], [ 880670.952481221873313, 6488770.669589058496058 ], [ 880669.886946562677622, 6488769.843954496085644 ], [ 880660.907516712322831, 6488760.172629760578275 ], [ 880660.652535015717149, 6488759.805718583054841 ], [ 880660.907516712322831, 6488756.094230557791889 ], [ 880661.342162814224139, 6488749.76748267095536 ], [ 880662.031787276617251, 6488739.729246757924557 ], [ 880662.72130403900519, 6488729.691010845825076 ], [ 880663.280436675413512, 6488719.652774933725595 ], [ 880663.274685022071935, 6488709.614539020694792 ], [ 880663.267470354447141, 6488699.576303109526634 ], [ 880663.033688890514895, 6488689.538067195564508 ], [ 880662.753911869018339, 6488679.499831283465028 ], [ 880662.474029169883579, 6488669.461595370434225 ], [ 880662.194261459051631, 6488659.423359457403421 ], [ 880660.907516712206416, 6488656.677261595614254 ], [ 880655.165250179939903, 6488649.385123545303941 ], [ 880650.862552202655934, 6488647.988389227539301 ], [ 880640.817587693105452, 6488644.727610358968377 ], [ 880630.772623183438554, 6488641.466831488534808 ], [ 880624.242230812902562, 6488639.34688763320446 ], [ 880620.727658673888072, 6488638.2059614546597 ], [ 880610.68269416433759, 6488634.945182584226131 ], [ 880600.637729654787108, 6488631.684403714723885 ], [ 880593.319127129623666, 6488629.308651719242334 ], [ 880590.592765145120211, 6488628.423624844290316 ], [ 880580.547800635453314, 6488625.162792462855577 ], [ 880570.502836125902832, 6488621.869925508275628 ], [ 880569.435916263260879, 6488619.270415808074176 ], [ 880566.006400811718777, 6488609.232179895974696 ], [ 880563.544601562898606, 6488599.193943983875215 ], [ 880561.463620564201847, 6488589.155708070844412 ], [ 880560.45787161635235, 6488584.304127547889948 ], [ 880557.485290796961635, 6488579.117472157813609 ], [ 880552.319283193675801, 6488569.079236246645451 ], [ 880550.412907106569037, 6488564.998922683298588 ], [ 880542.08016837912146, 6488559.041000332683325 ], [ 880540.36794259713497, 6488557.808370191603899 ], [ 880530.322978087584488, 6488551.020915345288813 ], [ 880527.098244664492086, 6488549.002764420583844 ], [ 880520.278013577917591, 6488544.971175340004265 ], [ 880510.233049068367109, 6488539.033375181257725 ], [ 880510.116581289214082, 6488538.964528507553041 ], [ 880500.188084558700211, 6488533.095575023442507 ], [ 880493.134917913819663, 6488528.92629259545356 ], [ 880490.143120049149729, 6488527.154511428438127 ], [ 880480.098155539599247, 6488521.213139412924647 ], [ 880476.486336400615983, 6488518.88805668335408 ], [ 880470.05319102993235, 6488514.323735374026 ], [ 880463.337699654744938, 6488508.849820769391954 ], [ 880460.008226520381868, 6488505.956238633021712 ], [ 880451.267956766183488, 6488498.811584858223796 ], [ 880449.963262010714971, 6488497.686959197744727 ], [ 880439.918297501164488, 6488489.008758067153394 ], [ 880439.627000743872486, 6488488.773348945192993 ], [ 880429.873332991730422, 6488480.3480409597978 ], [ 880427.976987453293987, 6488478.735113033093512 ], [ 880419.828368481947109, 6488471.71098533179611 ], [ 880416.331657253205776, 6488468.696877120062709 ], [ 880409.783403972396627, 6488463.052389288321137 ], [ 880404.686152257723734, 6488458.658641207963228 ], [ 880399.738439462846145, 6488454.711149761453271 ], [ 880391.580474865157157, 6488448.620405294932425 ], [ 880389.693474953179248, 6488447.359219845384359 ], [ 880379.648510443628766, 6488440.645619597285986 ], [ 880376.560869816690683, 6488438.582169382832944 ], [ 880369.603545933961868, 6488433.932563652284443 ], [ 880359.558581424411386, 6488432.811149428598583 ], [ 880349.513616914860904, 6488435.06145142391324 ], [ 880339.468652405077592, 6488436.86130584590137 ], [ 880329.86500173190143, 6488438.582169382832944 ], [ 880329.423687895643525, 6488438.656431100331247 ], [ 880319.378723385976627, 6488438.685537055134773 ], [ 880319.047360807657242, 6488438.582169382832944 ], [ 880309.333758876426145, 6488435.552037160843611 ], [ 880299.288794366875663, 6488432.418537264689803 ], [ 880289.243829857208766, 6488429.285037370398641 ], [ 880279.198865347658284, 6488428.689982732757926 ], [ 880269.153900837991387, 6488431.862458351999521 ], [ 880259.108936328440905, 6488435.035010242834687 ], [ 880249.063971818890423, 6488438.207562133669853 ], [ 880247.877886719536036, 6488438.582169382832944 ], [ 880239.01900730910711, 6488440.599560312926769 ], [ 880228.974042799673043, 6488439.465471396222711 ], [ 880221.323971267440356, 6488438.582169382832944 ], [ 880218.929078290122561, 6488438.304018051363528 ], [ 880208.884113780455664, 6488434.517223982140422 ], [ 880199.28592738264706, 6488428.543933469802141 ], [ 880198.839149270905182, 6488427.754892878234386 ], [ 880195.093168331542984, 6488418.505697557702661 ], [ 880191.027690273709595, 6488408.46746164560318 ], [ 880189.842860818142071, 6488398.429225732572377 ], [ 880195.09557770146057, 6488388.390989820472896 ], [ 880198.839149270905182, 6488379.243439581245184 ], [ 880199.221011735033244, 6488378.352753907442093 ], [ 880202.414484943263233, 6488368.314517995342612 ], [ 880199.563857941073366, 6488358.276282082311809 ], [ 880198.839149270905182, 6488352.684947256930172 ], [ 880198.219828439760022, 6488348.238046170212328 ], [ 880197.078022109693848, 6488338.199810257181525 ], [ 880198.395402620662935, 6488328.161574345082045 ], [ 880192.752947794506326, 6488318.123338432982564 ], [ 880188.878187004011124, 6488308.085102519951761 ], [ 880188.794184761238284, 6488307.791973568499088 ], [ 880178.749220251804218, 6488303.454650662839413 ], [ 880168.70425574213732, 6488299.117310805246234 ], [ 880166.225135675864294, 6488298.04686660785228 ], [ 880158.659291232470423, 6488294.780004851520061 ], [ 880148.614326722919941, 6488290.442681943997741 ], [ 880142.977218547370285, 6488288.008630694821477 ], [ 880138.569362213253044, 6488285.310933653265238 ], [ 880129.310226327157579, 6488277.970394782721996 ], [ 880128.524397703702562, 6488277.185092544183135 ], [ 880120.121396066504531, 6488267.932158868759871 ], [ 880118.47943319415208, 6488266.935054689645767 ], [ 880108.434468684485182, 6488258.738619724288583 ], [ 880107.758759937714785, 6488257.893922958523035 ], [ 880098.3895041749347, 6488247.912874550558627 ], [ 880098.191755073959939, 6488247.855687044560909 ], [ 880088.344539665151387, 6488245.007948754355311 ], [ 880078.299575155717321, 6488242.103093933314085 ], [ 880068.254610646166839, 6488239.198263404890895 ], [ 880063.47988961962983, 6488237.817451132461429 ], [ 880058.209646136499941, 6488236.291239742189646 ], [ 880048.164681626949459, 6488233.812349548563361 ], [ 880038.119717117398977, 6488233.924256104975939 ], [ 880032.011933133704588, 6488237.817451132461429 ], [ 880028.07475260773208, 6488240.123665360733867 ], [ 880018.029788098181598, 6488238.325207706540823 ], [ 880007.984823588514701, 6488239.243289852514863 ], [ 879997.939859078964218, 6488240.72640532720834 ], [ 879987.894894569413736, 6488242.198794763535261 ], [ 879977.849930059863254, 6488244.16026268247515 ], [ 879970.753428205382079, 6488247.855687044560909 ], [ 879967.804965550196357, 6488249.391066159121692 ], [ 879957.76000104052946, 6488254.621869634836912 ], [ 879951.476519038435072, 6488257.893922957591712 ], [ 879947.715036530978978, 6488259.852673111483455 ], [ 879937.670072021428496, 6488265.083476587198675 ], [ 879932.199609871720895, 6488267.932158869691193 ], [ 879927.625107511761598, 6488270.314280062913895 ], [ 879917.580143002094701, 6488275.545083539560437 ], [ 879912.922700704890303, 6488277.970394782721996 ], [ 879907.535178492544219, 6488280.77588701620698 ], [ 879897.490213982993737, 6488283.10454059112817 ], [ 879887.445249473443255, 6488280.436682180501521 ], [ 879884.261276154313236, 6488277.970394782721996 ], [ 879882.104032710311003, 6488267.932158869691193 ], [ 879879.771606157417409, 6488257.893922957591712 ], [ 879877.948374279541895, 6488247.855687044560909 ], [ 879877.400284963892773, 6488244.838051208294928 ], [ 879876.125142401549965, 6488237.817451132461429 ], [ 879874.301910523790866, 6488227.779215220361948 ], [ 879872.478678645798936, 6488217.740979307331145 ], [ 879870.655446767923422, 6488207.702743395231664 ], [ 879868.832214890047908, 6488197.664507482200861 ], [ 879867.355320454225875, 6488189.533114573918283 ], [ 879867.008983012055978, 6488187.62627157010138 ], [ 879863.21418943721801, 6488177.588035657070577 ], [ 879857.310355944675393, 6488173.171890955418348 ], [ 879849.794322701171041, 6488167.549799744971097 ], [ 879853.13398432219401, 6488157.511563831940293 ], [ 879857.310355944791809, 6488149.785398304462433 ], [ 879858.560143450740725, 6488147.473327919840813 ], [ 879857.310355944791809, 6488145.003764474764466 ], [ 879847.265391435008496, 6488142.72753675468266 ], [ 879837.220426925458014, 6488141.7927007349208 ], [ 879827.175462415674701, 6488143.740804458968341 ], [ 879817.130497906240635, 6488141.043268050998449 ], [ 879807.085533396690153, 6488138.345690990798175 ], [ 879803.694737036130391, 6488137.435092005878687 ], [ 879797.04056888690684, 6488135.648113930597901 ], [ 879786.995604377472773, 6488132.950646199285984 ], [ 879776.950639867689461, 6488130.253069140017033 ], [ 879766.905675358255394, 6488127.555493808351457 ], [ 879766.31493878364563, 6488127.396856094710529 ], [ 879756.860710848704912, 6488124.857996698468924 ], [ 879746.815746339038014, 6488122.160447290167212 ], [ 879736.770781829487532, 6488119.462870229966938 ], [ 879728.935188414645381, 6488117.358620182611048 ], [ 879726.725817319820635, 6488116.765293169766665 ], [ 879716.680852810270153, 6488114.048030479811132 ], [ 879706.635888300603256, 6488111.273756869137287 ], [ 879696.590923791052774, 6488108.432077428326011 ], [ 879692.661685523577034, 6488107.320384269580245 ], [ 879686.545959281502292, 6488105.590071532875299 ], [ 879676.50099477195181, 6488103.013623049482703 ], [ 879666.456030262168497, 6488100.659658160060644 ], [ 879656.41106575273443, 6488099.124892856925726 ], [ 879646.366101243067533, 6488097.590127552859485 ], [ 879644.350210199831054, 6488097.282148357480764 ], [ 879636.321136733517051, 6488096.055500916205347 ], [ 879626.276172223966569, 6488094.520735612139106 ], [ 879616.231207714183256, 6488092.98610897641629 ], [ 879606.186243204749189, 6488091.451343672350049 ], [ 879596.141278695082292, 6488089.916680115275085 ], [ 879586.09631418553181, 6488088.381951732560992 ], [ 879578.6479022114072, 6488087.243912445381284 ], [ 879576.051349675981328, 6488086.847186429426074 ], [ 879566.006385166198015, 6488085.312559792771935 ], [ 879555.961420656763949, 6488083.777794489637017 ], [ 879545.916456147097051, 6488082.243098266422749 ], [ 879535.871491637546569, 6488080.70840254984796 ], [ 879525.826527127996087, 6488079.173637246713042 ], [ 879515.78156261832919, 6488077.639010610058904 ], [ 879512.945412085973658, 6488077.205676532350481 ], [ 879505.736598108778708, 6488076.104245306923985 ], [ 879495.691633599344641, 6488074.569516418501735 ], [ 879485.646669089561328, 6488073.034853367134929 ], [ 879475.601704580010846, 6488071.500088063068688 ], [ 879465.556740070343949, 6488069.965461427345872 ], [ 879455.511775560909882, 6488068.430696123279631 ], [ 879447.243829528801143, 6488067.167440619319677 ], [ 879445.466811051242985, 6488066.895934570580721 ], [ 879435.421846541576087, 6488065.361304183490574 ], [ 879425.376882032025605, 6488063.826538879424334 ], [ 879415.331917522358708, 6488062.291912242770195 ], [ 879405.286953012691811, 6488060.757146939635277 ], [ 879395.241988503257744, 6488059.208372257649899 ], [ 879385.197023993590847, 6488057.636755181476474 ], [ 879384.081797330407426, 6488057.129204707220197 ], [ 879375.152059484040365, 6488052.478001408278942 ], [ 879368.94407163746655, 6488047.090968794189394 ], [ 879365.107094974489883, 6488043.761400675401092 ], [ 879355.73356929817237, 6488037.052732882089913 ], [ 879355.062130464822985, 6488036.658507105894387 ], [ 879345.017165955388919, 6488033.83988487534225 ], [ 879334.972201445605606, 6488031.019721175543964 ], [ 879324.927236936055124, 6488028.199687246233225 ], [ 879322.075136554660276, 6488027.014496969990432 ], [ 879314.882272426504642, 6488023.965068872086704 ], [ 879304.837307916837744, 6488019.280973613262177 ], [ 879299.894890105118975, 6488016.976261056959629 ], [ 879294.792343407403678, 6488014.596878355368972 ], [ 879284.747378897620365, 6488009.912783097475767 ], [ 879278.368059859494679, 6488006.938025144860148 ], [ 879274.702414388069883, 6488005.228687839582562 ], [ 879264.657449878519401, 6488000.544592579826713 ], [ 879256.841229614219628, 6487996.899789231829345 ], [ 879254.612485368736088, 6487995.860511029139161 ], [ 879244.567520859302022, 6487991.176402064040303 ], [ 879235.314399368711747, 6487986.861553318798542 ], [ 879234.522556349635124, 6487986.432847402058542 ], [ 879224.477591840084642, 6487982.447844662703574 ], [ 879214.43262733053416, 6487982.615250261500478 ], [ 879204.387662820750847, 6487983.142392481677234 ], [ 879194.342698311200365, 6487983.679564942605793 ], [ 879184.297733801533468, 6487984.227056670933962 ], [ 879174.252769292099401, 6487985.083783901296556 ], [ 879171.944417359656654, 6487986.861553320661187 ], [ 879170.506354915443808, 6487996.899789231829345 ], [ 879168.329337081173435, 6488006.938025144860148 ], [ 879166.005607559811324, 6488016.976261056959629 ], [ 879164.207804782548919, 6488024.742798213846982 ], [ 879163.681950563448481, 6488027.01449696905911 ], [ 879159.861244195722975, 6488037.052732882089913 ], [ 879154.254306260147132, 6488047.090968794189394 ], [ 879154.162840272882022, 6488047.246254365891218 ], [ 879148.066457387059927, 6488057.129204707220197 ], [ 879144.117875763447955, 6488060.872252685949206 ], [ 879137.477109016152099, 6488067.167440619319677 ], [ 879134.072911253781058, 6488070.394487358629704 ], [ 879125.960554915014654, 6488077.205676532350481 ], [ 879124.027946744114161, 6488078.9634611858055 ], [ 879119.215507293585688, 6488077.205676532350481 ], [ 879113.982982234563679, 6488075.294423980638385 ], [ 879110.617547030560672, 6488077.205676532350481 ], [ 879103.938017725013196, 6488084.296995799988508 ], [ 879102.727692494750954, 6488087.243912444449961 ], [ 879098.6048985181842, 6488097.282148357480764 ], [ 879093.893053215229884, 6488105.184666050598025 ], [ 879092.337442786432803, 6488107.320384269580245 ], [ 879084.648752263979986, 6488117.358620182611048 ], [ 879083.848088705679402, 6488118.40395419113338 ], [ 879076.96006174152717, 6488127.396856094710529 ], [ 879073.80312419612892, 6488131.665422068908811 ], [ 879069.42060716508422, 6488137.435092006810009 ], [ 879063.758159686578438, 6488146.361297731287777 ], [ 879063.037473988137208, 6488147.473327919840813 ], [ 879056.749263019999489, 6488157.511563831940293 ], [ 879053.71319517691154, 6488162.358215035870671 ], [ 879050.461005132296123, 6488167.549799744971097 ], [ 879044.172703442396596, 6488177.588035657070577 ], [ 879043.668230667361058, 6488178.423235695809126 ], [ 879038.862379451282322, 6488187.62627157010138 ], [ 879033.735019342042506, 6488197.664507482200861 ], [ 879033.623266157810576, 6488197.877658453769982 ], [ 879028.440473751863465, 6488207.702743395231664 ], [ 879023.578301648143679, 6488216.920024384744465 ], [ 879023.137602062197402, 6488217.740979306399822 ], [ 879017.570346374996006, 6488227.779215220361948 ], [ 879013.533337138593197, 6488235.058125621639192 ], [ 879012.002967623993754, 6488237.817451132461429 ], [ 879006.435588873107918, 6488247.855687044560909 ], [ 879003.4883726289263, 6488253.169651348143816 ], [ 879000.868210122105666, 6488257.893922958523035 ], [ 878995.300855171401054, 6488267.932158869691193 ], [ 878993.443408119375817, 6488271.281254502013326 ], [ 878988.851183079998009, 6488277.970394782721996 ], [ 878983.398443609825335, 6488284.631669569760561 ], [ 878979.980515893781558, 6488288.008630694821477 ], [ 878973.353479100158438, 6488294.556237164884806 ], [ 878969.820434845169075, 6488298.04686660785228 ], [ 878963.308514590607956, 6488304.480610123835504 ], [ 878959.66029537608847, 6488308.085102519951761 ], [ 878953.263550081057474, 6488314.405177719891071 ], [ 878949.500209811027162, 6488318.123338432982564 ], [ 878943.218585571274161, 6488324.329550677910447 ], [ 878939.339998792624101, 6488328.161574345082045 ], [ 878933.173621061723679, 6488334.2539236349985 ], [ 878929.179866099962965, 6488338.199810257181525 ], [ 878923.128656552173197, 6488344.178491231054068 ], [ 878919.019773758249357, 6488348.238046169281006 ], [ 878913.083692042622715, 6488354.102864189073443 ], [ 878908.859645582269877, 6488358.276282082311809 ], [ 878903.038727533072233, 6488364.027320274151862 ], [ 878898.69943682407029, 6488368.314517995342612 ], [ 878892.993763023405336, 6488373.951804743148386 ], [ 878888.539337705587968, 6488378.352753907442093 ], [ 878882.948798513854854, 6488383.876177702099085 ], [ 878878.379216306260787, 6488388.390989820472896 ], [ 878872.903834004187956, 6488393.80074529722333 ], [ 878868.219112671446055, 6488398.429225733503699 ], [ 878862.858869494637474, 6488403.725118255242705 ], [ 878858.058901653042994, 6488408.46746164560318 ], [ 878852.813904985086992, 6488413.649491213262081 ], [ 878847.898787030368112, 6488418.505697557702661 ], [ 878842.768940475420095, 6488423.574058808386326 ], [ 878839.912852508481592, 6488428.543933471664786 ], [ 878832.723975965869613, 6488435.720003746449947 ], [ 878831.014787769061513, 6488438.582169382832944 ], [ 878825.805819207103923, 6488448.620405295863748 ], [ 878822.679011456202716, 6488452.541172491386533 ], [ 878819.025866721756756, 6488458.658641207963228 ], [ 878813.074862106353976, 6488468.696877120062709 ], [ 878812.634046946652234, 6488469.362341238185763 ], [ 878807.036982827121392, 6488478.735113033093512 ], [ 878802.589082437101752, 6488486.183509984053671 ], [ 878801.042518489761278, 6488488.773348945192993 ], [ 878795.048074683640152, 6488498.811584858223796 ], [ 878792.544117927434854, 6488503.004678729921579 ], [ 878789.053597442805767, 6488508.849820770323277 ], [ 878783.059170257416554, 6488518.88805668335408 ], [ 878782.499153417767957, 6488519.82584747672081 ], [ 878777.064676395617425, 6488528.92629259545356 ], [ 878772.454188908450305, 6488536.64699044264853 ], [ 878771.070249210344627, 6488538.964528507553041 ], [ 878765.075804324937053, 6488549.002764420583844 ], [ 878762.409224398666993, 6488553.468184967525303 ], [ 878759.081328163389117, 6488559.041000332683325 ], [ 878753.086900978232734, 6488569.079236245714128 ], [ 878752.364259889116511, 6488570.289353713393211 ], [ 878747.092407116433606, 6488579.117472157813609 ], [ 878742.319295379449613, 6488587.110499710775912 ], [ 878741.097979931160808, 6488589.155708070844412 ], [ 878735.103533966233954, 6488599.193943982943892 ], [ 878732.274330869899131, 6488603.931691205129027 ], [ 878729.109058883972466, 6488609.232179895043373 ], [ 878723.114625822752714, 6488619.270415808074176 ], [ 878722.229366360348649, 6488620.752859950065613 ], [ 878717.12013783713337, 6488629.308651720173657 ], [ 878712.184401850798167, 6488637.574008977040648 ], [ 878711.125710651860572, 6488639.34688763320446 ], [ 878705.131263607530855, 6488649.385123545303941 ], [ 878702.13943734113127, 6488654.395197441801429 ], [ 878699.136789604788646, 6488659.423359458334744 ], [ 878693.1423554639332, 6488669.461595370434225 ], [ 878692.094472831464373, 6488671.216366187669337 ], [ 878687.147868557833135, 6488679.499831283465028 ], [ 878682.049508321913891, 6488688.037518244236708 ], [ 878681.153441372560337, 6488689.538067194633186 ], [ 878675.158947510877624, 6488699.576303107663989 ], [ 878672.004543812363409, 6488704.858650781214237 ], [ 878669.164520325721242, 6488709.614539020694792 ], [ 878663.1700851052301, 6488719.652774933725595 ], [ 878661.959579302696511, 6488721.679872426204383 ], [ 878657.175599278649315, 6488729.691010845825076 ], [ 878651.914614793146029, 6488738.501027509570122 ], [ 878651.181172093376517, 6488739.729246757924557 ], [ 878645.186678231577389, 6488749.767482670024037 ], [ 878641.869650283479132, 6488755.322160046547651 ], [ 878639.192251046304591, 6488759.805718583054841 ], [ 878633.197814746527001, 6488769.843954496085644 ], [ 878631.82468577392865, 6488772.143378663808107 ], [ 878627.20332999934908, 6488779.882190408185124 ], [ 878621.779721264378168, 6488788.964536777697504 ], [ 878621.208902814076282, 6488789.920426321215928 ], [ 878615.214408952277154, 6488799.958662234246731 ], [ 878611.73475675471127, 6488805.785669313743711 ], [ 878609.219981767120771, 6488809.996898146346211 ], [ 878603.225544387823902, 6488820.035134058445692 ], [ 878601.689792245160788, 6488822.606884901411831 ], [ 878597.231060720048845, 6488830.073369970545173 ], [ 878591.644827735610306, 6488839.42804604396224 ], [ 878591.236633534892462, 6488840.111605883575976 ], [ 878585.242139672976919, 6488850.149841795675457 ], [ 878581.599863225943409, 6488856.24917858093977 ], [ 878579.247712487820536, 6488860.18807770870626 ], [ 878573.253218626021408, 6488870.22631362080574 ], [ 878571.554898716392927, 6488873.070311116985977 ], [ 878567.25879144074861, 6488880.264549532905221 ], [ 878561.50993420672603, 6488889.891555310226977 ], [ 878561.264364255475812, 6488890.302785445004702 ], [ 878555.269870393676683, 6488900.341021358966827 ], [ 878551.464969697175547, 6488906.712687847204506 ], [ 878549.275443208636716, 6488910.379257271066308 ], [ 878543.280949346837588, 6488920.417493184097111 ], [ 878541.420005187625065, 6488923.533820384182036 ], [ 878537.28652216156479, 6488930.455729096196592 ], [ 878531.375040677841753, 6488940.355064577423036 ], [ 878531.292094976291992, 6488940.493965008296072 ], [ 878525.297601114492863, 6488950.532200921326876 ], [ 878521.330076168407686, 6488957.176197113469243 ], [ 878519.303173929220065, 6488960.570436833426356 ], [ 878513.308680067304522, 6488970.60867274645716 ], [ 878511.285111658740789, 6488973.997329650446773 ], [ 878507.314252882264555, 6488980.64690865855664 ], [ 878501.319825168116949, 6488990.685144571587443 ], [ 878501.240147149190307, 6488990.818572360090911 ], [ 878495.325331835192628, 6489000.723380483686924 ], [ 878491.195182639639825, 6489007.639706380665302 ], [ 878489.330904650036246, 6489010.761616396717727 ], [ 878483.336410788237117, 6489020.799852308817208 ], [ 878481.150218129972927, 6489024.460838917642832 ], [ 878477.341983602964319, 6489030.838088220916688 ], [ 878471.347489741165191, 6489040.876324133947492 ], [ 878471.105253620422445, 6489041.281971454620361 ], [ 878465.353062555892393, 6489050.914560046046972 ], [ 878461.060289110639133, 6489058.103215647861362 ], [ 878459.35863537073601, 6489060.952795959077775 ], [ 878453.364141508936882, 6489070.991031871177256 ], [ 878451.015324601205066, 6489074.924348184838891 ], [ 878447.369714323664084, 6489081.029267784208059 ], [ 878441.375220461981371, 6489091.06750369630754 ], [ 878440.970360091654584, 6489091.745480721816421 ], [ 878435.380793276708573, 6489101.105739609338343 ], [ 878430.925395581871271, 6489108.566724913194776 ], [ 878429.386366091435775, 6489111.143975521437824 ], [ 878423.391872229753062, 6489121.182211434468627 ], [ 878420.880431072437204, 6489125.38785745203495 ], [ 878417.397445044480264, 6489131.220447346568108 ], [ 878411.402951182681136, 6489141.258683258667588 ], [ 878410.835466562886722, 6489142.208989987149835 ], [ 878405.408523997524753, 6489151.296919171698391 ], [ 878400.790502053219825, 6489159.030234180390835 ], [ 878399.414096812251955, 6489161.335155083797872 ], [ 878393.419602950336412, 6489171.373390996828675 ], [ 878390.745537543669343, 6489175.851366717368364 ], [ 878387.425175765180029, 6489181.411626908928156 ], [ 878381.430681903380901, 6489191.449862821958959 ], [ 878380.70057303388603, 6489192.672499254345894 ], [ 878375.436254718108103, 6489201.48809873405844 ], [ 878370.655608524451964, 6489209.493743447586894 ], [ 878369.44182753295172, 6489211.526334647089243 ], [ 878363.447333671152592, 6489221.564570559188724 ], [ 878360.610644014901482, 6489226.314875984564424 ], [ 878357.452906485879794, 6489231.602806471288204 ], [ 878351.458412624080665, 6489241.641042384319007 ], [ 878350.565679505234584, 6489243.136008521541953 ], [ 878345.463985438924283, 6489251.679278296418488 ], [ 878340.520714995567687, 6489259.957160638645291 ], [ 878339.469498554826714, 6489261.717514209449291 ], [ 878333.475064391735941, 6489271.755750121548772 ], [ 878330.475750486017205, 6489276.778385251760483 ], [ 878327.480637206579559, 6489281.793986034579575 ], [ 878321.48614334478043, 6489291.832221946679056 ], [ 878320.430785976466723, 6489293.59951778780669 ], [ 878315.491716159624048, 6489301.870457859709859 ], [ 878310.385821466916241, 6489310.420666876249015 ], [ 878309.497228196123615, 6489311.90869377180934 ], [ 878303.502795112552121, 6489321.946929684840143 ], [ 878300.340856957249343, 6489327.241894518956542 ], [ 878297.508367927512154, 6489331.985165596939623 ], [ 878291.51387406559661, 6489342.023401509039104 ], [ 878290.295892447698861, 6489344.063027055002749 ], [ 878285.519446880323812, 6489352.061637422069907 ], [ 878280.250927937915549, 6489360.884173113852739 ], [ 878279.5249578373041, 6489362.099873334169388 ], [ 878273.530525833368301, 6489372.138109247200191 ], [ 878270.205963428597897, 6489377.705403784289956 ], [ 878267.536098648095503, 6489382.176345159299672 ], [ 878261.541604786296375, 6489392.214581072330475 ], [ 878260.160998918931, 6489394.526536322198808 ], [ 878255.547177601139992, 6489402.252816984429955 ], [ 878250.116034409264103, 6489411.347679352387786 ], [ 878249.552687478601001, 6489412.291052897460759 ], [ 878243.558256553951651, 6489422.329288809560239 ], [ 878240.071069899713621, 6489428.168848097324371 ], [ 878237.563779335236177, 6489432.367524722591043 ], [ 878231.569335507112555, 6489442.405760634690523 ], [ 878230.026105390163139, 6489444.990045588463545 ], [ 878225.574908321839757, 6489452.443996546790004 ], [ 878219.981140880496241, 6489461.811185589060187 ], [ 878219.580417119897902, 6489462.482232459820807 ], [ 878213.585987274767831, 6489472.520468371920288 ], [ 878209.936176370945759, 6489478.632354335859418 ], [ 878207.591508976416662, 6489482.558704284951091 ], [ 878201.59706622781232, 6489492.596940197050571 ], [ 878199.891211861278862, 6489495.453554854728281 ], [ 878195.602639042539522, 6489502.635176110081375 ], [ 878189.84624735172838, 6489512.274691826663911 ], [ 878189.608145180740394, 6489512.673412022180855 ], [ 878183.613717995584011, 6489522.711647934280336 ], [ 878179.801282842177898, 6489529.095860572531819 ], [ 878177.619238617713563, 6489532.749883846379817 ], [ 878171.624796948512085, 6489542.78811975941062 ], [ 878169.756318332627416, 6489545.917064120993018 ], [ 878165.630369763355702, 6489552.826355672441423 ], [ 878159.711353822960518, 6489562.738198064267635 ], [ 878159.635875901556574, 6489562.864591584540904 ], [ 878153.641448716167361, 6489572.902827497571707 ], [ 878149.666389313293621, 6489579.559366810135543 ], [ 878147.646968258894049, 6489582.941063409671187 ], [ 878141.65252766921185, 6489592.979299322701991 ], [ 878139.621424803743139, 6489596.380535556003451 ], [ 878135.658060115529224, 6489603.017535235732794 ], [ 878129.663606622139923, 6489613.055771147832274 ], [ 878129.576460294192657, 6489613.201705926097929 ], [ 878123.669179436983541, 6489623.094007059931755 ], [ 878119.53149578452576, 6489630.022873047739267 ], [ 878117.674697900190949, 6489633.132242972031236 ], [ 878111.68025839002803, 6489643.170478885062039 ], [ 878109.486531275091693, 6489646.844041793607175 ], [ 878105.68578975670971, 6489653.20871479716152 ], [ 878099.691337342956103, 6489663.246950710192323 ], [ 878099.44156676530838, 6489663.665215192362666 ], [ 878093.696910157799721, 6489673.285186622291803 ], [ 878089.396602255757898, 6489680.486379285342991 ], [ 878087.702416295884177, 6489683.323422535322607 ], [ 878081.707989110727794, 6489693.361658447422087 ], [ 878079.351637746207416, 6489697.307548031210899 ], [ 878075.713519398123026, 6489703.39989436045289 ], [ 878069.719068063655868, 6489713.438130272552371 ], [ 878069.306673236540519, 6489714.128724458627403 ], [ 878063.72464087838307, 6489723.476366184651852 ], [ 878059.261708726990037, 6489730.949885523878038 ], [ 878057.730147016583942, 6489733.514602097682655 ], [ 878051.735719831543975, 6489743.552838009782135 ], [ 878049.216744217439555, 6489747.771054268814623 ], [ 878045.741249039419927, 6489753.591073922812939 ], [ 878039.746798784355633, 6489763.629309834912419 ], [ 878039.171779707772657, 6489764.592223014682531 ], [ 878033.752340895822272, 6489773.667545747943223 ], [ 878029.126815198222175, 6489781.413391760550439 ], [ 878027.757877737516537, 6489783.705781660974026 ], [ 878021.763450552243739, 6489793.744017573073506 ], [ 878019.081850688555278, 6489798.234560506418347 ], [ 878015.768978680483997, 6489803.782253485172987 ], [ 878009.774529505171813, 6489813.82048939820379 ], [ 878009.036886179004796, 6489815.055729252286255 ], [ 878003.780070537119173, 6489823.858725310303271 ], [ 877998.991921669337898, 6489831.876897998154163 ], [ 877997.785608458099887, 6489833.896961221471429 ], [ 877991.791181272827089, 6489843.935197135433555 ], [ 877988.946957159787416, 6489848.698066744953394 ], [ 877985.79668741102796, 6489853.973433047533035 ], [ 877980.702814686112106, 6489864.011668960563838 ], [ 877978.901992650236934, 6489868.401933967135847 ], [ 877976.99761446681805, 6489874.049904871731997 ], [ 877978.901992650236934, 6489878.309546193107963 ], [ 877988.946957159787416, 6489878.487302487716079 ], [ 877998.991921669337898, 6489876.935893125832081 ], [ 878009.036886179121211, 6489874.602342491969466 ], [ 878011.414900267496705, 6489874.049904872663319 ], [ 878019.081850688438863, 6489872.268791859038174 ], [ 878029.126815198222175, 6489869.935424091294408 ], [ 878039.171779707772657, 6489867.601873457431793 ], [ 878049.216744217439555, 6489865.268505690619349 ], [ 878054.626903380034491, 6489864.011668960563838 ], [ 878059.261708726990037, 6489862.934955056756735 ], [ 878069.306673236656934, 6489860.60140442289412 ], [ 878079.351637746207416, 6489858.268036654219031 ], [ 878089.396602255757898, 6489855.934486021287739 ], [ 878097.838780892081559, 6489853.973433047533035 ], [ 878099.44156676530838, 6489853.601118253543973 ], [ 878109.486531274975277, 6489851.267567619681358 ], [ 878119.53149578452576, 6489848.934016985818744 ], [ 878127.939317797543481, 6489853.973433047533035 ], [ 878120.482755114557222, 6489864.011668960563838 ], [ 878119.53149578452576, 6489865.154025238007307 ], [ 878112.123645891202614, 6489874.049904872663319 ], [ 878109.486531274975277, 6489882.095529031008482 ], [ 878108.168112411862239, 6489884.0881407847628 ], [ 878109.486531275091693, 6489884.904331241734326 ], [ 878114.744872911483981, 6489884.088140785694122 ], [ 878119.53149578452576, 6489883.342360835522413 ], [ 878129.576460294192657, 6489881.786008117720485 ], [ 878139.621424803743139, 6489880.226846556179225 ], [ 878149.666389313293621, 6489878.667684994637966 ], [ 878159.711353822844103, 6489877.108523432165384 ], [ 878169.756318332511, 6489875.549361871555448 ], [ 878179.416633663582616, 6489874.049904872663319 ], [ 878179.801282842177898, 6489873.990200310014188 ], [ 878179.843436303548515, 6489874.049904872663319 ], [ 878180.136879661586136, 6489884.088140785694122 ], [ 878179.801282842177898, 6489884.976778330281377 ], [ 878176.345907668815926, 6489894.126376697793603 ], [ 878172.554864211473614, 6489904.164612610824406 ], [ 878169.756318332627416, 6489911.574971694499254 ], [ 878168.763892218586989, 6489914.202848521992564 ], [ 878164.972920225816779, 6489924.241084435023367 ], [ 878161.181876768590882, 6489934.279320348054171 ], [ 878159.711353822960518, 6489938.173165058717132 ], [ 878157.390904775820673, 6489944.317556260153651 ], [ 878153.599932782817632, 6489954.355792173184454 ], [ 878149.808959312736988, 6489964.394028085283935 ], [ 878149.666389313293621, 6489964.7761997776106 ], [ 878146.048645298928022, 6489974.432263998314738 ], [ 878142.420871547888964, 6489984.470499910414219 ], [ 878139.621424803743139, 6489992.481641442514956 ], [ 878138.913068480324, 6489994.508735823445022 ], [ 878135.405265412526205, 6490004.54697173461318 ], [ 878131.897445203037933, 6490014.585207648575306 ], [ 878129.576460294192657, 6490021.227190021425486 ], [ 878128.389659277512692, 6490024.623443561606109 ], [ 878124.864676451776177, 6490034.661679472774267 ], [ 878121.337895688018762, 6490044.69991538580507 ], [ 878119.53149578452576, 6490049.841450853273273 ], [ 878117.811102234758437, 6490054.738151296973228 ], [ 878111.833645512000658, 6490064.776387210935354 ], [ 878109.486531274975277, 6490067.593975074589252 ], [ 878103.471568600158207, 6490074.814623123034835 ], [ 878099.44156676530838, 6490079.65239230170846 ], [ 878095.109455104684457, 6490084.852859036065638 ], [ 878089.396602255757898, 6490091.710831202566624 ], [ 878086.747367416042835, 6490094.891094947233796 ], [ 878079.351637746207416, 6490103.769270105287433 ], [ 878078.385273539228365, 6490104.929330861195922 ], [ 878070.02319203899242, 6490114.967566773295403 ], [ 878069.306673236540519, 6490115.761742062866688 ], [ 878059.261708726990037, 6490124.9940030509606 ], [ 878059.247355452622287, 6490125.005802686326206 ], [ 878049.216744217439555, 6490133.251833602786064 ], [ 878047.036692640278488, 6490135.044038598425686 ], [ 878039.171779707772657, 6490141.509727937169373 ], [ 878035.11353898444213, 6490145.082274510525167 ], [ 878029.126815198222175, 6490151.277465907856822 ], [ 878025.448192510521039, 6490155.12051042355597 ], [ 878019.081850688438863, 6490161.771455585025251 ], [ 878015.839506895863451, 6490165.158746336586773 ], [ 878009.036886179004796, 6490172.209807008504868 ], [ 878003.826857958687469, 6490175.196982248686254 ], [ 877998.991921669454314, 6490177.717651381157339 ], [ 877988.946957159787416, 6490182.954541892744601 ], [ 877984.572411573724821, 6490185.235218161717057 ], [ 877978.901992650236934, 6490188.191500045359135 ], [ 877968.857028140570037, 6490193.428390557877719 ], [ 877964.627708129351959, 6490195.273454073816538 ], [ 877958.812063631019555, 6490197.609338186681271 ], [ 877948.767099121585488, 6490201.641312461346388 ], [ 877939.6229573226301, 6490205.311689985916018 ], [ 877938.722134611802176, 6490205.673272242769599 ], [ 877928.677170102251694, 6490210.998572708107531 ], [ 877923.547448431607336, 6490215.349925898015499 ], [ 877918.767852035351098, 6490225.388161811046302 ], [ 877918.632205592584796, 6490225.63411708176136 ], [ 877912.049224353511818, 6490235.42639772221446 ], [ 877908.587241083034314, 6490240.576046348549426 ], [ 877905.300806719809771, 6490245.464633635245264 ], [ 877898.552435153746046, 6490255.502869548276067 ], [ 877898.542276573483832, 6490255.517980486154556 ], [ 877891.804063587449491, 6490265.541105460375547 ], [ 877888.497312063816935, 6490270.45991462469101 ], [ 877885.078348625451326, 6490275.579341373406351 ], [ 877878.452347554266453, 6490285.403955908492208 ], [ 877878.312935879570432, 6490285.617577286437154 ], [ 877871.558948889141902, 6490295.655813198536634 ], [ 877868.407383044715971, 6490300.343782899901271 ], [ 877864.901183309499174, 6490305.694049110636115 ], [ 877858.362418535165489, 6490315.302074912935495 ], [ 877858.078941163839772, 6490315.732285023666918 ], [ 877851.393400622764602, 6490325.770520934835076 ], [ 877848.317454025498591, 6490330.32082555256784 ], [ 877844.727189456112683, 6490335.808756848797202 ], [ 877838.272489515831694, 6490345.211998645216227 ], [ 877837.850201021996327, 6490345.846992760896683 ], [ 877831.282787861302495, 6490355.885228674858809 ], [ 877828.227525006281212, 6490360.36487939581275 ], [ 877818.18256049673073, 6490359.51553188636899 ], [ 877813.357068074867129, 6490355.885228673927486 ], [ 877808.137595987180248, 6490351.981227124109864 ], [ 877799.936404303880408, 6490345.846992760896683 ], [ 877798.092631477396935, 6490344.467908468097448 ], [ 877788.047666967846453, 6490336.954589813016355 ], [ 877786.515740532660857, 6490335.808756848797202 ], [ 877778.002702458295971, 6490329.373939836397767 ], [ 877773.32055792119354, 6490325.770520935766399 ], [ 877767.957737948745489, 6490321.640822313725948 ], [ 877757.912773439078592, 6490318.846788913011551 ], [ 877752.083493729471229, 6490325.770520935766399 ], [ 877747.86780892952811, 6490330.777704208157957 ], [ 877743.220104139763862, 6490335.808756848797202 ], [ 877737.822844419861212, 6490341.047454677522182 ], [ 877732.75250633363612, 6490345.846992760896683 ], [ 877727.77787991031073, 6490352.06776955164969 ], [ 877725.553716508904472, 6490355.885228674858809 ], [ 877727.77787991031073, 6490360.757292089983821 ], [ 877729.94810377038084, 6490365.923464586026967 ], [ 877729.588717805687338, 6490375.96170049905777 ], [ 877733.761570425471291, 6490385.99993641115725 ], [ 877737.822844419861212, 6490395.346357306465507 ], [ 877738.123456854722463, 6490396.038172324188054 ], [ 877741.73923870944418, 6490406.076408236287534 ], [ 877740.724371961317956, 6490416.114644147455692 ], [ 877738.74878320726566, 6490426.152880061417818 ], [ 877739.561298479326069, 6490436.191115973517299 ], [ 877741.421789943240583, 6490446.229351886548102 ], [ 877743.680257943226025, 6490456.267587798647583 ], [ 877742.418292209040374, 6490466.305823711678386 ], [ 877737.822844419861212, 6490471.701585215516388 ], [ 877731.936978231184185, 6490476.344059623777866 ], [ 877727.77787991031073, 6490479.196679535321891 ], [ 877717.732915400760248, 6490480.733208248391747 ], [ 877712.474656635895371, 6490486.38229553680867 ], [ 877707.687950890976936, 6490494.352843455038965 ], [ 877697.642986381542869, 6490495.919077788479626 ], [ 877691.020051222061738, 6490496.42053144890815 ], [ 877687.598021871992387, 6490496.661053302697837 ], [ 877677.55305736232549, 6490497.367072705179453 ], [ 877667.508092852775007, 6490498.073055974207819 ], [ 877657.463128343224525, 6490498.77906911354512 ], [ 877647.418163833557628, 6490499.485058644786477 ], [ 877637.373199324007146, 6490500.575271652080119 ], [ 877631.61561722913757, 6490496.42053144890815 ], [ 877627.328234814340249, 6490489.982162427157164 ], [ 877617.283270304673351, 6490492.623189924284816 ], [ 877607.238305795122869, 6490495.264217423275113 ], [ 877602.840345774544403, 6490496.42053144890815 ], [ 877597.193341285688803, 6490499.571986893191934 ], [ 877591.23461567889899, 6490506.458767361938953 ], [ 877587.148376776021905, 6490512.747356047853827 ], [ 877584.437653044937178, 6490516.497003274038434 ], [ 877587.148376776021905, 6490520.13499604165554 ], [ 877591.967437856947072, 6490526.535239186137915 ], [ 877597.193341285572387, 6490533.475648779422045 ], [ 877599.525904079433531, 6490536.57347510010004 ], [ 877607.084193436312489, 6490546.611711011268198 ], [ 877607.238305795239285, 6490546.803430502302945 ], [ 877614.770448087248951, 6490556.649946924299002 ], [ 877617.283270304789767, 6490559.333320070058107 ], [ 877624.109455078141764, 6490566.688182836398482 ], [ 877627.328234814340249, 6490570.123334350064397 ], [ 877633.515407105325721, 6490576.726418750360608 ], [ 877637.373199324007146, 6490581.89651664160192 ], [ 877641.106285309419036, 6490586.764654661528766 ], [ 877647.418163833557628, 6490593.580007386393845 ], [ 877651.030575134791434, 6490596.802890574559569 ], [ 877657.46312834310811, 6490602.541925837285817 ], [ 877662.28185408085119, 6490606.84112648665905 ], [ 877667.508092852775007, 6490611.503817323595285 ], [ 877673.533343737013638, 6490616.879362398758531 ], [ 877677.55305736232549, 6490620.465695461258292 ], [ 877684.784622683073394, 6490626.917598312720656 ], [ 877687.598021871992387, 6490629.427627262659371 ], [ 877696.036112339119427, 6490636.955834223888814 ], [ 877697.642986381542869, 6490638.389465084299445 ], [ 877707.287391285179183, 6490646.99407013785094 ], [ 877707.687950891093351, 6490647.323542097583413 ], [ 877717.732915400760248, 6490654.141497656702995 ], [ 877726.625425813253969, 6490657.032306049950421 ], [ 877727.777879910194315, 6490657.400359743274748 ], [ 877737.822844419861212, 6490663.315454619005322 ], [ 877747.867808929644525, 6490663.964360753074288 ], [ 877748.742649368126877, 6490657.032306049019098 ], [ 877750.519614346558228, 6490646.994070136919618 ], [ 877757.912773438962176, 6490643.938166027888656 ], [ 877767.957737948745489, 6490644.656180993653834 ], [ 877778.002702458295971, 6490645.374149805866182 ], [ 877788.047666967846453, 6490646.092177130281925 ], [ 877798.092631477396935, 6490646.810133583843708 ], [ 877800.665815142681822, 6490646.994070136919618 ], [ 877808.137595987180248, 6490647.528173265978694 ], [ 877818.18256049673073, 6490648.2461281362921 ], [ 877828.227525006281212, 6490648.964169402606785 ], [ 877838.272489515831694, 6490649.682187533937395 ], [ 877848.317454025498591, 6490650.400165539234877 ], [ 877858.362418535049073, 6490651.118171310052276 ], [ 877868.407383044715971, 6490651.836161674931645 ], [ 877878.452347554266453, 6490652.554155087098479 ], [ 877888.497312063816935, 6490653.272157812491059 ], [ 877896.346231171744876, 6490657.032306049019098 ], [ 877898.542276573483832, 6490658.109527931548655 ], [ 877906.405301379039884, 6490667.070541962049901 ], [ 877908.58724108315073, 6490669.557166738435626 ], [ 877915.213556529954076, 6490677.108777874149382 ], [ 877918.632205592584796, 6490681.004805544391274 ], [ 877924.021811680635437, 6490687.147013787180185 ], [ 877928.677170102251694, 6490692.452397596091032 ], [ 877932.583829157054424, 6490697.185249699279666 ], [ 877936.638473570579663, 6490707.223485612310469 ], [ 877938.722134611802176, 6490712.944119566120207 ], [ 877940.410726002883166, 6490717.26172152440995 ], [ 877944.593604733236134, 6490727.29995743650943 ], [ 877948.767099121469073, 6490737.259180955588818 ], [ 877948.800206412328407, 6490737.338193349540234 ], [ 877953.041042319964617, 6490747.376429261639714 ], [ 877957.281869432190433, 6490757.414665174670517 ], [ 877958.81206363090314, 6490761.036727782338858 ], [ 877961.522671434795484, 6490767.452901086769998 ], [ 877965.763473437284119, 6490777.491136999800801 ], [ 877968.857028140570037, 6490784.813768874853849 ], [ 877970.00427543988917, 6490787.529372911900282 ], [ 877974.245077442494221, 6490797.567608824931085 ], [ 877978.48588188982103, 6490807.605844737030566 ], [ 877978.901992650236934, 6490808.590796260163188 ], [ 877982.726717991987243, 6490817.644080649130046 ], [ 877986.967542465077713, 6490827.68231656216085 ], [ 877988.946957159787416, 6490832.367711367085576 ], [ 877991.208344467566349, 6490837.72055247426033 ], [ 877993.440126743749715, 6490847.758788387291133 ], [ 877992.80506302905269, 6490857.797024299390614 ], [ 877988.946957159787416, 6490866.535889745689929 ], [ 877988.373310191323981, 6490867.835260212421417 ], [ 877983.941537864971906, 6490877.873496124520898 ], [ 877979.509775282815099, 6490887.911732037551701 ], [ 877978.901992650236934, 6490889.288399973884225 ], [ 877975.078012700774707, 6490897.949967949651182 ], [ 877970.6462501186179, 6490907.988203862681985 ], [ 877968.857028140570037, 6490912.040910203009844 ], [ 877966.214487536461093, 6490918.026439773850143 ], [ 877962.611132404883392, 6490928.064675686880946 ], [ 877959.49173578096088, 6490938.102911599911749 ], [ 877958.812063631019555, 6490940.290144347585738 ], [ 877956.372361580026336, 6490948.141147511079907 ], [ 877953.252902172505856, 6490958.179383425042033 ], [ 877958.812063631019555, 6490967.003110876306891 ], [ 877959.662386181647889, 6490968.217619337141514 ], [ 877968.857028140570037, 6490976.442400866188109 ], [ 877970.884323784266599, 6490978.255855250172317 ], [ 877978.901992650236934, 6490985.427812036126852 ], [ 877982.106261387001723, 6490988.294091162271798 ], [ 877988.946957159787416, 6490994.413223206065595 ], [ 877993.328118679462932, 6490998.332327075302601 ], [ 877998.991921669454314, 6491003.398799085058272 ], [ 878004.549952459987253, 6491008.370562987402081 ], [ 878009.036886179121211, 6491012.384210254997015 ], [ 878015.771890062605962, 6491018.408798899501562 ], [ 878019.081850688555278, 6491021.369621424004436 ], [ 878026.993827665341087, 6491028.447034811601043 ], [ 878029.126815198222175, 6491030.355032594874501 ], [ 878038.215765267959796, 6491038.485270725563169 ], [ 878039.171779707772657, 6491039.340443762950599 ], [ 878049.216744217439555, 6491048.325858177617192 ], [ 878049.437698820489459, 6491048.523506637662649 ], [ 878059.261708727106452, 6491057.311430812813342 ], [ 878060.659456341061741, 6491058.56174254976213 ], [ 878069.306673236540519, 6491066.296841982752085 ], [ 878071.88139394368045, 6491068.599978463724256 ], [ 878079.351637746207416, 6491074.286256471648812 ], [ 878084.133267537457868, 6491078.638214374892414 ], [ 878089.396602255757898, 6491081.852774869650602 ], [ 878099.44156676530838, 6491088.171124126762152 ], [ 878100.225309403729625, 6491088.676450287923217 ], [ 878109.486531274975277, 6491093.541839830577374 ], [ 878117.229013193282299, 6491098.714686200022697 ], [ 878119.53149578452576, 6491100.060713252983987 ], [ 878129.576460294192657, 6491106.092328530736268 ], [ 878134.287985619157553, 6491108.752922112122178 ], [ 878139.621424803743139, 6491111.285899325273931 ], [ 878149.666389313293621, 6491117.358234669081867 ], [ 878152.258547507342882, 6491118.791158025152981 ], [ 878159.711353822960518, 6491122.890755318105221 ], [ 878169.756318332511, 6491128.413727805949748 ], [ 878170.507440958637744, 6491128.829393937252462 ], [ 878179.801282842177898, 6491133.941633261740208 ], [ 878188.756292355014011, 6491138.867629850283265 ], [ 878189.84624735172838, 6491139.467186093330383 ], [ 878199.891211861278862, 6491144.992602717131376 ], [ 878207.005363937583752, 6491148.905865762382746 ], [ 878209.936176371062174, 6491150.518010100349784 ], [ 878219.981140880496241, 6491156.043462183326483 ], [ 878225.254318408668041, 6491158.944101675413549 ], [ 878230.026105390163139, 6491161.568979555740952 ], [ 878240.071069899713621, 6491167.094386940822005 ], [ 878243.503190832445398, 6491168.982337588444352 ], [ 878250.116034409264103, 6491172.619892956689 ], [ 878260.160998918931, 6491178.145356395281851 ], [ 878261.752107798936777, 6491179.020573500543833 ], [ 878270.205963428481482, 6491183.670763779431581 ], [ 878280.000935680000111, 6491189.058809412643313 ], [ 878280.250927938031964, 6491189.19632373098284 ], [ 878290.295892447698861, 6491194.72173323482275 ], [ 878298.250030777882785, 6491199.097045326605439 ], [ 878300.340856957249343, 6491200.247140619903803 ], [ 878310.385821466916241, 6491205.772599821910262 ], [ 878316.498961733886972, 6491209.135281237773597 ], [ 878320.430785976350307, 6491211.298110074363649 ], [ 878330.475750486017205, 6491216.823553671129048 ], [ 878334.747834157547913, 6491219.173517149873078 ], [ 878340.520714995684102, 6491222.349030595272779 ], [ 878350.565679505234584, 6491227.874486913904548 ], [ 878352.996774639235809, 6491229.211753062903881 ], [ 878360.610644014901482, 6491233.399894298054278 ], [ 878370.655608524451964, 6491238.925456369295716 ], [ 878371.245595521759242, 6491239.249988975003362 ], [ 878380.700573034002446, 6491244.450863753445446 ], [ 878389.494697618181817, 6491249.288224888034165 ], [ 878390.745537543669343, 6491249.976271137595177 ], [ 878400.790502053219825, 6491255.501737460494041 ], [ 878407.743605058873072, 6491259.326460799202323 ], [ 878410.835466562886722, 6491261.027240592986345 ], [ 878420.880431072320789, 6491266.552691309712827 ], [ 878425.992477482650429, 6491269.364696713164449 ], [ 878430.925395581987686, 6491272.078168234787881 ], [ 878440.970360091654584, 6491277.603617432527244 ], [ 878444.241441479418427, 6491279.402932625263929 ], [ 878451.015324601205066, 6491283.129024816676974 ], [ 878461.060289110755548, 6491288.654586887918413 ], [ 878462.490262361941859, 6491289.441168538294733 ], [ 878471.105253620422445, 6491294.179994272068143 ], [ 878480.739364458364435, 6491299.479404450394213 ], [ 878481.150218129856512, 6491299.705401656217873 ], [ 878491.195182639639825, 6491305.230875097215176 ], [ 878498.988248383975588, 6491309.517640362493694 ], [ 878501.240147149190307, 6491310.756371111609042 ], [ 878511.285111658740789, 6491316.281828947365284 ], [ 878517.237120807636529, 6491319.555876275524497 ], [ 878521.330076168407686, 6491321.807305872440338 ], [ 878531.375040677958168, 6491327.33274795114994 ], [ 878535.486108319833875, 6491329.594112187623978 ], [ 878541.420005187625065, 6491332.858155334368348 ], [ 878551.464969697175547, 6491338.383717405609787 ], [ 878553.734929202240892, 6491339.632348099723458 ], [ 878561.50993420672603, 6491343.909124789759517 ], [ 878571.554898716392927, 6491349.434535811655223 ], [ 878571.984019285300747, 6491349.670584012754261 ], [ 878581.599863225943409, 6491354.960094245150685 ], [ 878590.2328521811869, 6491359.708819925785065 ], [ 878591.644827735610306, 6491360.485501630231738 ], [ 878601.689792245160788, 6491366.010966585949063 ], [ 878608.48176413285546, 6491369.747055837884545 ], [ 878611.73475675471127, 6491371.536443511024117 ], [ 878621.779721264378168, 6491377.061878469772637 ], [ 878626.730775160016492, 6491379.785291750915349 ], [ 878631.824685773812234, 6491382.587285853922367 ], [ 878641.869650283479132, 6491388.087188397534192 ], [ 878645.085935135837644, 6491389.823527663946152 ], [ 878651.914614793146029, 6491393.522894812747836 ], [ 878661.959579302696511, 6491398.916379306465387 ], [ 878663.808667921693996, 6491399.861763576045632 ], [ 878672.004543812363409, 6491404.139441316947341 ], [ 878682.049508321913891, 6491409.447416911832988 ], [ 878682.878988181240857, 6491409.899999488145113 ], [ 878692.094472831464373, 6491415.118378639221191 ], [ 878701.215311807696708, 6491419.938235400244594 ], [ 878702.13943734113127, 6491420.445791838690639 ], [ 878712.184401850681752, 6491426.101457269862294 ], [ 878718.992848247289658, 6491429.976471313275397 ], [ 878722.229366360348649, 6491431.853929676115513 ], [ 878732.274330869899131, 6491437.535466155968606 ], [ 878736.630387321580201, 6491440.014707225374877 ], [ 878742.319295379566029, 6491443.252538197673857 ], [ 878752.364259889116511, 6491448.969610240310431 ], [ 878754.267733866698109, 6491450.052943138405681 ], [ 878762.409224398666993, 6491454.686547084711492 ], [ 878771.905227927840315, 6491460.091179050505161 ], [ 878772.454188908450305, 6491460.403619127348065 ], [ 878782.499153417884372, 6491466.120691169053316 ], [ 878789.542696024640463, 6491470.129414962604642 ], [ 878792.544117927434854, 6491471.8376280143857 ], [ 878802.589082437101752, 6491477.554700055159628 ], [ 878807.180177103728056, 6491480.167650875635445 ], [ 878812.634046946652234, 6491483.27163689956069 ], [ 878822.679011456202716, 6491488.988708942197263 ], [ 878824.817607608274557, 6491490.205886788666248 ], [ 878832.723975965869613, 6491494.705780982971191 ], [ 878842.455139261903241, 6491500.244122700765729 ], [ 878842.768940475420095, 6491500.422717828303576 ], [ 878852.813904985086992, 6491506.139789870008826 ], [ 878860.092448214301839, 6491510.28235861286521 ], [ 878862.858869494637474, 6491511.856861911714077 ], [ 878872.903834004187956, 6491517.113631100393832 ], [ 878880.869624165818095, 6491520.320594526827335 ], [ 878882.948798513738438, 6491521.175972942262888 ], [ 878892.993763023521751, 6491525.088809007778764 ], [ 878903.038727533072233, 6491529.001645070500672 ], [ 878906.522870141081512, 6491530.358830437995493 ], [ 878913.083692042622715, 6491532.914481134153903 ] ], [ [ 880862.621151193627156, 6490586.764654661528766 ], [ 880861.806806904147379, 6490586.101177463307977 ], [ 880851.761842394596897, 6490577.917144540697336 ], [ 880850.300335770123638, 6490576.726418749429286 ], [ 880841.71687788516283, 6490569.733149860054255 ], [ 880839.129127570195124, 6490566.688182836398482 ], [ 880837.939770126016811, 6490556.649946924299002 ], [ 880840.529111124575138, 6490546.611711011268198 ], [ 880841.716877885046415, 6490542.007032462395728 ], [ 880843.118461551843211, 6490536.573475099168718 ], [ 880847.483067742316052, 6490526.535239186137915 ], [ 880851.761842394480482, 6490523.218778004869819 ], [ 880859.695272801094688, 6490516.497003274038434 ], [ 880861.806806904263794, 6490514.080471768975258 ], [ 880867.991159202298149, 6490506.458767361938953 ], [ 880871.851771413814276, 6490500.851175833493471 ], [ 880874.902082316810265, 6490496.42053144890815 ], [ 880881.813041894929484, 6490486.38229553680867 ], [ 880881.896735923364758, 6490486.260728826746345 ], [ 880889.693578930688091, 6490476.344059623777866 ], [ 880891.941700433031656, 6490473.436210036277771 ], [ 880897.821037575486116, 6490466.305823711678386 ], [ 880901.986664942582138, 6490461.253803102299571 ], [ 880906.098032755544409, 6490456.267587798647583 ], [ 880912.031629452016205, 6490449.071396167390049 ], [ 880914.375010875985026, 6490446.229351885616779 ], [ 880922.076593961799517, 6490436.888900546357036 ], [ 880922.65194998960942, 6490436.191115973517299 ], [ 880930.928945169667713, 6490426.152880061417818 ], [ 880932.121558471349999, 6490424.706493611447513 ], [ 880939.205940349842422, 6490416.114644148387015 ], [ 880942.166522981133312, 6490412.524086676537991 ], [ 880947.482935529900715, 6490406.076408236287534 ], [ 880952.211487490683794, 6490400.341679742559791 ], [ 880955.759930709959008, 6490396.038172325119376 ], [ 880962.256452, 6490388.159272806718946 ], [ 880964.036912928451784, 6490385.99993641115725 ], [ 880972.301416509784758, 6490375.976777186617255 ], [ 880972.316511037875898, 6490375.96170049905777 ], [ 880982.34638101933524, 6490369.972079399973154 ], [ 880988.428739345166832, 6490365.923464586026967 ], [ 880992.391345528885722, 6490362.771848786622286 ], [ 881001.050067018019035, 6490355.885228673927486 ], [ 881002.43631003855262, 6490354.782695339992642 ], [ 881012.481274548103102, 6490346.793535918928683 ], [ 881013.671385253081098, 6490345.846992760896683 ], [ 881022.526239057769999, 6490338.804325089789927 ], [ 881026.292642703978345, 6490335.808756848797202 ], [ 881032.571203567320481, 6490330.815171643160284 ], [ 881038.913970376830548, 6490325.770520935766399 ], [ 881042.616168076870963, 6490322.82601819653064 ], [ 881051.535227318643592, 6490315.732285023666918 ], [ 881052.66113258653786, 6490314.836801392957568 ], [ 881062.706097095971927, 6490306.970392480492592 ], [ 881068.54242084978614, 6490305.694049111567438 ], [ 881072.75106160575524, 6490304.264339848421514 ], [ 881079.45417118142359, 6490305.694049110636115 ], [ 881082.796026115422137, 6490306.40683485660702 ], [ 881092.840990624739788, 6490308.549407780170441 ], [ 881102.885955134523101, 6490310.691933762282133 ], [ 881112.930919644073583, 6490312.834428770467639 ], [ 881122.975884153740481, 6490314.976931971497834 ], [ 881126.517171890824102, 6490315.732285023666918 ], [ 881133.020848663290963, 6490317.119512626901269 ], [ 881143.065813172841445, 6490319.261984394863248 ], [ 881153.110777682508342, 6490321.404517691582441 ], [ 881163.155742192058824, 6490323.38180167414248 ], [ 881167.436350215924904, 6490325.770520935766399 ], [ 881163.155742192175239, 6490329.512070216238499 ], [ 881160.124576552538201, 6490335.808756848797202 ], [ 881153.110777682508342, 6490342.419249730184674 ], [ 881149.403062997036614, 6490345.846992760896683 ], [ 881143.065813172841445, 6490351.843726148828864 ], [ 881138.685815428150818, 6490355.885228674858809 ], [ 881133.020848663290963, 6490361.575288302265108 ], [ 881128.273634639568627, 6490365.923464586026967 ], [ 881122.975884153740481, 6490371.247305812314153 ], [ 881117.782914893468842, 6490375.96170049905777 ], [ 881112.930919644073583, 6490380.840512100607157 ], [ 881107.185370918479748, 6490385.99993641115725 ], [ 881102.885955134523101, 6490390.326272929087281 ], [ 881096.437509983894415, 6490396.038172324188054 ], [ 881092.840990624856204, 6490399.660680496133864 ], [ 881085.468255331739783, 6490406.076408236287534 ], [ 881082.796026115305722, 6490408.771300256252289 ], [ 881074.153667217004113, 6490416.114644148387015 ], [ 881072.75106160575524, 6490417.531569723039865 ], [ 881062.706097095971927, 6490426.028414968401194 ], [ 881062.573621421237476, 6490426.152880061417818 ], [ 881052.661132586654276, 6490435.47973863966763 ], [ 881051.90390507876873, 6490436.191115973517299 ], [ 881042.616168076987378, 6490445.044127239845693 ], [ 881041.353365964256227, 6490446.229351886548102 ], [ 881032.571203567320481, 6490454.594434328377247 ], [ 881030.786832903977484, 6490456.267587798647583 ], [ 881022.526239057769999, 6490464.130042959935963 ], [ 881020.203528877929784, 6490466.305823711678386 ], [ 881012.481274547986686, 6490473.650270089507103 ], [ 881009.602610149886459, 6490476.344059623777866 ], [ 881002.436310038669035, 6490483.154375637881458 ], [ 880998.983238462591544, 6490486.382295535877347 ], [ 880992.391345528885722, 6490492.635152998380363 ], [ 880988.337778064422309, 6490496.42053144890815 ], [ 880982.34638101933524, 6490502.028982248157263 ], [ 880977.601988438866101, 6490506.458767361938953 ], [ 880972.301416509784758, 6490511.419778447598219 ], [ 880966.862638530205004, 6490516.497003274038434 ], [ 880962.256452000117861, 6490520.807404542341828 ], [ 880956.119733440689743, 6490526.535239186137915 ], [ 880952.211487490450963, 6490530.191916532814503 ], [ 880945.373208338627592, 6490536.573475099168718 ], [ 880942.166522981016897, 6490539.693458029069006 ], [ 880934.730636955471709, 6490546.611711011268198 ], [ 880932.121558471349999, 6490549.230887753888965 ], [ 880924.100522020016797, 6490556.649946924299002 ], [ 880922.076593961799517, 6490558.682514544576406 ], [ 880913.36116605962161, 6490566.688182836398482 ], [ 880912.03162945213262, 6490568.024010797962546 ], [ 880902.478998637991026, 6490576.726418749429286 ], [ 880901.986664942582138, 6490577.221357442438602 ], [ 880891.941700433031656, 6490586.321754901669919 ], [ 880891.179240637924522, 6490586.764654661528766 ], [ 880881.896735923364758, 6490594.806469200178981 ], [ 880871.851771413814276, 6490594.285070503130555 ], [ 880862.621151193627156, 6490586.764654661528766 ] ], [ [ 878410.352798277279362, 6489823.858725310303271 ], [ 878400.790502053219825, 6489817.842582958750427 ], [ 878394.397626382997259, 6489813.820489399135113 ], [ 878390.745537543669343, 6489811.522768659517169 ], [ 878380.700573034002446, 6489805.202954360283911 ], [ 878378.442454488715157, 6489803.782253485172987 ], [ 878370.655608524451964, 6489798.883140061050653 ], [ 878362.487282594433054, 6489793.744017573073506 ], [ 878360.610644014785066, 6489792.563325762748718 ], [ 878350.565679505234584, 6489786.243479275144637 ], [ 878346.532191963167861, 6489783.705781660042703 ], [ 878340.520714995684102, 6489779.923617811873555 ], [ 878330.576938805752434, 6489773.667545747943223 ], [ 878330.47575048613362, 6489773.603882865980268 ], [ 878320.430785976466723, 6489767.284022210165858 ], [ 878314.80580965464469, 6489763.629309834912419 ], [ 878310.385821467032656, 6489759.68539241887629 ], [ 878304.188205151353031, 6489753.591073922812939 ], [ 878310.385821466799825, 6489746.840487620793283 ], [ 878312.615904489532113, 6489743.552838009782135 ], [ 878320.430785976350307, 6489736.828802553005517 ], [ 878324.282652010326274, 6489733.514602097682655 ], [ 878330.475750486017205, 6489728.185971867293119 ], [ 878335.94939953123685, 6489723.476366184651852 ], [ 878340.520714995684102, 6489719.5431411806494 ], [ 878347.61614705203101, 6489713.438130272552371 ], [ 878350.565679505234584, 6489710.900310494937003 ], [ 878359.282894572941586, 6489703.39989436045289 ], [ 878360.610644015017897, 6489702.257479809224606 ], [ 878370.655608524451964, 6489693.614649122580886 ], [ 878370.949645939632319, 6489693.36165844835341 ], [ 878380.700573034002446, 6489684.971931480802596 ], [ 878382.616520996904001, 6489683.323422536253929 ], [ 878390.745537543669343, 6489676.329100793227553 ], [ 878394.283268517581746, 6489673.285186622291803 ], [ 878400.790502053219825, 6489667.686270108446479 ], [ 878409.151430499507114, 6489673.285186622291803 ], [ 878410.835466562886722, 6489675.423727239482105 ], [ 878415.698662042617798, 6489683.323422535322607 ], [ 878420.880431072320789, 6489688.053030429407954 ], [ 878430.925395582104102, 6489689.654197867959738 ], [ 878434.822545469971374, 6489693.361658447422087 ], [ 878434.511919937562197, 6489703.39989436045289 ], [ 878432.570915107149631, 6489713.438130272552371 ], [ 878430.925395582104102, 6489721.948587896302342 ], [ 878430.629995602997951, 6489723.476366184651852 ], [ 878428.688990772468969, 6489733.514602097682655 ], [ 878426.747985942056403, 6489743.552838008850813 ], [ 878424.807066437904723, 6489753.591073922812939 ], [ 878422.866061607375741, 6489763.629309834912419 ], [ 878420.925057156011462, 6489773.667545747943223 ], [ 878420.880431072437204, 6489773.898345299065113 ], [ 878418.98413727292791, 6489783.705781660042703 ], [ 878417.043132442398928, 6489793.744017573073506 ], [ 878415.102212938363664, 6489803.782253485172987 ], [ 878413.161208107834682, 6489813.82048939820379 ], [ 878411.042709126486443, 6489823.858725310303271 ], [ 878410.835466562886722, 6489824.162397257983685 ], [ 878410.352798277279362, 6489823.858725310303271 ] ], [ [ 879517.012233235640451, 6488288.008630694821477 ], [ 879515.78156261832919, 6488287.470269756391644 ], [ 879505.736598108778708, 6488283.268720503896475 ], [ 879495.691633599228226, 6488278.837488795630634 ], [ 879493.726056269020773, 6488277.970394782721996 ], [ 879485.646669089561328, 6488274.406257087364793 ], [ 879475.601704580010846, 6488269.975025380030274 ], [ 879470.970820225658827, 6488267.932158869691193 ], [ 879465.556740070343949, 6488265.543793671764433 ], [ 879455.511775560909882, 6488261.112561963498592 ], [ 879448.215584182180464, 6488257.89392295666039 ], [ 879445.466811051242985, 6488256.681330256164074 ], [ 879437.032306568347849, 6488247.855687044560909 ], [ 879441.728518735268153, 6488237.817451132461429 ], [ 879445.466811051242985, 6488230.34049360267818 ], [ 879447.013988745515235, 6488227.779215220361948 ], [ 879453.772361105540767, 6488217.740979307331145 ], [ 879455.511775560793467, 6488216.002044594846666 ], [ 879465.556740070343949, 6488217.021875642240047 ], [ 879472.287678553024307, 6488217.740979307331145 ], [ 879475.601704580010846, 6488218.098065514117479 ], [ 879485.646669089561328, 6488219.180389229208231 ], [ 879495.691633599228226, 6488220.262718132697046 ], [ 879505.736598108662292, 6488221.345047036185861 ], [ 879515.781562618445605, 6488222.43994477018714 ], [ 879525.826527127996087, 6488223.544350269250572 ], [ 879535.871491637546569, 6488224.63606290705502 ], [ 879545.916456147097051, 6488225.715186632238328 ], [ 879555.961420656763949, 6488226.782146834768355 ], [ 879565.452693726401776, 6488227.779215220361948 ], [ 879566.006385166430846, 6488227.867836323566735 ], [ 879576.051349675981328, 6488229.464454151690006 ], [ 879586.09631418553181, 6488231.024298262782395 ], [ 879596.141278695082292, 6488232.498011607676744 ], [ 879606.186243204749189, 6488232.053278840146959 ], [ 879616.231207714416087, 6488230.581538527272642 ], [ 879618.644499944755808, 6488237.817451132461429 ], [ 879616.610568422242068, 6488247.855687044560909 ], [ 879616.231207714183256, 6488250.07055451720953 ], [ 879606.186243204632774, 6488255.808345252647996 ], [ 879602.535657128319144, 6488257.893922957591712 ], [ 879596.141278695082292, 6488261.547027641907334 ], [ 879586.09631418553181, 6488267.284818376414478 ], [ 879584.963212222559378, 6488267.932158869691193 ], [ 879576.051349675981328, 6488273.023500765673816 ], [ 879567.390982449986041, 6488277.970394782721996 ], [ 879566.006385166314431, 6488279.211012763902545 ], [ 879555.961420656763949, 6488287.98811099678278 ], [ 879555.931695964070968, 6488288.008630694821477 ], [ 879545.916456147097051, 6488290.96373579185456 ], [ 879535.871491637546569, 6488293.008484248071909 ], [ 879525.826527127996087, 6488290.73953278362751 ], [ 879517.012233235640451, 6488288.008630694821477 ] ], [ [ 877858.362418534932658, 6490227.044978314079344 ], [ 877868.407383044715971, 6490225.730262187309563 ], [ 877869.137310161488131, 6490225.388161811046302 ], [ 877878.452347554266453, 6490221.022445692680776 ], [ 877888.497312063816935, 6490216.314565573818982 ], [ 877890.555528616067022, 6490215.349925898015499 ], [ 877894.640409492421895, 6490205.311689985916018 ], [ 877888.497312063816935, 6490203.042572159320116 ], [ 877878.452347554266453, 6490199.332195054739714 ], [ 877868.407383044715971, 6490199.967361347749829 ], [ 877858.362418535049073, 6490204.919715659692883 ], [ 877857.567356945248321, 6490205.311689985916018 ], [ 877848.317454025498591, 6490214.517651274800301 ], [ 877847.316280527273193, 6490215.349925898015499 ], [ 877848.317454025498591, 6490216.513454359024763 ], [ 877855.953949588001706, 6490225.388161811046302 ], [ 877858.362418534932658, 6490227.044978314079344 ] ] ] } },
{ "type": "Feature", "properties": { "id": 3, "cost_level": 1200.0 }, "geometry": { "type": "Polygon", "coordinates": [ [ [ 879365.107094974373467, 6491320.449592491611838 ], [ 879375.152059484040365, 6491319.918513543903828 ], [ 879381.10719366162084, 6491319.555876275524497 ], [ 879385.197023993590847, 6491319.229797592386603 ], [ 879395.241988503257744, 6491318.671015226282179 ], [ 879405.286953012808226, 6491319.396686594933271 ], [ 879406.443429786479101, 6491319.555876275524497 ], [ 879415.331917522358708, 6491320.834359619766474 ], [ 879421.631921444204636, 6491319.555876275524497 ], [ 879425.376882032025605, 6491318.04636193998158 ], [ 879435.421846541459672, 6491312.058587756939232 ], [ 879441.050771761103533, 6491309.517640362493694 ], [ 879445.466811051242985, 6491308.149103619158268 ], [ 879455.511775560793467, 6491306.797768098302186 ], [ 879465.556740070343949, 6491305.446488758549094 ], [ 879475.601704580010846, 6491304.095191567204893 ], [ 879485.646669089561328, 6491302.74385604634881 ], [ 879495.691633599344641, 6491301.392520524561405 ], [ 879505.736598108778708, 6491300.041190291754901 ], [ 879509.912807736312971, 6491299.479404450394213 ], [ 879515.78156261832919, 6491298.689943993464112 ], [ 879525.826527127996087, 6491297.338608471676707 ], [ 879535.871491637546569, 6491295.987272950820625 ], [ 879545.916456147097051, 6491294.635937429964542 ], [ 879555.961420656880364, 6491293.284696419723332 ], [ 879566.006385166314431, 6491291.933360898867249 ], [ 879576.051349675981328, 6491290.582025377079844 ], [ 879584.531750193214975, 6491289.44116853736341 ], [ 879586.09631418553181, 6491289.207838147878647 ], [ 879596.141278695082292, 6491287.703872538171709 ], [ 879606.186243204749189, 6491286.18933969270438 ], [ 879616.231207714299671, 6491284.664232352748513 ], [ 879626.276172223850153, 6491283.128439383581281 ], [ 879636.321136733517051, 6491281.581871228292584 ], [ 879646.366101243067533, 6491280.100375913083553 ], [ 879647.856791737256572, 6491279.402932626195252 ], [ 879656.411065752850845, 6491272.474269326776266 ], [ 879660.222938273102045, 6491269.364696713164449 ], [ 879666.456030262168497, 6491264.171802903525531 ], [ 879672.271951820002869, 6491259.326460800133646 ], [ 879676.50099477195181, 6491255.803173962980509 ], [ 879684.320965366903692, 6491249.288224888034165 ], [ 879686.545959281502292, 6491247.434545021504164 ], [ 879696.369978913688101, 6491239.249988975003362 ], [ 879696.590923791052774, 6491239.065919972956181 ], [ 879706.635888300603256, 6491230.697468025609851 ], [ 879708.419247299083509, 6491229.211753062903881 ], [ 879716.680852810270153, 6491222.328870508819818 ], [ 879720.468260845867917, 6491219.173517149873078 ], [ 879726.72581731993705, 6491213.960241567343473 ], [ 879732.517274392768741, 6491209.135281237773597 ], [ 879736.770781829487532, 6491206.012411715462804 ], [ 879745.896305566420779, 6491199.097045325674117 ], [ 879746.815746339038014, 6491198.423852627165616 ], [ 879756.860710848704912, 6491191.069168166257441 ], [ 879759.606441469513811, 6491189.058809412643313 ], [ 879766.905675358255394, 6491183.714483706280589 ], [ 879773.316577372606844, 6491179.020573500543833 ], [ 879776.950639867805876, 6491176.359799245372415 ], [ 879786.995604377472773, 6491169.004934012889862 ], [ 879787.028103939141147, 6491168.98233758751303 ], [ 879797.040568887023255, 6491163.020761111751199 ], [ 879807.085533396806568, 6491159.38018998876214 ], [ 879810.984219677280635, 6491158.944101675413549 ], [ 879817.130497906240635, 6491158.227442151866853 ], [ 879827.175462415791117, 6491158.148796949535608 ], [ 879837.220426925458014, 6491155.930844657123089 ], [ 879847.265391435008496, 6491152.372485294938087 ], [ 879854.781477993237786, 6491148.905865762382746 ], [ 879857.310355944675393, 6491147.776231792755425 ], [ 879867.355320454225875, 6491143.635789660736918 ], [ 879877.254148563253693, 6491138.867629850283265 ], [ 879877.400284963776357, 6491138.802352846600115 ], [ 879887.445249473443255, 6491135.019976518116891 ], [ 879897.490213982993737, 6491130.321488420479 ], [ 879900.913575369748287, 6491128.829393938183784 ], [ 879907.535178492544219, 6491126.542725449427962 ], [ 879917.580143002211116, 6491122.074792331084609 ], [ 879925.810449606971815, 6491118.791158026084304 ], [ 879927.625107511761598, 6491118.225233614444733 ], [ 879937.670072021428496, 6491114.23884704709053 ], [ 879947.715036530978978, 6491110.153303465805948 ], [ 879952.156928964308463, 6491108.752922112122178 ], [ 879957.76000104052946, 6491106.631163544021547 ], [ 879967.804965550196357, 6491101.900142864324152 ], [ 879977.335667543113232, 6491098.714686200022697 ], [ 879977.849930059746839, 6491098.503914379514754 ], [ 879987.894894569413736, 6491093.499830428510904 ], [ 879997.939859078964218, 6491089.556397011503577 ], [ 879999.806401429814287, 6491088.676450287923217 ], [ 880007.984823588514701, 6491084.948725981637836 ], [ 880018.029788098298013, 6491080.608343089930713 ], [ 880022.330976605066098, 6491078.638214373961091 ], [ 880028.07475260773208, 6491076.260129178874195 ], [ 880038.119717117398977, 6491071.716954139992595 ], [ 880045.14069626480341, 6491068.599978462792933 ], [ 880048.164681626949459, 6491067.389508130960166 ], [ 880058.209646136499941, 6491062.900698406621814 ], [ 880068.254610646283254, 6491058.576469093561172 ], [ 880068.288819658220746, 6491058.561742550693452 ], [ 880078.299575155717321, 6491054.252239782363176 ], [ 880088.344539665267803, 6491049.928010470233858 ], [ 880091.607130554271862, 6491048.523506637662649 ], [ 880098.3895041749347, 6491045.603781158104539 ], [ 880108.434468684485182, 6491041.279551846906543 ], [ 880114.925441450439394, 6491038.485270724631846 ], [ 880118.47943319415208, 6491036.955322534777224 ], [ 880128.524397703702562, 6491032.631093222647905 ], [ 880138.24375234649051, 6491028.447034812532365 ], [ 880138.569362213253044, 6491028.306863910518587 ], [ 880148.614326722919941, 6491023.982634598389268 ], [ 880158.659291232470423, 6491019.658405286259949 ], [ 880161.562063242658041, 6491018.40879889857024 ], [ 880168.70425574213732, 6491015.334175975061953 ], [ 880178.749220251687802, 6491011.009946662932634 ], [ 880184.880374138709158, 6491008.370562987402081 ], [ 880188.794184761238284, 6491006.685717351734638 ], [ 880198.839149270905182, 6491002.361488039605319 ], [ 880208.198685034876689, 6490998.332327075302601 ], [ 880208.884113780455664, 6490998.037258728407323 ], [ 880218.929078290122561, 6490993.713029416278005 ], [ 880228.974042799673043, 6490989.388800104148686 ], [ 880231.516995931044221, 6490988.294091162271798 ], [ 880239.019007309223525, 6490985.064570792019367 ], [ 880249.063971818890423, 6490980.740341480821371 ], [ 880254.835306827095337, 6490978.255855250172317 ], [ 880259.108936328440905, 6490976.416112168692052 ], [ 880269.153900837991387, 6490972.091882856562734 ], [ 880278.153617723262869, 6490968.217619337141514 ], [ 880279.198865347658284, 6490967.767653544433415 ], [ 880289.243829857208766, 6490963.443424233235419 ], [ 880299.288794366875663, 6490958.892189893871546 ], [ 880300.552218303899281, 6490958.179383425042033 ], [ 880309.333758876426145, 6490953.206541401334107 ], [ 880318.33780346554704, 6490948.14114751201123 ], [ 880319.378723385976627, 6490947.553373575210571 ], [ 880329.42368789575994, 6490941.378967348486185 ], [ 880334.682581518311054, 6490938.102911599911749 ], [ 880339.468652405194007, 6490935.121382344514132 ], [ 880349.513616914860904, 6490928.863768711686134 ], [ 880350.796362244640477, 6490928.064675686880946 ], [ 880359.558581424411386, 6490922.606166306883097 ], [ 880366.910142970853485, 6490918.026439774781466 ], [ 880369.603545933961868, 6490916.348570075817406 ], [ 880379.648510443628766, 6490910.091006016358733 ], [ 880383.023998855613172, 6490907.988203862681985 ], [ 880389.693474953179248, 6490903.833371439017355 ], [ 880399.137817620299757, 6490897.949967949651182 ], [ 880399.738439462846145, 6490897.575804750435054 ], [ 880409.783403972396627, 6490891.318172803148627 ], [ 880415.251598346512765, 6490887.911732037551701 ], [ 880419.828368481947109, 6490884.93493121676147 ], [ 880429.873332991614006, 6490878.307778529822826 ], [ 880430.524744534865022, 6490877.873496124520898 ], [ 880439.074502624338493, 6490867.835260212421417 ], [ 880439.918297501164488, 6490866.537440793588758 ], [ 880445.600997692439705, 6490857.797024299390614 ], [ 880449.963262010714971, 6490851.087427326478064 ], [ 880452.12738646264188, 6490847.758788386359811 ], [ 880458.653867198736407, 6490837.72055247426033 ], [ 880460.008226520381868, 6490835.637434996664524 ], [ 880465.180270300945267, 6490827.68231656216085 ], [ 880470.05319102993235, 6490820.187279170379043 ], [ 880471.706676568603143, 6490817.644080650061369 ], [ 880470.05319102993235, 6490812.488916740752757 ], [ 880467.814392290194519, 6490807.605844737030566 ], [ 880470.05319102993235, 6490803.880694426596165 ], [ 880473.847269957186654, 6490797.567608823999763 ], [ 880479.849032225552946, 6490787.529372911900282 ], [ 880480.098155539599247, 6490787.073998191393912 ], [ 880485.324693984352052, 6490777.491136999800801 ], [ 880490.143120049149729, 6490768.705708272755146 ], [ 880490.828141248202883, 6490767.452901087701321 ], [ 880496.224226234713569, 6490757.414665174670517 ], [ 880493.910526260035113, 6490747.376429261639714 ], [ 880491.463392935227603, 6490737.338193349540234 ], [ 880490.143120049149729, 6490731.922150967642665 ], [ 880489.016383112058975, 6490727.29995743650943 ], [ 880486.569335701526143, 6490717.26172152440995 ], [ 880484.122307084850036, 6490707.223485612310469 ], [ 880481.675278468057513, 6490697.185249699279666 ], [ 880480.098155539599247, 6490690.715553386136889 ], [ 880479.228249851264991, 6490687.147013787180185 ], [ 880476.781221234472468, 6490677.10877787321806 ], [ 880474.336787265725434, 6490667.070541961118579 ], [ 880471.897228135028854, 6490657.032306049019098 ], [ 880470.05319102993235, 6490649.436064066365361 ], [ 880469.460371257388033, 6490646.994070136919618 ], [ 880470.05319102993235, 6490646.260817267931998 ], [ 880478.182632769574411, 6490636.955834223888814 ], [ 880480.098155539599247, 6490635.17274425085634 ], [ 880488.7747356191976, 6490626.917598311789334 ], [ 880490.143120049149729, 6490625.643772382289171 ], [ 880499.558128710952587, 6490616.879362398758531 ], [ 880500.188084558700211, 6490616.29294756706804 ], [ 880510.233049068250693, 6490606.94226657319814 ], [ 880510.34169875679072, 6490606.84112648665905 ], [ 880520.278013577917591, 6490597.591433794237673 ], [ 880521.125091848429292, 6490596.802890574559569 ], [ 880530.322978087584488, 6490588.240739859640598 ], [ 880531.908661894267425, 6490586.764654661528766 ], [ 880540.36794259713497, 6490578.88992964476347 ], [ 880542.692054986022413, 6490576.726418750360608 ], [ 880550.412907106569037, 6490569.539213147945702 ], [ 880553.47562503174413, 6490566.688182836398482 ], [ 880560.45787161635235, 6490560.188425495289266 ], [ 880564.259018123499118, 6490556.649946924299002 ], [ 880570.502836125902832, 6490550.837686436250806 ], [ 880575.042588169220835, 6490546.611711011268198 ], [ 880580.547800635453314, 6490541.48692134488374 ], [ 880585.122868606122211, 6490536.573475098237395 ], [ 880580.547800635569729, 6490535.26510498393327 ], [ 880570.502836125902832, 6490532.583376313559711 ], [ 880560.45787161635235, 6490529.616483692079782 ], [ 880551.045868538320065, 6490526.535239186137915 ], [ 880550.412907106569037, 6490526.349783468060195 ], [ 880540.36794259713497, 6490523.406640314497054 ], [ 880530.322978087584488, 6490520.463479997590184 ], [ 880520.278013577917591, 6490517.520349578931928 ], [ 880516.785311645129696, 6490516.497003274038434 ], [ 880510.233049068367109, 6490514.57721085101366 ], [ 880500.188084558700211, 6490511.634067697450519 ], [ 880490.143120049266145, 6490508.690924543887377 ], [ 880482.524754751939327, 6490506.458767361938953 ], [ 880480.098155539599247, 6490505.747784465551376 ], [ 880470.05319102993235, 6490502.804654045030475 ], [ 880460.008226520381868, 6490499.861495080403984 ], [ 880449.963262010714971, 6490496.918351925909519 ], [ 880449.72796530672349, 6490496.42053144890815 ], [ 880449.963262010714971, 6490494.972693172283471 ], [ 880451.768768703797832, 6490486.382295535877347 ], [ 880453.049775376566686, 6490476.344059623777866 ], [ 880454.6698189151939, 6490466.305823711678386 ], [ 880456.024642568780109, 6490456.267587798647583 ], [ 880457.217844555387273, 6490446.229351885616779 ], [ 880458.411067925626412, 6490436.191115973517299 ], [ 880459.604269912349992, 6490426.152880061417818 ], [ 880459.988467104849406, 6490416.114644148387015 ], [ 880458.683127778000198, 6490406.076408235356212 ], [ 880457.377788451150991, 6490396.038172324188054 ], [ 880457.436665053246543, 6490385.99993641115725 ], [ 880459.397889224695973, 6490375.96170049905777 ], [ 880460.008226520381868, 6490373.507584378123283 ], [ 880462.051261018612422, 6490365.923464586026967 ], [ 880468.987779519637115, 6490355.885228673927486 ], [ 880470.05319102993235, 6490355.112364791333675 ], [ 880480.098155539715663, 6490352.249713242985308 ], [ 880490.143120049033314, 6490349.387061694636941 ], [ 880500.188084558700211, 6490346.524372979998589 ], [ 880502.564992870669812, 6490345.846992760896683 ], [ 880510.233049068367109, 6490343.661721432581544 ], [ 880520.278013577917591, 6490340.799069885164499 ], [ 880530.322978087584488, 6490337.936418337747455 ], [ 880537.788882961031049, 6490335.808756848797202 ], [ 880540.36794259713497, 6490335.073764068074524 ], [ 880550.412907106569037, 6490332.211078073829412 ], [ 880560.45787161635235, 6490329.348426526412368 ], [ 880570.502836125902832, 6490326.485774978064001 ], [ 880573.012642630957998, 6490325.770520935766399 ], [ 880580.547800635569729, 6490323.623123431578279 ], [ 880590.592765145120211, 6490321.288779092952609 ], [ 880600.637729654670693, 6490322.906862475909293 ], [ 880606.686684716260061, 6490325.770520934835076 ], [ 880610.682694164454006, 6490327.662273569963872 ], [ 880620.727658673888072, 6490334.768948822282255 ], [ 880622.055213531595655, 6490335.808756848797202 ], [ 880630.772623183438554, 6490341.989946272224188 ], [ 880639.762640686472878, 6490345.846992760896683 ], [ 880640.817587693105452, 6490346.281580239534378 ], [ 880650.862552202655934, 6490350.09899321384728 ], [ 880660.907516712439246, 6490348.827249828726053 ], [ 880668.087124918820336, 6490345.846992760896683 ], [ 880670.952481221873313, 6490344.657582680694759 ], [ 880680.997445731423795, 6490340.487830319441855 ], [ 880691.042410241090693, 6490336.318163172341883 ], [ 880692.269573869649321, 6490335.808756848797202 ], [ 880701.087374750641175, 6490332.148410810157657 ], [ 880711.132339260308072, 6490327.978743662126362 ], [ 880716.452072978485376, 6490325.770520935766399 ], [ 880721.177303769858554, 6490323.406444381922483 ], [ 880731.222268279409036, 6490319.719790177419782 ], [ 880734.075658886227757, 6490315.732285023666918 ], [ 880741.1533048665151, 6490305.694049111567438 ], [ 880741.267232789075933, 6490305.532287215813994 ], [ 880748.223275647847913, 6490295.655813198536634 ], [ 880751.312197298626415, 6490291.270035962574184 ], [ 880755.29318968905136, 6490285.617577286437154 ], [ 880761.357161808293313, 6490277.007575443945825 ], [ 880762.423000600305386, 6490275.579341373406351 ], [ 880770.529743880499154, 6490265.54110546130687 ], [ 880771.402126317843795, 6490264.475229708477855 ], [ 880779.296249079634435, 6490255.502869548276067 ], [ 880781.447090827394277, 6490253.115166787058115 ], [ 880788.248147044680081, 6490245.464633636176586 ], [ 880791.492055337061174, 6490241.859649624675512 ], [ 880796.886350503889844, 6490235.426397723145783 ], [ 880801.537019846495241, 6490229.87999611441046 ], [ 880805.303432299639098, 6490225.388161811977625 ], [ 880811.581984356162138, 6490217.900342604145408 ], [ 880813.872439101687633, 6490215.349925898015499 ], [ 880821.626948865829036, 6490207.777860958129168 ], [ 880824.392759685637429, 6490205.311689985916018 ], [ 880831.671913375379518, 6490197.914183431304991 ], [ 880833.972866712720133, 6490195.273454073816538 ], [ 880841.71687788493, 6490186.637320670299232 ], [ 880843.020018417853862, 6490185.235218160785735 ], [ 880851.761842394596897, 6490175.44471665751189 ], [ 880851.991422628401779, 6490175.196982248686254 ], [ 880860.894617074518465, 6490165.158746335655451 ], [ 880861.806806904147379, 6490164.1296994285658 ], [ 880869.792783694108948, 6490155.12051042355597 ], [ 880871.851771413814276, 6490152.797712597064674 ], [ 880878.691055519506335, 6490145.08227451145649 ], [ 880881.896735923364758, 6490141.4659269079566 ], [ 880887.589262848370709, 6490135.044038598425686 ], [ 880891.941700433031656, 6490130.133940075524151 ], [ 880896.487493964261375, 6490125.005802685394883 ], [ 880893.279985858011059, 6490114.967566773295403 ], [ 880891.941700432915241, 6490112.551956455223262 ], [ 880887.718717370298691, 6490104.929330861195922 ], [ 880882.157475102110766, 6490094.891094948165119 ], [ 880881.896735923364758, 6490094.420459731481969 ], [ 880876.596224283217452, 6490084.852859035134315 ], [ 880871.851771413814276, 6490076.288963007740676 ], [ 880871.034964346326888, 6490074.814623123034835 ], [ 880865.473791324533522, 6490064.776387210935354 ], [ 880861.806806904147379, 6490058.157466285862029 ], [ 880859.91248465271201, 6490054.738151298835874 ], [ 880854.351280568866059, 6490044.699915386736393 ], [ 880851.761842394596897, 6490040.025969562120736 ], [ 880848.862677479861304, 6490034.661679472774267 ], [ 880843.479999580653384, 6490024.623443560674787 ], [ 880841.716877885046415, 6490021.403896490111947 ], [ 880839.015672076260671, 6490014.585207648575306 ], [ 880841.492721991846338, 6490004.546971735544503 ], [ 880841.716877885046415, 6490004.330864388495684 ], [ 880847.645102778682485, 6489994.508735823445022 ], [ 880846.406546958955005, 6489984.470499910414219 ], [ 880841.716877885046415, 6489975.831216346472502 ], [ 880840.47950409410987, 6489974.432263998314738 ], [ 880831.671913375379518, 6489964.474561801180243 ], [ 880831.611971962964162, 6489964.394028085283935 ], [ 880822.721858462668024, 6489954.355792173184454 ], [ 880821.626948865829036, 6489953.117907256819308 ], [ 880814.4636461379705, 6489944.317556261084974 ], [ 880811.581984356278554, 6489941.093364515341818 ], [ 880806.475865752086975, 6489934.279320348054171 ], [ 880801.537019846611656, 6489928.858284763991833 ], [ 880797.117208680720069, 6489924.241084435023367 ], [ 880791.492055337061174, 6489917.727753365412354 ], [ 880788.859097643988207, 6489914.202848522923887 ], [ 880788.7660599113442, 6489904.164612609893084 ], [ 880790.717034896602854, 6489894.126376697793603 ], [ 880791.492055336944759, 6489890.138709979131818 ], [ 880792.668009881977923, 6489884.088140785694122 ], [ 880794.618984867352992, 6489874.049904871731997 ], [ 880796.570014938246459, 6489864.011668960563838 ], [ 880800.057922546518967, 6489853.973433047533035 ], [ 880801.537019846611656, 6489852.952460490167141 ], [ 880811.581984356162138, 6489848.653317950665951 ], [ 880821.626948865829036, 6489844.354265208356082 ], [ 880822.606112309033051, 6489843.935197135433555 ], [ 880831.671913375379518, 6489840.055126579478383 ], [ 880841.716877885046415, 6489836.767385058104992 ], [ 880851.761842394596897, 6489836.847421463578939 ], [ 880855.365063367644325, 6489833.896961222402751 ], [ 880859.301801943802275, 6489823.858725310303271 ], [ 880851.761842394596897, 6489814.322890435345471 ], [ 880851.317851235973649, 6489813.82048939820379 ], [ 880842.439814290730283, 6489803.782253485172987 ], [ 880841.716877885046415, 6489802.955730051733553 ], [ 880833.537817663280293, 6489793.744017572142184 ], [ 880831.671913375379518, 6489791.642497075721622 ], [ 880824.625038815895095, 6489783.705781659111381 ], [ 880821.626948865829036, 6489780.329109275713563 ], [ 880815.712259968509898, 6489773.667545747943223 ], [ 880811.581984356045723, 6489769.015721474774182 ], [ 880806.7994811211247, 6489763.629309834912419 ], [ 880801.537019846611656, 6489757.28440928645432 ], [ 880798.593262799200602, 6489753.591073922812939 ], [ 880791.492055337061174, 6489744.345123154111207 ], [ 880790.883561879396439, 6489743.552838009782135 ], [ 880783.136172461090609, 6489733.514602098613977 ], [ 880781.447090827394277, 6489731.648028086870909 ], [ 880774.052367338445038, 6489723.476366184651852 ], [ 880771.402126317843795, 6489720.547627693973482 ], [ 880764.96868005185388, 6489713.438130272552371 ], [ 880761.357161808293313, 6489709.447099870070815 ], [ 880755.884992765262723, 6489703.39989436045289 ], [ 880751.312197298626415, 6489698.346650848165154 ], [ 880746.71579682151787, 6489693.361658447422087 ], [ 880741.267232789075933, 6489687.967665942385793 ], [ 880736.484532988397405, 6489683.323422535322607 ], [ 880731.222268279409036, 6489678.131837273947895 ], [ 880726.38356542319525, 6489673.285186622291803 ], [ 880721.177303769858554, 6489667.75221942551434 ], [ 880716.938058005645871, 6489663.246950710192323 ], [ 880711.132339260308072, 6489657.077003709971905 ], [ 880707.492405651486479, 6489653.20871479716152 ], [ 880701.087374750641175, 6489645.9533139038831 ], [ 880698.663024068111554, 6489643.170478885062039 ], [ 880691.042410241090693, 6489633.215759480372071 ], [ 880690.978476037271321, 6489633.132242972031236 ], [ 880683.293817674741149, 6489623.094007059931755 ], [ 880680.997445731423795, 6489620.094325753860176 ], [ 880675.609236945863813, 6489613.055771147832274 ], [ 880670.952481221873313, 6489606.972705187276006 ], [ 880660.907516712322831, 6489603.803105575032532 ], [ 880659.420129104633816, 6489603.017535234801471 ], [ 880650.862552202655934, 6489598.676270168274641 ], [ 880643.244529970455915, 6489592.979299322701991 ], [ 880640.817587693221867, 6489591.164334543049335 ], [ 880630.772623183438554, 6489583.652307177893817 ], [ 880629.670899628777988, 6489582.941063409671187 ], [ 880620.727658673888072, 6489573.867197288200259 ], [ 880620.336225443403237, 6489572.902827497571707 ], [ 880619.46271888515912, 6489562.864591584540904 ], [ 880618.589212326915003, 6489552.826355672441423 ], [ 880617.715602651238441, 6489542.78811975941062 ], [ 880617.859282209305093, 6489532.749883847311139 ], [ 880620.727658673888072, 6489524.773685878142715 ], [ 880621.822228348813951, 6489522.711647934280336 ], [ 880627.150654430268332, 6489512.673412022180855 ], [ 880626.956410724669695, 6489502.635176110081375 ], [ 880628.892081495374441, 6489492.596940197050571 ], [ 880627.529594044666737, 6489482.558704284951091 ], [ 880625.582992339972407, 6489472.52046837285161 ], [ 880623.63645541749429, 6489462.482232459820807 ], [ 880621.729790352401324, 6489452.443996546790004 ], [ 880620.727658673888072, 6489447.482012880034745 ], [ 880619.743287350400351, 6489442.405760634690523 ], [ 880617.796767898020335, 6489432.367524720728397 ], [ 880615.311969959293492, 6489422.329288809560239 ], [ 880610.68269416433759, 6489414.755346466787159 ], [ 880607.999178395955823, 6489412.291052897460759 ], [ 880610.68269416433759, 6489407.970196490176022 ], [ 880613.066647400497459, 6489402.252816984429955 ], [ 880616.569569189567119, 6489392.214581072330475 ], [ 880618.18794842751231, 6489382.176345159299672 ], [ 880619.806327665457502, 6489372.138109248131514 ], [ 880620.727658673888072, 6489366.423417783342302 ], [ 880621.540563827613369, 6489362.099873333238065 ], [ 880623.239097895449959, 6489352.061637422069907 ], [ 880624.715429325122386, 6489342.023401508107781 ], [ 880626.279935937607661, 6489331.985165596939623 ], [ 880627.898380365688354, 6489321.946929684840143 ], [ 880629.516785733867437, 6489311.90869377180934 ], [ 880630.772623183438554, 6489304.119176772423089 ], [ 880631.230549452127889, 6489301.870457858778536 ], [ 880630.772623183438554, 6489298.891552449204028 ], [ 880629.176261317450553, 6489291.832221946679056 ], [ 880620.727658673888072, 6489283.412461758591235 ], [ 880619.10366618540138, 6489281.793986034579575 ], [ 880610.68269416433759, 6489273.405012032017112 ], [ 880609.027141483267769, 6489271.755750121548772 ], [ 880600.637729654670693, 6489263.398216389119625 ], [ 880598.950616781017743, 6489261.717514209449291 ], [ 880590.592765145120211, 6489253.391420747153461 ], [ 880588.874092079000548, 6489251.679278296418488 ], [ 880580.547800635569729, 6489243.384625105187297 ], [ 880578.744880696060136, 6489241.641042384319007 ], [ 880570.502836125902832, 6489233.665960427373648 ], [ 880568.257636190857738, 6489231.602806471288204 ], [ 880560.45787161635235, 6489224.435464764013886 ], [ 880557.396592037403025, 6489221.564570559188724 ], [ 880550.412907106801867, 6489214.972004025243223 ], [ 880546.723336809198372, 6489211.526334647089243 ], [ 880540.36794259713497, 6489205.640081671997905 ], [ 880535.885123121202923, 6489201.48809873405844 ], [ 880530.322978087584488, 6489196.336445538327098 ], [ 880525.046929020434618, 6489191.449862822890282 ], [ 880520.278013577917591, 6489186.025263253599405 ], [ 880516.261327555635944, 6489181.411626908928156 ], [ 880512.135423778556287, 6489171.373390996828675 ], [ 880510.233049068367109, 6489166.744953891262412 ], [ 880508.009520001476631, 6489161.335155083797872 ], [ 880503.86176284647081, 6489151.296919171698391 ], [ 880500.188084558583796, 6489142.778379712253809 ], [ 880499.538898418890312, 6489141.258683258667588 ], [ 880495.15573634870816, 6489131.220447346568108 ], [ 880490.772574627771974, 6489121.182211434468627 ], [ 880490.143120049149729, 6489119.740617024712265 ], [ 880486.389501613099128, 6489111.143975521437824 ], [ 880482.006428598426282, 6489101.105739610269666 ], [ 880480.098155539599247, 6489096.735359493643045 ], [ 880477.623311787494458, 6489091.06750369630754 ], [ 880470.05319102993235, 6489082.269663108512759 ], [ 880468.902413154137321, 6489081.029267784208059 ], [ 880460.008226520381868, 6489073.164370029233396 ], [ 880457.550507809733972, 6489070.991031870245934 ], [ 880449.963262010714971, 6489064.281699863262475 ], [ 880446.19870034197811, 6489060.952795959077775 ], [ 880439.918297501164488, 6489055.399199184030294 ], [ 880434.846844870480709, 6489050.914560046046972 ], [ 880429.873332991497591, 6489046.531772979535162 ], [ 880423.010677839862183, 6489040.876324133947492 ], [ 880419.828368481947109, 6489038.340842068195343 ], [ 880410.411585731897503, 6489030.838088220916688 ], [ 880409.783403972280212, 6489030.337580785155296 ], [ 880399.738439462846145, 6489022.334360749460757 ], [ 880397.812493624165654, 6489020.799852308817208 ], [ 880389.693474953179248, 6489014.331082646735013 ], [ 880385.483872207580134, 6489010.761616396717727 ], [ 880379.648510443745181, 6489003.969106651842594 ], [ 880377.611549600842409, 6489000.723380483686924 ], [ 880372.053130323532969, 6488990.685144571587443 ], [ 880369.603545933961868, 6488982.49912958778441 ], [ 880369.040014306665398, 6488980.64690865855664 ], [ 880366.153968983097002, 6488970.60867274645716 ], [ 880363.267923659645021, 6488960.570436833426356 ], [ 880360.38187833619304, 6488950.532200920395553 ], [ 880359.558581424411386, 6488947.668611580505967 ], [ 880357.495833012624644, 6488940.493965008296072 ], [ 880354.609698038781062, 6488930.455729096196592 ], [ 880351.723703485797159, 6488920.417493184097111 ], [ 880349.513616914860904, 6488918.040946342051029 ], [ 880340.958178415545262, 6488910.379257271066308 ], [ 880339.468652405194007, 6488909.204998950473964 ], [ 880329.423687895643525, 6488901.286282579414546 ], [ 880328.22464067558758, 6488900.341021358966827 ], [ 880319.378723385976627, 6488893.36739893630147 ], [ 880315.491315118735656, 6488890.302785445936024 ], [ 880309.333758876426145, 6488885.448515292257071 ], [ 880302.757850656751543, 6488880.264549532905221 ], [ 880299.288794366875663, 6488877.529798923060298 ], [ 880290.02445182192605, 6488870.22631362080574 ], [ 880289.243829857208766, 6488869.610915278084576 ], [ 880279.198865347658284, 6488861.692031634971499 ], [ 880277.291085966513492, 6488860.18807770870626 ], [ 880269.153900837991387, 6488853.773315264843404 ], [ 880264.764181029167958, 6488850.149841795675457 ], [ 880259.108936328440905, 6488845.485632915049791 ], [ 880252.76206787279807, 6488840.111605883575976 ], [ 880249.063971818890423, 6488836.011888188309968 ], [ 880243.519484838703647, 6488830.073369970545173 ], [ 880242.723514811135828, 6488820.035134058445692 ], [ 880243.85906866681762, 6488809.996898146346211 ], [ 880244.994362848578021, 6488799.958662233315408 ], [ 880246.129916704492643, 6488789.920426320284605 ], [ 880247.265210886253044, 6488779.882190408185124 ], [ 880248.400764741934836, 6488769.843954496085644 ], [ 880249.063971818890423, 6488763.979898109100759 ], [ 880249.536058923695236, 6488759.805718583054841 ], [ 880251.714713699533604, 6488749.76748267095536 ], [ 880249.063971818890423, 6488744.963251760229468 ], [ 880246.113809820497409, 6488739.729246757924557 ], [ 880239.019007309223525, 6488735.205585211515427 ], [ 880230.665679758298211, 6488729.691010846756399 ], [ 880228.974042799673043, 6488728.580238155089319 ], [ 880218.929078290122561, 6488721.984601435251534 ], [ 880215.377853159094229, 6488719.652774933725595 ], [ 880208.884113780455664, 6488715.38881728053093 ], [ 880200.090054521337152, 6488709.614539021626115 ], [ 880198.839149270905182, 6488708.793168494477868 ], [ 880188.794184761238284, 6488702.190963495522738 ], [ 880184.932463647332042, 6488699.576303108595312 ], [ 880178.749220251687802, 6488695.360680877231061 ], [ 880170.208929965854622, 6488689.538067195564508 ], [ 880168.70425574213732, 6488688.512223021127284 ], [ 880158.659291232470423, 6488681.66388338431716 ], [ 880148.614326722919941, 6488688.995767094194889 ], [ 880148.255179646308534, 6488689.538067195564508 ], [ 880141.607291631633416, 6488699.576303109526634 ], [ 880138.569362213253044, 6488704.163538822904229 ], [ 880131.958084766170941, 6488709.614539021626115 ], [ 880128.524397703702562, 6488710.662541105411947 ], [ 880123.906275836983696, 6488709.614539020694792 ], [ 880118.47943319415208, 6488708.383011883124709 ], [ 880108.434468684485182, 6488706.103533333167434 ], [ 880098.3895041749347, 6488703.824361158534884 ], [ 880088.344539665384218, 6488702.890517093241215 ], [ 880080.373393927118741, 6488699.576303109526634 ], [ 880078.299575155833736, 6488698.660396774299443 ], [ 880068.254610646166839, 6488693.820702649652958 ], [ 880060.167591196368448, 6488689.538067195564508 ], [ 880058.209646136499941, 6488688.177808374166489 ], [ 880048.541963633731939, 6488679.499831283465028 ], [ 880048.164681627065875, 6488679.161172602325678 ], [ 880038.119717117398977, 6488670.144426551647484 ], [ 880037.359010446351022, 6488669.461595370434225 ], [ 880028.074752607848495, 6488661.127790778875351 ], [ 880026.175934405764565, 6488659.423359459266067 ], [ 880020.035578393028118, 6488649.385123545303941 ], [ 880018.029788098181598, 6488645.830017421394587 ], [ 880014.372007330413908, 6488639.34688763320446 ], [ 880008.708562354790047, 6488629.308651720173657 ], [ 880007.984823588398285, 6488628.025852910242975 ], [ 880003.045117378933355, 6488619.270415808074176 ], [ 879997.939859078964218, 6488610.221745518036187 ], [ 879997.381546316551976, 6488609.232179895974696 ], [ 879991.7181013408117, 6488599.193943982943892 ], [ 879987.894894569413736, 6488592.417458702810109 ], [ 879986.054656365071423, 6488589.155708070844412 ], [ 879981.975964949466288, 6488579.117472157813609 ], [ 879979.622899853507988, 6488569.079236245714128 ], [ 879977.849930059746839, 6488561.516263496130705 ], [ 879977.269659977406263, 6488559.041000332683325 ], [ 879974.792426353320479, 6488549.002764420583844 ], [ 879967.804965550196357, 6488543.383069499395788 ], [ 879961.168691650032997, 6488538.964528507553041 ], [ 879957.76000104052946, 6488536.70889241155237 ], [ 879947.715036530978978, 6488530.172398409806192 ], [ 879945.792923839297146, 6488528.92629259545356 ], [ 879937.670072021428496, 6488523.671797112561762 ], [ 879930.250807408592664, 6488518.88805668335408 ], [ 879927.625107511761598, 6488517.198076108470559 ], [ 879917.580143002327532, 6488510.732830439694226 ], [ 879914.654470987152308, 6488508.849820770323277 ], [ 879907.535178492544219, 6488504.267729361541569 ], [ 879899.538074484677054, 6488498.811584858223796 ], [ 879897.490213982993737, 6488497.462946383282542 ], [ 879887.445249473443255, 6488489.533289771527052 ], [ 879886.405817353748716, 6488488.773348945192993 ], [ 879877.400284963659942, 6488481.843322048895061 ], [ 879873.065280590904877, 6488478.735113033093512 ], [ 879867.355320454225875, 6488474.640997037291527 ], [ 879857.310355944675393, 6488468.997207299806178 ], [ 879852.860759262694046, 6488468.696877120062709 ], [ 879847.265391435008496, 6488468.455506469123065 ], [ 879846.802866979734972, 6488468.696877120062709 ], [ 879837.220426925458014, 6488473.697520384564996 ], [ 879827.567182928440161, 6488478.735113033093512 ], [ 879827.175462415791117, 6488478.939534300938249 ], [ 879817.130497906240635, 6488484.18164418824017 ], [ 879808.331682783667929, 6488488.773348945192993 ], [ 879807.085533396690153, 6488489.423658104613423 ], [ 879797.040568887023255, 6488494.665711658075452 ], [ 879790.524284320650622, 6488498.811584858223796 ], [ 879786.995604377472773, 6488501.145499151200056 ], [ 879779.245370032731444, 6488508.849820770323277 ], [ 879776.950639867805876, 6488511.201184127479792 ], [ 879775.019119673524983, 6488518.888056682422757 ], [ 879773.602013980620541, 6488528.92629259545356 ], [ 879773.582974754855968, 6488538.964528507553041 ], [ 879766.905675358255394, 6488548.82099618576467 ], [ 879766.611030551372096, 6488549.002764420583844 ], [ 879756.860710848821327, 6488555.017797982320189 ], [ 879746.815746339038014, 6488557.69120174087584 ], [ 879736.770781829603948, 6488558.244168344885111 ], [ 879727.964284209767357, 6488559.041000332683325 ], [ 879726.725817319820635, 6488559.153059641830623 ], [ 879716.680852810270153, 6488560.061950937844813 ], [ 879706.635888300836086, 6488560.970842233859003 ], [ 879696.590923791052774, 6488561.879733529873192 ], [ 879686.545959281502292, 6488562.788624825887382 ], [ 879676.50099477195181, 6488563.697516122832894 ], [ 879666.456030262168497, 6488564.606407417915761 ], [ 879656.411065752850845, 6488565.515298714861274 ], [ 879646.366101243067533, 6488566.424190010875463 ], [ 879636.321136733517051, 6488567.111536580137908 ], [ 879626.276172223966569, 6488565.897653009742498 ], [ 879616.231207714299671, 6488562.201338844373822 ], [ 879607.642884244793095, 6488559.041000332683325 ], [ 879606.186243204749189, 6488558.504984334111214 ], [ 879596.141278695082292, 6488554.80862982571125 ], [ 879586.09631418553181, 6488551.112275315448642 ], [ 879580.363649200065993, 6488549.002764420583844 ], [ 879576.051349675981328, 6488547.415930142626166 ], [ 879566.006385166314431, 6488543.719597382470965 ], [ 879555.961420656763949, 6488540.023270851001143 ], [ 879553.084253643872216, 6488538.964528507553041 ], [ 879545.916456146980636, 6488536.326916340738535 ], [ 879535.871491637546569, 6488532.630561832338572 ], [ 879525.826527127996087, 6488528.934207322075963 ], [ 879525.805018599145114, 6488528.92629259545356 ], [ 879515.781562618212774, 6488525.237874515354633 ], [ 879505.736598108778708, 6488521.541541755199432 ], [ 879498.525623043067753, 6488518.88805668335408 ], [ 879495.69163359911181, 6488517.845202857628465 ], [ 879485.646669089561328, 6488514.148848348297179 ], [ 879475.601704580010846, 6488510.452493838965893 ], [ 879471.246387998224236, 6488508.849820770323277 ], [ 879465.556740070460364, 6488506.583171844482422 ], [ 879455.511775560793467, 6488499.487931416369975 ], [ 879454.890224018599838, 6488498.811584858223796 ], [ 879454.901282405247912, 6488488.773348945192993 ], [ 879447.908964260946959, 6488478.735113033093512 ], [ 879445.4668110513594, 6488477.431160524487495 ], [ 879435.421846541576087, 6488472.21408620942384 ], [ 879428.391391215263866, 6488468.696877120062709 ], [ 879425.376882032025605, 6488467.196900418028235 ], [ 879415.331917522358708, 6488462.198701547458768 ], [ 879408.217379321693443, 6488458.658641207963228 ], [ 879405.286953012808226, 6488457.238888601772487 ], [ 879395.241988503257744, 6488452.732302417978644 ], [ 879385.197023993590847, 6488448.716651954688132 ], [ 879384.948835665592924, 6488448.620405294932425 ], [ 879375.15205948415678, 6488444.821246046572924 ], [ 879365.107094974257052, 6488440.925858989357948 ], [ 879359.063417345401831, 6488438.582169382832944 ], [ 879355.062130464822985, 6488437.030502492561936 ], [ 879345.017165955272503, 6488436.706388952210546 ], [ 879334.972201445605606, 6488436.298200219869614 ], [ 879324.927236936055124, 6488429.965930592268705 ], [ 879322.584139325539581, 6488428.543933470733464 ], [ 879314.882272426504642, 6488423.399716505780816 ], [ 879309.806029703700915, 6488418.505697557702661 ], [ 879304.837307916721329, 6488413.71533982641995 ], [ 879299.393986796960235, 6488408.46746164560318 ], [ 879294.792343407170847, 6488403.636775890365243 ], [ 879291.14554111182224, 6488398.429225732572377 ], [ 879286.497784186736681, 6488388.390989819541574 ], [ 879284.747378897620365, 6488384.859785713255405 ], [ 879275.545528455055319, 6488388.390989820472896 ], [ 879274.702414388069883, 6488389.001658390276134 ], [ 879267.270271113258786, 6488398.429225732572377 ], [ 879264.657449878519401, 6488400.740927658975124 ], [ 879254.612485368968919, 6488407.548676194623113 ], [ 879253.356086639221758, 6488408.46746164560318 ], [ 879246.271959813428111, 6488418.505697557702661 ], [ 879244.567520859185606, 6488425.010802490636706 ], [ 879243.540357158053666, 6488428.543933470733464 ], [ 879241.722427999135107, 6488438.582169383764267 ], [ 879239.90465570660308, 6488448.620405294932425 ], [ 879238.086726547568105, 6488458.658641207963228 ], [ 879235.554958319175057, 6488468.696877120062709 ], [ 879234.522556349635124, 6488470.82975148037076 ], [ 879231.002964002080262, 6488478.735113033093512 ], [ 879228.722222736803815, 6488488.773348945192993 ], [ 879224.477591840084642, 6488496.377537615597248 ], [ 879214.43262733053416, 6488498.070471290498972 ], [ 879213.108093342976645, 6488498.811584858223796 ], [ 879204.387662820867263, 6488504.196900628507137 ], [ 879195.374476007302292, 6488508.849820770323277 ], [ 879194.342698311316781, 6488509.614404771476984 ], [ 879186.160118705010973, 6488518.88805668335408 ], [ 879184.297733801649883, 6488521.038097507320344 ], [ 879178.231383242411539, 6488528.92629259545356 ], [ 879174.252769292099401, 6488536.405740830115974 ], [ 879173.035464592743665, 6488538.964528507553041 ], [ 879168.260056432569399, 6488549.002764420583844 ], [ 879164.207804782665335, 6488557.520641329698265 ], [ 879163.484516885131598, 6488559.041000333614647 ], [ 879158.709108724957332, 6488569.079236245714128 ], [ 879154.162840272882022, 6488578.635541829280555 ], [ 879153.933569177286699, 6488579.117472157813609 ], [ 879149.176488158642314, 6488589.155708070844412 ], [ 879144.634134532418102, 6488599.193943982943892 ], [ 879144.11787576333154, 6488600.363703451119363 ], [ 879140.337801243062131, 6488609.232179895043373 ], [ 879134.809472488588654, 6488619.270415808074176 ], [ 879134.072911253664643, 6488620.278441132977605 ], [ 879124.484470013878308, 6488629.308651720173657 ], [ 879124.027946744114161, 6488629.738596605136991 ], [ 879113.982982234563679, 6488639.198947506956756 ], [ 879113.825896727619693, 6488639.34688763320446 ], [ 879103.938017724896781, 6488648.659102979116142 ], [ 879103.167115930700675, 6488649.385123545303941 ], [ 879093.893053215346299, 6488658.119258451275527 ], [ 879092.508335133781657, 6488659.423359458334744 ], [ 879083.848088705795817, 6488667.579413922503591 ], [ 879081.849554336979054, 6488669.461595369502902 ], [ 879073.80312419612892, 6488677.039569394662976 ], [ 879071.190773539943621, 6488679.499831282533705 ], [ 879063.758159686578438, 6488686.499724866822362 ], [ 879060.531992743257433, 6488689.538067196495831 ], [ 879053.71319517691154, 6488695.959880338981748 ], [ 879049.873291271505877, 6488699.576303108595312 ], [ 879043.668230667477474, 6488705.420117469504476 ], [ 879039.214523154776543, 6488709.61453901976347 ], [ 879033.623266157810576, 6488714.880386712029576 ], [ 879028.555857863044366, 6488719.652774933725595 ], [ 879023.578301648143679, 6488724.340542184188962 ], [ 879017.897077066125348, 6488729.691010845825076 ], [ 879013.533337138593197, 6488733.800697656348348 ], [ 879006.955944072338752, 6488739.729246757924557 ], [ 879003.488372628809884, 6488742.860725233331323 ], [ 878995.822793196421117, 6488749.76748267095536 ], [ 878993.443408119375817, 6488751.911330468021333 ], [ 878984.681879928451963, 6488759.805718583054841 ], [ 878983.398443609825335, 6488760.962131505832076 ], [ 878973.540804877527989, 6488769.843954496085644 ], [ 878973.353479100158438, 6488770.012736740522087 ], [ 878963.308514590607956, 6488779.06334197614342 ], [ 878962.39972172153648, 6488779.882190408185124 ], [ 878953.263550081057474, 6488788.114143013954163 ], [ 878951.258816558751278, 6488789.92042632214725 ], [ 878943.218585571390577, 6488797.164748248644173 ], [ 878940.117713741725311, 6488799.958662234246731 ], [ 878933.173621061723679, 6488806.215353483334184 ], [ 878928.976701721781865, 6488809.996898146346211 ], [ 878923.128656552173197, 6488815.266154522076249 ], [ 878917.835725422715768, 6488820.035134058445692 ], [ 878913.083692042622715, 6488824.316759757697582 ], [ 878906.694760825484991, 6488830.073369970545173 ], [ 878903.038727533072233, 6488833.367560794577003 ], [ 878895.553737103939056, 6488840.111605883575976 ], [ 878892.993763023288921, 6488842.418166031129658 ], [ 878884.412634286913089, 6488850.149841795675457 ], [ 878882.948798513738438, 6488851.468771264888346 ], [ 878873.271740825613961, 6488860.18807770870626 ], [ 878872.903834004187956, 6488860.519572303630412 ], [ 878862.858869494637474, 6488869.570177538320422 ], [ 878862.130645968136378, 6488870.22631362080574 ], [ 878852.813904985086992, 6488878.620782773941755 ], [ 878850.989582618698478, 6488880.264549533836544 ], [ 878842.768940475420095, 6488887.671583810821176 ], [ 878839.848657649126835, 6488890.302785446867347 ], [ 878832.723975965986028, 6488896.722189047373831 ], [ 878828.707554832100868, 6488900.341021358966827 ], [ 878822.679011456202716, 6488905.772794282063842 ], [ 878817.566562618943863, 6488910.379257271066308 ], [ 878812.634046946652234, 6488914.823595319874585 ], [ 878806.425566513324156, 6488920.417493184097111 ], [ 878802.589082437101752, 6488923.874200555495918 ], [ 878795.284463696065359, 6488930.455729096196592 ], [ 878792.544117927434854, 6488932.924805790185928 ], [ 878784.735946102067828, 6488940.493965008296072 ], [ 878782.499153417884372, 6488942.523457549512386 ], [ 878775.125804590876214, 6488950.532200921326876 ], [ 878772.454188908217475, 6488953.205979265272617 ], [ 878765.631135109695606, 6488960.570436833426356 ], [ 878762.409224398666993, 6488964.048003539443016 ], [ 878756.330962509382516, 6488970.60867274645716 ], [ 878752.364259889116511, 6488974.890124654397368 ], [ 878747.03068364248611, 6488980.64690865855664 ], [ 878742.319295379566029, 6488985.732135407626629 ], [ 878737.73019035498146, 6488990.685144571587443 ], [ 878732.274330869782716, 6488996.574035823345184 ], [ 878728.429863222525455, 6489000.723380483686924 ], [ 878722.229366360232234, 6489007.415594048798084 ], [ 878719.129196160938591, 6489010.761616396717727 ], [ 878712.184401850565337, 6489018.257152274250984 ], [ 878709.828492403146811, 6489020.799852308817208 ], [ 878702.13943734113127, 6489029.098541627638042 ], [ 878700.527705574524589, 6489030.838088219985366 ], [ 878692.094472831347957, 6489039.940099853090942 ], [ 878691.227025001426227, 6489040.876324133947492 ], [ 878682.049508321913891, 6489050.78165584243834 ], [ 878681.926369533641264, 6489050.914560046046972 ], [ 878672.625557599822059, 6489060.952795959077775 ], [ 878672.004543812363409, 6489061.623047432862222 ], [ 878663.324880865169689, 6489070.991031871177256 ], [ 878661.959579302696511, 6489072.4646056573838 ], [ 878654.024090198101476, 6489081.029267784208059 ], [ 878651.914614793146029, 6489083.306033313274384 ], [ 878644.723434730200097, 6489091.06750369630754 ], [ 878641.869650283479132, 6489094.147553236223757 ], [ 878635.422723217168823, 6489101.105739609338343 ], [ 878631.824685774045065, 6489104.989111461676657 ], [ 878626.121967328479514, 6489111.143975521437824 ], [ 878621.779721264378168, 6489115.830500815063715 ], [ 878616.821232630871236, 6489121.182211434468627 ], [ 878611.73475675471127, 6489126.672059040516615 ], [ 878607.52049992675893, 6489131.220447346568108 ], [ 878601.689792245160788, 6489137.513554261997342 ], [ 878598.219844458857551, 6489141.258683258667588 ], [ 878591.644827735610306, 6489148.355006620287895 ], [ 878588.816926978994161, 6489151.296919170767069 ], [ 878581.599863226059824, 6489159.109746856614947 ], [ 878579.349921936867759, 6489161.335155082866549 ], [ 878571.554898716276512, 6489169.840409716591239 ], [ 878570.003361950395629, 6489171.373390996828675 ], [ 878561.509934206609614, 6489179.799249620176852 ], [ 878559.877996846567839, 6489181.411626909859478 ], [ 878551.464969697175547, 6489189.723817215301096 ], [ 878550.135098755825311, 6489191.449862822890282 ], [ 878541.42000518750865, 6489200.083714349195361 ], [ 878540.679995761602186, 6489201.488098734989762 ], [ 878534.607753983233124, 6489211.526334647089243 ], [ 878531.375040678074583, 6489214.759864990599453 ], [ 878527.311501414747909, 6489221.564570559188724 ], [ 878521.330076168407686, 6489231.581033493392169 ], [ 878521.317074229591526, 6489231.602806471288204 ], [ 878515.32262024411466, 6489241.641042384319007 ], [ 878511.285111658740789, 6489248.402202481403947 ], [ 878509.3281531825196, 6489251.679278296418488 ], [ 878503.333725997246802, 6489261.717514209449291 ], [ 878501.240147149190307, 6489265.223371228203177 ], [ 878497.339232135564089, 6489271.755750121548772 ], [ 878491.344804950407706, 6489281.793986034579575 ], [ 878491.195182639639825, 6489282.044539974071085 ], [ 878485.350349885411561, 6489291.832221946679056 ], [ 878481.150218129972927, 6489298.865708719938993 ], [ 878479.35588390333578, 6489301.870457859709859 ], [ 878477.450250989641063, 6489311.90869377180934 ], [ 878481.150218129856512, 6489315.517001984640956 ], [ 878491.195182639639825, 6489312.085832461714745 ], [ 878491.40105869108811, 6489311.90869377180934 ], [ 878501.240147149073891, 6489303.443001775071025 ], [ 878511.285111658740789, 6489311.763351896777749 ], [ 878511.374586748541333, 6489311.90869377180934 ], [ 878517.554438528139144, 6489321.946929684840143 ], [ 878521.330076168407686, 6489328.080013791099191 ], [ 878523.734158338746056, 6489331.985165596008301 ], [ 878529.913878149120137, 6489342.023401509039104 ], [ 878531.375040678074583, 6489344.396839368157089 ], [ 878536.093729928601533, 6489352.061637422069907 ], [ 878541.420005187625065, 6489360.713551945984364 ], [ 878542.273449739208445, 6489362.099873334169388 ], [ 878548.453301518689841, 6489372.138109246268868 ], [ 878551.464969697175547, 6489377.03021383844316 ], [ 878554.633021329063922, 6489382.176345159299672 ], [ 878560.812741139438003, 6489392.214581072330475 ], [ 878561.509934206842445, 6489393.347065917216241 ], [ 878566.99259291915223, 6489402.252816984429955 ], [ 878571.554898716392927, 6489409.663751995190978 ], [ 878573.172312729526311, 6489412.291052898392081 ], [ 878579.352032539900392, 6489422.329288808628917 ], [ 878581.599863226059824, 6489425.980550283566117 ], [ 878585.769288953393698, 6489432.36752472165972 ], [ 878591.644827735610306, 6489436.949476445093751 ], [ 878601.689792245160788, 6489437.945988855324686 ], [ 878611.73475675471127, 6489439.066420551389456 ], [ 878621.779721264378168, 6489440.227526740171015 ], [ 878631.82468577392865, 6489441.388570403680205 ], [ 878640.624422545311972, 6489442.405760634690523 ], [ 878641.869650283479132, 6489442.549700564704835 ], [ 878642.232838827650994, 6489442.405760633759201 ], [ 878651.914614793146029, 6489436.364906087517738 ], [ 878657.713231194531545, 6489432.36752472165972 ], [ 878661.959579302696511, 6489431.234954729676247 ], [ 878662.856025066459551, 6489432.367524720728397 ], [ 878666.115547348628752, 6489442.405760634690523 ], [ 878669.694463952677324, 6489452.443996546790004 ], [ 878672.004543812479824, 6489458.439981661736965 ], [ 878673.215304141864181, 6489462.482232459820807 ], [ 878675.655721699818969, 6489472.520468371920288 ], [ 878676.735774659318849, 6489482.558704284951091 ], [ 878672.833448482793756, 6489492.596940197050571 ], [ 878672.004543812246993, 6489494.402043864130974 ], [ 878668.94149323226884, 6489502.635176110081375 ], [ 878665.206856008036993, 6489512.673412023112178 ], [ 878661.959579302696511, 6489521.401647152379155 ], [ 878661.472202993463725, 6489522.711647934280336 ], [ 878657.737549979006872, 6489532.749883847311139 ], [ 878654.00294874701649, 6489542.78811975941062 ], [ 878651.914614793146029, 6489548.401275468990207 ], [ 878650.268295732443221, 6489552.826355672441423 ], [ 878646.533642718102783, 6489562.864591584540904 ], [ 878642.79904148587957, 6489572.902827497571707 ], [ 878641.869650283362716, 6489575.400903787463903 ], [ 878639.064388471539132, 6489582.941063409671187 ], [ 878635.329735456965864, 6489592.979299322701991 ], [ 878631.82468577392865, 6489602.400392919778824 ], [ 878631.59508244250901, 6489603.017535234801471 ], [ 878627.860481210518628, 6489613.055771147832274 ], [ 878624.125828196061775, 6489623.094007059931755 ], [ 878621.779721264261752, 6489629.400021236389875 ], [ 878620.391175181604922, 6489633.132242971099913 ], [ 878616.656547539168969, 6489643.170478885062039 ], [ 878612.921920934924856, 6489653.20871479716152 ], [ 878611.73475675471127, 6489656.39964955393225 ], [ 878609.187267920584418, 6489663.246950710192323 ], [ 878605.452634303830564, 6489673.285186622291803 ], [ 878601.718013674020767, 6489683.323422535322607 ], [ 878601.689792245160788, 6489683.399277871474624 ], [ 878597.983360659563914, 6489693.361658447422087 ], [ 878594.248707645107061, 6489703.39989436045289 ], [ 878591.644827735610306, 6489710.398864047601819 ], [ 878590.514100584085099, 6489713.438130272552371 ], [ 878586.77945339854341, 6489723.476366184651852 ], [ 878583.044800384086557, 6489733.514602097682655 ], [ 878581.599863225943409, 6489737.398395321331918 ], [ 878579.310147369629703, 6489743.552838008850813 ], [ 878575.575546137522906, 6489753.591073922812939 ], [ 878571.840893123066053, 6489763.629309834912419 ], [ 878571.554898716392927, 6489764.398023638874292 ], [ 878568.1062401086092, 6489773.667545747943223 ], [ 878564.371601846185513, 6489783.705781660042703 ], [ 878561.50993420672603, 6489791.39761942345649 ], [ 878560.636985862045549, 6489793.744017573073506 ], [ 878556.90233284747228, 6489803.782253485172987 ], [ 878553.167688610730693, 6489813.820489397272468 ], [ 878551.464969697175547, 6489818.397204547189176 ], [ 878549.433078601025045, 6489823.858725311234593 ], [ 878545.698425586568192, 6489833.896961222402751 ], [ 878541.782488152035512, 6489843.935197135433555 ], [ 878541.420005187625065, 6489844.496710883453488 ], [ 878535.302344921394251, 6489853.973433047533035 ], [ 878531.375040677958168, 6489860.057079158723354 ], [ 878528.822151007945649, 6489864.011668960563838 ], [ 878522.684779570205137, 6489874.049904873594642 ], [ 878521.330076168407686, 6489876.381487688049674 ], [ 878517.243950071046129, 6489884.088140785694122 ], [ 878516.349639650434256, 6489894.126376697793603 ], [ 878515.838635075953789, 6489904.164612610824406 ], [ 878515.327608881052583, 6489914.202848522923887 ], [ 878512.064701494527981, 6489924.241084435023367 ], [ 878511.285111658740789, 6489925.363949888385832 ], [ 878504.92238785722293, 6489934.279320348054171 ], [ 878501.240147149190307, 6489939.033212191425264 ], [ 878497.48288202076219, 6489944.317556260153651 ], [ 878494.2679647449404, 6489954.355792174115777 ], [ 878492.120120746083558, 6489964.394028085283935 ], [ 878491.195182639639825, 6489968.716797745786607 ], [ 878489.972250827820972, 6489974.432263998314738 ], [ 878485.1507302375976, 6489984.470499910414219 ], [ 878481.150218129856512, 6489990.093706748448312 ], [ 878478.004149036016315, 6489994.5087358225137 ], [ 878471.105253620422445, 6490004.468535913154483 ], [ 878471.051481615868397, 6490004.546971735544503 ], [ 878464.242764924187213, 6490014.585207648575306 ], [ 878461.060289110755548, 6490019.27716913074255 ], [ 878457.434020189801231, 6490024.623443560674787 ], [ 878451.015324601205066, 6490034.086643572896719 ], [ 878450.625289476593025, 6490034.661679472774267 ], [ 878443.816571303643286, 6490044.699915384873748 ], [ 878440.970360091654584, 6490048.896145290695131 ], [ 878437.007854849100113, 6490054.738151298835874 ], [ 878430.925395582104102, 6490063.705650746822357 ], [ 878430.199138394440524, 6490064.776387210935354 ], [ 878423.390410881256685, 6490074.814623123034835 ], [ 878420.880431072437204, 6490078.515132148750126 ], [ 878416.581680168164894, 6490084.852859036065638 ], [ 878410.835466562886722, 6490093.324606591835618 ], [ 878409.772949455073103, 6490094.891094948165119 ], [ 878402.964218741981313, 6490104.929330861195922 ], [ 878400.790502053219825, 6490108.134081033989787 ], [ 878396.155488028889522, 6490114.967566773295403 ], [ 878390.745537543669343, 6490122.943555475212634 ], [ 878389.346757315914147, 6490125.005802685394883 ], [ 878382.538034698460251, 6490135.044038597494364 ], [ 878380.700573034002446, 6490137.753029918298125 ], [ 878375.729295889730565, 6490145.082274509593844 ], [ 878370.655608524568379, 6490152.562504361383617 ], [ 878366.989188996725716, 6490155.12051042355597 ], [ 878360.610644014901482, 6490165.098472446203232 ], [ 878350.565679505234584, 6490159.089077894575894 ], [ 878343.932207762380131, 6490155.12051042355597 ], [ 878340.520714995684102, 6490153.079537046141922 ], [ 878330.475750486017205, 6490147.070142494514585 ], [ 878327.153023533523083, 6490145.082274509593844 ], [ 878320.430785976583138, 6490141.060601646080613 ], [ 878310.385821466916241, 6490135.051207095384598 ], [ 878310.373839304666035, 6490135.044038598425686 ], [ 878300.340856957249343, 6490129.041666246950626 ], [ 878293.594735382474028, 6490125.005802685394883 ], [ 878290.295892447698861, 6490123.032242932356894 ], [ 878284.691352318855934, 6490125.005802685394883 ], [ 878280.250927938031964, 6490127.294774041511118 ], [ 878274.665486812358722, 6490135.044038598425686 ], [ 878270.205963428365067, 6490141.231332138180733 ], [ 878267.422335113398731, 6490145.082274509593844 ], [ 878260.195112960645929, 6490155.12051042355597 ], [ 878260.160998918931, 6490155.167841399088502 ], [ 878252.877400399069302, 6490165.158746335655451 ], [ 878250.116034409264103, 6490169.007019634358585 ], [ 878245.437210825737566, 6490175.196982248686254 ], [ 878240.071069899713621, 6490182.613592825829983 ], [ 878238.110857113148086, 6490185.235218160785735 ], [ 878230.591710331151262, 6490195.273454073816538 ], [ 878230.026105390163139, 6490196.048161562532187 ], [ 878221.590057562687434, 6490205.311689985916018 ], [ 878219.981140880496241, 6490206.803128898143768 ], [ 878209.936176370945759, 6490212.844136042520404 ], [ 878205.811673792544752, 6490215.349925898015499 ], [ 878199.891211861278862, 6490218.996256800368428 ], [ 878189.846247351844795, 6490225.183007936924696 ], [ 878189.513143818941899, 6490225.388161811046302 ], [ 878179.801282842177898, 6490231.369679885916412 ], [ 878174.675431858864613, 6490235.426397723145783 ], [ 878169.959628337528557, 6490245.464633636176586 ], [ 878169.756318332511, 6490246.738704234361649 ], [ 878168.588734843186103, 6490255.502869548276067 ], [ 878166.860882204142399, 6490265.541105460375547 ], [ 878164.114993945811875, 6490275.579341373406351 ], [ 878159.969366186764091, 6490285.617577286437154 ], [ 878159.711353822960518, 6490286.03997775260359 ], [ 878153.837690852349624, 6490295.655813198536634 ], [ 878149.666389313293621, 6490302.315953003242612 ], [ 878147.582910020719282, 6490305.694049111567438 ], [ 878140.704988620942459, 6490315.732285022735596 ], [ 878139.621424803743139, 6490317.259188620373607 ], [ 878133.581376331858337, 6490325.770520935766399 ], [ 878129.576460294192657, 6490331.65460963640362 ], [ 878126.664577079005539, 6490335.808756848797202 ], [ 878121.486385252443142, 6490345.846992760896683 ], [ 878119.531495784409344, 6490349.854042056947947 ], [ 878116.589105430059135, 6490355.885228673927486 ], [ 878111.133726253407076, 6490365.923464585095644 ], [ 878109.486531275091693, 6490367.940792145207524 ], [ 878102.721455922350287, 6490375.96170049905777 ], [ 878099.44156676530838, 6490379.850518718361855 ], [ 878094.255053208209574, 6490385.99993641115725 ], [ 878089.396602255757898, 6490391.760284640826285 ], [ 878086.885232903179713, 6490396.038172324188054 ], [ 878081.125923422514461, 6490406.076408236287534 ], [ 878079.351637746207416, 6490409.234593762084842 ], [ 878076.114411221933551, 6490416.114644147455692 ], [ 878070.917056856676936, 6490426.152880061417818 ], [ 878069.306673236540519, 6490429.088204478845 ], [ 878065.409859562758356, 6490436.191115973517299 ], [ 878059.261708726873621, 6490442.865201379172504 ], [ 878055.752047660527751, 6490446.229351886548102 ], [ 878049.216744217439555, 6490451.91222464479506 ], [ 878044.20802685059607, 6490456.267587798647583 ], [ 878039.171779707772657, 6490460.646927626803517 ], [ 878032.664041018113494, 6490466.305823711678386 ], [ 878029.126815198222175, 6490469.097743137739599 ], [ 878019.081850688555278, 6490475.216006652452052 ], [ 878017.116206981590949, 6490476.344059623777866 ], [ 878009.036886179004796, 6490484.260769693180919 ], [ 878005.651292840135284, 6490486.382295535877347 ], [ 878009.036886179004796, 6490487.923784859478474 ], [ 878019.081850688671693, 6490492.497305841185153 ], [ 878027.698578486219049, 6490496.420531449839473 ], [ 878029.126815198222175, 6490497.867099425755441 ], [ 878039.171779707772657, 6490506.451605378650129 ], [ 878039.181489443755709, 6490506.458767361938953 ], [ 878039.171779707772657, 6490506.477815248072147 ], [ 878034.064458635752089, 6490516.497003274038434 ], [ 878029.126815198222175, 6490526.183789017610252 ], [ 878028.947670571273193, 6490526.535239186137915 ], [ 878023.830639763269573, 6490536.573475099168718 ], [ 878019.081850688555278, 6490545.889319935813546 ], [ 878018.713608955382369, 6490546.611711011268198 ], [ 878013.596578147495165, 6490556.649946924299002 ], [ 878009.196894062682986, 6490566.688182836398482 ], [ 878017.900099290418439, 6490576.726418749429286 ], [ 878019.081850688555278, 6490578.073189377784729 ], [ 878026.7083544410998, 6490586.764654661528766 ], [ 878029.126815198222175, 6490589.520828183740377 ], [ 878035.516609592013992, 6490596.802890574559569 ], [ 878039.171779707772657, 6490600.968430280685425 ], [ 878044.32494236715138, 6490606.84112648665905 ], [ 878048.893367400974967, 6490616.879362398758531 ], [ 878049.216744217323139, 6490618.158826431259513 ], [ 878051.430470978026278, 6490626.917598311789334 ], [ 878053.967603525612503, 6490636.955834223888814 ], [ 878056.504693219438195, 6490646.994070136919618 ], [ 878059.261708726990037, 6490654.309867391362786 ], [ 878061.647887981496751, 6490657.032306049019098 ], [ 878069.177981092594564, 6490667.070541962049901 ], [ 878069.306673236540519, 6490667.269098972901702 ], [ 878071.487994253169745, 6490667.070541962049901 ], [ 878079.351637746207416, 6490666.368535781279206 ], [ 878089.396602255757898, 6490665.74891940318048 ], [ 878099.44156676530838, 6490666.338804288767278 ], [ 878107.124731463030912, 6490667.070541962049901 ], [ 878109.486531274975277, 6490667.295477645471692 ], [ 878119.531495784409344, 6490668.252268084324896 ], [ 878129.576460294192657, 6490669.208957063034177 ], [ 878139.621424803743139, 6490670.311297768726945 ], [ 878149.666389313293621, 6490673.396550092846155 ], [ 878159.711353822960518, 6490676.865750154480338 ], [ 878160.415018641622737, 6490677.108777874149382 ], [ 878169.756318332394585, 6490680.335022390820086 ], [ 878179.801282842177898, 6490686.04184902831912 ], [ 878181.475949931424111, 6490687.147013787180185 ], [ 878189.84624735172838, 6490692.670832691714168 ], [ 878196.686988095287234, 6490697.185249699279666 ], [ 878199.891211861278862, 6490699.299816354177892 ], [ 878209.936176370945759, 6490705.928815227001905 ], [ 878212.059395278105512, 6490707.223485612310469 ], [ 878219.981140880496241, 6490712.119191942736506 ], [ 878228.546515723224729, 6490717.26172152440995 ], [ 878230.026105390163139, 6490718.301892310380936 ], [ 878240.071069899713621, 6490725.598690889775753 ], [ 878242.33223011449445, 6490727.29995743650943 ], [ 878250.116034409264103, 6490733.590678093023598 ], [ 878254.789703699061647, 6490737.338193349540234 ], [ 878260.160998918814585, 6490741.634100353345275 ], [ 878267.37126305163838, 6490747.376429262571037 ], [ 878270.205963428597897, 6490749.634013952687383 ], [ 878279.975614614551887, 6490757.414665173739195 ], [ 878280.250927938031964, 6490757.633927552960813 ], [ 878290.295892447698861, 6490765.636270548216999 ], [ 878292.566999934962951, 6490767.452901086769998 ], [ 878300.340856957249343, 6490773.651320908218622 ], [ 878305.137587034376338, 6490777.491136999800801 ], [ 878310.385821466916241, 6490781.679056132212281 ], [ 878317.688192256959155, 6490787.529372910968959 ], [ 878320.430785976466723, 6490789.719761047512293 ], [ 878330.21911479823757, 6490797.567608824931085 ], [ 878330.475750486017205, 6490797.773371062241495 ], [ 878340.520714995684102, 6490805.960456004366279 ], [ 878343.616510801250115, 6490807.605844737030566 ], [ 878350.565679505234584, 6490811.398564042523503 ], [ 878360.610644014785066, 6490815.233143637888134 ], [ 878370.655608524451964, 6490817.04160949960351 ], [ 878373.101639274740592, 6490817.644080649130046 ], [ 878380.700573034002446, 6490820.248392770066857 ], [ 878390.745537543669343, 6490823.691170254722238 ], [ 878400.790502053219825, 6490827.13394774030894 ], [ 878402.390547730959952, 6490827.68231656216085 ], [ 878410.835466562886722, 6490830.576565303839743 ], [ 878420.880431072437204, 6490831.910907967016101 ], [ 878430.925395581987686, 6490828.138024363666773 ], [ 878431.709841874544509, 6490827.68231656216085 ], [ 878440.970360091654584, 6490822.302573716267943 ], [ 878448.98934187926352, 6490817.644080649130046 ], [ 878451.015324601205066, 6490816.467119943350554 ], [ 878461.060289110755548, 6490810.631714252755046 ], [ 878466.268960362533107, 6490807.605844737030566 ], [ 878471.10525362030603, 6490804.796281227841973 ], [ 878481.150218129972927, 6490800.182280389592052 ], [ 878490.408490218338557, 6490797.567608824931085 ], [ 878491.195182639639825, 6490797.359650189056993 ], [ 878492.631489810300991, 6490797.567608824931085 ], [ 878501.240147149190307, 6490800.281734244897962 ], [ 878511.285111658740789, 6490806.425572716630995 ], [ 878513.214733113767579, 6490807.605844736099243 ], [ 878521.330076168407686, 6490812.569674465805292 ], [ 878529.626555683324113, 6490817.644080649130046 ], [ 878531.375040677841753, 6490818.713512936607003 ], [ 878541.420005187625065, 6490824.857351409271359 ], [ 878546.038726013386622, 6490827.68231656216085 ], [ 878551.464969697175547, 6490831.001276928931475 ], [ 878554.031070751138031, 6490827.68231656216085 ], [ 878557.84070433024317, 6490817.644080649130046 ], [ 878560.099047541967593, 6490807.605844737030566 ], [ 878561.50993420672603, 6490801.334636488929391 ], [ 878562.357393389684148, 6490797.567608824931085 ], [ 878564.615509929601103, 6490787.529372911900282 ], [ 878566.873626469634473, 6490777.491136999800801 ], [ 878569.131904338137247, 6490767.452901086769998 ], [ 878571.390020877937786, 6490757.414665174670517 ], [ 878571.554898716392927, 6490756.68171689286828 ], [ 878574.886785479495302, 6490747.376429261639714 ], [ 878571.554898716276512, 6490743.200000384822488 ], [ 878568.602576309000142, 6490737.338193349540234 ], [ 878561.50993420672603, 6490729.341601558029652 ], [ 878559.234718682593666, 6490727.299957437440753 ], [ 878551.464969697175547, 6490721.421176632866263 ], [ 878541.420005187625065, 6490717.613152063451707 ], [ 878540.518573813256808, 6490717.26172152440995 ], [ 878531.375040677841753, 6490713.697092592716217 ], [ 878521.330076168407686, 6490709.561367190442979 ], [ 878517.832503558835015, 6490707.223485612310469 ], [ 878511.285111658740789, 6490698.629393354058266 ], [ 878510.936130542075261, 6490697.185249699279666 ], [ 878511.285111658740789, 6490695.818919725716114 ], [ 878515.816538953222334, 6490687.147013787180185 ], [ 878521.330076168407686, 6490684.118237650953233 ], [ 878531.375040677958168, 6490678.600181074813008 ], [ 878533.267773210536689, 6490677.10877787321806 ], [ 878541.420005187625065, 6490668.583814818412066 ], [ 878551.464969697175547, 6490668.772890603169799 ], [ 878561.50993420672603, 6490672.289633221924305 ], [ 878565.223837381228805, 6490677.108777874149382 ], [ 878571.554898716392927, 6490682.148347927257419 ], [ 878578.938645561574958, 6490687.147013787180185 ], [ 878581.599863225826994, 6490688.407057467848063 ], [ 878591.644827735610306, 6490693.163186300545931 ], [ 878600.13954135379754, 6490697.185249699279666 ], [ 878601.689792245160788, 6490697.919264039024711 ], [ 878611.73475675471127, 6490702.675388840958476 ], [ 878621.340356661239639, 6490707.223485612310469 ], [ 878621.779721264378168, 6490707.431517671793699 ], [ 878631.824685773812234, 6490712.187646502628922 ], [ 878641.869650283479132, 6490716.943775334395468 ], [ 878642.541154001373798, 6490717.26172152440995 ], [ 878651.914614793146029, 6490721.836902325972915 ], [ 878659.051306792418472, 6490727.29995743650943 ], [ 878661.959579302696511, 6490732.273941610008478 ], [ 878664.920609086519107, 6490737.338193349540234 ], [ 878670.549060623976402, 6490747.376429261639714 ], [ 878672.004543812246993, 6490750.609137528575957 ], [ 878675.068616725271568, 6490757.414665174670517 ], [ 878679.588161477237009, 6490767.452901086769998 ], [ 878682.049508321913891, 6490772.919730523601174 ], [ 878684.107706229202449, 6490777.491136999800801 ], [ 878688.62725098116789, 6490787.529372911900282 ], [ 878692.094472831580788, 6490795.230323518626392 ], [ 878693.14680393866729, 6490797.567608824931085 ], [ 878697.666383932810277, 6490807.605844737961888 ], [ 878702.13943734113127, 6490817.540742541663349 ], [ 878702.18596356397029, 6490817.644080649130046 ], [ 878706.705508315935731, 6490827.68231656216085 ], [ 878711.225053067784756, 6490837.72055247426033 ], [ 878712.184401850681752, 6490839.851335536688566 ], [ 878715.744625581195578, 6490847.758788387291133 ], [ 878720.264205575105734, 6490857.797024300321937 ], [ 878722.229366360465065, 6490862.161754561588168 ], [ 878724.783765650587156, 6490867.835260212421417 ], [ 878729.303310402552597, 6490877.873496124520898 ], [ 878732.274330869899131, 6490884.472347555682063 ], [ 878733.822855154518038, 6490887.911732037551701 ], [ 878738.318534602760337, 6490897.949967949651182 ], [ 878742.319295379449613, 6490906.782940549775958 ], [ 878742.861948889680207, 6490907.988203862681985 ], [ 878745.667967764195055, 6490918.026439774781466 ], [ 878742.319295379449613, 6490924.642753062769771 ], [ 878736.130775529425591, 6490918.026439774781466 ], [ 878732.274330870015547, 6490913.903410898521543 ], [ 878726.741585583426058, 6490907.988203862681985 ], [ 878722.229366360465065, 6490903.164068734273314 ], [ 878717.352395637193695, 6490897.949967949651182 ], [ 878712.184401850681752, 6490892.424726569093764 ], [ 878707.963205691194162, 6490887.911732037551701 ], [ 878702.13943734113127, 6490881.685384403914213 ], [ 878698.574015745078214, 6490877.873496124520898 ], [ 878692.094472831347957, 6490870.946042239665985 ], [ 878689.184825798962265, 6490867.835260212421417 ], [ 878682.049508321913891, 6490860.206700074486434 ], [ 878679.795635852962732, 6490857.797024299390614 ], [ 878672.004543812363409, 6490849.467357909306884 ], [ 878670.406445906963199, 6490847.758788387291133 ], [ 878661.959579302696511, 6490838.728015745058656 ], [ 878660.659298495622352, 6490837.72055247426033 ], [ 878651.914614793146029, 6490828.116569763049483 ], [ 878651.018199385143816, 6490827.68231656216085 ], [ 878642.238876068615355, 6490817.644080649130046 ], [ 878641.869650283479132, 6490817.249331415630877 ], [ 878637.545462794369087, 6490817.644080649130046 ], [ 878638.824929913389497, 6490827.68231656216085 ], [ 878641.869650283479132, 6490832.390587769448757 ], [ 878645.316473673563451, 6490837.72055247426033 ], [ 878651.808080973220058, 6490847.758788387291133 ], [ 878651.914614793146029, 6490847.923529333434999 ], [ 878658.299683976685628, 6490857.797024299390614 ], [ 878661.959579302696511, 6490863.456470898352563 ], [ 878664.791289128363132, 6490867.835260212421417 ], [ 878671.282894280273467, 6490877.873496124520898 ], [ 878672.004543812479824, 6490878.989412463270128 ], [ 878677.774499431950971, 6490887.911732037551701 ], [ 878682.049508321913891, 6490894.52235402725637 ], [ 878684.26610458351206, 6490897.949967949651182 ], [ 878690.757709735073149, 6490907.988203861750662 ], [ 878692.094472831464373, 6490910.055295591242611 ], [ 878697.249314886750653, 6490918.026439774781466 ], [ 878702.13943734113127, 6490925.588237156160176 ], [ 878703.740887748077512, 6490928.064675686880946 ], [ 878710.232525190105662, 6490938.102911599911749 ], [ 878712.184401850798167, 6490941.12117872107774 ], [ 878716.724038807675242, 6490948.14114751201123 ], [ 878722.229366360348649, 6490956.654167871922255 ], [ 878723.21571560553275, 6490958.179383425042033 ], [ 878729.707189867505804, 6490968.217619337141514 ], [ 878732.274330869782716, 6490972.187251191586256 ], [ 878736.198866665130481, 6490978.255855250172317 ], [ 878742.319295379449613, 6490987.720316609367728 ], [ 878742.690348408534192, 6490988.294091162271798 ], [ 878749.182017724961042, 6490998.332327075302601 ], [ 878752.364259889116511, 6491003.253258174285293 ], [ 878755.673558712005615, 6491008.370562987402081 ], [ 878762.165168784558773, 6491018.40879889857024 ], [ 878762.409224398783408, 6491018.786199738271534 ], [ 878768.656769015360624, 6491028.447034813463688 ], [ 878772.45418890833389, 6491034.319141302257776 ], [ 878775.148374167038128, 6491038.485270724631846 ], [ 878781.639979318715632, 6491048.523506637662649 ], [ 878782.499153417884372, 6491049.852082867175341 ], [ 878788.131584470276721, 6491058.56174254976213 ], [ 878792.544117927318439, 6491065.107085768133402 ], [ 878795.872210187022574, 6491068.599978463724256 ], [ 878802.589082437101752, 6491072.770106422714889 ], [ 878812.04064090445172, 6491078.638214375823736 ], [ 878812.634046946652234, 6491079.006637290120125 ], [ 878822.679011456202716, 6491085.242990431375802 ], [ 878828.209324062801898, 6491088.676450287923217 ], [ 878832.723975965869613, 6491091.479393199086189 ], [ 878842.768940475420095, 6491097.719907660037279 ], [ 878844.328708953922614, 6491098.714686200022697 ], [ 878852.813904985086992, 6491104.064620594494045 ], [ 878860.117747608339414, 6491108.752922112122178 ], [ 878862.85886949475389, 6491110.512435092590749 ], [ 878872.903834004187956, 6491116.960249590687454 ], [ 878875.756181920296513, 6491118.791158025152981 ], [ 878882.948798513854854, 6491123.408064087852836 ], [ 878892.993763023405336, 6491125.377413741312921 ], [ 878903.038727533072233, 6491126.73942069709301 ], [ 878913.083692042622715, 6491128.101268976926804 ], [ 878918.453792400890961, 6491128.829393937252462 ], [ 878923.128656552173197, 6491129.463263522833586 ], [ 878933.173621061840095, 6491130.825270477682352 ], [ 878943.218585571274161, 6491132.187106348574162 ], [ 878953.263550081057474, 6491133.549113303422928 ], [ 878963.308514590607956, 6491134.911016608588398 ], [ 878973.353479100158438, 6491136.272956130094826 ], [ 878983.398443609825335, 6491137.611464005894959 ], [ 878993.061455333256163, 6491138.867629850283265 ], [ 878993.443408119375817, 6491138.916608348488808 ], [ 879003.4883726289263, 6491140.204860687255859 ], [ 879013.533337138593197, 6491141.492944713681936 ], [ 879023.578301648143679, 6491142.781028740108013 ], [ 879033.623266157810576, 6491144.06911276653409 ], [ 879043.668230667477474, 6491145.357365104369819 ], [ 879053.71319517691154, 6491146.645449130795896 ], [ 879063.758159686578438, 6491147.933533158153296 ], [ 879071.340775650460273, 6491148.905865762382746 ], [ 879073.803124196012504, 6491149.221617184579372 ], [ 879083.848088705795817, 6491150.509869521483779 ], [ 879093.893053215346299, 6491151.797953549772501 ], [ 879103.938017725013196, 6491153.002041287720203 ], [ 879113.982982234563679, 6491154.070060571655631 ], [ 879124.027946744114161, 6491154.930335272103548 ], [ 879134.072911253781058, 6491155.79050081409514 ], [ 879143.798341343877837, 6491158.944101675413549 ], [ 879144.117875763215125, 6491159.123918185010552 ], [ 879154.162840272998437, 6491166.869286442175508 ], [ 879156.903157600434497, 6491168.98233758751303 ], [ 879164.207804782548919, 6491174.614930916577578 ], [ 879169.921276857610792, 6491179.020573500543833 ], [ 879174.252769292099401, 6491182.360575389117002 ], [ 879182.939705897704698, 6491189.058809412643313 ], [ 879184.297733801649883, 6491190.105972461402416 ], [ 879194.342698311316781, 6491197.85158812161535 ], [ 879195.957873583072796, 6491199.097045325674117 ], [ 879204.387662820750847, 6491205.597232594154775 ], [ 879208.975992840249091, 6491209.135281237773597 ], [ 879214.43262733053416, 6491213.342877067625523 ], [ 879221.994381755590439, 6491219.173517149873078 ], [ 879224.477591840084642, 6491221.088298012502491 ], [ 879234.522556349635124, 6491228.833889799192548 ], [ 879235.012589565827511, 6491229.211753062903881 ], [ 879244.567520859302022, 6491236.579534272663295 ], [ 879248.030708823120221, 6491239.249988975003362 ], [ 879254.612485368852504, 6491244.325178746134043 ], [ 879261.04905761347618, 6491249.288224888034165 ], [ 879264.657449878519401, 6491252.070623565465212 ], [ 879274.067282899282873, 6491259.326460800133646 ], [ 879274.702414388069883, 6491259.816191476769745 ], [ 879284.747378897620365, 6491267.561835951171815 ], [ 879287.085508185205981, 6491269.364696713164449 ], [ 879294.792343407287262, 6491275.307367729954422 ], [ 879300.10373347136192, 6491279.402932625263929 ], [ 879304.837307916721329, 6491283.05294911749661 ], [ 879313.121958757285029, 6491289.441168539226055 ], [ 879314.882272426504642, 6491290.798493156209588 ], [ 879324.927236936055124, 6491298.544137629680336 ], [ 879326.140184043091722, 6491299.479404451325536 ], [ 879334.972201445605606, 6491306.289693281985819 ], [ 879339.15840932901483, 6491309.517640362493694 ], [ 879345.017165955388919, 6491312.655848302878439 ], [ 879355.062130464939401, 6491317.664680924266577 ], [ 879359.097501332405955, 6491319.555876275524497 ], [ 879365.107094974373467, 6491320.449592491611838 ] ], [ [ 880381.193705351673998, 6489693.361658447422087 ], [ 880389.693474953179248, 6489688.245824111625552 ], [ 880399.738439462846145, 6489687.824037714861333 ], [ 880409.783403972396627, 6489689.213095804676414 ], [ 880411.584156657103449, 6489693.361658447422087 ], [ 880409.783403972396627, 6489694.00228332914412 ], [ 880399.738439462846145, 6489695.013007050380111 ], [ 880389.693474953179248, 6489695.091047363355756 ], [ 880381.193705351673998, 6489693.361658447422087 ] ], [ [ 878631.824685773812234, 6490814.40423355717212 ], [ 878632.849686122615822, 6490807.605844737961888 ], [ 878631.82468577392865, 6490806.510011956095695 ], [ 878629.734777856850997, 6490807.605844737030566 ], [ 878631.824685773812234, 6490814.40423355717212 ] ], [ [ 878621.779721264378168, 6490800.589993766508996 ], [ 878623.460463626659475, 6490797.567608824931085 ], [ 878621.779721264494583, 6490795.770684317685664 ], [ 878619.902807480655611, 6490797.567608824931085 ], [ 878621.779721264378168, 6490800.589993766508996 ] ] ] } },
{ "type": "Feature", "properties": { "id": 2, "cost_level": 900.0 }, "geometry": { "type": "Polygon", "coordinates": [ [ [ 879455.511775560909882, 6490951.266540168784559 ], [ 879459.559770785272121, 6490948.141147512942553 ], [ 879465.556740070343949, 6490943.511017335578799 ], [ 879472.561347447801381, 6490938.102911599911749 ], [ 879475.601704580010846, 6490935.755500270053744 ], [ 879485.562827741028741, 6490928.064675686880946 ], [ 879485.646669089561328, 6490927.999943116679788 ], [ 879495.69163359911181, 6490920.244385965168476 ], [ 879498.564308034256101, 6490918.026439774781466 ], [ 879505.736598108778708, 6490912.488828811794519 ], [ 879511.56578832748346, 6490907.988203862681985 ], [ 879515.78156261832919, 6490904.733295785263181 ], [ 879525.286179326241836, 6490897.949967949651182 ], [ 879525.826527127996087, 6490897.575764128006995 ], [ 879535.871491637546569, 6490890.86457056645304 ], [ 879540.291193893179297, 6490887.911732037551701 ], [ 879545.916456147097051, 6490884.153449203819036 ], [ 879555.315962391905487, 6490877.873496124520898 ], [ 879555.961420656763949, 6490877.442258742637932 ], [ 879566.006385166314431, 6490870.731113450601697 ], [ 879570.337563426583074, 6490867.835260212421417 ], [ 879576.051349675981328, 6490864.016881445422769 ], [ 879584.755538134486414, 6490857.797024299390614 ], [ 879586.09631418553181, 6490856.849528097547591 ], [ 879596.141278695082292, 6490849.644470361992717 ], [ 879598.937799184001051, 6490847.758788387291133 ], [ 879606.186243204749189, 6490842.915141822770238 ], [ 879613.95986780745443, 6490837.72055247426033 ], [ 879616.231207714299671, 6490836.202779799699783 ], [ 879626.276172223966569, 6490829.490383670665324 ], [ 879628.981936431024224, 6490827.682316563092172 ], [ 879636.321136733517051, 6490821.782633694820106 ], [ 879639.895342896459624, 6490817.644080649130046 ], [ 879636.321136733517051, 6490812.285128588788211 ], [ 879633.118891290854663, 6490807.605844737961888 ], [ 879626.588568035629578, 6490797.567608824931085 ], [ 879626.276172223966569, 6490797.087402449920774 ], [ 879619.985625065397471, 6490787.529372911900282 ], [ 879616.231207714299671, 6490782.409366333857179 ], [ 879612.58266474516131, 6490777.491136999800801 ], [ 879606.186243204632774, 6490768.868861604481936 ], [ 879605.135815105866641, 6490767.452901086769998 ], [ 879598.264726102468558, 6490757.414665174670517 ], [ 879596.141278695082292, 6490753.33640745934099 ], [ 879594.498510082950816, 6490747.376429261639714 ], [ 879591.731637733406387, 6490737.338193349540234 ], [ 879588.964792574406601, 6490727.299957435578108 ], [ 879586.486618700786494, 6490717.26172152440995 ], [ 879588.679010906955227, 6490707.223485611379147 ], [ 879587.444794195936993, 6490697.185249699279666 ], [ 879586.09631418553181, 6490687.927947568707168 ], [ 879585.980770860100165, 6490687.147013787180185 ], [ 879583.719067852478474, 6490677.108777874149382 ], [ 879581.457334534730762, 6490667.070541962049901 ], [ 879579.19560121698305, 6490657.032306049950421 ], [ 879576.933898209477775, 6490646.99407013785094 ], [ 879576.051349675864913, 6490643.077060861513019 ], [ 879575.034289168193936, 6490636.955834223888814 ], [ 879576.051349675981328, 6490629.853696079924703 ], [ 879576.45309785369318, 6490626.917598311789334 ], [ 879580.512405777117237, 6490616.879362398758531 ], [ 879584.68668503605295, 6490606.84112648665905 ], [ 879586.09631418553181, 6490603.451274232938886 ], [ 879588.860964295105077, 6490596.802890575490892 ], [ 879593.035233022877946, 6490586.764654662460089 ], [ 879596.141278695082292, 6490579.295277412049472 ], [ 879597.209507568040863, 6490576.726418749429286 ], [ 879601.606509330449626, 6490566.688182836398482 ], [ 879606.186243204749189, 6490559.34767675679177 ], [ 879609.35224013030529, 6490556.649946924299002 ], [ 879616.231207714299671, 6490552.970494825392962 ], [ 879626.276172223966569, 6490552.512085778638721 ], [ 879636.321136733517051, 6490552.053668110631406 ], [ 879646.366101243067533, 6490551.595259789377451 ], [ 879652.085076323244721, 6490556.649946924299002 ], [ 879653.977750734309666, 6490566.688182837329805 ], [ 879655.241853010491468, 6490576.726418749429286 ], [ 879647.01178860256914, 6490586.764654661528766 ], [ 879646.366101243067533, 6490587.418697323650122 ], [ 879639.891905252588913, 6490596.802890574559569 ], [ 879637.708808290539309, 6490606.84112648665905 ], [ 879636.321136733517051, 6490612.656333468854427 ], [ 879635.313403535285033, 6490616.879362398758531 ], [ 879632.917992945294827, 6490626.917598311789334 ], [ 879630.522585200378671, 6490636.955834223888814 ], [ 879628.127180445124395, 6490646.994070136919618 ], [ 879626.276172223966569, 6490654.750917371362448 ], [ 879625.731767343822867, 6490657.032306049019098 ], [ 879624.44719635124784, 6490667.070541962981224 ], [ 879626.276172223966569, 6490675.186573083512485 ], [ 879627.286257789703086, 6490677.108777874149382 ], [ 879628.509058976429515, 6490687.147013787180185 ], [ 879626.276172223966569, 6490691.692802779376507 ], [ 879623.578293741331436, 6490697.185249699279666 ], [ 879626.276172223966569, 6490707.024014430120587 ], [ 879626.480773676419631, 6490707.223485612310469 ], [ 879636.321136733517051, 6490711.591752949170768 ], [ 879646.366101243067533, 6490716.050880471244454 ], [ 879649.093753799330443, 6490717.26172152440995 ], [ 879656.411065752618015, 6490720.509973099455237 ], [ 879666.456030262284912, 6490724.969065728597343 ], [ 879670.00285472010728, 6490727.299957437440753 ], [ 879676.50099477195181, 6490731.091480443254113 ], [ 879684.79152055142913, 6490737.338193349540234 ], [ 879686.545959281618707, 6490738.660116895101964 ], [ 879696.590923791052774, 6490746.221371628344059 ], [ 879697.244376097922213, 6490747.376429261639714 ], [ 879702.6834532385692, 6490757.414665174670517 ], [ 879706.635888300719671, 6490764.709188594482839 ], [ 879708.122533957357518, 6490767.452901086769998 ], [ 879713.561624189373106, 6490777.491136999800801 ], [ 879716.680852810270153, 6490783.247899881564081 ], [ 879719.000708837527782, 6490787.529372911900282 ], [ 879724.439785978058353, 6490797.567608824931085 ], [ 879726.725817319820635, 6490801.78665579110384 ], [ 879731.281630154466256, 6490807.605844737030566 ], [ 879736.726291253929958, 6490817.644080649130046 ], [ 879736.770781829371117, 6490817.739425013773143 ], [ 879746.815746339038014, 6490818.221927630715072 ], [ 879756.860710848704912, 6490818.604461252689362 ], [ 879766.905675358138978, 6490818.077261636033654 ], [ 879772.89590128348209, 6490817.644080649130046 ], [ 879776.950639867805876, 6490817.350863718427718 ], [ 879786.995604377472773, 6490816.624465798027813 ], [ 879797.040568887023255, 6490815.898115401156247 ], [ 879807.085533396573737, 6490815.171727488748729 ], [ 879817.130497906240635, 6490814.45832806173712 ], [ 879827.175462415791117, 6490813.749492332339287 ], [ 879837.220426925458014, 6490813.036226999014616 ], [ 879847.265391435008496, 6490812.321645827963948 ], [ 879857.310355944558978, 6490811.618673961609602 ], [ 879867.355320454225875, 6490810.915702097117901 ], [ 879877.400284963776357, 6490810.212745329365134 ], [ 879887.445249473443255, 6490809.509769393131137 ], [ 879897.490213982993737, 6490808.806844639591873 ], [ 879907.535178492544219, 6490808.103872774168849 ], [ 879914.65164247318171, 6490807.605844736099243 ], [ 879917.580143002211116, 6490807.400899721309543 ], [ 879927.625107511761598, 6490806.697929043322802 ], [ 879937.670072021428496, 6490805.994957177899778 ], [ 879947.715036530978978, 6490805.292030050419271 ], [ 879957.76000104052946, 6490804.589054113253951 ], [ 879967.804965550196357, 6490803.886078177019954 ], [ 879977.849930059746839, 6490803.196821380406618 ], [ 879987.894894569413736, 6490802.564312004484236 ], [ 879997.939859078964218, 6490801.967544281855226 ], [ 880007.984823588631116, 6490801.37083531357348 ], [ 880018.029788098065183, 6490800.774067590944469 ], [ 880028.07475260773208, 6490800.177299868315458 ], [ 880038.119717117398977, 6490799.58053214661777 ], [ 880048.164681626949459, 6490798.98376442398876 ], [ 880058.209646136499941, 6490798.428870643489063 ], [ 880068.254610646166839, 6490798.115192442201078 ], [ 880069.325364156626165, 6490797.567608823999763 ], [ 880075.123680603108369, 6490787.529372911900282 ], [ 880076.387733392766677, 6490777.491136999800801 ], [ 880077.230074765742756, 6490767.452901086769998 ], [ 880078.078499117516913, 6490757.414665174670517 ], [ 880078.299575155600905, 6490755.027002274990082 ], [ 880079.093497963389382, 6490747.376429261639714 ], [ 880079.968560093082488, 6490737.338193349540234 ], [ 880079.204411559388973, 6490727.29995743650943 ], [ 880078.853032328304835, 6490717.261721525341272 ], [ 880078.485242485301569, 6490707.223485613241792 ], [ 880078.299575155717321, 6490701.450503407046199 ], [ 880078.155009558191523, 6490697.185249699279666 ], [ 880077.084990673698485, 6490687.147013787180185 ], [ 880075.747258263756521, 6490677.108777874149382 ], [ 880074.490836027078331, 6490667.070541962049901 ], [ 880073.091458627488464, 6490657.032306049019098 ], [ 880071.692081227782182, 6490646.994070136919618 ], [ 880071.809428579639643, 6490636.955834223888814 ], [ 880072.520625653443858, 6490626.917598311789334 ], [ 880072.487398274475709, 6490616.879362398758531 ], [ 880072.34241403627675, 6490606.84112648665905 ], [ 880072.197390531306155, 6490596.802890574559569 ], [ 880072.05236702633556, 6490586.764654661528766 ], [ 880071.907368199201301, 6490576.726418749429286 ], [ 880071.76238787965849, 6490566.688182836398482 ], [ 880075.755448232288472, 6490556.649946924299002 ], [ 880078.299575155717321, 6490555.447990375570953 ], [ 880088.344539665267803, 6490553.888171591795981 ], [ 880098.3895041749347, 6490552.328383596614003 ], [ 880108.434468684485182, 6490550.768605541437864 ], [ 880118.47943319415208, 6490549.208839770406485 ], [ 880127.654305707430467, 6490546.611711011268198 ], [ 880128.524397703702562, 6490546.329221066087484 ], [ 880138.569362213369459, 6490537.098503763787448 ], [ 880139.141704665962607, 6490536.573475099168718 ], [ 880148.614326722919941, 6490528.404074878431857 ], [ 880150.648789231781848, 6490526.535239186137915 ], [ 880158.659291232586838, 6490519.584903486073017 ], [ 880162.218202900607139, 6490516.497003274038434 ], [ 880168.704255742020905, 6490510.869360385462642 ], [ 880173.787571660126559, 6490506.458767361938953 ], [ 880178.749220251687802, 6490502.153740284964442 ], [ 880185.356941494275816, 6490496.42053144890815 ], [ 880188.794184761238284, 6490493.438197184354067 ], [ 880196.926355163333938, 6490486.382295537739992 ], [ 880198.839149270905182, 6490484.649275089614093 ], [ 880207.940289246384054, 6490476.344059623777866 ], [ 880208.884113780455664, 6490475.437287408858538 ], [ 880218.347202671342529, 6490466.305823711678386 ], [ 880218.929078290122561, 6490465.736304596066475 ], [ 880228.597237180219963, 6490456.267587798647583 ], [ 880228.974042799673043, 6490455.897224701941013 ], [ 880239.019007309223525, 6490446.290895351208746 ], [ 880239.086360104149207, 6490446.229351886548102 ], [ 880249.063971818890423, 6490437.1479770578444 ], [ 880250.156533948262222, 6490436.191115973517299 ], [ 880259.108936328440905, 6490428.407732685096562 ], [ 880261.700355002423748, 6490426.152880061417818 ], [ 880269.153900837991387, 6490419.671948106959462 ], [ 880273.245060612796806, 6490416.114644148387015 ], [ 880279.198865347658284, 6490410.482972890138626 ], [ 880283.322215010295622, 6490406.076408236287534 ], [ 880283.464145429432392, 6490396.038172325119376 ], [ 880283.606160532450303, 6490385.99993641115725 ], [ 880283.748090951470658, 6490375.96170049905777 ], [ 880283.885136646684259, 6490365.923464586026967 ], [ 880284.019220110028982, 6490355.885228673927486 ], [ 880284.150055285193957, 6490345.846992760896683 ], [ 880284.268583110300824, 6490335.808756848797202 ], [ 880284.368147107539698, 6490325.770520935766399 ], [ 880284.466507504228503, 6490315.732285023666918 ], [ 880284.564911669469438, 6490305.694049111567438 ], [ 880288.119929615524597, 6490295.655813198536634 ], [ 880289.243829857208766, 6490294.670422115363181 ], [ 880299.288794366875663, 6490285.863398206420243 ], [ 880299.569168826565146, 6490285.617577286437154 ], [ 880309.333758876426145, 6490277.056381985545158 ], [ 880311.018268200336024, 6490275.579341373406351 ], [ 880319.378723385976627, 6490268.230287473648787 ], [ 880322.419017186388373, 6490265.54110546130687 ], [ 880329.423687895643525, 6490259.345377117395401 ], [ 880333.767890663002618, 6490255.502869548276067 ], [ 880339.468652405194007, 6490250.460466761142015 ], [ 880345.116764139500447, 6490245.464633636176586 ], [ 880349.513616914860904, 6490241.57555640488863 ], [ 880356.465637615998276, 6490235.426397723145783 ], [ 880359.558581424411386, 6490232.690646048635244 ], [ 880367.814511092379689, 6490225.388161811046302 ], [ 880369.603545933961868, 6490223.805735693313181 ], [ 880379.163300071842968, 6490215.349925898015499 ], [ 880379.648510443628766, 6490214.920750162564218 ], [ 880389.693474953179248, 6490206.035836448892951 ], [ 880390.512169259600341, 6490205.311689985916018 ], [ 880399.738439462846145, 6490197.150926093570888 ], [ 880401.861042736214586, 6490195.273454073816538 ], [ 880409.783403972396627, 6490187.894052274525166 ], [ 880412.628438937710598, 6490185.235218160785735 ], [ 880419.828368481947109, 6490178.327467849478126 ], [ 880423.091265192371793, 6490175.196982248686254 ], [ 880429.873332991614006, 6490168.690136498771608 ], [ 880433.55412387358956, 6490165.158746335655451 ], [ 880439.918297501048073, 6490159.047152386046946 ], [ 880443.982727906433865, 6490155.12051042355597 ], [ 880449.963262010714971, 6490149.322598370723426 ], [ 880454.435045127873309, 6490145.082274509593844 ], [ 880460.008226520381868, 6490139.797560691833496 ], [ 880465.021220939932391, 6490135.044038598425686 ], [ 880470.05319102993235, 6490130.272523013874888 ], [ 880475.607396751875058, 6490125.005802685394883 ], [ 880480.098155539599247, 6490120.747485334984958 ], [ 880486.194336667424068, 6490114.967566773295403 ], [ 880490.143120049033314, 6490111.223196206614375 ], [ 880496.781769182998687, 6490104.929330861195922 ], [ 880500.188084558583796, 6490101.699650918133557 ], [ 880507.334194331197068, 6490094.891094948165119 ], [ 880504.691601880011149, 6490084.852859036996961 ], [ 880500.188084558583796, 6490081.595215795561671 ], [ 880493.728290407103486, 6490074.814623123034835 ], [ 880490.143120049149729, 6490070.703574546612799 ], [ 880484.381498813745566, 6490064.776387210935354 ], [ 880480.098155539599247, 6490059.78029630612582 ], [ 880475.215516728931107, 6490054.738151297904551 ], [ 880470.05319102993235, 6490048.583567232824862 ], [ 880466.311061336193234, 6490044.69991538580507 ], [ 880460.008226520381868, 6490036.963462103158236 ], [ 880457.803085130522959, 6490034.661679472774267 ], [ 880451.943450493272394, 6490024.623443560674787 ], [ 880449.963262010714971, 6490021.254149295389652 ], [ 880440.75342892727349, 6490014.585207648575306 ], [ 880439.918297501164488, 6490013.984683214686811 ], [ 880429.873332991614006, 6490007.465838420204818 ], [ 880425.087614419753663, 6490004.546971735544503 ], [ 880419.828368481947109, 6490001.275690104812384 ], [ 880409.783403972396627, 6489995.253819238394499 ], [ 880408.51452004595194, 6489994.508735823445022 ], [ 880399.738439462846145, 6489989.355497635900974 ], [ 880391.41928881930653, 6489984.470499910414219 ], [ 880389.693474953179248, 6489983.457103570923209 ], [ 880379.648510443628766, 6489977.558787778019905 ], [ 880374.869501148816198, 6489974.432263998314738 ], [ 880369.603545933961868, 6489971.203697154298425 ], [ 880360.870749184628949, 6489964.394028084352612 ], [ 880359.558581424411386, 6489963.501238374039531 ], [ 880349.513616914860904, 6489955.387278228066862 ], [ 880348.236652198131196, 6489954.355792173184454 ], [ 880339.468652405310422, 6489947.273318083025515 ], [ 880335.809462309349328, 6489944.317556260153651 ], [ 880329.423687895643525, 6489939.159357937052846 ], [ 880323.382272420683876, 6489934.279320348054171 ], [ 880319.378723385976627, 6489931.045397790148854 ], [ 880310.955082532018423, 6489924.241084435023367 ], [ 880309.333758876426145, 6489922.84158056974411 ], [ 880300.320137715665624, 6489914.202848522923887 ], [ 880299.288794366875663, 6489913.185030996799469 ], [ 880290.207279713940807, 6489904.164612610824406 ], [ 880289.243829857208766, 6489903.159975728020072 ], [ 880280.50918378890492, 6489894.126376697793603 ], [ 880279.483207921264693, 6489884.088140785694122 ], [ 880280.068574273725972, 6489874.049904872663319 ], [ 880280.653868215158582, 6489864.011668960563838 ], [ 880281.966594671481289, 6489853.973433048464358 ], [ 880289.243829857208766, 6489844.084415842778981 ], [ 880295.00172624073457, 6489853.973433047533035 ], [ 880299.288794366875663, 6489861.336346104741096 ], [ 880309.333758876426145, 6489860.053261883556843 ], [ 880315.50444810371846, 6489853.973433047533035 ], [ 880319.378723385976627, 6489850.668725506402552 ], [ 880329.423687895643525, 6489846.210727414116263 ], [ 880334.55101644480601, 6489843.935197135433555 ], [ 880339.468652405077592, 6489841.75274888984859 ], [ 880349.513616914860904, 6489837.294731228612363 ], [ 880357.169627174152993, 6489833.896961222402751 ], [ 880359.558581424411386, 6489832.831584543921053 ], [ 880369.603545933961868, 6489828.343832882121205 ], [ 880379.613540148828179, 6489823.858725310303271 ], [ 880379.648510443628766, 6489823.842502391897142 ], [ 880389.693474953179248, 6489818.783476935699582 ], [ 880396.988255127798766, 6489813.82048939820379 ], [ 880399.738439462846145, 6489811.943068861961365 ], [ 880409.783403972396627, 6489804.917080930434167 ], [ 880411.32636582874693, 6489803.782253485172987 ], [ 880419.828368481947109, 6489797.602208072319627 ], [ 880423.597730062901974, 6489793.744017573073506 ], [ 880429.857669382472523, 6489783.705781660042703 ], [ 880419.828368481947109, 6489778.0785509403795 ], [ 880417.205639643361792, 6489773.667545747943223 ], [ 880409.783403972396627, 6489768.167620126157999 ], [ 880404.96272021450568, 6489763.629309834912419 ], [ 880399.738439462846145, 6489759.604276506230235 ], [ 880392.757169543765485, 6489753.591073922812939 ], [ 880389.693474953062832, 6489751.453424401581287 ], [ 880379.648510443628766, 6489748.796576468273997 ], [ 880369.603545933961868, 6489745.922287141904235 ], [ 880361.322879049694166, 6489743.552838008850813 ], [ 880359.558581424411386, 6489743.047997816465795 ], [ 880349.513616914860904, 6489740.154493158683181 ], [ 880339.468652405310422, 6489735.659103295765817 ], [ 880331.923812133027241, 6489733.514602097682655 ], [ 880329.423687895643525, 6489732.803981431759894 ], [ 880319.378723385976627, 6489729.948855085298419 ], [ 880309.333758876426145, 6489727.093725085258484 ], [ 880299.288794366875663, 6489724.238603220321238 ], [ 880297.782755007734522, 6489723.476366184651852 ], [ 880290.051617798977531, 6489713.438130272552371 ], [ 880289.243829857208766, 6489712.04572410415858 ], [ 880284.228063832735643, 6489703.39989436045289 ], [ 880279.198865347658284, 6489694.790599084459245 ], [ 880277.730484076892026, 6489693.361658447422087 ], [ 880269.153900837991387, 6489686.541066888719797 ], [ 880265.107859612558968, 6489683.323422535322607 ], [ 880259.108936328440905, 6489678.552734211087227 ], [ 880252.485235148342326, 6489673.285186622291803 ], [ 880249.063971818890423, 6489670.564401533454657 ], [ 880239.862641872256063, 6489663.246950710192323 ], [ 880239.019007309223525, 6489662.576043590903282 ], [ 880228.974042799673043, 6489654.587709102779627 ], [ 880227.240020267665386, 6489653.20871479716152 ], [ 880218.929078290238976, 6489646.599376425147057 ], [ 880214.617395803332329, 6489643.170478885062039 ], [ 880208.884113780455664, 6489638.611043747514486 ], [ 880202.555503085837699, 6489633.132242972031236 ], [ 880205.898817206034437, 6489623.094007059931755 ], [ 880208.884113780455664, 6489616.650877381674945 ], [ 880210.549835077603348, 6489613.055771148763597 ], [ 880215.200873219873756, 6489603.017535234801471 ], [ 880218.929078290006146, 6489594.970995089039207 ], [ 880219.851891091442667, 6489592.979299322701991 ], [ 880224.502929233945906, 6489582.941063409671187 ], [ 880228.974042799673043, 6489573.291112795472145 ], [ 880229.153947468381375, 6489572.902827497571707 ], [ 880232.452622597455047, 6489562.864591583609581 ], [ 880233.957611565827392, 6489552.826355673372746 ], [ 880228.974042799673043, 6489543.378146986477077 ], [ 880228.480867452919483, 6489542.78811975941062 ], [ 880218.929078290122561, 6489538.105056555941701 ], [ 880208.884113780455664, 6489532.769812697544694 ], [ 880208.853468680055812, 6489532.749883847311139 ], [ 880198.839149270905182, 6489526.010973347350955 ], [ 880193.936205607606098, 6489522.711647934280336 ], [ 880188.7941847613547, 6489519.251440919935703 ], [ 880179.018942535389215, 6489512.673412022180855 ], [ 880178.749220251687802, 6489512.491908491589129 ], [ 880168.70425574213732, 6489505.732376063242555 ], [ 880164.101679463055916, 6489502.635176110081375 ], [ 880158.659291232470423, 6489496.815793531946838 ], [ 880155.145147848990746, 6489492.596940197050571 ], [ 880151.838927109376527, 6489482.558704285882413 ], [ 880148.614326722919941, 6489472.768281335942447 ], [ 880148.532706369645894, 6489472.520468371920288 ], [ 880145.398995167342946, 6489462.482232459820807 ], [ 880142.316207295050845, 6489452.443996546790004 ], [ 880144.431234525633045, 6489442.405760634690523 ], [ 880148.614326722919941, 6489440.652864430099726 ], [ 880158.659291232470423, 6489436.443582170642912 ], [ 880168.386370152351446, 6489432.36752472165972 ], [ 880168.70425574213732, 6489432.232371592894197 ], [ 880178.749220251687802, 6489428.025052260607481 ], [ 880188.794184761238284, 6489423.815787305124104 ], [ 880192.341555807972327, 6489422.329288810491562 ], [ 880198.839149270905182, 6489416.759619439952075 ], [ 880205.898421157500707, 6489412.291052896529436 ], [ 880208.884113780455664, 6489406.988844079896808 ], [ 880211.550987463910133, 6489402.252816984429955 ], [ 880217.203553770435974, 6489392.214581072330475 ], [ 880218.929078290006146, 6489389.150306604802608 ], [ 880222.856161338393576, 6489382.176345160230994 ], [ 880228.974042799673043, 6489374.049554230645299 ], [ 880230.689487841445953, 6489372.138109247200191 ], [ 880239.019007309223525, 6489362.874663936905563 ], [ 880239.715679152752273, 6489362.09987333510071 ], [ 880248.741803492419422, 6489352.061637422069907 ], [ 880247.898083760170266, 6489342.023401509039104 ], [ 880239.135134066455066, 6489331.985165596939623 ], [ 880239.01900730910711, 6489331.852138567715883 ], [ 880230.372271367581561, 6489321.946929684840143 ], [ 880228.974042799673043, 6489320.34521484375 ], [ 880221.609320644522086, 6489311.90869377180934 ], [ 880218.929078290006146, 6489308.838360577821732 ], [ 880212.846405048854649, 6489301.870457859709859 ], [ 880208.884113780455664, 6489297.331522591412067 ], [ 880204.08350825170055, 6489291.832221946679056 ], [ 880198.839149270905182, 6489285.824643640778959 ], [ 880195.320557528641075, 6489281.793986033648252 ], [ 880188.794184761238284, 6489274.317744600586593 ], [ 880185.650877859676257, 6489271.755750121548772 ], [ 880178.749220251687802, 6489266.013515955768526 ], [ 880173.310395101085305, 6489261.717514209449291 ], [ 880168.70425574213732, 6489258.079269384965301 ], [ 880160.601759793702513, 6489251.679278296418488 ], [ 880158.659291232470423, 6489250.144963245838881 ], [ 880148.614326722919941, 6489242.210761241614819 ], [ 880147.893053104169667, 6489241.641042384319007 ], [ 880138.569362213253044, 6489234.276455102488399 ], [ 880135.184478250332177, 6489231.602806471288204 ], [ 880128.524397703702562, 6489226.342148963361979 ], [ 880122.47582401172258, 6489221.564570559188724 ], [ 880118.479433194035664, 6489218.407946959137917 ], [ 880110.342395051266067, 6489211.526334647089243 ], [ 880108.434468684485182, 6489209.260636180639267 ], [ 880103.703552418272011, 6489201.48809873405844 ], [ 880098.3895041749347, 6489192.757519574835896 ], [ 880097.596333619439974, 6489191.449862821958959 ], [ 880091.505974256899208, 6489181.411626909859478 ], [ 880088.344539665267803, 6489176.202712524682283 ], [ 880085.424245182308368, 6489171.373390996828675 ], [ 880079.354116120492108, 6489161.335155083797872 ], [ 880078.299575155717321, 6489159.591249662451446 ], [ 880073.283987058559433, 6489151.296919171698391 ], [ 880068.254610646166839, 6489142.979786799289286 ], [ 880067.213857996743172, 6489141.258683258667588 ], [ 880061.143728934926912, 6489131.220447346568108 ], [ 880058.209646136499941, 6489128.279323963448405 ], [ 880050.862862017354928, 6489121.182211434468627 ], [ 880048.164681626949459, 6489118.779539075680077 ], [ 880039.581702547497116, 6489111.143975521437824 ], [ 880038.119717117398977, 6489109.865666721947491 ], [ 880028.092577816452831, 6489101.105739609338343 ], [ 880028.07475260773208, 6489101.090167118236423 ], [ 880018.029788098181598, 6489092.314667515456676 ], [ 880016.602209400152788, 6489091.06750369630754 ], [ 880007.984823588514701, 6489083.539228112436831 ], [ 880005.111775381374173, 6489081.029267784208059 ], [ 879997.939859078964218, 6489074.763718411326408 ], [ 879993.664438368519768, 6489070.991031871177256 ], [ 879987.894894569413736, 6489065.904426673427224 ], [ 879982.305426493636332, 6489060.952795959077775 ], [ 879977.849930059863254, 6489057.005703149363399 ], [ 879970.974219840485603, 6489050.914560046046972 ], [ 879967.804965550196357, 6489048.106962494552135 ], [ 879961.292493108077906, 6489040.876324133947492 ], [ 879957.76000104052946, 6489035.956302795559168 ], [ 879954.320243867230602, 6489030.838088220916688 ], [ 879947.715036530978978, 6489021.009816412813962 ], [ 879947.573927649762481, 6489020.799852308817208 ], [ 879940.827632686123252, 6489010.761616396717727 ], [ 879937.670072021428496, 6489006.06328294146806 ], [ 879934.081338672316633, 6489000.723380483686924 ], [ 879937.619121677940711, 6488990.685144571587443 ], [ 879927.625107511645183, 6488982.83300157636404 ], [ 879924.891780517064035, 6488980.64690865855664 ], [ 879917.580143002211116, 6488974.686529616825283 ], [ 879912.577808240661398, 6488970.60867274645716 ], [ 879907.535178492544219, 6488966.497967776842415 ], [ 879899.366026702802628, 6488960.570436833426356 ], [ 879897.490213982993737, 6488959.075320936739445 ], [ 879887.445249473443255, 6488952.056996250525117 ], [ 879885.551344267325476, 6488950.532200921326876 ], [ 879877.400284963776357, 6488943.969730366021395 ], [ 879873.08317534532398, 6488940.493965008296072 ], [ 879867.355320454225875, 6488935.882388893514872 ], [ 879860.615019609220326, 6488930.455729096196592 ], [ 879857.310355944791809, 6488927.795123010873795 ], [ 879848.821395063772798, 6488920.417493184097111 ], [ 879847.265391435008496, 6488918.893308258615434 ], [ 879838.763240636326373, 6488910.379257271066308 ], [ 879838.655697506736033, 6488900.341021358966827 ], [ 879840.270819101366214, 6488890.302785445936024 ], [ 879841.885897639440373, 6488880.264549533836544 ], [ 879843.477194756735116, 6488870.22631362080574 ], [ 879845.026851432048716, 6488860.18807770870626 ], [ 879846.570145495352335, 6488850.149841795675457 ], [ 879842.888296102173626, 6488840.111605883575976 ], [ 879837.220426925458014, 6488836.366436405107379 ], [ 879827.754829564713873, 6488830.073369970545173 ], [ 879827.175462415791117, 6488829.654759529046714 ], [ 879817.13049790635705, 6488823.182624527253211 ], [ 879811.217724447487853, 6488820.035134058445692 ], [ 879807.085533396573737, 6488817.903097335249186 ], [ 879797.040568887023255, 6488811.834664756432176 ], [ 879793.998547716997564, 6488809.996898146346211 ], [ 879786.995604377472773, 6488805.766202220693231 ], [ 879777.382446035509929, 6488799.958662233315408 ], [ 879776.950639867805876, 6488799.697797749191523 ], [ 879766.905675358255394, 6488793.629322201013565 ], [ 879760.7664518954698, 6488789.920426321215928 ], [ 879756.860710848588496, 6488787.955804800614715 ], [ 879746.815746339038014, 6488787.201039098203182 ], [ 879736.770781829487532, 6488787.035908562131226 ], [ 879726.72581731993705, 6488786.87077802605927 ], [ 879716.680852810153738, 6488786.705610197968781 ], [ 879706.635888300603256, 6488786.540462093427777 ], [ 879696.590923791052774, 6488786.375331556424499 ], [ 879686.545959281502292, 6488786.210166437551379 ], [ 879676.50099477195181, 6488785.909177273511887 ], [ 879666.456030262284912, 6488784.350883159786463 ], [ 879656.411065752850845, 6488782.646335584111512 ], [ 879646.366101243067533, 6488781.562307643704116 ], [ 879636.321136733517051, 6488781.573875085450709 ], [ 879626.276172223966569, 6488781.585442526265979 ], [ 879616.231207714299671, 6488781.597009967081249 ], [ 879606.186243204865605, 6488781.608577407896519 ], [ 879596.141278695082292, 6488781.620144848711789 ], [ 879586.09631418553181, 6488781.631712289527059 ], [ 879576.051349675981328, 6488781.269206611439586 ], [ 879572.316814769990742, 6488779.882190408185124 ], [ 879566.006385166314431, 6488777.368263638578355 ], [ 879555.961420656763949, 6488773.366646016016603 ], [ 879547.118801565957256, 6488769.843954496085644 ], [ 879545.916456147097051, 6488769.364968353882432 ], [ 879535.871491637546569, 6488765.363350730389357 ], [ 879525.826527127996087, 6488761.361682373099029 ], [ 879521.920729762059636, 6488759.805718583054841 ], [ 879515.78156261832919, 6488757.360055442899466 ], [ 879505.736598108895123, 6488753.358399258926511 ], [ 879496.864537513698451, 6488749.76748267095536 ], [ 879495.691633599344641, 6488749.271566772833467 ], [ 879485.646669089561328, 6488744.852102159522474 ], [ 879475.873840368003584, 6488749.76748267095536 ], [ 879475.601704580010846, 6488750.093881959095597 ], [ 879470.83479931182228, 6488759.805718582123518 ], [ 879465.556740070343949, 6488769.766807614825666 ], [ 879465.51929999247659, 6488769.843954496085644 ], [ 879460.643457332858816, 6488779.882190408185124 ], [ 879455.511775560793467, 6488789.743725994601846 ], [ 879455.422913596499711, 6488789.920426321215928 ], [ 879450.37468768178951, 6488799.958662233315408 ], [ 879445.466811051242985, 6488809.717816930264235 ], [ 879445.326461172313429, 6488809.996898146346211 ], [ 879440.278234662953764, 6488820.035134058445692 ], [ 879435.421846541576087, 6488829.691905510611832 ], [ 879435.230008153594099, 6488830.073369970545173 ], [ 879430.181848861509934, 6488840.111605883575976 ], [ 879425.376882032025605, 6488849.666127753444016 ], [ 879425.133622352150269, 6488850.149841795675457 ], [ 879420.069021889707074, 6488860.18807770870626 ], [ 879415.331917522358708, 6488868.17404043674469 ], [ 879412.283973146229982, 6488870.226313621737063 ], [ 879405.286953012808226, 6488874.937619016505778 ], [ 879395.241988503257744, 6488880.092539766803384 ], [ 879385.197023993590847, 6488876.528353918343782 ], [ 879375.152059484040365, 6488872.765499209985137 ], [ 879368.456412984291092, 6488870.22631362080574 ], [ 879365.107094974373467, 6488868.956153969280422 ], [ 879355.062130464822985, 6488865.383808299899101 ], [ 879350.280552105279639, 6488870.22631362080574 ], [ 879345.575905678444542, 6488880.264549533836544 ], [ 879345.017165955272503, 6488881.4567243847996 ], [ 879340.871259251493029, 6488890.302785445936024 ], [ 879336.166681821923703, 6488900.341021358966827 ], [ 879334.972201445605606, 6488903.011631454341114 ], [ 879331.835879378719255, 6488910.379257271066308 ], [ 879327.902671459829435, 6488920.417493184097111 ], [ 879324.927236936055124, 6488928.011323540471494 ], [ 879323.96945727954153, 6488930.455729095265269 ], [ 879320.036223647533916, 6488940.493965009227395 ], [ 879316.102990015409887, 6488950.532200921326876 ], [ 879314.882272426504642, 6488953.647665774449706 ], [ 879312.16977411613334, 6488960.570436833426356 ], [ 879308.236566197359934, 6488970.608672747388482 ], [ 879304.837307916837744, 6488977.544882850721478 ], [ 879301.884932105662301, 6488980.64690865855664 ], [ 879294.792343407170847, 6488986.602894362993538 ], [ 879289.931123865768313, 6488990.685144571587443 ], [ 879284.747378897620365, 6488995.038238232955337 ], [ 879277.97740567359142, 6489000.723380483686924 ], [ 879274.702414388069883, 6489003.468077015131712 ], [ 879266.020434246398509, 6489010.761616396717727 ], [ 879264.657449878519401, 6489011.902584019117057 ], [ 879254.612485368736088, 6489020.332624278962612 ], [ 879254.056228808360174, 6489020.799852307885885 ], [ 879244.567520859302022, 6489028.741632936522365 ], [ 879242.072043778141961, 6489030.838088221848011 ], [ 879234.52255634975154, 6489037.16069033741951 ], [ 879230.085856961784884, 6489040.876324133947492 ], [ 879224.477591840084642, 6489045.573167029768229 ], [ 879218.099701665109023, 6489050.914560046046972 ], [ 879214.43262733053416, 6489053.985683051869273 ], [ 879206.113546368433163, 6489060.952795959077775 ], [ 879204.387662820867263, 6489062.398199073970318 ], [ 879194.342698311316781, 6489070.810715096071362 ], [ 879194.127391071640886, 6489070.991031871177256 ], [ 879184.297733801649883, 6489079.22323111910373 ], [ 879182.141235774965025, 6489081.029267784208059 ], [ 879174.252769292099401, 6489087.635747141204774 ], [ 879170.155080478289165, 6489091.06750369630754 ], [ 879164.207804782548919, 6489096.048263164237142 ], [ 879158.168925181496888, 6489101.105739609338343 ], [ 879154.162840272882022, 6489104.460779186338186 ], [ 879146.182769884821028, 6489111.143975521437824 ], [ 879144.11787576333154, 6489112.873295208439231 ], [ 879134.196614588261582, 6489121.182211434468627 ], [ 879134.072911253781058, 6489121.285811231471598 ], [ 879124.027946744114161, 6489129.698327253572643 ], [ 879122.210459291585721, 6489131.220447346568108 ], [ 879113.982982234563679, 6489138.110843274742365 ], [ 879110.224303994793445, 6489141.258683258667588 ], [ 879103.938017724780366, 6489146.523359297774732 ], [ 879098.238148698117584, 6489151.296919171698391 ], [ 879093.893053215462714, 6489154.935875320807099 ], [ 879086.251993401441723, 6489161.335155083797872 ], [ 879083.848088705795817, 6489163.34734767396003 ], [ 879073.865733510931022, 6489171.373390996828675 ], [ 879073.80312419612892, 6489171.411081494763494 ], [ 879063.758159686578438, 6489177.4581004306674 ], [ 879057.190785982878879, 6489181.411626908928156 ], [ 879053.71319517691154, 6489183.505135951563716 ], [ 879043.668230667361058, 6489189.552202790044248 ], [ 879040.515970541862771, 6489191.449862821958959 ], [ 879033.623266157810576, 6489195.599236759357154 ], [ 879023.841023013694212, 6489201.48809873405844 ], [ 879023.578301648143679, 6489201.646256949752569 ], [ 879013.533337138593197, 6489207.693323787301779 ], [ 879007.166207572794519, 6489211.526334647089243 ], [ 879003.488372629042715, 6489213.740390624850988 ], [ 878993.443408119375817, 6489219.787457462400198 ], [ 878990.793844076106325, 6489221.564570559188724 ], [ 878983.398443609825335, 6489226.451259098947048 ], [ 878976.432936395984143, 6489231.602806471288204 ], [ 878973.353479100158438, 6489233.880310413427651 ], [ 878963.308514590607956, 6489241.309440066106617 ], [ 878962.860153386718594, 6489241.641042383387685 ], [ 878953.263550081057474, 6489248.738514330238104 ], [ 878949.287296928931028, 6489251.679278296418488 ], [ 878943.218585571390577, 6489256.167621033266187 ], [ 878935.71454639127478, 6489261.717514209449291 ], [ 878933.173621061840095, 6489263.596736020408571 ], [ 878923.128656552173197, 6489271.025801999494433 ], [ 878922.141689933254384, 6489271.755750121548772 ], [ 878913.083692042622715, 6489278.4549316521734 ], [ 878908.568891789065674, 6489281.793986034579575 ], [ 878903.038727533072233, 6489285.791913420893252 ], [ 878894.68042700085789, 6489291.832221945747733 ], [ 878892.993763023405336, 6489293.04211866017431 ], [ 878882.948798513854854, 6489300.247685221023858 ], [ 878880.686562308343127, 6489301.870457859709859 ], [ 878872.903834004187956, 6489307.453294054605067 ], [ 878866.692803575424477, 6489311.90869377180934 ], [ 878862.858869494637474, 6489314.658894350752234 ], [ 878852.813904985086992, 6489321.864460911601782 ], [ 878852.6989388827933, 6489321.946929684840143 ], [ 878842.768940475420095, 6489330.037171158008277 ], [ 878840.680346841225401, 6489331.985165596939623 ], [ 878832.723975965986028, 6489340.477226093411446 ], [ 878831.275348544353619, 6489342.023401509039104 ], [ 878822.6790114560863, 6489351.198600654490292 ], [ 878821.870416109799407, 6489352.061637422069907 ], [ 878812.634046946652234, 6489361.919876425527036 ], [ 878812.465406018774956, 6489362.099873334169388 ], [ 878803.060481035034172, 6489372.138109247200191 ], [ 878802.589082437101752, 6489372.641250988468528 ], [ 878793.655473733670078, 6489382.176345159299672 ], [ 878792.544117927434854, 6489383.362526759505272 ], [ 878784.250538509455509, 6489392.214581072330475 ], [ 878782.499153417884372, 6489394.079990994185209 ], [ 878774.840858730021864, 6489402.252816984429955 ], [ 878772.454188908450305, 6489403.596706669777632 ], [ 878768.820107289240696, 6489412.291052897460759 ], [ 878770.225651383167133, 6489422.329288809560239 ], [ 878771.874275501584634, 6489432.367524720728397 ], [ 878772.454188908217475, 6489435.898489518091083 ], [ 878773.522920537507161, 6489442.405760634690523 ], [ 878775.171544655924663, 6489452.443996546790004 ], [ 878776.82018969184719, 6489462.482232459820807 ], [ 878778.468813810264692, 6489472.520468371920288 ], [ 878780.117458846070804, 6489482.558704284951091 ], [ 878781.766082964488305, 6489492.596940196119249 ], [ 878782.499153417884372, 6489497.060444463975728 ], [ 878783.414728000294417, 6489502.635176110081375 ], [ 878785.063352118711919, 6489512.673412022180855 ], [ 878786.711997154634446, 6489522.711647934280336 ], [ 878788.360621273051947, 6489532.749883847311139 ], [ 878790.009266308858059, 6489542.78811975941062 ], [ 878790.321650949772447, 6489552.826355672441423 ], [ 878788.024987752200104, 6489562.864591584540904 ], [ 878783.877496644156054, 6489572.902827497571707 ], [ 878782.499153417884372, 6489575.719287638552487 ], [ 878778.964899347163737, 6489582.941063409671187 ], [ 878774.052271547843702, 6489592.979299322701991 ], [ 878772.454188908217475, 6489596.04751737229526 ], [ 878767.970379379810765, 6489603.017535234801471 ], [ 878762.409224398666993, 6489609.910947875119746 ], [ 878759.769903115229681, 6489613.055771147832274 ], [ 878752.364259889116511, 6489621.569786647334695 ], [ 878751.479430424165912, 6489623.094007059931755 ], [ 878747.651824983535334, 6489633.132242972031236 ], [ 878743.917176087619737, 6489643.170478884130716 ], [ 878742.319295379449613, 6489647.465382133610547 ], [ 878740.182544845854864, 6489653.20871479716152 ], [ 878736.447917722631246, 6489663.246950710192323 ], [ 878732.713265839382075, 6489673.285186622291803 ], [ 878732.274330870015547, 6489674.464988854713738 ], [ 878728.97863758483436, 6489683.323422534391284 ], [ 878725.243992340634577, 6489693.361658447422087 ], [ 878722.229366360232234, 6489701.464595575816929 ], [ 878721.509357447153889, 6489703.39989436045289 ], [ 878717.774718841770664, 6489713.438130272552371 ], [ 878714.040077309357002, 6489723.476366184651852 ], [ 878712.184401850681752, 6489728.464202297851443 ], [ 878710.305445343023166, 6489733.514602097682655 ], [ 878706.570797171560116, 6489743.552838009782135 ], [ 878702.836170048336498, 6489753.591073922812939 ], [ 878702.13943734113127, 6489755.463796035386622 ], [ 878699.10151703376323, 6489763.629309834912419 ], [ 878695.366889910539612, 6489773.667545747943223 ], [ 878692.094472831464373, 6489782.463415739126503 ], [ 878691.632261595921591, 6489783.705781660042703 ], [ 878687.897609772859141, 6489793.744017573073506 ], [ 878684.162982649635524, 6489803.782253485172987 ], [ 878682.049508322030306, 6489809.462983078323305 ], [ 878680.428329635062255, 6489813.82048939820379 ], [ 878676.693702511838637, 6489823.858725310303271 ], [ 878672.820535944309086, 6489833.896961222402751 ], [ 878672.004543812479824, 6489835.160990303382277 ], [ 878666.34036737238057, 6489843.935197135433555 ], [ 878661.959579302696511, 6489850.721318772062659 ], [ 878659.860178755363449, 6489853.973433047533035 ], [ 878653.380004887003452, 6489864.011668959632516 ], [ 878651.914614793146029, 6489866.281661059707403 ], [ 878646.899836314842105, 6489874.049904871731997 ], [ 878641.869650283479132, 6489881.842016066424549 ], [ 878640.419667742913589, 6489884.088140785694122 ], [ 878634.446906208875589, 6489894.126376697793603 ], [ 878631.82468577392865, 6489898.639485690742731 ], [ 878628.614459577016532, 6489904.164612611755729 ], [ 878622.781990339048207, 6489914.202848522923887 ], [ 878621.779721264378168, 6489917.73519245069474 ], [ 878620.203546151285991, 6489924.241084435023367 ], [ 878619.692524411599152, 6489934.279320348054171 ], [ 878615.694177854340523, 6489944.317556260153651 ], [ 878611.73475675471127, 6489950.201740167103708 ], [ 878608.939527811831795, 6489954.355792172253132 ], [ 878602.004299897002056, 6489964.394028085283935 ], [ 878601.689792245160788, 6489964.803664218634367 ], [ 878594.23172983317636, 6489974.432263998314738 ], [ 878591.644827735610306, 6489977.772038270719349 ], [ 878586.456373950000852, 6489984.470499910414219 ], [ 878581.599863225943409, 6489990.740412322804332 ], [ 878578.847652347641997, 6489994.508735823445022 ], [ 878575.301877786172554, 6490004.546971735544503 ], [ 878572.601906031370163, 6490014.585207648575306 ], [ 878571.554898716392927, 6490016.439299985766411 ], [ 878566.401141342124902, 6490024.623443560674787 ], [ 878561.50993420672603, 6490031.622302139177918 ], [ 878559.39100276096724, 6490034.661679472774267 ], [ 878552.582276715780608, 6490044.69991538580507 ], [ 878551.464969697175547, 6490046.34718150831759 ], [ 878545.773546002688818, 6490054.738151297904551 ], [ 878541.420005187625065, 6490061.156655950471759 ], [ 878538.96480988105759, 6490064.776387210935354 ], [ 878532.156086297240108, 6490074.814623123034835 ], [ 878531.375040677958168, 6490075.966134134680033 ], [ 878525.347362713422626, 6490084.852859036065638 ], [ 878521.330076168291271, 6490090.775624083355069 ], [ 878518.538639129488729, 6490094.891094948165119 ], [ 878511.729914565687068, 6490104.929330861195922 ], [ 878511.285111658740789, 6490105.585111902095377 ], [ 878504.921183852711692, 6490114.967566773295403 ], [ 878501.240147149190307, 6490120.394586343318224 ], [ 878498.112446249579079, 6490125.005802685394883 ], [ 878491.303722665761597, 6490135.044038598425686 ], [ 878491.195182639639825, 6490135.204061307013035 ], [ 878484.4949990818277, 6490145.082274509593844 ], [ 878481.150218129972927, 6490150.013551255688071 ], [ 878477.686275498010218, 6490155.12051042355597 ], [ 878471.105253620422445, 6490164.823041204363108 ], [ 878470.877551914192736, 6490165.158746335655451 ], [ 878464.068806201918051, 6490175.196982248686254 ], [ 878461.060289110755548, 6490179.632498528808355 ], [ 878457.260082618100569, 6490185.235218160785735 ], [ 878451.015324601321481, 6490194.441988478414714 ], [ 878450.451359034166671, 6490195.273454073816538 ], [ 878444.22008282947354, 6490205.311689985916018 ], [ 878440.970360091654584, 6490213.904852566309273 ], [ 878440.260369282681495, 6490215.349925898015499 ], [ 878439.384315164759755, 6490225.388161811046302 ], [ 878438.608957116724923, 6490235.426397723145783 ], [ 878437.833599068457261, 6490245.464633636176586 ], [ 878437.058280939934775, 6490255.502869548276067 ], [ 878436.282922891667113, 6490265.54110546130687 ], [ 878435.50756484339945, 6490275.579341373406351 ], [ 878434.732206795131788, 6490285.617577286437154 ], [ 878433.956848746864125, 6490295.655813198536634 ], [ 878433.18153061834164, 6490305.694049111567438 ], [ 878432.406172570073977, 6490315.732285023666918 ], [ 878431.63081452192273, 6490325.770520935766399 ], [ 878430.925395581987686, 6490334.903284505009651 ], [ 878430.855456473771483, 6490335.808756848797202 ], [ 878430.080138345132582, 6490345.846992760896683 ], [ 878429.304780296748504, 6490355.885228673927486 ], [ 878428.529422248713672, 6490365.923464585095644 ], [ 878427.754064200562425, 6490375.96170049905777 ], [ 878426.978721836698242, 6490385.99993641115725 ], [ 878426.203388023655862, 6490396.038172325119376 ], [ 878425.428029975388199, 6490406.076408236287534 ], [ 878424.652671927120537, 6490416.114644148387015 ], [ 878421.67275675968267, 6490426.152880061417818 ], [ 878420.880431072437204, 6490427.898785739205778 ], [ 878416.740060173906386, 6490436.191115973517299 ], [ 878410.835466562770307, 6490446.103137119673193 ], [ 878410.759332077228464, 6490446.229351886548102 ], [ 878408.369352381443605, 6490456.267587799578905 ], [ 878406.012505103833973, 6490466.305823711678386 ], [ 878408.716712430818006, 6490476.344059623777866 ], [ 878410.835466563003138, 6490477.272251519374549 ], [ 878420.880431072437204, 6490481.672787900082767 ], [ 878430.616388214752078, 6490486.382295537739992 ], [ 878430.925395581987686, 6490486.538866622373462 ], [ 878440.970360091654584, 6490490.954444560222328 ], [ 878448.507940754760057, 6490486.38229553680867 ], [ 878451.015324601205066, 6490485.143613582476974 ], [ 878461.060289110755548, 6490478.318458080291748 ], [ 878471.105253620538861, 6490478.496206656098366 ], [ 878481.150218129856512, 6490479.164451676420867 ], [ 878491.195182639639825, 6490479.832683622837067 ], [ 878501.240147149190307, 6490480.500904094427824 ], [ 878511.285111658740789, 6490481.169149114750326 ], [ 878521.330076168407686, 6490481.83739413600415 ], [ 878531.375040677841753, 6490482.505639156326652 ], [ 878541.420005187625065, 6490483.17385857924819 ], [ 878551.464969697175547, 6490483.842091574333608 ], [ 878561.50993420672603, 6490484.51033659465611 ], [ 878571.554898716392927, 6490485.178581615909934 ], [ 878581.599863225943409, 6490485.846826636232436 ], [ 878589.649409110075794, 6490486.382295537739992 ], [ 878591.644827735610306, 6490486.515034032985568 ], [ 878601.689792245160788, 6490487.183279054239392 ], [ 878611.73475675471127, 6490487.851524075493217 ], [ 878621.779721264378168, 6490488.519761083647609 ], [ 878631.82468577392865, 6490489.187976491637528 ], [ 878641.869650283362716, 6490489.85622151196003 ], [ 878651.914614793146029, 6490490.524466533213854 ], [ 878661.959579302696511, 6490491.192711554467678 ], [ 878669.174245759379119, 6490496.420531449839473 ], [ 878672.004543812479824, 6490499.922110185958445 ], [ 878677.042001409456134, 6490506.458767361938953 ], [ 878682.049508322030306, 6490512.956560218706727 ], [ 878684.777954863617197, 6490516.497003274038434 ], [ 878692.094472831464373, 6490525.991006767377257 ], [ 878692.513883491163142, 6490526.535239186137915 ], [ 878700.24986162444111, 6490536.573475099168718 ], [ 878702.13943734113127, 6490539.025411735288799 ], [ 878707.985790251987055, 6490546.611711011268198 ], [ 878712.184401850681752, 6490552.059880942106247 ], [ 878715.721718879765831, 6490556.649946924299002 ], [ 878722.229366360465065, 6490565.094296108931303 ], [ 878723.457697013043799, 6490566.688182836398482 ], [ 878731.193625640706159, 6490576.726418749429286 ], [ 878732.274330869899131, 6490578.128746141679585 ], [ 878738.929570974083617, 6490586.764654660597444 ], [ 878742.319295379449613, 6490591.163196174427867 ], [ 878746.665532401530072, 6490596.802890574559569 ], [ 878752.364259889116511, 6490604.197629289701581 ], [ 878754.401461029192433, 6490606.84112648665905 ], [ 878762.137439162353985, 6490616.879362398758531 ], [ 878762.409224398783408, 6490617.2320342566818 ], [ 878769.873367790132761, 6490626.917598311789334 ], [ 878772.45418890833389, 6490630.266503462567925 ], [ 878777.609296417795122, 6490636.955834222957492 ], [ 878782.499153417884372, 6490643.300932064652443 ], [ 878785.345274550956674, 6490646.994070136919618 ], [ 878792.544117927318439, 6490651.886286198161542 ], [ 878799.792906514136121, 6490657.032306049019098 ], [ 878802.589082437101752, 6490660.777798978611827 ], [ 878806.268392109544948, 6490667.070541962049901 ], [ 878812.137692764634266, 6490677.10877787321806 ], [ 878812.634046946652234, 6490677.957691945135593 ], [ 878818.006959971855395, 6490687.147013787180185 ], [ 878822.679011456202716, 6490695.137597860768437 ], [ 878824.490760355722159, 6490697.185249699279666 ], [ 878831.417215406661853, 6490707.223485612310469 ], [ 878832.723975965869613, 6490709.64321412332356 ], [ 878842.76894047530368, 6490709.022644525393844 ], [ 878852.813904985086992, 6490708.402074927464128 ], [ 878862.858869494637474, 6490707.781505329534411 ], [ 878871.891358808497898, 6490707.223485612310469 ], [ 878872.903834004187956, 6490707.160935202613473 ], [ 878882.948798513854854, 6490706.540366134606302 ], [ 878892.993763023405336, 6490705.919796536676586 ], [ 878903.038727533072233, 6490705.29922693874687 ], [ 878913.083692042622715, 6490704.678657340817153 ], [ 878923.128656552173197, 6490704.058087742887437 ], [ 878933.173621061840095, 6490703.437518144026399 ], [ 878943.218585571390577, 6490702.816996226087213 ], [ 878953.263550081057474, 6490702.19642137363553 ], [ 878963.308514590607956, 6490701.575846523046494 ], [ 878973.353479100042023, 6490700.955271670594811 ], [ 878983.398443609941751, 6490700.334696818143129 ], [ 878993.443408119259402, 6490699.714185542427003 ], [ 879003.488372629042715, 6490699.093615944497287 ], [ 879013.533337138593197, 6490698.473046346567571 ], [ 879023.578301648027264, 6490697.852476747706532 ], [ 879033.623266157810576, 6490697.231907150708139 ], [ 879034.378495617653243, 6490697.185249699279666 ], [ 879043.668230667361058, 6490696.4573148265481 ], [ 879053.71319517691154, 6490695.472836866043508 ], [ 879063.758159686578438, 6490694.193488659337163 ], [ 879073.80312419612892, 6490692.011090887710452 ], [ 879083.848088705912232, 6490689.292411416769028 ], [ 879091.775333626545034, 6490687.147013787180185 ], [ 879093.893053215346299, 6490686.573874082416296 ], [ 879103.938017724780366, 6490683.855203217826784 ], [ 879113.982982234563679, 6490681.136523745954037 ], [ 879124.027946744114161, 6490678.417863933369517 ], [ 879128.864947509486228, 6490677.108777874149382 ], [ 879134.072911253781058, 6490675.699315547011793 ], [ 879144.11787576333154, 6490672.980636076070368 ], [ 879154.162840272998437, 6490670.261956605128944 ], [ 879164.207804782548919, 6490667.543427878059447 ], [ 879165.955021509318613, 6490667.070541962049901 ], [ 879174.252769292099401, 6490664.824748407118022 ], [ 879184.297733801649883, 6490662.106068935245275 ], [ 879194.342698311433196, 6490659.387424831278622 ], [ 879203.044732276699506, 6490657.032306049019098 ], [ 879204.387662820867263, 6490656.668860736303031 ], [ 879214.43262733053416, 6490653.950181265361607 ], [ 879224.477591840084642, 6490651.231501795351505 ], [ 879234.522556349635124, 6490648.512973068282008 ], [ 879240.134591969195753, 6490646.994070136919618 ], [ 879244.567520859418437, 6490645.794293596409261 ], [ 879254.612485368968919, 6490643.075614124536514 ], [ 879256.217629571678117, 6490646.994070136919618 ], [ 879259.804869081359357, 6490657.032306049019098 ], [ 879262.788915529614314, 6490667.070541962049901 ], [ 879264.657449878519401, 6490674.351861022412777 ], [ 879265.329563908744603, 6490677.108777874149382 ], [ 879268.411150451749563, 6490687.147013787180185 ], [ 879273.21535952296108, 6490697.185249699279666 ], [ 879274.702414388069883, 6490699.474838664755225 ], [ 879279.866261625429615, 6490707.223485613241792 ], [ 879284.747378897620365, 6490714.086675413884223 ], [ 879287.119874985073693, 6490717.261721523478627 ], [ 879294.175201695063151, 6490727.29995743650943 ], [ 879294.792343407287262, 6490728.287445422261953 ], [ 879300.414538898738101, 6490737.338193349540234 ], [ 879304.83730791695416, 6490744.127384330146015 ], [ 879306.899250013870187, 6490747.376429261639714 ], [ 879314.282352465786971, 6490757.414665173739195 ], [ 879314.882272426504642, 6490758.230321820825338 ], [ 879321.665530322585255, 6490767.452901087701321 ], [ 879324.927236936055124, 6490771.887547129765153 ], [ 879329.048708179034293, 6490777.491136999800801 ], [ 879334.972201445605606, 6490785.544772438704967 ], [ 879336.431886035716161, 6490787.529372911900282 ], [ 879343.81506389239803, 6490797.567608824931085 ], [ 879345.017165955272503, 6490799.202014438807964 ], [ 879351.198212743503973, 6490807.605844736099243 ], [ 879355.062130464822985, 6490812.859276708215475 ], [ 879358.55374447745271, 6490817.644080649130046 ], [ 879365.107094974373467, 6490826.686379536986351 ], [ 879365.825230441638269, 6490827.68231656216085 ], [ 879373.063393436605111, 6490837.72055247426033 ], [ 879375.152059484040365, 6490840.6172138415277 ], [ 879380.301599910715595, 6490847.758788386359811 ], [ 879385.197023993590847, 6490854.548014733940363 ], [ 879387.539747428498231, 6490857.797024299390614 ], [ 879394.777969379792921, 6490867.83526021335274 ], [ 879395.241988503257744, 6490868.478779222816229 ], [ 879402.016141134314239, 6490877.873496124520898 ], [ 879405.286953012691811, 6490882.409613527357578 ], [ 879409.155218696920201, 6490887.911732037551701 ], [ 879415.331917522358708, 6490896.609029430896044 ], [ 879416.272108144708909, 6490897.949967949651182 ], [ 879423.310425871633925, 6490907.988203862681985 ], [ 879425.376882032025605, 6490910.935438591986895 ], [ 879430.348743598326109, 6490918.026439774781466 ], [ 879435.421846541576087, 6490925.261834101751447 ], [ 879437.387061325134709, 6490928.064675686880946 ], [ 879444.425307402038015, 6490938.102911600843072 ], [ 879445.466811051242985, 6490939.588331801816821 ], [ 879452.155089979758486, 6490948.141147512942553 ], [ 879455.511775560909882, 6490951.266540168784559 ] ], [ [ 880080.697219184716232, 6490516.497003274038434 ], [ 880078.299575155833736, 6490514.362329624593258 ], [ 880068.254610646283254, 6490510.382779834792018 ], [ 880060.808399385539815, 6490506.458767361938953 ], [ 880058.209646136499941, 6490504.817883528769016 ], [ 880048.164681626949459, 6490499.795767286792397 ], [ 880041.759829637245275, 6490496.42053144890815 ], [ 880038.119717117282562, 6490494.502261010929942 ], [ 880028.07475260773208, 6490489.208746433258057 ], [ 880023.980851943138987, 6490486.38229553680867 ], [ 880018.029788098181598, 6490481.7723778039217 ], [ 880011.417519864859059, 6490476.344059623777866 ], [ 880007.984823588514701, 6490473.525999777950346 ], [ 879999.189882088452578, 6490466.305823711678386 ], [ 879997.939859078964218, 6490465.279621751047671 ], [ 879987.894894569413736, 6490457.082289594225585 ], [ 879986.614144989405759, 6490456.267587798647583 ], [ 879977.849930059746839, 6490449.522051061503589 ], [ 879971.968579293927178, 6490446.229351886548102 ], [ 879967.804965550196357, 6490443.650075079873204 ], [ 879957.76000104052946, 6490438.496518147177994 ], [ 879953.266425992595032, 6490436.191115973517299 ], [ 879947.715036531095393, 6490433.343008354306221 ], [ 879937.670072021428496, 6490426.819887520745397 ], [ 879937.2127945831744, 6490426.152880061417818 ], [ 879933.682116934796795, 6490416.114644148387015 ], [ 879937.670072021428496, 6490413.526782620698214 ], [ 879944.921393729513511, 6490406.076408236287534 ], [ 879947.715036530978978, 6490404.227093884721398 ], [ 879957.76000104052946, 6490402.224606797099113 ], [ 879967.804965550079942, 6490402.539975011721253 ], [ 879977.849930059746839, 6490402.855343227274716 ], [ 879987.894894569413736, 6490403.35850703343749 ], [ 879997.939859078964218, 6490404.885067945346236 ], [ 880004.063371159834787, 6490406.076408236287534 ], [ 880004.668431868893094, 6490416.114644148387015 ], [ 880007.984823588514701, 6490419.779557316564023 ], [ 880013.752063850290142, 6490426.152880061417818 ], [ 880018.029788098181598, 6490430.799993822351098 ], [ 880022.950999729568139, 6490436.191115973517299 ], [ 880028.07475260773208, 6490441.736515270546079 ], [ 880032.229759476846084, 6490446.229351886548102 ], [ 880038.119717117398977, 6490452.597802541218698 ], [ 880041.515462045907043, 6490456.267587798647583 ], [ 880048.164681626949459, 6490463.441312474198639 ], [ 880050.817906713229604, 6490466.305823711678386 ], [ 880058.209646136499941, 6490474.269796387292445 ], [ 880060.134867878397927, 6490476.344059623777866 ], [ 880068.254610646166839, 6490485.344150035642087 ], [ 880069.19387138215825, 6490486.38229553680867 ], [ 880078.047228123992682, 6490496.420531447976828 ], [ 880078.299575155717321, 6490496.706651316955686 ], [ 880086.900577060412616, 6490506.458767361938953 ], [ 880088.344539665267803, 6490508.095982542261481 ], [ 880095.75392599706538, 6490516.497003274038434 ], [ 880088.344539665267803, 6490519.70811727643013 ], [ 880080.697219184716232, 6490516.497003274038434 ] ] ] } },
{ "type": "Feature", "properties": { "id": 1, "cost_level": 600.0 }, "geometry": { "type": "Polygon", "coordinates": [ [ [ 879535.871491637430154, 6490540.337200210429728 ], [ 879536.72310983389616, 6490536.573475099168718 ], [ 879540.530257711885497, 6490526.535239186137915 ], [ 879545.916456147097051, 6490521.822251920588315 ], [ 879548.52613262005616, 6490516.497003274038434 ], [ 879553.252229285193607, 6490506.458767361938953 ], [ 879555.961420656763949, 6490501.324700880795717 ], [ 879559.929846800165251, 6490496.42053144890815 ], [ 879566.006385166314431, 6490491.96858024597168 ], [ 879574.242334926850162, 6490486.382295537739992 ], [ 879576.051349675981328, 6490485.155275979079306 ], [ 879586.09631418553181, 6490478.341971712186933 ], [ 879593.442656695027836, 6490476.344059623777866 ], [ 879596.141278695082292, 6490475.733675349503756 ], [ 879606.186243204749189, 6490475.2752670282498 ], [ 879616.231207714299671, 6490474.816856287419796 ], [ 879626.276172223966569, 6490474.358447240665555 ], [ 879636.321136733517051, 6490473.900026164017618 ], [ 879646.366101243067533, 6490473.441617842763662 ], [ 879656.411065752618015, 6490472.983209521509707 ], [ 879666.456030262168497, 6490472.524801200255752 ], [ 879676.50099477195181, 6490472.066392879933119 ], [ 879686.545959281502292, 6490471.607984557747841 ], [ 879696.590923791052774, 6490471.149568009190261 ], [ 879706.635888300603256, 6490470.691158961504698 ], [ 879716.680852810153738, 6490473.506501981057227 ], [ 879718.429406865499914, 6490476.344059623777866 ], [ 879720.529793587862514, 6490486.38229553680867 ], [ 879723.636363140307367, 6490496.42053144890815 ], [ 879726.72581731970422, 6490503.176180427893996 ], [ 879736.770781829487532, 6490503.30630049854517 ], [ 879746.815746339038014, 6490503.436401567421854 ], [ 879756.860710848588496, 6490503.566544001922011 ], [ 879766.905675358255394, 6490503.696645824238658 ], [ 879773.015396014321595, 6490496.42053144890815 ], [ 879769.965522384853102, 6490486.38229553680867 ], [ 879766.905675358255394, 6490478.416212853044271 ], [ 879766.109741879976355, 6490476.344059623777866 ], [ 879762.253922575386241, 6490466.305823711678386 ], [ 879758.398103270796128, 6490456.267587798647583 ], [ 879763.817948126932606, 6490446.229351886548102 ], [ 879766.905675358371809, 6490444.185358463786542 ], [ 879776.950639867805876, 6490437.535858734510839 ], [ 879778.982054839027114, 6490436.191115973517299 ], [ 879786.995604377472773, 6490430.88636757619679 ], [ 879794.146186056197621, 6490426.152880061417818 ], [ 879797.040568887023255, 6490423.636311320587993 ], [ 879807.085533396690153, 6490417.587389608845115 ], [ 879809.310317273600958, 6490416.114644149318337 ], [ 879817.130497906240635, 6490409.845674937590957 ], [ 879823.510475646122359, 6490406.076408236287534 ], [ 879827.175462415907532, 6490402.507890803739429 ], [ 879837.220426925458014, 6490396.598116762936115 ], [ 879838.123041438753717, 6490396.038172323256731 ], [ 879847.265391435008496, 6490387.109749806113541 ], [ 879849.563387638423592, 6490385.99993641115725 ], [ 879857.310355944791809, 6490378.606101537123322 ], [ 879860.081071346998215, 6490375.961700498126447 ], [ 879867.355320454342291, 6490369.019077712669969 ], [ 879870.598781686509028, 6490365.923464585095644 ], [ 879877.400284963892773, 6490359.43203385733068 ], [ 879881.116508410545066, 6490355.885228673927486 ], [ 879887.445249473443255, 6490349.844973371364176 ], [ 879891.634200505446643, 6490345.846992760896683 ], [ 879897.490213982993737, 6490340.257949546910822 ], [ 879902.151902458514087, 6490335.808756848797202 ], [ 879907.535178492544219, 6490330.670898048207164 ], [ 879912.669629182317294, 6490325.770520935766399 ], [ 879917.580143002211116, 6490322.955109643749893 ], [ 879927.625107511761598, 6490321.213572954759002 ], [ 879931.477667864179239, 6490315.732285023666918 ], [ 879934.787182948668487, 6490305.694049111567438 ], [ 879937.670072021428496, 6490296.467197732999921 ], [ 879938.20520470791962, 6490295.655813197605312 ], [ 879944.045769864926115, 6490285.617577286437154 ], [ 879947.715036530978978, 6490277.950444472022355 ], [ 879952.38507239590399, 6490275.579341373406351 ], [ 879957.76000104052946, 6490272.850345210172236 ], [ 879967.804965550196357, 6490267.750327995046973 ], [ 879972.156167519045994, 6490265.54110546130687 ], [ 879977.849930059746839, 6490262.549283537082374 ], [ 879987.894894569413736, 6490257.22206265758723 ], [ 879991.111322344746441, 6490255.502869548276067 ], [ 879997.939859078964218, 6490251.574796244502068 ], [ 880007.984823588514701, 6490245.796492859721184 ], [ 880008.378709534881637, 6490245.464633636176586 ], [ 880012.494578123558313, 6490235.426397723145783 ], [ 880007.984823588514701, 6490226.204199101775885 ], [ 880007.585388665553182, 6490225.388161811046302 ], [ 880004.766580070601776, 6490215.349925898015499 ], [ 880004.489690553629771, 6490205.311689985916018 ], [ 880006.744986381614581, 6490195.273454073816538 ], [ 880007.984823588514701, 6490189.754916589707136 ], [ 880009.000249519129284, 6490185.235218160785735 ], [ 880011.590747188543901, 6490175.196982248686254 ], [ 880013.233161050127819, 6490165.158746335655451 ], [ 880014.875574911828153, 6490155.12051042355597 ], [ 880016.518025599652901, 6490145.082274510525167 ], [ 880018.029788098298013, 6490135.842603886500001 ], [ 880018.160445985500701, 6490135.044038598425686 ], [ 880020.801656412426382, 6490125.005802685394883 ], [ 880028.07475260773208, 6490117.756408461369574 ], [ 880032.178377198288217, 6490114.967566773295403 ], [ 880038.119717117398977, 6490110.929832671768963 ], [ 880046.949179395800456, 6490104.929330861195922 ], [ 880048.164681626949459, 6490104.103275649249554 ], [ 880058.209646136499941, 6490097.276718624867499 ], [ 880061.719981593079865, 6490094.891094947233796 ], [ 880068.254610646166839, 6490090.450131718069315 ], [ 880076.490684395539574, 6490084.852859036065638 ], [ 880077.713265438331291, 6490074.814623123034835 ], [ 880078.299575155717321, 6490066.763454411178827 ], [ 880078.444279216811992, 6490064.776387210935354 ], [ 880079.843809468671679, 6490054.738151296973228 ], [ 880088.344539665151387, 6490049.143348613753915 ], [ 880094.113446376984939, 6490044.69991538580507 ], [ 880093.345216763904318, 6490034.661679472774267 ], [ 880091.572038239100948, 6490024.623443559743464 ], [ 880089.798859714413993, 6490014.585207648575306 ], [ 880088.344539665267803, 6490006.35246791318059 ], [ 880088.025597323663533, 6490004.54697173461318 ], [ 880086.252418798860162, 6489994.5087358225137 ], [ 880078.299575155717321, 6489984.843539706431329 ], [ 880077.333586293505505, 6489984.470499910414219 ], [ 880068.254610646283254, 6489982.507277630269527 ], [ 880058.209646136499941, 6489979.208271321840584 ], [ 880053.285734948702157, 6489974.432263998314738 ], [ 880048.164681626949459, 6489968.521308762952685 ], [ 880044.588944105897099, 6489964.394028085283935 ], [ 880038.119717117398977, 6489956.926948808133602 ], [ 880035.892153263092041, 6489954.355792174115777 ], [ 880028.07475260773208, 6489945.332588853314519 ], [ 880027.195362420170568, 6489944.317556260153651 ], [ 880018.498575071804225, 6489934.279320348054171 ], [ 880018.029788098181598, 6489933.73822424095124 ], [ 880009.801794277969748, 6489924.24108443595469 ], [ 880007.984823588514701, 6489922.143868944607675 ], [ 880001.10498989187181, 6489914.202848521992564 ], [ 879997.939859078964218, 6489910.549508990719914 ], [ 879992.408199049066752, 6489904.164612611755729 ], [ 879987.894894569413736, 6489898.381812810897827 ], [ 879984.595662145875394, 6489894.126376697793603 ], [ 879977.849930059746839, 6489885.263694959692657 ], [ 879976.96315437136218, 6489884.088140785694122 ], [ 879968.231104390928522, 6489874.049904872663319 ], [ 879967.804965550079942, 6489873.520516336895525 ], [ 879960.044992446433753, 6489864.011668960563838 ], [ 879957.76000104052946, 6489861.135323220863938 ], [ 879952.070539838285185, 6489853.973433047533035 ], [ 879947.715036530978978, 6489848.490728232078254 ], [ 879944.096087229903787, 6489843.935197135433555 ], [ 879937.670072021428496, 6489835.71376814506948 ], [ 879935.237745192018338, 6489833.896961222402751 ], [ 879927.625107511878014, 6489827.277889164164662 ], [ 879922.245117154088803, 6489833.896961222402751 ], [ 879917.580143002094701, 6489839.016953997313976 ], [ 879913.123391766683199, 6489843.935197135433555 ], [ 879907.535178492544219, 6489850.035273536108434 ], [ 879903.927473635645583, 6489853.973433047533035 ], [ 879897.490213982993737, 6489860.920128034427762 ], [ 879895.09878107579425, 6489864.011668961495161 ], [ 879887.445249473443255, 6489871.372623017057776 ], [ 879884.661553075304255, 6489874.049904872663319 ], [ 879877.400284963892773, 6489881.033590802922845 ], [ 879874.22432507481426, 6489884.088140785694122 ], [ 879867.35532045410946, 6489890.588198095560074 ], [ 879863.134807684225962, 6489894.126376697793603 ], [ 879857.310355944675393, 6489897.585554324090481 ], [ 879847.265391435008496, 6489901.789996524341404 ], [ 879837.220426925458014, 6489898.045366402715445 ], [ 879833.663496088818647, 6489894.126376697793603 ], [ 879827.175462415791117, 6489886.977928124368191 ], [ 879824.552650296129286, 6489884.088140785694122 ], [ 879817.130497906240635, 6489875.910489844158292 ], [ 879815.824804899515584, 6489874.049904872663319 ], [ 879813.218407146632671, 6489864.011668960563838 ], [ 879817.130497906124219, 6489857.621410191059113 ], [ 879820.707431153510697, 6489853.973433047533035 ], [ 879818.944342970964499, 6489843.935197135433555 ], [ 879821.57080950634554, 6489833.896961222402751 ], [ 879827.175462415674701, 6489827.052096316590905 ], [ 879829.790230764541775, 6489823.858725310303271 ], [ 879837.220426925341599, 6489814.78431006334722 ], [ 879839.013216766878031, 6489813.82048939820379 ], [ 879847.265391435008496, 6489808.769228748045862 ], [ 879857.310355944558978, 6489805.752283753827214 ], [ 879863.869664695230313, 6489803.782253485172987 ], [ 879867.355320454225875, 6489802.735361592844129 ], [ 879877.400284963776357, 6489799.718393391929567 ], [ 879887.44524947355967, 6489796.701477299444377 ], [ 879897.292061325046234, 6489793.744017573073506 ], [ 879897.490213982993737, 6489793.684503030031919 ], [ 879907.535178492544219, 6489790.66758693754673 ], [ 879917.580143002211116, 6489787.650612669065595 ], [ 879927.625107511645183, 6489784.633696575649083 ], [ 879929.548413802403957, 6489783.705781660042703 ], [ 879937.670072021428496, 6489778.811362287029624 ], [ 879945.074812636361457, 6489773.667545747943223 ], [ 879947.715036530978978, 6489771.824896661564708 ], [ 879957.76000104052946, 6489764.902569476515055 ], [ 879959.607623604708351, 6489763.629309834912419 ], [ 879967.804965550079942, 6489757.980242290534079 ], [ 879974.174072255264036, 6489753.591073922812939 ], [ 879977.849930059746839, 6489751.057915106415749 ], [ 879987.894894569413736, 6489744.135514913126826 ], [ 879988.740414964267984, 6489743.552838009782135 ], [ 879997.939859078964218, 6489737.376255437731743 ], [ 880003.58071598620154, 6489733.514602097682655 ], [ 880007.984823588514701, 6489730.595824062824249 ], [ 880018.029788098065183, 6489723.938916740007699 ], [ 880018.727284366847016, 6489723.476366185583174 ], [ 880028.07475260773208, 6489715.808591293171048 ], [ 880030.795567505992949, 6489713.438130272552371 ], [ 880028.07475260773208, 6489710.712634664028883 ], [ 880020.693119243253022, 6489703.39989436045289 ], [ 880018.029788098181598, 6489700.82474678196013 ], [ 880010.447038105688989, 6489693.361658447422087 ], [ 880008.778020782629028, 6489683.323422535322607 ], [ 880007.984823588514701, 6489677.792866388335824 ], [ 880007.197904848842882, 6489673.285186622291803 ], [ 880001.505340181756765, 6489663.246950710192323 ], [ 879997.939859078964218, 6489656.959601764567196 ], [ 879995.812790436903015, 6489653.20871479716152 ], [ 879990.120265704696067, 6489643.170478885062039 ], [ 879987.894894569413736, 6489639.246244648471475 ], [ 879984.427716649253853, 6489633.132242972031236 ], [ 879978.735151982284151, 6489623.094007059000432 ], [ 879977.849930059630424, 6489621.533011794090271 ], [ 879972.966220467584208, 6489613.055771147832274 ], [ 879967.804965550196357, 6489604.306128463707864 ], [ 879966.99035760271363, 6489603.017535234801471 ], [ 879960.644479820504785, 6489592.979299322701991 ], [ 879957.76000104052946, 6489588.416431718505919 ], [ 879954.298672535922378, 6489582.941063409671187 ], [ 879947.952865251107141, 6489572.902827498503029 ], [ 879947.715036530978978, 6489572.526613614521921 ], [ 879941.607057966291904, 6489562.864591585472226 ], [ 879937.670072021428496, 6489558.15769521612674 ], [ 879932.568376341136172, 6489552.8263556715101 ], [ 879927.625107511878014, 6489550.025579641573131 ], [ 879917.580143002211116, 6489545.650800982490182 ], [ 879907.535178492544219, 6489544.39721542224288 ], [ 879904.342870494350791, 6489542.78811975941062 ], [ 879897.490213982993737, 6489539.334010734222829 ], [ 879887.445249473443255, 6489534.270832454785705 ], [ 879884.427808327367529, 6489532.749883847311139 ], [ 879877.400284963892773, 6489529.207632482983172 ], [ 879867.355320454225875, 6489524.144427794963121 ], [ 879857.310355944791809, 6489524.819472732953727 ], [ 879853.302909072022885, 6489522.711647934280336 ], [ 879847.265391435008496, 6489519.536052649840713 ], [ 879837.220426925458014, 6489517.994429117068648 ], [ 879827.175462415674701, 6489519.158175325021148 ], [ 879817.130497906124219, 6489514.589220806956291 ], [ 879812.940581456641667, 6489512.673412022180855 ], [ 879807.085533396573737, 6489509.363238520920277 ], [ 879800.700382316252217, 6489502.635176110081375 ], [ 879797.040568887023255, 6489498.600856543518603 ], [ 879792.994776190607809, 6489492.596940197050571 ], [ 879786.995604377472773, 6489483.184688175097108 ], [ 879786.582426780834794, 6489482.558704284951091 ], [ 879786.995604377472773, 6489480.393561083823442 ], [ 879788.4980387307005, 6489472.52046837285161 ], [ 879790.413650680566207, 6489462.482232458889484 ], [ 879791.752548030111939, 6489452.443996546790004 ], [ 879791.437858866294846, 6489442.405760634690523 ], [ 879794.259147735778242, 6489432.367524722591043 ], [ 879794.686373290838674, 6489422.329288809560239 ], [ 879797.040568887023255, 6489414.343628845177591 ], [ 879798.622654725331813, 6489412.291052897460759 ], [ 879807.085533396573737, 6489402.712697545997798 ], [ 879807.528376286267303, 6489402.252816984429955 ], [ 879817.13049790635705, 6489392.281269088387489 ], [ 879817.194714715355076, 6489392.214581072330475 ], [ 879826.356123890262097, 6489382.176345159299672 ], [ 879827.175462415791117, 6489381.201233355328441 ], [ 879834.946104775764979, 6489372.138109247200191 ], [ 879827.175462415791117, 6489362.709599922411144 ], [ 879826.642719332827255, 6489362.099873334169388 ], [ 879817.871990020736121, 6489352.061637422069907 ], [ 879817.130497906124219, 6489351.212996732443571 ], [ 879809.086947732488625, 6489342.023401509039104 ], [ 879807.085533396573737, 6489339.745318938046694 ], [ 879800.050504456739873, 6489331.985165596939623 ], [ 879797.040568887023255, 6489328.665019043721259 ], [ 879790.98514149885159, 6489321.94692968390882 ], [ 879786.995604377472773, 6489317.548799090087414 ], [ 879781.960920892423019, 6489311.90869377180934 ], [ 879776.950639867805876, 6489306.301630429923534 ], [ 879772.994685486308299, 6489301.870457859709859 ], [ 879766.905675358138978, 6489295.049991277977824 ], [ 879764.032993583241478, 6489291.832221946679056 ], [ 879756.860710848588496, 6489283.798352126032114 ], [ 879754.843907198519446, 6489281.793986035510898 ], [ 879746.815746339038014, 6489273.663664270192385 ], [ 879744.866166813182645, 6489271.755750121548772 ], [ 879736.770781829487532, 6489263.833375403657556 ], [ 879734.60873649129644, 6489261.717514209449291 ], [ 879726.725817319820635, 6489254.003062939271331 ], [ 879724.351285953307524, 6489251.679278295487165 ], [ 879716.680852810270153, 6489244.172695736400783 ], [ 879714.093939575250261, 6489241.64104238525033 ], [ 879706.635888300719671, 6489234.342379050329328 ], [ 879703.83648903737776, 6489231.602806471288204 ], [ 879696.590923791052774, 6489224.512016068212688 ], [ 879692.841002562083304, 6489221.564570559188724 ], [ 879686.545959281502292, 6489217.508025459945202 ], [ 879676.50099477195181, 6489212.19875396322459 ], [ 879675.496048680623062, 6489211.526334647089243 ], [ 879666.456030262401327, 6489203.318150283768773 ], [ 879664.703759141499177, 6489201.48809873405844 ], [ 879656.41106575273443, 6489192.827208497561514 ], [ 879655.121725409175269, 6489191.449862821027637 ], [ 879646.366101243067533, 6489182.185993555001915 ], [ 879645.925386264221743, 6489181.411626908928156 ], [ 879640.212329080794007, 6489171.373390996828675 ], [ 879637.89389017096255, 6489161.335155083797872 ], [ 879636.97557957470417, 6489151.296919171698391 ], [ 879636.321136733517051, 6489150.724768344312906 ], [ 879626.276172223966569, 6489141.646883063018322 ], [ 879625.813023241586052, 6489141.258683258667588 ], [ 879616.231207714299671, 6489136.739888917654753 ], [ 879606.186243204749189, 6489137.188802444376051 ], [ 879596.141278695082292, 6489137.637724805623293 ], [ 879586.09631418553181, 6489138.20996655896306 ], [ 879580.148978354409337, 6489141.258683258667588 ], [ 879576.051349675981328, 6489145.109317779541016 ], [ 879569.466852296609432, 6489151.296919171698391 ], [ 879566.006385166430846, 6489154.146740177646279 ], [ 879560.911761423805729, 6489161.335155083797872 ], [ 879566.006385166314431, 6489170.195063893683255 ], [ 879566.637207163264975, 6489171.373390996828675 ], [ 879572.704086683457717, 6489181.411626908928156 ], [ 879576.051349675981328, 6489186.949995598755777 ], [ 879577.495463878265582, 6489191.449862821958959 ], [ 879576.051349675981328, 6489195.886150212958455 ], [ 879574.502031261334196, 6489201.48809873405844 ], [ 879570.194368490832858, 6489211.526334647089243 ], [ 879566.006385166314431, 6489221.268385515548289 ], [ 879565.879058996448293, 6489221.564570560120046 ], [ 879561.563749502180144, 6489231.602806471288204 ], [ 879557.24844000779558, 6489241.64104238525033 ], [ 879555.961420656763949, 6489244.634895754046738 ], [ 879552.933130513411015, 6489251.679278296418488 ], [ 879548.617821019026451, 6489261.717514209449291 ], [ 879545.916456147097051, 6489268.001405991613865 ], [ 879544.730375988874584, 6489271.755750120617449 ], [ 879545.916456147097051, 6489277.880481431260705 ], [ 879546.545944604440592, 6489281.793986034579575 ], [ 879548.05000157665927, 6489291.832221946679056 ], [ 879545.916456147097051, 6489297.612448651343584 ], [ 879544.344777984428219, 6489301.870457859709859 ], [ 879540.639537794981152, 6489311.90869377180934 ], [ 879536.934314202750102, 6489321.946929684840143 ], [ 879535.871491637546569, 6489323.917097045108676 ], [ 879525.826527127996087, 6489329.02701607439667 ], [ 879515.78156261832919, 6489331.709987485781312 ], [ 879514.751309848157689, 6489331.985165596939623 ], [ 879505.736598108778708, 6489334.513336320407689 ], [ 879495.691633599228226, 6489338.361098067834973 ], [ 879488.590665885480121, 6489342.023401509039104 ], [ 879485.646669089561328, 6489343.541763314977288 ], [ 879475.601704579894431, 6489348.722447112202644 ], [ 879469.127232173108496, 6489352.061637422069907 ], [ 879465.556740070343949, 6489353.903108336962759 ], [ 879455.511775560793467, 6489359.083769560791552 ], [ 879449.663746893289499, 6489362.099873334169388 ], [ 879445.466811051242985, 6489364.264430785551667 ], [ 879435.421846541576087, 6489369.445092011243105 ], [ 879430.200261613354087, 6489372.138109247200191 ], [ 879425.376882032025605, 6489374.625759826041758 ], [ 879415.331917522242293, 6489379.806434775702655 ], [ 879405.286953012808226, 6489382.069083655253053 ], [ 879403.191265054396354, 6489372.138109247200191 ], [ 879401.072942193131894, 6489362.099873334169388 ], [ 879398.954619331751019, 6489352.061637422069907 ], [ 879396.836282259784639, 6489342.023401509039104 ], [ 879395.241988503257744, 6489334.468429496511817 ], [ 879392.772322436328977, 6489331.985165596939623 ], [ 879385.197023993590847, 6489326.578187078237534 ], [ 879375.152059484040365, 6489331.461278379894793 ], [ 879374.074381447513588, 6489331.985165596939623 ], [ 879365.107094974373467, 6489336.344395896419883 ], [ 879355.06213046470657, 6489341.227513412944973 ], [ 879353.42492479714565, 6489342.023401509039104 ], [ 879345.017165955272503, 6489346.110630930401385 ], [ 879334.972201445605606, 6489350.993748447857797 ], [ 879332.775468146428466, 6489352.061637422069907 ], [ 879324.927236936055124, 6489355.876865964382887 ], [ 879314.882272426504642, 6489360.759975896216929 ], [ 879312.126011495944113, 6489362.099873334169388 ], [ 879304.837307916721329, 6489365.643100997433066 ], [ 879294.792343407287262, 6489370.526209389790893 ], [ 879291.476516261929646, 6489372.138109246268868 ], [ 879284.747378897620365, 6489375.409297727048397 ], [ 879274.702414388069883, 6489380.292396727018058 ], [ 879270.826981310150586, 6489382.176345159299672 ], [ 879264.657449878519401, 6489385.175531219691038 ], [ 879254.612485368852504, 6489390.058631760068238 ], [ 879250.177524659666233, 6489392.214581072330475 ], [ 879244.567520859302022, 6489395.264554616995156 ], [ 879234.522556349635124, 6489401.86101068276912 ], [ 879233.999801528756507, 6489402.252816984429955 ], [ 879224.477591840084642, 6489409.709237552247941 ], [ 879221.180457236012444, 6489412.291052896529436 ], [ 879214.43262733053416, 6489417.57492901571095 ], [ 879208.361021848744713, 6489422.329288809560239 ], [ 879204.387662820983678, 6489425.920775886625051 ], [ 879197.55576880928129, 6489432.36752472165972 ], [ 879194.342698311316781, 6489435.282088302075863 ], [ 879185.939539100509137, 6489442.405760634690523 ], [ 879184.297733801649883, 6489443.287103524431586 ], [ 879174.252769292099401, 6489448.679373886436224 ], [ 879167.239860353991389, 6489452.443996546790004 ], [ 879164.207804782548919, 6489454.071644248440862 ], [ 879154.162840272998437, 6489459.463861737400293 ], [ 879148.540083112893626, 6489462.482232459820807 ], [ 879144.117875763447955, 6489464.856132099404931 ], [ 879134.072911253781058, 6489470.248402461409569 ], [ 879129.840404366375878, 6489472.520468371920288 ], [ 879124.027946744114161, 6489475.640672822482884 ], [ 879113.982982234563679, 6489481.032890310510993 ], [ 879111.140627125278115, 6489482.558704284019768 ], [ 879103.938017724896781, 6489486.425160672515631 ], [ 879093.893053215229884, 6489491.817431034520268 ], [ 879092.440948378760368, 6489492.596940197050571 ], [ 879083.848088705795817, 6489497.209701396524906 ], [ 879073.80312419612892, 6489502.601918885484338 ], [ 879073.741171137662604, 6489502.635176110081375 ], [ 879063.758159686578438, 6489506.92657732218504 ], [ 879053.713195177027956, 6489507.747717946767807 ], [ 879043.668230667361058, 6489507.10092268884182 ], [ 879033.623266157810576, 6489506.495749260298908 ], [ 879023.578301648143679, 6489508.522369598969817 ], [ 879013.533337138593197, 6489512.466303321532905 ], [ 879012.974519783863798, 6489512.673412022180855 ], [ 879003.488372628809884, 6489516.155338501557708 ], [ 878993.443408119375817, 6489520.144272627308965 ], [ 878987.496984367491677, 6489522.711647934280336 ], [ 878983.398443609825335, 6489524.501392896287143 ], [ 878973.353479100158438, 6489529.423399548046291 ], [ 878969.080883329035714, 6489532.749883847311139 ], [ 878963.308514590607956, 6489537.182872811332345 ], [ 878954.870128975366242, 6489542.78811975941062 ], [ 878953.263550081057474, 6489543.926141178235412 ], [ 878943.218585571274161, 6489548.325292574241757 ], [ 878933.17362106195651, 6489552.724444422870874 ], [ 878932.940919573418796, 6489552.826355672441423 ], [ 878923.128656552173197, 6489557.123620806261897 ], [ 878913.083692042622715, 6489561.522791245952249 ], [ 878911.269875081954524, 6489562.864591584540904 ], [ 878905.050476093543693, 6489572.902827497571707 ], [ 878903.038727533072233, 6489578.910155547782779 ], [ 878902.027112001087517, 6489582.941063409671187 ], [ 878901.06552844948601, 6489592.979299322701991 ], [ 878902.714173485292122, 6489603.017535233870149 ], [ 878903.038727533072233, 6489604.993698303587735 ], [ 878904.362797603942454, 6489613.055771147832274 ], [ 878903.093654038384557, 6489623.094007059931755 ], [ 878903.038727533072233, 6489623.348292164504528 ], [ 878900.925358651904389, 6489633.132242972031236 ], [ 878898.632695924956352, 6489643.170478885062039 ], [ 878894.502046546898782, 6489653.20871479716152 ], [ 878892.993763023405336, 6489656.290690566413105 ], [ 878889.589449249673635, 6489663.246950710192323 ], [ 878884.6768214503536, 6489673.285186622291803 ], [ 878882.948798513971269, 6489676.816170509904623 ], [ 878879.764224153361283, 6489683.323422534391284 ], [ 878874.85162094165571, 6489693.361658446490765 ], [ 878872.903834004187956, 6489697.341688068583608 ], [ 878869.938999057048932, 6489703.399894361384213 ], [ 878863.964053402421996, 6489713.438130272552371 ], [ 878862.858869494637474, 6489714.929069279693067 ], [ 878855.963462516898289, 6489723.476366184651852 ], [ 878852.813904985086992, 6489727.38044370058924 ], [ 878847.77794694097247, 6489733.514602097682655 ], [ 878842.76894047530368, 6489739.401603802107275 ], [ 878839.147752112243325, 6489743.552838009782135 ], [ 878832.723975965986028, 6489750.916884450241923 ], [ 878831.000187932746485, 6489753.591073922812939 ], [ 878826.362166835926473, 6489763.629309834912419 ], [ 878822.679011456202716, 6489773.529127156361938 ], [ 878822.627513821353205, 6489773.667545747943223 ], [ 878818.892886698013172, 6489783.705781659111381 ], [ 878815.158240189775825, 6489793.744017573073506 ], [ 878812.634046946652234, 6489800.528732918202877 ], [ 878811.423606560332701, 6489803.782253484241664 ], [ 878807.688966691028327, 6489813.82048939820379 ], [ 878803.858558395178989, 6489823.858725309371948 ], [ 878802.589082437101752, 6489825.825224974192679 ], [ 878797.378377627348527, 6489833.896961222402751 ], [ 878792.544117927434854, 6489841.385558386333287 ], [ 878790.898195909801871, 6489843.935197135433555 ], [ 878784.418027337873355, 6489853.973433047533035 ], [ 878782.499153417767957, 6489856.945903421379626 ], [ 878777.937858765944839, 6489864.011668960563838 ], [ 878772.45418890833389, 6489872.506258428096771 ], [ 878771.457690193899907, 6489874.049904872663319 ], [ 878764.977496280567721, 6489884.088140785694122 ], [ 878762.409224398666993, 6489888.066574178636074 ], [ 878758.497327708639205, 6489894.126376697793603 ], [ 878752.364259889116511, 6489903.658352667465806 ], [ 878752.041479479754344, 6489904.164612610824406 ], [ 878746.209032847546041, 6489914.202848522923887 ], [ 878742.319295379566029, 6489920.897454868070781 ], [ 878740.37656110431999, 6489924.241084435023367 ], [ 878734.544114472228102, 6489934.279320348054171 ], [ 878732.274330870015547, 6489938.185849580913782 ], [ 878728.71166784025263, 6489944.317556260153651 ], [ 878724.093628125265241, 6489954.355792173184454 ], [ 878722.229366360348649, 6489958.486718162894249 ], [ 878719.323652364546433, 6489964.394028086215258 ], [ 878712.569001409574412, 6489974.432263998314738 ], [ 878712.184401850681752, 6489975.003825310617685 ], [ 878705.814343560719863, 6489984.470499910414219 ], [ 878702.13943734113127, 6489989.931872872635722 ], [ 878699.010476658819243, 6489994.508735823445022 ], [ 878692.094472831580788, 6490003.542521924711764 ], [ 878691.316452189814299, 6490004.546971735544503 ], [ 878683.541096306638792, 6490014.585207648575306 ], [ 878682.049508321913891, 6490016.510895976796746 ], [ 878675.765740423463285, 6490024.623443560674787 ], [ 878672.004543812363409, 6490029.479270028881729 ], [ 878667.990384540287778, 6490034.661679472774267 ], [ 878661.959579302696511, 6490042.447644080966711 ], [ 878660.268638872657903, 6490044.69991538580507 ], [ 878655.228337628999725, 6490054.738151297904551 ], [ 878651.914614793146029, 6490063.163986374624074 ], [ 878651.294379530358128, 6490064.776387210935354 ], [ 878651.914614793146029, 6490068.974943876266479 ], [ 878661.959579302696511, 6490074.60109993442893 ], [ 878662.991942895809188, 6490074.814623123034835 ], [ 878672.004543812363409, 6490082.678927179425955 ], [ 878674.495899703470059, 6490084.852859035134315 ], [ 878682.049508322030306, 6490091.444061225280166 ], [ 878685.999637776287273, 6490094.891094948165119 ], [ 878692.094472831464373, 6490100.209423485212028 ], [ 878697.503513798001222, 6490104.929330861195922 ], [ 878702.13943734113127, 6490108.974619084969163 ], [ 878709.007389819831587, 6490114.967566773295403 ], [ 878712.184401850681752, 6490117.739814683794975 ], [ 878720.511265841545537, 6490125.005802685394883 ], [ 878722.229366360232234, 6490126.50508277118206 ], [ 878732.015127510763705, 6490135.044038597494364 ], [ 878732.274330869899131, 6490135.270216817967594 ], [ 878742.319295379449613, 6490144.035836224444211 ], [ 878743.759554593358189, 6490135.044038599357009 ], [ 878744.731781223788857, 6490125.005802685394883 ], [ 878744.926250990014523, 6490114.967566773295403 ], [ 878745.155230941483751, 6490104.929330861195922 ], [ 878750.09399090858642, 6490094.891094948165119 ], [ 878752.364259889116511, 6490093.03967578522861 ], [ 878762.409224398550577, 6490088.154250176623464 ], [ 878772.45418890833389, 6490086.759962162002921 ], [ 878782.499153417884372, 6490092.832595863379538 ], [ 878785.885870645870455, 6490094.891094948165119 ], [ 878792.544117927318439, 6490099.670727463439107 ], [ 878799.616486323880963, 6490104.929330861195922 ], [ 878802.589082437101752, 6490106.032638345845044 ], [ 878812.634046946652234, 6490109.12593087926507 ], [ 878822.679011456202716, 6490112.219233924522996 ], [ 878831.603698843158782, 6490114.967566773295403 ], [ 878832.723975965869613, 6490115.312553022056818 ], [ 878842.76894047553651, 6490121.395839531905949 ], [ 878846.812237084493972, 6490125.005802685394883 ], [ 878852.813904985086992, 6490128.103188624605536 ], [ 878862.858869494637474, 6490133.287269511260092 ], [ 878865.129926872323267, 6490135.044038598425686 ], [ 878870.295867626671679, 6490145.082274510525167 ], [ 878872.903834004187956, 6490151.500006617978215 ], [ 878875.456124610034749, 6490155.12051042355597 ], [ 878873.240400433540344, 6490165.158746335655451 ], [ 878872.903834004187956, 6490165.697337599471211 ], [ 878866.967507808469236, 6490175.196982248686254 ], [ 878862.858869494637474, 6490181.771857462823391 ], [ 878860.694616030319594, 6490185.235218160785735 ], [ 878854.421724252169952, 6490195.273454073816538 ], [ 878852.813904985086992, 6490197.846377325244248 ], [ 878848.14883247402031, 6490205.311689985916018 ], [ 878842.76894047553651, 6490213.920897186733782 ], [ 878841.875938448589295, 6490215.349925898015499 ], [ 878835.603023636853322, 6490225.388161811046302 ], [ 878832.723975965869613, 6490229.995376592501998 ], [ 878829.330131858820096, 6490235.426397723145783 ], [ 878823.057240080670454, 6490245.464633636176586 ], [ 878822.679011456202716, 6490246.069896454922855 ], [ 878816.784348302520812, 6490255.502869548276067 ], [ 878812.634046946652234, 6490262.144416316412389 ], [ 878810.511451182421297, 6490265.54110546130687 ], [ 878804.23853946547024, 6490275.579341373406351 ], [ 878802.589082437101752, 6490278.21889572404325 ], [ 878797.965647687204182, 6490285.617577286437154 ], [ 878792.544117927318439, 6490294.293415585532784 ], [ 878791.692755909170955, 6490295.655813198536634 ], [ 878792.54411792755127, 6490302.870266377925873 ], [ 878802.589082437101752, 6490303.694799162447453 ], [ 878812.634046946652234, 6490302.362370550632477 ], [ 878822.679011456202716, 6490301.029941936954856 ], [ 878832.723975965753198, 6490299.697483105584979 ], [ 878842.76894047553651, 6490298.365047778002918 ], [ 878852.813904985086992, 6490297.032612451352179 ], [ 878862.858869494521059, 6490295.700176899321377 ], [ 878863.193320287158713, 6490295.655813198536634 ], [ 878872.903834004187956, 6490294.367741795256734 ], [ 878882.948798513738438, 6490293.035306468605995 ], [ 878892.993763023288921, 6490291.70284047536552 ], [ 878903.038727533072233, 6490290.370411862619221 ], [ 878913.083692042622715, 6490289.037983249872923 ], [ 878923.128656552173197, 6490287.70551457349211 ], [ 878933.173621061840095, 6490286.373079245910048 ], [ 878938.869199837557971, 6490285.617577286437154 ], [ 878943.218585571390577, 6490285.040646825917065 ], [ 878953.263550081057474, 6490283.708218213170767 ], [ 878963.308514590607956, 6490282.375773264095187 ], [ 878973.353479100158438, 6490281.043337935581803 ], [ 878983.398443609825335, 6490279.710881788283587 ], [ 878993.443408119492233, 6490278.378453176468611 ], [ 879003.4883726289263, 6490277.04602456279099 ], [ 879013.533337138593197, 6490275.713595950044692 ], [ 879014.545422321767546, 6490275.579341373406351 ], [ 879023.578301648143679, 6490274.381116750650108 ], [ 879033.623266157810576, 6490273.04868813790381 ], [ 879043.668230667244643, 6490271.716259525157511 ], [ 879053.71319517691154, 6490270.383804731070995 ], [ 879063.758159686578438, 6490269.051369404420257 ], [ 879073.80312419612892, 6490267.718934075906873 ], [ 879083.848088705679402, 6490266.386494488455355 ], [ 879090.221340295975097, 6490265.54110546130687 ], [ 879093.893053215346299, 6490265.05406342074275 ], [ 879103.938017724780366, 6490263.721628094092011 ], [ 879113.982982234563679, 6490262.389158063568175 ], [ 879124.027946744114161, 6490261.056729450821877 ], [ 879134.072911253897473, 6490261.520013175904751 ], [ 879144.11787576333154, 6490264.163573591969907 ], [ 879149.204663855489343, 6490265.54110546130687 ], [ 879154.162840272765607, 6490266.914174608886242 ], [ 879164.207804782548919, 6490269.105026697739959 ], [ 879174.252769292099401, 6490270.546899233013391 ], [ 879184.297733801649883, 6490272.550927819684148 ], [ 879192.539408695185557, 6490275.579341373406351 ], [ 879194.342698311316781, 6490276.241960236802697 ], [ 879204.387662820867263, 6490279.932982966303825 ], [ 879214.43262733053416, 6490283.62403142824769 ], [ 879219.857961934059858, 6490285.617577286437154 ], [ 879224.477591840084642, 6490287.315060535445809 ], [ 879234.522556349635124, 6490291.006083264946938 ], [ 879244.567520859302022, 6490294.697105996310711 ], [ 879247.176579854916781, 6490295.655813198536634 ], [ 879254.612485368852504, 6490298.388160833157599 ], [ 879264.657449878519401, 6490302.07918356359005 ], [ 879274.495155788958073, 6490305.694049111567438 ], [ 879274.702414388186298, 6490305.770206294953823 ], [ 879275.492737322114408, 6490305.694049111567438 ], [ 879284.747378897620365, 6490304.863954793661833 ], [ 879294.792343407170847, 6490298.726896373555064 ], [ 879299.81900794559624, 6490295.655813198536634 ], [ 879304.837307916837744, 6490292.589849554002285 ], [ 879314.882272426504642, 6490286.452784478664398 ], [ 879316.249316604807973, 6490285.617577286437154 ], [ 879324.927236936055124, 6490280.541187341324985 ], [ 879334.972201445605606, 6490283.1048788363114 ], [ 879343.091802208451554, 6490285.617577286437154 ], [ 879345.017165955272503, 6490286.213403475470841 ], [ 879355.062130464822985, 6490289.32195056322962 ], [ 879365.107094974257052, 6490292.430490978062153 ], [ 879375.152059484040365, 6490295.53902199305594 ], [ 879375.460777936154045, 6490295.655813198536634 ], [ 879385.197023993590847, 6490299.780904602259398 ], [ 879395.241988503257744, 6490305.429883507080376 ], [ 879395.711725453147665, 6490305.694049111567438 ], [ 879405.286953012808226, 6490313.17751001752913 ], [ 879406.973809690680355, 6490315.732285024598241 ], [ 879410.777209382504225, 6490325.770520935766399 ], [ 879414.580606636125594, 6490335.808756848797202 ], [ 879415.331917522242293, 6490337.791670293547213 ], [ 879418.384018197422847, 6490345.846992760896683 ], [ 879420.631099366815761, 6490355.885228672996163 ], [ 879415.331917522358708, 6490364.813045488670468 ], [ 879414.672818792751059, 6490365.923464586026967 ], [ 879410.388257422484457, 6490375.96170049905777 ], [ 879407.292960114078596, 6490385.99993641115725 ], [ 879415.331917522358708, 6490395.894150138832629 ], [ 879415.500421180855483, 6490396.038172324188054 ], [ 879425.376882032025605, 6490404.47970699891448 ], [ 879427.244996998109855, 6490406.076408237218857 ], [ 879435.421846541576087, 6490413.065263858996332 ], [ 879438.989572815131396, 6490416.114644148387015 ], [ 879445.466811051242985, 6490421.650820719078183 ], [ 879450.734166001901031, 6490426.152880061417818 ], [ 879455.511775560677052, 6490430.236360784620047 ], [ 879462.478747423505411, 6490436.191115973517299 ], [ 879465.556740070343949, 6490438.907782711088657 ], [ 879475.601704580010846, 6490441.305257691070437 ], [ 879485.646669089561328, 6490445.519436046481133 ], [ 879486.482026267331094, 6490446.229351886548102 ], [ 879491.318409132538363, 6490456.26758779771626 ], [ 879495.691633599344641, 6490466.059840809553862 ], [ 879495.801489670411684, 6490466.305823711678386 ], [ 879500.284500146983191, 6490476.344059623777866 ], [ 879504.767580684856512, 6490486.382295537739992 ], [ 879505.736598108662292, 6490488.169107213616371 ], [ 879510.196891124011017, 6490496.42053144890815 ], [ 879515.78156261832919, 6490506.403343358077109 ], [ 879515.812568397144787, 6490506.458767361938953 ], [ 879521.428245670278557, 6490516.497003274038434 ], [ 879525.826527127996087, 6490524.105988753028214 ], [ 879527.205089122871868, 6490526.535239186137915 ], [ 879532.959804693935439, 6490536.57347510010004 ], [ 879535.871491637430154, 6490540.337200210429728 ] ], [ [ 879644.274228982860222, 6490345.846992760896683 ], [ 879646.031106990296394, 6490335.808756848797202 ], [ 879646.366101243067533, 6490335.314069543965161 ], [ 879648.220678451005369, 6490335.808756848797202 ], [ 879654.105939067201689, 6490345.846992760896683 ], [ 879646.366101243067533, 6490353.051211206242442 ], [ 879644.274228982860222, 6490345.846992760896683 ] ] ] } },
{ "type": "Feature", "properties": { "id": 0, "cost_level": 300.0 }, "geometry": { "type": "Polygon", "coordinates": [ [ [ 879475.601704580010846, 6490207.118303315714002 ], [ 879477.908945726579987, 6490205.311689986847341 ], [ 879478.213324427371845, 6490195.273454073816538 ], [ 879478.517717677401379, 6490185.235218161717057 ], [ 879483.496337173040956, 6490175.196982248686254 ], [ 879485.646669089561328, 6490173.418138355948031 ], [ 879495.630925908568315, 6490165.158746335655451 ], [ 879495.691633599228226, 6490165.108526412397623 ], [ 879505.736598108778708, 6490156.798914469778538 ], [ 879507.765514644095674, 6490155.12051042355597 ], [ 879515.781562618445605, 6490148.48930252622813 ], [ 879519.900103379739448, 6490145.082274510525167 ], [ 879525.826527127996087, 6490140.179678214713931 ], [ 879532.034661501180381, 6490135.044038598425686 ], [ 879535.871491637546569, 6490131.870053315535188 ], [ 879544.16925023670774, 6490125.005802685394883 ], [ 879545.916456147097051, 6490123.56044137198478 ], [ 879555.961420656763949, 6490117.683528386987746 ], [ 879566.006385166198015, 6490118.466663651168346 ], [ 879576.051349675981328, 6490119.249818456359208 ], [ 879586.09631418553181, 6490120.032973260618746 ], [ 879596.141278695082292, 6490120.816128064878285 ], [ 879606.186243204749189, 6490121.599282870069146 ], [ 879616.231207714416087, 6490122.382437673397362 ], [ 879626.276172223966569, 6490123.165570601820946 ], [ 879636.321136733517051, 6490123.94872331712395 ], [ 879646.366101243067533, 6490122.40157790388912 ], [ 879656.41106575273443, 6490120.84125966578722 ], [ 879666.456030262284912, 6490118.58435420691967 ], [ 879676.50099477195181, 6490117.963159980252385 ], [ 879686.545959281502292, 6490117.705030558630824 ], [ 879694.541565857012756, 6490114.967566773295403 ], [ 879696.590923791052774, 6490113.645808356814086 ], [ 879706.635888300719671, 6490105.660911105573177 ], [ 879707.386291344999336, 6490104.929330861195922 ], [ 879706.824791755643673, 6490094.891094948165119 ], [ 879706.635888300836086, 6490092.502356057986617 ], [ 879703.886120607377961, 6490084.852859036065638 ], [ 879702.218980695586652, 6490074.814623123034835 ], [ 879702.39304062910378, 6490064.776387210935354 ], [ 879702.567096288548782, 6490054.738151297904551 ], [ 879702.741157176322304, 6490044.69991538580507 ], [ 879703.246420523617417, 6490034.661679472774267 ], [ 879706.398038594285026, 6490024.623443560674787 ], [ 879706.635888300719671, 6490023.982747830450535 ], [ 879710.124587427126244, 6490014.585207648575306 ], [ 879713.851159801473841, 6490004.546971735544503 ], [ 879716.680852810386568, 6489996.924627970904112 ], [ 879717.435799916274846, 6489994.508735823445022 ], [ 879720.546212185174227, 6489984.470499910414219 ], [ 879724.040170445805416, 6489974.432263998314738 ], [ 879726.725817319820635, 6489966.573722352273762 ], [ 879727.530059473938309, 6489964.394028086215258 ], [ 879731.195445336867124, 6489954.355792174115777 ], [ 879734.860833781654947, 6489944.317556260153651 ], [ 879736.770781829487532, 6489939.0868666972965 ], [ 879738.526222226792015, 6489934.279320348985493 ], [ 879742.191610671579838, 6489924.241084435023367 ], [ 879737.117611567722633, 6489914.202848522923887 ], [ 879736.770781829487532, 6489913.979468909092247 ], [ 879726.725817319820635, 6489907.509895948693156 ], [ 879718.572506487602368, 6489904.164612611755729 ], [ 879716.680852810270153, 6489903.447080901823938 ], [ 879706.635888300719671, 6489897.384575702250004 ], [ 879701.265110687701963, 6489894.126376697793603 ], [ 879696.590923791052774, 6489891.290766626596451 ], [ 879686.545959281502292, 6489885.196961916983128 ], [ 879684.718186675338075, 6489884.088140785694122 ], [ 879676.50099477195181, 6489879.103168370202184 ], [ 879666.456030262284912, 6489876.272384985350072 ], [ 879661.778644843958318, 6489874.049904872663319 ], [ 879656.41106575273443, 6489868.296501690521836 ], [ 879654.926180063863285, 6489864.011668960563838 ], [ 879651.44747126265429, 6489853.973433047533035 ], [ 879647.968783095944673, 6489843.935197135433555 ], [ 879646.366101243067533, 6489839.310436949133873 ], [ 879644.490094929118641, 6489833.896961222402751 ], [ 879641.011406762292609, 6489823.858725309371948 ], [ 879637.532697302405722, 6489813.820489399135113 ], [ 879636.321136733517051, 6489810.324372209608555 ], [ 879634.054006215184927, 6489803.782253485172987 ], [ 879630.57531804847531, 6489793.744017573073506 ], [ 879627.096629881649278, 6489783.705781660042703 ], [ 879626.276172223966569, 6489781.338237594813108 ], [ 879623.617935307091102, 6489773.6675457470119 ], [ 879620.139238754753023, 6489763.629309834912419 ], [ 879616.974986982299015, 6489753.591073922812939 ], [ 879616.463300619507208, 6489743.552838009782135 ], [ 879616.231207714299671, 6489742.617785460315645 ], [ 879613.971672381623648, 6489733.514602097682655 ], [ 879606.186243204865605, 6489726.94593802280724 ], [ 879602.231665041297674, 6489723.476366184651852 ], [ 879596.141278695082292, 6489718.799763306044042 ], [ 879589.158770779846236, 6489713.438130272552371 ], [ 879586.096314185415395, 6489711.086568652652204 ], [ 879576.085899753379636, 6489703.39989436045289 ], [ 879576.051349675981328, 6489703.373364469967782 ], [ 879566.006385166314431, 6489695.660160287283361 ], [ 879555.961420656763949, 6489693.538151173852384 ], [ 879545.916456147097051, 6489693.55203062389046 ], [ 879545.21803627256304, 6489693.361658447422087 ], [ 879538.626333035179414, 6489683.323422535322607 ], [ 879535.871491637546569, 6489681.166424077004194 ], [ 879525.826527127996087, 6489679.119146436452866 ], [ 879521.800711415242404, 6489673.285186622291803 ], [ 879523.053316694451496, 6489663.246950710192323 ], [ 879524.757244577049278, 6489653.20871479716152 ], [ 879525.826527127996087, 6489645.429430761374533 ], [ 879526.132375539513305, 6489643.170478885062039 ], [ 879527.128111391677521, 6489633.132242971099913 ], [ 879527.971701191738248, 6489623.094007059931755 ], [ 879528.815290991682559, 6489613.055771147832274 ], [ 879529.658878913964145, 6489603.017535235732794 ], [ 879530.356700577773154, 6489592.979299322701991 ], [ 879530.304447602364235, 6489582.941063409671187 ], [ 879530.22645255480893, 6489572.902827497571707 ], [ 879530.097466843668371, 6489562.864591583609581 ], [ 879529.843220989103429, 6489552.826355672441423 ], [ 879529.10899451491423, 6489542.78811975941062 ], [ 879525.826527127996087, 6489536.172415796667337 ], [ 879516.400373860262334, 6489542.78811975941062 ], [ 879515.78156261832919, 6489543.21385040320456 ], [ 879505.736598108778708, 6489550.293093249201775 ], [ 879502.121534613426775, 6489552.826355672441423 ], [ 879495.691633599228226, 6489557.326316829770803 ], [ 879488.269489019876346, 6489562.864591584540904 ], [ 879485.646669089561328, 6489564.734974857419729 ], [ 879475.601704580127262, 6489572.364677212201059 ], [ 879474.899851682595909, 6489572.902827497571707 ], [ 879465.556740070343949, 6489580.066719252616167 ], [ 879461.808034870191477, 6489582.941063409671187 ], [ 879455.511775560793467, 6489587.768761293031275 ], [ 879448.716218057787046, 6489592.979299321770668 ], [ 879445.4668110513594, 6489595.470803334377706 ], [ 879435.624401245266199, 6489603.017535234801471 ], [ 879435.421846541576087, 6489603.173644061200321 ], [ 879425.376882032025605, 6489611.439155785366893 ], [ 879423.464857807382941, 6489613.055771147832274 ], [ 879415.331917522358708, 6489620.024939458817244 ], [ 879411.91618006513454, 6489623.094007060863078 ], [ 879405.286953012691811, 6489629.649490855634212 ], [ 879401.861189549556002, 6489633.132242972031236 ], [ 879395.241988503257744, 6489641.751235410571098 ], [ 879394.648712611291558, 6489643.170478885062039 ], [ 879393.461373305181041, 6489653.208714798092842 ], [ 879392.274015084840357, 6489663.246950710192323 ], [ 879391.086656864499673, 6489673.285186622291803 ], [ 879389.899298644158989, 6489683.323422535322607 ], [ 879388.71194042370189, 6489693.361658447422087 ], [ 879387.524582203477621, 6489703.39989436045289 ], [ 879386.337223983020522, 6489713.438130272552371 ], [ 879385.197023993590847, 6489723.077678207308054 ], [ 879385.149865762796253, 6489723.476366184651852 ], [ 879380.882403072435409, 6489733.514602097682655 ], [ 879380.965055389562622, 6489743.552838010713458 ], [ 879382.970029118470848, 6489753.591073922812939 ], [ 879385.197023993590847, 6489753.942508 ], [ 879395.241988503257744, 6489755.921934771351516 ], [ 879405.286953012808226, 6489758.913380408659577 ], [ 879414.834332290571183, 6489763.629309835843742 ], [ 879415.331917522358708, 6489763.758502517826855 ], [ 879425.376882032025605, 6489766.366567965596914 ], [ 879435.421846541576087, 6489768.974633414298296 ], [ 879445.466811051242985, 6489771.502859476953745 ], [ 879453.496590984170325, 6489773.6675457470119 ], [ 879455.511775560793467, 6489774.19076643884182 ], [ 879465.556740070343949, 6489776.798831887543201 ], [ 879475.601704580010846, 6489779.406899007037282 ], [ 879480.343132524518296, 6489783.705781660042703 ], [ 879485.646669089561328, 6489790.780919345095754 ], [ 879487.566964531317353, 6489793.744017573073506 ], [ 879494.072445181314833, 6489803.782253485172987 ], [ 879495.691633599228226, 6489806.280730796977878 ], [ 879500.577925144461915, 6489813.82048939820379 ], [ 879505.736598108778708, 6489821.780543034896255 ], [ 879507.083405957557261, 6489823.858725309371948 ], [ 879513.588886549696326, 6489833.896961222402751 ], [ 879515.78156261832919, 6489837.280354626476765 ], [ 879520.094366570701823, 6489843.935197135433555 ], [ 879525.826527127996087, 6489852.780166724696755 ], [ 879526.599847384029999, 6489853.973433047533035 ], [ 879533.105327918194234, 6489864.011668960563838 ], [ 879535.871491637546569, 6489868.279978454113007 ], [ 879539.610807997058146, 6489874.049904872663319 ], [ 879545.916456147097051, 6489883.779790415428579 ], [ 879546.137829521438107, 6489884.088140785694122 ], [ 879550.859975534607656, 6489894.126376697793603 ], [ 879555.961420656763949, 6489900.00087989680469 ], [ 879558.532984478515573, 6489904.164612610824406 ], [ 879555.961420656647533, 6489911.661106328479946 ], [ 879545.916456147097051, 6489904.37556585855782 ], [ 879545.625603454187512, 6489904.164612610824406 ], [ 879535.871491637546569, 6489897.090027149766684 ], [ 879531.78534721955657, 6489894.126376697793603 ], [ 879525.826527127996087, 6489889.804488372988999 ], [ 879517.945090984576382, 6489884.088140785694122 ], [ 879515.781562618212774, 6489882.518949596211314 ], [ 879505.736598108662292, 6489875.233410062268376 ], [ 879504.104836187558249, 6489874.049904871731997 ], [ 879495.69163359911181, 6489867.947869524359703 ], [ 879490.264583297190256, 6489864.011668960563838 ], [ 879485.646669089444913, 6489860.66232898645103 ], [ 879476.424330406822264, 6489853.973433047533035 ], [ 879475.601704580010846, 6489853.376788449473679 ], [ 879465.556740070227534, 6489846.091247913427651 ], [ 879462.584077516105026, 6489843.935197135433555 ], [ 879455.511775560677052, 6489839.318171793594956 ], [ 879445.466811051242985, 6489838.682683232240379 ], [ 879435.421846541576087, 6489839.660909688100219 ], [ 879425.376882032025605, 6489840.846533881500363 ], [ 879415.331917522242293, 6489841.336786511354148 ], [ 879405.286953012808226, 6489838.414797267876565 ], [ 879395.241988503257744, 6489835.150254268199205 ], [ 879391.385618972359225, 6489833.896961222402751 ], [ 879385.197023993590847, 6489831.885711267590523 ], [ 879375.152059484040365, 6489828.621171832084656 ], [ 879365.107094974373467, 6489825.356632780283689 ], [ 879360.498049428337254, 6489823.858725310303271 ], [ 879355.062130464939401, 6489822.092089780606329 ], [ 879345.017165955272503, 6489818.827546780928969 ], [ 879334.972201445605606, 6489815.563003780320287 ], [ 879329.610502998810261, 6489813.820489397272468 ], [ 879324.927236936055124, 6489812.298460781574249 ], [ 879322.722991672810167, 6489813.820489397272468 ], [ 879314.882272426504642, 6489820.538201615214348 ], [ 879304.837307916837744, 6489823.730508715845644 ], [ 879304.480126052862033, 6489823.858725310303271 ], [ 879294.792343407170847, 6489826.982281483709812 ], [ 879284.747378897620365, 6489827.508376082405448 ], [ 879274.702414388069883, 6489827.058608227409422 ], [ 879264.657449878519401, 6489826.608835380524397 ], [ 879254.612485368852504, 6489826.159064330160618 ], [ 879244.567520859302022, 6489825.709291131235659 ], [ 879234.522556349635124, 6489825.259524680674076 ], [ 879224.477591840084642, 6489825.350286539644003 ], [ 879223.877562614390627, 6489823.858725310303271 ], [ 879223.513693908345886, 6489813.82048939820379 ], [ 879224.477591840084642, 6489812.076729937456548 ], [ 879227.83554479223676, 6489803.782253485172987 ], [ 879228.208526254282333, 6489793.744017573073506 ], [ 879228.68329928512685, 6489783.705781660042703 ], [ 879230.451751593267545, 6489773.667545747943223 ], [ 879234.522556349635124, 6489768.302389152348042 ], [ 879239.66778585780412, 6489763.629309834912419 ], [ 879239.751179936691187, 6489753.591073922812939 ], [ 879244.111375998705626, 6489743.552838009782135 ], [ 879244.567520859302022, 6489742.512200579047203 ], [ 879252.614030189579353, 6489733.514602097682655 ], [ 879245.635326522402465, 6489723.476366184651852 ], [ 879244.567520859302022, 6489722.298007851466537 ], [ 879236.538853282458149, 6489713.438130272552371 ], [ 879234.522556349635124, 6489706.534782036207616 ], [ 879232.946037750924006, 6489703.39989436045289 ], [ 879224.477591840084642, 6489697.369276435114443 ], [ 879214.43262733053416, 6489695.219455476850271 ], [ 879204.387662820750847, 6489698.582079532556236 ], [ 879201.139803925761953, 6489703.39989436045289 ], [ 879194.537748918868601, 6489713.438130272552371 ], [ 879194.342698311316781, 6489713.734700377099216 ], [ 879187.935695485211909, 6489723.476366184651852 ], [ 879184.297733801649883, 6489727.333090211264789 ], [ 879176.060835435986519, 6489733.514602098613977 ], [ 879174.252769292099401, 6489734.730849381536245 ], [ 879164.207804782548919, 6489741.487889309413731 ], [ 879161.138052275055088, 6489743.552838009782135 ], [ 879154.162840272882022, 6489748.244913399219513 ], [ 879146.215269114123657, 6489753.591073922812939 ], [ 879144.11787576333154, 6489755.001939998939633 ], [ 879134.072911253781058, 6489761.758984589017928 ], [ 879131.492142119444907, 6489763.629309834912419 ], [ 879124.027946744114161, 6489769.541519459336996 ], [ 879120.07520583178848, 6489773.667545747943223 ], [ 879113.982982234563679, 6489780.026848133653402 ], [ 879110.45855702564586, 6489783.705781660974026 ], [ 879103.938017724896781, 6489790.512176808901131 ], [ 879100.841908219503239, 6489793.744017573073506 ], [ 879093.893053215346299, 6489800.997505482286215 ], [ 879091.225259413477033, 6489803.782253485172987 ], [ 879083.848088705795817, 6489811.482801884412766 ], [ 879081.608579288818873, 6489813.820489397272468 ], [ 879073.80312419612892, 6489821.968128684908152 ], [ 879071.865898900083266, 6489823.858725310303271 ], [ 879063.758159686694853, 6489831.892628822475672 ], [ 879061.787082773284055, 6489833.896961222402751 ], [ 879053.71319517691154, 6489842.165406326763332 ], [ 879052.119354727095924, 6489843.935197135433555 ], [ 879043.668230667361058, 6489853.31927424389869 ], [ 879043.079109774669632, 6489853.973433047533035 ], [ 879034.038899020641111, 6489864.011668960563838 ], [ 879033.623266157810576, 6489864.473185180686414 ], [ 879024.998651796020567, 6489874.049904872663319 ], [ 879023.578301648143679, 6489875.62705309689045 ], [ 879015.958404571400024, 6489884.088140785694122 ], [ 879013.533337138593197, 6489886.78092101495713 ], [ 879006.918157346779481, 6489894.126376697793603 ], [ 879012.241674703545868, 6489904.164612610824406 ], [ 879013.533337138593197, 6489905.823534029535949 ], [ 879020.057603835011832, 6489914.202848523855209 ], [ 879023.578301648143679, 6489918.724614304490387 ], [ 879027.873487480683252, 6489924.241084435023367 ], [ 879033.623266157810576, 6489931.625700370408595 ], [ 879035.689416612032801, 6489934.279320348054171 ], [ 879043.505345743731596, 6489944.317556261084974 ], [ 879043.668230667477474, 6489944.526755548082292 ], [ 879051.3212293892866, 6489954.355792174115777 ], [ 879053.713195176795125, 6489957.427866710349917 ], [ 879059.137158520636149, 6489964.394028084352612 ], [ 879063.758159686578438, 6489970.328920671716332 ], [ 879066.953087652102113, 6489974.432263998314738 ], [ 879073.80312419612892, 6489983.230025832541287 ], [ 879074.8423900968628, 6489984.470499910414219 ], [ 879082.957047881325707, 6489994.508735823445022 ], [ 879083.848088705679402, 6489995.650614094920456 ], [ 879091.701604039873928, 6490004.546971735544503 ], [ 879093.893053215346299, 6490007.029416194185615 ], [ 879100.525990974041633, 6490014.585207648575306 ], [ 879103.938017724896781, 6490018.447618925943971 ], [ 879109.331265319371596, 6490024.623443560674787 ], [ 879113.982982234563679, 6490029.950139103457332 ], [ 879118.09751570248045, 6490034.661679472774267 ], [ 879124.027946744114161, 6490041.452598900534213 ], [ 879126.863775617908686, 6490044.69991538580507 ], [ 879134.072911253897473, 6490052.955119078047574 ], [ 879135.659011993091553, 6490054.738151297904551 ], [ 879144.117875763447955, 6490063.013164693489671 ], [ 879145.666915877489373, 6490064.776387210935354 ], [ 879149.605114348698407, 6490074.814623123034835 ], [ 879153.299138808622956, 6490084.852859036065638 ], [ 879154.162840272765607, 6490087.125766884535551 ], [ 879157.113666027784348, 6490094.891094949096441 ], [ 879160.928211655002087, 6490104.929330861195922 ], [ 879164.207804782548919, 6490106.27662621345371 ], [ 879174.252769292099401, 6490110.452086450532079 ], [ 879184.297733801649883, 6490114.702756784856319 ], [ 879184.917584605980664, 6490114.967566773295403 ], [ 879194.342698311200365, 6490118.430840356275439 ], [ 879204.387662820750847, 6490122.121874528005719 ], [ 879212.236140540684573, 6490125.005802685394883 ], [ 879214.432627330650575, 6490125.812901870347559 ], [ 879224.477591840084642, 6490129.503931794315577 ], [ 879234.522556349635124, 6490133.19496338441968 ], [ 879239.554715581703931, 6490135.044038598425686 ], [ 879244.567520859302022, 6490136.886002168990672 ], [ 879254.612485368852504, 6490140.577033747918904 ], [ 879264.657449878519401, 6490144.268063683062792 ], [ 879266.87328106968198, 6490145.082274510525167 ], [ 879274.702414388069883, 6490147.959102467633784 ], [ 879284.747378897620365, 6490151.650125198066235 ], [ 879294.792343407170847, 6490151.83446647785604 ], [ 879304.837307916721329, 6490148.577192757278681 ], [ 879314.882272426504642, 6490151.685719829052687 ], [ 879324.927236936055124, 6490154.794259637594223 ], [ 879325.98149108805228, 6490155.12051042355597 ], [ 879334.972201445605606, 6490157.902786708436906 ], [ 879345.017165955272503, 6490161.01132651604712 ], [ 879355.062130464822985, 6490164.119853586889803 ], [ 879358.419218177208677, 6490165.158746335655451 ], [ 879365.107094974373467, 6490167.228393394500017 ], [ 879375.152059484040365, 6490170.336920466274023 ], [ 879385.197023993590847, 6490173.445460273884237 ], [ 879390.856931619578972, 6490175.196982248686254 ], [ 879395.241988503141329, 6490176.553989066742361 ], [ 879405.286953012924641, 6490179.662527152337134 ], [ 879415.331917522475123, 6490182.771054223179817 ], [ 879423.294639838510193, 6490185.235218159854412 ], [ 879425.376882032025605, 6490185.879594030790031 ], [ 879435.421846541576087, 6490188.988125864416361 ], [ 879445.4668110513594, 6490193.455715414136648 ], [ 879448.699101485661231, 6490195.273454073816538 ], [ 879455.511775560677052, 6490199.104688081890345 ], [ 879465.556740070343949, 6490204.45180356875062 ], [ 879468.966656998731196, 6490205.311689985916018 ], [ 879475.601704580010846, 6490207.118303315714002 ] ] ] } }
]
}
