{
"type": "FeatureCollection",
"name": "highway",
"crs": { "type": "name", "properties": { "name": "urn:ogc:def:crs:EPSG::32637" } },
"features": [
{ "type": "Feature", "properties": { "full_id": "w51814342", "osm_id": "51814342", "osm_type": "way", "highway": "primary", "service": null, "embankment": null, "footway": null, "sport": null, "description": null, "sac_scale": null, "mtb:scale:uphill": null, "mtb:scale": null, "incline": null, "tracktype": null, "wheelchair": null, "motor_vehicle": null, "horse": null, "foot": null, "bicycle": null, "lit": null, "junction": null, "old_ref": null, "oneway": null, "layer": null, "bridge": null, "int_name": null, "width": null, "name:uk": null, "name:ru": null, "name:en": null, "smoothness": null, "addr:city": null, "name:etymology:wikidata": null, "cutting": null, "surface": "asphalt", "ref_1": "P-194", "ref": "20К-В38-0", "name": "Ростовское шоссе", "maxspeed": "60", "lanes": "2" }, "geometry": { "type": "LineString", "coordinates": [ [ 536365.72416567534674, 5560260.245595671236515 ], [ 536408.182121381396428, 5560533.691863779909909 ], [ 536412.517649126704782, 5560570.837662307545543 ], [ 536417.848167308839038, 5560644.072329621762037 ], [ 536421.967321737320162, 5560683.607308593578637 ], [ 536425.073987917858176, 5560738.624521289020777 ], [ 536425.69763472978957, 5560745.533861755393445 ], [ 536425.942307763034478, 5560753.585894691757858 ], [ 536426.56209141551517, 5560790.261522115208209 ], [ 536426.320942318532616, 5560810.897256633266807 ], [ 536426.273641369887628, 5560820.937643576413393 ], [ 536425.936439090990461, 5560897.324800811707973 ], [ 536425.842731175711378, 5560918.317364851012826 ], [ 536426.135679893079214, 5560921.399411064572632 ], [ 536425.256073887459934, 5560976.923091541044414 ], [ 536424.586375962244347, 5561019.505366175435483 ], [ 536422.470009624958038, 5561153.544989040121436 ], [ 536419.67409760132432, 5561239.84488342795521 ], [ 536418.560955079272389, 5561284.659117901697755 ], [ 536417.622769602457993, 5561322.680666857399046 ], [ 536413.608581346226856, 5561392.004210697486997 ], [ 536413.089389312895946, 5561458.494019680656493 ], [ 536412.493519770796411, 5561535.146344679407775 ], [ 536412.455174405011348, 5561540.750206059776247 ] ] } },
{ "type": "Feature", "properties": { "full_id": "w51814343", "osm_id": "51814343", "osm_type": "way", "highway": "primary", "service": null, "embankment": null, "footway": null, "sport": null, "description": null, "sac_scale": null, "mtb:scale:uphill": null, "mtb:scale": null, "incline": null, "tracktype": null, "wheelchair": null, "motor_vehicle": null, "horse": null, "foot": null, "bicycle": null, "lit": null, "junction": null, "old_ref": null, "oneway": null, "layer": null, "bridge": null, "int_name": null, "width": null, "name:uk": null, "name:ru": null, "name:en": null, "smoothness": null, "addr:city": null, "name:etymology:wikidata": null, "cutting": "yes", "surface": "asphalt", "ref_1": "P-194", "ref": "20К-В38-0", "name": null, "maxspeed": null, "lanes": null }, "geometry": { "type": "LineString", "coordinates": [ [ 536295.749747058493085, 5559827.606728211045265 ], [ 536318.852002358762547, 5559960.339230125769973 ], [ 536343.726804115111008, 5560124.98514917679131 ] ] } },
{ "type": "Feature", "properties": { "full_id": "w51832219", "osm_id": "51832219", "osm_type": "way", "highway": "residential", "service": null, "embankment": null, "footway": null, "sport": null, "description": null, "sac_scale": null, "mtb:scale:uphill": null, "mtb:scale": null, "incline": null, "tracktype": null, "wheelchair": null, "motor_vehicle": null, "horse": null, "foot": null, "bicycle": null, "lit": null, "junction": null, "old_ref": null, "oneway": null, "layer": null, "bridge": null, "int_name": null, "width": null, "name:uk": null, "name:ru": null, "name:en": null, "smoothness": null, "addr:city": null, "name:etymology:wikidata": null, "cutting": null, "surface": "asphalt", "ref_1": null, "ref": null, "name": "улица Урицкого", "maxspeed": "20", "lanes": null }, "geometry": { "type": "LineString", "coordinates": [ [ 538199.740354486857541, 5560949.444831886328757 ], [ 538166.566588717047125, 5561025.01841196604073 ], [ 538116.862723127473146, 5561116.741359421052039 ], [ 538076.847908949013799, 5561192.155306125991046 ], [ 538056.761615870636888, 5561234.465228355489671 ], [ 538037.649619022617117, 5561266.31890079099685 ], [ 537997.830516872811131, 5561320.630345267243683 ], [ 537952.584129879483953, 5561381.530493594706059 ] ] } },
{ "type": "Feature", "properties": { "full_id": "w51832220", "osm_id": "51832220", "osm_type": "way", "highway": "residential", "service": null, "embankment": null, "footway": null, "sport": null, "description": null, "sac_scale": null, "mtb:scale:uphill": null, "mtb:scale": null, "incline": null, "tracktype": null, "wheelchair": null, "motor_vehicle": null, "horse": null, "foot": null, "bicycle": null, "lit": null, "junction": null, "old_ref": null, "oneway": null, "layer": null, "bridge": null, "int_name": null, "width": null, "name:uk": null, "name:ru": null, "name:en": null, "smoothness": null, "addr:city": null, "name:etymology:wikidata": "Q77004", "cutting": null, "surface": "unpaved", "ref_1": null, "ref": null, "name": "улица Тельмана", "maxspeed": "20", "lanes": null }, "geometry": { "type": "LineString", "coordinates": [ [ 537486.737527261138894, 5561144.9898502510041 ], [ 537505.879770635510795, 5561172.233602005988359 ], [ 537515.174329292494804, 5561185.086322818882763 ], [ 537524.583349477499723, 5561200.930963312275708 ], [ 537527.953652430558577, 5561211.82941782195121 ], [ 537531.754821748007089, 5561242.590010465122759 ], [ 537535.786742961616255, 5561268.960105523467064 ], [ 537547.913426256738603, 5561331.51397277135402 ], [ 537551.885760014411062, 5561354.16981285251677 ], [ 537555.307921572471969, 5561378.934444975107908 ], [ 537557.293976884218864, 5561390.779416025616229 ], [ 537557.270007691695355, 5561402.265503151342273 ], [ 537544.045415995409712, 5561483.232024470344186 ], [ 537538.40179620066192, 5561513.381164683029056 ], [ 537519.166394707630388, 5561626.073257829993963 ], [ 537513.403075705165975, 5561657.044413701631129 ], [ 537510.549419919610955, 5561668.054664387367666 ], [ 537505.478012147825211, 5561705.157454212196171 ], [ 537478.961245846236125, 5561850.811665376648307 ], [ 537471.77759503305424, 5561889.990048498846591 ], [ 537460.463486362248659, 5561958.394306979142129 ], [ 537460.884193698409945, 5561973.641865401528776 ], [ 537471.067293077125214, 5561990.848453582264483 ], [ 537481.380370521335863, 5562012.892885651439428 ] ] } },
{ "type": "Feature", "properties": { "full_id": "w51832221", "osm_id": "51832221", "osm_type": "way", "highway": "tertiary", "service": null, "embankment": null, "footway": null, "sport": null, "description": null, "sac_scale": null, "mtb:scale:uphill": null, "mtb:scale": null, "incline": null, "tracktype": null, "wheelchair": null, "motor_vehicle": null, "horse": null, "foot": null, "bicycle": null, "lit": null, "junction": null, "old_ref": null, "oneway": null, "layer": null, "bridge": null, "int_name": null, "width": null, "name:uk": null, "name:ru": null, "name:en": null, "smoothness": null, "addr:city": "Россошь", "name:etymology:wikidata": null, "cutting": null, "surface": "asphalt", "ref_1": null, "ref": "20Н-5-27", "name": "Калитвянская улица", "maxspeed": "40", "lanes": null }, "geometry": { "type": "LineString", "coordinates": [ [ 534627.204387497156858, 5560394.56001693289727 ], [ 534636.818615643656813, 5560394.655922085046768 ], [ 534717.322684321203269, 5560395.447201924398541 ], [ 534782.052197766606696, 5560396.181083472445607 ], [ 534949.375954170827754, 5560397.988622325472534 ], [ 535013.028086679754779, 5560398.651524185203016 ], [ 535047.808888802304864, 5560397.95750458817929 ], [ 535200.8345961390296, 5560400.946425287984312 ], [ 535314.186453508329578, 5560399.762431875802577 ], [ 535346.097697230405174, 5560401.241816993802786 ], [ 535421.670474408427253, 5560402.945026039145887 ], [ 535484.702731667435728, 5560405.577551443129778 ], [ 535580.259927365812473, 5560412.898057064041495 ], [ 535644.017108227242716, 5560420.240761298686266 ], [ 535744.497986988048069, 5560436.225735320709646 ], [ 535819.904916230239905, 5560448.708053756505251 ], [ 535864.414018007693812, 5560454.456178567372262 ], [ 535879.742153591127135, 5560456.127287557348609 ] ] } },
{ "type": "Feature", "properties": { "full_id": "w51832222", "osm_id": "51832222", "osm_type": "way", "highway": "residential", "service": null, "embankment": null, "footway": null, "sport": null, "description": null, "sac_scale": null, "mtb:scale:uphill": null, "mtb:scale": null, "incline": null, "tracktype": null, "wheelchair": null, "motor_vehicle": null, "horse": null, "foot": null, "bicycle": null, "lit": null, "junction": null, "old_ref": null, "oneway": null, "layer": null, "bridge": null, "int_name": null, "width": null, "name:uk": null, "name:ru": null, "name:en": null, "smoothness": null, "addr:city": null, "name:etymology:wikidata": "Q43718", "cutting": null, "surface": "sand", "ref_1": null, "ref": null, "name": "улица Гоголя", "maxspeed": "20", "lanes": null }, "geometry": { "type": "LineString", "coordinates": [ [ 536425.842731175711378, 5560918.317364851012826 ], [ 536455.315092642442323, 5560920.053611373528838 ], [ 536478.863722048699856, 5560919.670111835002899 ], [ 536521.159110077773221, 5560920.760752282105386 ], [ 536564.734567636740394, 5560920.448373505845666 ], [ 536572.316714089247398, 5560920.111292692832649 ], [ 536698.178422705386765, 5560919.787857149727643 ], [ 536777.465153938392177, 5560919.0119339954108 ], [ 536786.178949062013999, 5560919.138868273235857 ], [ 536803.018832612084225, 5560920.778627273626626 ], [ 536855.536485959077254, 5560921.631279020570219 ], [ 536865.20647770666983, 5560921.787202659994364 ] ] } },
{ "type": "Feature", "properties": { "full_id": "w51832270", "osm_id": "51832270", "osm_type": "way", "highway": "residential", "service": null, "embankment": null, "footway": null, "sport": null, "description": null, "sac_scale": null, "mtb:scale:uphill": null, "mtb:scale": null, "incline": null, "tracktype": null, "wheelchair": null, "motor_vehicle": null, "horse": null, "foot": null, "bicycle": null, "lit": null, "junction": null, "old_ref": null, "oneway": null, "layer": null, "bridge": null, "int_name": null, "width": null, "name:uk": null, "name:ru": null, "name:en": null, "smoothness": null, "addr:city": null, "name:etymology:wikidata": null, "cutting": null, "surface": "asphalt", "ref_1": null, "ref": null, "name": "улица Серёгина", "maxspeed": "20", "lanes": null }, "geometry": { "type": "LineString", "coordinates": [ [ 537531.754821748007089, 5561242.590010465122759 ], [ 537525.895508234738372, 5561258.771773066371679 ], [ 537505.349095822544768, 5561309.30877448618412 ], [ 537486.023835813160986, 5561348.64618547540158 ], [ 537470.218231625389308, 5561385.817941417917609 ], [ 537467.227298480574973, 5561390.978484251536429 ] ] } },
{ "type": "Feature", "properties": { "full_id": "w51834052", "osm_id": "51834052", "osm_type": "way", "highway": "residential", "service": null, "embankment": null, "footway": null, "sport": null, "description": null, "sac_scale": null, "mtb:scale:uphill": null, "mtb:scale": null, "incline": null, "tracktype": null, "wheelchair": null, "motor_vehicle": null, "horse": null, "foot": null, "bicycle": null, "lit": null, "junction": null, "old_ref": null, "oneway": null, "layer": null, "bridge": null, "int_name": null, "width": null, "name:uk": null, "name:ru": null, "name:en": null, "smoothness": "bad", "addr:city": null, "name:etymology:wikidata": null, "cutting": null, "surface": "compacted", "ref_1": null, "ref": null, "name": "улица Большевик", "maxspeed": "20", "lanes": null }, "geometry": { "type": "LineString", "coordinates": [ [ 536408.182121381396428, 5560533.691863779909909 ], [ 536419.490096566383727, 5560535.537183497101068 ], [ 536437.657025353168137, 5560538.49692446924746 ], [ 536452.443295111181214, 5560544.191156479530036 ], [ 536473.381970373331569, 5560556.187735635787249 ], [ 536485.011843193671666, 5560566.25254741217941 ], [ 536503.027702143997885, 5560581.854097499512136 ], [ 536504.430848823743872, 5560583.331464686430991 ], [ 536522.713348050718196, 5560607.908170311711729 ], [ 536543.944439855287783, 5560635.474031971767545 ], [ 536553.190890740486793, 5560647.490747572854161 ], [ 536564.137706457171589, 5560658.229323244653642 ], [ 536568.934737348579802, 5560662.309695888310671 ], [ 536586.208680799696594, 5560670.500997397117317 ], [ 536605.96224861452356, 5560677.230543220415711 ], [ 536616.170786028844304, 5560679.057605295442045 ], [ 536628.336445775465108, 5560679.6416752981022 ], [ 536654.902652439079247, 5560680.691857126541436 ], [ 536674.642258624196984, 5560679.070980479009449 ], [ 536678.604216625913978, 5560677.95299371983856 ], [ 536688.776399885071442, 5560676.766618633642793 ], [ 536701.973335433751345, 5560673.744197657331824 ], [ 536713.167384771164507, 5560670.318819430656731 ], [ 536722.268979483284056, 5560664.98874987848103 ], [ 536730.201758243376389, 5560659.406005961820483 ], [ 536736.600487098796293, 5560654.780063897371292 ], [ 536746.341265753959306, 5560653.023737229406834 ], [ 536769.388667649123818, 5560650.981275262311101 ] ] } },
{ "type": "Feature", "properties": { "full_id": "w51834310", "osm_id": "51834310", "osm_type": "way", "highway": "residential", "service": null, "embankment": null, "footway": null, "sport": null, "description": null, "sac_scale": null, "mtb:scale:uphill": null, "mtb:scale": null, "incline": null, "tracktype": null, "wheelchair": null, "motor_vehicle": null, "horse": null, "foot": null, "bicycle": null, "lit": null, "junction": null, "old_ref": null, "oneway": null, "layer": null, "bridge": null, "int_name": null, "width": null, "name:uk": "Жовтнева вулиця", "name:ru": "Октябрьская улица", "name:en": "Oktyabrskaya Street", "smoothness": null, "addr:city": null, "name:etymology:wikidata": "Q42976", "cutting": null, "surface": "unpaved", "ref_1": null, "ref": null, "name": "Октябрьская улица", "maxspeed": "20", "lanes": null }, "geometry": { "type": "LineString", "coordinates": [ [ 537803.148385902983136, 5560769.560336343944073 ], [ 537805.321674957871437, 5560786.154669439420104 ], [ 537808.479946751031093, 5560799.731547011062503 ], [ 537819.98267126805149, 5560824.253521698527038 ], [ 537827.866017491556704, 5560852.875065235421062 ], [ 537770.579764398164116, 5560863.098299665376544 ], [ 537710.41845155833289, 5560878.205394588410854 ] ] } },
{ "type": "Feature", "properties": { "full_id": "w51834325", "osm_id": "51834325", "osm_type": "way", "highway": "residential", "service": null, "embankment": null, "footway": null, "sport": null, "description": null, "sac_scale": null, "mtb:scale:uphill": null, "mtb:scale": null, "incline": null, "tracktype": null, "wheelchair": null, "motor_vehicle": null, "horse": null, "foot": null, "bicycle": null, "lit": null, "junction": null, "old_ref": null, "oneway": null, "layer": null, "bridge": null, "int_name": null, "width": null, "name:uk": "Жовтнева вулиця", "name:ru": "Октябрьская улица", "name:en": "Oktyabrskaya Street", "smoothness": null, "addr:city": null, "name:etymology:wikidata": "Q42976", "cutting": null, "surface": "asphalt", "ref_1": null, "ref": null, "name": "Октябрьская улица", "maxspeed": "20", "lanes": null }, "geometry": { "type": "LineString", "coordinates": [ [ 537827.866017491556704, 5560852.875065235421062 ], [ 537882.983464038930833, 5560848.563604178838432 ], [ 537939.675921989604831, 5560843.596780236810446 ], [ 538069.031634986866266, 5560830.120888052508235 ], [ 538206.010791890788823, 5560813.678391315042973 ], [ 538225.076919929124415, 5560812.425367361865938 ], [ 538266.971642097923905, 5560811.770142409950495 ], [ 538279.962590067880228, 5560811.674528071656823 ], [ 538383.326202063588426, 5560803.011963701806962 ] ] } },
{ "type": "Feature", "properties": { "full_id": "w51837354", "osm_id": "51837354", "osm_type": "way", "highway": "residential", "service": null, "embankment": null, "footway": null, "sport": null, "description": null, "sac_scale": null, "mtb:scale:uphill": null, "mtb:scale": null, "incline": null, "tracktype": null, "wheelchair": null, "motor_vehicle": null, "horse": null, "foot": null, "bicycle": null, "lit": null, "junction": null, "old_ref": null, "oneway": null, "layer": null, "bridge": null, "int_name": null, "width": null, "name:uk": null, "name:ru": null, "name:en": null, "smoothness": null, "addr:city": null, "name:etymology:wikidata": "Q42976", "cutting": null, "surface": "asphalt", "ref_1": null, "ref": null, "name": "Октябрьский переулок", "maxspeed": "30", "lanes": null }, "geometry": { "type": "LineString", "coordinates": [ [ 536990.193691301974468, 5560894.289055078290403 ], [ 536994.467547334963456, 5560909.896893279626966 ], [ 537002.737926758127287, 5560931.714847918599844 ], [ 537020.36922305834014, 5560966.296157744713128 ], [ 537067.627808822668158, 5561054.033897656016052 ], [ 537102.608269804622978, 5561132.679841334931552 ], [ 537151.270171111333184, 5561226.521543277427554 ], [ 537202.872033683699556, 5561330.380534356459975 ], [ 537216.903307588072494, 5561355.841786524280906 ], [ 537226.565199291566387, 5561373.366681770421565 ] ] } },
{ "type": "Feature", "properties": { "full_id": "w51839547", "osm_id": "51839547", "osm_type": "way", "highway": "residential", "service": null, "embankment": null, "footway": null, "sport": null, "description": null, "sac_scale": null, "mtb:scale:uphill": null, "mtb:scale": null, "incline": null, "tracktype": null, "wheelchair": null, "motor_vehicle": null, "horse": null, "foot": null, "bicycle": null, "lit": null, "junction": null, "old_ref": null, "oneway": null, "layer": null, "bridge": null, "int_name": null, "width": null, "name:uk": null, "name:ru": null, "name:en": null, "smoothness": null, "addr:city": null, "name:etymology:wikidata": null, "cutting": null, "surface": "unpaved", "ref_1": null, "ref": null, "name": "переулок Дружбы", "maxspeed": "20", "lanes": null }, "geometry": { "type": "LineString", "coordinates": [ [ 537258.162969983881339, 5561704.131653517484665 ], [ 537263.913943885010667, 5561714.44617357943207 ], [ 537266.202126841526479, 5561730.095958407968283 ], [ 537261.383535656961612, 5561845.480737124569714 ], [ 537260.085544591187499, 5561870.845934641547501 ], [ 537257.732537277275696, 5561882.804965134710073 ], [ 537256.274739865795709, 5561924.881384296342731 ], [ 537255.5203660170082, 5561972.489034419879317 ], [ 537251.464976981165819, 5562028.85783979203552 ], [ 537256.610524440417066, 5562080.743270763196051 ], [ 537257.485857343883254, 5562089.23344409186393 ], [ 537262.313521232572384, 5562099.886207012459636 ], [ 537253.73705663124565, 5562176.21590490359813 ] ] } },
{ "type": "Feature", "properties": { "full_id": "w51842079", "osm_id": "51842079", "osm_type": "way", "highway": "residential", "service": null, "embankment": null, "footway": null, "sport": null, "description": null, "sac_scale": null, "mtb:scale:uphill": null, "mtb:scale": null, "incline": null, "tracktype": null, "wheelchair": null, "motor_vehicle": null, "horse": null, "foot": null, "bicycle": null, "lit": null, "junction": null, "old_ref": null, "oneway": null, "layer": null, "bridge": null, "int_name": null, "width": null, "name:uk": null, "name:ru": null, "name:en": null, "smoothness": null, "addr:city": null, "name:etymology:wikidata": null, "cutting": null, "surface": "unpaved", "ref_1": null, "ref": null, "name": "улица 3 Интернационала", "maxspeed": "20", "lanes": null }, "geometry": { "type": "LineString", "coordinates": [ [ 537805.445406215614639, 5561351.495096096768975 ], [ 537796.241929862764664, 5561404.335468008182943 ], [ 537777.562846510205418, 5561501.174469972960651 ], [ 537745.633827712037601, 5561661.144037872552872 ], [ 537739.233800959656946, 5561700.20532086584717 ], [ 537735.471779362065718, 5561711.442520493641496 ] ] } },
{ "type": "Feature", "properties": { "full_id": "w51842080", "osm_id": "51842080", "osm_type": "way", "highway": "residential", "service": null, "embankment": null, "footway": null, "sport": null, "description": null, "sac_scale": null, "mtb:scale:uphill": null, "mtb:scale": null, "incline": null, "tracktype": null, "wheelchair": null, "motor_vehicle": null, "horse": null, "foot": null, "bicycle": null, "lit": null, "junction": null, "old_ref": null, "oneway": null, "layer": null, "bridge": null, "int_name": null, "width": null, "name:uk": null, "name:ru": null, "name:en": null, "smoothness": null, "addr:city": null, "name:etymology:wikidata": null, "cutting": null, "surface": "unpaved", "ref_1": null, "ref": null, "name": "Литейный переулок", "maxspeed": "20", "lanes": null }, "geometry": { "type": "LineString", "coordinates": [ [ 537557.293976884218864, 5561390.779416025616229 ], [ 537578.411420066026039, 5561387.759487650357187 ], [ 537629.391159463208169, 5561378.368077761493623 ], [ 537668.48123861500062, 5561372.006392077542841 ], [ 537734.656842270749621, 5561357.386294756084681 ], [ 537774.048372057266533, 5561348.814773446880281 ], [ 537793.927428440423682, 5561352.391785249114037 ], [ 537805.445406215614639, 5561351.495096096768975 ], [ 537823.337858154904097, 5561340.369477891363204 ], [ 537861.146946530905552, 5561335.579041446559131 ], [ 537874.498433038708754, 5561336.785979103296995 ], [ 537889.320801264140755, 5561343.907784573733807 ], [ 537898.274238950456493, 5561352.377749159932137 ], [ 537930.650168525869958, 5561378.916740364395082 ], [ 537942.093032798497006, 5561382.545378471724689 ], [ 537952.584129879483953, 5561381.530493594706059 ] ] } },
{ "type": "Feature", "properties": { "full_id": "w51842081", "osm_id": "51842081", "osm_type": "way", "highway": "residential", "service": null, "embankment": null, "footway": null, "sport": null, "description": null, "sac_scale": null, "mtb:scale:uphill": null, "mtb:scale": null, "incline": null, "tracktype": null, "wheelchair": null, "motor_vehicle": null, "horse": null, "foot": null, "bicycle": null, "lit": null, "junction": null, "old_ref": null, "oneway": null, "layer": null, "bridge": null, "int_name": null, "width": null, "name:uk": null, "name:ru": null, "name:en": null, "smoothness": null, "addr:city": null, "name:etymology:wikidata": null, "cutting": null, "surface": "asphalt", "ref_1": null, "ref": null, "name": "площадь Свободы", "maxspeed": "20", "lanes": null }, "geometry": { "type": "LineString", "coordinates": [ [ 537971.764568438753486, 5561146.904970485717058 ], [ 537987.161681785946712, 5561141.555259389802814 ], [ 537999.174196783918887, 5561137.437909420579672 ], [ 538099.459723265143111, 5561114.137137745507061 ], [ 538116.862723127473146, 5561116.741359421052039 ] ] } },
{ "type": "Feature", "properties": { "full_id": "w51842259", "osm_id": "51842259", "osm_type": "way", "highway": "residential", "service": null, "embankment": null, "footway": null, "sport": null, "description": null, "sac_scale": null, "mtb:scale:uphill": null, "mtb:scale": null, "incline": null, "tracktype": null, "wheelchair": null, "motor_vehicle": null, "horse": null, "foot": null, "bicycle": null, "lit": null, "junction": null, "old_ref": null, "oneway": null, "layer": null, "bridge": null, "int_name": null, "width": null, "name:uk": null, "name:ru": null, "name:en": null, "smoothness": null, "addr:city": null, "name:etymology:wikidata": null, "cutting": null, "surface": "unpaved", "ref_1": null, "ref": null, "name": "улица Мордовцева", "maxspeed": "20", "lanes": null }, "geometry": { "type": "LineString", "coordinates": [ [ 538175.347605650662445, 5561361.997109900228679 ], [ 538158.777114561526105, 5561392.701059144921601 ], [ 538085.968130561988801, 5561509.388369518332183 ], [ 538038.921520781121217, 5561584.596612632274628 ], [ 537994.814821344567463, 5561652.031602201983333 ], [ 537983.354799577267841, 5561672.887492895126343 ], [ 537961.62497901415918, 5561713.85172351449728 ], [ 537953.847346490132622, 5561730.730988439172506 ], [ 537951.217754258424975, 5561740.219263887964189 ], [ 537948.829359932220541, 5561753.912369391880929 ], [ 537944.174627579050139, 5561790.20604198332876 ], [ 537939.799277141923085, 5561821.353459551930428 ], [ 537936.795146137708798, 5561852.354987303726375 ], [ 537931.590987908071838, 5561902.677360279485583 ], [ 537930.404048852622509, 5561923.028405047021806 ], [ 537930.405871000722982, 5561964.814889003522694 ], [ 537929.620666021713987, 5561978.864134833216667 ], [ 537928.942176749696955, 5561990.957138210535049 ], [ 537933.65475023293402, 5562006.56892819982022 ], [ 537939.935680966475047, 5562020.390573536045849 ] ] } },
{ "type": "Feature", "properties": { "full_id": "w53167745", "osm_id": "53167745", "osm_type": "way", "highway": "residential", "service": null, "embankment": null, "footway": null, "sport": null, "description": null, "sac_scale": null, "mtb:scale:uphill": null, "mtb:scale": null, "incline": null, "tracktype": null, "wheelchair": null, "motor_vehicle": null, "horse": null, "foot": null, "bicycle": null, "lit": null, "junction": null, "old_ref": null, "oneway": null, "layer": null, "bridge": null, "int_name": null, "width": null, "name:uk": null, "name:ru": null, "name:en": null, "smoothness": null, "addr:city": null, "name:etymology:wikidata": null, "cutting": null, "surface": null, "ref_1": null, "ref": null, "name": "Яблочная улица", "maxspeed": null, "lanes": null }, "geometry": { "type": "LineString", "coordinates": [ [ 532520.859107902040705, 5560986.904263362288475 ], [ 532636.876531627029181, 5560959.594051946885884 ], [ 532710.121441097115166, 5560940.48502691835165 ], [ 532761.052117688232102, 5560926.632418907247484 ], [ 532975.221962279872969, 5560873.115098977461457 ], [ 532985.526975002139807, 5560876.7704555131495 ], [ 532996.237261368427426, 5560878.371292023919523 ], [ 533028.087611407740042, 5560870.863232012838125 ], [ 533049.187797325546853, 5560865.890493482351303 ], [ 533116.233184954617172, 5560850.228850909508765 ], [ 533177.888617898453958, 5560831.398832199163735 ], [ 533203.717962944880128, 5560823.50959456898272 ], [ 533437.729290375951678, 5560764.686200025491416 ] ] } },
{ "type": "Feature", "properties": { "full_id": "w53167746", "osm_id": "53167746", "osm_type": "way", "highway": "tertiary", "service": null, "embankment": null, "footway": null, "sport": null, "description": null, "sac_scale": null, "mtb:scale:uphill": null, "mtb:scale": null, "incline": null, "tracktype": null, "wheelchair": null, "motor_vehicle": null, "horse": null, "foot": null, "bicycle": null, "lit": null, "junction": null, "old_ref": null, "oneway": null, "layer": null, "bridge": null, "int_name": null, "width": null, "name:uk": null, "name:ru": null, "name:en": null, "smoothness": null, "addr:city": null, "name:etymology:wikidata": null, "cutting": null, "surface": null, "ref_1": null, "ref": "20Н-5-27", "name": "Воронеж — Луганск» — п. свх «Россошанский", "maxspeed": null, "lanes": null }, "geometry": { "type": "LineString", "coordinates": [ [ 533437.729290375951678, 5560764.686200025491416 ], [ 534019.523467435617931, 5560613.026236845180392 ], [ 534082.979113809415139, 5560588.224889720790088 ], [ 534153.250432397355326, 5560550.302859102375805 ] ] } },
{ "type": "Feature", "properties": { "full_id": "w58683938", "osm_id": "58683938", "osm_type": "way", "highway": "residential", "service": null, "embankment": null, "footway": null, "sport": null, "description": null, "sac_scale": null, "mtb:scale:uphill": null, "mtb:scale": null, "incline": null, "tracktype": null, "wheelchair": null, "motor_vehicle": null, "horse": null, "foot": null, "bicycle": null, "lit": null, "junction": null, "old_ref": null, "oneway": null, "layer": null, "bridge": null, "int_name": null, "width": null, "name:uk": null, "name:ru": null, "name:en": null, "smoothness": null, "addr:city": null, "name:etymology:wikidata": null, "cutting": null, "surface": "asphalt", "ref_1": null, "ref": null, "name": "переулок Свободы", "maxspeed": "20", "lanes": null }, "geometry": { "type": "LineString", "coordinates": [ [ 537971.764568438753486, 5561146.904970485717058 ], [ 537965.808945939177647, 5561091.343696244060993 ], [ 537967.974997820216231, 5561028.824074868112803 ], [ 537964.874468977679498, 5561002.226776863448322 ] ] } },
{ "type": "Feature", "properties": { "full_id": "w58683952", "osm_id": "58683952", "osm_type": "way", "highway": "footway", "service": null, "embankment": null, "footway": null, "sport": null, "description": null, "sac_scale": null, "mtb:scale:uphill": null, "mtb:scale": null, "incline": null, "tracktype": null, "wheelchair": null, "motor_vehicle": null, "horse": null, "foot": null, "bicycle": null, "lit": null, "junction": null, "old_ref": null, "oneway": null, "layer": null, "bridge": null, "int_name": null, "width": "1", "name:uk": null, "name:ru": null, "name:en": null, "smoothness": null, "addr:city": null, "name:etymology:wikidata": null, "cutting": null, "surface": "unpaved", "ref_1": null, "ref": null, "name": null, "maxspeed": null, "lanes": null }, "geometry": { "type": "LineString", "coordinates": [ [ 537964.874468977679498, 5561002.226776863448322 ], [ 537967.559565993957222, 5560922.976288214325905 ] ] } },
{ "type": "Feature", "properties": { "full_id": "w63130298", "osm_id": "63130298", "osm_type": "way", "highway": "service", "service": null, "embankment": null, "footway": null, "sport": null, "description": null, "sac_scale": null, "mtb:scale:uphill": null, "mtb:scale": null, "incline": null, "tracktype": null, "wheelchair": null, "motor_vehicle": null, "horse": null, "foot": null, "bicycle": null, "lit": null, "junction": null, "old_ref": null, "oneway": null, "layer": null, "bridge": null, "int_name": null, "width": null, "name:uk": null, "name:ru": null, "name:en": null, "smoothness": null, "addr:city": null, "name:etymology:wikidata": null, "cutting": null, "surface": "asphalt", "ref_1": null, "ref": null, "name": null, "maxspeed": "20", "lanes": null }, "geometry": { "type": "LineString", "coordinates": [ [ 537594.421809170162305, 5561051.94689401332289 ], [ 537583.530577399767935, 5561040.817375539802015 ], [ 537571.426138894050382, 5561025.620766420848668 ], [ 537561.939243352622725, 5561022.807333854958415 ], [ 537504.793343727942556, 5561073.208466340787709 ], [ 537470.168400892522186, 5561100.963006402365863 ], [ 537439.348543797852471, 5561128.622222545556724 ], [ 537430.834152167197317, 5561140.782455858774483 ], [ 537431.071152342134155, 5561144.631404395215213 ], [ 537431.746739401016384, 5561154.109809227287769 ], [ 537431.9219121808419, 5561156.601767042651772 ], [ 537437.697389058186673, 5561166.516340111382306 ], [ 537445.446433731121942, 5561173.865125042386353 ], [ 537453.346230893512256, 5561173.98742947448045 ] ] } },
{ "type": "Feature", "properties": { "full_id": "w65311151", "osm_id": "65311151", "osm_type": "way", "highway": "residential", "service": null, "embankment": null, "footway": null, "sport": null, "description": null, "sac_scale": null, "mtb:scale:uphill": null, "mtb:scale": null, "incline": null, "tracktype": null, "wheelchair": null, "motor_vehicle": null, "horse": null, "foot": null, "bicycle": null, "lit": null, "junction": null, "old_ref": null, "oneway": null, "layer": null, "bridge": null, "int_name": null, "width": null, "name:uk": null, "name:ru": null, "name:en": null, "smoothness": null, "addr:city": null, "name:etymology:wikidata": null, "cutting": null, "surface": "unpaved", "ref_1": null, "ref": null, "name": null, "maxspeed": "20", "lanes": null }, "geometry": { "type": "LineString", "coordinates": [ [ 537606.790601956658065, 5560831.727347911335528 ], [ 537595.991257432615384, 5560819.653320766985416 ], [ 537589.760775589384139, 5560811.492219814099371 ], [ 537586.210927486652508, 5560804.773326889611781 ], [ 537577.457224999321625, 5560784.996984672732651 ], [ 537570.841853373567574, 5560768.660498343408108 ], [ 537567.383582825190388, 5560756.037912980653346 ], [ 537567.64604832441546, 5560747.166557867079973 ], [ 537570.099639653926715, 5560739.322525274939835 ] ] } },
{ "type": "Feature", "properties": { "full_id": "w65311162", "osm_id": "65311162", "osm_type": "way", "highway": "track", "service": null, "embankment": null, "footway": null, "sport": null, "description": null, "sac_scale": null, "mtb:scale:uphill": null, "mtb:scale": null, "incline": null, "tracktype": null, "wheelchair": null, "motor_vehicle": null, "horse": null, "foot": null, "bicycle": null, "lit": null, "junction": null, "old_ref": null, "oneway": null, "layer": null, "bridge": null, "int_name": null, "width": null, "name:uk": null, "name:ru": null, "name:en": null, "smoothness": null, "addr:city": null, "name:etymology:wikidata": null, "cutting": null, "surface": "ground", "ref_1": null, "ref": null, "name": null, "maxspeed": null, "lanes": null }, "geometry": { "type": "LineString", "coordinates": [ [ 536181.746336520649493, 5560144.419104440137744 ], [ 536084.145192440715618, 5560148.415643630549312 ], [ 535976.302003799355589, 5560142.715469802729785 ], [ 535890.198442253284156, 5560130.136626753024757 ], [ 535846.977290659793653, 5560130.957352368161082 ], [ 535817.962411697022617, 5560131.640484263189137 ], [ 535754.317723272135481, 5560112.376653364859521 ], [ 535680.915143239893951, 5560061.046979583799839 ], [ 535601.33735700766556, 5560012.768191511742771 ], [ 535534.212634048424661, 5559989.436345209367573 ], [ 535461.122196955024265, 5559998.922978451475501 ], [ 535309.290201173978858, 5560042.390809339471161 ], [ 535168.86726224492304, 5560098.925570661202073 ], [ 535151.783166354405694, 5560105.706669203005731 ], [ 535121.476673911791295, 5560113.901673740707338 ], [ 535089.743355840095319, 5560106.820732871070504 ], [ 535068.459110474796034, 5560082.618461828678846 ], [ 535053.284028762602247, 5560060.758180759847164 ], [ 535048.381661420920864, 5560049.651147019118071 ], [ 535050.3776922931429, 5560037.055075370706618 ], [ 535066.603274541441351, 5560015.401579416356981 ], [ 535069.340110859833658, 5560007.391518986783922 ], [ 535066.796978959697299, 5559985.992480072192848 ], [ 535066.519680277677253, 5559969.567544920369983 ], [ 535065.455882915528491, 5559956.584392549470067 ], [ 535063.623304439010099, 5559944.352285453118384 ], [ 535057.576633468503132, 5559932.470483080483973 ], [ 535054.963060538633727, 5559921.756572085432708 ], [ 535052.366643736604601, 5559909.519440761767328 ], [ 535052.081752646015957, 5559894.239739811047912 ], [ 535053.676817435771227, 5559885.087993923574686 ], [ 535055.71215979650151, 5559875.205278135836124 ], [ 535060.790841435897164, 5559863.897103025577962 ], [ 535063.319305929122493, 5559850.681867991574109 ], [ 535071.558583404752426, 5559841.829630185849965 ] ] } },
{ "type": "Feature", "properties": { "full_id": "w115566632", "osm_id": "115566632", "osm_type": "way", "highway": "residential", "service": null, "embankment": null, "footway": null, "sport": null, "description": null, "sac_scale": null, "mtb:scale:uphill": null, "mtb:scale": null, "incline": null, "tracktype": null, "wheelchair": null, "motor_vehicle": null, "horse": null, "foot": null, "bicycle": null, "lit": null, "junction": null, "old_ref": null, "oneway": null, "layer": null, "bridge": null, "int_name": null, "width": null, "name:uk": null, "name:ru": null, "name:en": null, "smoothness": null, "addr:city": null, "name:etymology:wikidata": null, "cutting": null, "surface": "asphalt", "ref_1": null, "ref": null, "name": "улица Курчатова", "maxspeed": "20", "lanes": null }, "geometry": { "type": "LineString", "coordinates": [ [ 537261.899198126862757, 5561445.722706620581448 ], [ 537233.325639574672095, 5561466.927384068258107 ], [ 537184.984179291175678, 5561496.277930425480008 ], [ 537130.62667862419039, 5561530.813006001524627 ] ] } },
{ "type": "Feature", "properties": { "full_id": "w115566634", "osm_id": "115566634", "osm_type": "way", "highway": "residential", "service": null, "embankment": null, "footway": null, "sport": null, "description": null, "sac_scale": null, "mtb:scale:uphill": null, "mtb:scale": null, "incline": null, "tracktype": null, "wheelchair": null, "motor_vehicle": null, "horse": null, "foot": null, "bicycle": null, "lit": null, "junction": null, "old_ref": null, "oneway": null, "layer": null, "bridge": null, "int_name": null, "width": null, "name:uk": null, "name:ru": null, "name:en": null, "smoothness": null, "addr:city": null, "name:etymology:wikidata": "Q229828", "cutting": null, "surface": "unpaved", "ref_1": null, "ref": null, "name": "улица Калинина", "maxspeed": "20", "lanes": null }, "geometry": { "type": "LineString", "coordinates": [ [ 537505.478012147825211, 5561705.157454212196171 ], [ 537512.446152666932903, 5561711.800331882201135 ], [ 537525.122064955183305, 5561713.557607672177255 ], [ 537559.393828806467354, 5561706.00476127397269 ], [ 537573.273688972229138, 5561706.036035420373082 ], [ 537613.198418974876404, 5561698.356663866899908 ], [ 537653.774186150869355, 5561701.556898661889136 ], [ 537716.933988706907257, 5561713.134658657945693 ], [ 537735.471779362065718, 5561711.442520493641496 ] ] } },
{ "type": "Feature", "properties": { "full_id": "w128937632", "osm_id": "128937632", "osm_type": "way", "highway": "residential", "service": null, "embankment": null, "footway": null, "sport": null, "description": null, "sac_scale": null, "mtb:scale:uphill": null, "mtb:scale": null, "incline": null, "tracktype": null, "wheelchair": null, "motor_vehicle": null, "horse": null, "foot": null, "bicycle": null, "lit": null, "junction": null, "old_ref": null, "oneway": null, "layer": null, "bridge": null, "int_name": null, "width": null, "name:uk": null, "name:ru": null, "name:en": null, "smoothness": null, "addr:city": null, "name:etymology:wikidata": null, "cutting": null, "surface": "asphalt", "ref_1": null, "ref": null, "name": "площадь Пески", "maxspeed": "20", "lanes": null }, "geometry": { "type": "LineString", "coordinates": [ [ 537003.988777784747072, 5560885.256003915332258 ], [ 537007.178431150969118, 5560866.886864824220538 ], [ 537001.091909030685201, 5560832.763908471912146 ], [ 536996.353900645743124, 5560806.911970680579543 ], [ 536997.68804830010049, 5560799.804895669221878 ], [ 537033.667258778586984, 5560792.749731904827058 ], [ 537047.524249457754195, 5560791.27834272198379 ], [ 537141.98676832288038, 5560779.338508646935225 ] ] } },
{ "type": "Feature", "properties": { "full_id": "w128937633", "osm_id": "128937633", "osm_type": "way", "highway": "service", "service": null, "embankment": null, "footway": null, "sport": null, "description": null, "sac_scale": null, "mtb:scale:uphill": null, "mtb:scale": null, "incline": null, "tracktype": null, "wheelchair": null, "motor_vehicle": null, "horse": null, "foot": null, "bicycle": null, "lit": null, "junction": null, "old_ref": null, "oneway": null, "layer": null, "bridge": null, "int_name": null, "width": null, "name:uk": null, "name:ru": null, "name:en": null, "smoothness": null, "addr:city": null, "name:etymology:wikidata": null, "cutting": null, "surface": "asphalt", "ref_1": null, "ref": null, "name": null, "maxspeed": "20", "lanes": null }, "geometry": { "type": "LineString", "coordinates": [ [ 536413.608581346226856, 5561392.004210697486997 ], [ 536398.866063329973258, 5561376.080604596994817 ], [ 536380.018369396682829, 5561359.328386608511209 ], [ 536371.483785030199215, 5561346.660775808617473 ], [ 536371.954469423973933, 5561325.82644574996084 ], [ 536399.754761605290696, 5561325.449438276700675 ], [ 536417.622769602457993, 5561322.680666857399046 ] ] } },
{ "type": "Feature", "properties": { "full_id": "w132401721", "osm_id": "132401721", "osm_type": "way", "highway": "residential", "service": null, "embankment": null, "footway": null, "sport": null, "description": null, "sac_scale": null, "mtb:scale:uphill": null, "mtb:scale": null, "incline": null, "tracktype": null, "wheelchair": null, "motor_vehicle": null, "horse": null, "foot": null, "bicycle": null, "lit": null, "junction": null, "old_ref": null, "oneway": null, "layer": null, "bridge": null, "int_name": null, "width": null, "name:uk": null, "name:ru": null, "name:en": null, "smoothness": null, "addr:city": null, "name:etymology:wikidata": null, "cutting": null, "surface": "unpaved", "ref_1": null, "ref": null, "name": "площадь Свободы", "maxspeed": "20", "lanes": null }, "geometry": { "type": "LineString", "coordinates": [ [ 537920.152996418299153, 5561029.205892285332084 ], [ 537967.974997820216231, 5561028.824074868112803 ] ] } },
{ "type": "Feature", "properties": { "full_id": "w132405897", "osm_id": "132405897", "osm_type": "way", "highway": "residential", "service": null, "embankment": null, "footway": null, "sport": null, "description": null, "sac_scale": null, "mtb:scale:uphill": null, "mtb:scale": null, "incline": null, "tracktype": null, "wheelchair": null, "motor_vehicle": null, "horse": null, "foot": null, "bicycle": null, "lit": null, "junction": null, "old_ref": null, "oneway": null, "layer": null, "bridge": null, "int_name": null, "width": null, "name:uk": null, "name:ru": null, "name:en": null, "smoothness": null, "addr:city": null, "name:etymology:wikidata": "Q42976", "cutting": null, "surface": "asphalt", "ref_1": null, "ref": null, "name": "Октябрьский переулок", "maxspeed": "20", "lanes": null }, "geometry": { "type": "LineString", "coordinates": [ [ 537214.831520869745873, 5561382.680431221611798 ], [ 537220.734950202167965, 5561385.546022556722164 ], [ 537232.928466358571313, 5561399.252476153895259 ], [ 537242.904222144861706, 5561416.779599794186652 ], [ 537261.899198126862757, 5561445.722706620581448 ], [ 537275.158140889019705, 5561474.381078169681132 ], [ 537332.447326288907789, 5561613.207038642838597 ] ] } },
{ "type": "Feature", "properties": { "full_id": "w132783315", "osm_id": "132783315", "osm_type": "way", "highway": "residential", "service": null, "embankment": null, "footway": null, "sport": null, "description": null, "sac_scale": null, "mtb:scale:uphill": null, "mtb:scale": null, "incline": null, "tracktype": null, "wheelchair": null, "motor_vehicle": null, "horse": null, "foot": null, "bicycle": null, "lit": null, "junction": null, "old_ref": null, "oneway": null, "layer": null, "bridge": null, "int_name": null, "width": null, "name:uk": null, "name:ru": null, "name:en": null, "smoothness": null, "addr:city": null, "name:etymology:wikidata": null, "cutting": null, "surface": "asphalt", "ref_1": null, "ref": null, "name": "Подгорная улица", "maxspeed": "20", "lanes": null }, "geometry": { "type": "LineString", "coordinates": [ [ 537947.075532636605203, 5562081.864725147373974 ], [ 537955.383679850376211, 5562159.592587295919657 ], [ 537973.035828995984048, 5562315.767419384792447 ], [ 537970.511196612846106, 5562325.578901150263846 ] ] } },
{ "type": "Feature", "properties": { "full_id": "w132783434", "osm_id": "132783434", "osm_type": "way", "highway": "residential", "service": null, "embankment": null, "footway": null, "sport": null, "description": null, "sac_scale": null, "mtb:scale:uphill": null, "mtb:scale": null, "incline": null, "tracktype": null, "wheelchair": null, "motor_vehicle": null, "horse": null, "foot": null, "bicycle": null, "lit": null, "junction": null, "old_ref": null, "oneway": null, "layer": null, "bridge": null, "int_name": null, "width": null, "name:uk": null, "name:ru": null, "name:en": null, "smoothness": null, "addr:city": null, "name:etymology:wikidata": null, "cutting": null, "surface": "asphalt", "ref_1": null, "ref": null, "name": "улица Титова", "maxspeed": "20", "lanes": null }, "geometry": { "type": "LineString", "coordinates": [ [ 537947.075532636605203, 5562081.864725147373974 ], [ 537935.265518173575401, 5562073.896893749944866 ], [ 537906.484504761523567, 5562065.207705846987665 ], [ 537878.830304014147259, 5562061.608234618790448 ], [ 537823.529771527391858, 5562060.314148606732488 ], [ 537753.437320730998181, 5562060.939375073648989 ], [ 537646.801114388392307, 5562066.788653866387904 ], [ 537619.726212806883268, 5562068.031539692543447 ], [ 537581.895302813849412, 5562069.609991179779172 ], [ 537553.550482732709497, 5562070.822004646062851 ], [ 537527.285226652165875, 5562072.615922281518579 ] ] } },
{ "type": "Feature", "properties": { "full_id": "w132783435", "osm_id": "132783435", "osm_type": "way", "highway": "residential", "service": null, "embankment": null, "footway": null, "sport": null, "description": null, "sac_scale": null, "mtb:scale:uphill": null, "mtb:scale": null, "incline": null, "tracktype": null, "wheelchair": null, "motor_vehicle": null, "horse": null, "foot": null, "bicycle": null, "lit": null, "junction": null, "old_ref": null, "oneway": null, "layer": null, "bridge": null, "int_name": "Podgornaya", "width": null, "name:uk": null, "name:ru": null, "name:en": null, "smoothness": null, "addr:city": null, "name:etymology:wikidata": null, "cutting": null, "surface": "unpaved", "ref_1": null, "ref": null, "name": "улица Титова", "maxspeed": "20", "lanes": null }, "geometry": { "type": "LineString", "coordinates": [ [ 537527.285226652165875, 5562072.615922281518579 ], [ 537512.709405551780947, 5562074.26998776756227 ], [ 537502.846835860516876, 5562079.459902379661798 ], [ 537482.172942465404049, 5562084.740449235774577 ], [ 537454.058391088386998, 5562087.722586910240352 ], [ 537436.858680362231098, 5562089.091524999588728 ], [ 537421.658694380428642, 5562090.218838836066425 ], [ 537365.485533041530289, 5562094.338485134765506 ], [ 537312.662905699806288, 5562092.833602895960212 ], [ 537299.153309639776126, 5562093.061336730606854 ], [ 537290.452480744337663, 5562094.412500609643757 ], [ 537277.852030294830911, 5562097.28194045741111 ], [ 537262.313521232572384, 5562099.886207012459636 ], [ 537247.281744973035529, 5562101.459969205781817 ], [ 537238.465269572101533, 5562100.986839172430336 ], [ 537174.531903212890029, 5562095.458214677870274 ], [ 537129.727974997600541, 5562096.268404582515359 ], [ 537093.402720159501769, 5562099.951264876872301 ], [ 537074.76527696417179, 5562098.765024280175567 ], [ 537045.801954341935925, 5562096.617395273409784 ] ] } },
{ "type": "Feature", "properties": { "full_id": "w132783569", "osm_id": "132783569", "osm_type": "way", "highway": "footway", "service": null, "embankment": null, "footway": null, "sport": null, "description": null, "sac_scale": null, "mtb:scale:uphill": null, "mtb:scale": null, "incline": null, "tracktype": null, "wheelchair": null, "motor_vehicle": null, "horse": null, "foot": null, "bicycle": null, "lit": null, "junction": null, "old_ref": null, "oneway": null, "layer": null, "bridge": null, "int_name": null, "width": null, "name:uk": null, "name:ru": null, "name:en": null, "smoothness": null, "addr:city": null, "name:etymology:wikidata": null, "cutting": null, "surface": null, "ref_1": null, "ref": null, "name": null, "maxspeed": null, "lanes": null }, "geometry": { "type": "LineString", "coordinates": [ [ 537663.843544587492943, 5562020.11911803856492 ], [ 537659.84096749057062, 5562042.207137846387923 ], [ 537653.458182989270426, 5562050.746087715961039 ], [ 537646.801114388392307, 5562066.788653866387904 ] ] } },
{ "type": "Feature", "properties": { "full_id": "w132783570", "osm_id": "132783570", "osm_type": "way", "highway": "footway", "service": null, "embankment": null, "footway": null, "sport": null, "description": null, "sac_scale": null, "mtb:scale:uphill": null, "mtb:scale": null, "incline": null, "tracktype": null, "wheelchair": null, "motor_vehicle": null, "horse": null, "foot": null, "bicycle": null, "lit": null, "junction": null, "old_ref": null, "oneway": null, "layer": "1", "bridge": "yes", "int_name": null, "width": null, "name:uk": null, "name:ru": null, "name:en": null, "smoothness": null, "addr:city": null, "name:etymology:wikidata": null, "cutting": null, "surface": null, "ref_1": null, "ref": null, "name": null, "maxspeed": null, "lanes": null }, "geometry": { "type": "LineString", "coordinates": [ [ 537665.9241092056036, 5562009.470406914129853 ], [ 537663.843544587492943, 5562020.11911803856492 ] ] } },
{ "type": "Feature", "properties": { "full_id": "w132783571", "osm_id": "132783571", "osm_type": "way", "highway": "footway", "service": null, "embankment": null, "footway": null, "sport": null, "description": null, "sac_scale": null, "mtb:scale:uphill": null, "mtb:scale": null, "incline": null, "tracktype": null, "wheelchair": null, "motor_vehicle": null, "horse": null, "foot": null, "bicycle": null, "lit": null, "junction": null, "old_ref": null, "oneway": null, "layer": null, "bridge": null, "int_name": null, "width": null, "name:uk": null, "name:ru": null, "name:en": null, "smoothness": null, "addr:city": null, "name:etymology:wikidata": null, "cutting": null, "surface": null, "ref_1": null, "ref": null, "name": "улица Третьего Интернационала", "maxspeed": null, "lanes": null }, "geometry": { "type": "LineString", "coordinates": [ [ 537677.693702795542777, 5561988.960736704990268 ], [ 537673.18543522618711, 5561994.777582244947553 ], [ 537669.127582267508842, 5562000.475307740271091 ], [ 537665.9241092056036, 5562009.470406914129853 ] ] } },
{ "type": "Feature", "properties": { "full_id": "w132783609", "osm_id": "132783609", "osm_type": "way", "highway": "residential", "service": null, "embankment": null, "footway": null, "sport": null, "description": null, "sac_scale": null, "mtb:scale:uphill": null, "mtb:scale": null, "incline": null, "tracktype": null, "wheelchair": null, "motor_vehicle": null, "horse": null, "foot": null, "bicycle": null, "lit": null, "junction": null, "old_ref": null, "oneway": null, "layer": null, "bridge": null, "int_name": null, "width": null, "name:uk": null, "name:ru": null, "name:en": null, "smoothness": null, "addr:city": null, "name:etymology:wikidata": null, "cutting": null, "surface": "asphalt", "ref_1": null, "ref": null, "name": "Кузнечный переулок", "maxspeed": "20", "lanes": null }, "geometry": { "type": "LineString", "coordinates": [ [ 537326.770671403151937, 5561281.978450117632747 ], [ 537321.554659031331539, 5561275.726173271425068 ], [ 537310.021416650735773, 5561260.467445449903607 ], [ 537296.415122642880306, 5561234.475200751796365 ], [ 537266.855344481533393, 5561185.365407099016011 ], [ 537258.55799530306831, 5561169.651326916180551 ], [ 537252.110317258746363, 5561153.76117904111743 ], [ 537214.957989046466537, 5561063.512720121070743 ], [ 537201.302412698161788, 5561035.240936192683876 ], [ 537190.690135735203512, 5561010.626467190682888 ] ] } },
{ "type": "Feature", "properties": { "full_id": "w132783610", "osm_id": "132783610", "osm_type": "way", "highway": "residential", "service": null, "embankment": null, "footway": null, "sport": null, "description": null, "sac_scale": null, "mtb:scale:uphill": null, "mtb:scale": null, "incline": null, "tracktype": null, "wheelchair": null, "motor_vehicle": null, "horse": null, "foot": null, "bicycle": null, "lit": null, "junction": null, "old_ref": null, "oneway": null, "layer": null, "bridge": null, "int_name": null, "width": null, "name:uk": null, "name:ru": null, "name:en": null, "smoothness": null, "addr:city": null, "name:etymology:wikidata": null, "cutting": null, "surface": "unpaved", "ref_1": null, "ref": null, "name": "улица Гайдара", "maxspeed": "20", "lanes": null }, "geometry": { "type": "LineString", "coordinates": [ [ 537384.81450692540966, 5561083.883945174515247 ], [ 537378.319884961470962, 5561070.650828333571553 ], [ 537367.867584257037379, 5561056.922920292243361 ], [ 537397.137321838410571, 5561030.475524540059268 ], [ 537424.245379890082404, 5561001.911537559702992 ], [ 537449.794420387479477, 5560972.814108960330486 ], [ 537484.318089829408564, 5560942.31225073710084 ], [ 537512.809678848949261, 5560914.036434542387724 ], [ 537532.153250275645405, 5560896.637652759440243 ], [ 537562.145730978692882, 5560878.257746949791908 ], [ 537574.344873124849983, 5560868.970274675637484 ], [ 537590.157813720637932, 5560854.315485598519444 ], [ 537597.427404375281185, 5560841.668579361401498 ], [ 537606.790601956658065, 5560831.727347911335528 ], [ 537641.091468370170332, 5560800.69119053054601 ] ] } },
{ "type": "Feature", "properties": { "full_id": "w132784132", "osm_id": "132784132", "osm_type": "way", "highway": "residential", "service": null, "embankment": null, "footway": null, "sport": null, "description": null, "sac_scale": null, "mtb:scale:uphill": null, "mtb:scale": null, "incline": null, "tracktype": null, "wheelchair": null, "motor_vehicle": null, "horse": null, "foot": null, "bicycle": null, "lit": null, "junction": null, "old_ref": null, "oneway": null, "layer": null, "bridge": null, "int_name": null, "width": null, "name:uk": null, "name:ru": null, "name:en": null, "smoothness": null, "addr:city": null, "name:etymology:wikidata": null, "cutting": null, "surface": "unpaved", "ref_1": null, "ref": null, "name": "улица Менжинского", "maxspeed": "20", "lanes": null }, "geometry": { "type": "LineString", "coordinates": [ [ 537214.957989046466537, 5561063.512720121070743 ], [ 537255.753056925022975, 5561050.377130805514753 ], [ 537286.174693314242177, 5561032.621372398920357 ], [ 537302.075183336972259, 5561022.603102825582027 ], [ 537323.848576332908124, 5561006.632756152190268 ], [ 537366.363634609151632, 5560974.295907320454717 ], [ 537486.09030276874546, 5560881.201893327757716 ], [ 537564.65535491250921, 5560824.035467190667987 ], [ 537580.588782088481821, 5560810.526788628660142 ], [ 537586.210927486652508, 5560804.773326889611781 ] ] } },
{ "type": "Feature", "properties": { "full_id": "w133261905", "osm_id": "133261905", "osm_type": "way", "highway": "residential", "service": null, "embankment": null, "footway": null, "sport": null, "description": null, "sac_scale": null, "mtb:scale:uphill": null, "mtb:scale": null, "incline": null, "tracktype": null, "wheelchair": null, "motor_vehicle": null, "horse": null, "foot": null, "bicycle": null, "lit": null, "junction": null, "old_ref": null, "oneway": null, "layer": null, "bridge": null, "int_name": null, "width": null, "name:uk": null, "name:ru": null, "name:en": null, "smoothness": null, "addr:city": null, "name:etymology:wikidata": null, "cutting": null, "surface": "unpaved", "ref_1": null, "ref": null, "name": "Подгорный переулок", "maxspeed": "20", "lanes": null }, "geometry": { "type": "LineString", "coordinates": [ [ 537527.285226652165875, 5562072.615922281518579 ], [ 537525.752193471533246, 5562084.591747105121613 ], [ 537527.749853751971386, 5562101.840799009427428 ], [ 537528.187661422765814, 5562127.785285402089357 ], [ 537524.493472725967877, 5562229.66790350433439 ], [ 537523.069235748960637, 5562243.423592044040561 ], [ 537519.920636644819751, 5562265.940273719839752 ], [ 537514.844014183152467, 5562324.080826154910028 ] ] } },
{ "type": "Feature", "properties": { "full_id": "w133261912", "osm_id": "133261912", "osm_type": "way", "highway": "residential", "service": null, "embankment": null, "footway": null, "sport": null, "description": null, "sac_scale": null, "mtb:scale:uphill": null, "mtb:scale": null, "incline": null, "tracktype": null, "wheelchair": null, "motor_vehicle": null, "horse": null, "foot": null, "bicycle": null, "lit": null, "junction": null, "old_ref": null, "oneway": null, "layer": null, "bridge": null, "int_name": null, "width": null, "name:uk": null, "name:ru": null, "name:en": null, "smoothness": null, "addr:city": null, "name:etymology:wikidata": null, "cutting": null, "surface": "unpaved", "ref_1": null, "ref": null, "name": "площадь Пески", "maxspeed": "20", "lanes": null }, "geometry": { "type": "LineString", "coordinates": [ [ 537429.026899655000307, 5560795.937762786634266 ], [ 537427.348952111555263, 5560777.757019490934908 ], [ 537416.771243962692097, 5560757.434397877193987 ], [ 537414.818605006090365, 5560746.846213806420565 ] ] } },
{ "type": "Feature", "properties": { "full_id": "w133261913", "osm_id": "133261913", "osm_type": "way", "highway": "residential", "service": null, "embankment": null, "footway": null, "sport": null, "description": null, "sac_scale": null, "mtb:scale:uphill": null, "mtb:scale": null, "incline": null, "tracktype": null, "wheelchair": null, "motor_vehicle": null, "horse": null, "foot": null, "bicycle": null, "lit": null, "junction": null, "old_ref": null, "oneway": null, "layer": null, "bridge": null, "int_name": null, "width": null, "name:uk": null, "name:ru": null, "name:en": null, "smoothness": null, "addr:city": null, "name:etymology:wikidata": null, "cutting": null, "surface": "unpaved", "ref_1": null, "ref": null, "name": "переулок Шевченко", "maxspeed": "20", "lanes": null }, "geometry": { "type": "LineString", "coordinates": [ [ 537583.999907183344476, 5560738.842453190125525 ], [ 537590.824383308296092, 5560716.474120575003326 ], [ 537592.121738705900498, 5560695.490030304528773 ], [ 537591.942609417019412, 5560666.278345412574708 ], [ 537594.009171679848805, 5560644.52133802883327 ], [ 537601.996575991041027, 5560597.998982354067266 ], [ 537605.252782903960906, 5560570.523942317813635 ], [ 537604.90571309661027, 5560547.91594269964844 ] ] } },
{ "type": "Feature", "properties": { "full_id": "w133261920", "osm_id": "133261920", "osm_type": "way", "highway": "residential", "service": null, "embankment": null, "footway": null, "sport": null, "description": null, "sac_scale": null, "mtb:scale:uphill": null, "mtb:scale": null, "incline": null, "tracktype": null, "wheelchair": null, "motor_vehicle": null, "horse": null, "foot": null, "bicycle": null, "lit": null, "junction": null, "old_ref": null, "oneway": null, "layer": null, "bridge": null, "int_name": null, "width": null, "name:uk": null, "name:ru": null, "name:en": null, "smoothness": null, "addr:city": null, "name:etymology:wikidata": "Q43718", "cutting": null, "surface": "unpaved", "ref_1": null, "ref": null, "name": "улица Гоголя", "maxspeed": "20", "lanes": null }, "geometry": { "type": "LineString", "coordinates": [ [ 536570.140189979923889, 5561047.823590892367065 ], [ 536568.613598725525662, 5561035.248305797576904 ], [ 536568.784114339272492, 5561010.431226661428809 ], [ 536567.684177118353546, 5560980.423831668682396 ], [ 536563.919402409694158, 5560965.3424521246925 ], [ 536565.796028224984184, 5560943.594900569878519 ], [ 536564.734567636740394, 5560920.448373505845666 ] ] } },
{ "type": "Feature", "properties": { "full_id": "w133261922", "osm_id": "133261922", "osm_type": "way", "highway": "residential", "service": null, "embankment": null, "footway": null, "sport": null, "description": null, "sac_scale": null, "mtb:scale:uphill": null, "mtb:scale": null, "incline": null, "tracktype": null, "wheelchair": null, "motor_vehicle": null, "horse": null, "foot": null, "bicycle": null, "lit": null, "junction": null, "old_ref": null, "oneway": null, "layer": null, "bridge": null, "int_name": null, "width": null, "name:uk": "Жовтнева вулиця", "name:ru": "Октябрьская улица", "name:en": "Oktyabrskaya Street", "smoothness": null, "addr:city": null, "name:etymology:wikidata": "Q42976", "cutting": null, "surface": "asphalt", "ref_1": null, "ref": null, "name": "Октябрьская улица", "maxspeed": "20", "lanes": null }, "geometry": { "type": "LineString", "coordinates": [ [ 536820.85331632825546, 5561817.362193395383656 ], [ 536817.462205395451747, 5561809.321706959977746 ], [ 536814.779432840179652, 5561802.042236659675837 ], [ 536802.437170567805879, 5561768.554458578117192 ], [ 536779.305167013313621, 5561704.035976850427687 ], [ 536775.958588813664392, 5561694.694869023747742 ], [ 536742.10825993900653, 5561600.035904502496123 ] ] } },
{ "type": "Feature", "properties": { "full_id": "w133261925", "osm_id": "133261925", "osm_type": "way", "highway": "residential", "service": null, "embankment": null, "footway": null, "sport": null, "description": null, "sac_scale": null, "mtb:scale:uphill": null, "mtb:scale": null, "incline": null, "tracktype": null, "wheelchair": null, "motor_vehicle": null, "horse": null, "foot": null, "bicycle": null, "lit": null, "junction": null, "old_ref": null, "oneway": null, "layer": null, "bridge": null, "int_name": null, "width": null, "name:uk": null, "name:ru": null, "name:en": null, "smoothness": null, "addr:city": null, "name:etymology:wikidata": null, "cutting": null, "surface": "unpaved", "ref_1": null, "ref": null, "name": null, "maxspeed": "20", "lanes": null }, "geometry": { "type": "LineString", "coordinates": [ [ 537075.77118586038705, 5562295.394984587095678 ], [ 537140.664794849348255, 5562311.247887808829546 ], [ 537163.330785176483914, 5562321.947292733937502 ], [ 537184.236119774985127, 5562298.687188094481826 ], [ 537193.480564834899269, 5562277.702926279976964 ], [ 537198.647648072335869, 5562260.214995870366693 ], [ 537202.089611775823869, 5562250.65420510340482 ], [ 537211.767315870849416, 5562244.261558718979359 ], [ 537242.639257837552577, 5562235.604358423501253 ], [ 537249.140178055735305, 5562225.35337470471859 ], [ 537248.49311375466641, 5562207.702474883757532 ], [ 537251.085515778395347, 5562188.028300704434514 ] ] } },
{ "type": "Feature", "properties": { "full_id": "w133261928", "osm_id": "133261928", "osm_type": "way", "highway": "residential", "service": null, "embankment": null, "footway": null, "sport": null, "description": null, "sac_scale": null, "mtb:scale:uphill": null, "mtb:scale": null, "incline": null, "tracktype": null, "wheelchair": null, "motor_vehicle": null, "horse": null, "foot": null, "bicycle": null, "lit": null, "junction": null, "old_ref": null, "oneway": null, "layer": null, "bridge": null, "int_name": null, "width": null, "name:uk": null, "name:ru": null, "name:en": null, "smoothness": null, "addr:city": null, "name:etymology:wikidata": "Q201221", "cutting": null, "surface": "unpaved", "ref_1": null, "ref": null, "name": "улица Герцена", "maxspeed": "20", "lanes": null }, "geometry": { "type": "LineString", "coordinates": [ [ 537524.493472725967877, 5562229.66790350433439 ], [ 537611.799243513145484, 5562219.309620847925544 ], [ 537749.170933120534755, 5562206.650245966389775 ], [ 537843.274124870309606, 5562194.809517554938793 ] ] } },
{ "type": "Feature", "properties": { "full_id": "w133261929", "osm_id": "133261929", "osm_type": "way", "highway": "residential", "service": null, "embankment": null, "footway": null, "sport": null, "description": null, "sac_scale": null, "mtb:scale:uphill": null, "mtb:scale": null, "incline": null, "tracktype": null, "wheelchair": null, "motor_vehicle": null, "horse": null, "foot": null, "bicycle": null, "lit": null, "junction": null, "old_ref": null, "oneway": null, "layer": null, "bridge": null, "int_name": null, "width": null, "name:uk": null, "name:ru": null, "name:en": null, "smoothness": null, "addr:city": null, "name:etymology:wikidata": null, "cutting": null, "surface": "unpaved", "ref_1": null, "ref": null, "name": "переулок Никитина", "maxspeed": "20", "lanes": null }, "geometry": { "type": "LineString", "coordinates": [ [ 537949.840720596839674, 5560741.338161625899374 ], [ 537955.252536722342484, 5560724.108449817635119 ], [ 537946.056875709095038, 5560648.353701459243894 ], [ 537933.495456300675869, 5560584.116842485032976 ], [ 537925.695326081942767, 5560550.847872544080019 ], [ 537914.923011919017881, 5560523.973589430563152 ], [ 537910.998699415707961, 5560484.672229147516191 ], [ 537903.539271462592296, 5560430.57925776578486 ], [ 537894.996110005769879, 5560366.259943226352334 ] ] } },
{ "type": "Feature", "properties": { "full_id": "w133261934", "osm_id": "133261934", "osm_type": "way", "highway": "residential", "service": null, "embankment": null, "footway": null, "sport": null, "description": null, "sac_scale": null, "mtb:scale:uphill": null, "mtb:scale": null, "incline": null, "tracktype": null, "wheelchair": null, "motor_vehicle": null, "horse": null, "foot": null, "bicycle": null, "lit": null, "junction": null, "old_ref": null, "oneway": null, "layer": null, "bridge": null, "int_name": null, "width": null, "name:uk": null, "name:ru": null, "name:en": null, "smoothness": null, "addr:city": null, "name:etymology:wikidata": null, "cutting": null, "surface": "unpaved", "ref_1": null, "ref": null, "name": "Западный переулок", "maxspeed": "20", "lanes": null }, "geometry": { "type": "LineString", "coordinates": [ [ 536724.509714954881929, 5561413.921885561197996 ], [ 536718.406872498919256, 5561373.727987784892321 ], [ 536717.367104870965704, 5561329.966378745622933 ], [ 536716.818487728363834, 5561314.317743005231023 ] ] } },
{ "type": "Feature", "properties": { "full_id": "w133261935", "osm_id": "133261935", "osm_type": "way", "highway": "residential", "service": null, "embankment": null, "footway": null, "sport": null, "description": null, "sac_scale": null, "mtb:scale:uphill": null, "mtb:scale": null, "incline": null, "tracktype": null, "wheelchair": null, "motor_vehicle": null, "horse": null, "foot": null, "bicycle": null, "lit": null, "junction": null, "old_ref": null, "oneway": null, "layer": null, "bridge": null, "int_name": null, "width": null, "name:uk": null, "name:ru": null, "name:en": null, "smoothness": null, "addr:city": null, "name:etymology:wikidata": "Q229828", "cutting": null, "surface": "unpaved", "ref_1": null, "ref": null, "name": "улица Калинина", "maxspeed": "20", "lanes": null }, "geometry": { "type": "LineString", "coordinates": [ [ 537360.566201551235281, 5561571.328890262171626 ], [ 537414.44316547724884, 5561605.298889517784119 ], [ 537440.689693232183345, 5561614.601338447071612 ], [ 537467.85279685317073, 5561620.407785794697702 ], [ 537519.166394707630388, 5561626.073257829993963 ] ] } },
{ "type": "Feature", "properties": { "full_id": "w133261936", "osm_id": "133261936", "osm_type": "way", "highway": "residential", "service": null, "embankment": null, "footway": null, "sport": null, "description": null, "sac_scale": null, "mtb:scale:uphill": null, "mtb:scale": null, "incline": null, "tracktype": null, "wheelchair": null, "motor_vehicle": null, "horse": null, "foot": null, "bicycle": null, "lit": null, "junction": null, "old_ref": null, "oneway": null, "layer": null, "bridge": null, "int_name": null, "width": null, "name:uk": null, "name:ru": null, "name:en": null, "smoothness": null, "addr:city": null, "name:etymology:wikidata": "Q174044", "cutting": null, "surface": "unpaved", "ref_1": null, "ref": null, "name": "улица Александра Невского", "maxspeed": "20", "lanes": null }, "geometry": { "type": "LineString", "coordinates": [ [ 537275.158140889019705, 5561474.381078169681132 ], [ 537328.974693908938207, 5561426.633924645371735 ], [ 537401.439066244638525, 5561359.793039918877184 ], [ 537465.860636990983039, 5561305.31677393335849 ], [ 537495.903730199788697, 5561280.409831423312426 ], [ 537512.2087870008545, 5561269.650046110153198 ], [ 537525.895508234738372, 5561258.771773066371679 ] ] } },
{ "type": "Feature", "properties": { "full_id": "w133261941", "osm_id": "133261941", "osm_type": "way", "highway": "residential", "service": null, "embankment": null, "footway": null, "sport": null, "description": null, "sac_scale": null, "mtb:scale:uphill": null, "mtb:scale": null, "incline": null, "tracktype": null, "wheelchair": null, "motor_vehicle": null, "horse": null, "foot": null, "bicycle": null, "lit": null, "junction": null, "old_ref": null, "oneway": null, "layer": null, "bridge": null, "int_name": null, "width": null, "name:uk": null, "name:ru": null, "name:en": null, "smoothness": null, "addr:city": null, "name:etymology:wikidata": null, "cutting": null, "surface": "unpaved", "ref_1": null, "ref": null, "name": null, "maxspeed": "20", "lanes": null }, "geometry": { "type": "LineString", "coordinates": [ [ 536830.860917651094496, 5561567.458336636424065 ], [ 536824.645616433117539, 5561558.097345524467528 ], [ 536811.077949184342287, 5561537.644028456881642 ], [ 536782.119357213610783, 5561509.57881355471909 ] ] } },
{ "type": "Feature", "properties": { "full_id": "w133261943", "osm_id": "133261943", "osm_type": "way", "highway": "residential", "service": null, "embankment": null, "footway": null, "sport": null, "description": null, "sac_scale": null, "mtb:scale:uphill": null, "mtb:scale": null, "incline": null, "tracktype": null, "wheelchair": null, "motor_vehicle": null, "horse": null, "foot": null, "bicycle": null, "lit": null, "junction": null, "old_ref": null, "oneway": null, "layer": null, "bridge": null, "int_name": null, "width": null, "name:uk": null, "name:ru": null, "name:en": null, "smoothness": null, "addr:city": null, "name:etymology:wikidata": null, "cutting": null, "surface": "unpaved", "ref_1": null, "ref": null, "name": "Народный переулок", "maxspeed": "20", "lanes": null }, "geometry": { "type": "LineString", "coordinates": [ [ 537055.80451624293346, 5561145.86370862275362 ], [ 537022.986439033644274, 5561158.466981376521289 ], [ 536971.797679470153525, 5561170.075497330166399 ], [ 536949.732017239904962, 5561179.05119900777936 ], [ 536885.005622792290524, 5561187.453169584274292 ], [ 536801.709425069857389, 5561196.839411004446447 ], [ 536775.949307432631031, 5561199.318852334283292 ], [ 536768.892132333246991, 5561198.102564270608127 ] ] } },
{ "type": "Feature", "properties": { "full_id": "w133261945", "osm_id": "133261945", "osm_type": "way", "highway": "residential", "service": null, "embankment": null, "footway": null, "sport": null, "description": null, "sac_scale": null, "mtb:scale:uphill": null, "mtb:scale": null, "incline": null, "tracktype": null, "wheelchair": null, "motor_vehicle": null, "horse": null, "foot": null, "bicycle": null, "lit": null, "junction": null, "old_ref": null, "oneway": null, "layer": null, "bridge": null, "int_name": null, "width": null, "name:uk": null, "name:ru": null, "name:en": null, "smoothness": null, "addr:city": null, "name:etymology:wikidata": "Q229828", "cutting": null, "surface": "unpaved", "ref_1": null, "ref": null, "name": "улица Калинина", "maxspeed": "20", "lanes": null }, "geometry": { "type": "LineString", "coordinates": [ [ 537983.354799577267841, 5561672.887492895126343 ], [ 538012.729861202184111, 5561682.615409004501998 ], [ 538021.172714544227347, 5561684.532658033072948 ], [ 538077.861178593710065, 5561695.857205182313919 ], [ 538172.039832620299421, 5561715.657243592664599 ], [ 538221.649906550999731, 5561727.777626890689135 ], [ 538266.522208231617697, 5561737.78508460149169 ], [ 538298.854854013770819, 5561742.988050634972751 ], [ 538306.852197976084426, 5561751.251694174483418 ], [ 538331.494193867431022, 5561758.111878531984985 ], [ 538368.155158745823428, 5561764.747487711720169 ], [ 538445.412939823931083, 5561782.395568336360157 ], [ 538494.399016188457608, 5561792.812741741538048 ], [ 538546.415178811410442, 5561799.64964887034148 ], [ 538582.10271549585741, 5561802.677017474547029 ], [ 538592.326593805802986, 5561805.942414560355246 ] ] } },
{ "type": "Feature", "properties": { "full_id": "w133264622", "osm_id": "133264622", "osm_type": "way", "highway": "residential", "service": null, "embankment": null, "footway": null, "sport": null, "description": null, "sac_scale": null, "mtb:scale:uphill": null, "mtb:scale": null, "incline": null, "tracktype": null, "wheelchair": null, "motor_vehicle": null, "horse": null, "foot": null, "bicycle": null, "lit": null, "junction": null, "old_ref": null, "oneway": null, "layer": null, "bridge": null, "int_name": null, "width": null, "name:uk": null, "name:ru": null, "name:en": null, "smoothness": null, "addr:city": null, "name:etymology:wikidata": null, "cutting": null, "surface": null, "ref_1": null, "ref": null, "name": "улица Серёгина", "maxspeed": null, "lanes": null }, "geometry": { "type": "LineString", "coordinates": [ [ 537253.73705663124565, 5562176.21590490359813 ], [ 537251.085515778395347, 5562188.028300704434514 ] ] } },
{ "type": "Feature", "properties": { "full_id": "w133295663", "osm_id": "133295663", "osm_type": "way", "highway": "residential", "service": null, "embankment": null, "footway": null, "sport": null, "description": null, "sac_scale": null, "mtb:scale:uphill": null, "mtb:scale": null, "incline": null, "tracktype": null, "wheelchair": null, "motor_vehicle": null, "horse": null, "foot": null, "bicycle": null, "lit": null, "junction": null, "old_ref": null, "oneway": null, "layer": null, "bridge": null, "int_name": null, "width": null, "name:uk": null, "name:ru": null, "name:en": null, "smoothness": null, "addr:city": "Россошь", "name:etymology:wikidata": null, "cutting": null, "surface": "unpaved", "ref_1": null, "ref": null, "name": "Слободская улица", "maxspeed": "20", "lanes": null }, "geometry": { "type": "LineString", "coordinates": [ [ 535512.319107251241803, 5560737.315652959048748 ], [ 535522.234388534910977, 5560729.642811569385231 ], [ 535524.27156318933703, 5560713.155428856611252 ], [ 535524.52464781247545, 5560678.44279660936445 ], [ 535524.461057958658785, 5560647.330691855400801 ], [ 535527.513923877850175, 5560630.527632335200906 ] ] } },
{ "type": "Feature", "properties": { "full_id": "w133295700", "osm_id": "133295700", "osm_type": "way", "highway": "residential", "service": null, "embankment": null, "footway": null, "sport": null, "description": null, "sac_scale": null, "mtb:scale:uphill": null, "mtb:scale": null, "incline": null, "tracktype": null, "wheelchair": null, "motor_vehicle": null, "horse": null, "foot": null, "bicycle": null, "lit": null, "junction": null, "old_ref": null, "oneway": null, "layer": null, "bridge": null, "int_name": null, "width": null, "name:uk": null, "name:ru": null, "name:en": null, "smoothness": null, "addr:city": null, "name:etymology:wikidata": null, "cutting": null, "surface": "unpaved", "ref_1": null, "ref": null, "name": "Ольховатская улица", "maxspeed": null, "lanes": null }, "geometry": { "type": "LineString", "coordinates": [ [ 535204.74241014115978, 5560818.099748885259032 ], [ 535156.482564541394822, 5560826.231398217380047 ], [ 534977.978346819058061, 5560856.289309938438237 ], [ 534926.913163366029039, 5560866.761878523975611 ], [ 534893.340018698712811, 5560877.505250236950815 ], [ 534842.046489607077092, 5560874.945377501659095 ], [ 534812.956150973099284, 5560880.181217586621642 ], [ 534781.200567472027615, 5560885.889045353978872 ], [ 534719.395063010510057, 5560891.890203071758151 ] ] } },
{ "type": "Feature", "properties": { "full_id": "w133295718", "osm_id": "133295718", "osm_type": "way", "highway": "residential", "service": null, "embankment": null, "footway": null, "sport": null, "description": null, "sac_scale": null, "mtb:scale:uphill": null, "mtb:scale": null, "incline": null, "tracktype": null, "wheelchair": null, "motor_vehicle": null, "horse": null, "foot": null, "bicycle": null, "lit": null, "junction": null, "old_ref": null, "oneway": null, "layer": null, "bridge": null, "int_name": null, "width": null, "name:uk": null, "name:ru": null, "name:en": null, "smoothness": null, "addr:city": "Россошь", "name:etymology:wikidata": null, "cutting": null, "surface": "unpaved", "ref_1": null, "ref": null, "name": "Ольховатская улица", "maxspeed": "20", "lanes": null }, "geometry": { "type": "LineString", "coordinates": [ [ 535314.186453508329578, 5560399.762431875802577 ], [ 535313.794284347794019, 5560411.535113183781505 ], [ 535311.861369002959691, 5560426.377605558373034 ], [ 535311.561936973361298, 5560484.429213730618358 ], [ 535312.131499016075395, 5560524.462288353592157 ], [ 535312.085586482309736, 5560565.814473417587578 ], [ 535312.29224670806434, 5560631.497257902286947 ], [ 535307.756394648691639, 5560732.085280168801546 ], [ 535302.95313601125963, 5560775.084930148907006 ], [ 535287.405208902433515, 5560818.524827104993165 ] ] } },
{ "type": "Feature", "properties": { "full_id": "w133295727", "osm_id": "133295727", "osm_type": "way", "highway": "residential", "service": null, "embankment": null, "footway": null, "sport": null, "description": null, "sac_scale": null, "mtb:scale:uphill": null, "mtb:scale": null, "incline": null, "tracktype": null, "wheelchair": null, "motor_vehicle": null, "horse": null, "foot": null, "bicycle": null, "lit": null, "junction": null, "old_ref": null, "oneway": null, "layer": null, "bridge": null, "int_name": null, "width": null, "name:uk": null, "name:ru": null, "name:en": null, "smoothness": null, "addr:city": "Россошь", "name:etymology:wikidata": null, "cutting": null, "surface": "unpaved", "ref_1": null, "ref": null, "name": "Криничная улица", "maxspeed": "20", "lanes": null }, "geometry": { "type": "LineString", "coordinates": [ [ 534716.668526652618311, 5560833.907812500372529 ], [ 534711.68122871639207, 5560825.98062408529222 ], [ 534712.267908634967171, 5560730.548014478757977 ], [ 534711.135306706069969, 5560653.584379865787923 ], [ 534713.644306425587274, 5560623.467608449049294 ] ] } },
{ "type": "Feature", "properties": { "full_id": "w133301581", "osm_id": "133301581", "osm_type": "way", "highway": "residential", "service": null, "embankment": null, "footway": null, "sport": null, "description": null, "sac_scale": null, "mtb:scale:uphill": null, "mtb:scale": null, "incline": null, "tracktype": null, "wheelchair": null, "motor_vehicle": null, "horse": null, "foot": null, "bicycle": null, "lit": null, "junction": null, "old_ref": null, "oneway": null, "layer": null, "bridge": null, "int_name": null, "width": null, "name:uk": null, "name:ru": null, "name:en": null, "smoothness": null, "addr:city": null, "name:etymology:wikidata": null, "cutting": null, "surface": "asphalt", "ref_1": null, "ref": null, "name": "улица Гайдара", "maxspeed": "20", "lanes": null }, "geometry": { "type": "LineString", "coordinates": [ [ 537252.110317258746363, 5561153.76117904111743 ], [ 537370.819606333388947, 5561103.055420423857868 ], [ 537374.821818148950115, 5561100.248100780881941 ], [ 537382.023033469682559, 5561095.18379417527467 ], [ 537385.07593192672357, 5561090.357219414785504 ], [ 537384.81450692540966, 5561083.883945174515247 ] ] } },
{ "type": "Feature", "properties": { "full_id": "w133301585", "osm_id": "133301585", "osm_type": "way", "highway": "residential", "service": null, "embankment": null, "footway": null, "sport": null, "description": null, "sac_scale": null, "mtb:scale:uphill": null, "mtb:scale": null, "incline": null, "tracktype": null, "wheelchair": null, "motor_vehicle": null, "horse": null, "foot": null, "bicycle": null, "lit": null, "junction": null, "old_ref": null, "oneway": null, "layer": null, "bridge": null, "int_name": null, "width": null, "name:uk": null, "name:ru": null, "name:en": null, "smoothness": null, "addr:city": null, "name:etymology:wikidata": null, "cutting": null, "surface": "unpaved", "ref_1": null, "ref": null, "name": "переулок Пирогова", "maxspeed": "20", "lanes": null }, "geometry": { "type": "LineString", "coordinates": [ [ 537867.807191759464331, 5561971.129555218853056 ], [ 537873.42974738124758, 5561936.121426299214363 ], [ 537881.444010698585771, 5561858.865738107822835 ], [ 537894.807625360554084, 5561742.952881841920316 ], [ 537898.461967557203025, 5561721.829936495982111 ] ] } },
{ "type": "Feature", "properties": { "full_id": "w133301586", "osm_id": "133301586", "osm_type": "way", "highway": "residential", "service": null, "embankment": null, "footway": null, "sport": null, "description": null, "sac_scale": null, "mtb:scale:uphill": null, "mtb:scale": null, "incline": null, "tracktype": null, "wheelchair": null, "motor_vehicle": null, "horse": null, "foot": null, "bicycle": null, "lit": null, "junction": null, "old_ref": null, "oneway": null, "layer": null, "bridge": null, "int_name": null, "width": null, "name:uk": null, "name:ru": null, "name:en": null, "smoothness": null, "addr:city": null, "name:etymology:wikidata": null, "cutting": null, "surface": "unpaved", "ref_1": null, "ref": null, "name": "переулок Письменного", "maxspeed": "20", "lanes": null }, "geometry": { "type": "LineString", "coordinates": [ [ 538114.399742114008404, 5561273.294994759373367 ], [ 538107.026366880862042, 5561295.358541140332818 ], [ 538092.299158022738993, 5561320.827567059546709 ], [ 538028.214892194722779, 5561432.074039237573743 ], [ 538007.622736433171667, 5561464.450969483703375 ], [ 537982.813333763624541, 5561507.794893672689795 ], [ 537947.160565830068663, 5561568.630139099434018 ] ] } },
{ "type": "Feature", "properties": { "full_id": "w141475795", "osm_id": "141475795", "osm_type": "way", "highway": "primary", "service": null, "embankment": null, "footway": null, "sport": null, "description": null, "sac_scale": null, "mtb:scale:uphill": null, "mtb:scale": null, "incline": null, "tracktype": null, "wheelchair": null, "motor_vehicle": null, "horse": null, "foot": null, "bicycle": null, "lit": null, "junction": null, "old_ref": null, "oneway": null, "layer": null, "bridge": null, "int_name": null, "width": null, "name:uk": null, "name:ru": null, "name:en": null, "smoothness": null, "addr:city": null, "name:etymology:wikidata": null, "cutting": null, "surface": "asphalt", "ref_1": "P-194", "ref": null, "name": "Ростовское шоссе", "maxspeed": "60", "lanes": "2" }, "geometry": { "type": "LineString", "coordinates": [ [ 536431.190186889842153, 5561815.669600805267692 ], [ 536444.538737518014386, 5561942.187452354468405 ], [ 536446.485155335976742, 5561955.977599021978676 ], [ 536492.972954129450954, 5562416.190757287666202 ] ] } },
{ "type": "Feature", "properties": { "full_id": "w141655412", "osm_id": "141655412", "osm_type": "way", "highway": "residential", "service": null, "embankment": null, "footway": null, "sport": null, "description": null, "sac_scale": null, "mtb:scale:uphill": null, "mtb:scale": null, "incline": null, "tracktype": null, "wheelchair": null, "motor_vehicle": null, "horse": null, "foot": null, "bicycle": null, "lit": null, "junction": null, "old_ref": null, "oneway": null, "layer": null, "bridge": null, "int_name": null, "width": null, "name:uk": null, "name:ru": null, "name:en": null, "smoothness": null, "addr:city": null, "name:etymology:wikidata": null, "cutting": null, "surface": "unpaved", "ref_1": null, "ref": null, "name": "Садовая улица", "maxspeed": "20", "lanes": null }, "geometry": { "type": "LineString", "coordinates": [ [ 536967.465256803203374, 5561287.242837333120406 ], [ 536871.016431709751487, 5561300.873158574104309 ], [ 536808.187534641823731, 5561306.542726200073957 ], [ 536769.458298910642043, 5561310.355777917429805 ], [ 536751.560590206063353, 5561312.22250250261277 ], [ 536733.055068308254704, 5561314.263000467792153 ], [ 536716.818487728363834, 5561314.317743005231023 ], [ 536669.922253028256819, 5561314.372451302595437 ], [ 536644.437369874562137, 5561314.285861662589014 ], [ 536599.427485359599814, 5561315.054695914499462 ], [ 536575.887467343942262, 5561314.43696491792798 ], [ 536553.549805742339231, 5561313.327228406444192 ] ] } },
{ "type": "Feature", "properties": { "full_id": "w141655413", "osm_id": "141655413", "osm_type": "way", "highway": "residential", "service": null, "embankment": null, "footway": null, "sport": null, "description": null, "sac_scale": null, "mtb:scale:uphill": null, "mtb:scale": null, "incline": null, "tracktype": null, "wheelchair": null, "motor_vehicle": null, "horse": null, "foot": null, "bicycle": null, "lit": null, "junction": null, "old_ref": null, "oneway": null, "layer": null, "bridge": null, "int_name": null, "width": null, "name:uk": null, "name:ru": null, "name:en": null, "smoothness": null, "addr:city": null, "name:etymology:wikidata": null, "cutting": null, "surface": "asphalt", "ref_1": null, "ref": null, "name": "улица Серёгина", "maxspeed": "20", "lanes": null }, "geometry": { "type": "LineString", "coordinates": [ [ 537467.227298480574973, 5561390.978484251536429 ], [ 537438.552539860480465, 5561446.695716799236834 ], [ 537413.575349388411269, 5561493.243421714752913 ], [ 537391.842850057058968, 5561523.946775200776756 ], [ 537360.566201551235281, 5561571.328890262171626 ], [ 537332.447326288907789, 5561613.207038642838597 ], [ 537306.702662690659054, 5561649.35329120978713 ] ] } },
{ "type": "Feature", "properties": { "full_id": "w141685223", "osm_id": "141685223", "osm_type": "way", "highway": "residential", "service": null, "embankment": null, "footway": null, "sport": null, "description": null, "sac_scale": null, "mtb:scale:uphill": null, "mtb:scale": null, "incline": null, "tracktype": null, "wheelchair": null, "motor_vehicle": null, "horse": null, "foot": null, "bicycle": null, "lit": null, "junction": null, "old_ref": null, "oneway": null, "layer": null, "bridge": null, "int_name": null, "width": null, "name:uk": null, "name:ru": null, "name:en": null, "smoothness": null, "addr:city": null, "name:etymology:wikidata": null, "cutting": null, "surface": "unpaved", "ref_1": null, "ref": null, "name": "улица Серёгина", "maxspeed": "20", "lanes": null }, "geometry": { "type": "LineString", "coordinates": [ [ 537306.702662690659054, 5561649.35329120978713 ], [ 537299.108551844255999, 5561658.662519440054893 ], [ 537258.162969983881339, 5561704.131653517484665 ], [ 537161.043701600166969, 5561819.827269154600799 ], [ 537089.196920821792446, 5561914.051426850259304 ], [ 537065.242067929473706, 5561945.707981542684138 ], [ 536906.841445266967639, 5562155.095499486662447 ], [ 536873.606876590638421, 5562194.761161386966705 ], [ 536864.900151519104838, 5562213.481348573230207 ], [ 536890.244506272603758, 5562233.215902696363628 ], [ 536914.354280199971981, 5562257.056161621585488 ], [ 536941.091146185528487, 5562288.909564596600831 ], [ 536954.237318527535535, 5562285.453800565563142 ], [ 536991.372316762804985, 5562290.315273312851787 ], [ 537075.77118586038705, 5562295.394984587095678 ] ] } },
{ "type": "Feature", "properties": { "full_id": "w141685226", "osm_id": "141685226", "osm_type": "way", "highway": "residential", "service": null, "embankment": null, "footway": null, "sport": null, "description": null, "sac_scale": null, "mtb:scale:uphill": null, "mtb:scale": null, "incline": null, "tracktype": null, "wheelchair": null, "motor_vehicle": null, "horse": null, "foot": null, "bicycle": null, "lit": null, "junction": null, "old_ref": null, "oneway": null, "layer": null, "bridge": null, "int_name": null, "width": null, "name:uk": null, "name:ru": null, "name:en": null, "smoothness": null, "addr:city": null, "name:etymology:wikidata": null, "cutting": null, "surface": "unpaved", "ref_1": null, "ref": null, "name": "улица Курчатова", "maxspeed": "20", "lanes": null }, "geometry": { "type": "LineString", "coordinates": [ [ 536877.804119616514072, 5561791.993159931153059 ], [ 536855.477590090362355, 5561801.934800986200571 ], [ 536820.85331632825546, 5561817.362193395383656 ], [ 536783.858623564708978, 5561834.02990335971117 ], [ 536756.439511080738157, 5561845.715842327103019 ], [ 536664.167068309150636, 5561887.566090466454625 ], [ 536651.582786130253226, 5561880.818926706910133 ] ] } },
{ "type": "Feature", "properties": { "full_id": "w141685227", "osm_id": "141685227", "osm_type": "way", "highway": "residential", "service": null, "embankment": null, "footway": null, "sport": null, "description": null, "sac_scale": null, "mtb:scale:uphill": null, "mtb:scale": null, "incline": null, "tracktype": null, "wheelchair": null, "motor_vehicle": null, "horse": null, "foot": null, "bicycle": null, "lit": null, "junction": null, "old_ref": null, "oneway": null, "layer": null, "bridge": null, "int_name": null, "width": null, "name:uk": null, "name:ru": null, "name:en": null, "smoothness": null, "addr:city": null, "name:etymology:wikidata": null, "cutting": null, "surface": "unpaved", "ref_1": null, "ref": null, "name": "улица Курчатова", "maxspeed": "20", "lanes": null }, "geometry": { "type": "LineString", "coordinates": [ [ 537223.337402806151658, 5561601.167688625864685 ], [ 537184.973658363218419, 5561645.865969316102564 ], [ 537166.401225199224427, 5561667.841411702334881 ], [ 537139.199217775953002, 5561699.29705123603344 ], [ 537086.76896541879978, 5561757.65245942119509 ], [ 537059.42878319369629, 5561786.538975764997303 ], [ 537021.599109244183637, 5561830.764004615135491 ], [ 537020.682204558281228, 5561841.521120242774487 ] ] } },
{ "type": "Feature", "properties": { "full_id": "w142276854", "osm_id": "142276854", "osm_type": "way", "highway": "residential", "service": null, "embankment": null, "footway": null, "sport": null, "description": null, "sac_scale": null, "mtb:scale:uphill": null, "mtb:scale": null, "incline": null, "tracktype": null, "wheelchair": null, "motor_vehicle": null, "horse": null, "foot": null, "bicycle": null, "lit": null, "junction": null, "old_ref": null, "oneway": null, "layer": null, "bridge": null, "int_name": null, "width": null, "name:uk": null, "name:ru": null, "name:en": null, "smoothness": null, "addr:city": null, "name:etymology:wikidata": "Q1394", "cutting": null, "surface": "unpaved", "ref_1": null, "ref": null, "name": "улица Ленина", "maxspeed": "20", "lanes": null }, "geometry": { "type": "LineString", "coordinates": [ [ 538342.940375976497307, 5561362.979595612734556 ], [ 538338.613025301019661, 5561433.656291834078729 ], [ 538298.854854013770819, 5561742.988050634972751 ], [ 538282.877563515328802, 5561863.884898133575916 ], [ 538277.550602727103978, 5561886.185338443145156 ], [ 538271.611812271992676, 5561901.287166868336499 ], [ 538262.627331478055567, 5561912.230702258646488 ], [ 538244.934680881211534, 5561930.43930053152144 ], [ 538194.981984199024737, 5561976.259116914123297 ], [ 538182.909457007539459, 5561985.00122603494674 ], [ 538170.955097846221179, 5561990.208258363418281 ], [ 538158.329030506080016, 5561990.573585155420005 ], [ 538098.402757699484937, 5561981.437699439935386 ], [ 538044.328972149058245, 5561972.133067620918155 ], [ 537983.786235838779248, 5561967.330612325109541 ], [ 537951.986980066983961, 5561965.535868238657713 ], [ 537937.329611239605583, 5561964.552910570055246 ], [ 537930.405871000722982, 5561964.814889003522694 ], [ 537921.709670006996021, 5561970.468241575174034 ], [ 537905.694905451498926, 5561972.711423822678626 ], [ 537896.126096236752346, 5561972.643261775374413 ], [ 537881.970128974528052, 5561971.397163621149957 ], [ 537867.807191759464331, 5561971.129555218853056 ], [ 537851.186874862178229, 5561968.220338815823197 ], [ 537838.016867316677235, 5561958.775302338413894 ], [ 537826.110612956690602, 5561953.242169990204275 ], [ 537798.486980923102237, 5561948.264544425532222 ] ] } },
{ "type": "Feature", "properties": { "full_id": "w142673632", "osm_id": "142673632", "osm_type": "way", "highway": "tertiary", "service": null, "embankment": null, "footway": null, "sport": null, "description": null, "sac_scale": null, "mtb:scale:uphill": null, "mtb:scale": null, "incline": null, "tracktype": null, "wheelchair": null, "motor_vehicle": null, "horse": null, "foot": null, "bicycle": null, "lit": null, "junction": null, "old_ref": null, "oneway": null, "layer": null, "bridge": null, "int_name": null, "width": null, "name:uk": null, "name:ru": null, "name:en": null, "smoothness": null, "addr:city": null, "name:etymology:wikidata": null, "cutting": null, "surface": "asphalt", "ref_1": null, "ref": "20Н-5-27", "name": "улица Большевик", "maxspeed": null, "lanes": null }, "geometry": { "type": "LineString", "coordinates": [ [ 534254.912543059559539, 5560485.007981667295098 ], [ 534341.797193636535667, 5560432.573568969964981 ], [ 534356.007066796533763, 5560423.992263831198215 ], [ 534381.375366394291632, 5560407.399376021698117 ], [ 534400.904249466140755, 5560399.753203203901649 ], [ 534417.399380503222346, 5560395.445492594502866 ], [ 534439.561006664880551, 5560392.408723723143339 ], [ 534548.648393058800139, 5560392.759773769415915 ], [ 534627.204387497156858, 5560394.56001693289727 ] ] } },
{ "type": "Feature", "properties": { "full_id": "w142681960", "osm_id": "142681960", "osm_type": "way", "highway": "service", "service": null, "embankment": null, "footway": null, "sport": null, "description": null, "sac_scale": null, "mtb:scale:uphill": null, "mtb:scale": null, "incline": null, "tracktype": null, "wheelchair": null, "motor_vehicle": null, "horse": null, "foot": null, "bicycle": null, "lit": null, "junction": null, "old_ref": null, "oneway": null, "layer": null, "bridge": null, "int_name": null, "width": null, "name:uk": null, "name:ru": null, "name:en": null, "smoothness": "good", "addr:city": null, "name:etymology:wikidata": null, "cutting": null, "surface": "asphalt", "ref_1": null, "ref": null, "name": null, "maxspeed": null, "lanes": null }, "geometry": { "type": "LineString", "coordinates": [ [ 536426.320942318532616, 5560810.897256633266807 ], [ 536406.069014667416923, 5560813.416205360554159 ], [ 536395.169459996861406, 5560816.644091015681624 ] ] } },
{ "type": "Feature", "properties": { "full_id": "w161143599", "osm_id": "161143599", "osm_type": "way", "highway": "residential", "service": null, "embankment": null, "footway": null, "sport": null, "description": null, "sac_scale": null, "mtb:scale:uphill": null, "mtb:scale": null, "incline": null, "tracktype": null, "wheelchair": null, "motor_vehicle": null, "horse": null, "foot": null, "bicycle": null, "lit": null, "junction": null, "old_ref": null, "oneway": null, "layer": null, "bridge": null, "int_name": null, "width": null, "name:uk": "Жовтнева вулиця", "name:ru": "Октябрьская улица", "name:en": "Oktyabrskaya Street", "smoothness": null, "addr:city": null, "name:etymology:wikidata": "Q42976", "cutting": null, "surface": null, "ref_1": null, "ref": null, "name": "Октябрьская улица", "maxspeed": "20", "lanes": null }, "geometry": { "type": "LineString", "coordinates": [ [ 537753.377952949493192, 5560920.540950241498649 ], [ 537722.613065849989653, 5560894.770631738007069 ], [ 537710.41845155833289, 5560878.205394588410854 ] ] } },
{ "type": "Feature", "properties": { "full_id": "w163405289", "osm_id": "163405289", "osm_type": "way", "highway": "residential", "service": null, "embankment": null, "footway": null, "sport": null, "description": null, "sac_scale": null, "mtb:scale:uphill": null, "mtb:scale": null, "incline": null, "tracktype": null, "wheelchair": null, "motor_vehicle": null, "horse": null, "foot": null, "bicycle": null, "lit": null, "junction": null, "old_ref": null, "oneway": null, "layer": null, "bridge": null, "int_name": null, "width": null, "name:uk": null, "name:ru": null, "name:en": null, "smoothness": null, "addr:city": "Россошь", "name:etymology:wikidata": null, "cutting": null, "surface": "unpaved", "ref_1": null, "ref": null, "name": "Слободская улица", "maxspeed": "20", "lanes": null }, "geometry": { "type": "LineString", "coordinates": [ [ 535512.319107251241803, 5560737.315652959048748 ], [ 535474.946481340681203, 5560737.388899503275752 ], [ 535372.554572195396759, 5560735.840161928907037 ], [ 535322.060399450012483, 5560737.406232161447406 ], [ 535307.756394648691639, 5560732.085280168801546 ], [ 535298.324521592701785, 5560736.870717598125339 ], [ 535281.851368714706041, 5560737.906782598234713 ], [ 535243.500544053385966, 5560733.727616 ], [ 535204.116916909231804, 5560734.612273652106524 ], [ 535151.424889424350113, 5560735.031262661330402 ], [ 535105.470069092349149, 5560733.382546124048531 ], [ 535014.086127958376892, 5560729.367011317051947 ], [ 534984.717734357458539, 5560723.547563314437866 ], [ 534971.371881755068898, 5560732.032800124026835 ], [ 534844.600406051264144, 5560735.582380726933479 ], [ 534822.598039587726817, 5560735.182648146525025 ], [ 534814.638350682333112, 5560725.568032397888601 ] ] } },
{ "type": "Feature", "properties": { "full_id": "w163405343", "osm_id": "163405343", "osm_type": "way", "highway": "residential", "service": null, "embankment": null, "footway": null, "sport": null, "description": null, "sac_scale": null, "mtb:scale:uphill": null, "mtb:scale": null, "incline": null, "tracktype": null, "wheelchair": null, "motor_vehicle": null, "horse": null, "foot": null, "bicycle": null, "lit": null, "junction": null, "old_ref": null, "oneway": null, "layer": null, "bridge": null, "int_name": null, "width": null, "name:uk": null, "name:ru": null, "name:en": null, "smoothness": null, "addr:city": "Россошь", "name:etymology:wikidata": null, "cutting": null, "surface": "unpaved", "ref_1": null, "ref": null, "name": "улица Авиаторов", "maxspeed": "20", "lanes": null }, "geometry": { "type": "LineString", "coordinates": [ [ 535644.017108227242716, 5560420.240761298686266 ], [ 535642.20684588921722, 5560426.221918934956193 ], [ 535639.47510266082827, 5560439.769120744429529 ], [ 535638.898446780745871, 5560457.66726169642061 ], [ 535637.837027850211598, 5560466.94473429210484 ], [ 535634.046095924335532, 5560485.177174500189722 ], [ 535631.336017303983681, 5560523.220248489640653 ], [ 535630.576871044933796, 5560551.324648848734796 ], [ 535629.653225999441929, 5560575.213750709779561 ], [ 535628.472247398109175, 5560602.359073732979596 ], [ 535629.789593613822944, 5560616.6894960263744 ], [ 535626.681030313484371, 5560630.034038049168885 ], [ 535626.380339701543562, 5560657.89688809402287 ], [ 535624.212607812602073, 5560717.303702634759247 ], [ 535623.688779670163058, 5560750.780289612710476 ], [ 535623.397111628786661, 5560799.691966838203371 ], [ 535618.258881066576578, 5560829.44608192704618 ], [ 535608.088113181991503, 5560839.040668191388249 ], [ 535585.607864015968516, 5560839.724266936071217 ], [ 535529.095942618674599, 5560840.492023420520127 ], [ 535456.878888752078637, 5560840.622010536491871 ], [ 535317.098219307488762, 5560839.837231361307204 ], [ 535304.308229627436958, 5560833.347689987160265 ], [ 535287.405208902433515, 5560818.524827104993165 ] ] } },
{ "type": "Feature", "properties": { "full_id": "w163405642", "osm_id": "163405642", "osm_type": "way", "highway": "residential", "service": null, "embankment": null, "footway": null, "sport": null, "description": null, "sac_scale": null, "mtb:scale:uphill": null, "mtb:scale": null, "incline": null, "tracktype": null, "wheelchair": null, "motor_vehicle": null, "horse": null, "foot": null, "bicycle": null, "lit": null, "junction": null, "old_ref": null, "oneway": null, "layer": null, "bridge": null, "int_name": null, "width": null, "name:uk": null, "name:ru": null, "name:en": null, "smoothness": null, "addr:city": "Россошь", "name:etymology:wikidata": null, "cutting": null, "surface": "unpaved", "ref_1": null, "ref": null, "name": "Ковыльная улица", "maxspeed": "20", "lanes": null }, "geometry": { "type": "LineString", "coordinates": [ [ 534814.638350682333112, 5560725.568032397888601 ], [ 534816.873780556139536, 5560703.533198961056769 ], [ 534820.518810304463841, 5560626.411752943880856 ], [ 534824.257006693514995, 5560603.797436281107366 ], [ 534822.549332739552483, 5560566.970464058220387 ], [ 534822.148830924532376, 5560540.904349058866501 ], [ 534828.596996850566939, 5560526.302498389966786 ], [ 534841.489327488699928, 5560520.627102019265294 ] ] } },
{ "type": "Feature", "properties": { "full_id": "w163690784", "osm_id": "163690784", "osm_type": "way", "highway": "primary", "service": null, "embankment": null, "footway": null, "sport": null, "description": null, "sac_scale": null, "mtb:scale:uphill": null, "mtb:scale": null, "incline": null, "tracktype": null, "wheelchair": null, "motor_vehicle": null, "horse": null, "foot": null, "bicycle": null, "lit": null, "junction": null, "old_ref": null, "oneway": null, "layer": "1", "bridge": null, "int_name": null, "width": null, "name:uk": null, "name:ru": null, "name:en": null, "smoothness": null, "addr:city": null, "name:etymology:wikidata": null, "cutting": null, "surface": "asphalt", "ref_1": null, "ref": null, "name": null, "maxspeed": "60", "lanes": "2" }, "geometry": { "type": "LineString", "coordinates": [ [ 536500.543464852380566, 5562497.313593392260373 ], [ 536549.346855289652012, 5562492.322521700523794 ], [ 536615.136922305915505, 5562485.602979792281985 ] ] } },
{ "type": "Feature", "properties": { "full_id": "w164592123", "osm_id": "164592123", "osm_type": "way", "highway": "track", "service": null, "embankment": null, "footway": null, "sport": null, "description": null, "sac_scale": null, "mtb:scale:uphill": null, "mtb:scale": null, "incline": null, "tracktype": null, "wheelchair": null, "motor_vehicle": null, "horse": null, "foot": null, "bicycle": null, "lit": null, "junction": null, "old_ref": null, "oneway": null, "layer": null, "bridge": null, "int_name": null, "width": null, "name:uk": null, "name:ru": null, "name:en": null, "smoothness": null, "addr:city": null, "name:etymology:wikidata": null, "cutting": null, "surface": null, "ref_1": null, "ref": null, "name": null, "maxspeed": null, "lanes": null }, "geometry": { "type": "LineString", "coordinates": [ [ 534797.677774457610212, 5561292.394113461486995 ], [ 534731.198430203949101, 5561285.877610322088003 ], [ 534693.858900034450926, 5561282.57626267336309 ], [ 534674.132310865446925, 5561266.224715730175376 ], [ 534640.150137878372334, 5561252.560246285051107 ], [ 534617.387819586787373, 5561214.617818549275398 ], [ 534595.937617941410281, 5561162.518106433562934 ], [ 534589.212879093480296, 5561107.87891186773777 ], [ 534566.791685007628985, 5561064.512747023254633 ], [ 534539.840901869465597, 5561020.705874098464847 ], [ 534529.077403955510817, 5561003.212184456177056 ], [ 534517.233213150175288, 5560983.965788501314819 ], [ 534476.604398956871592, 5560937.201798678375781 ], [ 534445.220505838282406, 5560912.058150483295321 ], [ 534422.067744710133411, 5560839.132970694452524 ], [ 534394.169750166242011, 5560801.269540314562619 ], [ 534379.958454102743417, 5560749.43994019459933 ], [ 534361.078294097562321, 5560702.128008855506778 ], [ 534353.119489427423105, 5560648.003822364844382 ], [ 534324.770181458792649, 5560585.809000123292208 ], [ 534309.284195869928226, 5560558.789514190517366 ], [ 534296.18911411636509, 5560540.647503240033984 ], [ 534288.806683177012019, 5560527.657164871692657 ], [ 534282.361447614734061, 5560511.003528735600412 ], [ 534285.685740059823729, 5560494.679677935317159 ], [ 534300.557582912268117, 5560474.160442519001663 ], [ 534317.991249987157062, 5560460.407132863998413 ], [ 534356.007066796533763, 5560423.992263831198215 ] ] } },
{ "type": "Feature", "properties": { "full_id": "w165209389", "osm_id": "165209389", "osm_type": "way", "highway": "service", "service": null, "embankment": null, "footway": null, "sport": null, "description": null, "sac_scale": null, "mtb:scale:uphill": null, "mtb:scale": null, "incline": null, "tracktype": null, "wheelchair": null, "motor_vehicle": null, "horse": null, "foot": null, "bicycle": null, "lit": null, "junction": null, "old_ref": null, "oneway": null, "layer": null, "bridge": null, "int_name": null, "width": null, "name:uk": null, "name:ru": null, "name:en": null, "smoothness": null, "addr:city": null, "name:etymology:wikidata": null, "cutting": null, "surface": "asphalt", "ref_1": null, "ref": null, "name": "Ростовское шоссе", "maxspeed": "20", "lanes": null }, "geometry": { "type": "LineString", "coordinates": [ [ 536422.470009624958038, 5561153.544989040121436 ], [ 536377.926753552514128, 5561150.593944422900677 ], [ 536223.413358039106242, 5561149.15086220856756 ] ] } },
{ "type": "Feature", "properties": { "full_id": "w166278574", "osm_id": "166278574", "osm_type": "way", "highway": "residential", "service": null, "embankment": null, "footway": null, "sport": null, "description": null, "sac_scale": null, "mtb:scale:uphill": null, "mtb:scale": null, "incline": null, "tracktype": null, "wheelchair": null, "motor_vehicle": null, "horse": null, "foot": null, "bicycle": null, "lit": null, "junction": null, "old_ref": null, "oneway": null, "layer": null, "bridge": null, "int_name": null, "width": null, "name:uk": null, "name:ru": null, "name:en": null, "smoothness": null, "addr:city": null, "name:etymology:wikidata": null, "cutting": null, "surface": "unpaved", "ref_1": null, "ref": null, "name": "улица Курчатова", "maxspeed": "20", "lanes": null }, "geometry": { "type": "LineString", "coordinates": [ [ 536651.582786130253226, 5561880.818926706910133 ], [ 536625.853697513812222, 5561796.346317263320088 ], [ 536580.073905885335989, 5561659.530863053165376 ] ] } },
{ "type": "Feature", "properties": { "full_id": "w166365537", "osm_id": "166365537", "osm_type": "way", "highway": "residential", "service": null, "embankment": null, "footway": null, "sport": null, "description": null, "sac_scale": null, "mtb:scale:uphill": null, "mtb:scale": null, "incline": null, "tracktype": null, "wheelchair": null, "motor_vehicle": null, "horse": null, "foot": null, "bicycle": null, "lit": null, "junction": null, "old_ref": null, "oneway": null, "layer": null, "bridge": null, "int_name": null, "width": null, "name:uk": null, "name:ru": null, "name:en": null, "smoothness": null, "addr:city": null, "name:etymology:wikidata": null, "cutting": null, "surface": null, "ref_1": null, "ref": null, "name": "улица Мордовцева", "maxspeed": null, "lanes": null }, "geometry": { "type": "LineString", "coordinates": [ [ 537939.935680966475047, 5562020.390573536045849 ], [ 537941.660172070143744, 5562027.730515451170504 ], [ 537944.100188951240852, 5562035.798317951150239 ], [ 537945.05467112059705, 5562043.043815189041197 ] ] } },
{ "type": "Feature", "properties": { "full_id": "w166367317", "osm_id": "166367317", "osm_type": "way", "highway": "residential", "service": null, "embankment": null, "footway": null, "sport": null, "description": null, "sac_scale": null, "mtb:scale:uphill": null, "mtb:scale": null, "incline": null, "tracktype": null, "wheelchair": null, "motor_vehicle": null, "horse": null, "foot": null, "bicycle": null, "lit": null, "junction": null, "old_ref": null, "oneway": null, "layer": null, "bridge": null, "int_name": null, "width": null, "name:uk": null, "name:ru": null, "name:en": null, "smoothness": null, "addr:city": null, "name:etymology:wikidata": "Q1394", "cutting": null, "surface": "unpaved", "ref_1": null, "ref": null, "name": "улица Ленина", "maxspeed": "20", "lanes": null }, "geometry": { "type": "LineString", "coordinates": [ [ 537798.486980923102237, 5561948.264544425532222 ], [ 537783.113029220490716, 5561946.687597190029919 ], [ 537758.24740634940099, 5561944.220497871749103 ], [ 537731.488339803414419, 5561939.07144761364907 ], [ 537707.782369968364947, 5561935.078340771608055 ], [ 537691.571897666784935, 5561931.705518119037151 ], [ 537571.588100653956644, 5561909.374373045749962 ], [ 537471.77759503305424, 5561889.990048498846591 ], [ 537366.4946685686009, 5561869.357165232300758 ], [ 537316.574777630507015, 5561858.610262568108737 ], [ 537281.153828732785769, 5561850.100308712571859 ], [ 537261.383535656961612, 5561845.480737124569714 ], [ 537194.527826789650135, 5561833.915895828045905 ], [ 537178.688921077060513, 5561827.322639080695808 ], [ 537161.043701600166969, 5561819.827269154600799 ] ] } },
{ "type": "Feature", "properties": { "full_id": "w166456101", "osm_id": "166456101", "osm_type": "way", "highway": "residential", "service": null, "embankment": null, "footway": null, "sport": null, "description": null, "sac_scale": null, "mtb:scale:uphill": null, "mtb:scale": null, "incline": null, "tracktype": null, "wheelchair": null, "motor_vehicle": null, "horse": null, "foot": null, "bicycle": null, "lit": null, "junction": null, "old_ref": null, "oneway": null, "layer": null, "bridge": null, "int_name": null, "width": null, "name:uk": null, "name:ru": null, "name:en": null, "smoothness": null, "addr:city": null, "name:etymology:wikidata": null, "cutting": null, "surface": "unpaved", "ref_1": null, "ref": null, "name": "Цветочный переулок", "maxspeed": "20", "lanes": null }, "geometry": { "type": "LineString", "coordinates": [ [ 537978.249823960242793, 5560505.032940726727247 ], [ 537981.844024355290458, 5560516.500358967110515 ], [ 537985.888306904700585, 5560539.913135493174195 ], [ 537994.480071764905006, 5560623.224768711254001 ] ] } },
{ "type": "Feature", "properties": { "full_id": "w166457852", "osm_id": "166457852", "osm_type": "way", "highway": "residential", "service": null, "embankment": null, "footway": null, "sport": null, "description": null, "sac_scale": null, "mtb:scale:uphill": null, "mtb:scale": null, "incline": null, "tracktype": null, "wheelchair": null, "motor_vehicle": null, "horse": null, "foot": null, "bicycle": null, "lit": null, "junction": null, "old_ref": null, "oneway": null, "layer": null, "bridge": null, "int_name": null, "width": null, "name:uk": null, "name:ru": null, "name:en": null, "smoothness": null, "addr:city": null, "name:etymology:wikidata": null, "cutting": null, "surface": "unpaved", "ref_1": null, "ref": null, "name": "переулок Никитина", "maxspeed": "20", "lanes": null }, "geometry": { "type": "LineString", "coordinates": [ [ 537939.675921989604831, 5560843.596780236810446 ], [ 537930.834850082872435, 5560796.209950210526586 ], [ 537919.618093639845029, 5560756.656452660448849 ] ] } },
{ "type": "Feature", "properties": { "full_id": "w166458458", "osm_id": "166458458", "osm_type": "way", "highway": "residential", "service": null, "embankment": null, "footway": null, "sport": null, "description": null, "sac_scale": null, "mtb:scale:uphill": null, "mtb:scale": null, "incline": null, "tracktype": null, "wheelchair": null, "motor_vehicle": null, "horse": null, "foot": null, "bicycle": null, "lit": null, "junction": null, "old_ref": null, "oneway": null, "layer": null, "bridge": null, "int_name": null, "width": null, "name:uk": null, "name:ru": null, "name:en": null, "smoothness": null, "addr:city": null, "name:etymology:wikidata": null, "cutting": null, "surface": "sand", "ref_1": null, "ref": null, "name": "Больничный переулок", "maxspeed": "20", "lanes": null }, "geometry": { "type": "LineString", "coordinates": [ [ 537191.668549113092013, 5560839.963145789690316 ], [ 537208.629611452692188, 5560863.087521835230291 ], [ 537233.149248440517113, 5560895.360413602553308 ], [ 537275.465142735745758, 5560946.538533424027264 ] ] } },
{ "type": "Feature", "properties": { "full_id": "w166458530", "osm_id": "166458530", "osm_type": "way", "highway": "residential", "service": null, "embankment": null, "footway": null, "sport": null, "description": null, "sac_scale": null, "mtb:scale:uphill": null, "mtb:scale": null, "incline": null, "tracktype": null, "wheelchair": null, "motor_vehicle": null, "horse": null, "foot": null, "bicycle": null, "lit": null, "junction": null, "old_ref": null, "oneway": null, "layer": null, "bridge": null, "int_name": null, "width": null, "name:uk": null, "name:ru": null, "name:en": null, "smoothness": null, "addr:city": null, "name:etymology:wikidata": null, "cutting": null, "surface": "sand", "ref_1": null, "ref": null, "name": "улица Фоломеева", "maxspeed": "20", "lanes": null }, "geometry": { "type": "LineString", "coordinates": [ [ 537233.149248440517113, 5560895.360413602553308 ], [ 537196.009683532873169, 5560915.315624694339931 ], [ 537154.606786544318311, 5560928.491913625970483 ], [ 537075.533107014722191, 5560958.107163740321994 ] ] } },
{ "type": "Feature", "properties": { "full_id": "w166458735", "osm_id": "166458735", "osm_type": "way", "highway": "residential", "service": null, "embankment": null, "footway": null, "sport": null, "description": null, "sac_scale": null, "mtb:scale:uphill": null, "mtb:scale": null, "incline": null, "tracktype": null, "wheelchair": null, "motor_vehicle": null, "horse": null, "foot": null, "bicycle": null, "lit": null, "junction": null, "old_ref": null, "oneway": null, "layer": null, "bridge": null, "int_name": null, "width": null, "name:uk": null, "name:ru": null, "name:en": null, "smoothness": null, "addr:city": null, "name:etymology:wikidata": null, "cutting": null, "surface": "unpaved", "ref_1": null, "ref": null, "name": "улица Гайдара", "maxspeed": "20", "lanes": null }, "geometry": { "type": "LineString", "coordinates": [ [ 537367.867584257037379, 5561056.922920292243361 ], [ 537349.797329646418802, 5561066.948005419224501 ], [ 537318.942816971684806, 5561082.309714913368225 ] ] } },
{ "type": "Feature", "properties": { "full_id": "w166465060", "osm_id": "166465060", "osm_type": "way", "highway": "residential", "service": null, "embankment": null, "footway": null, "sport": null, "description": null, "sac_scale": null, "mtb:scale:uphill": null, "mtb:scale": null, "incline": null, "tracktype": null, "wheelchair": null, "motor_vehicle": null, "horse": null, "foot": null, "bicycle": null, "lit": null, "junction": null, "old_ref": null, "oneway": null, "layer": null, "bridge": null, "int_name": null, "width": null, "name:uk": null, "name:ru": null, "name:en": null, "smoothness": null, "addr:city": null, "name:etymology:wikidata": "Q1990730", "cutting": null, "surface": "unpaved", "ref_1": null, "ref": null, "name": "улица Щорса", "maxspeed": "20", "lanes": null }, "geometry": { "type": "LineString", "coordinates": [ [ 537564.79043036850635, 5561966.568679559975863 ], [ 537565.782687964732759, 5561954.388900755904615 ], [ 537567.126222959137522, 5561934.906203700229526 ], [ 537570.008990890113637, 5561919.770913817919791 ], [ 537571.588100653956644, 5561909.374373045749962 ], [ 537573.430118186981417, 5561901.159077674150467 ], [ 537592.62697225867305, 5561801.031696814112365 ], [ 537597.676584302796982, 5561768.098571632988751 ], [ 537600.00027445028536, 5561757.37372197303921 ], [ 537598.245298921363428, 5561753.258289731107652 ], [ 537593.307666945853271, 5561747.107773600146174 ], [ 537579.549802889232524, 5561743.963896391913295 ], [ 537575.505050822161138, 5561739.70998849067837 ], [ 537574.847591705620289, 5561732.766886880621314 ], [ 537573.273688972229138, 5561706.036035420373082 ] ] } },
{ "type": "Feature", "properties": { "full_id": "w166465061", "osm_id": "166465061", "osm_type": "way", "highway": "residential", "service": null, "embankment": null, "footway": null, "sport": null, "description": null, "sac_scale": null, "mtb:scale:uphill": null, "mtb:scale": null, "incline": null, "tracktype": null, "wheelchair": null, "motor_vehicle": null, "horse": null, "foot": null, "bicycle": null, "lit": null, "junction": null, "old_ref": null, "oneway": null, "layer": null, "bridge": null, "int_name": null, "width": null, "name:uk": null, "name:ru": null, "name:en": null, "smoothness": null, "addr:city": null, "name:etymology:wikidata": null, "cutting": null, "surface": null, "ref_1": null, "ref": null, "name": "улица Молодогвардейцев", "maxspeed": null, "lanes": null }, "geometry": { "type": "LineString", "coordinates": [ [ 538012.729861202184111, 5561682.615409004501998 ], [ 538005.215886164805852, 5561769.459345460869372 ], [ 538004.618197989766486, 5561778.205994385294616 ] ] } },
{ "type": "Feature", "properties": { "full_id": "w166467743", "osm_id": "166467743", "osm_type": "way", "highway": "residential", "service": null, "embankment": null, "footway": null, "sport": null, "description": null, "sac_scale": null, "mtb:scale:uphill": null, "mtb:scale": null, "incline": null, "tracktype": null, "wheelchair": null, "motor_vehicle": null, "horse": null, "foot": null, "bicycle": null, "lit": null, "junction": null, "old_ref": null, "oneway": null, "layer": null, "bridge": null, "int_name": null, "width": null, "name:uk": null, "name:ru": null, "name:en": null, "smoothness": null, "addr:city": null, "name:etymology:wikidata": null, "cutting": null, "surface": "unpaved", "ref_1": null, "ref": null, "name": "улица 3 Интернационала", "maxspeed": "20", "lanes": null }, "geometry": { "type": "LineString", "coordinates": [ [ 537735.471779362065718, 5561711.442520493641496 ], [ 537691.571897666784935, 5561931.705518119037151 ], [ 537684.887317487504333, 5561964.693703443743289 ], [ 537677.693702795542777, 5561988.960736704990268 ] ] } },
{ "type": "Feature", "properties": { "full_id": "w166568625", "osm_id": "166568625", "osm_type": "way", "highway": "service", "service": null, "embankment": null, "footway": null, "sport": null, "description": null, "sac_scale": null, "mtb:scale:uphill": null, "mtb:scale": null, "incline": null, "tracktype": null, "wheelchair": null, "motor_vehicle": null, "horse": null, "foot": null, "bicycle": null, "lit": null, "junction": null, "old_ref": null, "oneway": null, "layer": null, "bridge": null, "int_name": null, "width": null, "name:uk": null, "name:ru": null, "name:en": null, "smoothness": null, "addr:city": null, "name:etymology:wikidata": null, "cutting": null, "surface": "unpaved", "ref_1": null, "ref": null, "name": null, "maxspeed": null, "lanes": null }, "geometry": { "type": "LineString", "coordinates": [ [ 536756.439511080738157, 5561845.715842327103019 ], [ 536740.237857895088382, 5561844.047243342734873 ], [ 536725.485330208670348, 5561810.253901919350028 ], [ 536715.284970036358573, 5561781.706967737525702 ] ] } },
{ "type": "Feature", "properties": { "full_id": "w166574718", "osm_id": "166574718", "osm_type": "way", "highway": "residential", "service": null, "embankment": null, "footway": null, "sport": null, "description": null, "sac_scale": null, "mtb:scale:uphill": null, "mtb:scale": null, "incline": null, "tracktype": null, "wheelchair": null, "motor_vehicle": null, "horse": null, "foot": null, "bicycle": null, "lit": null, "junction": null, "old_ref": null, "oneway": "no", "layer": null, "bridge": null, "int_name": null, "width": null, "name:uk": null, "name:ru": null, "name:en": null, "smoothness": null, "addr:city": null, "name:etymology:wikidata": null, "cutting": null, "surface": "unpaved", "ref_1": null, "ref": null, "name": "улица Курчатова", "maxspeed": "20", "lanes": null }, "geometry": { "type": "LineString", "coordinates": [ [ 536877.804119616514072, 5561791.993159931153059 ], [ 536883.399662714684382, 5561789.819201253354549 ], [ 536895.077386402990669, 5561785.274528118781745 ], [ 536907.6053695557639, 5561778.5230353763327 ], [ 536945.576249067322351, 5561763.20839252974838 ], [ 536972.984913123189472, 5561792.175547835417092 ], [ 536981.079377404064871, 5561800.093152116052806 ] ] } },
{ "type": "Feature", "properties": { "full_id": "w167776398", "osm_id": "167776398", "osm_type": "way", "highway": "service", "service": null, "embankment": null, "footway": null, "sport": null, "description": null, "sac_scale": null, "mtb:scale:uphill": null, "mtb:scale": null, "incline": null, "tracktype": null, "wheelchair": null, "motor_vehicle": null, "horse": null, "foot": null, "bicycle": null, "lit": null, "junction": null, "old_ref": null, "oneway": null, "layer": null, "bridge": null, "int_name": null, "width": null, "name:uk": null, "name:ru": null, "name:en": null, "smoothness": null, "addr:city": null, "name:etymology:wikidata": null, "cutting": null, "surface": "unpaved", "ref_1": null, "ref": null, "name": null, "maxspeed": "20", "lanes": null }, "geometry": { "type": "LineString", "coordinates": [ [ 537904.022855896037072, 5562505.849730430170894 ], [ 537904.320040468126535, 5562501.192841613665223 ], [ 537907.331150440615602, 5562454.123865119181573 ], [ 537908.945444117998704, 5562428.849975848570466 ], [ 537911.952185668167658, 5562425.457763331010938 ], [ 537923.070526928524487, 5562423.246424119919538 ] ] } },
{ "type": "Feature", "properties": { "full_id": "w167776399", "osm_id": "167776399", "osm_type": "way", "highway": "service", "service": null, "embankment": null, "footway": null, "sport": null, "description": null, "sac_scale": null, "mtb:scale:uphill": null, "mtb:scale": null, "incline": null, "tracktype": null, "wheelchair": null, "motor_vehicle": null, "horse": null, "foot": null, "bicycle": null, "lit": null, "junction": null, "old_ref": null, "oneway": null, "layer": null, "bridge": null, "int_name": null, "width": null, "name:uk": null, "name:ru": null, "name:en": null, "smoothness": null, "addr:city": null, "name:etymology:wikidata": null, "cutting": null, "surface": "unpaved", "ref_1": null, "ref": null, "name": null, "maxspeed": "20", "lanes": null }, "geometry": { "type": "LineString", "coordinates": [ [ 537659.041357865091413, 5562323.520654893480241 ], [ 537658.786266150535084, 5562336.372803468257189 ], [ 537667.561484925216064, 5562344.629879725165665 ] ] } },
{ "type": "Feature", "properties": { "full_id": "w167776400", "osm_id": "167776400", "osm_type": "way", "highway": "residential", "service": null, "embankment": null, "footway": null, "sport": null, "description": null, "sac_scale": null, "mtb:scale:uphill": null, "mtb:scale": null, "incline": null, "tracktype": null, "wheelchair": null, "motor_vehicle": null, "horse": null, "foot": null, "bicycle": null, "lit": null, "junction": null, "old_ref": null, "oneway": null, "layer": null, "bridge": null, "int_name": null, "width": null, "name:uk": null, "name:ru": null, "name:en": null, "smoothness": null, "addr:city": null, "name:etymology:wikidata": null, "cutting": null, "surface": null, "ref_1": null, "ref": null, "name": null, "maxspeed": null, "lanes": null }, "geometry": { "type": "LineString", "coordinates": [ [ 537869.353659362415783, 5562319.287086507305503 ], [ 537867.582803259720095, 5562230.241911062039435 ], [ 537866.148162887780927, 5562219.268029753118753 ], [ 537862.746320589911193, 5562207.979926509782672 ], [ 537852.454317626776174, 5562196.286980642005801 ], [ 537843.274124870309606, 5562194.809517554938793 ] ] } },
{ "type": "Feature", "properties": { "full_id": "w167776402", "osm_id": "167776402", "osm_type": "way", "highway": "service", "service": null, "embankment": null, "footway": null, "sport": null, "description": null, "sac_scale": null, "mtb:scale:uphill": null, "mtb:scale": null, "incline": null, "tracktype": null, "wheelchair": null, "motor_vehicle": null, "horse": null, "foot": null, "bicycle": null, "lit": null, "junction": null, "old_ref": null, "oneway": null, "layer": null, "bridge": null, "int_name": null, "width": null, "name:uk": null, "name:ru": null, "name:en": null, "smoothness": null, "addr:city": null, "name:etymology:wikidata": null, "cutting": null, "surface": "unpaved", "ref_1": null, "ref": null, "name": null, "maxspeed": "20", "lanes": null }, "geometry": { "type": "LineString", "coordinates": [ [ 537519.920636644819751, 5562265.940273719839752 ], [ 537502.255825235624798, 5562271.620015158317983 ], [ 537466.418421423179097, 5562269.988717117346823 ], [ 537452.185488251736388, 5562277.749870011582971 ], [ 537452.625619983999059, 5562299.357830038294196 ], [ 537465.132632519933395, 5562313.756472870707512 ] ] } },
{ "type": "Feature", "properties": { "full_id": "w167776405", "osm_id": "167776405", "osm_type": "way", "highway": "service", "service": null, "embankment": null, "footway": null, "sport": null, "description": null, "sac_scale": null, "mtb:scale:uphill": null, "mtb:scale": null, "incline": null, "tracktype": null, "wheelchair": null, "motor_vehicle": null, "horse": null, "foot": null, "bicycle": null, "lit": null, "junction": null, "old_ref": null, "oneway": null, "layer": null, "bridge": null, "int_name": null, "width": null, "name:uk": null, "name:ru": null, "name:en": null, "smoothness": null, "addr:city": null, "name:etymology:wikidata": null, "cutting": null, "surface": "unpaved", "ref_1": null, "ref": null, "name": null, "maxspeed": "20", "lanes": null }, "geometry": { "type": "LineString", "coordinates": [ [ 537904.320040468126535, 5562501.192841613665223 ], [ 537970.206971590057947, 5562503.163819131441414 ], [ 537983.808905209298246, 5562500.859142180532217 ], [ 538024.172866335487925, 5562499.868774400092661 ], [ 538024.212841735803522, 5562494.276027231477201 ] ] } },
{ "type": "Feature", "properties": { "full_id": "w167776406", "osm_id": "167776406", "osm_type": "way", "highway": "service", "service": null, "embankment": null, "footway": null, "sport": null, "description": null, "sac_scale": null, "mtb:scale:uphill": null, "mtb:scale": null, "incline": null, "tracktype": null, "wheelchair": null, "motor_vehicle": null, "horse": null, "foot": null, "bicycle": null, "lit": null, "junction": null, "old_ref": null, "oneway": null, "layer": null, "bridge": null, "int_name": null, "width": null, "name:uk": null, "name:ru": null, "name:en": null, "smoothness": null, "addr:city": null, "name:etymology:wikidata": null, "cutting": null, "surface": "unpaved", "ref_1": null, "ref": null, "name": null, "maxspeed": "20", "lanes": null }, "geometry": { "type": "LineString", "coordinates": [ [ 537658.786266150535084, 5562336.372803468257189 ], [ 537637.047055386938155, 5562340.055134479887784 ], [ 537623.848738049389794, 5562346.800170353613794 ], [ 537621.508135635056533, 5562353.888874195516109 ], [ 537624.694429102470167, 5562366.454020144417882 ], [ 537637.631237209658138, 5562365.400237493216991 ] ] } },
{ "type": "Feature", "properties": { "full_id": "w168009725", "osm_id": "168009725", "osm_type": "way", "highway": "residential", "service": null, "embankment": null, "footway": null, "sport": null, "description": null, "sac_scale": null, "mtb:scale:uphill": null, "mtb:scale": null, "incline": null, "tracktype": null, "wheelchair": null, "motor_vehicle": null, "horse": null, "foot": null, "bicycle": null, "lit": null, "junction": null, "old_ref": null, "oneway": null, "layer": null, "bridge": null, "int_name": null, "width": null, "name:uk": null, "name:ru": null, "name:en": null, "smoothness": null, "addr:city": null, "name:etymology:wikidata": null, "cutting": null, "surface": "asphalt", "ref_1": null, "ref": null, "name": "улица Свободы", "maxspeed": "20", "lanes": null }, "geometry": { "type": "LineString", "coordinates": [ [ 537971.764568438753486, 5561146.904970485717058 ], [ 537912.436791465152055, 5561161.582050788216293 ], [ 537834.654956229729578, 5561184.023283598013222 ], [ 537820.284031111281365, 5561191.637947645038366 ] ] } },
{ "type": "Feature", "properties": { "full_id": "w168233022", "osm_id": "168233022", "osm_type": "way", "highway": "service", "service": null, "embankment": null, "footway": null, "sport": null, "description": null, "sac_scale": null, "mtb:scale:uphill": null, "mtb:scale": null, "incline": null, "tracktype": null, "wheelchair": null, "motor_vehicle": null, "horse": null, "foot": null, "bicycle": null, "lit": null, "junction": null, "old_ref": null, "oneway": null, "layer": null, "bridge": null, "int_name": null, "width": null, "name:uk": null, "name:ru": null, "name:en": null, "smoothness": null, "addr:city": null, "name:etymology:wikidata": null, "cutting": null, "surface": "unpaved", "ref_1": null, "ref": null, "name": null, "maxspeed": "20", "lanes": null }, "geometry": { "type": "LineString", "coordinates": [ [ 537569.007524421787821, 5562332.413365460932255 ], [ 537564.476553678978235, 5562369.797935045324266 ], [ 537563.060468784999102, 5562384.409863141365349 ], [ 537565.324264434515499, 5562389.196043065749109 ], [ 537570.675202097627334, 5562390.290166889317334 ], [ 537594.047042215359397, 5562387.775515358895063 ], [ 537595.975413892534561, 5562385.498559347353876 ], [ 537595.950327853206545, 5562374.912773309275508 ], [ 537594.639019476715475, 5562371.656660185195506 ], [ 537591.870245610829443, 5562370.68083187378943 ], [ 537564.476553678978235, 5562369.797935045324266 ] ] } },
{ "type": "Feature", "properties": { "full_id": "w168452934", "osm_id": "168452934", "osm_type": "way", "highway": "residential", "service": null, "embankment": null, "footway": null, "sport": null, "description": null, "sac_scale": null, "mtb:scale:uphill": null, "mtb:scale": null, "incline": null, "tracktype": null, "wheelchair": null, "motor_vehicle": null, "horse": null, "foot": null, "bicycle": null, "lit": null, "junction": null, "old_ref": null, "oneway": null, "layer": null, "bridge": null, "int_name": null, "width": null, "name:uk": null, "name:ru": null, "name:en": null, "smoothness": null, "addr:city": null, "name:etymology:wikidata": null, "cutting": null, "surface": null, "ref_1": null, "ref": null, "name": null, "maxspeed": null, "lanes": null }, "geometry": { "type": "LineString", "coordinates": [ [ 537935.265518173575401, 5562073.896893749944866 ], [ 537940.187626021099277, 5562072.119538423605263 ], [ 537944.635313714272343, 5562066.825092621147633 ] ] } },
{ "type": "Feature", "properties": { "full_id": "w169196767", "osm_id": "169196767", "osm_type": "way", "highway": "residential", "service": null, "embankment": null, "footway": null, "sport": null, "description": null, "sac_scale": null, "mtb:scale:uphill": null, "mtb:scale": null, "incline": null, "tracktype": null, "wheelchair": null, "motor_vehicle": null, "horse": null, "foot": null, "bicycle": null, "lit": null, "junction": null, "old_ref": null, "oneway": null, "layer": null, "bridge": null, "int_name": null, "width": null, "name:uk": null, "name:ru": null, "name:en": null, "smoothness": null, "addr:city": null, "name:etymology:wikidata": null, "cutting": null, "surface": "asphalt", "ref_1": null, "ref": null, "name": "улица Большевик", "maxspeed": "20", "lanes": null }, "geometry": { "type": "LineString", "coordinates": [ [ 536426.56209141551517, 5560790.261522115208209 ], [ 536482.674032535636798, 5560792.780732464976609 ], [ 536501.074033330078237, 5560793.885378995910287 ], [ 536535.362844213610515, 5560794.876742796041071 ], [ 536562.254827593569644, 5560792.059194332920015 ], [ 536601.125617743353359, 5560793.093577445484698 ], [ 536648.569466164568439, 5560797.100519546307623 ], [ 536673.266186513355933, 5560794.879977260716259 ], [ 536729.582816508365795, 5560794.612261281348765 ] ] } },
{ "type": "Feature", "properties": { "full_id": "w170250685", "osm_id": "170250685", "osm_type": "way", "highway": "residential", "service": null, "embankment": null, "footway": null, "sport": null, "description": null, "sac_scale": null, "mtb:scale:uphill": null, "mtb:scale": null, "incline": null, "tracktype": null, "wheelchair": null, "motor_vehicle": null, "horse": null, "foot": null, "bicycle": null, "lit": null, "junction": null, "old_ref": null, "oneway": null, "layer": null, "bridge": null, "int_name": null, "width": null, "name:uk": null, "name:ru": null, "name:en": null, "smoothness": null, "addr:city": null, "name:etymology:wikidata": null, "cutting": null, "surface": null, "ref_1": null, "ref": null, "name": null, "maxspeed": null, "lanes": null }, "geometry": { "type": "LineString", "coordinates": [ [ 533437.729290375951678, 5560764.686200025491416 ], [ 533436.773379637743346, 5560781.648110928013921 ], [ 533442.010983661282808, 5560801.161874368786812 ], [ 533441.583384085330181, 5560814.691268412396312 ], [ 533429.543135961634107, 5560835.063864256255329 ], [ 533424.6983248796314, 5560856.426801423542202 ], [ 533425.81642982037738, 5560886.366742992773652 ], [ 533443.413123454898596, 5560929.008272964507341 ], [ 533457.565871526952833, 5560986.972733067348599 ], [ 533446.257053462904878, 5561000.033447575755417 ], [ 533426.449714347836562, 5561001.454582252539694 ], [ 533414.381021903012879, 5561020.748470788821578 ], [ 533407.114419882767834, 5561043.652913715690374 ], [ 533393.547832570737228, 5561057.144335965625942 ], [ 533341.343949483707547, 5561082.758170424029231 ] ] } },
{ "type": "Feature", "properties": { "full_id": "w171002289", "osm_id": "171002289", "osm_type": "way", "highway": "residential", "service": null, "embankment": null, "footway": null, "sport": null, "description": null, "sac_scale": null, "mtb:scale:uphill": null, "mtb:scale": null, "incline": null, "tracktype": null, "wheelchair": null, "motor_vehicle": null, "horse": null, "foot": null, "bicycle": null, "lit": null, "junction": null, "old_ref": null, "oneway": null, "layer": null, "bridge": null, "int_name": null, "width": null, "name:uk": null, "name:ru": null, "name:en": null, "smoothness": null, "addr:city": null, "name:etymology:wikidata": "Q201221", "cutting": null, "surface": "unpaved", "ref_1": null, "ref": null, "name": "улица Герцена", "maxspeed": "20", "lanes": null }, "geometry": { "type": "LineString", "coordinates": [ [ 537421.658694380428642, 5562090.218838836066425 ], [ 537416.136941594770178, 5562104.234834156930447 ], [ 537413.612518281443045, 5562136.47425174061209 ], [ 537407.342253349139355, 5562176.782204566523433 ], [ 537400.615630983607844, 5562180.515485294163227 ], [ 537292.932280989945866, 5562178.380786703899503 ], [ 537253.73705663124565, 5562176.21590490359813 ] ] } },
{ "type": "Feature", "properties": { "full_id": "w175841395", "osm_id": "175841395", "osm_type": "way", "highway": "residential", "service": null, "embankment": null, "footway": null, "sport": null, "description": null, "sac_scale": null, "mtb:scale:uphill": null, "mtb:scale": null, "incline": null, "tracktype": null, "wheelchair": null, "motor_vehicle": null, "horse": null, "foot": null, "bicycle": null, "lit": null, "junction": null, "old_ref": null, "oneway": null, "layer": null, "bridge": null, "int_name": null, "width": null, "name:uk": null, "name:ru": null, "name:en": null, "smoothness": null, "addr:city": null, "name:etymology:wikidata": null, "cutting": null, "surface": "dirt", "ref_1": null, "ref": null, "name": null, "maxspeed": "20", "lanes": null }, "geometry": { "type": "LineString", "coordinates": [ [ 536446.485155335976742, 5561955.977599021978676 ], [ 536456.953753144596703, 5561952.8247214788571 ], [ 536466.691297186887823, 5561954.303602709434927 ], [ 536471.455548130557872, 5561958.839575184509158 ], [ 536477.396465332480147, 5561971.812050019390881 ], [ 536488.38682849414181, 5562028.88495696336031 ], [ 536493.475470425444655, 5562046.454999544657767 ], [ 536509.321407042909414, 5562073.883841970004141 ], [ 536530.091675213770941, 5562099.111562380567193 ], [ 536549.433329297695309, 5562113.099053111858666 ], [ 536572.509476570412517, 5562125.666775399819016 ], [ 536617.204598089680076, 5562145.788806616328657 ], [ 536698.065780989243649, 5562182.038934567011893 ], [ 536810.353837049333379, 5562202.40688647236675 ], [ 536864.900151519104838, 5562213.481348573230207 ] ] } },
{ "type": "Feature", "properties": { "full_id": "w180691280", "osm_id": "180691280", "osm_type": "way", "highway": "residential", "service": null, "embankment": null, "footway": null, "sport": null, "description": null, "sac_scale": null, "mtb:scale:uphill": null, "mtb:scale": null, "incline": null, "tracktype": null, "wheelchair": null, "motor_vehicle": null, "horse": null, "foot": null, "bicycle": null, "lit": null, "junction": null, "old_ref": null, "oneway": null, "layer": null, "bridge": null, "int_name": null, "width": null, "name:uk": null, "name:ru": null, "name:en": null, "smoothness": null, "addr:city": "Россошь", "name:etymology:wikidata": null, "cutting": null, "surface": "unpaved", "ref_1": null, "ref": null, "name": "Ковыльная улица", "maxspeed": "20", "lanes": null }, "geometry": { "type": "LineString", "coordinates": [ [ 535013.028086679754779, 5560398.651524185203016 ], [ 535004.060322433244437, 5560407.710324901156127 ], [ 534997.58309420326259, 5560414.695096662268043 ], [ 534992.005858159856871, 5560422.67540449090302 ], [ 534988.091901077423245, 5560434.980915219523013 ], [ 534988.249441338703036, 5560457.709678136743605 ], [ 534991.16096538642887, 5560503.428896633908153 ], [ 534987.263460510410368, 5560525.185872451402247 ], [ 534985.832555078435689, 5560550.672889553010464 ], [ 534990.343701241421513, 5560583.237444838508964 ], [ 534990.504899963969365, 5560626.036471746861935 ], [ 534988.29733075061813, 5560670.865871562622488 ], [ 534984.717734357458539, 5560723.547563314437866 ], [ 534981.639922756585293, 5560792.199796365574002 ], [ 534980.466715574846603, 5560836.046394804492593 ], [ 534958.192385551636107, 5560840.169842987321317 ] ] } },
{ "type": "Feature", "properties": { "full_id": "w180696579", "osm_id": "180696579", "osm_type": "way", "highway": "primary", "service": null, "embankment": null, "footway": null, "sport": null, "description": null, "sac_scale": null, "mtb:scale:uphill": null, "mtb:scale": null, "incline": null, "tracktype": null, "wheelchair": null, "motor_vehicle": null, "horse": null, "foot": null, "bicycle": null, "lit": null, "junction": null, "old_ref": "Р-185", "oneway": null, "layer": null, "bridge": null, "int_name": null, "width": null, "name:uk": null, "name:ru": null, "name:en": null, "smoothness": null, "addr:city": null, "name:etymology:wikidata": null, "cutting": null, "surface": "asphalt", "ref_1": null, "ref": null, "name": "Октябрьская площадь", "maxspeed": "60", "lanes": "2" }, "geometry": { "type": "LineString", "coordinates": [ [ 536357.784658698248677, 5561746.205640370957553 ], [ 536330.080852493760176, 5561755.768038330599666 ], [ 536246.089655614225194, 5561787.986033813096583 ], [ 536222.299871083698235, 5561797.108642000705004 ], [ 536185.97118632576894, 5561810.549307652749121 ], [ 536133.689156900858507, 5561829.886275451630354 ], [ 536088.760596514097415, 5561844.581282324157655 ], [ 535983.606460109818727, 5561878.972707469016314 ], [ 535976.404580963542685, 5561881.325773749500513 ], [ 535946.767437691334635, 5561891.021632244810462 ], [ 535860.548797481111251, 5561923.008234978653491 ], [ 535778.136983622214757, 5561953.587433814071119 ], [ 535732.062630828586407, 5561970.256960112601519 ], [ 535610.007291525136679, 5562014.438403243198991 ], [ 535459.494754799641669, 5562067.461746761575341 ], [ 535435.748386687948368, 5562075.820904962718487 ], [ 535410.246919468510896, 5562086.29226934351027 ], [ 535356.671372366603464, 5562106.773493933491409 ], [ 535253.337234133621678, 5562148.018583208322525 ], [ 535206.62848182360176, 5562167.256975895725191 ], [ 535198.832173968083225, 5562171.130494570359588 ], [ 535166.415600745705888, 5562187.250341980718076 ], [ 535066.434319409308955, 5562255.07402101252228 ] ] } },
{ "type": "Feature", "properties": { "full_id": "w180697222", "osm_id": "180697222", "osm_type": "way", "highway": "residential", "service": null, "embankment": null, "footway": null, "sport": null, "description": null, "sac_scale": null, "mtb:scale:uphill": null, "mtb:scale": null, "incline": null, "tracktype": null, "wheelchair": null, "motor_vehicle": null, "horse": null, "foot": null, "bicycle": null, "lit": null, "junction": null, "old_ref": null, "oneway": null, "layer": null, "bridge": null, "int_name": null, "width": null, "name:uk": null, "name:ru": null, "name:en": null, "smoothness": null, "addr:city": null, "name:etymology:wikidata": "Q251395", "cutting": null, "surface": "unpaved", "ref_1": null, "ref": null, "name": "Красноармейская улица", "maxspeed": "20", "lanes": null }, "geometry": { "type": "LineString", "coordinates": [ [ 537251.976745801279321, 5560640.526599860750139 ], [ 537291.880046898964792, 5560628.819405448623002 ], [ 537354.518180095707066, 5560600.704247528687119 ], [ 537379.45705493085552, 5560587.558395159430802 ], [ 537395.340065950527787, 5560583.288948966190219 ], [ 537418.004202313488349, 5560571.884144906885922 ], [ 537471.698219030979089, 5560560.241890079341829 ], [ 537503.106082437094301, 5560553.958286942914128 ], [ 537544.906909166718833, 5560549.671801791526377 ], [ 537604.90571309661027, 5560547.91594269964844 ], [ 537712.543637457652949, 5560532.910262717865407 ], [ 537752.363787678419612, 5560533.192525638267398 ], [ 537784.35206060949713, 5560529.683400576934218 ], [ 537846.237175461137667, 5560524.6968087349087 ], [ 537876.081566120614298, 5560527.57771482784301 ], [ 537914.923011919017881, 5560523.973589430563152 ], [ 537935.634090179461055, 5560520.396178721450269 ], [ 537978.249823960242793, 5560505.032940726727247 ], [ 537998.229935119161382, 5560494.879042544402182 ], [ 538028.753941723844036, 5560488.569981371983886 ], [ 538088.327561688958667, 5560475.541536521166563 ], [ 538115.030098217539489, 5560471.629636761732399 ], [ 538144.319963917485438, 5560463.266444276086986 ], [ 538241.00207019073423, 5560438.663661452010274 ], [ 538296.868173744063824, 5560425.199490780942142 ], [ 538362.482266694656573, 5560406.190885875374079 ], [ 538419.179108216776513, 5560388.486396908760071 ], [ 538438.87001923751086, 5560380.011069422587752 ], [ 538467.10078254446853, 5560370.185362808406353 ], [ 538494.883008820703253, 5560365.148990034125745 ], [ 538578.738136228173971, 5560357.738996460102499 ], [ 538623.501864381367341, 5560351.758929612115026 ], [ 538673.179255241877399, 5560346.415375876240432 ], [ 538739.330650120857172, 5560332.374513981863856 ], [ 538773.862770252744667, 5560326.810510570183396 ], [ 538821.374000384123065, 5560322.953667934983969 ], [ 538896.105046590324491, 5560313.958781479857862 ], [ 538914.109443882713094, 5560313.701184958219528 ], [ 538924.341062573250383, 5560310.417948052287102 ], [ 538936.093899664585479, 5560305.077660446986556 ] ] } },
{ "type": "Feature", "properties": { "full_id": "w180697318", "osm_id": "180697318", "osm_type": "way", "highway": "residential", "service": null, "embankment": null, "footway": null, "sport": null, "description": null, "sac_scale": null, "mtb:scale:uphill": null, "mtb:scale": null, "incline": null, "tracktype": null, "wheelchair": null, "motor_vehicle": null, "horse": null, "foot": null, "bicycle": null, "lit": null, "junction": null, "old_ref": null, "oneway": null, "layer": null, "bridge": null, "int_name": null, "width": null, "name:uk": null, "name:ru": null, "name:en": null, "smoothness": null, "addr:city": null, "name:etymology:wikidata": null, "cutting": null, "surface": "unpaved", "ref_1": null, "ref": null, "name": "переулок Плеханова", "maxspeed": "20", "lanes": null }, "geometry": { "type": "LineString", "coordinates": [ [ 538069.625904119224288, 5560704.120997488498688 ], [ 538068.689126292709261, 5560686.401221899315715 ], [ 538070.817674027755857, 5560656.249733291566372 ], [ 538074.56857842754107, 5560621.817794183269143 ], [ 538088.135599240078591, 5560484.413377202115953 ], [ 538088.327561688958667, 5560475.541536521166563 ], [ 538081.622083429712802, 5560432.050396582111716 ], [ 538071.499634732957929, 5560386.244252093136311 ], [ 538056.01264443108812, 5560365.907483636401594 ] ] } },
{ "type": "Feature", "properties": { "full_id": "w180828254", "osm_id": "180828254", "osm_type": "way", "highway": "primary", "service": null, "embankment": null, "footway": null, "sport": null, "description": null, "sac_scale": null, "mtb:scale:uphill": null, "mtb:scale": null, "incline": null, "tracktype": null, "wheelchair": null, "motor_vehicle": null, "horse": null, "foot": null, "bicycle": null, "lit": null, "junction": null, "old_ref": "Р-185", "oneway": null, "layer": null, "bridge": null, "int_name": null, "width": null, "name:uk": null, "name:ru": null, "name:en": null, "smoothness": null, "addr:city": null, "name:etymology:wikidata": null, "cutting": null, "surface": "asphalt", "ref_1": null, "ref": "20К-В33", "name": "Октябрьская площадь", "maxspeed": "40", "lanes": "2" }, "geometry": { "type": "LineString", "coordinates": [ [ 536497.036381317535415, 5561689.59434028994292 ], [ 536546.91344986774493, 5561671.701025171205401 ], [ 536580.073905885335989, 5561659.530863053165376 ], [ 536671.67205187655054, 5561625.9027691911906 ], [ 536742.10825993900653, 5561600.035904502496123 ], [ 536768.715986283263192, 5561590.279033972881734 ], [ 536797.842329601873644, 5561579.58345149923116 ], [ 536830.860917651094496, 5561567.458336636424065 ], [ 536845.50642031931784, 5561562.089025872759521 ], [ 536857.769538145046681, 5561557.58167830016464 ], [ 536878.017252524150535, 5561550.149713847786188 ], [ 536929.241203566547483, 5561530.857138213701546 ], [ 536938.231778265326284, 5561526.949946086853743 ], [ 537009.669814664288424, 5561495.945311230607331 ], [ 537053.978819624055177, 5561475.71629423648119 ], [ 537099.87760888482444, 5561454.753732353448868 ], [ 537119.351230192463845, 5561445.860652613453567 ], [ 537148.15525801142212, 5561430.439017578028142 ], [ 537174.341666887397878, 5561414.821341703645885 ], [ 537214.831520869745873, 5561382.680431221611798 ], [ 537226.565199291566387, 5561373.366681770421565 ], [ 537326.770671403151937, 5561281.978450117632747 ], [ 537453.346230893512256, 5561173.98742947448045 ], [ 537464.01695443096105, 5561164.733431679196656 ], [ 537486.737527261138894, 5561144.9898502510041 ], [ 537566.88920292223338, 5561076.859892858192325 ], [ 537579.456834701471962, 5561065.862661450169981 ], [ 537594.421809170162305, 5561051.94689401332289 ], [ 537633.025865381350741, 5561018.761703953146935 ], [ 537644.829162079608068, 5561008.904509560205042 ], [ 537678.565814400324598, 5560979.810485379770398 ], [ 537706.141367570962757, 5560956.032530118711293 ], [ 537718.880779599654488, 5560945.04795943107456 ], [ 537723.795441892114468, 5560941.435655735433102 ], [ 537746.77600576414261, 5560924.55267511960119 ], [ 537753.377952949493192, 5560920.540950241498649 ], [ 537808.245605138712563, 5560907.07575461268425 ], [ 537838.83662958140485, 5560907.037402461282909 ], [ 537862.524626385420561, 5560909.173978953622282 ], [ 537870.207381533225998, 5560909.762364823371172 ], [ 537879.522134585655294, 5560910.695955914445221 ], [ 537909.001235411618836, 5560914.452901003882289 ], [ 537948.272967011318542, 5560920.181224729865789 ], [ 537967.559565993957222, 5560922.976288214325905 ], [ 538021.291170791955665, 5560928.741605606861413 ], [ 538199.740354486857541, 5560949.444831886328757 ], [ 538205.127475882647559, 5560949.661408183164895 ], [ 538257.07514575321693, 5560955.305113806389272 ], [ 538267.466660255333409, 5560957.347939011640847 ], [ 538386.42278893222101, 5560971.403200902976096 ], [ 538389.562954998924397, 5560971.436968992464244 ], [ 538393.226923660025932, 5560971.085340771824121 ], [ 538401.166317371884361, 5560968.729722997173667 ] ] } },
{ "type": "Feature", "properties": { "full_id": "w180828256", "osm_id": "180828256", "osm_type": "way", "highway": "primary", "service": null, "embankment": null, "footway": null, "sport": null, "description": null, "sac_scale": null, "mtb:scale:uphill": null, "mtb:scale": null, "incline": null, "tracktype": null, "wheelchair": null, "motor_vehicle": null, "horse": null, "foot": null, "bicycle": null, "lit": null, "junction": null, "old_ref": "Р-185", "oneway": "yes", "layer": null, "bridge": null, "int_name": null, "width": null, "name:uk": null, "name:ru": null, "name:en": null, "smoothness": null, "addr:city": null, "name:etymology:wikidata": null, "cutting": null, "surface": "asphalt", "ref_1": "20К-В33-0", "ref": "20К-В33", "name": "Белгород — Павловск", "maxspeed": null, "lanes": null }, "geometry": { "type": "LineString", "coordinates": [ [ 536412.007255737204105, 5561741.78399433940649 ], [ 536390.537834188668057, 5561741.2813043827191 ], [ 536371.907180464360863, 5561743.077560324221849 ], [ 536357.784658698248677, 5561746.205640370957553 ] ] } },
{ "type": "Feature", "properties": { "full_id": "w180828257", "osm_id": "180828257", "osm_type": "way", "highway": "primary", "service": null, "embankment": null, "footway": null, "sport": null, "description": null, "sac_scale": null, "mtb:scale:uphill": null, "mtb:scale": null, "incline": null, "tracktype": null, "wheelchair": null, "motor_vehicle": null, "horse": null, "foot": null, "bicycle": null, "lit": null, "junction": "roundabout", "old_ref": "Р-185", "oneway": "yes", "layer": null, "bridge": null, "int_name": null, "width": null, "name:uk": null, "name:ru": null, "name:en": null, "smoothness": null, "addr:city": null, "name:etymology:wikidata": null, "cutting": null, "surface": "asphalt", "ref_1": null, "ref": null, "name": null, "maxspeed": null, "lanes": null }, "geometry": { "type": "LineString", "coordinates": [ [ 536412.007255737204105, 5561741.78399433940649 ], [ 536407.41181196575053, 5561737.571694069541991 ], [ 536403.109370377962478, 5561729.124950493685901 ], [ 536403.377512922859751, 5561717.051229276694357 ], [ 536405.746557452948764, 5561711.863606688566506 ], [ 536414.801332694943994, 5561703.686166713014245 ], [ 536422.137712053721771, 5561701.556995968334377 ], [ 536436.927998312516138, 5561705.149712840095162 ], [ 536442.95302412728779, 5561711.106439338065684 ], [ 536446.745219329721294, 5561722.151636037044227 ], [ 536445.988729876233265, 5561729.451832818798721 ], [ 536443.581384824006818, 5561735.01723179128021 ] ] } },
{ "type": "Feature", "properties": { "full_id": "w180828258", "osm_id": "180828258", "osm_type": "way", "highway": "primary", "service": null, "embankment": null, "footway": null, "sport": null, "description": null, "sac_scale": null, "mtb:scale:uphill": null, "mtb:scale": null, "incline": null, "tracktype": null, "wheelchair": null, "motor_vehicle": null, "horse": null, "foot": null, "bicycle": null, "lit": null, "junction": null, "old_ref": null, "oneway": "yes", "layer": null, "bridge": null, "int_name": null, "width": null, "name:uk": null, "name:ru": null, "name:en": null, "smoothness": null, "addr:city": null, "name:etymology:wikidata": null, "cutting": null, "surface": "asphalt", "ref_1": "P-194", "ref": null, "name": "Ростовское шоссе", "maxspeed": null, "lanes": null }, "geometry": { "type": "LineString", "coordinates": [ [ 536431.190186889842153, 5561815.669600805267692 ], [ 536425.584511351305991, 5561794.337766878306866 ], [ 536422.037568885600194, 5561780.825778582133353 ], [ 536412.007255737204105, 5561741.78399433940649 ] ] } },
{ "type": "Feature", "properties": { "full_id": "w180828259", "osm_id": "180828259", "osm_type": "way", "highway": "primary", "service": null, "embankment": null, "footway": null, "sport": null, "description": null, "sac_scale": null, "mtb:scale:uphill": null, "mtb:scale": null, "incline": null, "tracktype": null, "wheelchair": null, "motor_vehicle": null, "horse": null, "foot": null, "bicycle": null, "lit": null, "junction": null, "old_ref": null, "oneway": "yes", "layer": null, "bridge": null, "int_name": null, "width": null, "name:uk": null, "name:ru": null, "name:en": null, "smoothness": null, "addr:city": null, "name:etymology:wikidata": null, "cutting": null, "surface": "asphalt", "ref_1": "P-194", "ref": null, "name": "Ростовское шоссе", "maxspeed": null, "lanes": null }, "geometry": { "type": "LineString", "coordinates": [ [ 536443.581384824006818, 5561735.01723179128021 ], [ 536435.447766901226714, 5561757.700494456104934 ], [ 536432.382632228895091, 5561780.129368995316327 ], [ 536431.190186889842153, 5561815.669600805267692 ] ] } },
{ "type": "Feature", "properties": { "full_id": "w180828260", "osm_id": "180828260", "osm_type": "way", "highway": "primary", "service": null, "embankment": null, "footway": null, "sport": null, "description": null, "sac_scale": null, "mtb:scale:uphill": null, "mtb:scale": null, "incline": null, "tracktype": null, "wheelchair": null, "motor_vehicle": null, "horse": null, "foot": null, "bicycle": null, "lit": null, "junction": null, "old_ref": null, "oneway": "yes", "layer": null, "bridge": null, "int_name": null, "width": null, "name:uk": null, "name:ru": null, "name:en": null, "smoothness": null, "addr:city": null, "name:etymology:wikidata": null, "cutting": null, "surface": "asphalt", "ref_1": "P-194", "ref": "20К-В38-0", "name": "Ростовское шоссе", "maxspeed": null, "lanes": null }, "geometry": { "type": "LineString", "coordinates": [ [ 536405.746557452948764, 5561711.863606688566506 ], [ 536410.539515145588666, 5561693.471727724187076 ], [ 536415.21798231464345, 5561649.059918430633843 ] ] } },
{ "type": "Feature", "properties": { "full_id": "w180828261", "osm_id": "180828261", "osm_type": "way", "highway": "primary", "service": null, "embankment": null, "footway": null, "sport": null, "description": null, "sac_scale": null, "mtb:scale:uphill": null, "mtb:scale": null, "incline": null, "tracktype": null, "wheelchair": null, "motor_vehicle": null, "horse": null, "foot": null, "bicycle": null, "lit": null, "junction": null, "old_ref": null, "oneway": "yes", "layer": null, "bridge": null, "int_name": null, "width": null, "name:uk": null, "name:ru": null, "name:en": null, "smoothness": null, "addr:city": null, "name:etymology:wikidata": null, "cutting": null, "surface": "asphalt", "ref_1": "P-194", "ref": "20К-В38-0", "name": "Ростовское шоссе", "maxspeed": null, "lanes": null }, "geometry": { "type": "LineString", "coordinates": [ [ 536415.21798231464345, 5561649.059918430633843 ], [ 536420.440874008578248, 5561665.874680327251554 ], [ 536424.441806380986236, 5561678.7559719607234 ], [ 536431.790026125265285, 5561694.706870888359845 ], [ 536436.927998312516138, 5561705.149712840095162 ] ] } },
{ "type": "Feature", "properties": { "full_id": "w180828262", "osm_id": "180828262", "osm_type": "way", "highway": "primary", "service": null, "embankment": null, "footway": null, "sport": null, "description": null, "sac_scale": null, "mtb:scale:uphill": null, "mtb:scale": null, "incline": null, "tracktype": null, "wheelchair": null, "motor_vehicle": null, "horse": null, "foot": null, "bicycle": null, "lit": null, "junction": null, "old_ref": "Р-185", "oneway": "yes", "layer": null, "bridge": null, "int_name": null, "width": null, "name:uk": null, "name:ru": null, "name:en": null, "smoothness": null, "addr:city": null, "name:etymology:wikidata": null, "cutting": null, "surface": "asphalt", "ref_1": "20К-В33-0", "ref": null, "name": null, "maxspeed": null, "lanes": null }, "geometry": { "type": "LineString", "coordinates": [ [ 536357.784658698248677, 5561746.205640370957553 ], [ 536390.649474494042806, 5561723.913727445527911 ], [ 536405.746557452948764, 5561711.863606688566506 ] ] } },
{ "type": "Feature", "properties": { "full_id": "w180828263", "osm_id": "180828263", "osm_type": "way", "highway": "primary", "service": null, "embankment": null, "footway": null, "sport": null, "description": null, "sac_scale": null, "mtb:scale:uphill": null, "mtb:scale": null, "incline": null, "tracktype": null, "wheelchair": null, "motor_vehicle": null, "horse": null, "foot": null, "bicycle": null, "lit": null, "junction": null, "old_ref": "Р-185", "oneway": "yes", "layer": null, "bridge": null, "int_name": null, "width": null, "name:uk": "Жовтнева вулиця", "name:ru": null, "name:en": null, "smoothness": null, "addr:city": null, "name:etymology:wikidata": "Q42976", "cutting": null, "surface": "asphalt", "ref_1": null, "ref": "20К-В33", "name": "Октябрьская улица", "maxspeed": null, "lanes": null }, "geometry": { "type": "LineString", "coordinates": [ [ 536436.927998312516138, 5561705.149712840095162 ], [ 536466.608512281440198, 5561696.702223426662385 ], [ 536481.640164941549301, 5561693.191487679257989 ], [ 536497.036381317535415, 5561689.59434028994292 ] ] } },
{ "type": "Feature", "properties": { "full_id": "w180828264", "osm_id": "180828264", "osm_type": "way", "highway": "primary", "service": null, "embankment": null, "footway": null, "sport": null, "description": null, "sac_scale": null, "mtb:scale:uphill": null, "mtb:scale": null, "incline": null, "tracktype": null, "wheelchair": null, "motor_vehicle": null, "horse": null, "foot": null, "bicycle": null, "lit": null, "junction": null, "old_ref": "Р-185", "oneway": "yes", "layer": null, "bridge": null, "int_name": null, "width": null, "name:uk": "Жовтнева вулиця", "name:ru": null, "name:en": null, "smoothness": null, "addr:city": null, "name:etymology:wikidata": "Q42976", "cutting": null, "surface": "asphalt", "ref_1": null, "ref": "20К-В33", "name": "Октябрьская улица", "maxspeed": null, "lanes": null }, "geometry": { "type": "LineString", "coordinates": [ [ 536497.036381317535415, 5561689.59434028994292 ], [ 536479.154441607301123, 5561700.813403561711311 ], [ 536461.820517917280085, 5561715.383189933374524 ], [ 536443.581384824006818, 5561735.01723179128021 ] ] } },
{ "type": "Feature", "properties": { "full_id": "w180828370", "osm_id": "180828370", "osm_type": "way", "highway": "residential", "service": null, "embankment": null, "footway": null, "sport": null, "description": null, "sac_scale": null, "mtb:scale:uphill": null, "mtb:scale": null, "incline": null, "tracktype": null, "wheelchair": null, "motor_vehicle": null, "horse": null, "foot": null, "bicycle": null, "lit": null, "junction": null, "old_ref": null, "oneway": null, "layer": null, "bridge": null, "int_name": null, "width": null, "name:uk": null, "name:ru": null, "name:en": null, "smoothness": null, "addr:city": null, "name:etymology:wikidata": "Q251395", "cutting": null, "surface": "unpaved", "ref_1": null, "ref": null, "name": "Красноармейская улица", "maxspeed": "20", "lanes": null }, "geometry": { "type": "LineString", "coordinates": [ [ 537174.793036107788794, 5560662.514689453877509 ], [ 537215.830494475434534, 5560652.905277448706329 ], [ 537236.529110742732882, 5560643.821018262766302 ], [ 537251.976745801279321, 5560640.526599860750139 ] ] } },
{ "type": "Feature", "properties": { "full_id": "w180828444", "osm_id": "180828444", "osm_type": "way", "highway": "residential", "service": null, "embankment": null, "footway": null, "sport": null, "description": null, "sac_scale": null, "mtb:scale:uphill": null, "mtb:scale": null, "incline": null, "tracktype": null, "wheelchair": null, "motor_vehicle": null, "horse": null, "foot": null, "bicycle": null, "lit": null, "junction": null, "old_ref": null, "oneway": null, "layer": null, "bridge": null, "int_name": null, "width": null, "name:uk": null, "name:ru": null, "name:en": null, "smoothness": null, "addr:city": null, "name:etymology:wikidata": null, "cutting": null, "surface": "unpaved", "ref_1": null, "ref": null, "name": null, "maxspeed": "20", "lanes": null }, "geometry": { "type": "LineString", "coordinates": [ [ 537174.793036107788794, 5560662.514689453877509 ], [ 537157.058743069879711, 5560676.423414933495224 ], [ 537152.754367732908577, 5560689.76988267339766 ], [ 537151.102109374827705, 5560712.764174932613969 ], [ 537151.679788940353319, 5560733.283309842459857 ], [ 537158.110779362963513, 5560745.548308520577848 ], [ 537158.041464398498647, 5560755.477357384748757 ], [ 537154.53288005082868, 5560764.23711016215384 ], [ 537141.98676832288038, 5560779.338508646935225 ] ] } },
{ "type": "Feature", "properties": { "full_id": "w180829745", "osm_id": "180829745", "osm_type": "way", "highway": "service", "service": null, "embankment": null, "footway": null, "sport": null, "description": null, "sac_scale": null, "mtb:scale:uphill": null, "mtb:scale": null, "incline": null, "tracktype": null, "wheelchair": null, "motor_vehicle": null, "horse": null, "foot": null, "bicycle": null, "lit": null, "junction": null, "old_ref": null, "oneway": null, "layer": null, "bridge": null, "int_name": null, "width": null, "name:uk": null, "name:ru": null, "name:en": null, "smoothness": null, "addr:city": null, "name:etymology:wikidata": null, "cutting": null, "surface": null, "ref_1": null, "ref": null, "name": null, "maxspeed": null, "lanes": null }, "geometry": { "type": "LineString", "coordinates": [ [ 537571.426138894050382, 5561025.620766420848668 ], [ 537560.889510177425109, 5561019.853307694196701 ], [ 537546.310484415967949, 5561023.575482271611691 ], [ 537533.654184501385316, 5561021.840554331429303 ] ] } },
{ "type": "Feature", "properties": { "full_id": "w180829746", "osm_id": "180829746", "osm_type": "way", "highway": "residential", "service": null, "embankment": null, "footway": null, "sport": null, "description": null, "sac_scale": null, "mtb:scale:uphill": null, "mtb:scale": null, "incline": null, "tracktype": null, "wheelchair": null, "motor_vehicle": null, "horse": null, "foot": null, "bicycle": null, "lit": null, "junction": null, "old_ref": null, "oneway": null, "layer": null, "bridge": null, "int_name": null, "width": null, "name:uk": null, "name:ru": null, "name:en": null, "smoothness": null, "addr:city": null, "name:etymology:wikidata": "Q9061", "cutting": null, "surface": "unpaved", "ref_1": null, "ref": null, "name": "улица Карла Маркса", "maxspeed": "20", "lanes": null }, "geometry": { "type": "LineString", "coordinates": [ [ 538926.964821989182383, 5560460.192347488366067 ], [ 538913.910799410426989, 5560437.546889189630747 ], [ 538900.810400324407965, 5560430.02342280279845 ], [ 538893.036230025347322, 5560427.209022027440369 ], [ 538879.865539714926854, 5560428.324817903339863 ], [ 538869.354581718333066, 5560432.751389592885971 ], [ 538809.935276391683146, 5560451.676614335738122 ], [ 538717.096562053309754, 5560482.357083518989384 ], [ 538701.034456237102859, 5560487.499727169983089 ], [ 538637.534337963094003, 5560508.276362392120063 ], [ 538617.294507300830446, 5560515.690636270679533 ], [ 538585.896497826557606, 5560526.293174860067666 ], [ 538542.163708522100933, 5560545.857705756090581 ], [ 538502.225401589996181, 5560561.914090886712074 ], [ 538464.659114167559892, 5560573.740329999476671 ], [ 538444.68252849963028, 5560578.377325439825654 ], [ 538429.199043191852979, 5560582.546461562626064 ], [ 538402.405862694839016, 5560590.158863828517497 ], [ 538340.239921594737098, 5560613.339299679733813 ], [ 538319.685175686725415, 5560619.996314005926251 ], [ 538274.325068224803545, 5560635.826338547281921 ], [ 538228.124224698054604, 5560651.483918779529631 ], [ 538144.3092960503418, 5560680.904800038784742 ], [ 538126.655307665932924, 5560686.237904558889568 ], [ 538106.731721016578376, 5560693.545176763087511 ], [ 538069.625904119224288, 5560704.120997488498688 ], [ 538051.576546264695935, 5560711.864413869567215 ], [ 538023.885508625069633, 5560720.439670525491238 ], [ 537949.840720596839674, 5560741.338161625899374 ], [ 537919.618093639845029, 5560756.656452660448849 ], [ 537885.109305091900751, 5560762.481866496615112 ], [ 537854.446551461354829, 5560766.466809440404177 ], [ 537835.123471537255682, 5560769.720811877399683 ], [ 537803.148385902983136, 5560769.560336343944073 ], [ 537759.356759654940106, 5560765.924822449684143 ], [ 537726.231634170049801, 5560760.8530343901366 ], [ 537692.852764612762257, 5560754.311907314695418 ], [ 537642.511944403639063, 5560743.147687749937177 ], [ 537615.163318047416396, 5560739.751987013034523 ], [ 537583.999907183344476, 5560738.842453190125525 ], [ 537570.099639653926715, 5560739.322525274939835 ], [ 537548.179169676150195, 5560739.456948755308986 ], [ 537517.676467124605551, 5560741.009830916300416 ], [ 537493.508544884272851, 5560738.99373188894242 ], [ 537462.700148363597691, 5560741.389842777512968 ], [ 537414.818605006090365, 5560746.846213806420565 ] ] } },
{ "type": "Feature", "properties": { "full_id": "w181736474", "osm_id": "181736474", "osm_type": "way", "highway": "residential", "service": null, "embankment": null, "footway": null, "sport": null, "description": null, "sac_scale": null, "mtb:scale:uphill": null, "mtb:scale": null, "incline": null, "tracktype": null, "wheelchair": null, "motor_vehicle": null, "horse": null, "foot": null, "bicycle": null, "lit": null, "junction": null, "old_ref": null, "oneway": null, "layer": null, "bridge": null, "int_name": null, "width": null, "name:uk": null, "name:ru": null, "name:en": null, "smoothness": null, "addr:city": null, "name:etymology:wikidata": null, "cutting": null, "surface": "unpaved", "ref_1": null, "ref": null, "name": "улица Серёгина", "maxspeed": "20", "lanes": null }, "geometry": { "type": "LineString", "coordinates": [ [ 536941.091146185528487, 5562288.909564596600831 ], [ 536956.968212851206772, 5562304.231062659062445 ], [ 536975.845385181251913, 5562314.970061540603638 ], [ 537025.700961234164424, 5562339.556925935670733 ], [ 537076.485847289906815, 5562357.690413306467235 ], [ 537109.297794667538255, 5562362.322442262433469 ], [ 537136.126694867038168, 5562357.239093312993646 ], [ 537151.984817104646936, 5562339.403223060071468 ], [ 537160.088281617732719, 5562328.507283674553037 ], [ 537163.330785176483914, 5562321.947292733937502 ] ] } },
{ "type": "Feature", "properties": { "full_id": "w181747733", "osm_id": "181747733", "osm_type": "way", "highway": "residential", "service": null, "embankment": null, "footway": null, "sport": null, "description": null, "sac_scale": null, "mtb:scale:uphill": null, "mtb:scale": null, "incline": null, "tracktype": null, "wheelchair": null, "motor_vehicle": null, "horse": null, "foot": null, "bicycle": null, "lit": null, "junction": null, "old_ref": null, "oneway": null, "layer": null, "bridge": null, "int_name": null, "width": null, "name:uk": null, "name:ru": null, "name:en": null, "smoothness": null, "addr:city": null, "name:etymology:wikidata": null, "cutting": null, "surface": "unpaved", "ref_1": null, "ref": null, "name": "улица Серёгина", "maxspeed": "20", "lanes": null }, "geometry": { "type": "LineString", "coordinates": [ [ 537202.089611775823869, 5562250.65420510340482 ], [ 537194.046842248761095, 5562250.798118848353624 ], [ 537175.247132268967107, 5562251.467312248423696 ], [ 537113.584744633757509, 5562251.036797819659114 ], [ 537058.459397533093579, 5562246.382709393277764 ], [ 537004.977476735482924, 5562242.418902486562729 ], [ 536986.325580772128887, 5562239.275865030474961 ] ] } },
{ "type": "Feature", "properties": { "full_id": "w181750966", "osm_id": "181750966", "osm_type": "way", "highway": "unclassified", "service": null, "embankment": null, "footway": null, "sport": null, "description": null, "sac_scale": null, "mtb:scale:uphill": null, "mtb:scale": null, "incline": null, "tracktype": null, "wheelchair": null, "motor_vehicle": null, "horse": null, "foot": null, "bicycle": null, "lit": null, "junction": null, "old_ref": null, "oneway": null, "layer": null, "bridge": null, "int_name": null, "width": null, "name:uk": null, "name:ru": null, "name:en": null, "smoothness": null, "addr:city": null, "name:etymology:wikidata": null, "cutting": null, "surface": "unpaved", "ref_1": null, "ref": null, "name": "улица Курчатова", "maxspeed": "20", "lanes": null }, "geometry": { "type": "LineString", "coordinates": [ [ 537226.37496738799382, 5561585.210483587346971 ], [ 537234.802743947599083, 5561597.50069422274828 ], [ 537248.306457220809534, 5561613.584775936789811 ], [ 537270.253507848014124, 5561634.609403890557587 ], [ 537299.108551844255999, 5561658.662519440054893 ] ] } },
{ "type": "Feature", "properties": { "full_id": "w182187420", "osm_id": "182187420", "osm_type": "way", "highway": "residential", "service": null, "embankment": null, "footway": null, "sport": null, "description": null, "sac_scale": null, "mtb:scale:uphill": null, "mtb:scale": null, "incline": null, "tracktype": null, "wheelchair": null, "motor_vehicle": null, "horse": null, "foot": null, "bicycle": null, "lit": null, "junction": null, "old_ref": null, "oneway": null, "layer": null, "bridge": null, "int_name": null, "width": null, "name:uk": null, "name:ru": null, "name:en": null, "smoothness": null, "addr:city": "Россошь", "name:etymology:wikidata": null, "cutting": null, "surface": "unpaved", "ref_1": null, "ref": null, "name": "Воронежская улица", "maxspeed": "20", "lanes": null }, "geometry": { "type": "LineString", "coordinates": [ [ 535527.513923877850175, 5560630.527632335200906 ], [ 535511.399631410604343, 5560631.209570032544434 ], [ 535474.49256035417784, 5560630.930117905139923 ], [ 535412.747951237368397, 5560631.486355436034501 ], [ 535375.397998864413239, 5560631.260240208357573 ], [ 535312.29224670806434, 5560631.497257902286947 ], [ 535184.342330868239515, 5560628.259336547926068 ], [ 535102.629474090994336, 5560628.375880179926753 ], [ 535047.302179533289745, 5560627.777801415883005 ], [ 534990.504899963969365, 5560626.036471746861935 ], [ 534899.651992571423762, 5560626.740972676314414 ], [ 534820.518810304463841, 5560626.411752943880856 ], [ 534713.644306425587274, 5560623.467608449049294 ] ] } },
{ "type": "Feature", "properties": { "full_id": "w182354247", "osm_id": "182354247", "osm_type": "way", "highway": "residential", "service": null, "embankment": null, "footway": null, "sport": null, "description": null, "sac_scale": null, "mtb:scale:uphill": null, "mtb:scale": null, "incline": null, "tracktype": null, "wheelchair": null, "motor_vehicle": null, "horse": null, "foot": null, "bicycle": null, "lit": null, "junction": null, "old_ref": null, "oneway": null, "layer": null, "bridge": null, "int_name": null, "width": null, "name:uk": null, "name:ru": null, "name:en": null, "smoothness": null, "addr:city": null, "name:etymology:wikidata": null, "cutting": null, "surface": null, "ref_1": null, "ref": null, "name": null, "maxspeed": null, "lanes": null }, "geometry": { "type": "LineString", "coordinates": [ [ 533437.729290375951678, 5560764.686200025491416 ], [ 533443.418146762996912, 5560727.150128312408924 ], [ 533463.25725340412464, 5560481.273444985039532 ], [ 533467.707187054213136, 5560397.907376796007156 ], [ 533472.949312847340479, 5560386.098383212462068 ], [ 533479.457790345419198, 5560378.36698794644326 ], [ 533703.067429200862534, 5560259.112349765375257 ] ] } },
{ "type": "Feature", "properties": { "full_id": "w182356463", "osm_id": "182356463", "osm_type": "way", "highway": "residential", "service": null, "embankment": null, "footway": null, "sport": null, "description": null, "sac_scale": null, "mtb:scale:uphill": null, "mtb:scale": null, "incline": null, "tracktype": null, "wheelchair": null, "motor_vehicle": null, "horse": null, "foot": null, "bicycle": null, "lit": null, "junction": null, "old_ref": null, "oneway": null, "layer": null, "bridge": null, "int_name": null, "width": null, "name:uk": null, "name:ru": null, "name:en": null, "smoothness": null, "addr:city": null, "name:etymology:wikidata": null, "cutting": null, "surface": null, "ref_1": null, "ref": null, "name": null, "maxspeed": null, "lanes": null }, "geometry": { "type": "LineString", "coordinates": [ [ 533177.888617898453958, 5560831.398832199163735 ], [ 533178.242025195620954, 5560819.358934849500656 ], [ 533158.678678672411479, 5560781.520678776316345 ], [ 533136.810184361878783, 5560727.545303105376661 ], [ 533113.017153749940917, 5560661.60491159837693 ], [ 533111.791065140045248, 5560649.877645693719387 ], [ 533124.397645994322374, 5560641.594441962428391 ], [ 533175.325708744814619, 5560618.494570201262832 ], [ 533190.255992855061777, 5560609.603328680619597 ], [ 533202.900900247623213, 5560602.076653866097331 ], [ 533303.369439470232464, 5560554.35799020063132 ], [ 533401.703819390852004, 5560504.648596693761647 ], [ 533463.25725340412464, 5560481.273444985039532 ] ] } },
{ "type": "Feature", "properties": { "full_id": "w182704471", "osm_id": "182704471", "osm_type": "way", "highway": "service", "service": null, "embankment": null, "footway": null, "sport": null, "description": null, "sac_scale": null, "mtb:scale:uphill": null, "mtb:scale": null, "incline": null, "tracktype": null, "wheelchair": null, "motor_vehicle": null, "horse": null, "foot": null, "bicycle": null, "lit": "yes", "junction": null, "old_ref": null, "oneway": null, "layer": null, "bridge": null, "int_name": null, "width": null, "name:uk": null, "name:ru": null, "name:en": null, "smoothness": "bad", "addr:city": null, "name:etymology:wikidata": null, "cutting": null, "surface": "compacted", "ref_1": null, "ref": null, "name": null, "maxspeed": "20", "lanes": null }, "geometry": { "type": "LineString", "coordinates": [ [ 536747.504110204754397, 5560841.270182872191072 ], [ 536804.856554315541871, 5560909.961144645698369 ], [ 536803.018832612084225, 5560920.778627273626626 ] ] } },
{ "type": "Feature", "properties": { "full_id": "w183854293", "osm_id": "183854293", "osm_type": "way", "highway": "service", "service": null, "embankment": null, "footway": null, "sport": null, "description": null, "sac_scale": null, "mtb:scale:uphill": null, "mtb:scale": null, "incline": null, "tracktype": null, "wheelchair": null, "motor_vehicle": null, "horse": null, "foot": null, "bicycle": null, "lit": null, "junction": null, "old_ref": null, "oneway": null, "layer": null, "bridge": null, "int_name": null, "width": null, "name:uk": null, "name:ru": null, "name:en": null, "smoothness": null, "addr:city": null, "name:etymology:wikidata": null, "cutting": null, "surface": "asphalt", "ref_1": null, "ref": null, "name": null, "maxspeed": "20", "lanes": null }, "geometry": { "type": "LineString", "coordinates": [ [ 537644.829162079608068, 5561008.904509560205042 ], [ 537644.974612202844582, 5561014.57638859283179 ], [ 537652.529890712001361, 5561029.129419392906129 ], [ 537666.988291677786037, 5561041.451853083446622 ], [ 537674.327628168975934, 5561047.174651697278023 ], [ 537682.258462873985991, 5561055.036557206884027 ], [ 537685.969699954264797, 5561060.088765628635883 ] ] } },
{ "type": "Feature", "properties": { "full_id": "w187987642", "osm_id": "187987642", "osm_type": "way", "highway": "residential", "service": null, "embankment": null, "footway": null, "sport": null, "description": null, "sac_scale": null, "mtb:scale:uphill": null, "mtb:scale": null, "incline": null, "tracktype": null, "wheelchair": null, "motor_vehicle": null, "horse": null, "foot": null, "bicycle": null, "lit": null, "junction": null, "old_ref": null, "oneway": null, "layer": null, "bridge": null, "int_name": "Podgornaya", "width": null, "name:uk": null, "name:ru": null, "name:en": null, "smoothness": null, "addr:city": null, "name:etymology:wikidata": null, "cutting": null, "surface": "unpaved", "ref_1": null, "ref": null, "name": "улица Малашенкова", "maxspeed": "20", "lanes": null }, "geometry": { "type": "LineString", "coordinates": [ [ 538470.58607278263662, 5562264.479138486087322 ], [ 538460.601303051225841, 5562247.005154037848115 ], [ 538449.652231145999394, 5562225.710281399078667 ], [ 538442.418376726913266, 5562220.543103196658194 ], [ 538426.051196639076807, 5562217.311444629915059 ], [ 538370.305068277870305, 5562217.676339194178581 ], [ 538299.343638438731432, 5562225.282155578024685 ], [ 538252.140259952982888, 5562225.465165887027979 ], [ 538220.279359598411247, 5562226.514908336102962 ], [ 538167.204718144726939, 5562221.541595969349146 ], [ 538153.089211690239608, 5562219.727970806881785 ], [ 538136.119474458741024, 5562216.915420376695693 ], [ 538117.88648457673844, 5562211.147246356122196 ], [ 538070.288547079428099, 5562184.687092372216284 ], [ 538057.080266191973351, 5562176.731217700988054 ], [ 538045.663725843769498, 5562167.676254395395517 ], [ 538003.594540844787844, 5562135.31851742696017 ], [ 537965.730691122123972, 5562102.557473494671285 ], [ 537947.075532636605203, 5562081.864725147373974 ] ] } },
{ "type": "Feature", "properties": { "full_id": "w188411364", "osm_id": "188411364", "osm_type": "way", "highway": "service", "service": null, "embankment": null, "footway": null, "sport": null, "description": null, "sac_scale": null, "mtb:scale:uphill": null, "mtb:scale": null, "incline": null, "tracktype": null, "wheelchair": null, "motor_vehicle": null, "horse": null, "foot": null, "bicycle": null, "lit": null, "junction": null, "old_ref": null, "oneway": null, "layer": null, "bridge": null, "int_name": null, "width": null, "name:uk": null, "name:ru": null, "name:en": null, "smoothness": null, "addr:city": null, "name:etymology:wikidata": null, "cutting": null, "surface": null, "ref_1": null, "ref": null, "name": null, "maxspeed": null, "lanes": null }, "geometry": { "type": "LineString", "coordinates": [ [ 536997.251815382624045, 5561467.260104919783771 ], [ 537062.97418106906116, 5561440.408419705927372 ], [ 537114.163576805149205, 5561424.275249880738556 ], [ 537166.591127405175939, 5561398.488536697812378 ], [ 537197.320638608071022, 5561373.117710915394127 ], [ 537216.903307588072494, 5561355.841786524280906 ] ] } },
{ "type": "Feature", "properties": { "full_id": "w188413996", "osm_id": "188413996", "osm_type": "way", "highway": "unclassified", "service": null, "embankment": null, "footway": null, "sport": null, "description": null, "sac_scale": null, "mtb:scale:uphill": null, "mtb:scale": null, "incline": null, "tracktype": null, "wheelchair": null, "motor_vehicle": null, "horse": null, "foot": null, "bicycle": null, "lit": null, "junction": null, "old_ref": null, "oneway": null, "layer": null, "bridge": null, "int_name": null, "width": null, "name:uk": null, "name:ru": null, "name:en": null, "smoothness": null, "addr:city": null, "name:etymology:wikidata": null, "cutting": null, "surface": "unpaved", "ref_1": null, "ref": null, "name": "улица Курчатова", "maxspeed": "20", "lanes": null }, "geometry": { "type": "LineString", "coordinates": [ [ 537184.984179291175678, 5561496.277930425480008 ], [ 537209.416113649844192, 5561542.727288404479623 ], [ 537219.877805225551128, 5561567.274059727787971 ], [ 537226.37496738799382, 5561585.210483587346971 ], [ 537226.366562033072114, 5561594.572887130081654 ], [ 537223.337402806151658, 5561601.167688625864685 ] ] } },
{ "type": "Feature", "properties": { "full_id": "w188519268", "osm_id": "188519268", "osm_type": "way", "highway": "residential", "service": null, "embankment": null, "footway": null, "sport": null, "description": null, "sac_scale": null, "mtb:scale:uphill": null, "mtb:scale": null, "incline": null, "tracktype": null, "wheelchair": null, "motor_vehicle": null, "horse": null, "foot": null, "bicycle": null, "lit": null, "junction": null, "old_ref": null, "oneway": null, "layer": null, "bridge": null, "int_name": null, "width": null, "name:uk": null, "name:ru": null, "name:en": null, "smoothness": null, "addr:city": null, "name:etymology:wikidata": "Q9061", "cutting": null, "surface": "asphalt", "ref_1": null, "ref": null, "name": "улица Карла Маркса", "maxspeed": "20", "lanes": null }, "geometry": { "type": "LineString", "coordinates": [ [ 536787.261498045292683, 5561084.690383256413043 ], [ 536832.851165172061883, 5561082.937509862706065 ], [ 536897.220633627614006, 5561075.744421402923763 ], [ 536934.542990471236408, 5561073.345786274410784 ], [ 536994.168564976775087, 5561063.808133939281106 ], [ 537025.666619010386057, 5561059.434897057712078 ], [ 537050.891322842915542, 5561055.040408549830317 ], [ 537067.627808822668158, 5561054.033897656016052 ], [ 537087.117300495854579, 5561050.233439377509058 ], [ 537114.7533204582287, 5561040.885728080756962 ], [ 537151.936686426633969, 5561024.710828519426286 ], [ 537174.202537204604596, 5561016.849284255877137 ], [ 537190.690135735203512, 5561010.626467190682888 ], [ 537238.833415311877616, 5560978.605923159047961 ], [ 537275.465142735745758, 5560946.538533424027264 ], [ 537305.149821899598464, 5560914.878587082959712 ], [ 537343.089478876674548, 5560880.641439733095467 ], [ 537429.026899655000307, 5560795.937762786634266 ], [ 537441.018523685750552, 5560781.644840092398226 ], [ 537450.475660762982443, 5560772.52682622987777 ], [ 537460.759430764475837, 5560764.615531601011753 ], [ 537469.684202559059486, 5560758.129080018959939 ], [ 537492.321851544897072, 5560751.416756777092814 ], [ 537517.676467124605551, 5560741.009830916300416 ] ] } },
{ "type": "Feature", "properties": { "full_id": "w188726442", "osm_id": "188726442", "osm_type": "way", "highway": "residential", "service": null, "embankment": null, "footway": null, "sport": null, "description": null, "sac_scale": null, "mtb:scale:uphill": null, "mtb:scale": null, "incline": null, "tracktype": null, "wheelchair": null, "motor_vehicle": null, "horse": null, "foot": null, "bicycle": null, "lit": null, "junction": null, "old_ref": null, "oneway": null, "layer": null, "bridge": null, "int_name": null, "width": null, "name:uk": null, "name:ru": null, "name:en": null, "smoothness": null, "addr:city": "Россошь", "name:etymology:wikidata": null, "cutting": null, "surface": "unpaved", "ref_1": null, "ref": null, "name": "Рождественская улица", "maxspeed": "20", "lanes": null }, "geometry": { "type": "LineString", "coordinates": [ [ 535259.318091355613433, 5560954.482842448167503 ], [ 535328.246210859972052, 5560959.287549186497927 ], [ 535330.116083850618452, 5560959.299961170181632 ], [ 535333.12072708888445, 5560959.319906991906464 ], [ 535471.048835570341907, 5560960.237345925532281 ], [ 535548.756578580592759, 5560960.611248520202935 ], [ 535619.45775272406172, 5560944.660787635482848 ], [ 535676.693710396531969, 5560945.388837506063282 ], [ 535708.705375021789223, 5560944.169127033092082 ], [ 535715.590041996561922, 5560939.267248317599297 ], [ 535720.535048629157245, 5560912.847700018435717 ], [ 535716.546256463392638, 5560871.22376012802124 ], [ 535719.034805388306268, 5560842.86409646179527 ], [ 535722.975685469224118, 5560761.886707444675267 ], [ 535723.001878102310002, 5560757.984021879732609 ], [ 535722.57961603673175, 5560706.043112205341458 ], [ 535725.923367294599302, 5560664.068101869896054 ], [ 535729.704073399421759, 5560637.818663868121803 ], [ 535732.853188642300665, 5560596.142574834637344 ], [ 535732.539649053593166, 5560548.216459188610315 ], [ 535735.316714713932015, 5560503.49120222683996 ], [ 535736.944476951728575, 5560471.545380501076579 ], [ 535744.497986988048069, 5560436.225735320709646 ] ] } },
{ "type": "Feature", "properties": { "full_id": "w189204288", "osm_id": "189204288", "osm_type": "way", "highway": "unclassified", "service": null, "embankment": null, "footway": null, "sport": null, "description": null, "sac_scale": null, "mtb:scale:uphill": null, "mtb:scale": null, "incline": null, "tracktype": null, "wheelchair": null, "motor_vehicle": null, "horse": null, "foot": null, "bicycle": null, "lit": null, "junction": null, "old_ref": null, "oneway": null, "layer": null, "bridge": null, "int_name": null, "width": null, "name:uk": null, "name:ru": null, "name:en": null, "smoothness": null, "addr:city": null, "name:etymology:wikidata": null, "cutting": null, "surface": "unpaved", "ref_1": null, "ref": null, "name": null, "maxspeed": "20", "lanes": null }, "geometry": { "type": "LineString", "coordinates": [ [ 535916.229694279376417, 5560606.572361454367638 ], [ 535906.40952977410052, 5560586.269048213027418 ], [ 535877.731721454998478, 5560580.727312774397433 ], [ 535862.461089032003656, 5560573.752704030834138 ], [ 535854.143781320890412, 5560559.186036803759634 ], [ 535852.657236585626379, 5560535.091701646335423 ], [ 535852.064615659881383, 5560525.580741035751998 ], [ 535852.361026218277402, 5560522.902995266951621 ], [ 535856.553028971422464, 5560485.503795756027102 ], [ 535862.037358857924119, 5560466.070913905277848 ], [ 535864.414018007693812, 5560454.456178567372262 ] ] } },
{ "type": "Feature", "properties": { "full_id": "w189813139", "osm_id": "189813139", "osm_type": "way", "highway": "residential", "service": null, "embankment": null, "footway": null, "sport": null, "description": null, "sac_scale": null, "mtb:scale:uphill": null, "mtb:scale": null, "incline": null, "tracktype": null, "wheelchair": null, "motor_vehicle": null, "horse": null, "foot": null, "bicycle": null, "lit": null, "junction": null, "old_ref": null, "oneway": null, "layer": null, "bridge": null, "int_name": null, "width": null, "name:uk": null, "name:ru": null, "name:en": null, "smoothness": null, "addr:city": null, "name:etymology:wikidata": null, "cutting": null, "surface": "unpaved", "ref_1": null, "ref": null, "name": "Западный переулок", "maxspeed": "20", "lanes": null }, "geometry": { "type": "LineString", "coordinates": [ [ 536724.509714954881929, 5561413.921885561197996 ], [ 536701.687411908176728, 5561420.024601863697171 ], [ 536674.428237618645653, 5561419.614285824820399 ], [ 536574.670031993533485, 5561420.962554845027626 ], [ 536555.913183039752766, 5561420.177635732106864 ], [ 536551.128860513446853, 5561424.737041260115802 ] ] } },
{ "type": "Feature", "properties": { "full_id": "w191029670", "osm_id": "191029670", "osm_type": "way", "highway": "service", "service": null, "embankment": null, "footway": null, "sport": null, "description": null, "sac_scale": null, "mtb:scale:uphill": null, "mtb:scale": null, "incline": null, "tracktype": null, "wheelchair": null, "motor_vehicle": null, "horse": null, "foot": null, "bicycle": null, "lit": null, "junction": null, "old_ref": null, "oneway": null, "layer": null, "bridge": null, "int_name": null, "width": null, "name:uk": null, "name:ru": null, "name:en": null, "smoothness": null, "addr:city": null, "name:etymology:wikidata": null, "cutting": null, "surface": "unpaved", "ref_1": null, "ref": null, "name": null, "maxspeed": "20", "lanes": null }, "geometry": { "type": "LineString", "coordinates": [ [ 537202.8497411145363, 5560833.269632712006569 ], [ 537201.108997152303346, 5560826.00768222566694 ], [ 537197.877425927319564, 5560813.509242489933968 ], [ 537188.009149666060694, 5560800.842119624838233 ], [ 537184.628633489832282, 5560791.267023950815201 ], [ 537183.138565235887654, 5560785.919350923039019 ], [ 537178.360619283164851, 5560776.123231025412679 ] ] } },
{ "type": "Feature", "properties": { "full_id": "w191029737", "osm_id": "191029737", "osm_type": "way", "highway": "residential", "service": null, "embankment": null, "footway": null, "sport": null, "description": null, "sac_scale": null, "mtb:scale:uphill": null, "mtb:scale": null, "incline": null, "tracktype": null, "wheelchair": null, "motor_vehicle": null, "horse": null, "foot": null, "bicycle": null, "lit": null, "junction": null, "old_ref": null, "oneway": null, "layer": null, "bridge": null, "int_name": null, "width": null, "name:uk": null, "name:ru": null, "name:en": null, "smoothness": null, "addr:city": null, "name:etymology:wikidata": null, "cutting": null, "surface": "unpaved", "ref_1": null, "ref": null, "name": "переулок Пески", "maxspeed": "20", "lanes": null }, "geometry": { "type": "LineString", "coordinates": [ [ 537414.818605006090365, 5560746.846213806420565 ], [ 537410.8294515425805, 5560731.50689342059195 ], [ 537407.062806105241179, 5560717.003088122233748 ], [ 537404.589383594575338, 5560693.168159363791347 ], [ 537401.598486393224448, 5560628.188180027529597 ], [ 537399.120928373769857, 5560604.931432510726154 ], [ 537395.340065950527787, 5560583.288948966190219 ] ] } },
{ "type": "Feature", "properties": { "full_id": "w191185720", "osm_id": "191185720", "osm_type": "way", "highway": "service", "service": null, "embankment": null, "footway": null, "sport": null, "description": null, "sac_scale": null, "mtb:scale:uphill": null, "mtb:scale": null, "incline": null, "tracktype": null, "wheelchair": null, "motor_vehicle": null, "horse": null, "foot": null, "bicycle": null, "lit": null, "junction": null, "old_ref": null, "oneway": null, "layer": null, "bridge": null, "int_name": null, "width": null, "name:uk": null, "name:ru": null, "name:en": null, "smoothness": null, "addr:city": null, "name:etymology:wikidata": "Q42976", "cutting": null, "surface": "asphalt", "ref_1": null, "ref": null, "name": "Октябрьская улица", "maxspeed": "20", "lanes": null }, "geometry": { "type": "LineString", "coordinates": [ [ 537026.80291958572343, 5561681.834791962988675 ], [ 537117.743278184207156, 5561639.547824937850237 ], [ 537121.250088538508862, 5561636.069704248569906 ], [ 537116.472588353208266, 5561625.284003521315753 ], [ 537092.103434528340586, 5561574.888153705745935 ], [ 537071.770261673256755, 5561525.921573093160987 ], [ 537053.978819624055177, 5561475.71629423648119 ] ] } },
{ "type": "Feature", "properties": { "full_id": "w191271378", "osm_id": "191271378", "osm_type": "way", "highway": "residential", "service": null, "embankment": null, "footway": null, "sport": null, "description": null, "sac_scale": null, "mtb:scale:uphill": null, "mtb:scale": null, "incline": null, "tracktype": null, "wheelchair": null, "motor_vehicle": null, "horse": null, "foot": null, "bicycle": null, "lit": null, "junction": null, "old_ref": null, "oneway": null, "layer": null, "bridge": null, "int_name": null, "width": null, "name:uk": null, "name:ru": null, "name:en": null, "smoothness": null, "addr:city": null, "name:etymology:wikidata": "Q43718", "cutting": null, "surface": null, "ref_1": null, "ref": null, "name": "улица Гоголя", "maxspeed": null, "lanes": null }, "geometry": { "type": "LineString", "coordinates": [ [ 537321.876695510349236, 5560756.523544293828309 ], [ 537243.841037103207782, 5560768.875332731753588 ], [ 537205.359032119158655, 5560774.488315525464714 ], [ 537178.360619283164851, 5560776.123231025412679 ], [ 537141.98676832288038, 5560779.338508646935225 ] ] } },
{ "type": "Feature", "properties": { "full_id": "w191279781", "osm_id": "191279781", "osm_type": "way", "highway": "track", "service": null, "embankment": null, "footway": null, "sport": null, "description": null, "sac_scale": null, "mtb:scale:uphill": null, "mtb:scale": null, "incline": null, "tracktype": null, "wheelchair": null, "motor_vehicle": null, "horse": null, "foot": null, "bicycle": null, "lit": null, "junction": null, "old_ref": null, "oneway": null, "layer": null, "bridge": null, "int_name": null, "width": null, "name:uk": null, "name:ru": null, "name:en": null, "smoothness": null, "addr:city": null, "name:etymology:wikidata": null, "cutting": null, "surface": "dirt", "ref_1": null, "ref": null, "name": null, "maxspeed": "20", "lanes": null }, "geometry": { "type": "LineString", "coordinates": [ [ 537157.058743069879711, 5560676.423414933495224 ], [ 537152.416346371755935, 5560661.50227252393961 ], [ 537124.887380173197016, 5560643.952978362329304 ], [ 537119.303386652958579, 5560638.14312145486474 ], [ 537117.930506472941488, 5560632.351514671929181 ], [ 537117.299841744825244, 5560628.622153288684785 ], [ 537118.614015640690923, 5560620.314085083082318 ], [ 537099.707007940160111, 5560560.7941281106323 ], [ 537091.136585822561756, 5560532.836097646504641 ], [ 537079.095929955830798, 5560513.237855462357402 ], [ 537076.506078451406211, 5560512.041171169839799 ], [ 537031.709581125178374, 5560491.403281907550991 ], [ 537005.26253836567048, 5560500.804190588183701 ], [ 536932.247392966179177, 5560508.247397954575717 ] ] } },
{ "type": "Feature", "properties": { "full_id": "w191987809", "osm_id": "191987809", "osm_type": "way", "highway": "residential", "service": null, "embankment": null, "footway": null, "sport": null, "description": null, "sac_scale": null, "mtb:scale:uphill": null, "mtb:scale": null, "incline": null, "tracktype": null, "wheelchair": null, "motor_vehicle": null, "horse": null, "foot": null, "bicycle": null, "lit": null, "junction": null, "old_ref": null, "oneway": null, "layer": null, "bridge": null, "int_name": null, "width": null, "name:uk": null, "name:ru": null, "name:en": null, "smoothness": null, "addr:city": null, "name:etymology:wikidata": "Q8680884", "cutting": null, "surface": "unpaved", "ref_1": null, "ref": null, "name": "переулок Декабристов", "maxspeed": "20", "lanes": null }, "geometry": { "type": "LineString", "coordinates": [ [ 537009.669814664288424, 5561495.945311230607331 ], [ 536997.251815382624045, 5561467.260104919783771 ], [ 536992.04606977768708, 5561442.049806646071374 ], [ 536988.792994322022423, 5561414.151095980778337 ], [ 536976.312190509517677, 5561336.940867437049747 ], [ 536967.465256803203374, 5561287.242837333120406 ], [ 536949.732017239904962, 5561179.05119900777936 ], [ 536933.905998002854176, 5561084.916554795578122 ], [ 536934.542990471236408, 5561073.345786274410784 ], [ 536936.461208675405942, 5561066.387298885732889 ], [ 536930.188467103173025, 5561036.443978846073151 ], [ 536920.481571043143049, 5561000.483544098213315 ], [ 536912.274508693371899, 5560969.503857262432575 ], [ 536904.040981290163472, 5560942.326800987124443 ], [ 536902.234926400240511, 5560925.902199877426028 ], [ 536903.483760824077763, 5560915.636630673892796 ] ] } },
{ "type": "Feature", "properties": { "full_id": "w191988957", "osm_id": "191988957", "osm_type": "way", "highway": "residential", "service": null, "embankment": null, "footway": null, "sport": null, "description": null, "sac_scale": null, "mtb:scale:uphill": null, "mtb:scale": null, "incline": null, "tracktype": null, "wheelchair": null, "motor_vehicle": null, "horse": null, "foot": null, "bicycle": null, "lit": null, "junction": null, "old_ref": null, "oneway": null, "layer": null, "bridge": null, "int_name": null, "width": null, "name:uk": null, "name:ru": null, "name:en": null, "smoothness": null, "addr:city": null, "name:etymology:wikidata": null, "cutting": null, "surface": "unpaved", "ref_1": null, "ref": null, "name": null, "maxspeed": "20", "lanes": null }, "geometry": { "type": "LineString", "coordinates": [ [ 537898.274238950456493, 5561352.377749159932137 ], [ 537901.112290395074524, 5561358.724857829511166 ], [ 537904.416259825229645, 5561373.803958377800882 ], [ 537912.834961710497737, 5561417.251545014791191 ], [ 537916.646213777014054, 5561439.250491762533784 ] ] } },
{ "type": "Feature", "properties": { "full_id": "w192050122", "osm_id": "192050122", "osm_type": "way", "highway": "residential", "service": null, "embankment": null, "footway": null, "sport": null, "description": null, "sac_scale": null, "mtb:scale:uphill": null, "mtb:scale": null, "incline": null, "tracktype": null, "wheelchair": null, "motor_vehicle": null, "horse": null, "foot": null, "bicycle": null, "lit": null, "junction": null, "old_ref": null, "oneway": null, "layer": null, "bridge": null, "int_name": null, "width": null, "name:uk": null, "name:ru": null, "name:en": null, "smoothness": null, "addr:city": null, "name:etymology:wikidata": null, "cutting": null, "surface": "unpaved", "ref_1": null, "ref": null, "name": "улица Молодогвардейцев", "maxspeed": "20", "lanes": null }, "geometry": { "type": "LineString", "coordinates": [ [ 538004.618197989766486, 5561778.205994385294616 ], [ 538014.51985588716343, 5561780.678502027876675 ], [ 538040.30913317471277, 5561786.800536442548037 ], [ 538093.45766466006171, 5561795.03102121129632 ], [ 538156.829016973963007, 5561803.702275863848627 ], [ 538174.758373799268156, 5561807.222277859225869 ], [ 538199.31852214212995, 5561812.546795416623354 ] ] } },
{ "type": "Feature", "properties": { "full_id": "w192050129", "osm_id": "192050129", "osm_type": "way", "highway": "residential", "service": null, "embankment": null, "footway": null, "sport": null, "description": null, "sac_scale": null, "mtb:scale:uphill": null, "mtb:scale": null, "incline": null, "tracktype": null, "wheelchair": null, "motor_vehicle": null, "horse": null, "foot": null, "bicycle": null, "lit": null, "junction": null, "old_ref": null, "oneway": null, "layer": null, "bridge": null, "int_name": null, "width": null, "name:uk": null, "name:ru": null, "name:en": null, "smoothness": null, "addr:city": null, "name:etymology:wikidata": null, "cutting": null, "surface": "asphalt", "ref_1": null, "ref": null, "name": "улица Молодогвардейцев", "maxspeed": "20", "lanes": null }, "geometry": { "type": "LineString", "coordinates": [ [ 538199.31852214212995, 5561812.546795416623354 ], [ 538191.810434275190346, 5561840.502522620372474 ], [ 538180.794290402205661, 5561881.98756555840373 ], [ 538175.882660901290365, 5561890.225114271044731 ], [ 538167.338044699747115, 5561892.598950870335102 ], [ 538097.71071784500964, 5561883.749327412806451 ], [ 538014.486217088066041, 5561870.289004351943731 ], [ 538006.84674952889327, 5561867.832652822136879 ], [ 538002.659864080720581, 5561864.555900693871081 ], [ 537999.224798142793588, 5561857.926481011323631 ], [ 537999.688064524438232, 5561836.024694176390767 ], [ 538002.213641940266825, 5561801.139131725765765 ], [ 538004.618197989766486, 5561778.205994385294616 ] ] } },
{ "type": "Feature", "properties": { "full_id": "w192587601", "osm_id": "192587601", "osm_type": "way", "highway": "service", "service": null, "embankment": null, "footway": null, "sport": null, "description": null, "sac_scale": null, "mtb:scale:uphill": null, "mtb:scale": null, "incline": null, "tracktype": null, "wheelchair": null, "motor_vehicle": null, "horse": null, "foot": null, "bicycle": null, "lit": null, "junction": null, "old_ref": null, "oneway": null, "layer": null, "bridge": null, "int_name": null, "width": null, "name:uk": null, "name:ru": null, "name:en": null, "smoothness": null, "addr:city": null, "name:etymology:wikidata": null, "cutting": null, "surface": "unpaved", "ref_1": null, "ref": null, "name": null, "maxspeed": null, "lanes": null }, "geometry": { "type": "LineString", "coordinates": [ [ 535736.944476951728575, 5560471.545380501076579 ], [ 535728.893749483278953, 5560506.51700284704566 ], [ 535693.434279349981807, 5560506.312474572099745 ], [ 535663.057441618060693, 5560502.839812478981912 ], [ 535634.046095924335532, 5560485.177174500189722 ] ] } },
{ "type": "Feature", "properties": { "full_id": "w197316394", "osm_id": "197316394", "osm_type": "way", "highway": "residential", "service": null, "embankment": null, "footway": null, "sport": null, "description": null, "sac_scale": null, "mtb:scale:uphill": null, "mtb:scale": null, "incline": null, "tracktype": null, "wheelchair": null, "motor_vehicle": null, "horse": null, "foot": null, "bicycle": null, "lit": null, "junction": null, "old_ref": null, "oneway": null, "layer": null, "bridge": null, "int_name": null, "width": null, "name:uk": null, "name:ru": null, "name:en": null, "smoothness": null, "addr:city": null, "name:etymology:wikidata": "Q201221", "cutting": null, "surface": "unpaved", "ref_1": null, "ref": null, "name": "улица Герцена", "maxspeed": "20", "lanes": null }, "geometry": { "type": "LineString", "coordinates": [ [ 537253.73705663124565, 5562176.21590490359813 ], [ 537242.239959273487329, 5562174.400797948241234 ], [ 537185.645367427030578, 5562174.64985672570765 ], [ 537092.782972125802189, 5562171.444172989577055 ], [ 537048.626038462505676, 5562169.613150952383876 ], [ 537024.262892265338451, 5562167.853488568216562 ] ] } },
{ "type": "Feature", "properties": { "full_id": "w197317432", "osm_id": "197317432", "osm_type": "way", "highway": "residential", "service": null, "embankment": null, "footway": null, "sport": null, "description": null, "sac_scale": null, "mtb:scale:uphill": null, "mtb:scale": null, "incline": null, "tracktype": null, "wheelchair": null, "motor_vehicle": null, "horse": null, "foot": null, "bicycle": null, "lit": null, "junction": null, "old_ref": null, "oneway": null, "layer": null, "bridge": null, "int_name": null, "width": null, "name:uk": null, "name:ru": null, "name:en": null, "smoothness": null, "addr:city": null, "name:etymology:wikidata": null, "cutting": null, "surface": "unpaved", "ref_1": null, "ref": null, "name": "Молодёжная улица", "maxspeed": "20", "lanes": null }, "geometry": { "type": "LineString", "coordinates": [ [ 537510.549419919610955, 5561668.054664387367666 ], [ 537502.366097677848302, 5561668.775336476974189 ], [ 537487.600371509790421, 5561672.918872443959117 ], [ 537445.116414104471914, 5561680.214238483458757 ], [ 537405.685193191166036, 5561700.952420647256076 ], [ 537383.486177164013498, 5561722.000958252698183 ], [ 537382.883047509938478, 5561729.635693944990635 ], [ 537382.267048809793778, 5561751.291802518069744 ], [ 537366.4946685686009, 5561869.357165232300758 ], [ 537343.839362032711506, 5562047.040569022297859 ] ] } },
{ "type": "Feature", "properties": { "full_id": "w197920419", "osm_id": "197920419", "osm_type": "way", "highway": "service", "service": null, "embankment": null, "footway": null, "sport": null, "description": null, "sac_scale": null, "mtb:scale:uphill": null, "mtb:scale": null, "incline": null, "tracktype": null, "wheelchair": null, "motor_vehicle": null, "horse": null, "foot": null, "bicycle": null, "lit": null, "junction": null, "old_ref": null, "oneway": null, "layer": null, "bridge": null, "int_name": null, "width": null, "name:uk": null, "name:ru": null, "name:en": null, "smoothness": null, "addr:city": null, "name:etymology:wikidata": null, "cutting": null, "surface": "asphalt", "ref_1": null, "ref": null, "name": null, "maxspeed": "20", "lanes": null }, "geometry": { "type": "LineString", "coordinates": [ [ 537607.501776739489287, 5561132.087249317206442 ], [ 537604.959039618493989, 5561128.322072873823345 ], [ 537593.445113956928253, 5561111.406087188981473 ], [ 537575.197401896934025, 5561092.952593759633601 ], [ 537566.88920292223338, 5561076.859892858192325 ] ] } },
{ "type": "Feature", "properties": { "full_id": "w197920429", "osm_id": "197920429", "osm_type": "way", "highway": "service", "service": null, "embankment": null, "footway": null, "sport": null, "description": null, "sac_scale": null, "mtb:scale:uphill": null, "mtb:scale": null, "incline": null, "tracktype": null, "wheelchair": null, "motor_vehicle": null, "horse": null, "foot": null, "bicycle": null, "lit": null, "junction": null, "old_ref": null, "oneway": null, "layer": null, "bridge": null, "int_name": null, "width": null, "name:uk": null, "name:ru": null, "name:en": null, "smoothness": null, "addr:city": null, "name:etymology:wikidata": null, "cutting": null, "surface": null, "ref_1": null, "ref": null, "name": null, "maxspeed": null, "lanes": null }, "geometry": { "type": "LineString", "coordinates": [ [ 537508.608183237258345, 5561218.520296419039369 ], [ 537517.681117067113519, 5561213.191381989978254 ], [ 537524.583349477499723, 5561200.930963312275708 ] ] } },
{ "type": "Feature", "properties": { "full_id": "w197920454", "osm_id": "197920454", "osm_type": "way", "highway": "residential", "service": null, "embankment": null, "footway": null, "sport": null, "description": null, "sac_scale": null, "mtb:scale:uphill": null, "mtb:scale": null, "incline": null, "tracktype": null, "wheelchair": null, "motor_vehicle": null, "horse": null, "foot": null, "bicycle": null, "lit": null, "junction": null, "old_ref": null, "oneway": "yes", "layer": null, "bridge": null, "int_name": null, "width": null, "name:uk": "Жовтнева вулиця", "name:ru": "Октябрьская улица", "name:en": "Oktyabrskaya Street", "smoothness": null, "addr:city": null, "name:etymology:wikidata": "Q42976", "cutting": null, "surface": "asphalt", "ref_1": null, "ref": null, "name": "Октябрьская улица", "maxspeed": "20", "lanes": null }, "geometry": { "type": "LineString", "coordinates": [ [ 537939.675921989604831, 5560843.596780236810446 ], [ 537948.272967011318542, 5560920.181224729865789 ] ] } },
{ "type": "Feature", "properties": { "full_id": "w197920481", "osm_id": "197920481", "osm_type": "way", "highway": "residential", "service": null, "embankment": null, "footway": null, "sport": null, "description": null, "sac_scale": null, "mtb:scale:uphill": null, "mtb:scale": null, "incline": null, "tracktype": null, "wheelchair": null, "motor_vehicle": null, "horse": null, "foot": null, "bicycle": null, "lit": null, "junction": null, "old_ref": null, "oneway": "yes", "layer": null, "bridge": null, "int_name": null, "width": null, "name:uk": null, "name:ru": null, "name:en": null, "smoothness": null, "addr:city": null, "name:etymology:wikidata": null, "cutting": null, "surface": "unpaved", "ref_1": null, "ref": null, "name": null, "maxspeed": "20", "lanes": null }, "geometry": { "type": "LineString", "coordinates": [ [ 537838.83662958140485, 5560907.037402461282909 ], [ 537837.800423099193722, 5560890.150912574492395 ], [ 537827.866017491556704, 5560852.875065235421062 ] ] } },
{ "type": "Feature", "properties": { "full_id": "w199310731", "osm_id": "199310731", "osm_type": "way", "highway": "residential", "service": null, "embankment": null, "footway": null, "sport": null, "description": null, "sac_scale": null, "mtb:scale:uphill": null, "mtb:scale": null, "incline": null, "tracktype": null, "wheelchair": null, "motor_vehicle": null, "horse": null, "foot": null, "bicycle": null, "lit": null, "junction": null, "old_ref": null, "oneway": null, "layer": null, "bridge": "yes", "int_name": null, "width": null, "name:uk": null, "name:ru": null, "name:en": null, "smoothness": null, "addr:city": null, "name:etymology:wikidata": null, "cutting": null, "surface": null, "ref_1": null, "ref": null, "name": "улица Мордовцева", "maxspeed": null, "lanes": null }, "geometry": { "type": "LineString", "coordinates": [ [ 537945.05467112059705, 5562043.043815189041197 ], [ 537944.59267190285027, 5562056.795143749564886 ] ] } },
{ "type": "Feature", "properties": { "full_id": "w199310732", "osm_id": "199310732", "osm_type": "way", "highway": "residential", "service": null, "embankment": null, "footway": null, "sport": null, "description": null, "sac_scale": null, "mtb:scale:uphill": null, "mtb:scale": null, "incline": null, "tracktype": null, "wheelchair": null, "motor_vehicle": null, "horse": null, "foot": null, "bicycle": null, "lit": null, "junction": null, "old_ref": null, "oneway": null, "layer": null, "bridge": null, "int_name": null, "width": null, "name:uk": null, "name:ru": null, "name:en": null, "smoothness": null, "addr:city": null, "name:etymology:wikidata": null, "cutting": null, "surface": null, "ref_1": null, "ref": null, "name": "улица Мордовцева", "maxspeed": null, "lanes": null }, "geometry": { "type": "LineString", "coordinates": [ [ 537944.59267190285027, 5562056.795143749564886 ], [ 537944.635313714272343, 5562066.825092621147633 ], [ 537947.075532636605203, 5562081.864725147373974 ] ] } },
{ "type": "Feature", "properties": { "full_id": "w199336285", "osm_id": "199336285", "osm_type": "way", "highway": "residential", "service": null, "embankment": null, "footway": null, "sport": null, "description": null, "sac_scale": null, "mtb:scale:uphill": null, "mtb:scale": null, "incline": null, "tracktype": null, "wheelchair": null, "motor_vehicle": null, "horse": null, "foot": null, "bicycle": null, "lit": null, "junction": null, "old_ref": null, "oneway": null, "layer": null, "bridge": null, "int_name": null, "width": null, "name:uk": null, "name:ru": null, "name:en": null, "smoothness": null, "addr:city": "Россошь", "name:etymology:wikidata": null, "cutting": null, "surface": "unpaved", "ref_1": null, "ref": null, "name": "Светлая улица", "maxspeed": "20", "lanes": null }, "geometry": { "type": "LineString", "coordinates": [ [ 535626.681030313484371, 5560630.034038049168885 ], [ 535609.823088781209663, 5560633.045744953677058 ], [ 535573.215570174856111, 5560631.733521234244108 ], [ 535527.513923877850175, 5560630.527632335200906 ] ] } },
{ "type": "Feature", "properties": { "full_id": "w199605624", "osm_id": "199605624", "osm_type": "way", "highway": "residential", "service": null, "embankment": null, "footway": null, "sport": null, "description": null, "sac_scale": null, "mtb:scale:uphill": null, "mtb:scale": null, "incline": null, "tracktype": null, "wheelchair": null, "motor_vehicle": null, "horse": null, "foot": null, "bicycle": null, "lit": null, "junction": null, "old_ref": null, "oneway": null, "layer": null, "bridge": null, "int_name": null, "width": null, "name:uk": "Жовтнева вулиця", "name:ru": "Октябрьская улица", "name:en": "Oktyabrskaya Street", "smoothness": null, "addr:city": null, "name:etymology:wikidata": "Q42976", "cutting": null, "surface": "unpaved", "ref_1": null, "ref": null, "name": "Октябрьская улица", "maxspeed": "20", "lanes": null }, "geometry": { "type": "LineString", "coordinates": [ [ 537710.41845155833289, 5560878.205394588410854 ], [ 537691.094920046976767, 5560884.61779623478651 ], [ 537676.995348058175296, 5560894.147294197231531 ], [ 537655.902887761942111, 5560907.474632647819817 ], [ 537630.467231976450421, 5560926.386597561649978 ], [ 537610.079952901811339, 5560943.988917024806142 ], [ 537593.591889793751761, 5560965.332703686319292 ], [ 537573.268267738865688, 5560980.022351898252964 ], [ 537535.989022665657103, 5561011.582776665687561 ], [ 537533.654184501385316, 5561021.840554331429303 ], [ 537494.197086297906935, 5561061.725392687134445 ], [ 537483.569450630806386, 5561075.972205788828433 ], [ 537480.832631104625762, 5561084.548158989287913 ], [ 537470.858551380108111, 5561095.185823484323919 ], [ 537417.443974950700067, 5561150.072996047325432 ], [ 537414.783448347239755, 5561151.877858475781977 ], [ 537403.718186897225678, 5561159.394568722695112 ], [ 537365.574425081489608, 5561185.31260281521827 ], [ 537344.384973188862205, 5561193.414402136579156 ], [ 537296.415122642880306, 5561234.475200751796365 ] ] } },
{ "type": "Feature", "properties": { "full_id": "w199650824", "osm_id": "199650824", "osm_type": "way", "highway": "residential", "service": null, "embankment": null, "footway": null, "sport": null, "description": null, "sac_scale": null, "mtb:scale:uphill": null, "mtb:scale": null, "incline": null, "tracktype": null, "wheelchair": null, "motor_vehicle": null, "horse": null, "foot": null, "bicycle": null, "lit": null, "junction": null, "old_ref": null, "oneway": null, "layer": null, "bridge": null, "int_name": null, "width": null, "name:uk": null, "name:ru": null, "name:en": null, "smoothness": null, "addr:city": null, "name:etymology:wikidata": null, "cutting": null, "surface": "unpaved", "ref_1": null, "ref": null, "name": "переулок Свободы", "maxspeed": "20", "lanes": null }, "geometry": { "type": "LineString", "coordinates": [ [ 537967.974997820216231, 5561028.824074868112803 ], [ 538102.426199211739004, 5561033.743403371423483 ] ] } },
{ "type": "Feature", "properties": { "full_id": "w199975378", "osm_id": "199975378", "osm_type": "way", "highway": "residential", "service": null, "embankment": null, "footway": null, "sport": null, "description": null, "sac_scale": null, "mtb:scale:uphill": null, "mtb:scale": null, "incline": null, "tracktype": null, "wheelchair": null, "motor_vehicle": null, "horse": null, "foot": null, "bicycle": null, "lit": null, "junction": null, "old_ref": null, "oneway": null, "layer": null, "bridge": null, "int_name": null, "width": null, "name:uk": null, "name:ru": null, "name:en": null, "smoothness": null, "addr:city": null, "name:etymology:wikidata": null, "cutting": null, "surface": "asphalt", "ref_1": null, "ref": null, "name": "улица Урицкого", "maxspeed": "20", "lanes": null }, "geometry": { "type": "LineString", "coordinates": [ [ 537952.584129879483953, 5561381.530493594706059 ], [ 537941.885940187377855, 5561394.575015121139586 ], [ 537934.937061592354439, 5561403.265267934650183 ], [ 537924.665418648044579, 5561421.561187107115984 ], [ 537916.646213777014054, 5561439.250491762533784 ], [ 537896.037262601661496, 5561513.169538755901158 ], [ 537860.677894892171025, 5561634.218612995930016 ], [ 537842.030572621966712, 5561711.476511193439364 ], [ 537831.555600898573175, 5561749.463498230092227 ], [ 537818.362785513047129, 5561833.509702785871923 ], [ 537798.486980923102237, 5561948.264544425532222 ] ] } },
{ "type": "Feature", "properties": { "full_id": "w199984338", "osm_id": "199984338", "osm_type": "way", "highway": "residential", "service": null, "embankment": null, "footway": null, "sport": null, "description": null, "sac_scale": null, "mtb:scale:uphill": null, "mtb:scale": null, "incline": null, "tracktype": null, "wheelchair": null, "motor_vehicle": null, "horse": null, "foot": null, "bicycle": null, "lit": null, "junction": null, "old_ref": null, "oneway": null, "layer": null, "bridge": null, "int_name": null, "width": null, "name:uk": null, "name:ru": null, "name:en": null, "smoothness": null, "addr:city": null, "name:etymology:wikidata": "Q229828", "cutting": null, "surface": "unpaved", "ref_1": null, "ref": null, "name": "улица Калинина", "maxspeed": "20", "lanes": null }, "geometry": { "type": "LineString", "coordinates": [ [ 537739.233800959656946, 5561700.20532086584717 ], [ 537759.393028834136203, 5561701.32683642860502 ], [ 537784.122784429579042, 5561703.993109738454223 ], [ 537842.030572621966712, 5561711.476511193439364 ], [ 537859.044823542470112, 5561715.300276136957109 ], [ 537873.039976721862331, 5561717.178961892612278 ], [ 537884.259169427328743, 5561719.04903931170702 ], [ 537898.461967557203025, 5561721.829936495982111 ], [ 537953.847346490132622, 5561730.730988439172506 ] ] } },
{ "type": "Feature", "properties": { "full_id": "w199994461", "osm_id": "199994461", "osm_type": "way", "highway": "residential", "service": null, "embankment": null, "footway": null, "sport": null, "description": null, "sac_scale": null, "mtb:scale:uphill": null, "mtb:scale": null, "incline": null, "tracktype": null, "wheelchair": null, "motor_vehicle": null, "horse": null, "foot": null, "bicycle": null, "lit": null, "junction": null, "old_ref": null, "oneway": null, "layer": null, "bridge": null, "int_name": null, "width": null, "name:uk": null, "name:ru": null, "name:en": null, "smoothness": null, "addr:city": null, "name:etymology:wikidata": "Q1990730", "cutting": null, "surface": "unpaved", "ref_1": null, "ref": null, "name": "улица Щорса", "maxspeed": "20", "lanes": null }, "geometry": { "type": "LineString", "coordinates": [ [ 537613.198418974876404, 5561698.356663866899908 ], [ 537620.255637180176564, 5561638.884806436486542 ], [ 537644.027593884500675, 5561507.644752628169954 ], [ 537658.433426478062756, 5561436.449582839384675 ], [ 537668.48123861500062, 5561372.006392077542841 ] ] } },
{ "type": "Feature", "properties": { "full_id": "w200132085", "osm_id": "200132085", "osm_type": "way", "highway": "residential", "service": null, "embankment": null, "footway": null, "sport": null, "description": null, "sac_scale": null, "mtb:scale:uphill": null, "mtb:scale": null, "incline": null, "tracktype": null, "wheelchair": null, "motor_vehicle": null, "horse": null, "foot": null, "bicycle": null, "lit": null, "junction": null, "old_ref": null, "oneway": null, "layer": null, "bridge": null, "int_name": null, "width": null, "name:uk": null, "name:ru": null, "name:en": null, "smoothness": null, "addr:city": null, "name:etymology:wikidata": null, "cutting": null, "surface": "unpaved", "ref_1": null, "ref": null, "name": null, "maxspeed": "20", "lanes": null }, "geometry": { "type": "LineString", "coordinates": [ [ 537024.262892265338451, 5562167.853488568216562 ], [ 537008.978679535910487, 5562196.523944669403136 ], [ 537002.041745014372282, 5562208.99604769423604 ], [ 536998.548821210977621, 5562220.802711449563503 ], [ 536986.325580772128887, 5562239.275865030474961 ], [ 536976.860473896609619, 5562244.892043591476977 ], [ 536958.920238723512739, 5562250.238088854588568 ], [ 536938.50640037865378, 5562256.267536233179271 ], [ 536925.672578169032931, 5562257.890820104628801 ], [ 536914.354280199971981, 5562257.056161621585488 ] ] } },
{ "type": "Feature", "properties": { "full_id": "w200387797", "osm_id": "200387797", "osm_type": "way", "highway": "residential", "service": null, "embankment": null, "footway": null, "sport": null, "description": null, "sac_scale": null, "mtb:scale:uphill": null, "mtb:scale": null, "incline": null, "tracktype": null, "wheelchair": null, "motor_vehicle": null, "horse": null, "foot": null, "bicycle": null, "lit": null, "junction": null, "old_ref": null, "oneway": null, "layer": null, "bridge": null, "int_name": null, "width": null, "name:uk": null, "name:ru": null, "name:en": null, "smoothness": null, "addr:city": null, "name:etymology:wikidata": null, "cutting": null, "surface": "unpaved", "ref_1": null, "ref": null, "name": "Садовая улица", "maxspeed": "20", "lanes": null }, "geometry": { "type": "LineString", "coordinates": [ [ 536967.465256803203374, 5561287.242837333120406 ], [ 536989.615734736085869, 5561283.460516447201371 ], [ 537037.928217037115246, 5561267.617947470396757 ], [ 537106.247383947018534, 5561242.319310927763581 ], [ 537151.270171111333184, 5561226.521543277427554 ] ] } },
{ "type": "Feature", "properties": { "full_id": "w200387910", "osm_id": "200387910", "osm_type": "way", "highway": "residential", "service": null, "embankment": null, "footway": null, "sport": null, "description": null, "sac_scale": null, "mtb:scale:uphill": null, "mtb:scale": null, "incline": null, "tracktype": null, "wheelchair": null, "motor_vehicle": null, "horse": null, "foot": null, "bicycle": null, "lit": null, "junction": null, "old_ref": null, "oneway": null, "layer": null, "bridge": null, "int_name": null, "width": null, "name:uk": null, "name:ru": null, "name:en": null, "smoothness": null, "addr:city": null, "name:etymology:wikidata": null, "cutting": null, "surface": "unpaved", "ref_1": null, "ref": null, "name": null, "maxspeed": "20", "lanes": null }, "geometry": { "type": "LineString", "coordinates": [ [ 536768.892132333246991, 5561198.102564270608127 ], [ 536764.156248351675458, 5561188.36270150821656 ], [ 536756.253508978988975, 5561181.436390837654471 ] ] } },
{ "type": "Feature", "properties": { "full_id": "w200395920", "osm_id": "200395920", "osm_type": "way", "highway": "residential", "service": null, "embankment": null, "footway": null, "sport": null, "description": null, "sac_scale": null, "mtb:scale:uphill": null, "mtb:scale": null, "incline": null, "tracktype": null, "wheelchair": null, "motor_vehicle": null, "horse": null, "foot": null, "bicycle": null, "lit": null, "junction": null, "old_ref": null, "oneway": null, "layer": null, "bridge": null, "int_name": null, "width": null, "name:uk": null, "name:ru": null, "name:en": null, "smoothness": null, "addr:city": null, "name:etymology:wikidata": null, "cutting": null, "surface": "unpaved", "ref_1": null, "ref": null, "name": "Западный переулок", "maxspeed": "20", "lanes": null }, "geometry": { "type": "LineString", "coordinates": [ [ 536669.922253028256819, 5561314.372451302595437 ], [ 536668.624723807559349, 5561300.709016060456634 ], [ 536671.326432073372416, 5561277.343754676170647 ], [ 536674.305690461071208, 5561243.739537695422769 ], [ 536676.165425460087135, 5561229.675327280536294 ], [ 536677.674813106539659, 5561210.527185851708055 ], [ 536677.864237532485276, 5561183.041597423143685 ], [ 536673.816071139997803, 5561167.724671851843596 ] ] } },
{ "type": "Feature", "properties": { "full_id": "w200418358", "osm_id": "200418358", "osm_type": "way", "highway": "service", "service": null, "embankment": null, "footway": null, "sport": null, "description": null, "sac_scale": null, "mtb:scale:uphill": null, "mtb:scale": null, "incline": null, "tracktype": null, "wheelchair": null, "motor_vehicle": null, "horse": null, "foot": null, "bicycle": null, "lit": null, "junction": null, "old_ref": null, "oneway": null, "layer": null, "bridge": null, "int_name": null, "width": null, "name:uk": null, "name:ru": null, "name:en": null, "smoothness": null, "addr:city": null, "name:etymology:wikidata": null, "cutting": null, "surface": "unpaved", "ref_1": null, "ref": null, "name": null, "maxspeed": "20", "lanes": null }, "geometry": { "type": "LineString", "coordinates": [ [ 538298.619260897510685, 5562538.008789828978479 ], [ 538297.403464420582168, 5562531.461854885332286 ], [ 538293.107209716225043, 5562527.616987732239068 ], [ 538291.277638622326776, 5562527.036730964668095 ], [ 538286.329890371416695, 5562525.477767509408295 ], [ 538174.82338957011234, 5562514.19086632784456 ], [ 538113.206961449584924, 5562506.75498653203249 ], [ 538056.395892832078971, 5562504.81379796564579 ], [ 538024.172866335487925, 5562499.868774400092661 ] ] } },
{ "type": "Feature", "properties": { "full_id": "w201916832", "osm_id": "201916832", "osm_type": "way", "highway": "residential", "service": null, "embankment": null, "footway": null, "sport": null, "description": null, "sac_scale": null, "mtb:scale:uphill": null, "mtb:scale": null, "incline": null, "tracktype": null, "wheelchair": null, "motor_vehicle": null, "horse": null, "foot": null, "bicycle": null, "lit": null, "junction": null, "old_ref": null, "oneway": null, "layer": null, "bridge": null, "int_name": null, "width": null, "name:uk": null, "name:ru": null, "name:en": null, "smoothness": null, "addr:city": "Россошь", "name:etymology:wikidata": null, "cutting": null, "surface": "unpaved", "ref_1": null, "ref": null, "name": "Криничная улица", "maxspeed": "20", "lanes": null }, "geometry": { "type": "LineString", "coordinates": [ [ 534675.159618058707565, 5560518.028801872394979 ], [ 534671.549149196129292, 5560504.684441566467285 ], [ 534665.970096621545963, 5560495.496976502239704 ], [ 534660.888902813429013, 5560484.389131925068796 ], [ 534657.585014113923535, 5560473.281744567677379 ], [ 534654.89643267984502, 5560457.563883628696203 ], [ 534644.848123885225505, 5560437.53945473395288 ], [ 534630.463911384926178, 5560419.088006751611829 ], [ 534627.254663286963478, 5560410.9723294461146 ], [ 534627.204387497156858, 5560394.56001693289727 ] ] } },
{ "type": "Feature", "properties": { "full_id": "w201936391", "osm_id": "201936391", "osm_type": "way", "highway": "residential", "service": null, "embankment": null, "footway": null, "sport": null, "description": null, "sac_scale": null, "mtb:scale:uphill": null, "mtb:scale": null, "incline": null, "tracktype": null, "wheelchair": null, "motor_vehicle": null, "horse": null, "foot": null, "bicycle": null, "lit": null, "junction": null, "old_ref": null, "oneway": null, "layer": null, "bridge": null, "int_name": null, "width": null, "name:uk": null, "name:ru": null, "name:en": null, "smoothness": null, "addr:city": "Россошь", "name:etymology:wikidata": null, "cutting": null, "surface": "unpaved", "ref_1": null, "ref": null, "name": "Криничная улица", "maxspeed": "20", "lanes": null }, "geometry": { "type": "LineString", "coordinates": [ [ 534713.644306425587274, 5560623.467608449049294 ], [ 534715.103469498339109, 5560603.295709381811321 ], [ 534714.877383613493294, 5560526.326881973072886 ], [ 534717.894184947246686, 5560468.704442373476923 ], [ 534717.99327457556501, 5560439.283594598062336 ], [ 534716.725466762203723, 5560413.689969129860401 ], [ 534717.322684321203269, 5560395.447201924398541 ] ] } },
{ "type": "Feature", "properties": { "full_id": "w201936436", "osm_id": "201936436", "osm_type": "way", "highway": "residential", "service": null, "embankment": null, "footway": null, "sport": null, "description": null, "sac_scale": null, "mtb:scale:uphill": null, "mtb:scale": null, "incline": null, "tracktype": null, "wheelchair": null, "motor_vehicle": null, "horse": null, "foot": null, "bicycle": null, "lit": null, "junction": null, "old_ref": null, "oneway": null, "layer": null, "bridge": null, "int_name": null, "width": null, "name:uk": null, "name:ru": null, "name:en": null, "smoothness": null, "addr:city": null, "name:etymology:wikidata": null, "cutting": null, "surface": null, "ref_1": null, "ref": null, "name": null, "maxspeed": null, "lanes": null }, "geometry": { "type": "LineString", "coordinates": [ [ 534725.021566670038737, 5560837.931871134787798 ], [ 534716.668526652618311, 5560833.907812500372529 ] ] } },
{ "type": "Feature", "properties": { "full_id": "w201936438", "osm_id": "201936438", "osm_type": "way", "highway": "residential", "service": null, "embankment": null, "footway": null, "sport": null, "description": null, "sac_scale": null, "mtb:scale:uphill": null, "mtb:scale": null, "incline": null, "tracktype": null, "wheelchair": null, "motor_vehicle": null, "horse": null, "foot": null, "bicycle": null, "lit": null, "junction": null, "old_ref": null, "oneway": null, "layer": null, "bridge": null, "int_name": null, "width": null, "name:uk": null, "name:ru": null, "name:en": null, "smoothness": null, "addr:city": "Россошь", "name:etymology:wikidata": null, "cutting": null, "surface": "unpaved", "ref_1": null, "ref": null, "name": "Ковыльная улица", "maxspeed": "20", "lanes": null }, "geometry": { "type": "LineString", "coordinates": [ [ 534725.021566670038737, 5560837.931871134787798 ], [ 534926.00056585134007, 5560842.68272218387574 ], [ 534958.192385551636107, 5560840.169842987321317 ] ] } },
{ "type": "Feature", "properties": { "full_id": "w201936465", "osm_id": "201936465", "osm_type": "way", "highway": "residential", "service": null, "embankment": null, "footway": null, "sport": null, "description": null, "sac_scale": null, "mtb:scale:uphill": null, "mtb:scale": null, "incline": null, "tracktype": null, "wheelchair": null, "motor_vehicle": null, "horse": null, "foot": null, "bicycle": null, "lit": null, "junction": null, "old_ref": null, "oneway": null, "layer": null, "bridge": null, "int_name": null, "width": null, "name:uk": null, "name:ru": null, "name:en": null, "smoothness": null, "addr:city": "Россошь", "name:etymology:wikidata": null, "cutting": null, "surface": "unpaved", "ref_1": null, "ref": null, "name": null, "maxspeed": "20", "lanes": null }, "geometry": { "type": "LineString", "coordinates": [ [ 535047.302179533289745, 5560627.777801415883005 ], [ 535047.732769191148691, 5560616.583556929603219 ], [ 535046.365287514519878, 5560597.705195154063404 ], [ 535046.244722359348089, 5560555.30672377999872 ], [ 535045.667571081081405, 5560525.88140585180372 ] ] } },
{ "type": "Feature", "properties": { "full_id": "w201952395", "osm_id": "201952395", "osm_type": "way", "highway": "residential", "service": null, "embankment": null, "footway": null, "sport": null, "description": null, "sac_scale": null, "mtb:scale:uphill": null, "mtb:scale": null, "incline": null, "tracktype": null, "wheelchair": null, "motor_vehicle": null, "horse": null, "foot": null, "bicycle": null, "lit": null, "junction": null, "old_ref": null, "oneway": null, "layer": null, "bridge": null, "int_name": null, "width": null, "name:uk": null, "name:ru": null, "name:en": null, "smoothness": null, "addr:city": "Россошь", "name:etymology:wikidata": null, "cutting": null, "surface": "unpaved", "ref_1": null, "ref": null, "name": "Светлая улица", "maxspeed": "20", "lanes": null }, "geometry": { "type": "LineString", "coordinates": [ [ 535527.513923877850175, 5560630.527632335200906 ], [ 535526.265488397795707, 5560613.317810740321875 ], [ 535527.839314700453542, 5560597.816953087225556 ], [ 535529.745411901734769, 5560569.964821298606694 ], [ 535530.474735163385049, 5560548.387215293943882 ], [ 535528.23812515498139, 5560538.064737650565803 ], [ 535523.499342870665714, 5560531.53946671821177 ] ] } },
{ "type": "Feature", "properties": { "full_id": "w202190983", "osm_id": "202190983", "osm_type": "way", "highway": "residential", "service": null, "embankment": null, "footway": null, "sport": null, "description": null, "sac_scale": null, "mtb:scale:uphill": null, "mtb:scale": null, "incline": null, "tracktype": null, "wheelchair": null, "motor_vehicle": null, "horse": null, "foot": null, "bicycle": null, "lit": null, "junction": null, "old_ref": null, "oneway": null, "layer": null, "bridge": null, "int_name": null, "width": null, "name:uk": null, "name:ru": null, "name:en": null, "smoothness": null, "addr:city": null, "name:etymology:wikidata": "Q9061", "cutting": null, "surface": "unpaved", "ref_1": null, "ref": null, "name": "улица Карла Маркса", "maxspeed": "20", "lanes": null }, "geometry": { "type": "LineString", "coordinates": [ [ 536475.899517122656107, 5561044.964138659648597 ], [ 536522.600221216445789, 5561045.662463088519871 ], [ 536541.557921843486838, 5561044.41379835177213 ], [ 536560.393089947057888, 5561050.614282391034067 ], [ 536570.140189979923889, 5561047.823590892367065 ], [ 536582.666094293352216, 5561051.945975743234158 ], [ 536597.969262113678269, 5561052.818416335619986 ], [ 536620.76829656236805, 5561050.306612354703248 ], [ 536655.111938480869867, 5561052.422192982397974 ], [ 536701.923623110749759, 5561054.612841235473752 ], [ 536739.05486401123926, 5561053.023225178010762 ], [ 536773.907261252519675, 5561051.740581206977367 ], [ 536780.207387930247933, 5561049.960551620461047 ], [ 536781.852457518223673, 5561075.268313928507268 ], [ 536785.900472479290329, 5561082.312566203065217 ], [ 536787.261498045292683, 5561084.690383256413043 ] ] } },
{ "type": "Feature", "properties": { "full_id": "w202191131", "osm_id": "202191131", "osm_type": "way", "highway": "residential", "service": null, "embankment": null, "footway": null, "sport": null, "description": null, "sac_scale": null, "mtb:scale:uphill": null, "mtb:scale": null, "incline": null, "tracktype": null, "wheelchair": null, "motor_vehicle": null, "horse": null, "foot": null, "bicycle": null, "lit": null, "junction": null, "old_ref": null, "oneway": null, "layer": null, "bridge": null, "int_name": null, "width": null, "name:uk": null, "name:ru": null, "name:en": null, "smoothness": null, "addr:city": null, "name:etymology:wikidata": null, "cutting": null, "surface": null, "ref_1": null, "ref": null, "name": null, "maxspeed": null, "lanes": null }, "geometry": { "type": "LineString", "coordinates": [ [ 536724.509714954881929, 5561413.921885561197996 ], [ 536729.01303188141901, 5561427.351720064878464 ], [ 536736.195271596079692, 5561440.388637549243867 ], [ 536738.29027557419613, 5561469.791409307159483 ], [ 536742.604438065201975, 5561482.697344458661973 ], [ 536757.630183257861063, 5561495.655023803003132 ], [ 536782.119357213610783, 5561509.57881355471909 ] ] } },
{ "type": "Feature", "properties": { "full_id": "w202191698", "osm_id": "202191698", "osm_type": "way", "highway": "residential", "service": null, "embankment": null, "footway": null, "sport": null, "description": null, "sac_scale": null, "mtb:scale:uphill": null, "mtb:scale": null, "incline": null, "tracktype": null, "wheelchair": null, "motor_vehicle": null, "horse": null, "foot": null, "bicycle": null, "lit": null, "junction": null, "old_ref": null, "oneway": null, "layer": null, "bridge": null, "int_name": null, "width": null, "name:uk": null, "name:ru": null, "name:en": null, "smoothness": null, "addr:city": null, "name:etymology:wikidata": null, "cutting": null, "surface": "unpaved", "ref_1": null, "ref": null, "name": "Народный переулок", "maxspeed": "20", "lanes": null }, "geometry": { "type": "LineString", "coordinates": [ [ 536756.253508978988975, 5561181.436390837654471 ], [ 536749.394073197850958, 5561176.385337878018618 ], [ 536743.223424533382058, 5561171.839417570270598 ], [ 536701.514708502218127, 5561167.72658630926162 ], [ 536673.816071139997803, 5561167.724671851843596 ], [ 536660.356274869875051, 5561167.643057168461382 ], [ 536627.064762320485897, 5561165.201095736585557 ], [ 536557.573611720465124, 5561165.990898189134896 ], [ 536532.700514734373428, 5561165.052869027480483 ], [ 536503.793905138154514, 5561164.276316674426198 ], [ 536471.266466598724946, 5561161.762736645527184 ], [ 536454.050994201912545, 5561159.832344788126647 ], [ 536445.634403142379597, 5561158.051211149431765 ], [ 536433.225860723759979, 5561154.530391351319849 ], [ 536422.470009624958038, 5561153.544989040121436 ] ] } },
{ "type": "Feature", "properties": { "full_id": "w202191928", "osm_id": "202191928", "osm_type": "way", "highway": "residential", "service": null, "embankment": null, "footway": null, "sport": null, "description": null, "sac_scale": null, "mtb:scale:uphill": null, "mtb:scale": null, "incline": null, "tracktype": null, "wheelchair": null, "motor_vehicle": null, "horse": null, "foot": null, "bicycle": null, "lit": null, "junction": null, "old_ref": null, "oneway": null, "layer": null, "bridge": null, "int_name": null, "width": null, "name:uk": null, "name:ru": null, "name:en": null, "smoothness": null, "addr:city": null, "name:etymology:wikidata": "Q43718", "cutting": null, "surface": "unpaved", "ref_1": null, "ref": null, "name": "улица Гоголя", "maxspeed": "20", "lanes": null }, "geometry": { "type": "LineString", "coordinates": [ [ 536549.069787135464139, 5560871.360329027287662 ], [ 536499.667097765719518, 5560873.111741388216615 ], [ 536464.438578337430954, 5560872.88139415346086 ], [ 536459.425923671689816, 5560877.372602984309196 ], [ 536454.986786108580418, 5560883.58011413179338 ], [ 536452.898077358026057, 5560909.262471400201321 ], [ 536455.315092642442323, 5560920.053611373528838 ] ] } },
{ "type": "Feature", "properties": { "full_id": "w202191942", "osm_id": "202191942", "osm_type": "way", "highway": "residential", "service": null, "embankment": null, "footway": null, "sport": null, "description": null, "sac_scale": null, "mtb:scale:uphill": null, "mtb:scale": null, "incline": null, "tracktype": null, "wheelchair": null, "motor_vehicle": null, "horse": null, "foot": null, "bicycle": null, "lit": null, "junction": null, "old_ref": null, "oneway": null, "layer": null, "bridge": null, "int_name": null, "width": null, "name:uk": null, "name:ru": null, "name:en": null, "smoothness": null, "addr:city": null, "name:etymology:wikidata": "Q43718", "cutting": null, "surface": "asphalt", "ref_1": null, "ref": null, "name": "улица Гоголя", "maxspeed": "20", "lanes": "1" }, "geometry": { "type": "LineString", "coordinates": [ [ 536500.908635044237599, 5560826.330311388708651 ], [ 536500.300283179385588, 5560808.879984920844436 ], [ 536501.074033330078237, 5560793.885378995910287 ] ] } },
{ "type": "Feature", "properties": { "full_id": "w202191946", "osm_id": "202191946", "osm_type": "way", "highway": "residential", "service": null, "embankment": null, "footway": null, "sport": null, "description": null, "sac_scale": null, "mtb:scale:uphill": null, "mtb:scale": null, "incline": null, "tracktype": null, "wheelchair": null, "motor_vehicle": null, "horse": null, "foot": null, "bicycle": null, "lit": null, "junction": null, "old_ref": null, "oneway": null, "layer": null, "bridge": null, "int_name": null, "width": null, "name:uk": null, "name:ru": null, "name:en": null, "smoothness": null, "addr:city": null, "name:etymology:wikidata": null, "cutting": null, "surface": "unpaved", "ref_1": null, "ref": null, "name": "Ростовское шоссе", "maxspeed": "20", "lanes": null }, "geometry": { "type": "LineString", "coordinates": [ [ 536467.744511953904293, 5560734.135408605448902 ], [ 536450.555876705097035, 5560733.294918669387698 ], [ 536425.69763472978957, 5560745.533861755393445 ] ] } },
{ "type": "Feature", "properties": { "full_id": "w202192136", "osm_id": "202192136", "osm_type": "way", "highway": "residential", "service": null, "embankment": null, "footway": null, "sport": null, "description": null, "sac_scale": null, "mtb:scale:uphill": null, "mtb:scale": null, "incline": null, "tracktype": null, "wheelchair": null, "motor_vehicle": null, "horse": null, "foot": null, "bicycle": null, "lit": null, "junction": null, "old_ref": null, "oneway": null, "layer": null, "bridge": null, "int_name": null, "width": null, "name:uk": null, "name:ru": null, "name:en": null, "smoothness": "intermediate", "addr:city": null, "name:etymology:wikidata": null, "cutting": null, "surface": "compacted", "ref_1": null, "ref": null, "name": "улица Большевик", "maxspeed": "20", "lanes": null }, "geometry": { "type": "LineString", "coordinates": [ [ 536605.96224861452356, 5560677.230543220415711 ], [ 536585.32629059930332, 5560684.649778843857348 ], [ 536578.682294700993225, 5560686.561110626906157 ], [ 536574.828424896579236, 5560692.728068320080638 ], [ 536567.737705730949529, 5560708.757832617498934 ], [ 536566.490868484484963, 5560724.016041900031269 ], [ 536564.896536013926379, 5560746.221416467800736 ], [ 536565.546806160826236, 5560784.554053424857557 ], [ 536562.254827593569644, 5560792.059194332920015 ] ] } },
{ "type": "Feature", "properties": { "full_id": "w202192522", "osm_id": "202192522", "osm_type": "way", "highway": "service", "service": null, "embankment": null, "footway": null, "sport": null, "description": null, "sac_scale": null, "mtb:scale:uphill": null, "mtb:scale": null, "incline": null, "tracktype": null, "wheelchair": null, "motor_vehicle": null, "horse": null, "foot": null, "bicycle": null, "lit": null, "junction": null, "old_ref": null, "oneway": null, "layer": null, "bridge": null, "int_name": null, "width": null, "name:uk": null, "name:ru": null, "name:en": null, "smoothness": "intermediate", "addr:city": null, "name:etymology:wikidata": null, "cutting": null, "surface": "compacted", "ref_1": null, "ref": null, "name": null, "maxspeed": "20", "lanes": null }, "geometry": { "type": "LineString", "coordinates": [ [ 536543.944439855287783, 5560635.474031971767545 ], [ 536538.508193097892217, 5560652.760551938787103 ], [ 536538.257021226803772, 5560661.276196913793683 ], [ 536541.283326165634207, 5560665.444463322870433 ], [ 536547.023868909454904, 5560667.251840754412115 ], [ 536559.109271289897151, 5560662.898240110836923 ], [ 536568.934737348579802, 5560662.309695888310671 ], [ 536597.968433759990148, 5560661.608579133637249 ], [ 536610.635532786138356, 5560659.861006545834243 ], [ 536621.098016220144928, 5560660.055289706215262 ], [ 536629.460672840592451, 5560653.185517582111061 ], [ 536638.985763509874232, 5560647.502403656020761 ], [ 536655.531586660072207, 5560647.405052526853979 ], [ 536660.467537298798561, 5560650.997216460295022 ], [ 536661.567070834338665, 5560656.130779231898487 ], [ 536654.902652439079247, 5560680.691857126541436 ] ] } },
{ "type": "Feature", "properties": { "full_id": "w202193078", "osm_id": "202193078", "osm_type": "way", "highway": "residential", "service": null, "embankment": null, "footway": null, "sport": null, "description": null, "sac_scale": null, "mtb:scale:uphill": null, "mtb:scale": null, "incline": null, "tracktype": null, "wheelchair": null, "motor_vehicle": null, "horse": null, "foot": null, "bicycle": null, "lit": null, "junction": null, "old_ref": null, "oneway": null, "layer": null, "bridge": null, "int_name": null, "width": null, "name:uk": null, "name:ru": null, "name:en": null, "smoothness": null, "addr:city": null, "name:etymology:wikidata": null, "cutting": null, "surface": "unpaved", "ref_1": null, "ref": null, "name": "улица Курчатова", "maxspeed": "20", "lanes": null }, "geometry": { "type": "LineString", "coordinates": [ [ 537162.884552138275467, 5561602.224021783098578 ], [ 537191.912093942984939, 5561588.416489641182125 ], [ 537213.404119142214768, 5561575.568268716335297 ], [ 537219.877805225551128, 5561567.274059727787971 ] ] } },
{ "type": "Feature", "properties": { "full_id": "w202666340", "osm_id": "202666340", "osm_type": "way", "highway": "service", "service": null, "embankment": null, "footway": null, "sport": null, "description": null, "sac_scale": null, "mtb:scale:uphill": null, "mtb:scale": null, "incline": null, "tracktype": null, "wheelchair": null, "motor_vehicle": null, "horse": null, "foot": null, "bicycle": null, "lit": null, "junction": null, "old_ref": null, "oneway": null, "layer": null, "bridge": null, "int_name": null, "width": null, "name:uk": null, "name:ru": null, "name:en": null, "smoothness": "intermediate", "addr:city": null, "name:etymology:wikidata": null, "cutting": null, "surface": "asphalt", "ref_1": null, "ref": null, "name": null, "maxspeed": "20", "lanes": null }, "geometry": { "type": "LineString", "coordinates": [ [ 536673.637686261208728, 5560743.033305971883237 ], [ 536674.548392727971077, 5560773.49530491605401 ], [ 536673.266186513355933, 5560794.879977260716259 ] ] } },
{ "type": "Feature", "properties": { "full_id": "w202666458", "osm_id": "202666458", "osm_type": "way", "highway": "footway", "service": null, "embankment": null, "footway": null, "sport": null, "description": null, "sac_scale": null, "mtb:scale:uphill": null, "mtb:scale": null, "incline": null, "tracktype": null, "wheelchair": null, "motor_vehicle": "no", "horse": "yes", "foot": "yes", "bicycle": "yes", "lit": null, "junction": null, "old_ref": null, "oneway": null, "layer": null, "bridge": null, "int_name": null, "width": null, "name:uk": null, "name:ru": null, "name:en": null, "smoothness": "intermediate", "addr:city": null, "name:etymology:wikidata": null, "cutting": null, "surface": "compacted", "ref_1": null, "ref": null, "name": null, "maxspeed": null, "lanes": null }, "geometry": { "type": "LineString", "coordinates": [ [ 536673.637686261208728, 5560743.033305971883237 ], [ 536674.362690149224363, 5560692.712416497990489 ], [ 536674.642258624196984, 5560679.070980479009449 ] ] } },
{ "type": "Feature", "properties": { "full_id": "w203859397", "osm_id": "203859397", "osm_type": "way", "highway": "residential", "service": null, "embankment": null, "footway": null, "sport": null, "description": null, "sac_scale": null, "mtb:scale:uphill": null, "mtb:scale": null, "incline": null, "tracktype": null, "wheelchair": null, "motor_vehicle": null, "horse": null, "foot": null, "bicycle": null, "lit": null, "junction": null, "old_ref": null, "oneway": null, "layer": null, "bridge": null, "int_name": null, "width": null, "name:uk": null, "name:ru": null, "name:en": null, "smoothness": null, "addr:city": null, "name:etymology:wikidata": "Q298384", "cutting": null, "surface": "gravel", "ref_1": null, "ref": null, "name": "улица Свердлова", "maxspeed": "30", "lanes": null }, "geometry": { "type": "LineString", "coordinates": [ [ 536352.523740388453007, 5559819.343274559825659 ], [ 536322.456274402909912, 5559810.809742528945208 ], [ 536287.307270624674857, 5559808.357339426875114 ], [ 536271.330469923792407, 5559804.189945541322231 ], [ 536206.76035157055594, 5559787.338436380028725 ], [ 536092.936528936494142, 5559766.628802693448961 ], [ 536042.974234145367518, 5559758.873811038210988 ], [ 535900.553634134703316, 5559752.574374828487635 ], [ 535738.131158896372654, 5559759.8767279246822 ], [ 535639.912231923430227, 5559764.53337283898145 ], [ 535591.620060807559639, 5559769.558693935163319 ], [ 535518.854136003064923, 5559770.596112618222833 ], [ 535481.907038944773376, 5559776.498707160353661 ], [ 535446.616102846572176, 5559778.131675528362393 ], [ 535408.643412541365251, 5559781.548359046690166 ], [ 535356.152159950928763, 5559785.78066061809659 ], [ 535308.053217261680402, 5559790.809831544756889 ], [ 535248.785798463854007, 5559806.073016475886106 ], [ 535206.11821541225072, 5559814.574908846989274 ], [ 535168.149938172195107, 5559823.87540674675256 ], [ 535113.233993679634295, 5559833.242286017164588 ], [ 535091.778123228694312, 5559837.092633518390357 ], [ 535071.558583404752426, 5559841.829630185849965 ], [ 535051.318648585234769, 5559843.164084191434085 ], [ 535027.393565463018604, 5559841.483296671882272 ], [ 534958.593870310112834, 5559850.7604452772066 ], [ 534929.098475737730041, 5559852.668396555818617 ], [ 534893.282272266107611, 5559853.956882894970477 ] ] } },
{ "type": "Feature", "properties": { "full_id": "w204899298", "osm_id": "204899298", "osm_type": "way", "highway": "residential", "service": null, "embankment": null, "footway": null, "sport": null, "description": null, "sac_scale": null, "mtb:scale:uphill": null, "mtb:scale": null, "incline": null, "tracktype": null, "wheelchair": null, "motor_vehicle": null, "horse": null, "foot": null, "bicycle": null, "lit": null, "junction": null, "old_ref": null, "oneway": null, "layer": null, "bridge": null, "int_name": null, "width": null, "name:uk": null, "name:ru": null, "name:en": null, "smoothness": null, "addr:city": null, "name:etymology:wikidata": null, "cutting": null, "surface": null, "ref_1": null, "ref": null, "name": null, "maxspeed": null, "lanes": null }, "geometry": { "type": "LineString", "coordinates": [ [ 537481.380370521335863, 5562012.892885651439428 ], [ 537502.720975754898973, 5562053.784484270960093 ], [ 537512.709405551780947, 5562074.26998776756227 ] ] } },
{ "type": "Feature", "properties": { "full_id": "w206498289", "osm_id": "206498289", "osm_type": "way", "highway": "residential", "service": null, "embankment": null, "footway": null, "sport": null, "description": null, "sac_scale": null, "mtb:scale:uphill": null, "mtb:scale": null, "incline": null, "tracktype": null, "wheelchair": null, "motor_vehicle": null, "horse": null, "foot": null, "bicycle": null, "lit": null, "junction": null, "old_ref": null, "oneway": null, "layer": null, "bridge": null, "int_name": null, "width": null, "name:uk": null, "name:ru": null, "name:en": null, "smoothness": null, "addr:city": null, "name:etymology:wikidata": null, "cutting": null, "surface": "unpaved", "ref_1": null, "ref": null, "name": "Западный переулок", "maxspeed": "20", "lanes": null }, "geometry": { "type": "LineString", "coordinates": [ [ 536542.141960566164926, 5561545.564302088692784 ], [ 536540.796803532168269, 5561580.3695830386132 ], [ 536606.41353520960547, 5561585.957685518078506 ], [ 536610.727326271589845, 5561549.160246148705482 ], [ 536666.291449763346463, 5561529.550314300693572 ], [ 536691.678808751050383, 5561522.931410421617329 ], [ 536710.826064503053203, 5561516.725466110743582 ], [ 536729.081110763596371, 5561511.580884867347777 ], [ 536753.621343392995186, 5561505.712540335953236 ], [ 536782.119357213610783, 5561509.57881355471909 ] ] } },
{ "type": "Feature", "properties": { "full_id": "w206498467", "osm_id": "206498467", "osm_type": "way", "highway": "residential", "service": null, "embankment": null, "footway": null, "sport": null, "description": null, "sac_scale": null, "mtb:scale:uphill": null, "mtb:scale": null, "incline": null, "tracktype": null, "wheelchair": null, "motor_vehicle": null, "horse": null, "foot": null, "bicycle": null, "lit": null, "junction": null, "old_ref": null, "oneway": null, "layer": null, "bridge": null, "int_name": null, "width": null, "name:uk": null, "name:ru": null, "name:en": null, "smoothness": null, "addr:city": null, "name:etymology:wikidata": null, "cutting": null, "surface": "unpaved", "ref_1": null, "ref": null, "name": null, "maxspeed": "20", "lanes": null }, "geometry": { "type": "LineString", "coordinates": [ [ 536471.266466598724946, 5561161.762736645527184 ], [ 536454.006738737691194, 5561138.160550527274609 ], [ 536452.486781138228253, 5561108.950892213732004 ], [ 536451.021987893269397, 5561098.777831790037453 ], [ 536446.669635001104325, 5561091.298102702945471 ], [ 536444.430207461002283, 5561083.766129912808537 ], [ 536446.253663100302219, 5561067.622294221073389 ], [ 536452.078787609585561, 5561057.02103126142174 ], [ 536475.899517122656107, 5561044.964138659648597 ] ] } },
{ "type": "Feature", "properties": { "full_id": "w206498469", "osm_id": "206498469", "osm_type": "way", "highway": "residential", "service": null, "embankment": null, "footway": null, "sport": null, "description": null, "sac_scale": null, "mtb:scale:uphill": null, "mtb:scale": null, "incline": null, "tracktype": null, "wheelchair": null, "motor_vehicle": null, "horse": null, "foot": null, "bicycle": null, "lit": null, "junction": null, "old_ref": null, "oneway": null, "layer": null, "bridge": null, "int_name": null, "width": null, "name:uk": null, "name:ru": null, "name:en": null, "smoothness": null, "addr:city": null, "name:etymology:wikidata": null, "cutting": null, "surface": "unpaved", "ref_1": null, "ref": null, "name": "Берёзовая улица", "maxspeed": "20", "lanes": null }, "geometry": { "type": "LineString", "coordinates": [ [ 536557.573611720465124, 5561165.990898189134896 ], [ 536556.755075340392068, 5561183.331368534825742 ], [ 536555.014623029157519, 5561200.85453490074724 ], [ 536551.616203579236753, 5561218.699893546290696 ], [ 536556.051376372459345, 5561236.943755726329982 ], [ 536557.119659990305081, 5561259.089603471569717 ], [ 536556.650244815507904, 5561294.178864849731326 ], [ 536553.549805742339231, 5561313.327228406444192 ], [ 536552.405735679087229, 5561329.231078241020441 ], [ 536552.071336922934279, 5561352.979591536335647 ], [ 536546.49091646366287, 5561373.689866799861193 ], [ 536539.904309704666957, 5561396.472547148354352 ], [ 536542.100625848514028, 5561412.321502813138068 ] ] } },
{ "type": "Feature", "properties": { "full_id": "w209747091", "osm_id": "209747091", "osm_type": "way", "highway": "residential", "service": null, "embankment": null, "footway": null, "sport": null, "description": null, "sac_scale": null, "mtb:scale:uphill": null, "mtb:scale": null, "incline": null, "tracktype": null, "wheelchair": null, "motor_vehicle": null, "horse": null, "foot": null, "bicycle": null, "lit": null, "junction": null, "old_ref": null, "oneway": null, "layer": null, "bridge": null, "int_name": null, "width": null, "name:uk": null, "name:ru": null, "name:en": null, "smoothness": null, "addr:city": null, "name:etymology:wikidata": "Q43718", "cutting": null, "surface": "sand", "ref_1": null, "ref": null, "name": "улица Гоголя", "maxspeed": "20", "lanes": null }, "geometry": { "type": "LineString", "coordinates": [ [ 537191.668549113092013, 5560839.963145789690316 ], [ 537202.8497411145363, 5560833.269632712006569 ], [ 537220.959572291583754, 5560824.801025123335421 ], [ 537247.879644021391869, 5560807.810025473125279 ], [ 537321.876695510349236, 5560756.523544293828309 ], [ 537346.561793337226845, 5560752.982841880992055 ], [ 537414.818605006090365, 5560746.846213806420565 ] ] } },
{ "type": "Feature", "properties": { "full_id": "w209747092", "osm_id": "209747092", "osm_type": "way", "highway": "residential", "service": null, "embankment": null, "footway": null, "sport": null, "description": null, "sac_scale": null, "mtb:scale:uphill": null, "mtb:scale": null, "incline": null, "tracktype": null, "wheelchair": null, "motor_vehicle": null, "horse": null, "foot": null, "bicycle": null, "lit": null, "junction": null, "old_ref": null, "oneway": null, "layer": null, "bridge": null, "int_name": null, "width": null, "name:uk": null, "name:ru": null, "name:en": null, "smoothness": null, "addr:city": null, "name:etymology:wikidata": "Q43718", "cutting": null, "surface": "asphalt", "ref_1": null, "ref": null, "name": "улица Гоголя", "maxspeed": "20", "lanes": null }, "geometry": { "type": "LineString", "coordinates": [ [ 536865.20647770666983, 5560921.787202659994364 ], [ 536892.171851281775162, 5560918.616016712971032 ], [ 536903.483760824077763, 5560915.636630673892796 ], [ 536936.116582259652205, 5560906.244802284985781 ], [ 536953.046335297054611, 5560902.13698395807296 ], [ 536990.193691301974468, 5560894.289055078290403 ], [ 537003.988777784747072, 5560885.256003915332258 ], [ 537026.993512897286564, 5560885.115770232863724 ], [ 537056.91337008588016, 5560876.917808962985873 ], [ 537095.842365969903767, 5560867.459600866772234 ], [ 537115.793809113791212, 5560857.902663444168866 ], [ 537140.530887977569364, 5560852.960343026556075 ], [ 537160.596093727159314, 5560848.597078775055707 ], [ 537191.668549113092013, 5560839.963145789690316 ] ] } },
{ "type": "Feature", "properties": { "full_id": "w209999939", "osm_id": "209999939", "osm_type": "way", "highway": "residential", "service": null, "embankment": null, "footway": null, "sport": null, "description": null, "sac_scale": null, "mtb:scale:uphill": null, "mtb:scale": null, "incline": null, "tracktype": null, "wheelchair": null, "motor_vehicle": null, "horse": null, "foot": null, "bicycle": null, "lit": null, "junction": null, "old_ref": null, "oneway": null, "layer": null, "bridge": null, "int_name": null, "width": null, "name:uk": null, "name:ru": null, "name:en": null, "smoothness": null, "addr:city": null, "name:etymology:wikidata": null, "cutting": null, "surface": null, "ref_1": null, "ref": null, "name": "Молодёжная улица", "maxspeed": null, "lanes": null }, "geometry": { "type": "LineString", "coordinates": [ [ 533253.446714889141731, 5561057.256739725358784 ], [ 533236.57846198126208, 5560980.084122005850077 ], [ 533220.947039067279547, 5560909.357313713058829 ], [ 533210.510848448844627, 5560863.847981689497828 ], [ 533207.465238674427383, 5560839.50015355553478 ], [ 533203.717962944880128, 5560823.50959456898272 ] ] } },
{ "type": "Feature", "properties": { "full_id": "w210000426", "osm_id": "210000426", "osm_type": "way", "highway": "residential", "service": null, "embankment": null, "footway": null, "sport": null, "description": null, "sac_scale": null, "mtb:scale:uphill": null, "mtb:scale": null, "incline": null, "tracktype": null, "wheelchair": null, "motor_vehicle": null, "horse": null, "foot": null, "bicycle": null, "lit": null, "junction": null, "old_ref": null, "oneway": null, "layer": null, "bridge": null, "int_name": null, "width": null, "name:uk": null, "name:ru": null, "name:en": null, "smoothness": null, "addr:city": null, "name:etymology:wikidata": null, "cutting": null, "surface": null, "ref_1": null, "ref": null, "name": null, "maxspeed": null, "lanes": null }, "geometry": { "type": "LineString", "coordinates": [ [ 533414.381021903012879, 5561020.748470788821578 ], [ 533356.22374677832704, 5561029.379107034765184 ], [ 533303.691670784144662, 5561042.415424017235637 ], [ 533266.49449540686328, 5561052.490302740596235 ], [ 533253.446714889141731, 5561057.256739725358784 ], [ 533199.004258111235686, 5561070.004168755374849 ], [ 533173.084237972390838, 5561074.31246870290488 ], [ 533121.335601925035007, 5561085.465194630436599 ], [ 533085.453123103128746, 5561089.667452931404114 ], [ 533066.197711603250355, 5561091.927295645698905 ], [ 533016.645829056738876, 5561087.272052361629903 ] ] } },
{ "type": "Feature", "properties": { "full_id": "w210001218", "osm_id": "210001218", "osm_type": "way", "highway": "residential", "service": null, "embankment": null, "footway": null, "sport": null, "description": null, "sac_scale": null, "mtb:scale:uphill": null, "mtb:scale": null, "incline": null, "tracktype": null, "wheelchair": null, "motor_vehicle": null, "horse": null, "foot": null, "bicycle": null, "lit": null, "junction": null, "old_ref": null, "oneway": null, "layer": null, "bridge": null, "int_name": null, "width": null, "name:uk": null, "name:ru": null, "name:en": null, "smoothness": null, "addr:city": null, "name:etymology:wikidata": null, "cutting": null, "surface": null, "ref_1": null, "ref": null, "name": null, "maxspeed": null, "lanes": null }, "geometry": { "type": "LineString", "coordinates": [ [ 533341.343949483707547, 5561082.758170424029231 ], [ 533294.056050567189232, 5561096.127652013674378 ], [ 533241.248386014252901, 5561109.996795006096363 ], [ 533185.249511942151003, 5561125.214222946204245 ] ] } },
{ "type": "Feature", "properties": { "full_id": "w210001461", "osm_id": "210001461", "osm_type": "way", "highway": "residential", "service": null, "embankment": null, "footway": null, "sport": null, "description": null, "sac_scale": null, "mtb:scale:uphill": null, "mtb:scale": null, "incline": null, "tracktype": null, "wheelchair": null, "motor_vehicle": null, "horse": null, "foot": null, "bicycle": null, "lit": null, "junction": null, "old_ref": null, "oneway": null, "layer": null, "bridge": null, "int_name": null, "width": null, "name:uk": null, "name:ru": null, "name:en": null, "smoothness": null, "addr:city": null, "name:etymology:wikidata": null, "cutting": null, "surface": null, "ref_1": null, "ref": null, "name": null, "maxspeed": null, "lanes": null }, "geometry": { "type": "LineString", "coordinates": [ [ 533313.215367105090991, 5561191.327948044985533 ], [ 533308.734160531195812, 5561154.717681730166078 ], [ 533294.056050567189232, 5561096.127652013674378 ] ] } },
{ "type": "Feature", "properties": { "full_id": "w210007937", "osm_id": "210007937", "osm_type": "way", "highway": "residential", "service": null, "embankment": null, "footway": null, "sport": null, "description": null, "sac_scale": null, "mtb:scale:uphill": null, "mtb:scale": null, "incline": null, "tracktype": null, "wheelchair": null, "motor_vehicle": null, "horse": null, "foot": null, "bicycle": null, "lit": null, "junction": null, "old_ref": null, "oneway": null, "layer": null, "bridge": null, "int_name": null, "width": null, "name:uk": null, "name:ru": null, "name:en": null, "smoothness": null, "addr:city": null, "name:etymology:wikidata": null, "cutting": null, "surface": null, "ref_1": null, "ref": null, "name": "Лесная улица", "maxspeed": null, "lanes": null }, "geometry": { "type": "LineString", "coordinates": [ [ 533190.255992855061777, 5560609.603328680619597 ], [ 533183.368395591969602, 5560586.665949205867946 ], [ 533183.468346436158754, 5560570.632683014497161 ], [ 533179.303228437551297, 5560544.910244700498879 ], [ 533164.083838901249692, 5560529.148448088206351 ], [ 533121.768569246865809, 5560511.216573970392346 ], [ 533103.80063543014694, 5560506.968461256474257 ], [ 533094.661350341397338, 5560492.512270821258426 ], [ 533107.623317858553492, 5560476.49227302800864 ], [ 533127.575848557520658, 5560463.506870213896036 ], [ 533339.848516662721522, 5560356.353188455104828 ], [ 533395.680731709930114, 5560361.095238510519266 ], [ 533458.889878872781992, 5560332.348716747015715 ] ] } },
{ "type": "Feature", "properties": { "full_id": "w231111042", "osm_id": "231111042", "osm_type": "way", "highway": "service", "service": null, "embankment": null, "footway": null, "sport": null, "description": null, "sac_scale": null, "mtb:scale:uphill": null, "mtb:scale": null, "incline": null, "tracktype": null, "wheelchair": null, "motor_vehicle": null, "horse": null, "foot": null, "bicycle": null, "lit": null, "junction": null, "old_ref": null, "oneway": null, "layer": null, "bridge": null, "int_name": null, "width": null, "name:uk": null, "name:ru": null, "name:en": null, "smoothness": null, "addr:city": null, "name:etymology:wikidata": null, "cutting": null, "surface": "unpaved", "ref_1": null, "ref": null, "name": null, "maxspeed": "20", "lanes": null }, "geometry": { "type": "LineString", "coordinates": [ [ 537527.953652430558577, 5561211.82941782195121 ], [ 537529.754332190845162, 5561200.389221518300474 ], [ 537532.096780839492567, 5561194.10108925588429 ], [ 537539.633054066449404, 5561184.035666208714247 ], [ 537563.633572886697948, 5561162.967120721004903 ], [ 537607.501776739489287, 5561132.087249317206442 ], [ 537638.053639997844584, 5561101.069067932665348 ], [ 537685.969699954264797, 5561060.088765628635883 ], [ 537709.817858143942431, 5561039.531279536895454 ], [ 537739.698107699048705, 5561020.851355575956404 ], [ 537772.555076269898564, 5560994.08674022462219 ], [ 537794.421160830999725, 5560971.31393659953028 ], [ 537854.122418976272456, 5560926.449231008067727 ] ] } },
{ "type": "Feature", "properties": { "full_id": "w238831240", "osm_id": "238831240", "osm_type": "way", "highway": "residential", "service": null, "embankment": null, "footway": null, "sport": null, "description": null, "sac_scale": null, "mtb:scale:uphill": null, "mtb:scale": null, "incline": null, "tracktype": null, "wheelchair": null, "motor_vehicle": null, "horse": null, "foot": null, "bicycle": null, "lit": null, "junction": null, "old_ref": null, "oneway": null, "layer": null, "bridge": null, "int_name": null, "width": null, "name:uk": null, "name:ru": null, "name:en": null, "smoothness": null, "addr:city": null, "name:etymology:wikidata": null, "cutting": null, "surface": null, "ref_1": null, "ref": null, "name": "улица Достоевского", "maxspeed": null, "lanes": null }, "geometry": { "type": "LineString", "coordinates": [ [ 537024.249238337040879, 5562431.27011704351753 ], [ 536999.152796756592579, 5562419.186719850637019 ], [ 536960.273579398868605, 5562416.970580766908824 ], [ 536937.108443513861857, 5562415.475371593609452 ], [ 536913.537410611636005, 5562414.889231290668249 ], [ 536888.881092647789046, 5562416.46393727697432 ], [ 536870.877242078422569, 5562411.524461225606501 ], [ 536864.895166034810245, 5562402.643145490437746 ], [ 536867.545041587087326, 5562383.725308154709637 ], [ 536868.569115160498768, 5562365.685750592499971 ], [ 536878.643433307530358, 5562348.30936598777771 ], [ 536905.238284173887223, 5562321.396008951589465 ], [ 536914.854136737063527, 5562314.590983643196523 ] ] } },
{ "type": "Feature", "properties": { "full_id": "w238831340", "osm_id": "238831340", "osm_type": "way", "highway": "residential", "service": null, "embankment": null, "footway": null, "sport": null, "description": null, "sac_scale": null, "mtb:scale:uphill": null, "mtb:scale": null, "incline": null, "tracktype": null, "wheelchair": null, "motor_vehicle": null, "horse": null, "foot": null, "bicycle": null, "lit": null, "junction": null, "old_ref": null, "oneway": null, "layer": null, "bridge": null, "int_name": null, "width": null, "name:uk": null, "name:ru": null, "name:en": null, "smoothness": null, "addr:city": null, "name:etymology:wikidata": null, "cutting": null, "surface": null, "ref_1": null, "ref": null, "name": null, "maxspeed": null, "lanes": null }, "geometry": { "type": "LineString", "coordinates": [ [ 536888.881092647789046, 5562416.46393727697432 ], [ 536899.850176850799471, 5562420.276101347059011 ], [ 536903.279129664530046, 5562423.813591668382287 ], [ 536908.231402996811084, 5562444.329736261628568 ], [ 536907.987569145392627, 5562467.133772493340075 ] ] } },
{ "type": "Feature", "properties": { "full_id": "w239555404", "osm_id": "239555404", "osm_type": "way", "highway": "residential", "service": null, "embankment": null, "footway": null, "sport": null, "description": null, "sac_scale": null, "mtb:scale:uphill": null, "mtb:scale": null, "incline": null, "tracktype": null, "wheelchair": null, "motor_vehicle": null, "horse": null, "foot": null, "bicycle": null, "lit": null, "junction": null, "old_ref": null, "oneway": null, "layer": null, "bridge": null, "int_name": null, "width": null, "name:uk": null, "name:ru": null, "name:en": null, "smoothness": null, "addr:city": null, "name:etymology:wikidata": null, "cutting": null, "surface": "unpaved", "ref_1": null, "ref": null, "name": "Берёзовая улица", "maxspeed": "20", "lanes": null }, "geometry": { "type": "LineString", "coordinates": [ [ 536542.100625848514028, 5561412.321502813138068 ], [ 536551.128860513446853, 5561424.737041260115802 ], [ 536544.71270650846418, 5561440.371181228198111 ], [ 536543.824783917632885, 5561457.433201191946864 ], [ 536541.956375520443544, 5561490.489154746755958 ], [ 536543.357692954712547, 5561508.823376913554966 ], [ 536542.299247889663093, 5561522.659631905145943 ], [ 536542.141960566164926, 5561545.564302088692784 ] ] } },
{ "type": "Feature", "properties": { "full_id": "w239566286", "osm_id": "239566286", "osm_type": "way", "highway": "residential", "service": null, "embankment": null, "footway": null, "sport": null, "description": null, "sac_scale": null, "mtb:scale:uphill": null, "mtb:scale": null, "incline": null, "tracktype": null, "wheelchair": null, "motor_vehicle": null, "horse": null, "foot": null, "bicycle": null, "lit": null, "junction": null, "old_ref": null, "oneway": null, "layer": null, "bridge": null, "int_name": null, "width": null, "name:uk": null, "name:ru": null, "name:en": null, "smoothness": null, "addr:city": "Россошь", "name:etymology:wikidata": null, "cutting": null, "surface": "unpaved", "ref_1": null, "ref": null, "name": "Светлая улица", "maxspeed": "20", "lanes": null }, "geometry": { "type": "LineString", "coordinates": [ [ 535523.499342870665714, 5560531.53946671821177 ], [ 535516.495410740491934, 5560528.59060541074723 ], [ 535478.522982606315054, 5560526.335917441174388 ], [ 535392.997408165130764, 5560525.299566827714443 ], [ 535312.131499016075395, 5560524.462288353592157 ], [ 535269.966577644459903, 5560525.817273219116032 ] ] } },
{ "type": "Feature", "properties": { "full_id": "w239566289", "osm_id": "239566289", "osm_type": "way", "highway": "residential", "service": null, "embankment": null, "footway": null, "sport": null, "description": null, "sac_scale": null, "mtb:scale:uphill": null, "mtb:scale": null, "incline": null, "tracktype": null, "wheelchair": null, "motor_vehicle": null, "horse": null, "foot": null, "bicycle": null, "lit": null, "junction": null, "old_ref": null, "oneway": null, "layer": null, "bridge": null, "int_name": null, "width": null, "name:uk": null, "name:ru": null, "name:en": null, "smoothness": null, "addr:city": "Россошь", "name:etymology:wikidata": null, "cutting": null, "surface": "unpaved", "ref_1": null, "ref": null, "name": "Светлая улица", "maxspeed": "20", "lanes": null }, "geometry": { "type": "LineString", "coordinates": [ [ 535269.966577644459903, 5560525.817273219116032 ], [ 535167.354768247110769, 5560524.526814905926585 ], [ 535045.667571081081405, 5560525.88140585180372 ], [ 535006.951772268512286, 5560527.016558794304729 ], [ 534987.263460510410368, 5560525.185872451402247 ], [ 534841.489327488699928, 5560520.627102019265294 ] ] } },
{ "type": "Feature", "properties": { "full_id": "w239856476", "osm_id": "239856476", "osm_type": "way", "highway": "residential", "service": null, "embankment": null, "footway": null, "sport": null, "description": null, "sac_scale": null, "mtb:scale:uphill": null, "mtb:scale": null, "incline": null, "tracktype": null, "wheelchair": null, "motor_vehicle": null, "horse": null, "foot": null, "bicycle": null, "lit": null, "junction": null, "old_ref": null, "oneway": null, "layer": null, "bridge": null, "int_name": null, "width": null, "name:uk": null, "name:ru": null, "name:en": null, "smoothness": null, "addr:city": null, "name:etymology:wikidata": null, "cutting": null, "surface": null, "ref_1": null, "ref": null, "name": "переулок Свободы", "maxspeed": null, "lanes": null }, "geometry": { "type": "LineString", "coordinates": [ [ 537847.541847549611703, 5561096.061006395146251 ], [ 537877.063609212869778, 5561087.664672777056694 ], [ 537902.743070658063516, 5561083.64438836555928 ], [ 537926.083646478014998, 5561085.345130259171128 ], [ 537949.035177815356292, 5561088.555428584106266 ], [ 537965.808945939177647, 5561091.343696244060993 ] ] } },
{ "type": "Feature", "properties": { "full_id": "w239982782", "osm_id": "239982782", "osm_type": "way", "highway": "service", "service": null, "embankment": null, "footway": null, "sport": null, "description": null, "sac_scale": null, "mtb:scale:uphill": null, "mtb:scale": null, "incline": null, "tracktype": null, "wheelchair": null, "motor_vehicle": null, "horse": null, "foot": null, "bicycle": null, "lit": null, "junction": null, "old_ref": null, "oneway": null, "layer": null, "bridge": null, "int_name": null, "width": null, "name:uk": null, "name:ru": null, "name:en": null, "smoothness": null, "addr:city": null, "name:etymology:wikidata": null, "cutting": null, "surface": null, "ref_1": null, "ref": null, "name": null, "maxspeed": null, "lanes": null }, "geometry": { "type": "LineString", "coordinates": [ [ 536307.892502358881757, 5561735.134850018657744 ], [ 536311.274554234347306, 5561741.484806763008237 ], [ 536315.28196876659058, 5561746.126662439666688 ], [ 536318.241464455379173, 5561749.560484834946692 ], [ 536325.736707615433261, 5561753.414447133429348 ], [ 536330.080852493760176, 5561755.768038330599666 ] ] } },
{ "type": "Feature", "properties": { "full_id": "w260418961", "osm_id": "260418961", "osm_type": "way", "highway": "residential", "service": null, "embankment": null, "footway": null, "sport": null, "description": null, "sac_scale": null, "mtb:scale:uphill": null, "mtb:scale": null, "incline": null, "tracktype": null, "wheelchair": null, "motor_vehicle": null, "horse": null, "foot": null, "bicycle": null, "lit": null, "junction": null, "old_ref": null, "oneway": null, "layer": null, "bridge": null, "int_name": null, "width": null, "name:uk": null, "name:ru": null, "name:en": null, "smoothness": null, "addr:city": null, "name:etymology:wikidata": null, "cutting": null, "surface": "gravel", "ref_1": null, "ref": null, "name": "Подгорная улица", "maxspeed": "20", "lanes": null }, "geometry": { "type": "LineString", "coordinates": [ [ 537514.844014183152467, 5562324.080826154910028 ], [ 537518.893613183056004, 5562330.625313577242196 ], [ 537530.043483543791808, 5562334.061997216194868 ], [ 537569.007524421787821, 5562332.413365460932255 ], [ 537586.549379659467377, 5562329.979824006557465 ], [ 537625.728217483730987, 5562325.208591014146805 ], [ 537659.041357865091413, 5562323.520654893480241 ], [ 537680.947012281161733, 5562320.528990696184337 ], [ 537722.725481693865731, 5562319.479623349383473 ], [ 537729.591035583871417, 5562319.305922251194715 ], [ 537731.517909928923473, 5562319.263991186395288 ], [ 537771.419079863466322, 5562318.31288531050086 ], [ 537869.353659362415783, 5562319.287086507305503 ], [ 537900.6431676534703, 5562316.218578236177564 ], [ 537932.647494964883663, 5562314.978922680951655 ], [ 537961.058801506180316, 5562319.284612294286489 ], [ 537973.035828995984048, 5562315.767419384792447 ] ] } },
{ "type": "Feature", "properties": { "full_id": "w267021530", "osm_id": "267021530", "osm_type": "way", "highway": "residential", "service": null, "embankment": null, "footway": null, "sport": null, "description": null, "sac_scale": null, "mtb:scale:uphill": null, "mtb:scale": null, "incline": null, "tracktype": null, "wheelchair": null, "motor_vehicle": null, "horse": null, "foot": null, "bicycle": null, "lit": null, "junction": null, "old_ref": null, "oneway": null, "layer": null, "bridge": null, "int_name": null, "width": null, "name:uk": null, "name:ru": null, "name:en": null, "smoothness": null, "addr:city": null, "name:etymology:wikidata": null, "cutting": null, "surface": null, "ref_1": null, "ref": null, "name": null, "maxspeed": null, "lanes": null }, "geometry": { "type": "LineString", "coordinates": [ [ 537527.749853751971386, 5562101.840799009427428 ], [ 537524.817914478830062, 5562095.648891057819128 ], [ 537518.393845144775696, 5562083.77261926420033 ], [ 537512.709405551780947, 5562074.26998776756227 ] ] } },
{ "type": "Feature", "properties": { "full_id": "w293064652", "osm_id": "293064652", "osm_type": "way", "highway": "footway", "service": null, "embankment": null, "footway": null, "sport": null, "description": null, "sac_scale": null, "mtb:scale:uphill": null, "mtb:scale": null, "incline": null, "tracktype": null, "wheelchair": "yes", "motor_vehicle": null, "horse": "no", "foot": "designated", "bicycle": "yes", "lit": null, "junction": null, "old_ref": null, "oneway": null, "layer": null, "bridge": null, "int_name": null, "width": null, "name:uk": null, "name:ru": null, "name:en": null, "smoothness": null, "addr:city": null, "name:etymology:wikidata": null, "cutting": null, "surface": null, "ref_1": null, "ref": null, "name": null, "maxspeed": null, "lanes": null }, "geometry": { "type": "LineString", "coordinates": [ [ 536549.069787135464139, 5560871.360329027287662 ], [ 536559.078784994548187, 5560872.051748975180089 ], [ 536564.005212388467044, 5560872.852820383384824 ], [ 536568.055921072489582, 5560873.336539725773036 ], [ 536570.724322688882239, 5560875.556492025963962 ], [ 536571.643721605069004, 5560878.865237046033144 ], [ 536571.616676524048671, 5560882.801278301514685 ], [ 536571.582144366228022, 5560887.82695813011378 ], [ 536572.316714089247398, 5560920.111292692832649 ] ] } },
{ "type": "Feature", "properties": { "full_id": "w293064653", "osm_id": "293064653", "osm_type": "way", "highway": "footway", "service": null, "embankment": null, "footway": null, "sport": null, "description": null, "sac_scale": null, "mtb:scale:uphill": null, "mtb:scale": null, "incline": null, "tracktype": null, "wheelchair": null, "motor_vehicle": null, "horse": "no", "foot": null, "bicycle": "yes", "lit": "yes", "junction": null, "old_ref": null, "oneway": null, "layer": null, "bridge": null, "int_name": null, "width": null, "name:uk": null, "name:ru": null, "name:en": null, "smoothness": "intermediate", "addr:city": null, "name:etymology:wikidata": null, "cutting": null, "surface": "compacted", "ref_1": null, "ref": null, "name": null, "maxspeed": null, "lanes": null }, "geometry": { "type": "LineString", "coordinates": [ [ 536729.582816508365795, 5560794.612261281348765 ], [ 536732.485820341855288, 5560821.785596365109086 ], [ 536747.504110204754397, 5560841.270182872191072 ] ] } },
{ "type": "Feature", "properties": { "full_id": "w293066143", "osm_id": "293066143", "osm_type": "way", "highway": "service", "service": null, "embankment": null, "footway": null, "sport": null, "description": null, "sac_scale": null, "mtb:scale:uphill": null, "mtb:scale": null, "incline": null, "tracktype": null, "wheelchair": null, "motor_vehicle": null, "horse": null, "foot": null, "bicycle": null, "lit": null, "junction": null, "old_ref": null, "oneway": null, "layer": null, "bridge": null, "int_name": null, "width": null, "name:uk": null, "name:ru": null, "name:en": null, "smoothness": "good", "addr:city": null, "name:etymology:wikidata": null, "cutting": null, "surface": "asphalt", "ref_1": null, "ref": null, "name": null, "maxspeed": null, "lanes": null }, "geometry": { "type": "LineString", "coordinates": [ [ 536872.350415603606962, 5560744.650770526379347 ], [ 536955.895052838954143, 5560745.752774698659778 ], [ 536958.48157353780698, 5560747.416388935409486 ], [ 536959.767078421311453, 5560748.337097023613751 ], [ 536960.429749370901845, 5560750.554437749087811 ], [ 536960.44127843528986, 5560751.977787279523909 ], [ 536960.457242426578887, 5560753.790342855267227 ], [ 536960.648350587347522, 5560757.105219161137938 ], [ 536960.308851340669207, 5560765.909341708756983 ], [ 536960.212507331860252, 5560768.477229394949973 ], [ 536961.030438514077105, 5560783.282688338309526 ], [ 536961.843790577491745, 5560786.412857822142541 ], [ 536964.248772814986296, 5560795.714169251732528 ], [ 536963.364122866652906, 5560809.017820271663368 ], [ 536963.006517150555737, 5560812.206574199721217 ], [ 536962.306198839447461, 5560818.495231233537197 ], [ 536962.829813009710051, 5560822.234950236976147 ], [ 536961.050123685854487, 5560822.589528175070882 ], [ 536958.020744995446876, 5560823.035502855665982 ], [ 536954.999507517088205, 5560823.336984960362315 ], [ 536950.516165892593563, 5560823.483767542988062 ], [ 536944.284809311619028, 5560824.563560556620359 ] ] } },
{ "type": "Feature", "properties": { "full_id": "w293066145", "osm_id": "293066145", "osm_type": "way", "highway": "service", "service": null, "embankment": null, "footway": null, "sport": null, "description": null, "sac_scale": null, "mtb:scale:uphill": null, "mtb:scale": null, "incline": null, "tracktype": null, "wheelchair": null, "motor_vehicle": null, "horse": null, "foot": null, "bicycle": null, "lit": null, "junction": null, "old_ref": null, "oneway": null, "layer": null, "bridge": null, "int_name": null, "width": null, "name:uk": null, "name:ru": null, "name:en": null, "smoothness": null, "addr:city": null, "name:etymology:wikidata": null, "cutting": null, "surface": "asphalt", "ref_1": null, "ref": null, "name": null, "maxspeed": null, "lanes": null }, "geometry": { "type": "LineString", "coordinates": [ [ 536944.509529312257655, 5560826.121821461245418 ], [ 536944.284809311619028, 5560824.563560556620359 ] ] } },
{ "type": "Feature", "properties": { "full_id": "w309356000", "osm_id": "309356000", "osm_type": "way", "highway": "service", "service": null, "embankment": null, "footway": null, "sport": null, "description": null, "sac_scale": null, "mtb:scale:uphill": null, "mtb:scale": null, "incline": null, "tracktype": null, "wheelchair": null, "motor_vehicle": null, "horse": null, "foot": null, "bicycle": null, "lit": null, "junction": null, "old_ref": null, "oneway": null, "layer": null, "bridge": null, "int_name": null, "width": null, "name:uk": null, "name:ru": null, "name:en": null, "smoothness": null, "addr:city": null, "name:etymology:wikidata": null, "cutting": null, "surface": null, "ref_1": null, "ref": null, "name": null, "maxspeed": null, "lanes": null }, "geometry": { "type": "LineString", "coordinates": [ [ 537918.547480116714723, 5562411.127454577945173 ], [ 537926.707600396708585, 5562401.500673391856253 ], [ 537943.334706876194105, 5562395.258971130475402 ], [ 537945.397689605364576, 5562390.136547521688044 ], [ 537953.642350696609356, 5562353.668309582397342 ] ] } },
{ "type": "Feature", "properties": { "full_id": "w310187093", "osm_id": "310187093", "osm_type": "way", "highway": "residential", "service": null, "embankment": null, "footway": null, "sport": null, "description": null, "sac_scale": null, "mtb:scale:uphill": null, "mtb:scale": null, "incline": null, "tracktype": null, "wheelchair": null, "motor_vehicle": null, "horse": null, "foot": null, "bicycle": null, "lit": null, "junction": null, "old_ref": null, "oneway": null, "layer": null, "bridge": null, "int_name": null, "width": null, "name:uk": null, "name:ru": null, "name:en": null, "smoothness": null, "addr:city": null, "name:etymology:wikidata": null, "cutting": null, "surface": "unpaved", "ref_1": null, "ref": null, "name": "улица Достоевского", "maxspeed": "20", "lanes": null }, "geometry": { "type": "LineString", "coordinates": [ [ 538537.372946265270002, 5562482.446073338389397 ], [ 538501.171816546702757, 5562471.153543470427394 ], [ 538482.241535617387854, 5562474.163351756520569 ], [ 538443.640249420306645, 5562473.094784433022141 ], [ 538416.420822325977497, 5562478.791412982158363 ], [ 538394.191063684527762, 5562474.316618088632822 ], [ 538338.079025988350622, 5562475.335218881256878 ], [ 538317.567743711755611, 5562471.006562177091837 ], [ 538308.070002050604671, 5562474.073818759992719 ], [ 538300.326817350462079, 5562477.242678817361593 ], [ 538288.438943651039153, 5562483.261630871333182 ], [ 538275.469552841037512, 5562457.126770505681634 ], [ 538269.933166308910586, 5562452.083230013027787 ], [ 538260.463008059887215, 5562451.314592555165291 ], [ 538165.259570807800628, 5562442.94726606272161 ], [ 538120.477315373485908, 5562440.102088809013367 ], [ 538003.133049775031395, 5562432.668756945058703 ], [ 537923.070526928524487, 5562423.246424119919538 ] ] } },
{ "type": "Feature", "properties": { "full_id": "w338028202", "osm_id": "338028202", "osm_type": "way", "highway": "tertiary", "service": null, "embankment": null, "footway": null, "sport": null, "description": null, "sac_scale": null, "mtb:scale:uphill": null, "mtb:scale": null, "incline": null, "tracktype": null, "wheelchair": null, "motor_vehicle": null, "horse": null, "foot": null, "bicycle": null, "lit": null, "junction": null, "old_ref": null, "oneway": null, "layer": "1", "bridge": "yes", "int_name": null, "width": null, "name:uk": null, "name:ru": null, "name:en": null, "smoothness": null, "addr:city": null, "name:etymology:wikidata": null, "cutting": null, "surface": null, "ref_1": null, "ref": "20Н-5-27", "name": "Воронеж — Луганск» — п. свх «Россошанский", "maxspeed": null, "lanes": null }, "geometry": { "type": "LineString", "coordinates": [ [ 534153.250432397355326, 5560550.302859102375805 ], [ 534254.912543059559539, 5560485.007981667295098 ] ] } },
{ "type": "Feature", "properties": { "full_id": "w360269138", "osm_id": "360269138", "osm_type": "way", "highway": "track", "service": null, "embankment": null, "footway": null, "sport": null, "description": null, "sac_scale": null, "mtb:scale:uphill": null, "mtb:scale": null, "incline": null, "tracktype": null, "wheelchair": null, "motor_vehicle": null, "horse": null, "foot": null, "bicycle": null, "lit": null, "junction": null, "old_ref": null, "oneway": null, "layer": null, "bridge": null, "int_name": null, "width": null, "name:uk": null, "name:ru": null, "name:en": null, "smoothness": null, "addr:city": null, "name:etymology:wikidata": null, "cutting": null, "surface": "grass", "ref_1": null, "ref": null, "name": null, "maxspeed": null, "lanes": null }, "geometry": { "type": "LineString", "coordinates": [ [ 536675.686966915032826, 5560651.758097117766738 ], [ 536678.604216625913978, 5560677.95299371983856 ] ] } },
{ "type": "Feature", "properties": { "full_id": "w360277245", "osm_id": "360277245", "osm_type": "way", "highway": "track", "service": null, "embankment": null, "footway": null, "sport": null, "description": null, "sac_scale": null, "mtb:scale:uphill": null, "mtb:scale": null, "incline": null, "tracktype": "grade4", "wheelchair": null, "motor_vehicle": null, "horse": null, "foot": null, "bicycle": null, "lit": null, "junction": null, "old_ref": null, "oneway": null, "layer": null, "bridge": null, "int_name": null, "width": null, "name:uk": null, "name:ru": null, "name:en": null, "smoothness": "bad", "addr:city": null, "name:etymology:wikidata": null, "cutting": null, "surface": "compacted", "ref_1": null, "ref": null, "name": null, "maxspeed": null, "lanes": null }, "geometry": { "type": "LineString", "coordinates": [ [ 536504.430848823743872, 5560583.331464686430991 ], [ 536513.336470150388777, 5560573.262882623821497 ], [ 536514.265184614108875, 5560567.943118714727461 ], [ 536514.294167608837597, 5560563.717991637997329 ], [ 536512.347953816875815, 5560555.042723655700684 ], [ 536509.483695958391763, 5560550.130595199763775 ], [ 536504.178824953502044, 5560544.100922227837145 ], [ 536496.194409293821082, 5560538.486534360796213 ], [ 536476.872425941866823, 5560530.136947870254517 ], [ 536464.444741578190587, 5560522.946582959964871 ], [ 536454.258682510815561, 5560514.659670726396143 ], [ 536447.192169552668929, 5560505.282209291122854 ], [ 536440.593564727343619, 5560493.23933464102447 ] ] } },
{ "type": "Feature", "properties": { "full_id": "w360277246", "osm_id": "360277246", "osm_type": "way", "highway": "track", "service": null, "embankment": null, "footway": null, "sport": null, "description": null, "sac_scale": null, "mtb:scale:uphill": null, "mtb:scale": null, "incline": null, "tracktype": "grade3", "wheelchair": null, "motor_vehicle": null, "horse": null, "foot": null, "bicycle": null, "lit": null, "junction": null, "old_ref": null, "oneway": null, "layer": null, "bridge": null, "int_name": null, "width": null, "name:uk": null, "name:ru": null, "name:en": null, "smoothness": "bad", "addr:city": null, "name:etymology:wikidata": null, "cutting": null, "surface": "compacted", "ref_1": null, "ref": null, "name": null, "maxspeed": "20", "lanes": null }, "geometry": { "type": "LineString", "coordinates": [ [ 536932.247392966179177, 5560508.247397954575717 ], [ 536856.854294772609137, 5560490.100781614892185 ], [ 536840.492854125564918, 5560486.173607561737299 ], [ 536768.498291788273491, 5560458.511427053250372 ], [ 536732.336411157972179, 5560443.150668571703136 ], [ 536700.401791922049597, 5560426.496106594800949 ], [ 536670.431939204921946, 5560417.83891608286649 ], [ 536658.294516653520986, 5560410.994797116145492 ], [ 536604.725002767518163, 5560368.261717880144715 ], [ 536582.831221546861343, 5560360.149813998490572 ], [ 536563.581047261832282, 5560352.701075916178524 ], [ 536553.941664659650996, 5560348.97663508169353 ], [ 536534.341055999044329, 5560343.693856174126267 ], [ 536515.732063769595698, 5560344.733699843287468 ], [ 536504.513342728139833, 5560352.718231363222003 ], [ 536482.786676917923614, 5560377.476462468504906 ], [ 536475.76219647238031, 5560403.614217740483582 ], [ 536468.723386106197722, 5560431.853427399881184 ], [ 536459.160535051603802, 5560444.063602287322283 ], [ 536447.828703485196456, 5560449.845859939232469 ], [ 536445.127605903195217, 5560452.362561073154211 ], [ 536445.020289254141971, 5560466.994792410172522 ], [ 536439.547424628050067, 5560481.312309893779457 ], [ 536440.593564727343619, 5560493.23933464102447 ], [ 536437.657025353168137, 5560538.49692446924746 ] ] } },
{ "type": "Feature", "properties": { "full_id": "w360278891", "osm_id": "360278891", "osm_type": "way", "highway": "path", "service": null, "embankment": null, "footway": null, "sport": null, "description": null, "sac_scale": null, "mtb:scale:uphill": "0", "mtb:scale": "1", "incline": "up", "tracktype": null, "wheelchair": null, "motor_vehicle": null, "horse": "no", "foot": null, "bicycle": null, "lit": null, "junction": null, "old_ref": null, "oneway": null, "layer": null, "bridge": null, "int_name": null, "width": "1.5", "name:uk": null, "name:ru": null, "name:en": null, "smoothness": null, "addr:city": null, "name:etymology:wikidata": null, "cutting": null, "surface": null, "ref_1": null, "ref": null, "name": null, "maxspeed": null, "lanes": null }, "geometry": { "type": "LineString", "coordinates": [ [ 536701.973335433751345, 5560673.744197657331824 ], [ 536710.438823173404671, 5560677.84999523870647 ], [ 536724.046078582410701, 5560684.671026638709009 ] ] } },
{ "type": "Feature", "properties": { "full_id": "w360278895", "osm_id": "360278895", "osm_type": "way", "highway": "footway", "service": null, "embankment": null, "footway": null, "sport": null, "description": null, "sac_scale": null, "mtb:scale:uphill": null, "mtb:scale": null, "incline": null, "tracktype": null, "wheelchair": null, "motor_vehicle": null, "horse": null, "foot": null, "bicycle": null, "lit": null, "junction": null, "old_ref": null, "oneway": null, "layer": null, "bridge": null, "int_name": null, "width": null, "name:uk": null, "name:ru": null, "name:en": null, "smoothness": null, "addr:city": null, "name:etymology:wikidata": null, "cutting": null, "surface": null, "ref_1": null, "ref": null, "name": null, "maxspeed": null, "lanes": null }, "geometry": { "type": "LineString", "coordinates": [ [ 536877.873261789558455, 5560702.646995545364916 ], [ 536877.497038756730035, 5560652.896688005886972 ], [ 536881.232718286220916, 5560652.511156781576574 ] ] } },
{ "type": "Feature", "properties": { "full_id": "w360279550", "osm_id": "360279550", "osm_type": "way", "highway": "service", "service": null, "embankment": null, "footway": null, "sport": null, "description": null, "sac_scale": null, "mtb:scale:uphill": null, "mtb:scale": null, "incline": null, "tracktype": null, "wheelchair": null, "motor_vehicle": null, "horse": null, "foot": null, "bicycle": null, "lit": null, "junction": null, "old_ref": null, "oneway": null, "layer": null, "bridge": null, "int_name": null, "width": null, "name:uk": null, "name:ru": null, "name:en": null, "smoothness": "good", "addr:city": null, "name:etymology:wikidata": null, "cutting": null, "surface": "asphalt", "ref_1": null, "ref": null, "name": null, "maxspeed": "20", "lanes": null }, "geometry": { "type": "LineString", "coordinates": [ [ 536997.68804830010049, 5560799.804895669221878 ], [ 536989.845321173779666, 5560785.228588392958045 ], [ 536989.289793669828214, 5560779.920824540778995 ], [ 536986.505696202628314, 5560753.281888478435576 ], [ 536986.331718076136895, 5560751.612785530276597 ], [ 536984.992428347701207, 5560738.916365688666701 ], [ 536982.816521571832709, 5560718.219362068921328 ], [ 536978.34351928497199, 5560675.768185472115874 ], [ 536969.573166713467799, 5560673.450048013590276 ], [ 536962.709001370589249, 5560673.124395484104753 ], [ 536945.153479453059845, 5560677.817169236019254 ], [ 536905.845266782213002, 5560694.456921901553869 ], [ 536883.466243736678734, 5560701.006735438480973 ], [ 536877.873261789558455, 5560702.646995545364916 ], [ 536869.036959970719181, 5560707.789610090665519 ], [ 536869.589102808153257, 5560724.93937967531383 ], [ 536872.350415603606962, 5560744.650770526379347 ], [ 536864.207879870431498, 5560746.506888611242175 ], [ 536858.813314291299321, 5560752.485065628774464 ], [ 536827.251645202864893, 5560753.43412606138736 ], [ 536821.184251494938508, 5560753.50334282964468 ], [ 536817.541123566683382, 5560753.934032718650997 ], [ 536817.16968129388988, 5560753.975940600968897 ], [ 536780.467299908632413, 5560758.26998613961041 ], [ 536760.298125984263606, 5560792.155675436370075 ], [ 536758.882811462040991, 5560794.525428666733205 ], [ 536741.453188265440986, 5560812.084754423238337 ], [ 536763.904404762433842, 5560834.255972753278911 ], [ 536770.00812007964123, 5560840.280313394963741 ], [ 536786.37669113278389, 5560856.449672931805253 ], [ 536807.501902458723634, 5560877.31095948535949 ], [ 536822.835317415068857, 5560892.450301378965378 ] ] } },
{ "type": "Feature", "properties": { "full_id": "w362569513", "osm_id": "362569513", "osm_type": "way", "highway": "service", "service": null, "embankment": null, "footway": null, "sport": null, "description": null, "sac_scale": null, "mtb:scale:uphill": null, "mtb:scale": null, "incline": null, "tracktype": null, "wheelchair": null, "motor_vehicle": null, "horse": null, "foot": null, "bicycle": null, "lit": null, "junction": null, "old_ref": null, "oneway": null, "layer": null, "bridge": null, "int_name": null, "width": null, "name:uk": null, "name:ru": null, "name:en": null, "smoothness": "intermediate", "addr:city": null, "name:etymology:wikidata": null, "cutting": null, "surface": "compacted", "ref_1": null, "ref": null, "name": null, "maxspeed": null, "lanes": null }, "geometry": { "type": "LineString", "coordinates": [ [ 536628.336445775465108, 5560679.6416752981022 ], [ 536629.2843107576482, 5560671.553359685465693 ], [ 536626.890216773375869, 5560666.800070599652827 ], [ 536625.184100690064952, 5560663.719408871605992 ], [ 536621.098016220144928, 5560660.055289706215262 ] ] } },
{ "type": "Feature", "properties": { "full_id": "w362569514", "osm_id": "362569514", "osm_type": "way", "highway": "service", "service": null, "embankment": null, "footway": null, "sport": null, "description": null, "sac_scale": null, "mtb:scale:uphill": null, "mtb:scale": null, "incline": null, "tracktype": null, "wheelchair": null, "motor_vehicle": null, "horse": null, "foot": null, "bicycle": null, "lit": null, "junction": null, "old_ref": null, "oneway": null, "layer": null, "bridge": null, "int_name": null, "width": null, "name:uk": null, "name:ru": null, "name:en": null, "smoothness": "bad", "addr:city": null, "name:etymology:wikidata": null, "cutting": null, "surface": "compacted", "ref_1": null, "ref": null, "name": null, "maxspeed": null, "lanes": null }, "geometry": { "type": "LineString", "coordinates": [ [ 536597.968433759990148, 5560661.608579133637249 ], [ 536598.66178499860689, 5560654.196785085834563 ], [ 536599.620721455663443, 5560645.530338440090418 ], [ 536602.413156409282237, 5560644.259702889248729 ], [ 536614.591412494890392, 5560645.099570620805025 ], [ 536620.960116355563514, 5560646.900229442864656 ], [ 536629.460672840592451, 5560653.185517582111061 ] ] } },
{ "type": "Feature", "properties": { "full_id": "w364672295", "osm_id": "364672295", "osm_type": "way", "highway": "service", "service": null, "embankment": null, "footway": null, "sport": null, "description": null, "sac_scale": null, "mtb:scale:uphill": null, "mtb:scale": null, "incline": null, "tracktype": null, "wheelchair": null, "motor_vehicle": null, "horse": null, "foot": null, "bicycle": null, "lit": null, "junction": null, "old_ref": null, "oneway": null, "layer": null, "bridge": null, "int_name": null, "width": null, "name:uk": null, "name:ru": null, "name:en": null, "smoothness": null, "addr:city": null, "name:etymology:wikidata": null, "cutting": null, "surface": null, "ref_1": null, "ref": null, "name": null, "maxspeed": null, "lanes": null }, "geometry": { "type": "LineString", "coordinates": [ [ 537723.795441892114468, 5560941.435655735433102 ], [ 537748.577769370051101, 5560972.411869054660201 ], [ 537772.555076269898564, 5560994.08674022462219 ] ] } },
{ "type": "Feature", "properties": { "full_id": "w364675892", "osm_id": "364675892", "osm_type": "way", "highway": "service", "service": null, "embankment": null, "footway": null, "sport": null, "description": null, "sac_scale": null, "mtb:scale:uphill": null, "mtb:scale": null, "incline": null, "tracktype": null, "wheelchair": null, "motor_vehicle": null, "horse": null, "foot": null, "bicycle": null, "lit": null, "junction": null, "old_ref": null, "oneway": null, "layer": null, "bridge": null, "int_name": null, "width": null, "name:uk": null, "name:ru": null, "name:en": null, "smoothness": null, "addr:city": null, "name:etymology:wikidata": null, "cutting": null, "surface": null, "ref_1": null, "ref": null, "name": null, "maxspeed": null, "lanes": null }, "geometry": { "type": "LineString", "coordinates": [ [ 537854.122418976272456, 5560926.449231008067727 ], [ 537870.207381533225998, 5560909.762364823371172 ] ] } },
{ "type": "Feature", "properties": { "full_id": "w365077673", "osm_id": "365077673", "osm_type": "way", "highway": "service", "service": null, "embankment": null, "footway": null, "sport": null, "description": null, "sac_scale": null, "mtb:scale:uphill": null, "mtb:scale": null, "incline": null, "tracktype": null, "wheelchair": null, "motor_vehicle": null, "horse": null, "foot": null, "bicycle": null, "lit": null, "junction": null, "old_ref": null, "oneway": null, "layer": null, "bridge": null, "int_name": null, "width": null, "name:uk": null, "name:ru": null, "name:en": null, "smoothness": null, "addr:city": null, "name:etymology:wikidata": null, "cutting": null, "surface": null, "ref_1": null, "ref": null, "name": null, "maxspeed": null, "lanes": null }, "geometry": { "type": "LineString", "coordinates": [ [ 537141.98676832288038, 5560779.338508646935225 ], [ 537140.774606171296909, 5560789.393014706671238 ], [ 537138.955944163608365, 5560804.535927729681134 ], [ 537137.075151826487854, 5560824.493064291775227 ], [ 537140.530887977569364, 5560852.960343026556075 ] ] } },
{ "type": "Feature", "properties": { "full_id": "w365077874", "osm_id": "365077874", "osm_type": "way", "highway": "service", "service": null, "embankment": null, "footway": null, "sport": null, "description": null, "sac_scale": null, "mtb:scale:uphill": null, "mtb:scale": null, "incline": null, "tracktype": null, "wheelchair": null, "motor_vehicle": null, "horse": null, "foot": null, "bicycle": null, "lit": null, "junction": null, "old_ref": null, "oneway": null, "layer": null, "bridge": null, "int_name": null, "width": null, "name:uk": null, "name:ru": null, "name:en": null, "smoothness": null, "addr:city": null, "name:etymology:wikidata": null, "cutting": null, "surface": null, "ref_1": null, "ref": null, "name": null, "maxspeed": null, "lanes": null }, "geometry": { "type": "LineString", "coordinates": [ [ 537140.774606171296909, 5560789.393014706671238 ], [ 537105.032874217955396, 5560814.573566454462707 ], [ 537108.369088481529616, 5560828.473708355799317 ], [ 537110.026938179740682, 5560833.311042167246342 ], [ 537112.293462677043863, 5560839.909469677135348 ], [ 537113.900974940625019, 5560848.893952107056975 ], [ 537115.793809113791212, 5560857.902663444168866 ] ] } },
{ "type": "Feature", "properties": { "full_id": "w365078204", "osm_id": "365078204", "osm_type": "way", "highway": "service", "service": null, "embankment": null, "footway": null, "sport": null, "description": null, "sac_scale": null, "mtb:scale:uphill": null, "mtb:scale": null, "incline": null, "tracktype": null, "wheelchair": null, "motor_vehicle": null, "horse": null, "foot": null, "bicycle": null, "lit": null, "junction": null, "old_ref": null, "oneway": null, "layer": null, "bridge": null, "int_name": null, "width": null, "name:uk": null, "name:ru": null, "name:en": null, "smoothness": null, "addr:city": null, "name:etymology:wikidata": null, "cutting": null, "surface": null, "ref_1": null, "ref": null, "name": null, "maxspeed": null, "lanes": null }, "geometry": { "type": "LineString", "coordinates": [ [ 537025.666619010386057, 5561059.434897057712078 ], [ 537033.543793694465421, 5561085.397672483697534 ], [ 537050.012729039648548, 5561080.775472860783339 ] ] } },
{ "type": "Feature", "properties": { "full_id": "w365318184", "osm_id": "365318184", "osm_type": "way", "highway": "service", "service": null, "embankment": null, "footway": null, "sport": null, "description": null, "sac_scale": null, "mtb:scale:uphill": null, "mtb:scale": null, "incline": null, "tracktype": null, "wheelchair": null, "motor_vehicle": null, "horse": null, "foot": null, "bicycle": null, "lit": null, "junction": null, "old_ref": null, "oneway": null, "layer": null, "bridge": null, "int_name": null, "width": null, "name:uk": null, "name:ru": null, "name:en": null, "smoothness": "intermediate", "addr:city": null, "name:etymology:wikidata": null, "cutting": null, "surface": "compacted", "ref_1": null, "ref": null, "name": null, "maxspeed": null, "lanes": null }, "geometry": { "type": "LineString", "coordinates": [ [ 537678.565814400324598, 5560979.810485379770398 ], [ 537656.217368863406591, 5560948.773986228741705 ], [ 537677.220925517845899, 5560930.84262490272522 ], [ 537706.141367570962757, 5560956.032530118711293 ] ] } },
{ "type": "Feature", "properties": { "full_id": "w365318241", "osm_id": "365318241", "osm_type": "way", "highway": "service", "service": null, "embankment": null, "footway": null, "sport": null, "description": null, "sac_scale": null, "mtb:scale:uphill": null, "mtb:scale": null, "incline": null, "tracktype": null, "wheelchair": null, "motor_vehicle": null, "horse": null, "foot": null, "bicycle": null, "lit": null, "junction": null, "old_ref": null, "oneway": null, "layer": null, "bridge": null, "int_name": null, "width": null, "name:uk": null, "name:ru": null, "name:en": null, "smoothness": null, "addr:city": null, "name:etymology:wikidata": null, "cutting": null, "surface": null, "ref_1": null, "ref": null, "name": null, "maxspeed": null, "lanes": null }, "geometry": { "type": "LineString", "coordinates": [ [ 537633.025865381350741, 5561018.761703953146935 ], [ 537620.781558942864649, 5561001.151102035306394 ], [ 537593.591889793751761, 5560965.332703686319292 ] ] } },
{ "type": "Feature", "properties": { "full_id": "w365318550", "osm_id": "365318550", "osm_type": "way", "highway": "service", "service": null, "embankment": null, "footway": null, "sport": null, "description": null, "sac_scale": null, "mtb:scale:uphill": null, "mtb:scale": null, "incline": null, "tracktype": null, "wheelchair": null, "motor_vehicle": null, "horse": null, "foot": null, "bicycle": null, "lit": null, "junction": null, "old_ref": null, "oneway": null, "layer": null, "bridge": null, "int_name": null, "width": null, "name:uk": null, "name:ru": null, "name:en": null, "smoothness": null, "addr:city": null, "name:etymology:wikidata": null, "cutting": null, "surface": null, "ref_1": null, "ref": null, "name": null, "maxspeed": null, "lanes": null }, "geometry": { "type": "LineString", "coordinates": [ [ 537431.746739401016384, 5561154.109809227287769 ], [ 537420.31918515090365, 5561153.262215080671012 ], [ 537403.718186897225678, 5561159.394568722695112 ] ] } },
{ "type": "Feature", "properties": { "full_id": "w365948790", "osm_id": "365948790", "osm_type": "way", "highway": "track", "service": null, "embankment": null, "footway": null, "sport": null, "description": null, "sac_scale": null, "mtb:scale:uphill": null, "mtb:scale": null, "incline": null, "tracktype": null, "wheelchair": null, "motor_vehicle": null, "horse": null, "foot": null, "bicycle": null, "lit": null, "junction": null, "old_ref": null, "oneway": null, "layer": null, "bridge": null, "int_name": null, "width": null, "name:uk": null, "name:ru": null, "name:en": null, "smoothness": null, "addr:city": null, "name:etymology:wikidata": null, "cutting": null, "surface": null, "ref_1": null, "ref": null, "name": null, "maxspeed": null, "lanes": null }, "geometry": { "type": "LineString", "coordinates": [ [ 537771.472752146772109, 5559746.270520871505141 ], [ 537771.887424187385477, 5559788.448950925841928 ], [ 537771.18529027828481, 5559817.987940045073628 ], [ 537770.311879846500233, 5559870.664972976781428 ], [ 537774.105940169538371, 5559893.330779729411006 ], [ 537768.87979526608251, 5559933.667875189334154 ], [ 537767.258932316093706, 5559953.849023413844407 ], [ 537763.18910211964976, 5559970.065450504422188 ], [ 537764.507178070256487, 5560000.619514789432287 ], [ 537764.187524546403438, 5560045.683769980445504 ], [ 537762.409046528628096, 5560080.040913049131632 ], [ 537756.661066449480131, 5560134.607033655978739 ], [ 537757.739871250465512, 5560144.544221248477697 ], [ 537756.401080430718139, 5560171.265528487972915 ], [ 537756.583397721522488, 5560199.910144923254848 ], [ 537752.25830639898777, 5560215.913506872951984 ] ] } },
{ "type": "Feature", "properties": { "full_id": "w367413126", "osm_id": "367413126", "osm_type": "way", "highway": "service", "service": null, "embankment": null, "footway": null, "sport": null, "description": null, "sac_scale": null, "mtb:scale:uphill": null, "mtb:scale": null, "incline": null, "tracktype": null, "wheelchair": null, "motor_vehicle": null, "horse": null, "foot": null, "bicycle": null, "lit": null, "junction": null, "old_ref": null, "oneway": null, "layer": null, "bridge": null, "int_name": null, "width": null, "name:uk": null, "name:ru": null, "name:en": null, "smoothness": null, "addr:city": null, "name:etymology:wikidata": null, "cutting": null, "surface": null, "ref_1": null, "ref": null, "name": null, "maxspeed": null, "lanes": null }, "geometry": { "type": "LineString", "coordinates": [ [ 537794.421160830999725, 5560971.31393659953028 ], [ 537774.03523826750461, 5560954.4791194293648 ], [ 537748.577769370051101, 5560972.411869054660201 ] ] } },
{ "type": "Feature", "properties": { "full_id": "w371680938", "osm_id": "371680938", "osm_type": "way", "highway": "service", "service": null, "embankment": null, "footway": null, "sport": null, "description": null, "sac_scale": null, "mtb:scale:uphill": null, "mtb:scale": null, "incline": null, "tracktype": null, "wheelchair": null, "motor_vehicle": null, "horse": null, "foot": null, "bicycle": null, "lit": null, "junction": null, "old_ref": null, "oneway": null, "layer": null, "bridge": null, "int_name": null, "width": null, "name:uk": null, "name:ru": null, "name:en": null, "smoothness": null, "addr:city": null, "name:etymology:wikidata": null, "cutting": null, "surface": null, "ref_1": null, "ref": null, "name": null, "maxspeed": null, "lanes": null }, "geometry": { "type": "LineString", "coordinates": [ [ 537722.725481693865731, 5562319.479623349383473 ], [ 537724.411298251478001, 5562326.263254687190056 ], [ 537723.415576950414106, 5562330.837361888960004 ], [ 537723.197582062217407, 5562335.416983916424215 ], [ 537723.152879313915037, 5562341.721332365646958 ] ] } },
{ "type": "Feature", "properties": { "full_id": "w371681143", "osm_id": "371681143", "osm_type": "way", "highway": "service", "service": null, "embankment": null, "footway": null, "sport": null, "description": null, "sac_scale": null, "mtb:scale:uphill": null, "mtb:scale": null, "incline": null, "tracktype": null, "wheelchair": null, "motor_vehicle": null, "horse": null, "foot": null, "bicycle": null, "lit": null, "junction": null, "old_ref": null, "oneway": null, "layer": null, "bridge": null, "int_name": null, "width": null, "name:uk": null, "name:ru": null, "name:en": null, "smoothness": null, "addr:city": null, "name:etymology:wikidata": null, "cutting": null, "surface": null, "ref_1": null, "ref": null, "name": null, "maxspeed": null, "lanes": null }, "geometry": { "type": "LineString", "coordinates": [ [ 537731.517909928923473, 5562319.263991186395288 ], [ 537741.411787228658795, 5562330.753732541576028 ], [ 537747.705756421899423, 5562333.70053458865732 ], [ 537762.59317413775716, 5562335.307298243977129 ], [ 537778.002255070256069, 5562334.794013940729201 ], [ 537796.955795621266589, 5562333.538720614276826 ] ] } },
{ "type": "Feature", "properties": { "full_id": "w371681416", "osm_id": "371681416", "osm_type": "way", "highway": "residential", "service": null, "embankment": null, "footway": null, "sport": null, "description": null, "sac_scale": null, "mtb:scale:uphill": null, "mtb:scale": null, "incline": null, "tracktype": null, "wheelchair": null, "motor_vehicle": null, "horse": null, "foot": null, "bicycle": null, "lit": null, "junction": null, "old_ref": null, "oneway": null, "layer": null, "bridge": null, "int_name": null, "width": null, "name:uk": null, "name:ru": null, "name:en": null, "smoothness": null, "addr:city": null, "name:etymology:wikidata": null, "cutting": null, "surface": "gravel", "ref_1": null, "ref": null, "name": "Подгорная улица", "maxspeed": "20", "lanes": null }, "geometry": { "type": "LineString", "coordinates": [ [ 537973.035828995984048, 5562315.767419384792447 ], [ 537980.378600133350119, 5562357.695291169919074 ], [ 537986.361467956798151, 5562377.207982930354774 ], [ 538008.462110346765257, 5562391.865463819354773 ], [ 538047.850033597438596, 5562405.745980966836214 ], [ 538108.934223667485639, 5562418.925978909246624 ], [ 538167.748449463397264, 5562422.24976899754256 ], [ 538238.454871963243932, 5562426.893924265168607 ], [ 538271.537617642316036, 5562430.400910806842148 ], [ 538328.515168972313404, 5562438.06093636713922 ], [ 538363.523189535946585, 5562439.747674115933478 ], [ 538434.173012607148848, 5562435.387346386909485 ], [ 538456.367938583949581, 5562431.867235144600272 ], [ 538470.18380779994186, 5562427.663933110423386 ], [ 538498.855627424200065, 5562413.582969549112022 ] ] } },
{ "type": "Feature", "properties": { "full_id": "w386901295", "osm_id": "386901295", "osm_type": "way", "highway": "residential", "service": null, "embankment": null, "footway": null, "sport": null, "description": null, "sac_scale": null, "mtb:scale:uphill": null, "mtb:scale": null, "incline": null, "tracktype": null, "wheelchair": null, "motor_vehicle": null, "horse": null, "foot": null, "bicycle": null, "lit": null, "junction": null, "old_ref": null, "oneway": null, "layer": null, "bridge": null, "int_name": null, "width": null, "name:uk": null, "name:ru": null, "name:en": null, "smoothness": null, "addr:city": null, "name:etymology:wikidata": null, "cutting": null, "surface": "unpaved", "ref_1": null, "ref": null, "name": "улица Курчатова", "maxspeed": "20", "lanes": null }, "geometry": { "type": "LineString", "coordinates": [ [ 537020.682204558281228, 5561841.521120242774487 ], [ 537028.145155762089416, 5561848.900677579455078 ], [ 537070.985782982897945, 5561892.553189572878182 ], [ 537085.783630736870691, 5561906.188517181202769 ], [ 537089.196920821792446, 5561914.051426850259304 ] ] } },
{ "type": "Feature", "properties": { "full_id": "w387061021", "osm_id": "387061021", "osm_type": "way", "highway": "service", "service": null, "embankment": null, "footway": null, "sport": null, "description": null, "sac_scale": null, "mtb:scale:uphill": null, "mtb:scale": null, "incline": null, "tracktype": null, "wheelchair": null, "motor_vehicle": null, "horse": null, "foot": null, "bicycle": null, "lit": null, "junction": null, "old_ref": null, "oneway": null, "layer": null, "bridge": null, "int_name": null, "width": null, "name:uk": null, "name:ru": null, "name:en": null, "smoothness": null, "addr:city": null, "name:etymology:wikidata": null, "cutting": null, "surface": null, "ref_1": null, "ref": null, "name": null, "maxspeed": null, "lanes": null }, "geometry": { "type": "LineString", "coordinates": [ [ 536883.399662714684382, 5561789.819201253354549 ], [ 536877.778643000405282, 5561779.194658920168877 ], [ 536871.289257113239728, 5561776.481053235009313 ], [ 536859.599964013439603, 5561777.545354868285358 ], [ 536849.855316929519176, 5561774.998254803009331 ], [ 536829.501772324438207, 5561729.80190547183156 ], [ 536824.40802181547042, 5561719.270026450976729 ], [ 536818.11730223253835, 5561714.645341247320175 ], [ 536802.459720162907615, 5561709.57781467307359 ], [ 536779.305167013313621, 5561704.035976850427687 ] ] } },
{ "type": "Feature", "properties": { "full_id": "w387061097", "osm_id": "387061097", "osm_type": "way", "highway": "service", "service": null, "embankment": null, "footway": null, "sport": null, "description": null, "sac_scale": null, "mtb:scale:uphill": null, "mtb:scale": null, "incline": null, "tracktype": null, "wheelchair": null, "motor_vehicle": null, "horse": null, "foot": null, "bicycle": null, "lit": null, "junction": null, "old_ref": null, "oneway": null, "layer": null, "bridge": null, "int_name": null, "width": null, "name:uk": null, "name:ru": null, "name:en": null, "smoothness": null, "addr:city": null, "name:etymology:wikidata": null, "cutting": null, "surface": null, "ref_1": null, "ref": null, "name": null, "maxspeed": null, "lanes": null }, "geometry": { "type": "LineString", "coordinates": [ [ 536814.779432840179652, 5561802.042236659675837 ], [ 536844.961975969024934, 5561791.187439115718007 ], [ 536848.553315810626373, 5561786.797943216748536 ], [ 536851.33138278441038, 5561783.403554909862578 ], [ 536849.855316929519176, 5561774.998254803009331 ] ] } },
{ "type": "Feature", "properties": { "full_id": "w387061185", "osm_id": "387061185", "osm_type": "way", "highway": "service", "service": null, "embankment": null, "footway": null, "sport": null, "description": null, "sac_scale": null, "mtb:scale:uphill": null, "mtb:scale": null, "incline": null, "tracktype": null, "wheelchair": null, "motor_vehicle": null, "horse": null, "foot": null, "bicycle": null, "lit": null, "junction": null, "old_ref": null, "oneway": null, "layer": null, "bridge": null, "int_name": null, "width": null, "name:uk": null, "name:ru": null, "name:en": null, "smoothness": null, "addr:city": null, "name:etymology:wikidata": null, "cutting": null, "surface": null, "ref_1": null, "ref": null, "name": null, "maxspeed": null, "lanes": null }, "geometry": { "type": "LineString", "coordinates": [ [ 536855.477590090362355, 5561801.934800986200571 ], [ 536848.553315810626373, 5561786.797943216748536 ] ] } },
{ "type": "Feature", "properties": { "full_id": "w387061570", "osm_id": "387061570", "osm_type": "way", "highway": "service", "service": null, "embankment": null, "footway": null, "sport": null, "description": null, "sac_scale": null, "mtb:scale:uphill": null, "mtb:scale": null, "incline": null, "tracktype": null, "wheelchair": null, "motor_vehicle": null, "horse": null, "foot": null, "bicycle": null, "lit": null, "junction": null, "old_ref": null, "oneway": null, "layer": null, "bridge": null, "int_name": null, "width": null, "name:uk": null, "name:ru": null, "name:en": null, "smoothness": null, "addr:city": null, "name:etymology:wikidata": null, "cutting": null, "surface": null, "ref_1": null, "ref": null, "name": null, "maxspeed": null, "lanes": null }, "geometry": { "type": "LineString", "coordinates": [ [ 536845.50642031931784, 5561562.089025872759521 ], [ 536873.271890138741583, 5561628.363380935974419 ], [ 536796.297597339726053, 5561659.520564814098179 ], [ 536768.715986283263192, 5561590.279033972881734 ] ] } },
{ "type": "Feature", "properties": { "full_id": "w407487095", "osm_id": "407487095", "osm_type": "way", "highway": "footway", "service": null, "embankment": null, "footway": null, "sport": null, "description": null, "sac_scale": null, "mtb:scale:uphill": null, "mtb:scale": null, "incline": null, "tracktype": null, "wheelchair": null, "motor_vehicle": null, "horse": null, "foot": null, "bicycle": "no", "lit": "yes", "junction": null, "old_ref": null, "oneway": null, "layer": null, "bridge": null, "int_name": null, "width": null, "name:uk": null, "name:ru": null, "name:en": null, "smoothness": "good", "addr:city": null, "name:etymology:wikidata": null, "cutting": null, "surface": "asphalt", "ref_1": null, "ref": null, "name": null, "maxspeed": null, "lanes": null }, "geometry": { "type": "LineString", "coordinates": [ [ 538025.768597671063617, 5560837.506201410666108 ], [ 538026.105447000125423, 5560839.309937914833426 ], [ 538027.176267800037749, 5560844.276805385947227 ], [ 538028.200898252311163, 5560845.718518372625113 ], [ 538029.646788010839373, 5560846.140263914130628 ], [ 538044.59606430423446, 5560845.65777326002717 ], [ 538055.591219043824822, 5560846.170029264874756 ] ] } },
{ "type": "Feature", "properties": { "full_id": "w432851439", "osm_id": "432851439", "osm_type": "way", "highway": "service", "service": null, "embankment": null, "footway": null, "sport": null, "description": null, "sac_scale": null, "mtb:scale:uphill": null, "mtb:scale": null, "incline": null, "tracktype": null, "wheelchair": null, "motor_vehicle": null, "horse": null, "foot": null, "bicycle": null, "lit": null, "junction": null, "old_ref": null, "oneway": null, "layer": null, "bridge": null, "int_name": null, "width": null, "name:uk": null, "name:ru": null, "name:en": null, "smoothness": null, "addr:city": null, "name:etymology:wikidata": null, "cutting": null, "surface": null, "ref_1": null, "ref": null, "name": null, "maxspeed": "20", "lanes": null }, "geometry": { "type": "LineString", "coordinates": [ [ 535852.657236585626379, 5560535.091701646335423 ], [ 535816.680875198449939, 5560578.84842995647341 ], [ 535799.188598121050745, 5560618.82681842148304 ], [ 535788.908475630683824, 5560666.87073930259794 ], [ 535782.679979180102237, 5560681.339503142982721 ], [ 535758.727893903385848, 5560714.01372279971838 ], [ 535747.08048014016822, 5560737.230343757197261 ], [ 535739.730755501543172, 5560748.633829814381897 ], [ 535728.936337086837739, 5560759.636147102341056 ], [ 535722.975685469224118, 5560761.886707444675267 ] ] } },
{ "type": "Feature", "properties": { "full_id": "w432851453", "osm_id": "432851453", "osm_type": "way", "highway": "service", "service": null, "embankment": null, "footway": null, "sport": null, "description": null, "sac_scale": null, "mtb:scale:uphill": null, "mtb:scale": null, "incline": null, "tracktype": null, "wheelchair": null, "motor_vehicle": null, "horse": null, "foot": null, "bicycle": null, "lit": null, "junction": null, "old_ref": null, "oneway": null, "layer": null, "bridge": null, "int_name": null, "width": null, "name:uk": null, "name:ru": null, "name:en": null, "smoothness": null, "addr:city": null, "name:etymology:wikidata": null, "cutting": null, "surface": null, "ref_1": null, "ref": null, "name": null, "maxspeed": null, "lanes": null }, "geometry": { "type": "LineString", "coordinates": [ [ 536223.413358039106242, 5561149.15086220856756 ], [ 536205.565754472394474, 5561148.851507536135614 ], [ 536158.730803186190315, 5561148.088326898403466 ], [ 536004.624374390463345, 5561145.564673508517444 ], [ 535878.705924450070597, 5561143.50230132881552 ], [ 535878.495662540313788, 5561189.512439282611012 ], [ 535878.157896345946938, 5561265.021158481016755 ], [ 535878.131316611310467, 5561271.080984531901777 ], [ 535877.925976697122678, 5561315.300961279310286 ], [ 535876.138001752551645, 5561323.272548059932888 ], [ 535872.015756049193442, 5561327.092029542662203 ], [ 535865.2452105054399, 5561329.937407813034952 ], [ 535696.888182197348215, 5561326.915171351283789 ], [ 535544.344168741488829, 5561324.181763789616525 ] ] } },
{ "type": "Feature", "properties": { "full_id": "w432851454", "osm_id": "432851454", "osm_type": "way", "highway": "service", "service": null, "embankment": null, "footway": null, "sport": null, "description": null, "sac_scale": null, "mtb:scale:uphill": null, "mtb:scale": null, "incline": null, "tracktype": null, "wheelchair": null, "motor_vehicle": null, "horse": null, "foot": null, "bicycle": null, "lit": null, "junction": null, "old_ref": null, "oneway": null, "layer": null, "bridge": null, "int_name": null, "width": null, "name:uk": null, "name:ru": null, "name:en": null, "smoothness": null, "addr:city": null, "name:etymology:wikidata": null, "cutting": null, "surface": null, "ref_1": null, "ref": null, "name": null, "maxspeed": null, "lanes": null }, "geometry": { "type": "LineString", "coordinates": [ [ 535696.888182197348215, 5561326.915171351283789 ], [ 535699.499101229012012, 5561255.802703382447362 ], [ 535701.568921702215448, 5561199.397408377379179 ], [ 535706.195626667584293, 5561194.84730857424438 ], [ 535710.424130051746033, 5561192.207055288366973 ], [ 535716.179398398031481, 5561190.711216934025288 ], [ 535855.515994103509001, 5561193.560655207373202 ], [ 535863.567943612113595, 5561192.280596550554037 ], [ 535872.379001135705039, 5561190.616492097266018 ], [ 535878.495662540313788, 5561189.512439282611012 ] ] } },
{ "type": "Feature", "properties": { "full_id": "w432851455", "osm_id": "432851455", "osm_type": "way", "highway": "service", "service": null, "embankment": null, "footway": null, "sport": null, "description": null, "sac_scale": null, "mtb:scale:uphill": null, "mtb:scale": null, "incline": null, "tracktype": null, "wheelchair": null, "motor_vehicle": null, "horse": null, "foot": null, "bicycle": null, "lit": null, "junction": null, "old_ref": null, "oneway": null, "layer": null, "bridge": null, "int_name": null, "width": null, "name:uk": null, "name:ru": null, "name:en": null, "smoothness": null, "addr:city": null, "name:etymology:wikidata": null, "cutting": null, "surface": null, "ref_1": null, "ref": null, "name": null, "maxspeed": null, "lanes": null }, "geometry": { "type": "LineString", "coordinates": [ [ 536171.616229919833131, 5561271.533198666758835 ], [ 535878.131316611310467, 5561271.080984531901777 ] ] } },
{ "type": "Feature", "properties": { "full_id": "w432851456", "osm_id": "432851456", "osm_type": "way", "highway": "service", "service": null, "embankment": null, "footway": null, "sport": null, "description": null, "sac_scale": null, "mtb:scale:uphill": null, "mtb:scale": null, "incline": null, "tracktype": null, "wheelchair": null, "motor_vehicle": null, "horse": null, "foot": null, "bicycle": null, "lit": null, "junction": null, "old_ref": null, "oneway": null, "layer": null, "bridge": null, "int_name": null, "width": null, "name:uk": null, "name:ru": null, "name:en": null, "smoothness": null, "addr:city": null, "name:etymology:wikidata": null, "cutting": null, "surface": null, "ref_1": null, "ref": null, "name": null, "maxspeed": null, "lanes": null }, "geometry": { "type": "LineString", "coordinates": [ [ 536171.616229919833131, 5561271.533198666758835 ], [ 536184.502779916161671, 5561268.763146222569048 ], [ 536191.28991048282478, 5561263.51651915255934 ], [ 536195.672045730403624, 5561258.25354294013232 ], [ 536205.565754472394474, 5561148.851507536135614 ] ] } },
{ "type": "Feature", "properties": { "full_id": "w432851457", "osm_id": "432851457", "osm_type": "way", "highway": "service", "service": null, "embankment": null, "footway": null, "sport": null, "description": null, "sac_scale": null, "mtb:scale:uphill": null, "mtb:scale": null, "incline": null, "tracktype": null, "wheelchair": null, "motor_vehicle": null, "horse": null, "foot": null, "bicycle": null, "lit": null, "junction": null, "old_ref": null, "oneway": null, "layer": null, "bridge": null, "int_name": null, "width": null, "name:uk": null, "name:ru": null, "name:en": null, "smoothness": null, "addr:city": null, "name:etymology:wikidata": null, "cutting": null, "surface": null, "ref_1": null, "ref": null, "name": null, "maxspeed": null, "lanes": null }, "geometry": { "type": "LineString", "coordinates": [ [ 535699.499101229012012, 5561255.802703382447362 ], [ 535878.157896345946938, 5561265.021158481016755 ] ] } },
{ "type": "Feature", "properties": { "full_id": "w432851458", "osm_id": "432851458", "osm_type": "way", "highway": "service", "service": null, "embankment": null, "footway": null, "sport": null, "description": null, "sac_scale": null, "mtb:scale:uphill": null, "mtb:scale": null, "incline": null, "tracktype": null, "wheelchair": null, "motor_vehicle": null, "horse": null, "foot": null, "bicycle": null, "lit": null, "junction": null, "old_ref": null, "oneway": null, "layer": null, "bridge": null, "int_name": null, "width": null, "name:uk": null, "name:ru": null, "name:en": null, "smoothness": null, "addr:city": null, "name:etymology:wikidata": null, "cutting": null, "surface": null, "ref_1": null, "ref": null, "name": null, "maxspeed": null, "lanes": null }, "geometry": { "type": "LineString", "coordinates": [ [ 535699.499101229012012, 5561255.802703382447362 ], [ 535626.383602143381722, 5561257.714502890594304 ] ] } },
{ "type": "Feature", "properties": { "full_id": "w432851459", "osm_id": "432851459", "osm_type": "way", "highway": "service", "service": null, "embankment": null, "footway": null, "sport": null, "description": null, "sac_scale": null, "mtb:scale:uphill": null, "mtb:scale": null, "incline": null, "tracktype": null, "wheelchair": null, "motor_vehicle": null, "horse": null, "foot": null, "bicycle": null, "lit": null, "junction": null, "old_ref": null, "oneway": null, "layer": null, "bridge": null, "int_name": null, "width": null, "name:uk": null, "name:ru": null, "name:en": null, "smoothness": null, "addr:city": null, "name:etymology:wikidata": null, "cutting": null, "surface": null, "ref_1": null, "ref": null, "name": null, "maxspeed": null, "lanes": null }, "geometry": { "type": "LineString", "coordinates": [ [ 536004.624374390463345, 5561145.564673508517444 ], [ 536012.450533750234172, 5561130.206307278946042 ], [ 536023.613193839555606, 5561120.663678141310811 ], [ 536038.580934664001688, 5561118.352128169499338 ], [ 536072.326778008486144, 5561121.227133306674659 ], [ 536122.777413806412369, 5561115.07566035259515 ], [ 536155.963348726276308, 5561129.978456498123705 ], [ 536158.730803186190315, 5561148.088326898403466 ] ] } },
{ "type": "Feature", "properties": { "full_id": "w432851460", "osm_id": "432851460", "osm_type": "way", "highway": "service", "service": null, "embankment": null, "footway": null, "sport": null, "description": null, "sac_scale": null, "mtb:scale:uphill": null, "mtb:scale": null, "incline": null, "tracktype": null, "wheelchair": null, "motor_vehicle": null, "horse": null, "foot": null, "bicycle": null, "lit": null, "junction": null, "old_ref": null, "oneway": null, "layer": null, "bridge": null, "int_name": null, "width": null, "name:uk": null, "name:ru": null, "name:en": null, "smoothness": null, "addr:city": null, "name:etymology:wikidata": null, "cutting": null, "surface": null, "ref_1": null, "ref": null, "name": null, "maxspeed": null, "lanes": null }, "geometry": { "type": "LineString", "coordinates": [ [ 536023.613193839555606, 5561120.663678141310811 ], [ 536045.003958053770475, 5561096.268264647573233 ], [ 536062.683603271725588, 5561085.568975762464106 ], [ 536087.56353984051384, 5561079.24396135751158 ], [ 536102.046701519284397, 5561077.896679794415832 ], [ 536124.694093234487809, 5561081.897623205557466 ], [ 536118.840909617720172, 5561091.476073019206524 ], [ 536117.338275154004805, 5561099.405040317215025 ], [ 536122.777413806412369, 5561115.07566035259515 ] ] } },
{ "type": "Feature", "properties": { "full_id": "w432851461", "osm_id": "432851461", "osm_type": "way", "highway": "service", "service": null, "embankment": null, "footway": null, "sport": null, "description": null, "sac_scale": null, "mtb:scale:uphill": null, "mtb:scale": null, "incline": null, "tracktype": null, "wheelchair": null, "motor_vehicle": null, "horse": null, "foot": null, "bicycle": null, "lit": null, "junction": null, "old_ref": null, "oneway": null, "layer": null, "bridge": null, "int_name": null, "width": null, "name:uk": null, "name:ru": null, "name:en": null, "smoothness": null, "addr:city": null, "name:etymology:wikidata": null, "cutting": null, "surface": null, "ref_1": null, "ref": null, "name": null, "maxspeed": null, "lanes": null }, "geometry": { "type": "LineString", "coordinates": [ [ 536124.694093234487809, 5561081.897623205557466 ], [ 536141.87575748807285, 5561087.807417497970164 ], [ 536156.781554154586047, 5561094.63582525216043 ], [ 536181.134346426464617, 5561095.524078746326268 ], [ 536190.993132911622524, 5561100.405758563429117 ], [ 536195.763574583921582, 5561108.37736638635397 ], [ 536204.532373955706134, 5561130.797884173691273 ], [ 536205.565754472394474, 5561148.851507536135614 ] ] } },
{ "type": "Feature", "properties": { "full_id": "w432851466", "osm_id": "432851466", "osm_type": "way", "highway": "service", "service": null, "embankment": null, "footway": null, "sport": null, "description": null, "sac_scale": null, "mtb:scale:uphill": null, "mtb:scale": null, "incline": null, "tracktype": null, "wheelchair": null, "motor_vehicle": null, "horse": null, "foot": null, "bicycle": null, "lit": null, "junction": null, "old_ref": null, "oneway": null, "layer": null, "bridge": null, "int_name": null, "width": null, "name:uk": null, "name:ru": null, "name:en": null, "smoothness": "intermediate", "addr:city": null, "name:etymology:wikidata": null, "cutting": null, "surface": "compacted", "ref_1": null, "ref": null, "name": null, "maxspeed": null, "lanes": null }, "geometry": { "type": "LineString", "coordinates": [ [ 536553.190890740486793, 5560647.490747572854161 ], [ 536599.620721455663443, 5560645.530338440090418 ] ] } },
{ "type": "Feature", "properties": { "full_id": "w432851474", "osm_id": "432851474", "osm_type": "way", "highway": "service", "service": null, "embankment": null, "footway": null, "sport": null, "description": null, "sac_scale": null, "mtb:scale:uphill": null, "mtb:scale": null, "incline": null, "tracktype": null, "wheelchair": null, "motor_vehicle": null, "horse": null, "foot": null, "bicycle": null, "lit": null, "junction": null, "old_ref": null, "oneway": null, "layer": null, "bridge": null, "int_name": null, "width": null, "name:uk": null, "name:ru": null, "name:en": null, "smoothness": null, "addr:city": null, "name:etymology:wikidata": null, "cutting": null, "surface": null, "ref_1": null, "ref": null, "name": null, "maxspeed": null, "lanes": null }, "geometry": { "type": "LineString", "coordinates": [ [ 536883.466243736678734, 5560701.006735438480973 ], [ 536855.845224374206737, 5560686.349216781556606 ], [ 536805.686720230733044, 5560683.589264866895974 ], [ 536800.870657825958915, 5560683.322460488416255 ], [ 536790.711244346457534, 5560687.822257468476892 ], [ 536785.060325983678922, 5560690.61862032301724 ], [ 536776.267744575976394, 5560687.377747530117631 ], [ 536746.191344006569125, 5560686.113697683438659 ], [ 536739.921805707621388, 5560691.674539872445166 ], [ 536739.659491219674237, 5560693.485172968357801 ], [ 536738.646765489596874, 5560700.605645512230694 ], [ 536742.547628130763769, 5560707.304143130779266 ], [ 536743.539631440653466, 5560707.322110176086426 ], [ 536745.345283139380626, 5560707.345694281160831 ], [ 536772.329367693630047, 5560707.810026611201465 ] ] } },
{ "type": "Feature", "properties": { "full_id": "w432851475", "osm_id": "432851475", "osm_type": "way", "highway": "service", "service": null, "embankment": null, "footway": null, "sport": null, "description": null, "sac_scale": null, "mtb:scale:uphill": null, "mtb:scale": null, "incline": null, "tracktype": null, "wheelchair": null, "motor_vehicle": null, "horse": null, "foot": null, "bicycle": null, "lit": null, "junction": null, "old_ref": null, "oneway": null, "layer": null, "bridge": null, "int_name": null, "width": null, "name:uk": null, "name:ru": null, "name:en": null, "smoothness": null, "addr:city": null, "name:etymology:wikidata": null, "cutting": null, "surface": null, "ref_1": null, "ref": null, "name": null, "maxspeed": null, "lanes": null }, "geometry": { "type": "LineString", "coordinates": [ [ 536743.539631440653466, 5560707.322110176086426 ], [ 536745.720170271000825, 5560775.042503610253334 ], [ 536746.380919424351305, 5560784.787561523728073 ], [ 536748.755127596436068, 5560790.330239257775247 ], [ 536760.298125984263606, 5560792.155675436370075 ], [ 536772.13904682523571, 5560792.181870169937611 ], [ 536853.471530699753202, 5560872.480826103128493 ], [ 536852.865623539546505, 5560898.139957812614739 ], [ 536842.085621953825466, 5560896.45303045399487 ], [ 536830.304412806872278, 5560896.082392550073564 ], [ 536827.742686356883496, 5560895.99795085657388 ], [ 536822.835317415068857, 5560892.450301378965378 ] ] } },
{ "type": "Feature", "properties": { "full_id": "w434732275", "osm_id": "434732275", "osm_type": "way", "highway": "service", "service": null, "embankment": null, "footway": null, "sport": null, "description": null, "sac_scale": null, "mtb:scale:uphill": null, "mtb:scale": null, "incline": null, "tracktype": null, "wheelchair": null, "motor_vehicle": null, "horse": null, "foot": null, "bicycle": null, "lit": null, "junction": null, "old_ref": null, "oneway": null, "layer": null, "bridge": null, "int_name": null, "width": null, "name:uk": null, "name:ru": null, "name:en": null, "smoothness": null, "addr:city": null, "name:etymology:wikidata": null, "cutting": null, "surface": null, "ref_1": null, "ref": null, "name": null, "maxspeed": null, "lanes": null }, "geometry": { "type": "LineString", "coordinates": [ [ 536133.689156900858507, 5561829.886275451630354 ], [ 536110.692714515607804, 5561756.865448378957808 ], [ 536106.473346201935783, 5561743.471429569646716 ] ] } },
{ "type": "Feature", "properties": { "full_id": "w434732277", "osm_id": "434732277", "osm_type": "way", "highway": "service", "service": null, "embankment": null, "footway": null, "sport": null, "description": null, "sac_scale": null, "mtb:scale:uphill": null, "mtb:scale": null, "incline": null, "tracktype": null, "wheelchair": null, "motor_vehicle": null, "horse": null, "foot": null, "bicycle": null, "lit": null, "junction": null, "old_ref": null, "oneway": null, "layer": null, "bridge": null, "int_name": null, "width": null, "name:uk": null, "name:ru": null, "name:en": null, "smoothness": null, "addr:city": null, "name:etymology:wikidata": null, "cutting": null, "surface": "compacted", "ref_1": null, "ref": null, "name": null, "maxspeed": null, "lanes": null }, "geometry": { "type": "LineString", "coordinates": [ [ 536425.942307763034478, 5560753.585894691757858 ], [ 536405.375605007633567, 5560755.135316889733076 ], [ 536386.749084219103679, 5560768.351085809059441 ], [ 536370.023470185115002, 5560769.748995062895119 ], [ 536348.072614417527802, 5560779.595280917361379 ], [ 536244.068172039231285, 5560784.36786254029721 ] ] } },
{ "type": "Feature", "properties": { "full_id": "w434732278", "osm_id": "434732278", "osm_type": "way", "highway": "service", "service": null, "embankment": null, "footway": null, "sport": null, "description": null, "sac_scale": null, "mtb:scale:uphill": null, "mtb:scale": null, "incline": null, "tracktype": null, "wheelchair": null, "motor_vehicle": null, "horse": null, "foot": null, "bicycle": null, "lit": null, "junction": null, "old_ref": null, "oneway": null, "layer": null, "bridge": null, "int_name": null, "width": null, "name:uk": null, "name:ru": null, "name:en": null, "smoothness": null, "addr:city": null, "name:etymology:wikidata": null, "cutting": null, "surface": "compacted", "ref_1": null, "ref": null, "name": null, "maxspeed": null, "lanes": null }, "geometry": { "type": "LineString", "coordinates": [ [ 536370.023470185115002, 5560769.748995062895119 ], [ 536385.128142308327369, 5560752.79525307752192 ], [ 536393.731022195657715, 5560738.910492028109729 ], [ 536396.849266766337678, 5560726.511579290963709 ], [ 536399.103510945802554, 5560708.947414848953485 ], [ 536400.227557381032966, 5560677.131727587431669 ], [ 536421.967321737320162, 5560683.607308593578637 ] ] } },
{ "type": "Feature", "properties": { "full_id": "w434732279", "osm_id": "434732279", "osm_type": "way", "highway": "service", "service": null, "embankment": null, "footway": null, "sport": null, "description": null, "sac_scale": null, "mtb:scale:uphill": null, "mtb:scale": null, "incline": null, "tracktype": null, "wheelchair": null, "motor_vehicle": null, "horse": null, "foot": null, "bicycle": null, "lit": null, "junction": null, "old_ref": null, "oneway": null, "layer": null, "bridge": null, "int_name": null, "width": null, "name:uk": null, "name:ru": null, "name:en": null, "smoothness": null, "addr:city": null, "name:etymology:wikidata": null, "cutting": null, "surface": "sand", "ref_1": null, "ref": null, "name": null, "maxspeed": null, "lanes": null }, "geometry": { "type": "LineString", "coordinates": [ [ 536426.135679893079214, 5560921.399411064572632 ], [ 536385.995306227123365, 5560916.199004293419421 ], [ 536382.558167986106128, 5560915.752975263632834 ], [ 536371.906268669408746, 5560905.750654672272503 ], [ 536334.801839916501194, 5560900.148850874975324 ], [ 536234.512161016347818, 5560891.147930059581995 ], [ 536224.537018982926384, 5560900.164480075240135 ], [ 536215.602626699721441, 5560918.817424362525344 ], [ 536210.214236978790723, 5560922.972730338573456 ], [ 536199.473705837735906, 5560925.95747109875083 ], [ 536170.378848181688227, 5560925.381611914373934 ], [ 536152.736256462172605, 5560929.464831219054759 ] ] } },
{ "type": "Feature", "properties": { "full_id": "w435275931", "osm_id": "435275931", "osm_type": "way", "highway": "track", "service": null, "embankment": null, "footway": null, "sport": null, "description": null, "sac_scale": null, "mtb:scale:uphill": null, "mtb:scale": null, "incline": null, "tracktype": "grade3", "wheelchair": null, "motor_vehicle": null, "horse": null, "foot": null, "bicycle": null, "lit": null, "junction": null, "old_ref": null, "oneway": null, "layer": null, "bridge": null, "int_name": null, "width": null, "name:uk": null, "name:ru": null, "name:en": null, "smoothness": "bad", "addr:city": null, "name:etymology:wikidata": null, "cutting": null, "surface": "compacted", "ref_1": null, "ref": null, "name": null, "maxspeed": null, "lanes": null }, "geometry": { "type": "LineString", "coordinates": [ [ 536482.786676917923614, 5560377.476462468504906 ], [ 536472.263179362402298, 5560353.809251959435642 ], [ 536471.104762482456863, 5560345.77319968957454 ], [ 536470.990215009893291, 5560340.613071910105646 ], [ 536475.064011005219072, 5560322.160750498995185 ], [ 536473.950308548286557, 5560307.597991027869284 ], [ 536474.839776822831482, 5560288.212073169648647 ] ] } },
{ "type": "Feature", "properties": { "full_id": "w435275932", "osm_id": "435275932", "osm_type": "way", "highway": "track", "service": null, "embankment": null, "footway": null, "sport": null, "description": null, "sac_scale": null, "mtb:scale:uphill": null, "mtb:scale": null, "incline": null, "tracktype": "grade3", "wheelchair": null, "motor_vehicle": null, "horse": null, "foot": null, "bicycle": null, "lit": null, "junction": null, "old_ref": null, "oneway": null, "layer": null, "bridge": null, "int_name": null, "width": null, "name:uk": null, "name:ru": null, "name:en": null, "smoothness": "bad", "addr:city": null, "name:etymology:wikidata": null, "cutting": null, "surface": "compacted", "ref_1": null, "ref": null, "name": null, "maxspeed": null, "lanes": null }, "geometry": { "type": "LineString", "coordinates": [ [ 536473.950308548286557, 5560307.597991027869284 ], [ 536563.581047261832282, 5560352.701075916178524 ] ] } },
{ "type": "Feature", "properties": { "full_id": "w435275933", "osm_id": "435275933", "osm_type": "way", "highway": "track", "service": null, "embankment": null, "footway": null, "sport": null, "description": null, "sac_scale": null, "mtb:scale:uphill": null, "mtb:scale": null, "incline": null, "tracktype": null, "wheelchair": null, "motor_vehicle": null, "horse": null, "foot": null, "bicycle": null, "lit": null, "junction": null, "old_ref": null, "oneway": null, "layer": null, "bridge": null, "int_name": null, "width": null, "name:uk": null, "name:ru": null, "name:en": null, "smoothness": null, "addr:city": null, "name:etymology:wikidata": null, "cutting": null, "surface": null, "ref_1": null, "ref": null, "name": null, "maxspeed": null, "lanes": null }, "geometry": { "type": "LineString", "coordinates": [ [ 537031.709581125178374, 5560491.403281907550991 ], [ 537067.573656817781739, 5560476.586259884759784 ], [ 537106.447710986831225, 5560467.238910980522633 ], [ 537096.690403712680563, 5560477.445129762403667 ], [ 537089.349446758744307, 5560489.169305928982794 ], [ 537076.506078451406211, 5560512.041171169839799 ] ] } },
{ "type": "Feature", "properties": { "full_id": "w435275934", "osm_id": "435275934", "osm_type": "way", "highway": "track", "service": null, "embankment": null, "footway": null, "sport": null, "description": null, "sac_scale": null, "mtb:scale:uphill": null, "mtb:scale": null, "incline": null, "tracktype": null, "wheelchair": null, "motor_vehicle": null, "horse": null, "foot": null, "bicycle": null, "lit": null, "junction": null, "old_ref": null, "oneway": null, "layer": null, "bridge": null, "int_name": null, "width": null, "name:uk": null, "name:ru": null, "name:en": null, "smoothness": null, "addr:city": null, "name:etymology:wikidata": null, "cutting": null, "surface": null, "ref_1": null, "ref": null, "name": null, "maxspeed": null, "lanes": null }, "geometry": { "type": "LineString", "coordinates": [ [ 537106.447710986831225, 5560467.238910980522633 ], [ 537116.742272447794676, 5560463.930416578426957 ], [ 537139.153311815462075, 5560462.185328589752316 ], [ 537159.101441148784943, 5560456.397957786917686 ], [ 537180.997512879432179, 5560446.632440498098731 ], [ 537190.038133028778248, 5560440.958038611337543 ], [ 537196.018835060996935, 5560433.939074114896357 ], [ 537198.972689302871004, 5560422.884899045340717 ], [ 537201.431945292279124, 5560398.851054680533707 ], [ 537204.983576716738753, 5560383.976024134084582 ], [ 537210.362644694396295, 5560381.344991098158062 ], [ 537234.03009297105018, 5560364.331172366626561 ], [ 537275.586654658429325, 5560335.978699255734682 ], [ 537299.408515354967676, 5560324.492537663318217 ], [ 537321.278652204200625, 5560318.541326037608087 ], [ 537341.610234296997078, 5560313.146495288237929 ], [ 537354.434206488076597, 5560313.614520901814103 ], [ 537378.673098727245815, 5560324.103365169838071 ], [ 537412.992103081662208, 5560344.581567114219069 ] ] } },
{ "type": "Feature", "properties": { "full_id": "w435275935", "osm_id": "435275935", "osm_type": "way", "highway": "path", "service": null, "embankment": null, "footway": null, "sport": null, "description": null, "sac_scale": "hiking", "mtb:scale:uphill": "1", "mtb:scale": null, "incline": "up", "tracktype": null, "wheelchair": null, "motor_vehicle": null, "horse": null, "foot": null, "bicycle": null, "lit": null, "junction": null, "old_ref": null, "oneway": null, "layer": null, "bridge": null, "int_name": null, "width": "2", "name:uk": null, "name:ru": null, "name:en": null, "smoothness": null, "addr:city": null, "name:etymology:wikidata": null, "cutting": "yes", "surface": "sand", "ref_1": null, "ref": null, "name": null, "maxspeed": null, "lanes": null }, "geometry": { "type": "LineString", "coordinates": [ [ 536856.854294772609137, 5560490.100781614892185 ], [ 536873.944568466045894, 5560510.400644313544035 ], [ 536880.756148660439067, 5560522.467782218009233 ], [ 536885.442978681181557, 5560536.254814703017473 ], [ 536893.746162320370786, 5560553.491655936464667 ], [ 536901.159515387727879, 5560562.138252118602395 ], [ 536904.369257144164294, 5560568.643049106933177 ], [ 536906.39139419386629, 5560580.688138883560896 ], [ 536914.344718719599769, 5560592.77435858733952 ], [ 536918.567129284609109, 5560618.956210390664637 ], [ 536928.161834378377534, 5560643.418487394228578 ], [ 536934.604978814022616, 5560648.878285604529083 ], [ 536942.97411269065924, 5560652.45005991216749 ], [ 536945.153479453059845, 5560677.817169236019254 ] ] } },
{ "type": "Feature", "properties": { "full_id": "w435275940", "osm_id": "435275940", "osm_type": "way", "highway": "path", "service": null, "embankment": null, "footway": null, "sport": null, "description": null, "sac_scale": null, "mtb:scale:uphill": null, "mtb:scale": null, "incline": null, "tracktype": null, "wheelchair": null, "motor_vehicle": null, "horse": null, "foot": null, "bicycle": null, "lit": null, "junction": null, "old_ref": null, "oneway": null, "layer": null, "bridge": null, "int_name": null, "width": null, "name:uk": null, "name:ru": null, "name:en": null, "smoothness": null, "addr:city": null, "name:etymology:wikidata": null, "cutting": null, "surface": null, "ref_1": null, "ref": null, "name": null, "maxspeed": null, "lanes": null }, "geometry": { "type": "LineString", "coordinates": [ [ 536769.388667649123818, 5560650.981275262311101 ], [ 536770.164848294807598, 5560655.378755135461688 ], [ 536771.194219793076627, 5560658.254641986452043 ], [ 536772.498335774289444, 5560661.655033567920327 ] ] } },
{ "type": "Feature", "properties": { "full_id": "w436086043", "osm_id": "436086043", "osm_type": "way", "highway": "residential", "service": null, "embankment": null, "footway": null, "sport": null, "description": null, "sac_scale": null, "mtb:scale:uphill": null, "mtb:scale": null, "incline": null, "tracktype": null, "wheelchair": null, "motor_vehicle": null, "horse": null, "foot": null, "bicycle": null, "lit": null, "junction": null, "old_ref": null, "oneway": null, "layer": null, "bridge": null, "int_name": null, "width": null, "name:uk": null, "name:ru": null, "name:en": null, "smoothness": null, "addr:city": null, "name:etymology:wikidata": null, "cutting": null, "surface": null, "ref_1": null, "ref": null, "name": "Ростовское шоссе", "maxspeed": null, "lanes": null }, "geometry": { "type": "LineString", "coordinates": [ [ 536425.073987917858176, 5560738.624521289020777 ], [ 536443.02934899693355, 5560721.301275352947414 ], [ 536446.446454297984019, 5560715.309141790494323 ], [ 536448.650745943188667, 5560710.2760826414451 ], [ 536447.377047764137387, 5560685.727111412212253 ], [ 536450.158422566135414, 5560631.862132485955954 ], [ 536456.300926840282045, 5560614.591482249088585 ], [ 536457.317760551115498, 5560607.860164011828601 ], [ 536456.164236427983269, 5560600.157723253592849 ], [ 536453.797936483519152, 5560593.403235080651939 ], [ 536452.383321043103933, 5560591.51438953448087 ], [ 536426.771519090281799, 5560548.974614986218512 ], [ 536419.490096566383727, 5560535.537183497101068 ] ] } },
{ "type": "Feature", "properties": { "full_id": "w436086044", "osm_id": "436086044", "osm_type": "way", "highway": "residential", "service": null, "embankment": null, "footway": null, "sport": null, "description": null, "sac_scale": null, "mtb:scale:uphill": null, "mtb:scale": null, "incline": null, "tracktype": null, "wheelchair": null, "motor_vehicle": null, "horse": null, "foot": null, "bicycle": null, "lit": null, "junction": null, "old_ref": null, "oneway": null, "layer": null, "bridge": null, "int_name": null, "width": null, "name:uk": null, "name:ru": null, "name:en": null, "smoothness": null, "addr:city": null, "name:etymology:wikidata": null, "cutting": null, "surface": null, "ref_1": null, "ref": null, "name": "Ростовское шоссе", "maxspeed": null, "lanes": null }, "geometry": { "type": "LineString", "coordinates": [ [ 536485.011843193671666, 5560566.25254741217941 ], [ 536465.313437517615966, 5560567.018228981643915 ], [ 536456.5875588854542, 5560572.740483909845352 ], [ 536451.733540384448133, 5560578.000017674639821 ], [ 536450.731555793317966, 5560582.563179229386151 ], [ 536452.383321043103933, 5560591.51438953448087 ] ] } },
{ "type": "Feature", "properties": { "full_id": "w436196010", "osm_id": "436196010", "osm_type": "way", "highway": "service", "service": null, "embankment": null, "footway": null, "sport": null, "description": null, "sac_scale": null, "mtb:scale:uphill": null, "mtb:scale": null, "incline": null, "tracktype": null, "wheelchair": null, "motor_vehicle": null, "horse": null, "foot": null, "bicycle": null, "lit": null, "junction": null, "old_ref": null, "oneway": null, "layer": null, "bridge": null, "int_name": null, "width": null, "name:uk": null, "name:ru": null, "name:en": null, "smoothness": null, "addr:city": null, "name:etymology:wikidata": null, "cutting": null, "surface": "compacted", "ref_1": null, "ref": null, "name": null, "maxspeed": null, "lanes": null }, "geometry": { "type": "LineString", "coordinates": [ [ 536152.736256462172605, 5560929.464831219054759 ], [ 536094.575273711234331, 5560946.182652413845062 ], [ 536071.731299934792332, 5560944.771303550340235 ], [ 536028.333451610757038, 5560942.086714006960392 ], [ 536011.146864853100851, 5560941.036383434198797 ], [ 535969.401647030608729, 5560943.04467052873224 ], [ 535955.317751750349998, 5560945.462463861331344 ], [ 535928.215108130127192, 5560958.511374256573617 ], [ 535917.780251616844907, 5560968.059114474803209 ], [ 535912.208913160953671, 5560971.868787178769708 ], [ 535902.778169089928269, 5560975.407805969938636 ], [ 535858.15338955714833, 5560975.829721194691956 ], [ 535848.49291614885442, 5560977.454773524776101 ], [ 535814.922344383667223, 5560984.445171048864722 ], [ 535805.025754073634744, 5560985.101336685940623 ], [ 535795.400045281276107, 5560982.623708722181618 ], [ 535780.968438463634811, 5560976.27763943746686 ], [ 535735.764628986129537, 5560966.211218972690403 ], [ 535721.104151247185655, 5560948.221904788166285 ], [ 535715.590041996561922, 5560939.267248317599297 ] ] } },
{ "type": "Feature", "properties": { "full_id": "w447846359", "osm_id": "447846359", "osm_type": "way", "highway": "service", "service": null, "embankment": null, "footway": null, "sport": null, "description": null, "sac_scale": null, "mtb:scale:uphill": null, "mtb:scale": null, "incline": null, "tracktype": null, "wheelchair": null, "motor_vehicle": null, "horse": null, "foot": null, "bicycle": null, "lit": null, "junction": null, "old_ref": null, "oneway": null, "layer": null, "bridge": null, "int_name": null, "width": null, "name:uk": null, "name:ru": null, "name:en": null, "smoothness": null, "addr:city": null, "name:etymology:wikidata": null, "cutting": null, "surface": null, "ref_1": null, "ref": null, "name": null, "maxspeed": null, "lanes": null }, "geometry": { "type": "LineString", "coordinates": [ [ 536445.634403142379597, 5561158.051211149431765 ], [ 536441.429665351635776, 5561167.585005572997034 ], [ 536435.72710751905106, 5561188.450221913866699 ], [ 536435.870222295052372, 5561205.074536964297295 ], [ 536446.128797367331572, 5561219.255157391540706 ], [ 536468.980880192597397, 5561238.047632923349738 ], [ 536473.218409790657461, 5561246.638525746762753 ], [ 536473.914103258168325, 5561292.999613636173308 ], [ 536479.169939822284505, 5561299.829524589702487 ], [ 536490.50380070367828, 5561304.944265468046069 ], [ 536513.693437876179814, 5561311.908329692669213 ], [ 536526.802077232510783, 5561315.267358624376357 ], [ 536553.549805742339231, 5561313.327228406444192 ] ] } },
{ "type": "Feature", "properties": { "full_id": "w447846360", "osm_id": "447846360", "osm_type": "way", "highway": "service", "service": null, "embankment": null, "footway": null, "sport": null, "description": null, "sac_scale": null, "mtb:scale:uphill": null, "mtb:scale": null, "incline": null, "tracktype": null, "wheelchair": null, "motor_vehicle": null, "horse": null, "foot": null, "bicycle": null, "lit": null, "junction": null, "old_ref": null, "oneway": null, "layer": null, "bridge": null, "int_name": null, "width": null, "name:uk": null, "name:ru": null, "name:en": null, "smoothness": null, "addr:city": null, "name:etymology:wikidata": null, "cutting": null, "surface": "compacted", "ref_1": null, "ref": null, "name": null, "maxspeed": null, "lanes": null }, "geometry": { "type": "LineString", "coordinates": [ [ 536412.517649126704782, 5560570.837662307545543 ], [ 536381.93965622689575, 5560562.444792546331882 ], [ 536352.706831460585818, 5560547.28964785579592 ], [ 536348.421762203797698, 5560546.593229179270566 ], [ 536087.000959865748882, 5560504.26257443241775 ], [ 535975.755055150948465, 5560490.878086067736149 ], [ 535968.066860944731161, 5560494.150792158208787 ], [ 535953.233084176434204, 5560518.64639466162771 ], [ 535949.434194815345109, 5560537.901542205363512 ], [ 535852.361026218277402, 5560522.902995266951621 ] ] } },
{ "type": "Feature", "properties": { "full_id": "w447846380", "osm_id": "447846380", "osm_type": "way", "highway": "residential", "service": null, "embankment": null, "footway": null, "sport": null, "description": null, "sac_scale": null, "mtb:scale:uphill": null, "mtb:scale": null, "incline": null, "tracktype": null, "wheelchair": null, "motor_vehicle": null, "horse": null, "foot": null, "bicycle": null, "lit": null, "junction": null, "old_ref": null, "oneway": null, "layer": null, "bridge": null, "int_name": null, "width": null, "name:uk": null, "name:ru": null, "name:en": null, "smoothness": null, "addr:city": null, "name:etymology:wikidata": null, "cutting": null, "surface": null, "ref_1": null, "ref": null, "name": null, "maxspeed": "20", "lanes": null }, "geometry": { "type": "LineString", "coordinates": [ [ 537158.110779362963513, 5560745.548308520577848 ], [ 537168.632926830323413, 5560754.550570447929204 ], [ 537173.458788144867867, 5560762.60128566250205 ], [ 537178.360619283164851, 5560776.123231025412679 ] ] } },
{ "type": "Feature", "properties": { "full_id": "w447849310", "osm_id": "447849310", "osm_type": "way", "highway": "raceway", "service": null, "embankment": null, "footway": null, "sport": "motocross", "description": "Для мотокроса", "sac_scale": null, "mtb:scale:uphill": null, "mtb:scale": null, "incline": null, "tracktype": null, "wheelchair": null, "motor_vehicle": null, "horse": null, "foot": null, "bicycle": null, "lit": "no", "junction": null, "old_ref": null, "oneway": null, "layer": null, "bridge": null, "int_name": null, "width": null, "name:uk": null, "name:ru": null, "name:en": null, "smoothness": null, "addr:city": null, "name:etymology:wikidata": null, "cutting": null, "surface": "sand", "ref_1": null, "ref": null, "name": null, "maxspeed": null, "lanes": null }, "geometry": { "type": "LineString", "coordinates": [ [ 536047.545587471220642, 5560609.261345284990966 ], [ 536040.171001129434444, 5560659.003493213094771 ], [ 536050.899416158092208, 5560666.303669068962336 ], [ 536067.842467862181365, 5560664.450337899848819 ], [ 536155.736880011623725, 5560610.65116276498884 ], [ 536180.315991158597171, 5560553.364898299798369 ], [ 536201.774022034718655, 5560534.207735816948116 ], [ 536214.316114097600803, 5560534.07066267170012 ], [ 536225.248156170127913, 5560542.91815235465765 ], [ 536229.655651594162919, 5560573.870843150652945 ], [ 536252.992122618132271, 5560602.761928324587643 ], [ 536282.1066801820416, 5560622.697008710354567 ], [ 536297.926919402787462, 5560624.339325724169612 ], [ 536303.461524169077165, 5560618.684001374058425 ], [ 536330.597835714928806, 5560573.902798074297607 ], [ 536338.773459615535103, 5560568.254416675306857 ], [ 536346.690334714599885, 5560568.097202545963228 ], [ 536351.055189603590406, 5560573.831196397542953 ], [ 536350.784574447316118, 5560581.056877062655985 ], [ 536307.933088844642043, 5560666.327235798351467 ], [ 536305.972104472457431, 5560670.238964258693159 ], [ 536296.708064342965372, 5560674.334393398836255 ], [ 536232.911792314378545, 5560741.449338312260807 ], [ 536209.165221116389148, 5560773.967291912063956 ], [ 536195.481396169168875, 5560780.44571241736412 ], [ 536185.163108299486339, 5560777.973792198114097 ], [ 536178.408252282068133, 5560768.932382076978683 ], [ 536179.883639193954878, 5560746.136779624037445 ], [ 536183.358425602782518, 5560720.063464559614658 ], [ 536175.049904084997252, 5560712.768344227224588 ], [ 536166.900060406536795, 5560714.681073269806802 ], [ 536148.013648206368089, 5560744.163401760160923 ], [ 536135.033147230744362, 5560777.41084398701787 ], [ 536133.993459859630093, 5560786.521589862182736 ], [ 536132.566835677600466, 5560799.009968458674848 ], [ 536122.40682845399715, 5560887.850722805596888 ], [ 536117.915204369346611, 5560901.85276604257524 ], [ 536108.418471987475641, 5560907.714903735555708 ], [ 536088.823578871204518, 5560911.306961685419083 ], [ 536067.269872251432389, 5560911.160860532894731 ], [ 536051.009436580003239, 5560909.29385220259428 ], [ 536039.82538090122398, 5560905.059501841664314 ], [ 536032.180700278608128, 5560897.769096410833299 ], [ 536030.034751194645651, 5560888.981462948024273 ], [ 536033.594852934242226, 5560882.867725366726518 ], [ 536051.068873974028975, 5560867.852723709307611 ], [ 536067.853683305787854, 5560857.658872676081955 ], [ 536077.805113411741331, 5560848.953210694715381 ], [ 536091.316524537862279, 5560835.223555377684534 ], [ 536099.865904651465826, 5560806.994102968834341 ], [ 536108.039848105399869, 5560768.888203595764935 ], [ 536139.646171439671889, 5560712.961500441655517 ], [ 536146.977699925424531, 5560702.270066701807082 ], [ 536143.325651806779206, 5560689.302434399724007 ], [ 536131.695746257551946, 5560685.498521110974252 ], [ 536116.919712677598, 5560691.980849579907954 ], [ 536101.886789569398388, 5560703.720891592092812 ], [ 536090.799074082984589, 5560716.79979829583317 ], [ 536085.829158833250403, 5560736.069157114252448 ], [ 536084.753562375437468, 5560765.22771446313709 ], [ 536081.82469564198982, 5560775.070653379894793 ], [ 536070.564653620007448, 5560782.010595202445984 ], [ 536054.064721887931228, 5560782.777226725593209 ], [ 536033.873611404676922, 5560777.381081647239625 ], [ 536023.157364834449254, 5560768.313054894097149 ], [ 536015.175282198353671, 5560745.453416564501822 ], [ 536004.700664177304134, 5560700.649732602760196 ], [ 535999.97083262342494, 5560652.804887554608285 ], [ 536005.298722173669375, 5560644.946243839338422 ], [ 536012.783098606509157, 5560644.34083831962198 ], [ 536040.171001129434444, 5560659.003493213094771 ] ] } },
{ "type": "Feature", "properties": { "full_id": "w447852390", "osm_id": "447852390", "osm_type": "way", "highway": "track", "service": null, "embankment": null, "footway": null, "sport": null, "description": null, "sac_scale": null, "mtb:scale:uphill": null, "mtb:scale": null, "incline": null, "tracktype": null, "wheelchair": null, "motor_vehicle": null, "horse": null, "foot": null, "bicycle": null, "lit": null, "junction": null, "old_ref": null, "oneway": null, "layer": null, "bridge": null, "int_name": null, "width": null, "name:uk": null, "name:ru": null, "name:en": null, "smoothness": null, "addr:city": null, "name:etymology:wikidata": null, "cutting": null, "surface": "sand", "ref_1": null, "ref": null, "name": null, "maxspeed": null, "lanes": null }, "geometry": { "type": "LineString", "coordinates": [ [ 537412.992103081662208, 5560344.581567114219069 ], [ 537453.61058598686941, 5560324.930288509465754 ], [ 537495.572778726113029, 5560320.277595095336437 ], [ 537506.060151354409754, 5560320.073490425013006 ], [ 537519.066968299797736, 5560313.838263921439648 ], [ 537529.314702930161729, 5560308.139582216739655 ], [ 537540.700573560548946, 5560296.933773535303771 ], [ 537556.740438192849979, 5560291.820838331244886 ], [ 537586.558936203597113, 5560288.461992816999555 ], [ 537649.177910708589479, 5560288.070533942431211 ], [ 537686.175847440375946, 5560283.940196600742638 ], [ 537700.788317766971886, 5560284.866489508189261 ], [ 537718.650346845504828, 5560294.622333999723196 ], [ 537749.20925633108709, 5560303.634310911409557 ], [ 537764.057051499839872, 5560310.622468148358166 ], [ 537781.957941596978344, 5560314.874747299589217 ], [ 537805.633894279715605, 5560321.091736648231745 ], [ 537837.330767857609317, 5560324.619367264211178 ], [ 537866.803697653813288, 5560331.711784379556775 ], [ 537877.495772564900108, 5560340.861205785535276 ], [ 537882.771409637411125, 5560347.803836487233639 ], [ 537894.996110005769879, 5560366.259943226352334 ] ] } },
{ "type": "Feature", "properties": { "full_id": "w447852391", "osm_id": "447852391", "osm_type": "way", "highway": "track", "service": null, "embankment": null, "footway": null, "sport": null, "description": null, "sac_scale": null, "mtb:scale:uphill": null, "mtb:scale": null, "incline": null, "tracktype": null, "wheelchair": null, "motor_vehicle": null, "horse": null, "foot": null, "bicycle": null, "lit": null, "junction": null, "old_ref": null, "oneway": null, "layer": null, "bridge": null, "int_name": null, "width": null, "name:uk": null, "name:ru": null, "name:en": null, "smoothness": null, "addr:city": null, "name:etymology:wikidata": null, "cutting": null, "surface": null, "ref_1": null, "ref": null, "name": null, "maxspeed": null, "lanes": null }, "geometry": { "type": "LineString", "coordinates": [ [ 537866.803697653813288, 5560331.711784379556775 ], [ 537885.598162085516378, 5560330.744695314206183 ], [ 537890.19489178317599, 5560330.777411096729338 ], [ 537896.404759529279545, 5560330.821614187210798 ], [ 537912.711755879456177, 5560333.339495915919542 ], [ 537933.762597139109857, 5560338.281881008297205 ], [ 537961.42296670761425, 5560342.270740518346429 ], [ 538022.430843394715339, 5560336.512682021595538 ], [ 538040.62261504936032, 5560338.977702903561294 ], [ 538049.508975508157164, 5560350.049330884590745 ], [ 538056.01264443108812, 5560365.907483636401594 ] ] } },
{ "type": "Feature", "properties": { "full_id": "w447852392", "osm_id": "447852392", "osm_type": "way", "highway": "track", "service": null, "embankment": null, "footway": null, "sport": null, "description": null, "sac_scale": null, "mtb:scale:uphill": null, "mtb:scale": null, "incline": null, "tracktype": null, "wheelchair": null, "motor_vehicle": null, "horse": null, "foot": null, "bicycle": null, "lit": null, "junction": null, "old_ref": null, "oneway": null, "layer": null, "bridge": null, "int_name": null, "width": null, "name:uk": null, "name:ru": null, "name:en": null, "smoothness": null, "addr:city": null, "name:etymology:wikidata": null, "cutting": null, "surface": null, "ref_1": null, "ref": null, "name": null, "maxspeed": null, "lanes": null }, "geometry": { "type": "LineString", "coordinates": [ [ 537890.19489178317599, 5560330.777411096729338 ], [ 537884.651451073470525, 5560335.385828780941665 ], [ 537882.959248947328888, 5560340.466429593041539 ], [ 537882.771409637411125, 5560347.803836487233639 ] ] } },
{ "type": "Feature", "properties": { "full_id": "w447852393", "osm_id": "447852393", "osm_type": "way", "highway": "track", "service": null, "embankment": null, "footway": null, "sport": null, "description": null, "sac_scale": null, "mtb:scale:uphill": null, "mtb:scale": null, "incline": null, "tracktype": null, "wheelchair": null, "motor_vehicle": null, "horse": null, "foot": null, "bicycle": null, "lit": null, "junction": null, "old_ref": null, "oneway": null, "layer": null, "bridge": null, "int_name": null, "width": null, "name:uk": null, "name:ru": null, "name:en": null, "smoothness": null, "addr:city": null, "name:etymology:wikidata": null, "cutting": null, "surface": null, "ref_1": null, "ref": null, "name": null, "maxspeed": null, "lanes": null }, "geometry": { "type": "LineString", "coordinates": [ [ 538040.62261504936032, 5560338.977702903561294 ], [ 538059.135685624438338, 5560334.439916156232357 ], [ 538074.799419187591411, 5560324.088651290163398 ], [ 538088.764545321348123, 5560318.695611336268485 ], [ 538115.44274001813028, 5560311.31430502794683 ], [ 538148.326641204184853, 5560303.577303031459451 ], [ 538190.722493101959117, 5560296.309028583578765 ], [ 538198.040483888587914, 5560295.12728878762573 ], [ 538213.146817347733304, 5560284.916978522203863 ], [ 538258.853660487453453, 5560258.970321186818182 ], [ 538284.578358030295931, 5560249.259066949598491 ], [ 538306.973401465220377, 5560241.992464249022305 ], [ 538334.422633333713748, 5560241.634085663594306 ], [ 538353.832801594864577, 5560247.41138550080359 ], [ 538372.457716101780534, 5560260.121551738120615 ] ] } },
{ "type": "Feature", "properties": { "full_id": "w447853254", "osm_id": "447853254", "osm_type": "way", "highway": "service", "service": null, "embankment": null, "footway": null, "sport": null, "description": null, "sac_scale": null, "mtb:scale:uphill": null, "mtb:scale": null, "incline": null, "tracktype": null, "wheelchair": null, "motor_vehicle": null, "horse": null, "foot": null, "bicycle": null, "lit": null, "junction": null, "old_ref": null, "oneway": null, "layer": null, "bridge": null, "int_name": null, "width": null, "name:uk": null, "name:ru": null, "name:en": null, "smoothness": null, "addr:city": null, "name:etymology:wikidata": null, "cutting": null, "surface": null, "ref_1": null, "ref": null, "name": null, "maxspeed": null, "lanes": null }, "geometry": { "type": "LineString", "coordinates": [ [ 535845.604216065839864, 5560756.740088294260204 ], [ 535878.955045628943481, 5560761.390261040069163 ], [ 535921.866267164470628, 5560766.605523217469454 ], [ 535956.972111768671311, 5560767.131662861444056 ], [ 535963.922374530578963, 5560769.4914272390306 ], [ 535965.914172019343823, 5560774.708703574724495 ], [ 535967.29780114220921, 5560785.425909396260977 ], [ 535967.374037623405457, 5560816.393590496852994 ], [ 535962.625455295667052, 5560832.562280496582389 ], [ 535959.124975965009071, 5560835.140539438463748 ], [ 535946.348912016139366, 5560836.210644208826125 ], [ 535938.191695176297799, 5560841.370497608557343 ], [ 535932.902871781378053, 5560850.886242460459471 ], [ 535933.402831890853122, 5560862.464777616783977 ], [ 535938.292873959988356, 5560869.725319017656147 ], [ 535943.181547120097093, 5560876.129672081209719 ], [ 535942.529860491515137, 5560885.965825588442385 ] ] } },
{ "type": "Feature", "properties": { "full_id": "w447853255", "osm_id": "447853255", "osm_type": "way", "highway": "service", "service": null, "embankment": null, "footway": null, "sport": null, "description": null, "sac_scale": null, "mtb:scale:uphill": null, "mtb:scale": null, "incline": null, "tracktype": null, "wheelchair": null, "motor_vehicle": null, "horse": null, "foot": null, "bicycle": null, "lit": null, "junction": null, "old_ref": null, "oneway": null, "layer": null, "bridge": null, "int_name": null, "width": null, "name:uk": null, "name:ru": null, "name:en": null, "smoothness": null, "addr:city": null, "name:etymology:wikidata": null, "cutting": null, "surface": null, "ref_1": null, "ref": null, "name": null, "maxspeed": null, "lanes": null }, "geometry": { "type": "LineString", "coordinates": [ [ 535962.625455295667052, 5560832.562280496582389 ], [ 535955.010580377886072, 5560850.412859945558012 ], [ 535949.692371735000052, 5560864.276024670340121 ], [ 535949.04593160666991, 5560874.390194549225271 ], [ 535943.181547120097093, 5560876.129672081209719 ] ] } },
{ "type": "Feature", "properties": { "full_id": "w459344530", "osm_id": "459344530", "osm_type": "way", "highway": "service", "service": null, "embankment": null, "footway": null, "sport": null, "description": null, "sac_scale": null, "mtb:scale:uphill": null, "mtb:scale": null, "incline": null, "tracktype": null, "wheelchair": null, "motor_vehicle": null, "horse": null, "foot": null, "bicycle": null, "lit": null, "junction": null, "old_ref": null, "oneway": null, "layer": null, "bridge": null, "int_name": null, "width": null, "name:uk": null, "name:ru": null, "name:en": null, "smoothness": null, "addr:city": null, "name:etymology:wikidata": null, "cutting": null, "surface": "compacted", "ref_1": null, "ref": null, "name": null, "maxspeed": null, "lanes": null }, "geometry": { "type": "LineString", "coordinates": [ [ 536400.227557381032966, 5560677.131727587431669 ], [ 536350.115326608880423, 5560662.334211992099881 ], [ 536330.368311732425354, 5560658.774658411741257 ], [ 536315.731876120204106, 5560662.533168686553836 ], [ 536307.933088844642043, 5560666.327235798351467 ] ] } },
{ "type": "Feature", "properties": { "full_id": "w459344531", "osm_id": "459344531", "osm_type": "way", "highway": "service", "service": null, "embankment": null, "footway": null, "sport": null, "description": null, "sac_scale": null, "mtb:scale:uphill": null, "mtb:scale": null, "incline": null, "tracktype": null, "wheelchair": null, "motor_vehicle": null, "horse": null, "foot": null, "bicycle": null, "lit": null, "junction": null, "old_ref": null, "oneway": null, "layer": null, "bridge": null, "int_name": null, "width": null, "name:uk": null, "name:ru": null, "name:en": null, "smoothness": null, "addr:city": null, "name:etymology:wikidata": null, "cutting": null, "surface": "compacted", "ref_1": null, "ref": null, "name": null, "maxspeed": null, "lanes": null }, "geometry": { "type": "LineString", "coordinates": [ [ 536400.227557381032966, 5560677.131727587431669 ], [ 536396.198825251194648, 5560662.971576797775924 ], [ 536387.248324814718217, 5560585.687007372267544 ], [ 536382.716652815230191, 5560575.126077331602573 ], [ 536373.068179371068254, 5560561.283356877043843 ], [ 536348.421762203797698, 5560546.593229179270566 ] ] } },
{ "type": "Feature", "properties": { "full_id": "w459951242", "osm_id": "459951242", "osm_type": "way", "highway": "unclassified", "service": null, "embankment": null, "footway": null, "sport": null, "description": null, "sac_scale": null, "mtb:scale:uphill": null, "mtb:scale": null, "incline": null, "tracktype": null, "wheelchair": null, "motor_vehicle": null, "horse": null, "foot": null, "bicycle": null, "lit": null, "junction": null, "old_ref": null, "oneway": null, "layer": null, "bridge": null, "int_name": null, "width": null, "name:uk": null, "name:ru": null, "name:en": null, "smoothness": null, "addr:city": null, "name:etymology:wikidata": null, "cutting": null, "surface": null, "ref_1": null, "ref": null, "name": null, "maxspeed": null, "lanes": null }, "geometry": { "type": "LineString", "coordinates": [ [ 535852.401409949176013, 5560698.120622704736888 ], [ 535864.063422842416912, 5560690.827113441191614 ], [ 535880.60846957389731, 5560690.816304343752563 ], [ 535895.637896448955871, 5560687.993270501494408 ], [ 535907.787226224201731, 5560682.537821470759809 ], [ 535917.726406208937988, 5560667.193577331490815 ], [ 535922.464166499557905, 5560632.53343931119889 ], [ 535916.229694279376417, 5560606.572361454367638 ] ] } },
{ "type": "Feature", "properties": { "full_id": "w459951244", "osm_id": "459951244", "osm_type": "way", "highway": "residential", "service": null, "embankment": null, "footway": null, "sport": null, "description": null, "sac_scale": null, "mtb:scale:uphill": null, "mtb:scale": null, "incline": null, "tracktype": null, "wheelchair": null, "motor_vehicle": null, "horse": null, "foot": null, "bicycle": null, "lit": null, "junction": null, "old_ref": null, "oneway": null, "layer": null, "bridge": null, "int_name": null, "width": null, "name:uk": null, "name:ru": null, "name:en": null, "smoothness": null, "addr:city": null, "name:etymology:wikidata": null, "cutting": null, "surface": null, "ref_1": null, "ref": null, "name": "Рубежная улица", "maxspeed": null, "lanes": null }, "geometry": { "type": "LineString", "coordinates": [ [ 535848.49291614885442, 5560977.454773524776101 ], [ 535835.514664721908048, 5560936.526298677548766 ], [ 535836.869366794475354, 5560905.990789057686925 ], [ 535839.979077406227589, 5560857.553958071395755 ], [ 535842.655789392883889, 5560841.626953097991645 ], [ 535844.092100695008412, 5560786.262676222249866 ], [ 535845.604216065839864, 5560756.740088294260204 ], [ 535847.201990191359073, 5560710.261199209839106 ], [ 535852.401409949176013, 5560698.120622704736888 ] ] } },
{ "type": "Feature", "properties": { "full_id": "w460980385", "osm_id": "460980385", "osm_type": "way", "highway": "service", "service": null, "embankment": null, "footway": null, "sport": null, "description": null, "sac_scale": null, "mtb:scale:uphill": null, "mtb:scale": null, "incline": null, "tracktype": null, "wheelchair": null, "motor_vehicle": null, "horse": null, "foot": null, "bicycle": null, "lit": null, "junction": null, "old_ref": null, "oneway": null, "layer": null, "bridge": null, "int_name": null, "width": null, "name:uk": null, "name:ru": null, "name:en": null, "smoothness": null, "addr:city": null, "name:etymology:wikidata": null, "cutting": null, "surface": "unpaved", "ref_1": null, "ref": null, "name": null, "maxspeed": "20", "lanes": null }, "geometry": { "type": "LineString", "coordinates": [ [ 535964.987135397735983, 5560623.524874526076019 ], [ 535944.925990750780329, 5560619.920156039297581 ], [ 535916.229694279376417, 5560606.572361454367638 ] ] } },
{ "type": "Feature", "properties": { "full_id": "w467738170", "osm_id": "467738170", "osm_type": "way", "highway": "path", "service": null, "embankment": null, "footway": null, "sport": null, "description": null, "sac_scale": null, "mtb:scale:uphill": null, "mtb:scale": null, "incline": null, "tracktype": null, "wheelchair": null, "motor_vehicle": null, "horse": null, "foot": null, "bicycle": null, "lit": null, "junction": null, "old_ref": null, "oneway": null, "layer": null, "bridge": null, "int_name": null, "width": null, "name:uk": null, "name:ru": null, "name:en": null, "smoothness": null, "addr:city": null, "name:etymology:wikidata": null, "cutting": null, "surface": null, "ref_1": null, "ref": null, "name": null, "maxspeed": null, "lanes": null }, "geometry": { "type": "LineString", "coordinates": [ [ 537110.026938179740682, 5560833.311042167246342 ], [ 537098.796693121897988, 5560830.675316234119236 ], [ 537089.41458765452262, 5560831.177014745771885 ], [ 537077.893257442628965, 5560835.488865388557315 ], [ 537069.072760726441629, 5560837.339946842752397 ], [ 537062.931868225103244, 5560839.776785329915583 ], [ 537017.456521536689252, 5560854.538083949126303 ] ] } },
{ "type": "Feature", "properties": { "full_id": "w467738172", "osm_id": "467738172", "osm_type": "way", "highway": "footway", "service": null, "embankment": null, "footway": null, "sport": null, "description": null, "sac_scale": null, "mtb:scale:uphill": null, "mtb:scale": null, "incline": null, "tracktype": null, "wheelchair": null, "motor_vehicle": null, "horse": null, "foot": null, "bicycle": null, "lit": null, "junction": null, "old_ref": null, "oneway": null, "layer": null, "bridge": null, "int_name": null, "width": null, "name:uk": null, "name:ru": null, "name:en": null, "smoothness": null, "addr:city": null, "name:etymology:wikidata": null, "cutting": null, "surface": null, "ref_1": null, "ref": null, "name": null, "maxspeed": null, "lanes": null }, "geometry": { "type": "LineString", "coordinates": [ [ 536982.816521571832709, 5560718.219362068921328 ], [ 536993.639107515686192, 5560710.744568825699389 ], [ 536997.2890858046012, 5560712.415592957288027 ], [ 536998.355771089787595, 5560723.253198793157935 ], [ 536997.357333432766609, 5560726.215110069140792 ], [ 536995.51358907262329, 5560731.672987195663154 ], [ 536991.678203507675789, 5560738.195594656281173 ], [ 536989.393652702798136, 5560740.325741712935269 ], [ 536984.992428347701207, 5560738.916365688666701 ] ] } },
{ "type": "Feature", "properties": { "full_id": "w467738174", "osm_id": "467738174", "osm_type": "way", "highway": "footway", "service": null, "embankment": null, "footway": null, "sport": null, "description": null, "sac_scale": null, "mtb:scale:uphill": null, "mtb:scale": null, "incline": null, "tracktype": null, "wheelchair": null, "motor_vehicle": null, "horse": null, "foot": null, "bicycle": null, "lit": null, "junction": null, "old_ref": null, "oneway": null, "layer": null, "bridge": null, "int_name": null, "width": null, "name:uk": null, "name:ru": null, "name:en": null, "smoothness": null, "addr:city": null, "name:etymology:wikidata": null, "cutting": null, "surface": null, "ref_1": null, "ref": null, "name": null, "maxspeed": null, "lanes": null }, "geometry": { "type": "LineString", "coordinates": [ [ 536989.289793669828214, 5560779.920824540778995 ], [ 537061.630317591945641, 5560776.587881141342223 ], [ 537118.615607572486624, 5560772.592850522138178 ] ] } },
{ "type": "Feature", "properties": { "full_id": "w467738176", "osm_id": "467738176", "osm_type": "way", "highway": "footway", "service": null, "embankment": null, "footway": null, "sport": null, "description": null, "sac_scale": null, "mtb:scale:uphill": null, "mtb:scale": null, "incline": null, "tracktype": null, "wheelchair": null, "motor_vehicle": null, "horse": null, "foot": null, "bicycle": null, "lit": null, "junction": null, "old_ref": null, "oneway": null, "layer": null, "bridge": null, "int_name": null, "width": null, "name:uk": null, "name:ru": null, "name:en": null, "smoothness": null, "addr:city": null, "name:etymology:wikidata": null, "cutting": null, "surface": null, "ref_1": null, "ref": null, "name": null, "maxspeed": null, "lanes": null }, "geometry": { "type": "LineString", "coordinates": [ [ 536997.357333432766609, 5560726.215110069140792 ], [ 537014.903704129043035, 5560719.743358843959868 ], [ 537021.637490266002715, 5560717.254991308785975 ], [ 537060.870676864753477, 5560707.320502935908735 ], [ 537075.300485051469877, 5560716.894631733186543 ], [ 537084.95394902175758, 5560718.451866304501891 ], [ 537103.373725407174788, 5560730.055346051231027 ], [ 537110.133602425805293, 5560741.232886906713247 ] ] } },
{ "type": "Feature", "properties": { "full_id": "w467738178", "osm_id": "467738178", "osm_type": "way", "highway": "footway", "service": null, "embankment": null, "footway": null, "sport": null, "description": null, "sac_scale": null, "mtb:scale:uphill": null, "mtb:scale": null, "incline": null, "tracktype": null, "wheelchair": null, "motor_vehicle": null, "horse": null, "foot": null, "bicycle": null, "lit": null, "junction": null, "old_ref": null, "oneway": null, "layer": null, "bridge": null, "int_name": null, "width": null, "name:uk": null, "name:ru": null, "name:en": null, "smoothness": null, "addr:city": null, "name:etymology:wikidata": null, "cutting": null, "surface": null, "ref_1": null, "ref": null, "name": null, "maxspeed": null, "lanes": null }, "geometry": { "type": "LineString", "coordinates": [ [ 536997.357333432766609, 5560726.215110069140792 ], [ 537025.498384184436873, 5560736.829565192572773 ], [ 537038.801868341281079, 5560741.069618884474039 ], [ 537049.121304194675758, 5560742.308963652700186 ], [ 537064.786344373482279, 5560742.58481327444315 ], [ 537079.630436884355731, 5560741.854253405705094 ], [ 537090.669938037754036, 5560742.186912812292576 ], [ 537093.959655030281283, 5560742.287672785110772 ], [ 537110.133602425805293, 5560741.232886906713247 ] ] } },
{ "type": "Feature", "properties": { "full_id": "w467738180", "osm_id": "467738180", "osm_type": "way", "highway": "footway", "service": null, "embankment": null, "footway": null, "sport": null, "description": null, "sac_scale": null, "mtb:scale:uphill": null, "mtb:scale": null, "incline": null, "tracktype": null, "wheelchair": null, "motor_vehicle": null, "horse": null, "foot": null, "bicycle": null, "lit": null, "junction": null, "old_ref": null, "oneway": null, "layer": null, "bridge": null, "int_name": null, "width": null, "name:uk": null, "name:ru": null, "name:en": null, "smoothness": null, "addr:city": null, "name:etymology:wikidata": null, "cutting": null, "surface": null, "ref_1": null, "ref": null, "name": null, "maxspeed": null, "lanes": null }, "geometry": { "type": "LineString", "coordinates": [ [ 537103.373725407174788, 5560730.055346051231027 ], [ 537087.253140433458611, 5560709.105439201928675 ] ] } },
{ "type": "Feature", "properties": { "full_id": "w467738182", "osm_id": "467738182", "osm_type": "way", "highway": "footway", "service": null, "embankment": null, "footway": null, "sport": null, "description": null, "sac_scale": null, "mtb:scale:uphill": null, "mtb:scale": null, "incline": null, "tracktype": null, "wheelchair": null, "motor_vehicle": null, "horse": null, "foot": null, "bicycle": null, "lit": null, "junction": null, "old_ref": null, "oneway": null, "layer": null, "bridge": null, "int_name": null, "width": null, "name:uk": null, "name:ru": null, "name:en": null, "smoothness": null, "addr:city": null, "name:etymology:wikidata": null, "cutting": null, "surface": null, "ref_1": null, "ref": null, "name": null, "maxspeed": null, "lanes": null }, "geometry": { "type": "LineString", "coordinates": [ [ 537014.903704129043035, 5560719.743358843959868 ], [ 537043.08703721081838, 5560730.436035945080221 ], [ 537070.616911725606769, 5560736.55428231973201 ], [ 537090.669938037754036, 5560742.186912812292576 ] ] } },
{ "type": "Feature", "properties": { "full_id": "w467738184", "osm_id": "467738184", "osm_type": "way", "highway": "service", "service": null, "embankment": null, "footway": null, "sport": null, "description": null, "sac_scale": null, "mtb:scale:uphill": null, "mtb:scale": null, "incline": null, "tracktype": null, "wheelchair": null, "motor_vehicle": null, "horse": null, "foot": null, "bicycle": null, "lit": null, "junction": null, "old_ref": null, "oneway": null, "layer": null, "bridge": null, "int_name": null, "width": null, "name:uk": null, "name:ru": null, "name:en": null, "smoothness": null, "addr:city": null, "name:etymology:wikidata": null, "cutting": null, "surface": null, "ref_1": null, "ref": null, "name": null, "maxspeed": null, "lanes": null }, "geometry": { "type": "LineString", "coordinates": [ [ 536944.284809311619028, 5560824.563560556620359 ], [ 536921.791680108057335, 5560822.939735993742943 ], [ 536900.791496678488329, 5560813.932027314789593 ], [ 536898.513783154077828, 5560813.026693411171436 ], [ 536892.693125260644592, 5560812.519335182383657 ], [ 536888.767819251981564, 5560816.595147917047143 ], [ 536884.400922756292857, 5560818.47740282304585 ], [ 536878.824213896295987, 5560818.81681640073657 ], [ 536872.366406953544356, 5560816.525979075580835 ], [ 536851.848682159790769, 5560803.796844583936036 ], [ 536836.903515227022581, 5560803.693390995264053 ] ] } },
{ "type": "Feature", "properties": { "full_id": "w467738186", "osm_id": "467738186", "osm_type": "way", "highway": "service", "service": null, "embankment": null, "footway": null, "sport": null, "description": null, "sac_scale": null, "mtb:scale:uphill": null, "mtb:scale": null, "incline": null, "tracktype": null, "wheelchair": null, "motor_vehicle": null, "horse": null, "foot": null, "bicycle": null, "lit": null, "junction": null, "old_ref": null, "oneway": null, "layer": null, "bridge": null, "int_name": null, "width": null, "name:uk": null, "name:ru": null, "name:en": null, "smoothness": null, "addr:city": null, "name:etymology:wikidata": null, "cutting": null, "surface": null, "ref_1": null, "ref": null, "name": null, "maxspeed": null, "lanes": null }, "geometry": { "type": "LineString", "coordinates": [ [ 536900.791496678488329, 5560813.932027314789593 ], [ 536906.78817914519459, 5560812.728243920020759 ], [ 536909.540786575409584, 5560811.023840741254389 ], [ 536911.424978996510617, 5560808.979837820865214 ], [ 536912.464138005627319, 5560807.341389000415802 ], [ 536912.95450928772334, 5560805.587941528297961 ], [ 536913.27034205396194, 5560802.2432248191908 ], [ 536913.179435027414002, 5560798.88456804305315 ], [ 536912.40340468485374, 5560796.544134828262031 ], [ 536907.64544892613776, 5560792.030065887607634 ], [ 536903.162146944669075, 5560790.108700593002141 ], [ 536899.382582865539007, 5560790.660700549371541 ], [ 536895.310442727874033, 5560792.233649961650372 ], [ 536892.666184557951055, 5560796.840946681797504 ], [ 536891.906136223115027, 5560801.461304076015949 ], [ 536893.096654730034061, 5560806.817935322411358 ], [ 536898.513783154077828, 5560813.026693411171436 ] ] } },
{ "type": "Feature", "properties": { "full_id": "w467738189", "osm_id": "467738189", "osm_type": "way", "highway": "service", "service": null, "embankment": null, "footway": null, "sport": null, "description": null, "sac_scale": null, "mtb:scale:uphill": null, "mtb:scale": null, "incline": null, "tracktype": null, "wheelchair": null, "motor_vehicle": null, "horse": null, "foot": null, "bicycle": null, "lit": null, "junction": null, "old_ref": null, "oneway": null, "layer": null, "bridge": null, "int_name": null, "width": null, "name:uk": null, "name:ru": null, "name:en": null, "smoothness": null, "addr:city": null, "name:etymology:wikidata": null, "cutting": null, "surface": null, "ref_1": null, "ref": null, "name": null, "maxspeed": null, "lanes": null }, "geometry": { "type": "LineString", "coordinates": [ [ 536858.813314291299321, 5560752.485065628774464 ], [ 536858.326622040010989, 5560785.661658465862274 ], [ 536857.540640793857165, 5560787.846716067753732 ], [ 536855.549943535472266, 5560789.812165332958102 ], [ 536853.234787883469835, 5560791.219404277391732 ], [ 536805.238330688560382, 5560791.787963027134538 ], [ 536772.13904682523571, 5560792.181870169937611 ] ] } },
{ "type": "Feature", "properties": { "full_id": "w467738194", "osm_id": "467738194", "osm_type": "way", "highway": "footway", "service": null, "embankment": null, "footway": null, "sport": null, "description": null, "sac_scale": null, "mtb:scale:uphill": null, "mtb:scale": null, "incline": null, "tracktype": null, "wheelchair": null, "motor_vehicle": null, "horse": null, "foot": null, "bicycle": null, "lit": null, "junction": null, "old_ref": null, "oneway": null, "layer": null, "bridge": null, "int_name": null, "width": "1.5", "name:uk": null, "name:ru": null, "name:en": null, "smoothness": null, "addr:city": null, "name:etymology:wikidata": null, "cutting": null, "surface": "asphalt", "ref_1": null, "ref": null, "name": null, "maxspeed": null, "lanes": null }, "geometry": { "type": "LineString", "coordinates": [ [ 536989.289793669828214, 5560779.920824540778995 ], [ 536977.053469389094971, 5560781.325789055787027 ], [ 536969.69592997059226, 5560782.175343447364867 ], [ 536961.843790577491745, 5560786.412857822142541 ] ] } },
{ "type": "Feature", "properties": { "full_id": "w467738196", "osm_id": "467738196", "osm_type": "way", "highway": "footway", "service": null, "embankment": null, "footway": null, "sport": null, "description": null, "sac_scale": null, "mtb:scale:uphill": null, "mtb:scale": null, "incline": null, "tracktype": null, "wheelchair": null, "motor_vehicle": null, "horse": null, "foot": null, "bicycle": null, "lit": null, "junction": null, "old_ref": null, "oneway": null, "layer": null, "bridge": null, "int_name": null, "width": "1.2", "name:uk": null, "name:ru": null, "name:en": null, "smoothness": null, "addr:city": null, "name:etymology:wikidata": null, "cutting": null, "surface": "paving_stones", "ref_1": null, "ref": null, "name": null, "maxspeed": null, "lanes": null }, "geometry": { "type": "LineString", "coordinates": [ [ 536977.053469389094971, 5560781.325789055787027 ], [ 536960.308851340669207, 5560765.909341708756983 ] ] } },
{ "type": "Feature", "properties": { "full_id": "w467738199", "osm_id": "467738199", "osm_type": "way", "highway": "footway", "service": null, "embankment": null, "footway": null, "sport": null, "description": null, "sac_scale": null, "mtb:scale:uphill": null, "mtb:scale": null, "incline": null, "tracktype": null, "wheelchair": null, "motor_vehicle": null, "horse": null, "foot": null, "bicycle": null, "lit": null, "junction": null, "old_ref": null, "oneway": null, "layer": null, "bridge": null, "int_name": null, "width": "1.5", "name:uk": null, "name:ru": null, "name:en": null, "smoothness": null, "addr:city": null, "name:etymology:wikidata": null, "cutting": null, "surface": "asphalt", "ref_1": null, "ref": null, "name": null, "maxspeed": null, "lanes": null }, "geometry": { "type": "LineString", "coordinates": [ [ 536960.44127843528986, 5560751.977787279523909 ], [ 536986.505696202628314, 5560753.281888478435576 ] ] } },
{ "type": "Feature", "properties": { "full_id": "w467738206", "osm_id": "467738206", "osm_type": "way", "highway": "service", "service": null, "embankment": null, "footway": null, "sport": null, "description": null, "sac_scale": null, "mtb:scale:uphill": null, "mtb:scale": null, "incline": null, "tracktype": null, "wheelchair": null, "motor_vehicle": null, "horse": null, "foot": null, "bicycle": null, "lit": null, "junction": null, "old_ref": null, "oneway": null, "layer": null, "bridge": null, "int_name": null, "width": null, "name:uk": null, "name:ru": null, "name:en": null, "smoothness": null, "addr:city": null, "name:etymology:wikidata": null, "cutting": null, "surface": null, "ref_1": null, "ref": null, "name": null, "maxspeed": null, "lanes": null }, "geometry": { "type": "LineString", "coordinates": [ [ 536805.686720230733044, 5560683.589264866895974 ], [ 536807.885349332587793, 5560722.777720421552658 ] ] } },
{ "type": "Feature", "properties": { "full_id": "w467738214", "osm_id": "467738214", "osm_type": "way", "highway": "service", "service": null, "embankment": null, "footway": null, "sport": null, "description": null, "sac_scale": null, "mtb:scale:uphill": null, "mtb:scale": null, "incline": null, "tracktype": null, "wheelchair": null, "motor_vehicle": null, "horse": null, "foot": null, "bicycle": null, "lit": null, "junction": null, "old_ref": null, "oneway": null, "layer": null, "bridge": null, "int_name": null, "width": null, "name:uk": null, "name:ru": null, "name:en": null, "smoothness": null, "addr:city": null, "name:etymology:wikidata": null, "cutting": null, "surface": null, "ref_1": null, "ref": null, "name": null, "maxspeed": null, "lanes": null }, "geometry": { "type": "LineString", "coordinates": [ [ 536780.467299908632413, 5560758.26998613961041 ], [ 536780.098493766505271, 5560735.206033788621426 ] ] } },
{ "type": "Feature", "properties": { "full_id": "w467738216", "osm_id": "467738216", "osm_type": "way", "highway": "service", "service": null, "embankment": null, "footway": null, "sport": null, "description": null, "sac_scale": null, "mtb:scale:uphill": null, "mtb:scale": null, "incline": null, "tracktype": null, "wheelchair": null, "motor_vehicle": null, "horse": null, "foot": null, "bicycle": null, "lit": null, "junction": null, "old_ref": null, "oneway": null, "layer": null, "bridge": null, "int_name": null, "width": null, "name:uk": null, "name:ru": null, "name:en": null, "smoothness": null, "addr:city": null, "name:etymology:wikidata": null, "cutting": null, "surface": null, "ref_1": null, "ref": null, "name": null, "maxspeed": null, "lanes": null }, "geometry": { "type": "LineString", "coordinates": [ [ 536772.329367693630047, 5560707.810026611201465 ], [ 536778.897688344004564, 5560702.395837498828769 ], [ 536782.893613098189235, 5560696.363437885418534 ], [ 536785.060325983678922, 5560690.61862032301724 ] ] } },
{ "type": "Feature", "properties": { "full_id": "w467738218", "osm_id": "467738218", "osm_type": "way", "highway": "service", "service": null, "embankment": null, "footway": null, "sport": null, "description": null, "sac_scale": null, "mtb:scale:uphill": null, "mtb:scale": null, "incline": null, "tracktype": null, "wheelchair": null, "motor_vehicle": null, "horse": null, "foot": null, "bicycle": null, "lit": null, "junction": null, "old_ref": null, "oneway": null, "layer": null, "bridge": null, "int_name": null, "width": null, "name:uk": null, "name:ru": null, "name:en": null, "smoothness": null, "addr:city": null, "name:etymology:wikidata": null, "cutting": null, "surface": null, "ref_1": null, "ref": null, "name": null, "maxspeed": null, "lanes": null }, "geometry": { "type": "LineString", "coordinates": [ [ 536780.098493766505271, 5560735.206033788621426 ], [ 536778.897688344004564, 5560702.395837498828769 ] ] } },
{ "type": "Feature", "properties": { "full_id": "w467738220", "osm_id": "467738220", "osm_type": "way", "highway": "footway", "service": null, "embankment": null, "footway": null, "sport": null, "description": null, "sac_scale": null, "mtb:scale:uphill": null, "mtb:scale": null, "incline": null, "tracktype": null, "wheelchair": null, "motor_vehicle": null, "horse": null, "foot": null, "bicycle": null, "lit": null, "junction": null, "old_ref": null, "oneway": null, "layer": null, "bridge": null, "int_name": null, "width": null, "name:uk": null, "name:ru": null, "name:en": null, "smoothness": null, "addr:city": null, "name:etymology:wikidata": null, "cutting": null, "surface": "asphalt", "ref_1": null, "ref": null, "name": null, "maxspeed": null, "lanes": null }, "geometry": { "type": "LineString", "coordinates": [ [ 536817.16968129388988, 5560753.975940600968897 ], [ 536780.098493766505271, 5560735.206033788621426 ] ] } },
{ "type": "Feature", "properties": { "full_id": "w467738227", "osm_id": "467738227", "osm_type": "way", "highway": "service", "service": null, "embankment": null, "footway": null, "sport": null, "description": null, "sac_scale": null, "mtb:scale:uphill": null, "mtb:scale": null, "incline": null, "tracktype": null, "wheelchair": null, "motor_vehicle": null, "horse": null, "foot": null, "bicycle": null, "lit": null, "junction": null, "old_ref": null, "oneway": null, "layer": null, "bridge": null, "int_name": null, "width": null, "name:uk": null, "name:ru": null, "name:en": null, "smoothness": null, "addr:city": null, "name:etymology:wikidata": null, "cutting": null, "surface": null, "ref_1": null, "ref": null, "name": null, "maxspeed": null, "lanes": null }, "geometry": { "type": "LineString", "coordinates": [ [ 536855.845224374206737, 5560686.349216781556606 ], [ 536857.129890134208836, 5560660.594719782471657 ] ] } },
{ "type": "Feature", "properties": { "full_id": "w467738231", "osm_id": "467738231", "osm_type": "way", "highway": "service", "service": null, "embankment": null, "footway": null, "sport": null, "description": null, "sac_scale": null, "mtb:scale:uphill": null, "mtb:scale": null, "incline": null, "tracktype": null, "wheelchair": null, "motor_vehicle": null, "horse": null, "foot": null, "bicycle": null, "lit": null, "junction": null, "old_ref": null, "oneway": null, "layer": null, "bridge": null, "int_name": null, "width": null, "name:uk": null, "name:ru": null, "name:en": null, "smoothness": null, "addr:city": null, "name:etymology:wikidata": null, "cutting": null, "surface": null, "ref_1": null, "ref": null, "name": null, "maxspeed": null, "lanes": null }, "geometry": { "type": "LineString", "coordinates": [ [ 536892.693125260644592, 5560812.519335182383657 ], [ 536867.799436932778917, 5560793.710915218107402 ], [ 536857.825056356727146, 5560791.095518500544131 ], [ 536853.234787883469835, 5560791.219404277391732 ] ] } },
{ "type": "Feature", "properties": { "full_id": "w468291294", "osm_id": "468291294", "osm_type": "way", "highway": "path", "service": null, "embankment": null, "footway": null, "sport": null, "description": null, "sac_scale": null, "mtb:scale:uphill": null, "mtb:scale": null, "incline": null, "tracktype": null, "wheelchair": null, "motor_vehicle": null, "horse": null, "foot": null, "bicycle": null, "lit": null, "junction": null, "old_ref": null, "oneway": null, "layer": null, "bridge": null, "int_name": null, "width": null, "name:uk": null, "name:ru": null, "name:en": null, "smoothness": null, "addr:city": null, "name:etymology:wikidata": null, "cutting": null, "surface": null, "ref_1": null, "ref": null, "name": null, "maxspeed": null, "lanes": null }, "geometry": { "type": "LineString", "coordinates": [ [ 537088.810315976617858, 5560811.36933584138751 ], [ 537096.800149716786109, 5560818.1077138222754 ], [ 537105.032874217955396, 5560814.573566454462707 ] ] } },
{ "type": "Feature", "properties": { "full_id": "w468291295", "osm_id": "468291295", "osm_type": "way", "highway": "path", "service": null, "embankment": null, "footway": null, "sport": null, "description": null, "sac_scale": null, "mtb:scale:uphill": null, "mtb:scale": null, "incline": null, "tracktype": null, "wheelchair": null, "motor_vehicle": null, "horse": null, "foot": null, "bicycle": null, "lit": null, "junction": null, "old_ref": null, "oneway": null, "layer": null, "bridge": null, "int_name": null, "width": null, "name:uk": null, "name:ru": null, "name:en": null, "smoothness": null, "addr:city": null, "name:etymology:wikidata": null, "cutting": null, "surface": null, "ref_1": null, "ref": null, "name": null, "maxspeed": null, "lanes": null }, "geometry": { "type": "LineString", "coordinates": [ [ 537033.667258778586984, 5560792.749731904827058 ], [ 537067.854531443677843, 5560816.51613917760551 ], [ 537078.018711755168624, 5560815.430527648888528 ] ] } },
{ "type": "Feature", "properties": { "full_id": "w468291298", "osm_id": "468291298", "osm_type": "way", "highway": "footway", "service": null, "embankment": null, "footway": null, "sport": null, "description": null, "sac_scale": null, "mtb:scale:uphill": null, "mtb:scale": null, "incline": null, "tracktype": null, "wheelchair": null, "motor_vehicle": null, "horse": null, "foot": null, "bicycle": null, "lit": null, "junction": null, "old_ref": null, "oneway": null, "layer": null, "bridge": null, "int_name": null, "width": null, "name:uk": null, "name:ru": null, "name:en": null, "smoothness": null, "addr:city": null, "name:etymology:wikidata": null, "cutting": null, "surface": "asphalt", "ref_1": null, "ref": null, "name": null, "maxspeed": null, "lanes": null }, "geometry": { "type": "LineString", "coordinates": [ [ 536830.304412806872278, 5560896.082392550073564 ], [ 536818.797299448633566, 5560897.359332013875246 ], [ 536802.812034264090471, 5560882.560192325152457 ], [ 536780.982937672873959, 5560862.338978826068342 ], [ 536764.352057953714393, 5560846.946174137294292 ], [ 536757.806075024884194, 5560840.885427703149617 ], [ 536763.904404762433842, 5560834.255972753278911 ] ] } },
{ "type": "Feature", "properties": { "full_id": "w468291299", "osm_id": "468291299", "osm_type": "way", "highway": "footway", "service": null, "embankment": null, "footway": null, "sport": null, "description": null, "sac_scale": null, "mtb:scale:uphill": null, "mtb:scale": null, "incline": null, "tracktype": null, "wheelchair": null, "motor_vehicle": null, "horse": null, "foot": null, "bicycle": null, "lit": null, "junction": null, "old_ref": null, "oneway": null, "layer": null, "bridge": null, "int_name": null, "width": null, "name:uk": null, "name:ru": null, "name:en": null, "smoothness": null, "addr:city": null, "name:etymology:wikidata": null, "cutting": null, "surface": null, "ref_1": null, "ref": null, "name": null, "maxspeed": null, "lanes": null }, "geometry": { "type": "LineString", "coordinates": [ [ 536764.352057953714393, 5560846.946174137294292 ], [ 536770.00812007964123, 5560840.280313394963741 ] ] } },
{ "type": "Feature", "properties": { "full_id": "w468291300", "osm_id": "468291300", "osm_type": "way", "highway": "footway", "service": null, "embankment": null, "footway": null, "sport": null, "description": null, "sac_scale": null, "mtb:scale:uphill": null, "mtb:scale": null, "incline": null, "tracktype": null, "wheelchair": null, "motor_vehicle": null, "horse": null, "foot": null, "bicycle": null, "lit": null, "junction": null, "old_ref": null, "oneway": null, "layer": null, "bridge": null, "int_name": null, "width": null, "name:uk": null, "name:ru": null, "name:en": null, "smoothness": null, "addr:city": null, "name:etymology:wikidata": null, "cutting": null, "surface": null, "ref_1": null, "ref": null, "name": null, "maxspeed": null, "lanes": null }, "geometry": { "type": "LineString", "coordinates": [ [ 536780.982937672873959, 5560862.338978826068342 ], [ 536786.37669113278389, 5560856.449672931805253 ] ] } },
{ "type": "Feature", "properties": { "full_id": "w468291301", "osm_id": "468291301", "osm_type": "way", "highway": "footway", "service": null, "embankment": null, "footway": null, "sport": null, "description": null, "sac_scale": null, "mtb:scale:uphill": null, "mtb:scale": null, "incline": null, "tracktype": null, "wheelchair": null, "motor_vehicle": null, "horse": null, "foot": null, "bicycle": null, "lit": null, "junction": null, "old_ref": null, "oneway": null, "layer": null, "bridge": null, "int_name": null, "width": null, "name:uk": null, "name:ru": null, "name:en": null, "smoothness": null, "addr:city": null, "name:etymology:wikidata": null, "cutting": null, "surface": null, "ref_1": null, "ref": null, "name": null, "maxspeed": null, "lanes": null }, "geometry": { "type": "LineString", "coordinates": [ [ 536802.812034264090471, 5560882.560192325152457 ], [ 536807.501902458723634, 5560877.31095948535949 ] ] } },
{ "type": "Feature", "properties": { "full_id": "w468291302", "osm_id": "468291302", "osm_type": "way", "highway": "service", "service": null, "embankment": null, "footway": null, "sport": null, "description": null, "sac_scale": null, "mtb:scale:uphill": null, "mtb:scale": null, "incline": null, "tracktype": null, "wheelchair": null, "motor_vehicle": null, "horse": null, "foot": null, "bicycle": null, "lit": null, "junction": null, "old_ref": null, "oneway": null, "layer": null, "bridge": null, "int_name": null, "width": null, "name:uk": null, "name:ru": null, "name:en": null, "smoothness": null, "addr:city": null, "name:etymology:wikidata": null, "cutting": null, "surface": null, "ref_1": null, "ref": null, "name": null, "maxspeed": null, "lanes": null }, "geometry": { "type": "LineString", "coordinates": [ [ 536805.238330688560382, 5560791.787963027134538 ], [ 536804.573616132722236, 5560776.43874713871628 ] ] } },
{ "type": "Feature", "properties": { "full_id": "w468291304", "osm_id": "468291304", "osm_type": "way", "highway": "footway", "service": null, "embankment": null, "footway": null, "sport": null, "description": null, "sac_scale": null, "mtb:scale:uphill": null, "mtb:scale": null, "incline": null, "tracktype": null, "wheelchair": null, "motor_vehicle": null, "horse": null, "foot": null, "bicycle": null, "lit": null, "junction": null, "old_ref": null, "oneway": null, "layer": null, "bridge": null, "int_name": null, "width": null, "name:uk": null, "name:ru": null, "name:en": null, "smoothness": null, "addr:city": null, "name:etymology:wikidata": null, "cutting": null, "surface": null, "ref_1": null, "ref": null, "name": null, "maxspeed": null, "lanes": null }, "geometry": { "type": "LineString", "coordinates": [ [ 536963.006517150555737, 5560812.206574199721217 ], [ 536954.181245062500238, 5560812.690139657817781 ] ] } },
{ "type": "Feature", "properties": { "full_id": "w468291306", "osm_id": "468291306", "osm_type": "way", "highway": "service", "service": null, "embankment": null, "footway": null, "sport": null, "description": null, "sac_scale": null, "mtb:scale:uphill": null, "mtb:scale": null, "incline": null, "tracktype": null, "wheelchair": null, "motor_vehicle": null, "horse": null, "foot": null, "bicycle": null, "lit": null, "junction": null, "old_ref": null, "oneway": null, "layer": null, "bridge": null, "int_name": null, "width": null, "name:uk": null, "name:ru": null, "name:en": null, "smoothness": "bad", "addr:city": null, "name:etymology:wikidata": null, "cutting": null, "surface": "compacted", "ref_1": null, "ref": null, "name": null, "maxspeed": null, "lanes": null }, "geometry": { "type": "LineString", "coordinates": [ [ 536578.682294700993225, 5560686.561110626906157 ], [ 536573.061941203428432, 5560676.615209961310029 ], [ 536571.681429148418829, 5560668.733273101039231 ], [ 536568.934737348579802, 5560662.309695888310671 ] ] } },
{ "type": "Feature", "properties": { "full_id": "w468374869", "osm_id": "468374869", "osm_type": "way", "highway": "primary", "service": null, "embankment": null, "footway": null, "sport": null, "description": null, "sac_scale": null, "mtb:scale:uphill": null, "mtb:scale": null, "incline": null, "tracktype": null, "wheelchair": null, "motor_vehicle": null, "horse": null, "foot": null, "bicycle": null, "lit": null, "junction": "roundabout", "old_ref": "Р-185", "oneway": "yes", "layer": null, "bridge": null, "int_name": null, "width": null, "name:uk": null, "name:ru": null, "name:en": null, "smoothness": null, "addr:city": null, "name:etymology:wikidata": null, "cutting": null, "surface": "asphalt", "ref_1": null, "ref": "20К-В33", "name": null, "maxspeed": null, "lanes": null }, "geometry": { "type": "LineString", "coordinates": [ [ 536443.581384824006818, 5561735.01723179128021 ], [ 536439.688052195240743, 5561739.782985146157444 ], [ 536436.180257882690057, 5561742.438714796677232 ], [ 536427.845952756586485, 5561745.450577604584396 ], [ 536418.451813667430542, 5561744.830308682285249 ], [ 536412.007255737204105, 5561741.78399433940649 ] ] } },
{ "type": "Feature", "properties": { "full_id": "w468637031", "osm_id": "468637031", "osm_type": "way", "highway": "service", "service": null, "embankment": null, "footway": null, "sport": null, "description": null, "sac_scale": null, "mtb:scale:uphill": null, "mtb:scale": null, "incline": null, "tracktype": null, "wheelchair": null, "motor_vehicle": null, "horse": null, "foot": null, "bicycle": null, "lit": null, "junction": null, "old_ref": null, "oneway": null, "layer": null, "bridge": null, "int_name": null, "width": null, "name:uk": null, "name:ru": null, "name:en": null, "smoothness": null, "addr:city": null, "name:etymology:wikidata": null, "cutting": null, "surface": null, "ref_1": null, "ref": null, "name": null, "maxspeed": null, "lanes": null }, "geometry": { "type": "LineString", "coordinates": [ [ 536978.34351928497199, 5560675.768185472115874 ], [ 536981.089145943406038, 5560670.972606918774545 ], [ 536987.11083819612395, 5560667.222768076695502 ], [ 537039.884640584816225, 5560670.603068769909441 ], [ 537071.687096158741042, 5560674.104657567106187 ], [ 537089.86421557131689, 5560675.487765774130821 ] ] } },
{ "type": "Feature", "properties": { "full_id": "w468645668", "osm_id": "468645668", "osm_type": "way", "highway": "track", "service": null, "embankment": null, "footway": null, "sport": null, "description": null, "sac_scale": null, "mtb:scale:uphill": null, "mtb:scale": null, "incline": null, "tracktype": null, "wheelchair": null, "motor_vehicle": null, "horse": null, "foot": null, "bicycle": null, "lit": null, "junction": null, "old_ref": null, "oneway": null, "layer": null, "bridge": null, "int_name": null, "width": null, "name:uk": null, "name:ru": null, "name:en": null, "smoothness": null, "addr:city": null, "name:etymology:wikidata": null, "cutting": null, "surface": null, "ref_1": null, "ref": null, "name": null, "maxspeed": null, "lanes": null }, "geometry": { "type": "LineString", "coordinates": [ [ 535435.748386687948368, 5562075.820904962718487 ], [ 535432.172339322511107, 5562045.975182501599193 ], [ 535498.266625235788524, 5561730.038946678861976 ], [ 535501.212812295532785, 5561612.538997516036034 ] ] } },
{ "type": "Feature", "properties": { "full_id": "w468645670", "osm_id": "468645670", "osm_type": "way", "highway": "track", "service": null, "embankment": null, "footway": null, "sport": null, "description": null, "sac_scale": null, "mtb:scale:uphill": null, "mtb:scale": null, "incline": null, "tracktype": null, "wheelchair": null, "motor_vehicle": null, "horse": null, "foot": null, "bicycle": null, "lit": null, "junction": null, "old_ref": null, "oneway": null, "layer": null, "bridge": null, "int_name": null, "width": null, "name:uk": null, "name:ru": null, "name:en": null, "smoothness": null, "addr:city": null, "name:etymology:wikidata": null, "cutting": null, "surface": null, "ref_1": null, "ref": null, "name": null, "maxspeed": null, "lanes": null }, "geometry": { "type": "LineString", "coordinates": [ [ 535253.337234133621678, 5562148.018583208322525 ], [ 535234.698908575461246, 5562122.165111934766173 ], [ 535233.239450294524431, 5562102.263063387945294 ], [ 535243.815948624745943, 5562082.663116538897157 ], [ 535241.895522502716631, 5562022.472882630303502 ], [ 535244.513512760866433, 5561977.357092874124646 ], [ 535244.854594590724446, 5561925.86600043065846 ], [ 535249.393920838134363, 5561853.565208690240979 ], [ 535248.441604277701117, 5561821.735546917654574 ], [ 535257.947659154771827, 5561788.229451073333621 ], [ 535252.341750290244818, 5561758.681765998713672 ], [ 535255.840253967209719, 5561669.016923085786402 ], [ 535260.76652721920982, 5561485.592786461114883 ] ] } },
{ "type": "Feature", "properties": { "full_id": "w468645672", "osm_id": "468645672", "osm_type": "way", "highway": "track", "service": null, "embankment": null, "footway": null, "sport": null, "description": null, "sac_scale": null, "mtb:scale:uphill": null, "mtb:scale": null, "incline": null, "tracktype": null, "wheelchair": null, "motor_vehicle": null, "horse": null, "foot": null, "bicycle": null, "lit": null, "junction": null, "old_ref": null, "oneway": null, "layer": null, "bridge": null, "int_name": null, "width": null, "name:uk": null, "name:ru": null, "name:en": null, "smoothness": null, "addr:city": null, "name:etymology:wikidata": null, "cutting": null, "surface": null, "ref_1": null, "ref": null, "name": null, "maxspeed": null, "lanes": null }, "geometry": { "type": "LineString", "coordinates": [ [ 535314.073454074328765, 5561151.556668324396014 ], [ 535286.660104052163661, 5561120.37434394005686 ], [ 535294.238535850541666, 5561054.887684941291809 ], [ 535297.529506489052437, 5561008.497727776877582 ], [ 535283.550253872410394, 5560989.824756900779903 ], [ 535262.216741415555589, 5560969.42408733908087 ], [ 535259.318091355613433, 5560954.482842448167503 ] ] } },
{ "type": "Feature", "properties": { "full_id": "w468645674", "osm_id": "468645674", "osm_type": "way", "highway": "service", "service": null, "embankment": null, "footway": null, "sport": null, "description": null, "sac_scale": null, "mtb:scale:uphill": null, "mtb:scale": null, "incline": null, "tracktype": null, "wheelchair": null, "motor_vehicle": null, "horse": null, "foot": null, "bicycle": null, "lit": null, "junction": null, "old_ref": null, "oneway": null, "layer": null, "bridge": null, "int_name": null, "width": null, "name:uk": null, "name:ru": null, "name:en": null, "smoothness": null, "addr:city": null, "name:etymology:wikidata": null, "cutting": null, "surface": "compacted", "ref_1": null, "ref": null, "name": null, "maxspeed": null, "lanes": null }, "geometry": { "type": "LineString", "coordinates": [ [ 536296.708064342965372, 5560674.334393398836255 ], [ 536284.249079179950058, 5560682.221969929523766 ], [ 536243.001264079008251, 5560708.349231868050992 ], [ 536230.181920142844319, 5560715.722993222996593 ], [ 536216.087008010945283, 5560716.505495700985193 ], [ 536198.083524691173807, 5560708.477227227762341 ], [ 536178.398808657308109, 5560689.462870703078806 ], [ 536145.093116588774137, 5560665.519194737076759 ], [ 536127.616434386465698, 5560646.086373807862401 ], [ 536105.788385342573747, 5560617.828752490691841 ], [ 536086.05837894580327, 5560605.397047786973417 ], [ 535965.067282732692547, 5560590.534553247503936 ], [ 535952.363701382884756, 5560580.786094252020121 ], [ 535949.363381955772638, 5560568.467923130840063 ], [ 535949.434194815345109, 5560537.901542205363512 ] ] } },
{ "type": "Feature", "properties": { "full_id": "w468645676", "osm_id": "468645676", "osm_type": "way", "highway": "service", "service": null, "embankment": null, "footway": null, "sport": null, "description": null, "sac_scale": null, "mtb:scale:uphill": null, "mtb:scale": null, "incline": null, "tracktype": null, "wheelchair": null, "motor_vehicle": null, "horse": null, "foot": null, "bicycle": null, "lit": null, "junction": null, "old_ref": null, "oneway": null, "layer": null, "bridge": null, "int_name": null, "width": null, "name:uk": null, "name:ru": null, "name:en": null, "smoothness": null, "addr:city": null, "name:etymology:wikidata": null, "cutting": null, "surface": "compacted", "ref_1": null, "ref": null, "name": null, "maxspeed": null, "lanes": null }, "geometry": { "type": "LineString", "coordinates": [ [ 536178.398808657308109, 5560689.462870703078806 ], [ 536172.951932587660849, 5560662.283708082512021 ], [ 536169.967917012865655, 5560650.799460873007774 ], [ 536171.241771887522191, 5560632.450199475511909 ], [ 536172.132708833902143, 5560613.731400723569095 ], [ 536176.048608478391543, 5560601.526814296841621 ], [ 536181.892351953545585, 5560588.178930341266096 ], [ 536194.218737497227266, 5560579.856561435386539 ], [ 536224.904610642348416, 5560576.618326593190432 ], [ 536252.479036186006851, 5560580.631081009283662 ], [ 536261.233853638754226, 5560589.486057972535491 ], [ 536286.60354118514806, 5560636.293176658451557 ], [ 536293.7167839249596, 5560660.815196592360735 ], [ 536284.249079179950058, 5560682.221969929523766 ] ] } },
{ "type": "Feature", "properties": { "full_id": "w468645678", "osm_id": "468645678", "osm_type": "way", "highway": "service", "service": null, "embankment": null, "footway": null, "sport": null, "description": null, "sac_scale": null, "mtb:scale:uphill": null, "mtb:scale": null, "incline": null, "tracktype": null, "wheelchair": null, "motor_vehicle": null, "horse": null, "foot": null, "bicycle": null, "lit": null, "junction": null, "old_ref": null, "oneway": null, "layer": null, "bridge": null, "int_name": null, "width": null, "name:uk": null, "name:ru": null, "name:en": null, "smoothness": null, "addr:city": null, "name:etymology:wikidata": null, "cutting": null, "surface": "compacted", "ref_1": null, "ref": null, "name": null, "maxspeed": null, "lanes": null }, "geometry": { "type": "LineString", "coordinates": [ [ 536234.512161016347818, 5560891.147930059581995 ], [ 536215.128703036229126, 5560887.769177290610969 ], [ 536211.093381745857187, 5560883.972286907024682 ], [ 536208.340143497800454, 5560877.415421463549137 ], [ 536192.921079102088697, 5560873.563353691250086 ], [ 536173.673973674769513, 5560858.510440742596984 ], [ 536156.194263814250007, 5560841.734997747465968 ], [ 536143.130042090080678, 5560823.221630841493607 ], [ 536132.566835677600466, 5560799.009968458674848 ] ] } },
{ "type": "Feature", "properties": { "full_id": "w472092256", "osm_id": "472092256", "osm_type": "way", "highway": "primary", "service": null, "embankment": null, "footway": null, "sport": null, "description": null, "sac_scale": null, "mtb:scale:uphill": null, "mtb:scale": null, "incline": null, "tracktype": null, "wheelchair": null, "motor_vehicle": null, "horse": null, "foot": null, "bicycle": null, "lit": null, "junction": null, "old_ref": "Р-185", "oneway": null, "layer": null, "bridge": null, "int_name": null, "width": null, "name:uk": null, "name:ru": null, "name:en": null, "smoothness": null, "addr:city": null, "name:etymology:wikidata": null, "cutting": null, "surface": "asphalt", "ref_1": null, "ref": null, "name": null, "maxspeed": "60", "lanes": null }, "geometry": { "type": "LineString", "coordinates": [ [ 534817.617206142866053, 5562411.389050835743546 ], [ 534759.811848496785387, 5562430.336331649683416 ], [ 534700.347263998584822, 5562444.469889351166785 ], [ 534620.436665026703849, 5562455.924698033370078 ], [ 534412.174953870591708, 5562482.282647740095854 ], [ 534298.973597113392316, 5562492.53741299174726 ], [ 534244.729186239419505, 5562492.999656468629837 ], [ 534226.022183738881722, 5562491.678387386724353 ], [ 534130.418787333066575, 5562484.926328448578715 ], [ 533939.780588822322898, 5562464.959595567546785 ], [ 533744.149845698149875, 5562445.579597886651754 ], [ 533537.766687762807123, 5562423.670541055500507 ], [ 533310.776459482498467, 5562401.584841094911098 ], [ 533236.087596120894887, 5562398.827136578038335 ], [ 533166.77787193201948, 5562399.628811624832451 ], [ 533107.618009153869934, 5562403.307711442932487 ], [ 532999.8322256867541, 5562412.634203028865159 ], [ 532869.098529940121807, 5562438.366450606845319 ], [ 532647.332489267340861, 5562491.384994820691645 ], [ 532513.191803909488954, 5562519.48455900978297 ], [ 532348.272974229534157, 5562559.16437744628638 ], [ 532257.716579085914418, 5562582.487440939061344 ], [ 532193.291806036955677, 5562606.559438011609018 ], [ 532109.878872716566548, 5562642.904364445246756 ], [ 532040.269580473075621, 5562679.822959415614605 ], [ 531978.230693088728003, 5562715.653803040273488 ], [ 531925.732133578276262, 5562751.431422645226121 ], [ 531831.364413368050009, 5562824.74191926419735 ], [ 531776.589518186054192, 5562877.653198513202369 ], [ 531722.386804534355178, 5562935.294112568721175 ], [ 531649.160881840041839, 5563019.986577577888966 ], [ 531606.525240577524528, 5563069.30249401088804 ] ] } },
{ "type": "Feature", "properties": { "full_id": "w472284950", "osm_id": "472284950", "osm_type": "way", "highway": "track", "service": null, "embankment": null, "footway": null, "sport": null, "description": null, "sac_scale": null, "mtb:scale:uphill": null, "mtb:scale": null, "incline": null, "tracktype": null, "wheelchair": null, "motor_vehicle": null, "horse": null, "foot": null, "bicycle": null, "lit": null, "junction": null, "old_ref": null, "oneway": null, "layer": null, "bridge": null, "int_name": null, "width": null, "name:uk": null, "name:ru": null, "name:en": null, "smoothness": null, "addr:city": null, "name:etymology:wikidata": null, "cutting": null, "surface": null, "ref_1": null, "ref": null, "name": null, "maxspeed": null, "lanes": null }, "geometry": { "type": "LineString", "coordinates": [ [ 536181.746336520649493, 5560144.419104440137744 ], [ 536203.649297026218846, 5560137.751899731345475 ], [ 536227.649757222505286, 5560124.972342880442739 ], [ 536247.106069274479523, 5560109.671237180009484 ] ] } },
{ "type": "Feature", "properties": { "full_id": "w472284951", "osm_id": "472284951", "osm_type": "way", "highway": "track", "service": null, "embankment": null, "footway": null, "sport": null, "description": null, "sac_scale": null, "mtb:scale:uphill": null, "mtb:scale": null, "incline": null, "tracktype": null, "wheelchair": null, "motor_vehicle": null, "horse": null, "foot": null, "bicycle": null, "lit": null, "junction": null, "old_ref": null, "oneway": null, "layer": null, "bridge": null, "int_name": null, "width": null, "name:uk": null, "name:ru": null, "name:en": null, "smoothness": null, "addr:city": null, "name:etymology:wikidata": null, "cutting": null, "surface": null, "ref_1": null, "ref": null, "name": null, "maxspeed": null, "lanes": null }, "geometry": { "type": "LineString", "coordinates": [ [ 536247.106069274479523, 5560109.671237180009484 ], [ 536257.147388355107978, 5560103.735210106708109 ], [ 536276.574466842692345, 5560092.748286320827901 ], [ 536294.382010417291895, 5560085.831161795184016 ], [ 536304.67106256110128, 5560080.219371013343334 ] ] } },
{ "type": "Feature", "properties": { "full_id": "w472284952", "osm_id": "472284952", "osm_type": "way", "highway": "track", "service": null, "embankment": null, "footway": null, "sport": null, "description": null, "sac_scale": null, "mtb:scale:uphill": null, "mtb:scale": null, "incline": null, "tracktype": null, "wheelchair": null, "motor_vehicle": null, "horse": null, "foot": null, "bicycle": null, "lit": null, "junction": null, "old_ref": null, "oneway": null, "layer": null, "bridge": null, "int_name": null, "width": null, "name:uk": null, "name:ru": null, "name:en": null, "smoothness": null, "addr:city": null, "name:etymology:wikidata": null, "cutting": null, "surface": null, "ref_1": null, "ref": null, "name": null, "maxspeed": null, "lanes": null }, "geometry": { "type": "LineString", "coordinates": [ [ 536247.106069274479523, 5560109.671237180009484 ], [ 536237.741959938080981, 5560111.553361146710813 ], [ 536224.991792001179419, 5560111.70009389333427 ], [ 536214.971541340462863, 5560111.398417555727065 ], [ 536206.956009473768063, 5560118.6158964978531 ], [ 536181.746336520649493, 5560144.419104440137744 ] ] } },
{ "type": "Feature", "properties": { "full_id": "w472284953", "osm_id": "472284953", "osm_type": "way", "highway": "track", "service": null, "embankment": null, "footway": null, "sport": null, "description": null, "sac_scale": null, "mtb:scale:uphill": null, "mtb:scale": null, "incline": null, "tracktype": null, "wheelchair": null, "motor_vehicle": null, "horse": null, "foot": null, "bicycle": null, "lit": null, "junction": null, "old_ref": null, "oneway": null, "layer": null, "bridge": null, "int_name": null, "width": null, "name:uk": null, "name:ru": null, "name:en": null, "smoothness": null, "addr:city": null, "name:etymology:wikidata": null, "cutting": null, "surface": null, "ref_1": null, "ref": null, "name": null, "maxspeed": null, "lanes": null }, "geometry": { "type": "LineString", "coordinates": [ [ 536304.67106256110128, 5560080.219371013343334 ], [ 536311.22153755556792, 5560069.089182810857892 ], [ 536310.53661545063369, 5560056.475264918990433 ], [ 536286.09785460261628, 5559934.485993997193873 ], [ 536270.690036335028708, 5559841.613011214882135 ], [ 536270.73964907694608, 5559834.330233847722411 ], [ 536271.876407905481756, 5559825.698312959633768 ], [ 536275.194111557095312, 5559816.536407282575965 ], [ 536275.232745816232637, 5559810.865848027169704 ], [ 536271.330469923792407, 5559804.189945541322231 ] ] } },
{ "type": "Feature", "properties": { "full_id": "w472284954", "osm_id": "472284954", "osm_type": "way", "highway": "track", "service": null, "embankment": null, "footway": null, "sport": null, "description": null, "sac_scale": null, "mtb:scale:uphill": null, "mtb:scale": null, "incline": null, "tracktype": null, "wheelchair": null, "motor_vehicle": null, "horse": null, "foot": null, "bicycle": null, "lit": null, "junction": null, "old_ref": null, "oneway": null, "layer": null, "bridge": null, "int_name": null, "width": null, "name:uk": null, "name:ru": null, "name:en": null, "smoothness": null, "addr:city": null, "name:etymology:wikidata": null, "cutting": null, "surface": null, "ref_1": null, "ref": null, "name": null, "maxspeed": null, "lanes": null }, "geometry": { "type": "LineString", "coordinates": [ [ 536304.67106256110128, 5560080.219371013343334 ], [ 536298.212321095750667, 5560095.697825290262699 ], [ 536290.381124147796072, 5560110.410821611993015 ], [ 536289.351775253890082, 5560120.044208099134266 ], [ 536292.828805831959471, 5560129.374735561199486 ], [ 536298.585472018108703, 5560135.196000842377543 ], [ 536309.484858324518427, 5560142.653519195504487 ], [ 536325.561370262992568, 5560145.654199166223407 ], [ 536372.871606922592036, 5560149.190690144896507 ], [ 536397.041472118697129, 5560146.142409819178283 ], [ 536404.820224724011496, 5560139.134861200116575 ], [ 536410.682232293765992, 5560129.534544006921351 ], [ 536419.455392597592436, 5560118.041633048094809 ], [ 536433.716730209882371, 5560104.651539291255176 ], [ 536461.224899632274173, 5560084.280334806069732 ], [ 536464.782989341183566, 5560081.736152983270586 ], [ 536478.334621058660559, 5560084.442017978988588 ], [ 536509.273006220115349, 5560096.874171677045524 ], [ 536567.598267290508375, 5560134.690819417126477 ], [ 536619.439655415946618, 5560169.60586073808372 ], [ 536653.742778279352933, 5560192.947781493887305 ], [ 536724.991928120027296, 5560244.420700932852924 ], [ 536811.838645449373871, 5560311.080173497088253 ], [ 536852.563759078620933, 5560346.876932999119163 ], [ 536881.528096699970774, 5560366.747537679970264 ], [ 536919.71421613311395, 5560381.522903837263584 ], [ 536960.323557153111324, 5560379.325101190246642 ], [ 537015.003719510044903, 5560362.514610996469855 ], [ 537053.240438105072826, 5560343.310745865106583 ], [ 537092.590458994032815, 5560300.619853581301868 ], [ 537158.996121823904105, 5560222.992197027429938 ], [ 537204.814102636999451, 5560187.608167267404497 ], [ 537270.548631806275807, 5560151.218634696677327 ], [ 537273.319451259681955, 5560150.037150112912059 ], [ 537293.595458470401354, 5560141.450504979118705 ], [ 537315.391006441088393, 5560145.228119019418955 ], [ 537342.171513477689587, 5560148.662730265408754 ], [ 537372.829358194372617, 5560145.820055493153632 ], [ 537376.476654070895165, 5560145.879018710926175 ], [ 537394.270653342711739, 5560146.159644979052246 ], [ 537412.392545579466969, 5560155.649409914389253 ], [ 537427.972245718934573, 5560172.37114389706403 ], [ 537447.415828489582054, 5560184.727981228381395 ], [ 537480.995911106001586, 5560201.765549396164715 ] ] } },
{ "type": "Feature", "properties": { "full_id": "w472284955", "osm_id": "472284955", "osm_type": "way", "highway": "track", "service": null, "embankment": null, "footway": null, "sport": null, "description": null, "sac_scale": null, "mtb:scale:uphill": null, "mtb:scale": null, "incline": null, "tracktype": null, "wheelchair": null, "motor_vehicle": null, "horse": null, "foot": null, "bicycle": null, "lit": null, "junction": null, "old_ref": null, "oneway": null, "layer": null, "bridge": null, "int_name": null, "width": null, "name:uk": null, "name:ru": null, "name:en": null, "smoothness": null, "addr:city": null, "name:etymology:wikidata": null, "cutting": null, "surface": null, "ref_1": null, "ref": null, "name": null, "maxspeed": null, "lanes": null }, "geometry": { "type": "LineString", "coordinates": [ [ 537273.319451259681955, 5560150.037150112912059 ], [ 537281.554666567943059, 5560139.175671185366809 ], [ 537292.334871829487383, 5560130.844991029240191 ], [ 537303.467065134551376, 5560127.298093562945724 ], [ 537321.464812158374116, 5560127.035058133304119 ], [ 537376.476654070895165, 5560145.879018710926175 ] ] } },
{ "type": "Feature", "properties": { "full_id": "w472284956", "osm_id": "472284956", "osm_type": "way", "highway": "track", "service": null, "embankment": null, "footway": null, "sport": null, "description": null, "sac_scale": null, "mtb:scale:uphill": null, "mtb:scale": null, "incline": null, "tracktype": null, "wheelchair": null, "motor_vehicle": null, "horse": null, "foot": null, "bicycle": null, "lit": null, "junction": null, "old_ref": null, "oneway": null, "layer": null, "bridge": null, "int_name": null, "width": null, "name:uk": null, "name:ru": null, "name:en": null, "smoothness": null, "addr:city": null, "name:etymology:wikidata": null, "cutting": null, "surface": null, "ref_1": null, "ref": null, "name": null, "maxspeed": null, "lanes": null }, "geometry": { "type": "LineString", "coordinates": [ [ 537480.995911106001586, 5560201.765549396164715 ], [ 537495.394631091505289, 5560200.643819930031896 ], [ 537506.37330010428559, 5560195.584040825255215 ], [ 537518.755239360849373, 5560175.756628375500441 ], [ 537529.268154405406676, 5560145.641838589683175 ], [ 537538.8039050034713, 5560117.454936861991882 ], [ 537539.654959117528051, 5560088.884347829036415 ], [ 537541.788293848047033, 5560059.677882923744619 ], [ 537547.08702072291635, 5560039.155673479661345 ], [ 537567.356102680787444, 5559996.266988690942526 ], [ 537604.670898071839474, 5559910.155739609152079 ], [ 537618.787014977540821, 5559872.3609070898965 ], [ 537630.148140884353779, 5559814.309526379220188 ], [ 537642.805760804680176, 5559754.666160038672388 ], [ 537653.358773153740913, 5559719.092328088358045 ], [ 537659.5028280261904, 5559669.999631463550031 ], [ 537666.940118570462801, 5559574.348505935631692 ], [ 537664.481440746574663, 5559558.597319312393665 ], [ 537663.605959824635647, 5559545.103428930975497 ], [ 537663.751551186782308, 5559523.510799771174788 ] ] } },
{ "type": "Feature", "properties": { "full_id": "w472287901", "osm_id": "472287901", "osm_type": "way", "highway": "residential", "service": null, "embankment": null, "footway": null, "sport": null, "description": null, "sac_scale": null, "mtb:scale:uphill": null, "mtb:scale": null, "incline": null, "tracktype": null, "wheelchair": null, "motor_vehicle": null, "horse": null, "foot": null, "bicycle": null, "lit": null, "junction": null, "old_ref": null, "oneway": null, "layer": null, "bridge": null, "int_name": null, "width": null, "name:uk": null, "name:ru": null, "name:en": null, "smoothness": null, "addr:city": null, "name:etymology:wikidata": "Q166073", "cutting": null, "surface": null, "ref_1": null, "ref": null, "name": "Комсомольская улица", "maxspeed": null, "lanes": null }, "geometry": { "type": "LineString", "coordinates": [ [ 533461.524765433277935, 5561167.818325489759445 ], [ 533425.418854719027877, 5561171.271896995604038 ], [ 533412.878915046458133, 5561172.471863242797554 ], [ 533313.215367105090991, 5561191.327948044985533 ], [ 533261.046553626074456, 5561207.035556645132601 ], [ 533157.452068755053915, 5561243.038045075722039 ], [ 533121.843173017958179, 5561244.728810791857541 ], [ 533080.127787562087178, 5561241.411566306836903 ], [ 533051.11985887773335, 5561227.109938339330256 ], [ 532947.930305384332314, 5561245.272672038525343 ], [ 532774.564157673972659, 5561282.218740682117641 ], [ 532613.64887953363359, 5561316.511398889124393 ] ] } },
{ "type": "Feature", "properties": { "full_id": "w472287902", "osm_id": "472287902", "osm_type": "way", "highway": "residential", "service": null, "embankment": null, "footway": null, "sport": null, "description": null, "sac_scale": null, "mtb:scale:uphill": null, "mtb:scale": null, "incline": null, "tracktype": null, "wheelchair": null, "motor_vehicle": null, "horse": null, "foot": null, "bicycle": null, "lit": null, "junction": null, "old_ref": null, "oneway": null, "layer": null, "bridge": null, "int_name": null, "width": null, "name:uk": null, "name:ru": null, "name:en": null, "smoothness": null, "addr:city": null, "name:etymology:wikidata": "Q166073", "cutting": null, "surface": null, "ref_1": null, "ref": null, "name": "Комсомольская улица", "maxspeed": null, "lanes": null }, "geometry": { "type": "LineString", "coordinates": [ [ 533535.310557640856132, 5561367.583688734099269 ], [ 533497.841066433931701, 5561237.530788944102824 ], [ 533477.141279956675135, 5561181.281836645677686 ], [ 533461.524765433277935, 5561167.818325489759445 ] ] } },
{ "type": "Feature", "properties": { "full_id": "w473580271", "osm_id": "473580271", "osm_type": "way", "highway": "track", "service": null, "embankment": null, "footway": null, "sport": null, "description": null, "sac_scale": null, "mtb:scale:uphill": null, "mtb:scale": null, "incline": null, "tracktype": null, "wheelchair": null, "motor_vehicle": null, "horse": null, "foot": null, "bicycle": null, "lit": null, "junction": null, "old_ref": null, "oneway": null, "layer": null, "bridge": null, "int_name": null, "width": null, "name:uk": null, "name:ru": null, "name:en": null, "smoothness": null, "addr:city": null, "name:etymology:wikidata": null, "cutting": null, "surface": null, "ref_1": null, "ref": null, "name": null, "maxspeed": null, "lanes": null }, "geometry": { "type": "LineString", "coordinates": [ [ 532845.764437727397308, 5560231.326442699879408 ], [ 532857.673852294683456, 5560227.374789005145431 ], [ 532876.084586774464697, 5560228.300154195167124 ], [ 532887.440264041419141, 5560230.794277056120336 ], [ 532952.955971923889592, 5560232.822817103005946 ], [ 533036.868493894580752, 5560236.856561018154025 ], [ 533079.617312101414427, 5560241.703129401430488 ], [ 533101.231571011827327, 5560248.597950126044452 ], [ 533119.606989198364317, 5560255.183609284460545 ], [ 533135.830867714365013, 5560258.798233959823847 ], [ 533147.745594118605368, 5560258.605548528954387 ], [ 533175.995307477656752, 5560244.193138678558171 ], [ 533267.508579379064031, 5560201.5661446955055 ], [ 533340.349262292613275, 5560172.678260218352079 ], [ 533373.678996782866307, 5560158.810190675780177 ], [ 533472.668554587522522, 5560132.178502482362092 ], [ 533506.459997061290778, 5560116.501731876283884 ], [ 533522.907531623961404, 5560108.432660561986268 ], [ 533555.901575483148918, 5560075.483060095459223 ], [ 533576.943534471094608, 5560061.082930942066014 ], [ 533619.895605695899576, 5560037.292042625136673 ], [ 533632.717497874749824, 5560026.920976437628269 ], [ 533640.052938885753974, 5560018.33882032521069 ], [ 533652.854744985001162, 5560011.158886223100126 ], [ 533667.44964723859448, 5560007.159294158220291 ], [ 533713.145159354666248, 5559982.018838531337678 ], [ 533742.388393003726378, 5559966.759520968422294 ], [ 533764.751471385010518, 5559959.184571614488959 ], [ 533846.983459805138409, 5559990.128863863646984 ], [ 533914.221960996976122, 5560014.629838374443352 ], [ 533957.353201570222154, 5560035.797758612781763 ], [ 534015.012444313266315, 5560063.407903825864196 ], [ 534029.543595032184385, 5560069.405066744424403 ], [ 534039.567029576632194, 5560068.112600913271308 ], [ 534067.889692705706693, 5560055.117497619241476 ], [ 534086.180415620445274, 5560042.525312096811831 ], [ 534099.003215674776584, 5560032.155364903621376 ], [ 534119.173836361034773, 5560011.402710705064237 ], [ 534130.630721865221858, 5559999.211653563193977 ], [ 534160.37273622083012, 5559977.597626910544932 ], [ 534230.741038676002063, 5559940.355456500314176 ], [ 534278.237960024387576, 5559919.779159474186599 ], [ 534314.787713113124482, 5559900.934028752148151 ], [ 534352.264385597780347, 5559881.194470673799515 ], [ 534376.916306802420877, 5559870.912640472874045 ], [ 534427.975776078179479, 5559862.614049334079027 ], [ 534475.365453215665184, 5559858.828823449090123 ], [ 534519.083909670705907, 5559858.656200123019516 ], [ 534542.754373803152703, 5559861.078038636595011 ], [ 534579.202145801740699, 5559858.145653085783124 ], [ 534668.493173617287539, 5559853.72266895044595 ], [ 534706.725924952072091, 5559856.240078448317945 ], [ 534744.956856784643605, 5559860.125415625981987 ], [ 534774.988708855351433, 5559863.501581324264407 ], [ 534795.758487345767207, 5559862.992363939993083 ], [ 534810.355645401403308, 5559859.941040799953043 ], [ 534825.991440494428389, 5559855.262024888768792 ], [ 534874.050916119012982, 5559854.998400582000613 ], [ 534893.282272266107611, 5559853.956882894970477 ] ] } },
{ "type": "Feature", "properties": { "full_id": "w473580272", "osm_id": "473580272", "osm_type": "way", "highway": "track", "service": null, "embankment": null, "footway": null, "sport": null, "description": null, "sac_scale": null, "mtb:scale:uphill": null, "mtb:scale": null, "incline": null, "tracktype": null, "wheelchair": null, "motor_vehicle": null, "horse": null, "foot": null, "bicycle": null, "lit": null, "junction": null, "old_ref": null, "oneway": null, "layer": null, "bridge": null, "int_name": null, "width": null, "name:uk": null, "name:ru": null, "name:en": null, "smoothness": null, "addr:city": null, "name:etymology:wikidata": null, "cutting": null, "surface": null, "ref_1": null, "ref": null, "name": null, "maxspeed": null, "lanes": null }, "geometry": { "type": "LineString", "coordinates": [ [ 536149.770048619015142, 5560497.09401276614517 ], [ 536151.271378295030445, 5560469.417230062186718 ], [ 536153.947863363078795, 5560444.228026726283133 ], [ 536154.983287541428581, 5560426.299680286087096 ], [ 536153.368848036974669, 5560394.954620315693319 ], [ 536152.5810658831615, 5560377.469782711938024 ], [ 536151.7877254600171, 5560359.751403423957527 ], [ 536145.705331052420661, 5560350.403274831362069 ], [ 536137.370652970857918, 5560337.403863867744803 ], [ 536128.378476189915091, 5560320.308114862069488 ], [ 536115.761273280368187, 5560300.930577190592885 ], [ 536104.444262408767827, 5560290.85759353172034 ], [ 536098.096350355190225, 5560286.956160672008991 ], [ 536089.03468962374609, 5560280.078613753430545 ], [ 536081.796170264133252, 5560272.768668642267585 ], [ 536069.336356178973801, 5560263.833299993537366 ], [ 536060.469213878968731, 5560261.94966958463192 ], [ 536040.463954104227014, 5560257.277537365444005 ], [ 536019.066212803125381, 5560256.899213217198849 ], [ 535950.279517604503781, 5560260.526135982014239 ], [ 535931.384616292081773, 5560259.486791759729385 ], [ 535848.351364415604621, 5560249.164297443814576 ], [ 535831.07512295676861, 5560245.189607016742229 ], [ 535749.785689050680958, 5560212.174874687567353 ], [ 535723.416479690000415, 5560205.87115415558219 ], [ 535611.376503790263087, 5560173.552955358289182 ], [ 535538.063897297834046, 5560139.68307292368263 ], [ 535520.580307958880439, 5560131.393745220266283 ], [ 535501.024933718261309, 5560127.627312485128641 ], [ 535432.842425125883892, 5560122.881052645854652 ], [ 535369.213918170309626, 5560122.457948473282158 ], [ 535335.611476122634485, 5560126.015355099923909 ], [ 535299.817578878602944, 5560133.883827401325107 ], [ 535276.741956944577396, 5560143.182227383367717 ], [ 535255.276061857584864, 5560155.18224289175123 ], [ 535233.758385074790567, 5560173.942500112578273 ], [ 535212.246228333795443, 5560191.891175057739019 ], [ 535197.572355975513346, 5560200.166926495730877 ], [ 535162.841000907472335, 5560211.545898620970547 ], [ 535140.046061211032793, 5560218.422745371237397 ], [ 535112.904271515435539, 5560228.506715548224747 ], [ 535049.831969655817375, 5560226.200812485069036 ], [ 535027.140363284153864, 5560218.490381223149598 ], [ 534991.259173902100883, 5560198.540013180114329 ], [ 534953.675977644161321, 5560177.933799809776247 ], [ 534940.780675140325911, 5560170.866269560530782 ], [ 534915.818008911795914, 5560152.377994536422193 ], [ 534900.231757866335101, 5560135.463514066301286 ], [ 534894.405767208896577, 5560130.188165969215333 ], [ 534894.765534995240159, 5560123.218765165656805 ], [ 534916.1204295308562, 5560085.586745038628578 ], [ 534917.2423354286002, 5560077.788401948288083 ], [ 534910.759603443439119, 5560059.443632065318525 ], [ 534896.332325784955174, 5560049.719792016781867 ], [ 534879.990370183833875, 5560038.048701158724725 ], [ 534868.501052311970852, 5560022.239729629829526 ], [ 534862.752181089133956, 5560014.974581733345985 ], [ 534849.270520576043054, 5560007.981275646947324 ], [ 534830.949725014274009, 5560003.046758107841015 ], [ 534797.262831437052228, 5559984.524226380512118 ], [ 534784.420326203107834, 5559978.013390902429819 ], [ 534772.203187703154981, 5559975.209373808465898 ], [ 534756.277152909548022, 5559973.014967184513807 ], [ 534737.007217331090942, 5559965.817376439459622 ], [ 534701.179225983796641, 5559953.708402844145894 ], [ 534689.145256570191123, 5559946.880611996166408 ], [ 534669.739122260711156, 5559935.357001415453851 ], [ 534649.162214806652628, 5559930.408423561602831 ], [ 534634.370070496574044, 5559927.265510006807745 ], [ 534610.887720050406642, 5559923.41010344773531 ], [ 534585.410099402652122, 5559929.993907963857055 ], [ 534550.243347940617241, 5559940.20652973279357 ], [ 534539.594682601396926, 5559943.184103372506797 ], [ 534530.865934442146681, 5559948.420232709497213 ], [ 534516.749204868916422, 5559965.51900892984122 ], [ 534506.227316164993681, 5559974.279465526342392 ], [ 534501.062053778441623, 5559976.013946962542832 ], [ 534489.556933137238957, 5559962.451788651756942 ], [ 534479.308425171882845, 5559954.357331012375653 ], [ 534466.610931698814966, 5559950.739203706383705 ], [ 534450.362406379193999, 5559948.710414946079254 ], [ 534413.603643068112433, 5559955.68906067404896 ], [ 534379.395782846724615, 5559967.832628682255745 ], [ 534319.934126744628884, 5560000.68433356564492 ], [ 534298.579199508065358, 5560016.769654002971947 ], [ 534233.796558708301745, 5560075.762670391239226 ], [ 534205.454393332474865, 5560101.744014182128012 ], [ 534195.700755363563076, 5560115.491422837600112 ], [ 534183.968354033539072, 5560137.254217431880534 ], [ 534165.714168426697142, 5560171.973543424159288 ], [ 534160.110568599076942, 5560192.00777075253427 ], [ 534147.908994978293777, 5560236.884486343711615 ], [ 534141.180747473961674, 5560257.556434868834913 ], [ 534140.327821396640502, 5560264.778456487692893 ], [ 534140.279404858709313, 5560272.32809495460242 ], [ 534141.842204144224524, 5560279.076363724656403 ], [ 534144.374672532314435, 5560285.997640606947243 ], [ 534166.344285534927621, 5560325.155936734750867 ], [ 534175.902744037215598, 5560340.628531179390848 ], [ 534181.016000060015358, 5560346.921481316909194 ], [ 534187.576131417881697, 5560353.546185804530978 ], [ 534197.02287875500042, 5560360.8343560770154 ], [ 534214.501271304441616, 5560372.34386670589447 ], [ 534244.028555068303831, 5560390.502390787005424 ], [ 534259.497006688266993, 5560397.08442603982985 ], [ 534267.790057527716272, 5560400.607002074830234 ], [ 534294.169492523069493, 5560404.312793235294521 ], [ 534315.397585372440517, 5560407.663048590533435 ], [ 534329.194942218251526, 5560415.457630667835474 ], [ 534341.797193636535667, 5560432.573568969964981 ] ] } },
{ "type": "Feature", "properties": { "full_id": "w473580273", "osm_id": "473580273", "osm_type": "way", "highway": "track", "service": null, "embankment": null, "footway": null, "sport": null, "description": null, "sac_scale": null, "mtb:scale:uphill": null, "mtb:scale": null, "incline": null, "tracktype": null, "wheelchair": null, "motor_vehicle": null, "horse": null, "foot": null, "bicycle": null, "lit": null, "junction": null, "old_ref": null, "oneway": null, "layer": null, "bridge": null, "int_name": null, "width": null, "name:uk": null, "name:ru": null, "name:en": null, "smoothness": null, "addr:city": null, "name:etymology:wikidata": null, "cutting": null, "surface": null, "ref_1": null, "ref": null, "name": null, "maxspeed": null, "lanes": null }, "geometry": { "type": "LineString", "coordinates": [ [ 535027.140363284153864, 5560218.490381223149598 ], [ 534961.069390966906212, 5560217.344441342167556 ], [ 534894.431083117728122, 5560215.628522045910358 ], [ 534846.392023210413754, 5560225.265573807060719 ], [ 534802.533836055546999, 5560235.252845456823707 ], [ 534752.314973725238815, 5560233.323611304163933 ], [ 534720.182957609184086, 5560222.839782151393592 ], [ 534688.069653297774494, 5560209.465270767919719 ], [ 534673.995023713912815, 5560194.918583398684859 ], [ 534656.159000153653324, 5560164.936197121627629 ], [ 534647.227308182278648, 5560152.035353468731046 ], [ 534620.235734570189379, 5560143.509219476021826 ], [ 534561.315581307862885, 5560142.492592786438763 ], [ 534533.298890606034547, 5560142.3107844972983 ], [ 534487.609104909701273, 5560137.511321214959025 ], [ 534443.842262959224172, 5560133.380725854076445 ], [ 534419.328677441459149, 5560138.993059700354934 ], [ 534393.508277900400572, 5560149.11146714258939 ], [ 534370.210060330922715, 5560166.618325356394053 ], [ 534340.392731772735715, 5560196.614590956829488 ], [ 534322.215351384482346, 5560219.291771261952817 ], [ 534314.97009567101486, 5560243.651755454018712 ], [ 534311.262091718264855, 5560269.635714796371758 ], [ 534301.749914695741609, 5560296.872104933485389 ], [ 534280.948756902478635, 5560326.915681908838451 ], [ 534264.060937930596992, 5560348.967566667124629 ], [ 534257.527682096930221, 5560363.691846299916506 ], [ 534253.859239249606617, 5560383.582767190411687 ], [ 534259.497006688266993, 5560397.08442603982985 ] ] } },
{ "type": "Feature", "properties": { "full_id": "w474327517", "osm_id": "474327517", "osm_type": "way", "highway": "path", "service": null, "embankment": null, "footway": null, "sport": null, "description": null, "sac_scale": null, "mtb:scale:uphill": null, "mtb:scale": null, "incline": null, "tracktype": null, "wheelchair": null, "motor_vehicle": null, "horse": null, "foot": null, "bicycle": null, "lit": null, "junction": null, "old_ref": null, "oneway": null, "layer": null, "bridge": null, "int_name": null, "width": null, "name:uk": null, "name:ru": null, "name:en": null, "smoothness": null, "addr:city": null, "name:etymology:wikidata": null, "cutting": null, "surface": null, "ref_1": null, "ref": null, "name": null, "maxspeed": null, "lanes": null }, "geometry": { "type": "LineString", "coordinates": [ [ 536724.046078582410701, 5560684.671026638709009 ], [ 536725.952813571784645, 5560685.562605780549347 ], [ 536730.493901939946227, 5560687.4063834939152 ], [ 536739.659491219674237, 5560693.485172968357801 ] ] } },
{ "type": "Feature", "properties": { "full_id": "w474327518", "osm_id": "474327518", "osm_type": "way", "highway": "path", "service": null, "embankment": null, "footway": null, "sport": null, "description": null, "sac_scale": null, "mtb:scale:uphill": null, "mtb:scale": null, "incline": null, "tracktype": null, "wheelchair": null, "motor_vehicle": null, "horse": null, "foot": null, "bicycle": null, "lit": null, "junction": null, "old_ref": null, "oneway": null, "layer": null, "bridge": null, "int_name": null, "width": null, "name:uk": null, "name:ru": null, "name:en": null, "smoothness": null, "addr:city": null, "name:etymology:wikidata": null, "cutting": null, "surface": null, "ref_1": null, "ref": null, "name": null, "maxspeed": null, "lanes": null }, "geometry": { "type": "LineString", "coordinates": [ [ 537089.86421557131689, 5560675.487765774130821 ], [ 537111.728778440621682, 5560681.35548169631511 ], [ 537126.073058027192019, 5560683.746086631901562 ], [ 537142.214688939857297, 5560675.074453022330999 ], [ 537157.058743069879711, 5560676.423414933495224 ] ] } },
{ "type": "Feature", "properties": { "full_id": "w474327519", "osm_id": "474327519", "osm_type": "way", "highway": "track", "service": null, "embankment": null, "footway": null, "sport": null, "description": null, "sac_scale": null, "mtb:scale:uphill": null, "mtb:scale": null, "incline": null, "tracktype": null, "wheelchair": null, "motor_vehicle": null, "horse": null, "foot": null, "bicycle": null, "lit": null, "junction": null, "old_ref": null, "oneway": null, "layer": null, "bridge": null, "int_name": null, "width": null, "name:uk": null, "name:ru": null, "name:en": null, "smoothness": null, "addr:city": null, "name:etymology:wikidata": null, "cutting": null, "surface": null, "ref_1": null, "ref": null, "name": null, "maxspeed": null, "lanes": null }, "geometry": { "type": "LineString", "coordinates": [ [ 537471.698219030979089, 5560560.241890079341829 ], [ 537463.17645420122426, 5560520.57495595049113 ], [ 537431.599655759637244, 5560418.900329328142107 ], [ 537427.502479852875695, 5560385.391314148902893 ], [ 537415.754782752948813, 5560361.813655748963356 ], [ 537412.573456238606013, 5560352.351013377308846 ], [ 537412.992103081662208, 5560344.581567114219069 ] ] } },
{ "type": "Feature", "properties": { "full_id": "w474327520", "osm_id": "474327520", "osm_type": "way", "highway": "service", "service": null, "embankment": null, "footway": null, "sport": null, "description": null, "sac_scale": null, "mtb:scale:uphill": null, "mtb:scale": null, "incline": null, "tracktype": null, "wheelchair": null, "motor_vehicle": null, "horse": null, "foot": null, "bicycle": null, "lit": null, "junction": null, "old_ref": null, "oneway": "no", "layer": null, "bridge": null, "int_name": null, "width": null, "name:uk": null, "name:ru": null, "name:en": null, "smoothness": null, "addr:city": null, "name:etymology:wikidata": null, "cutting": null, "surface": "asphalt", "ref_1": null, "ref": null, "name": null, "maxspeed": null, "lanes": null }, "geometry": { "type": "LineString", "coordinates": [ [ 536944.509529312257655, 5560826.121821461245418 ], [ 536951.896889645722695, 5560890.876277034170926 ], [ 536953.046335297054611, 5560902.13698395807296 ] ] } },
{ "type": "Feature", "properties": { "full_id": "w474597225", "osm_id": "474597225", "osm_type": "way", "highway": "footway", "service": null, "embankment": null, "footway": "sidewalk", "sport": null, "description": null, "sac_scale": null, "mtb:scale:uphill": null, "mtb:scale": null, "incline": null, "tracktype": null, "wheelchair": null, "motor_vehicle": null, "horse": null, "foot": null, "bicycle": null, "lit": null, "junction": null, "old_ref": null, "oneway": null, "layer": null, "bridge": null, "int_name": null, "width": null, "name:uk": null, "name:ru": null, "name:en": null, "smoothness": null, "addr:city": null, "name:etymology:wikidata": null, "cutting": null, "surface": "sand", "ref_1": null, "ref": null, "name": null, "maxspeed": null, "lanes": null }, "geometry": { "type": "LineString", "coordinates": [ [ 538205.971377186127938, 5560817.180695734918118 ], [ 538025.768597671063617, 5560837.506201410666108 ], [ 538008.239146757405251, 5560839.482547235675156 ], [ 537979.519134609028697, 5560843.324968907050788 ], [ 537972.440566809964366, 5560843.074316299520433 ], [ 537961.073081401176751, 5560842.726366498507559 ], [ 537944.266425958834589, 5560845.441952649503946 ], [ 537942.349650912801735, 5560847.996851051226258 ], [ 537950.540536735905334, 5560914.470942766405642 ] ] } },
{ "type": "Feature", "properties": { "full_id": "w474597226", "osm_id": "474597226", "osm_type": "way", "highway": "footway", "service": null, "embankment": null, "footway": "sidewalk", "sport": null, "description": null, "sac_scale": null, "mtb:scale:uphill": null, "mtb:scale": null, "incline": null, "tracktype": null, "wheelchair": null, "motor_vehicle": null, "horse": null, "foot": null, "bicycle": null, "lit": "yes", "junction": null, "old_ref": null, "oneway": null, "layer": null, "bridge": null, "int_name": null, "width": null, "name:uk": null, "name:ru": null, "name:en": null, "smoothness": null, "addr:city": null, "name:etymology:wikidata": null, "cutting": null, "surface": "asphalt", "ref_1": null, "ref": null, "name": null, "maxspeed": null, "lanes": null }, "geometry": { "type": "LineString", "coordinates": [ [ 537950.540536735905334, 5560914.470942766405642 ], [ 537966.377532496931963, 5560914.583888542838395 ], [ 538204.813226461759768, 5560940.741452093236148 ] ] } },
{ "type": "Feature", "properties": { "full_id": "w480465031", "osm_id": "480465031", "osm_type": "way", "highway": "primary", "service": null, "embankment": null, "footway": null, "sport": null, "description": null, "sac_scale": null, "mtb:scale:uphill": null, "mtb:scale": null, "incline": null, "tracktype": null, "wheelchair": null, "motor_vehicle": null, "horse": null, "foot": null, "bicycle": null, "lit": null, "junction": null, "old_ref": null, "oneway": null, "layer": "1", "bridge": "yes", "int_name": null, "width": null, "name:uk": null, "name:ru": null, "name:en": null, "smoothness": null, "addr:city": null, "name:etymology:wikidata": null, "cutting": null, "surface": "asphalt", "ref_1": "P-194", "ref": "20К-В38-0", "name": "Мост Ростовское шоссе", "maxspeed": null, "lanes": null }, "geometry": { "type": "LineString", "coordinates": [ [ 536343.726804115111008, 5560124.98514917679131 ], [ 536365.72416567534674, 5560260.245595671236515 ] ] } },
{ "type": "Feature", "properties": { "full_id": "w480465032", "osm_id": "480465032", "osm_type": "way", "highway": "residential", "service": null, "embankment": null, "footway": null, "sport": null, "description": null, "sac_scale": null, "mtb:scale:uphill": null, "mtb:scale": null, "incline": null, "tracktype": null, "wheelchair": null, "motor_vehicle": null, "horse": null, "foot": null, "bicycle": null, "lit": null, "junction": null, "old_ref": null, "oneway": null, "layer": null, "bridge": null, "int_name": null, "width": null, "name:uk": "Жовтнева вулиця", "name:ru": "Октябрьская улица", "name:en": "Oktyabrskaya Street", "smoothness": null, "addr:city": null, "name:etymology:wikidata": "Q42976", "cutting": null, "surface": null, "ref_1": null, "ref": null, "name": "Октябрьская улица", "maxspeed": null, "lanes": null }, "geometry": { "type": "LineString", "coordinates": [ [ 536782.119357213610783, 5561509.57881355471909 ], [ 536826.322025650297292, 5561500.444241071119905 ], [ 536880.193541675922461, 5561487.385204810649157 ], [ 536960.801123995101079, 5561472.988996191881597 ], [ 536997.251815382624045, 5561467.260104919783771 ] ] } },
{ "type": "Feature", "properties": { "full_id": "w480465033", "osm_id": "480465033", "osm_type": "way", "highway": "residential", "service": null, "embankment": null, "footway": null, "sport": null, "description": null, "sac_scale": null, "mtb:scale:uphill": null, "mtb:scale": null, "incline": null, "tracktype": null, "wheelchair": null, "motor_vehicle": null, "horse": null, "foot": null, "bicycle": null, "lit": null, "junction": null, "old_ref": null, "oneway": null, "layer": null, "bridge": null, "int_name": null, "width": null, "name:uk": null, "name:ru": null, "name:en": null, "smoothness": null, "addr:city": null, "name:etymology:wikidata": null, "cutting": null, "surface": "unpaved", "ref_1": null, "ref": null, "name": "улица Большевик", "maxspeed": "20", "lanes": null }, "geometry": { "type": "LineString", "coordinates": [ [ 534636.818615643656813, 5560394.655922085046768 ], [ 534639.514802790130489, 5560390.570469427853823 ], [ 534643.775284041534178, 5560384.12680188100785 ], [ 534705.430950941285118, 5560383.383127267472446 ], [ 534778.190345510724001, 5560383.101870480924845 ], [ 534936.126310772378929, 5560387.349493238143623 ], [ 534956.647037113900296, 5560376.631829988211393 ], [ 535021.368805456440896, 5560378.58056537527591 ], [ 535098.621680668671615, 5560377.766169317066669 ], [ 535144.330790153937414, 5560370.606729115359485 ], [ 535170.792294394923374, 5560367.234452635981143 ], [ 535209.362205371959135, 5560365.676981951110065 ], [ 535234.351198450429365, 5560365.864559091627598 ], [ 535264.212893355637789, 5560366.440345974639058 ], [ 535387.561021758825518, 5560358.474678399041295 ], [ 535436.961221613222733, 5560358.803298947401345 ], [ 535523.823809320223518, 5560367.399219301529229 ], [ 535590.033701825188473, 5560372.044539709575474 ], [ 535611.074097223463468, 5560375.621099068783224 ], [ 535650.887678999337368, 5560377.03286787122488 ], [ 535665.401018166798167, 5560382.100391618907452 ], [ 535687.557249877136201, 5560390.643918424844742 ], [ 535703.150554949650541, 5560406.026336872950196 ], [ 535721.088274851674214, 5560414.541713583283126 ], [ 535736.81925134640187, 5560410.455337037332356 ], [ 535756.422824560664594, 5560398.366913370788097 ], [ 535772.100080781732686, 5560402.286145227961242 ], [ 535792.690589254372753, 5560415.411845277063549 ], [ 535808.812855732743628, 5560409.404680011793971 ], [ 535830.256931242533028, 5560409.170918616466224 ], [ 535876.564330745022744, 5560412.918659210205078 ], [ 535880.739499550662003, 5560418.295164053328335 ], [ 535879.742153591127135, 5560456.127287557348609 ] ] } },
{ "type": "Feature", "properties": { "full_id": "w480465034", "osm_id": "480465034", "osm_type": "way", "highway": "tertiary", "service": null, "embankment": null, "footway": null, "sport": null, "description": null, "sac_scale": null, "mtb:scale:uphill": null, "mtb:scale": null, "incline": null, "tracktype": null, "wheelchair": null, "motor_vehicle": null, "horse": null, "foot": null, "bicycle": null, "lit": null, "junction": null, "old_ref": null, "oneway": null, "layer": null, "bridge": null, "int_name": null, "width": null, "name:uk": null, "name:ru": null, "name:en": null, "smoothness": null, "addr:city": "Россошь", "name:etymology:wikidata": null, "cutting": null, "surface": "asphalt", "ref_1": null, "ref": "20Н-5-27", "name": "улица Большевик", "maxspeed": "40", "lanes": null }, "geometry": { "type": "LineString", "coordinates": [ [ 535879.742153591127135, 5560456.127287557348609 ], [ 536080.151613133959472, 5560486.970162138342857 ], [ 536149.770048619015142, 5560497.09401276614517 ], [ 536290.885369659401476, 5560517.057040683925152 ], [ 536384.047133328858763, 5560532.937521506100893 ], [ 536408.182121381396428, 5560533.691863779909909 ] ] } },
{ "type": "Feature", "properties": { "full_id": "w480693611", "osm_id": "480693611", "osm_type": "way", "highway": "service", "service": null, "embankment": null, "footway": null, "sport": null, "description": null, "sac_scale": null, "mtb:scale:uphill": null, "mtb:scale": null, "incline": null, "tracktype": null, "wheelchair": null, "motor_vehicle": null, "horse": null, "foot": null, "bicycle": null, "lit": null, "junction": null, "old_ref": null, "oneway": null, "layer": null, "bridge": null, "int_name": null, "width": null, "name:uk": null, "name:ru": null, "name:en": null, "smoothness": null, "addr:city": null, "name:etymology:wikidata": null, "cutting": null, "surface": "gravel", "ref_1": null, "ref": null, "name": null, "maxspeed": "20", "lanes": null }, "geometry": { "type": "LineString", "coordinates": [ [ 537970.511196612846106, 5562325.578901150263846 ], [ 537953.642350696609356, 5562353.668309582397342 ], [ 537956.52916503988672, 5562361.094389427453279 ], [ 537986.361467956798151, 5562377.207982930354774 ] ] } },
{ "type": "Feature", "properties": { "full_id": "w480693613", "osm_id": "480693613", "osm_type": "way", "highway": "residential", "service": null, "embankment": null, "footway": null, "sport": null, "description": null, "sac_scale": null, "mtb:scale:uphill": null, "mtb:scale": null, "incline": null, "tracktype": null, "wheelchair": null, "motor_vehicle": null, "horse": null, "foot": null, "bicycle": null, "lit": null, "junction": null, "old_ref": null, "oneway": null, "layer": null, "bridge": null, "int_name": null, "width": null, "name:uk": null, "name:ru": null, "name:en": null, "smoothness": null, "addr:city": null, "name:etymology:wikidata": null, "cutting": null, "surface": null, "ref_1": null, "ref": null, "name": null, "maxspeed": null, "lanes": null }, "geometry": { "type": "LineString", "coordinates": [ [ 537175.247132268967107, 5562251.467312248423696 ], [ 537181.56884911947418, 5562256.626378850080073 ], [ 537187.802120858803391, 5562268.311878578737378 ], [ 537193.480564834899269, 5562277.702926279976964 ] ] } },
{ "type": "Feature", "properties": { "full_id": "w481433551", "osm_id": "481433551", "osm_type": "way", "highway": "service", "service": null, "embankment": null, "footway": null, "sport": null, "description": null, "sac_scale": null, "mtb:scale:uphill": null, "mtb:scale": null, "incline": null, "tracktype": null, "wheelchair": null, "motor_vehicle": null, "horse": null, "foot": null, "bicycle": null, "lit": null, "junction": null, "old_ref": null, "oneway": null, "layer": null, "bridge": null, "int_name": null, "width": null, "name:uk": null, "name:ru": null, "name:en": null, "smoothness": null, "addr:city": null, "name:etymology:wikidata": null, "cutting": null, "surface": "unpaved", "ref_1": null, "ref": null, "name": null, "maxspeed": "20", "lanes": null }, "geometry": { "type": "LineString", "coordinates": [ [ 537470.218231625389308, 5561385.817941417917609 ], [ 537498.109707442694344, 5561395.777161544188857 ], [ 537518.847070507472381, 5561395.033779418095946 ], [ 537557.293976884218864, 5561390.779416025616229 ] ] } },
{ "type": "Feature", "properties": { "full_id": "w498269282", "osm_id": "498269282", "osm_type": "way", "highway": "residential", "service": null, "embankment": null, "footway": null, "sport": null, "description": null, "sac_scale": null, "mtb:scale:uphill": null, "mtb:scale": null, "incline": null, "tracktype": null, "wheelchair": null, "motor_vehicle": null, "horse": null, "foot": null, "bicycle": null, "lit": null, "junction": null, "old_ref": null, "oneway": null, "layer": null, "bridge": null, "int_name": null, "width": null, "name:uk": null, "name:ru": null, "name:en": null, "smoothness": null, "addr:city": "Россошь", "name:etymology:wikidata": null, "cutting": null, "surface": "unpaved", "ref_1": null, "ref": null, "name": null, "maxspeed": "20", "lanes": null }, "geometry": { "type": "LineString", "coordinates": [ [ 535632.471124092116952, 5560859.051730516366661 ], [ 535624.200948989135213, 5560853.414501303806901 ], [ 535617.665820346097462, 5560845.542804605327547 ], [ 535618.258881066576578, 5560829.44608192704618 ] ] } },
{ "type": "Feature", "properties": { "full_id": "w498269731", "osm_id": "498269731", "osm_type": "way", "highway": "residential", "service": null, "embankment": null, "footway": null, "sport": null, "description": null, "sac_scale": null, "mtb:scale:uphill": null, "mtb:scale": null, "incline": null, "tracktype": null, "wheelchair": null, "motor_vehicle": null, "horse": null, "foot": null, "bicycle": null, "lit": null, "junction": null, "old_ref": null, "oneway": null, "layer": null, "bridge": null, "int_name": null, "width": null, "name:uk": null, "name:ru": null, "name:en": null, "smoothness": null, "addr:city": "Россошь", "name:etymology:wikidata": null, "cutting": null, "surface": "unpaved", "ref_1": null, "ref": null, "name": "Ольховатская улица", "maxspeed": "20", "lanes": null }, "geometry": { "type": "LineString", "coordinates": [ [ 535287.405208902433515, 5560818.524827104993165 ], [ 535257.36899196554441, 5560844.678410502150655 ], [ 535255.04995029408019, 5560869.370031321421266 ], [ 535253.245561688323505, 5560888.561031721532345 ], [ 535260.204534367076121, 5560935.952916099689901 ], [ 535259.318091355613433, 5560954.482842448167503 ] ] } },
{ "type": "Feature", "properties": { "full_id": "w498270563", "osm_id": "498270563", "osm_type": "way", "highway": "residential", "service": null, "embankment": null, "footway": null, "sport": null, "description": null, "sac_scale": null, "mtb:scale:uphill": null, "mtb:scale": null, "incline": null, "tracktype": null, "wheelchair": null, "motor_vehicle": null, "horse": null, "foot": null, "bicycle": null, "lit": null, "junction": null, "old_ref": null, "oneway": null, "layer": null, "bridge": null, "int_name": null, "width": null, "name:uk": null, "name:ru": null, "name:en": null, "smoothness": null, "addr:city": null, "name:etymology:wikidata": null, "cutting": null, "surface": null, "ref_1": null, "ref": null, "name": null, "maxspeed": null, "lanes": null }, "geometry": { "type": "LineString", "coordinates": [ [ 534433.857155361678451, 5560361.604925689287484 ], [ 534475.561711823916994, 5560366.455973546952009 ], [ 534523.380176938720979, 5560374.015610592439771 ], [ 534566.599610350560397, 5560380.789705749601126 ], [ 534605.619830105802976, 5560386.769626460038126 ], [ 534639.514802790130489, 5560390.570469427853823 ] ] } },
{ "type": "Feature", "properties": { "full_id": "w504202556", "osm_id": "504202556", "osm_type": "way", "highway": "residential", "service": null, "embankment": null, "footway": null, "sport": null, "description": null, "sac_scale": null, "mtb:scale:uphill": null, "mtb:scale": null, "incline": null, "tracktype": null, "wheelchair": null, "motor_vehicle": null, "horse": null, "foot": null, "bicycle": null, "lit": null, "junction": null, "old_ref": null, "oneway": null, "layer": null, "bridge": null, "int_name": null, "width": null, "name:uk": null, "name:ru": null, "name:en": null, "smoothness": null, "addr:city": null, "name:etymology:wikidata": null, "cutting": null, "surface": "compacted", "ref_1": null, "ref": null, "name": null, "maxspeed": "20", "lanes": null }, "geometry": { "type": "LineString", "coordinates": [ [ 536780.207387930247933, 5561049.960551620461047 ], [ 536783.305262443609536, 5561045.77886800840497 ], [ 536786.364993830327876, 5561034.725199135020375 ], [ 536784.639490689267404, 5561018.990592351183295 ], [ 536780.126592650427483, 5561004.849020842462778 ], [ 536775.50707297353074, 5560981.344272878952324 ], [ 536774.686899914056994, 5560966.794571737758815 ], [ 536775.929183015250601, 5560947.110889551229775 ], [ 536777.465153938392177, 5560919.0119339954108 ] ] } },
{ "type": "Feature", "properties": { "full_id": "w504202560", "osm_id": "504202560", "osm_type": "way", "highway": "residential", "service": null, "embankment": null, "footway": null, "sport": null, "description": null, "sac_scale": null, "mtb:scale:uphill": null, "mtb:scale": null, "incline": null, "tracktype": null, "wheelchair": null, "motor_vehicle": null, "horse": null, "foot": null, "bicycle": null, "lit": null, "junction": null, "old_ref": null, "oneway": null, "layer": null, "bridge": null, "int_name": null, "width": null, "name:uk": null, "name:ru": null, "name:en": null, "smoothness": null, "addr:city": null, "name:etymology:wikidata": null, "cutting": null, "surface": null, "ref_1": null, "ref": null, "name": null, "maxspeed": null, "lanes": null }, "geometry": { "type": "LineString", "coordinates": [ [ 536749.394073197850958, 5561176.385337878018618 ], [ 536755.396114863455296, 5561165.040628313086927 ], [ 536758.673280027927831, 5561153.488076316192746 ], [ 536758.468607220449485, 5561140.755070189014077 ] ] } },
{ "type": "Feature", "properties": { "full_id": "w504202568", "osm_id": "504202568", "osm_type": "way", "highway": "path", "service": null, "embankment": "yes", "footway": null, "sport": null, "description": null, "sac_scale": null, "mtb:scale:uphill": null, "mtb:scale": null, "incline": null, "tracktype": null, "wheelchair": null, "motor_vehicle": null, "horse": null, "foot": null, "bicycle": null, "lit": null, "junction": null, "old_ref": null, "oneway": null, "layer": null, "bridge": null, "int_name": null, "width": "0.5", "name:uk": null, "name:ru": null, "name:en": null, "smoothness": null, "addr:city": null, "name:etymology:wikidata": null, "cutting": null, "surface": null, "ref_1": null, "ref": null, "name": null, "maxspeed": null, "lanes": null }, "geometry": { "type": "LineString", "coordinates": [ [ 536244.068172039231285, 5560784.36786254029721 ], [ 536224.644753510248847, 5560786.804189060814679 ], [ 536210.445047012413852, 5560791.477737529203296 ], [ 536195.311066723545082, 5560792.898141955025494 ], [ 536172.732344179879874, 5560791.221308408305049 ], [ 536142.701132945832796, 5560787.581445487216115 ], [ 536133.993459859630093, 5560786.521589862182736 ] ] } },
{ "type": "Feature", "properties": { "full_id": "w504202582", "osm_id": "504202582", "osm_type": "way", "highway": "service", "service": null, "embankment": null, "footway": null, "sport": null, "description": null, "sac_scale": null, "mtb:scale:uphill": null, "mtb:scale": null, "incline": null, "tracktype": null, "wheelchair": null, "motor_vehicle": null, "horse": null, "foot": null, "bicycle": null, "lit": null, "junction": null, "old_ref": null, "oneway": null, "layer": null, "bridge": null, "int_name": null, "width": null, "name:uk": null, "name:ru": null, "name:en": null, "smoothness": null, "addr:city": null, "name:etymology:wikidata": null, "cutting": null, "surface": null, "ref_1": null, "ref": null, "name": null, "maxspeed": null, "lanes": null }, "geometry": { "type": "LineString", "coordinates": [ [ 536400.13020611833781, 5560891.755399056710303 ], [ 536410.949670003610663, 5560893.95318656321615 ], [ 536425.936439090990461, 5560897.324800811707973 ] ] } },
{ "type": "Feature", "properties": { "full_id": "w565330818", "osm_id": "565330818", "osm_type": "way", "highway": "footway", "service": null, "embankment": null, "footway": null, "sport": null, "description": null, "sac_scale": null, "mtb:scale:uphill": null, "mtb:scale": null, "incline": null, "tracktype": null, "wheelchair": null, "motor_vehicle": null, "horse": null, "foot": null, "bicycle": null, "lit": null, "junction": null, "old_ref": null, "oneway": null, "layer": null, "bridge": null, "int_name": null, "width": null, "name:uk": null, "name:ru": null, "name:en": null, "smoothness": null, "addr:city": null, "name:etymology:wikidata": null, "cutting": null, "surface": null, "ref_1": null, "ref": null, "name": null, "maxspeed": null, "lanes": null }, "geometry": { "type": "LineString", "coordinates": [ [ 536758.468607220449485, 5561140.755070189014077 ], [ 536776.021748451050371, 5561117.57029336784035 ], [ 536778.647825584048405, 5561109.360162326134741 ], [ 536780.485286040813662, 5561098.564906198531389 ], [ 536785.900472479290329, 5561082.312566203065217 ] ] } },
{ "type": "Feature", "properties": { "full_id": "w565343940", "osm_id": "565343940", "osm_type": "way", "highway": "track", "service": null, "embankment": null, "footway": null, "sport": null, "description": null, "sac_scale": null, "mtb:scale:uphill": null, "mtb:scale": null, "incline": null, "tracktype": null, "wheelchair": null, "motor_vehicle": null, "horse": null, "foot": null, "bicycle": null, "lit": null, "junction": null, "old_ref": null, "oneway": null, "layer": null, "bridge": null, "int_name": null, "width": null, "name:uk": null, "name:ru": null, "name:en": null, "smoothness": null, "addr:city": null, "name:etymology:wikidata": null, "cutting": null, "surface": null, "ref_1": null, "ref": null, "name": null, "maxspeed": null, "lanes": null }, "geometry": { "type": "LineString", "coordinates": [ [ 535029.550153911230154, 5561715.435333543457091 ], [ 535015.66287990345154, 5561715.466241336427629 ], [ 535009.092348243808374, 5561711.920439783483744 ], [ 534994.860398386721499, 5561652.594512792304158 ], [ 534986.246840669424273, 5561640.662501459009945 ], [ 534960.247780955280177, 5561628.938712814822793 ], [ 534931.713429359020665, 5561612.05019180290401 ], [ 534905.087923336424865, 5561596.786639507859945 ], [ 534889.149703488219529, 5561573.253839534707367 ], [ 534880.903257268480957, 5561554.252563524991274 ], [ 534860.23303697956726, 5561523.138863838277757 ], [ 534854.127329481765628, 5561513.947721457108855 ], [ 534850.487662536441348, 5561506.329431965015829 ], [ 534843.968523138435557, 5561492.699011400341988 ], [ 534821.65118925832212, 5561410.036943318322301 ], [ 534811.732714406913146, 5561350.906581284478307 ], [ 534810.038985032937489, 5561315.25830006133765 ], [ 534797.677774457610212, 5561292.394113461486995 ] ] } },
{ "type": "Feature", "properties": { "full_id": "w568327878", "osm_id": "568327878", "osm_type": "way", "highway": "footway", "service": null, "embankment": null, "footway": null, "sport": null, "description": null, "sac_scale": null, "mtb:scale:uphill": null, "mtb:scale": null, "incline": null, "tracktype": null, "wheelchair": null, "motor_vehicle": null, "horse": null, "foot": null, "bicycle": null, "lit": null, "junction": null, "old_ref": null, "oneway": null, "layer": null, "bridge": null, "int_name": null, "width": null, "name:uk": null, "name:ru": null, "name:en": null, "smoothness": null, "addr:city": null, "name:etymology:wikidata": null, "cutting": null, "surface": null, "ref_1": null, "ref": null, "name": null, "maxspeed": null, "lanes": null }, "geometry": { "type": "LineString", "coordinates": [ [ 536881.170567224617116, 5560649.11934298556298 ], [ 536881.232718286220916, 5560652.511156781576574 ], [ 536881.112864662078209, 5560657.447290716692805 ] ] } },
{ "type": "Feature", "properties": { "full_id": "w609051995", "osm_id": "609051995", "osm_type": "way", "highway": "primary", "service": null, "embankment": null, "footway": null, "sport": null, "description": null, "sac_scale": null, "mtb:scale:uphill": null, "mtb:scale": null, "incline": null, "tracktype": null, "wheelchair": null, "motor_vehicle": null, "horse": null, "foot": null, "bicycle": null, "lit": null, "junction": null, "old_ref": null, "oneway": null, "layer": null, "bridge": null, "int_name": null, "width": null, "name:uk": null, "name:ru": null, "name:en": null, "smoothness": null, "addr:city": null, "name:etymology:wikidata": null, "cutting": null, "surface": null, "ref_1": null, "ref": null, "name": null, "maxspeed": null, "lanes": null }, "geometry": { "type": "LineString", "coordinates": [ [ 536371.907180464360863, 5561743.077560324221849 ], [ 536389.932681803358719, 5561745.246754539199173 ], [ 536399.48552013549488, 5561748.747956497594714 ], [ 536404.620547264465131, 5561753.364236338064075 ], [ 536407.651857470162213, 5561757.765979371033609 ], [ 536415.951937178499065, 5561775.391266671009362 ], [ 536425.584511351305991, 5561794.337766878306866 ] ] } },
{ "type": "Feature", "properties": { "full_id": "w609051996", "osm_id": "609051996", "osm_type": "way", "highway": "primary_link", "service": null, "embankment": null, "footway": null, "sport": null, "description": null, "sac_scale": null, "mtb:scale:uphill": null, "mtb:scale": null, "incline": null, "tracktype": null, "wheelchair": null, "motor_vehicle": null, "horse": null, "foot": null, "bicycle": null, "lit": null, "junction": null, "old_ref": null, "oneway": null, "layer": null, "bridge": null, "int_name": null, "width": null, "name:uk": null, "name:ru": null, "name:en": null, "smoothness": null, "addr:city": null, "name:etymology:wikidata": null, "cutting": null, "surface": null, "ref_1": null, "ref": null, "name": null, "maxspeed": null, "lanes": null }, "geometry": { "type": "LineString", "coordinates": [ [ 536420.440874008578248, 5561665.874680327251554 ], [ 536429.233119012205862, 5561680.423308251425624 ], [ 536431.821966321323998, 5561683.787940608337522 ], [ 536435.082960090716369, 5561686.95702925696969 ], [ 536439.885999747086316, 5561690.036606235429645 ], [ 536444.275780771742575, 5561691.979188951663673 ], [ 536449.150216689216904, 5561692.968835623934865 ], [ 536453.456441508722492, 5561693.565418711863458 ], [ 536458.335445260396227, 5561693.887947309762239 ], [ 536481.640164941549301, 5561693.191487679257989 ] ] } },
{ "type": "Feature", "properties": { "full_id": "w653552785", "osm_id": "653552785", "osm_type": "way", "highway": "residential", "service": null, "embankment": null, "footway": null, "sport": null, "description": null, "sac_scale": null, "mtb:scale:uphill": null, "mtb:scale": null, "incline": null, "tracktype": null, "wheelchair": null, "motor_vehicle": null, "horse": null, "foot": null, "bicycle": null, "lit": null, "junction": null, "old_ref": null, "oneway": null, "layer": null, "bridge": null, "int_name": null, "width": null, "name:uk": null, "name:ru": null, "name:en": null, "smoothness": null, "addr:city": null, "name:etymology:wikidata": null, "cutting": null, "surface": null, "ref_1": null, "ref": null, "name": null, "maxspeed": null, "lanes": null }, "geometry": { "type": "LineString", "coordinates": [ [ 533457.565871526952833, 5560986.972733067348599 ], [ 533471.586022818344645, 5560999.014042971655726 ], [ 533479.690851747523993, 5561007.426670351065695 ], [ 533484.033494758303277, 5561015.982428267598152 ], [ 533486.637192391557619, 5561028.674716324545443 ], [ 533482.331846507149749, 5561052.765210487879813 ], [ 533476.113406677148305, 5561031.532866738736629 ], [ 533463.925322117982432, 5561027.797997268848121 ], [ 533437.064905068604276, 5561024.949447587132454 ], [ 533414.381021903012879, 5561020.748470788821578 ] ] } },
{ "type": "Feature", "properties": { "full_id": "w653552786", "osm_id": "653552786", "osm_type": "way", "highway": "residential", "service": null, "embankment": null, "footway": null, "sport": null, "description": null, "sac_scale": null, "mtb:scale:uphill": null, "mtb:scale": null, "incline": null, "tracktype": null, "wheelchair": null, "motor_vehicle": null, "horse": null, "foot": null, "bicycle": null, "lit": null, "junction": null, "old_ref": null, "oneway": null, "layer": null, "bridge": null, "int_name": null, "width": null, "name:uk": null, "name:ru": null, "name:en": null, "smoothness": null, "addr:city": null, "name:etymology:wikidata": null, "cutting": null, "surface": null, "ref_1": null, "ref": null, "name": null, "maxspeed": null, "lanes": null }, "geometry": { "type": "LineString", "coordinates": [ [ 533482.331846507149749, 5561052.765210487879813 ], [ 533484.140143590397201, 5561076.171419725753367 ], [ 533485.581927315099165, 5561095.438975582830608 ], [ 533485.943875779747032, 5561100.30035104136914 ], [ 533495.752214459585957, 5561133.986588736064732 ], [ 533506.415694553754292, 5561147.45237157586962 ], [ 533509.531649744021706, 5561156.978922297246754 ], [ 533508.028734843828715, 5561163.307414579205215 ], [ 533501.163284422247671, 5561166.666674388572574 ] ] } },
{ "type": "Feature", "properties": { "full_id": "w653552787", "osm_id": "653552787", "osm_type": "way", "highway": "residential", "service": null, "embankment": null, "footway": null, "sport": null, "description": null, "sac_scale": null, "mtb:scale:uphill": null, "mtb:scale": null, "incline": null, "tracktype": null, "wheelchair": null, "motor_vehicle": null, "horse": null, "foot": null, "bicycle": null, "lit": null, "junction": null, "old_ref": null, "oneway": null, "layer": null, "bridge": null, "int_name": null, "width": null, "name:uk": null, "name:ru": null, "name:en": null, "smoothness": null, "addr:city": null, "name:etymology:wikidata": null, "cutting": null, "surface": null, "ref_1": null, "ref": null, "name": null, "maxspeed": null, "lanes": null }, "geometry": { "type": "LineString", "coordinates": [ [ 533425.418854719027877, 5561171.271896995604038 ], [ 533442.895388564211316, 5561146.563594833016396 ], [ 533455.039143146248534, 5561119.842603631317616 ], [ 533468.793741989065893, 5561108.23166692070663 ], [ 533485.581927315099165, 5561095.438975582830608 ] ] } },
{ "type": "Feature", "properties": { "full_id": "w653552792", "osm_id": "653552792", "osm_type": "way", "highway": "residential", "service": null, "embankment": null, "footway": null, "sport": null, "description": null, "sac_scale": null, "mtb:scale:uphill": null, "mtb:scale": null, "incline": null, "tracktype": null, "wheelchair": null, "motor_vehicle": null, "horse": null, "foot": null, "bicycle": null, "lit": null, "junction": null, "old_ref": null, "oneway": null, "layer": null, "bridge": null, "int_name": null, "width": null, "name:uk": null, "name:ru": null, "name:en": null, "smoothness": null, "addr:city": null, "name:etymology:wikidata": null, "cutting": null, "surface": null, "ref_1": null, "ref": null, "name": null, "maxspeed": null, "lanes": null }, "geometry": { "type": "LineString", "coordinates": [ [ 533313.215367105090991, 5561191.327948044985533 ], [ 533340.910950138932094, 5561312.500704338774085 ], [ 533359.091462865239009, 5561398.499487454071641 ], [ 533364.818497263011523, 5561413.879915255121887 ], [ 533374.331023727660067, 5561423.068444891832769 ], [ 533383.866953836055472, 5561428.521080481819808 ], [ 533393.842793423566036, 5561429.829024287872016 ], [ 533405.077876121154986, 5561429.48812732193619 ], [ 533440.508490833221003, 5561418.513597226701677 ], [ 533482.173169301939197, 5561409.224166192114353 ], [ 533508.010048806085251, 5561403.171142255887389 ], [ 533521.743724027648568, 5561395.91894771438092 ], [ 533526.783307933830656, 5561412.72960427030921 ], [ 533517.470742593053728, 5561408.089821660891175 ], [ 533508.010048806085251, 5561403.171142255887389 ] ] } },
{ "type": "Feature", "properties": { "full_id": "w653552793", "osm_id": "653552793", "osm_type": "way", "highway": "residential", "service": null, "embankment": null, "footway": null, "sport": null, "description": null, "sac_scale": null, "mtb:scale:uphill": null, "mtb:scale": null, "incline": null, "tracktype": null, "wheelchair": null, "motor_vehicle": null, "horse": null, "foot": null, "bicycle": null, "lit": null, "junction": null, "old_ref": null, "oneway": null, "layer": null, "bridge": null, "int_name": null, "width": null, "name:uk": null, "name:ru": null, "name:en": null, "smoothness": null, "addr:city": null, "name:etymology:wikidata": null, "cutting": null, "surface": null, "ref_1": null, "ref": null, "name": null, "maxspeed": null, "lanes": null }, "geometry": { "type": "LineString", "coordinates": [ [ 533526.783307933830656, 5561412.72960427030921 ], [ 533540.560700147878379, 5561433.642729403451085 ], [ 533551.169767450541258, 5561477.130181833170354 ], [ 533561.599694960634224, 5561548.992797805927694 ], [ 533570.151335484813899, 5561609.724366784095764 ], [ 533586.194357777712867, 5561676.340832158923149 ] ] } },
{ "type": "Feature", "properties": { "full_id": "w653703710", "osm_id": "653703710", "osm_type": "way", "highway": "path", "service": null, "embankment": null, "footway": null, "sport": null, "description": null, "sac_scale": null, "mtb:scale:uphill": "0", "mtb:scale": "1", "incline": null, "tracktype": null, "wheelchair": null, "motor_vehicle": null, "horse": "no", "foot": null, "bicycle": null, "lit": null, "junction": null, "old_ref": null, "oneway": null, "layer": null, "bridge": null, "int_name": null, "width": "1.5", "name:uk": null, "name:ru": null, "name:en": null, "smoothness": null, "addr:city": null, "name:etymology:wikidata": null, "cutting": null, "surface": null, "ref_1": null, "ref": null, "name": null, "maxspeed": null, "lanes": null }, "geometry": { "type": "LineString", "coordinates": [ [ 536772.498335774289444, 5560661.655033567920327 ], [ 536773.195099030039273, 5560663.083115817047656 ], [ 536779.376968159805983, 5560659.890114570967853 ], [ 536785.720160364406183, 5560657.109648927114904 ], [ 536792.130188227631152, 5560656.019784369505942 ], [ 536798.787346580531448, 5560654.286717331036925 ], [ 536810.474195005954243, 5560651.865685379132628 ], [ 536814.365199574851431, 5560651.725805758498609 ], [ 536825.136431618127972, 5560652.689856069162488 ], [ 536838.350957532413304, 5560652.30316464882344 ], [ 536848.656914090155624, 5560651.396002147346735 ], [ 536862.418865002109669, 5560651.324500171467662 ], [ 536879.056945698801428, 5560642.03283082973212 ], [ 536880.286265589646064, 5560641.796723796986043 ], [ 536942.97411269065924, 5560652.45005991216749 ] ] } },
{ "type": "Feature", "properties": { "full_id": "w653703714", "osm_id": "653703714", "osm_type": "way", "highway": "service", "service": null, "embankment": null, "footway": null, "sport": null, "description": null, "sac_scale": null, "mtb:scale:uphill": null, "mtb:scale": null, "incline": null, "tracktype": null, "wheelchair": null, "motor_vehicle": null, "horse": null, "foot": null, "bicycle": null, "lit": null, "junction": null, "old_ref": null, "oneway": null, "layer": null, "bridge": null, "int_name": null, "width": null, "name:uk": null, "name:ru": null, "name:en": null, "smoothness": "bad", "addr:city": null, "name:etymology:wikidata": null, "cutting": null, "surface": "compacted", "ref_1": null, "ref": null, "name": null, "maxspeed": null, "lanes": null }, "geometry": { "type": "LineString", "coordinates": [ [ 536852.865623539546505, 5560898.139957812614739 ], [ 536855.536485959077254, 5560921.631279020570219 ] ] } },
{ "type": "Feature", "properties": { "full_id": "w653703715", "osm_id": "653703715", "osm_type": "way", "highway": "service", "service": null, "embankment": null, "footway": null, "sport": null, "description": null, "sac_scale": null, "mtb:scale:uphill": null, "mtb:scale": null, "incline": null, "tracktype": null, "wheelchair": null, "motor_vehicle": null, "horse": null, "foot": null, "bicycle": null, "lit": null, "junction": null, "old_ref": null, "oneway": null, "layer": null, "bridge": null, "int_name": null, "width": null, "name:uk": null, "name:ru": null, "name:en": null, "smoothness": null, "addr:city": null, "name:etymology:wikidata": null, "cutting": null, "surface": null, "ref_1": null, "ref": null, "name": null, "maxspeed": null, "lanes": null }, "geometry": { "type": "LineString", "coordinates": [ [ 536981.089145943406038, 5560670.972606918774545 ], [ 536980.098404029500671, 5560666.662557804957032 ], [ 536977.902085864567198, 5560665.335223125293851 ], [ 536971.898559794295579, 5560664.41509604640305 ], [ 536966.603734490461648, 5560666.279720394872129 ], [ 536962.709001370589249, 5560673.124395484104753 ] ] } },
{ "type": "Feature", "properties": { "full_id": "w742573705", "osm_id": "742573705", "osm_type": "way", "highway": "unclassified", "service": null, "embankment": null, "footway": null, "sport": null, "description": null, "sac_scale": null, "mtb:scale:uphill": null, "mtb:scale": null, "incline": null, "tracktype": null, "wheelchair": null, "motor_vehicle": null, "horse": null, "foot": null, "bicycle": null, "lit": null, "junction": null, "old_ref": null, "oneway": null, "layer": null, "bridge": null, "int_name": null, "width": null, "name:uk": null, "name:ru": null, "name:en": null, "smoothness": null, "addr:city": null, "name:etymology:wikidata": null, "cutting": null, "surface": null, "ref_1": null, "ref": null, "name": null, "maxspeed": null, "lanes": null }, "geometry": { "type": "LineString", "coordinates": [ [ 535198.832173968083225, 5562171.130494570359588 ], [ 535194.564378213020973, 5562160.44999511167407 ], [ 535176.237108692177571, 5562114.495140899904072 ], [ 535029.550153911230154, 5561715.435333543457091 ], [ 535027.699358416954055, 5561710.397242684848607 ], [ 535028.137873164145276, 5561701.237856361083686 ] ] } },
{ "type": "Feature", "properties": { "full_id": "w742573706", "osm_id": "742573706", "osm_type": "way", "highway": "track", "service": null, "embankment": null, "footway": null, "sport": null, "description": null, "sac_scale": null, "mtb:scale:uphill": null, "mtb:scale": null, "incline": null, "tracktype": null, "wheelchair": null, "motor_vehicle": null, "horse": null, "foot": null, "bicycle": null, "lit": null, "junction": null, "old_ref": null, "oneway": null, "layer": null, "bridge": null, "int_name": null, "width": null, "name:uk": null, "name:ru": null, "name:en": null, "smoothness": null, "addr:city": null, "name:etymology:wikidata": null, "cutting": null, "surface": null, "ref_1": null, "ref": null, "name": null, "maxspeed": null, "lanes": null }, "geometry": { "type": "LineString", "coordinates": [ [ 534860.23303697956726, 5561523.138863838277757 ], [ 534849.64210354629904, 5561562.43166131246835 ], [ 534828.263296957709827, 5561587.221066605299711 ], [ 534818.268844366422854, 5561609.572082933969796 ], [ 534789.9189738946734, 5561618.960338096134365 ] ] } },
{ "type": "Feature", "properties": { "full_id": "w742573707", "osm_id": "742573707", "osm_type": "way", "highway": "track", "service": null, "embankment": null, "footway": null, "sport": null, "description": null, "sac_scale": null, "mtb:scale:uphill": null, "mtb:scale": null, "incline": null, "tracktype": "grade4", "wheelchair": null, "motor_vehicle": null, "horse": null, "foot": null, "bicycle": null, "lit": null, "junction": null, "old_ref": null, "oneway": null, "layer": null, "bridge": null, "int_name": null, "width": null, "name:uk": null, "name:ru": null, "name:en": null, "smoothness": null, "addr:city": null, "name:etymology:wikidata": null, "cutting": null, "surface": null, "ref_1": null, "ref": null, "name": null, "maxspeed": null, "lanes": null }, "geometry": { "type": "LineString", "coordinates": [ [ 534701.331346569117159, 5561457.653095466084778 ], [ 534751.380426943069324, 5561537.360047747381032 ], [ 534778.168502379325218, 5561576.997291126288474 ], [ 534790.722888420918025, 5561607.33485206682235 ], [ 534789.9189738946734, 5561618.960338096134365 ] ] } },
{ "type": "Feature", "properties": { "full_id": "w742573708", "osm_id": "742573708", "osm_type": "way", "highway": "track", "service": null, "embankment": null, "footway": null, "sport": null, "description": null, "sac_scale": null, "mtb:scale:uphill": null, "mtb:scale": null, "incline": null, "tracktype": null, "wheelchair": null, "motor_vehicle": null, "horse": null, "foot": null, "bicycle": null, "lit": null, "junction": null, "old_ref": null, "oneway": null, "layer": null, "bridge": null, "int_name": null, "width": null, "name:uk": null, "name:ru": null, "name:en": null, "smoothness": null, "addr:city": null, "name:etymology:wikidata": null, "cutting": null, "surface": null, "ref_1": null, "ref": null, "name": null, "maxspeed": null, "lanes": null }, "geometry": { "type": "LineString", "coordinates": [ [ 534818.268844366422854, 5561609.572082933969796 ], [ 534822.434520745067857, 5561633.861560623161495 ], [ 534830.650176996248774, 5561654.308049444109201 ], [ 534828.929413632955402, 5561682.79544467292726 ] ] } },
{ "type": "Feature", "properties": { "full_id": "w742573709", "osm_id": "742573709", "osm_type": "way", "highway": "track", "service": null, "embankment": null, "footway": null, "sport": null, "description": null, "sac_scale": null, "mtb:scale:uphill": null, "mtb:scale": null, "incline": null, "tracktype": "grade4", "wheelchair": null, "motor_vehicle": null, "horse": null, "foot": null, "bicycle": null, "lit": null, "junction": null, "old_ref": null, "oneway": null, "layer": null, "bridge": null, "int_name": null, "width": null, "name:uk": null, "name:ru": null, "name:en": null, "smoothness": null, "addr:city": null, "name:etymology:wikidata": null, "cutting": null, "surface": null, "ref_1": null, "ref": null, "name": null, "maxspeed": null, "lanes": null }, "geometry": { "type": "LineString", "coordinates": [ [ 534828.929413632955402, 5561682.79544467292726 ], [ 534805.720940531697124, 5561667.732662122696638 ], [ 534801.435572124435566, 5561650.825600672513247 ] ] } },
{ "type": "Feature", "properties": { "full_id": "w742573710", "osm_id": "742573710", "osm_type": "way", "highway": "track", "service": null, "embankment": null, "footway": null, "sport": null, "description": null, "sac_scale": null, "mtb:scale:uphill": null, "mtb:scale": null, "incline": null, "tracktype": null, "wheelchair": null, "motor_vehicle": null, "horse": null, "foot": null, "bicycle": null, "lit": null, "junction": null, "old_ref": null, "oneway": null, "layer": null, "bridge": null, "int_name": null, "width": null, "name:uk": null, "name:ru": null, "name:en": null, "smoothness": null, "addr:city": null, "name:etymology:wikidata": null, "cutting": null, "surface": null, "ref_1": null, "ref": null, "name": null, "maxspeed": null, "lanes": null }, "geometry": { "type": "LineString", "coordinates": [ [ 534828.929413632955402, 5561682.79544467292726 ], [ 534834.089474512264132, 5561700.153026727028191 ], [ 534850.877429894520901, 5561743.194414925761521 ], [ 534869.842836978845298, 5561770.805477580986917 ], [ 534877.702573516522534, 5561797.587694353424013 ], [ 534926.400724799139425, 5561901.738806520588696 ], [ 534953.627197647816502, 5561953.455390974879265 ], [ 534977.754747091210447, 5562009.732889646664262 ], [ 534987.856059922720306, 5562044.91395419370383 ] ] } },
{ "type": "Feature", "properties": { "full_id": "w742573711", "osm_id": "742573711", "osm_type": "way", "highway": "track", "service": null, "embankment": null, "footway": null, "sport": null, "description": null, "sac_scale": null, "mtb:scale:uphill": null, "mtb:scale": null, "incline": null, "tracktype": null, "wheelchair": null, "motor_vehicle": null, "horse": null, "foot": null, "bicycle": null, "lit": null, "junction": null, "old_ref": null, "oneway": null, "layer": null, "bridge": null, "int_name": null, "width": null, "name:uk": null, "name:ru": null, "name:en": null, "smoothness": null, "addr:city": null, "name:etymology:wikidata": null, "cutting": null, "surface": null, "ref_1": null, "ref": null, "name": null, "maxspeed": null, "lanes": null }, "geometry": { "type": "LineString", "coordinates": [ [ 535017.207931603305042, 5562288.474541222676635 ], [ 535028.642211706843227, 5562247.875513195991516 ], [ 535043.650203068624251, 5562216.150989628396928 ], [ 535055.016763909487054, 5562207.541719725355506 ], [ 535081.772618378163315, 5562198.177744453772902 ], [ 535124.721299767494202, 5562194.980788354761899 ], [ 535148.588565970421769, 5562183.285268299281597 ], [ 535166.700878271716647, 5562164.602264908142388 ], [ 535194.564378213020973, 5562160.44999511167407 ] ] } },
{ "type": "Feature", "properties": { "full_id": "w742573712", "osm_id": "742573712", "osm_type": "way", "highway": "track", "service": null, "embankment": null, "footway": null, "sport": null, "description": null, "sac_scale": null, "mtb:scale:uphill": null, "mtb:scale": null, "incline": null, "tracktype": null, "wheelchair": null, "motor_vehicle": null, "horse": null, "foot": null, "bicycle": null, "lit": null, "junction": null, "old_ref": null, "oneway": null, "layer": null, "bridge": null, "int_name": null, "width": null, "name:uk": null, "name:ru": null, "name:en": null, "smoothness": null, "addr:city": null, "name:etymology:wikidata": null, "cutting": null, "surface": null, "ref_1": null, "ref": null, "name": null, "maxspeed": null, "lanes": null }, "geometry": { "type": "LineString", "coordinates": [ [ 535081.772618378163315, 5562198.177744453772902 ], [ 535072.474690758856013, 5562193.891118383035064 ], [ 535070.35647955420427, 5562181.823863395489752 ], [ 535067.38809939881321, 5562165.581278736703098 ], [ 535038.259981451672502, 5562114.741088421083987 ], [ 535018.919912718702108, 5562080.410882392898202 ], [ 534987.856059922720306, 5562044.91395419370383 ] ] } },
{ "type": "Feature", "properties": { "full_id": "w742573713", "osm_id": "742573713", "osm_type": "way", "highway": "track", "service": null, "embankment": null, "footway": null, "sport": null, "description": null, "sac_scale": null, "mtb:scale:uphill": null, "mtb:scale": null, "incline": null, "tracktype": null, "wheelchair": null, "motor_vehicle": null, "horse": null, "foot": null, "bicycle": null, "lit": null, "junction": null, "old_ref": null, "oneway": null, "layer": null, "bridge": null, "int_name": null, "width": null, "name:uk": null, "name:ru": null, "name:en": null, "smoothness": null, "addr:city": null, "name:etymology:wikidata": null, "cutting": null, "surface": null, "ref_1": null, "ref": null, "name": null, "maxspeed": null, "lanes": null }, "geometry": { "type": "LineString", "coordinates": [ [ 534987.856059922720306, 5562044.91395419370383 ], [ 534951.95089793310035, 5562010.930986297316849 ], [ 534911.88433405093383, 5561991.198097416199744 ], [ 534862.251166576519608, 5561971.024767672643065 ], [ 534791.577678338158876, 5561949.179824632592499 ], [ 534775.185710748424754, 5561938.387053491547704 ], [ 534763.389014689601026, 5561927.624355387873948 ], [ 534750.923525980906561, 5561902.346681118011475 ], [ 534731.100880209589377, 5561877.043248573318124 ] ] } },
{ "type": "Feature", "properties": { "full_id": "w742573714", "osm_id": "742573714", "osm_type": "way", "highway": "track", "service": null, "embankment": null, "footway": null, "sport": null, "description": null, "sac_scale": null, "mtb:scale:uphill": null, "mtb:scale": null, "incline": null, "tracktype": null, "wheelchair": null, "motor_vehicle": null, "horse": null, "foot": null, "bicycle": null, "lit": null, "junction": null, "old_ref": null, "oneway": null, "layer": null, "bridge": null, "int_name": null, "width": null, "name:uk": null, "name:ru": null, "name:en": null, "smoothness": null, "addr:city": null, "name:etymology:wikidata": null, "cutting": null, "surface": null, "ref_1": null, "ref": null, "name": null, "maxspeed": null, "lanes": null }, "geometry": { "type": "LineString", "coordinates": [ [ 534834.089474512264132, 5561700.153026727028191 ], [ 534830.817159310914576, 5561729.097275376319885 ], [ 534821.689551526797004, 5561773.870389062911272 ], [ 534811.188305709627457, 5561795.206251844763756 ], [ 534783.95979452400934, 5561827.518660930916667 ], [ 534768.171709019807167, 5561846.562838839367032 ], [ 534731.100880209589377, 5561877.043248573318124 ] ] } },
{ "type": "Feature", "properties": { "full_id": "w742573715", "osm_id": "742573715", "osm_type": "way", "highway": "track", "service": null, "embankment": null, "footway": null, "sport": null, "description": null, "sac_scale": null, "mtb:scale:uphill": null, "mtb:scale": null, "incline": null, "tracktype": null, "wheelchair": null, "motor_vehicle": null, "horse": null, "foot": null, "bicycle": null, "lit": null, "junction": null, "old_ref": null, "oneway": null, "layer": null, "bridge": null, "int_name": null, "width": null, "name:uk": null, "name:ru": null, "name:en": null, "smoothness": null, "addr:city": null, "name:etymology:wikidata": null, "cutting": null, "surface": null, "ref_1": null, "ref": null, "name": null, "maxspeed": null, "lanes": null }, "geometry": { "type": "LineString", "coordinates": [ [ 534731.100880209589377, 5561877.043248573318124 ], [ 534722.235096087679267, 5561880.765933471731842 ], [ 534706.123692326946184, 5561872.855099026113749 ], [ 534699.51614776160568, 5561879.361247411929071 ], [ 534704.1651235811878, 5561901.807993992231786 ], [ 534699.526100512826815, 5561916.132702194154263 ], [ 534669.241693673888221, 5561952.195190502330661 ], [ 534639.742903245612979, 5561982.736691517755389 ], [ 534615.883374924538657, 5562000.961543250828981 ], [ 534571.53438210953027, 5562025.102202970534563 ], [ 534527.951323772780597, 5562046.735247110947967 ], [ 534497.9903634901857, 5562071.726015033200383 ], [ 534454.897328040795401, 5562097.132257138378918 ], [ 534444.151676156325266, 5562100.331741067580879 ], [ 534402.77061359200161, 5562112.662120199762285 ], [ 534373.185631106141955, 5562118.264032286591828 ] ] } },
{ "type": "Feature", "properties": { "full_id": "w742573716", "osm_id": "742573716", "osm_type": "way", "highway": "track", "service": null, "embankment": null, "footway": null, "sport": null, "description": null, "sac_scale": null, "mtb:scale:uphill": null, "mtb:scale": null, "incline": null, "tracktype": null, "wheelchair": null, "motor_vehicle": null, "horse": null, "foot": null, "bicycle": null, "lit": null, "junction": null, "old_ref": null, "oneway": null, "layer": null, "bridge": null, "int_name": null, "width": null, "name:uk": null, "name:ru": null, "name:en": null, "smoothness": null, "addr:city": null, "name:etymology:wikidata": null, "cutting": null, "surface": null, "ref_1": null, "ref": null, "name": null, "maxspeed": null, "lanes": null }, "geometry": { "type": "LineString", "coordinates": [ [ 534373.185631106141955, 5562118.264032286591828 ], [ 534339.029760799603537, 5562144.407226412557065 ], [ 534310.630297297844663, 5562185.298531645908952 ], [ 534283.278980521019548, 5562242.98681622184813 ] ] } },
{ "type": "Feature", "properties": { "full_id": "w742573717", "osm_id": "742573717", "osm_type": "way", "highway": "track", "service": null, "embankment": null, "footway": null, "sport": null, "description": null, "sac_scale": null, "mtb:scale:uphill": null, "mtb:scale": null, "incline": null, "tracktype": null, "wheelchair": null, "motor_vehicle": null, "horse": null, "foot": null, "bicycle": null, "lit": null, "junction": null, "old_ref": null, "oneway": null, "layer": null, "bridge": null, "int_name": null, "width": null, "name:uk": null, "name:ru": null, "name:en": null, "smoothness": null, "addr:city": null, "name:etymology:wikidata": null, "cutting": null, "surface": null, "ref_1": null, "ref": null, "name": null, "maxspeed": null, "lanes": null }, "geometry": { "type": "LineString", "coordinates": [ [ 534283.278980521019548, 5562242.98681622184813 ], [ 534284.000518969609402, 5562220.708477961830795 ], [ 534288.884176419465803, 5562183.712831678800285 ], [ 534287.941115111345425, 5562149.570642803795636 ], [ 534283.784313674434088, 5562119.166053934954107 ], [ 534275.871143950847909, 5562101.402098341844976 ], [ 534270.342445866204798, 5562088.990755261853337 ], [ 534270.29641191335395, 5562068.442080203443766 ], [ 534270.967558452044614, 5562053.980256167240441 ] ] } },
{ "type": "Feature", "properties": { "full_id": "w742573718", "osm_id": "742573718", "osm_type": "way", "highway": "track", "service": null, "embankment": null, "footway": null, "sport": null, "description": null, "sac_scale": null, "mtb:scale:uphill": null, "mtb:scale": null, "incline": null, "tracktype": null, "wheelchair": null, "motor_vehicle": null, "horse": null, "foot": null, "bicycle": null, "lit": null, "junction": null, "old_ref": null, "oneway": null, "layer": null, "bridge": null, "int_name": null, "width": null, "name:uk": null, "name:ru": null, "name:en": null, "smoothness": null, "addr:city": null, "name:etymology:wikidata": null, "cutting": null, "surface": null, "ref_1": null, "ref": null, "name": null, "maxspeed": null, "lanes": null }, "geometry": { "type": "LineString", "coordinates": [ [ 534275.871143950847909, 5562101.402098341844976 ], [ 534293.921157531323843, 5562121.833289206959307 ], [ 534315.630167090333998, 5562129.211899010464549 ], [ 534349.625333248754032, 5562121.325334410183132 ], [ 534373.185631106141955, 5562118.264032286591828 ] ] } },
{ "type": "Feature", "properties": { "full_id": "w742573719", "osm_id": "742573719", "osm_type": "way", "highway": "track", "service": null, "embankment": null, "footway": null, "sport": null, "description": null, "sac_scale": null, "mtb:scale:uphill": null, "mtb:scale": null, "incline": null, "tracktype": null, "wheelchair": null, "motor_vehicle": null, "horse": null, "foot": null, "bicycle": null, "lit": null, "junction": null, "old_ref": null, "oneway": null, "layer": null, "bridge": null, "int_name": null, "width": null, "name:uk": null, "name:ru": null, "name:en": null, "smoothness": null, "addr:city": null, "name:etymology:wikidata": null, "cutting": null, "surface": null, "ref_1": null, "ref": null, "name": null, "maxspeed": null, "lanes": null }, "geometry": { "type": "LineString", "coordinates": [ [ 534283.278980521019548, 5562242.98681622184813 ], [ 534275.412494219723158, 5562360.878083745017648 ], [ 534266.856837877654471, 5562391.956889732740819 ], [ 534241.455749165033922, 5562443.976012801751494 ], [ 534228.202736953971907, 5562454.409543609246612 ] ] } },
{ "type": "Feature", "properties": { "full_id": "w742573720", "osm_id": "742573720", "osm_type": "way", "highway": "unclassified", "service": null, "embankment": null, "footway": null, "sport": null, "description": null, "sac_scale": null, "mtb:scale:uphill": null, "mtb:scale": null, "incline": null, "tracktype": null, "wheelchair": null, "motor_vehicle": null, "horse": null, "foot": null, "bicycle": null, "lit": null, "junction": null, "old_ref": null, "oneway": null, "layer": null, "bridge": null, "int_name": null, "width": null, "name:uk": null, "name:ru": null, "name:en": null, "smoothness": null, "addr:city": null, "name:etymology:wikidata": null, "cutting": null, "surface": null, "ref_1": null, "ref": null, "name": null, "maxspeed": null, "lanes": null }, "geometry": { "type": "LineString", "coordinates": [ [ 534226.022183738881722, 5562491.678387386724353 ], [ 534228.202736953971907, 5562454.409543609246612 ], [ 534228.911997872404754, 5562447.308901230804622 ] ] } },
{ "type": "Feature", "properties": { "full_id": "w742573725", "osm_id": "742573725", "osm_type": "way", "highway": "track", "service": null, "embankment": null, "footway": null, "sport": null, "description": null, "sac_scale": null, "mtb:scale:uphill": null, "mtb:scale": null, "incline": null, "tracktype": "grade4", "wheelchair": null, "motor_vehicle": null, "horse": null, "foot": null, "bicycle": null, "lit": null, "junction": null, "old_ref": null, "oneway": null, "layer": null, "bridge": null, "int_name": null, "width": null, "name:uk": null, "name:ru": null, "name:en": null, "smoothness": null, "addr:city": null, "name:etymology:wikidata": null, "cutting": null, "surface": null, "ref_1": null, "ref": null, "name": null, "maxspeed": null, "lanes": null }, "geometry": { "type": "LineString", "coordinates": [ [ 534444.151676156325266, 5562100.331741067580879 ], [ 534450.780570797040127, 5562087.131625423207879 ], [ 534459.001496457844041, 5562049.57953789178282 ] ] } },
{ "type": "Feature", "properties": { "full_id": "w776199370", "osm_id": "776199370", "osm_type": "way", "highway": "residential", "service": null, "embankment": null, "footway": null, "sport": null, "description": null, "sac_scale": null, "mtb:scale:uphill": null, "mtb:scale": null, "incline": null, "tracktype": null, "wheelchair": null, "motor_vehicle": null, "horse": null, "foot": null, "bicycle": null, "lit": null, "junction": null, "old_ref": null, "oneway": null, "layer": null, "bridge": null, "int_name": null, "width": null, "name:uk": null, "name:ru": null, "name:en": null, "smoothness": null, "addr:city": null, "name:etymology:wikidata": null, "cutting": null, "surface": "unpaved", "ref_1": null, "ref": null, "name": "Рождественская улица", "maxspeed": null, "lanes": null }, "geometry": { "type": "LineString", "coordinates": [ [ 535513.339434032444842, 5561151.325919917784631 ], [ 535314.073454074328765, 5561151.556668324396014 ] ] } },
{ "type": "Feature", "properties": { "full_id": "w776208825", "osm_id": "776208825", "osm_type": "way", "highway": "residential", "service": null, "embankment": null, "footway": null, "sport": null, "description": null, "sac_scale": null, "mtb:scale:uphill": null, "mtb:scale": null, "incline": null, "tracktype": null, "wheelchair": null, "motor_vehicle": null, "horse": null, "foot": null, "bicycle": null, "lit": null, "junction": null, "old_ref": null, "oneway": null, "layer": null, "bridge": null, "int_name": null, "width": null, "name:uk": null, "name:ru": null, "name:en": null, "smoothness": null, "addr:city": null, "name:etymology:wikidata": null, "cutting": null, "surface": "unpaved", "ref_1": null, "ref": null, "name": "Ковыльная улица", "maxspeed": null, "lanes": null }, "geometry": { "type": "LineString", "coordinates": [ [ 534977.978346819058061, 5560856.289309938438237 ], [ 534980.466715574846603, 5560836.046394804492593 ] ] } },
{ "type": "Feature", "properties": { "full_id": "w845000713", "osm_id": "845000713", "osm_type": "way", "highway": "service", "service": "parking_aisle", "embankment": null, "footway": null, "sport": null, "description": null, "sac_scale": null, "mtb:scale:uphill": null, "mtb:scale": null, "incline": null, "tracktype": null, "wheelchair": null, "motor_vehicle": null, "horse": null, "foot": null, "bicycle": null, "lit": null, "junction": null, "old_ref": null, "oneway": null, "layer": null, "bridge": null, "int_name": null, "width": null, "name:uk": null, "name:ru": null, "name:en": null, "smoothness": null, "addr:city": null, "name:etymology:wikidata": null, "cutting": null, "surface": null, "ref_1": null, "ref": null, "name": null, "maxspeed": null, "lanes": null }, "geometry": { "type": "LineString", "coordinates": [ [ 536390.649498961400241, 5561458.852006957866251 ], [ 536390.38356732565444, 5561414.250712694600224 ] ] } },
{ "type": "Feature", "properties": { "full_id": "w845000714", "osm_id": "845000714", "osm_type": "way", "highway": "service", "service": null, "embankment": null, "footway": null, "sport": null, "description": null, "sac_scale": null, "mtb:scale:uphill": null, "mtb:scale": null, "incline": null, "tracktype": null, "wheelchair": null, "motor_vehicle": null, "horse": null, "foot": null, "bicycle": null, "lit": null, "junction": null, "old_ref": null, "oneway": null, "layer": null, "bridge": null, "int_name": null, "width": null, "name:uk": null, "name:ru": null, "name:en": null, "smoothness": null, "addr:city": null, "name:etymology:wikidata": null, "cutting": null, "surface": null, "ref_1": null, "ref": null, "name": null, "maxspeed": null, "lanes": null }, "geometry": { "type": "LineString", "coordinates": [ [ 536413.089389312895946, 5561458.494019680656493 ], [ 536390.649498961400241, 5561458.852006957866251 ], [ 536366.147006802377291, 5561459.229350896552205 ] ] } },
{ "type": "Feature", "properties": { "full_id": "w907304311", "osm_id": "907304311", "osm_type": "way", "highway": "residential", "service": null, "embankment": null, "footway": null, "sport": null, "description": null, "sac_scale": null, "mtb:scale:uphill": null, "mtb:scale": null, "incline": null, "tracktype": null, "wheelchair": null, "motor_vehicle": null, "horse": null, "foot": null, "bicycle": null, "lit": null, "junction": null, "old_ref": null, "oneway": null, "layer": null, "bridge": null, "int_name": null, "width": null, "name:uk": null, "name:ru": null, "name:en": null, "smoothness": null, "addr:city": null, "name:etymology:wikidata": null, "cutting": null, "surface": "unpaved", "ref_1": null, "ref": null, "name": null, "maxspeed": null, "lanes": null }, "geometry": { "type": "LineString", "coordinates": [ [ 535513.339434032444842, 5561151.325919917784631 ], [ 535513.117797377868555, 5561076.514030426740646 ] ] } },
{ "type": "Feature", "properties": { "full_id": "w1022277018", "osm_id": "1022277018", "osm_type": "way", "highway": "service", "service": null, "embankment": null, "footway": null, "sport": null, "description": null, "sac_scale": null, "mtb:scale:uphill": null, "mtb:scale": null, "incline": null, "tracktype": null, "wheelchair": null, "motor_vehicle": null, "horse": null, "foot": null, "bicycle": null, "lit": null, "junction": null, "old_ref": null, "oneway": null, "layer": null, "bridge": null, "int_name": null, "width": null, "name:uk": null, "name:ru": null, "name:en": null, "smoothness": null, "addr:city": null, "name:etymology:wikidata": null, "cutting": null, "surface": null, "ref_1": null, "ref": null, "name": null, "maxspeed": null, "lanes": null }, "geometry": { "type": "LineString", "coordinates": [ [ 535459.494754799641669, 5562067.461746761575341 ], [ 535446.75834051752463, 5562082.321189216338098 ], [ 535439.200046056415886, 5562096.481277972459793 ], [ 535409.260390931740403, 5562134.810238517820835 ], [ 534996.814093230175786, 5562349.329561281949282 ], [ 535016.146889290190302, 5562390.053245961666107 ] ] } },
{ "type": "Feature", "properties": { "full_id": "w1022277019", "osm_id": "1022277019", "osm_type": "way", "highway": "service", "service": null, "embankment": null, "footway": null, "sport": null, "description": null, "sac_scale": null, "mtb:scale:uphill": null, "mtb:scale": null, "incline": null, "tracktype": null, "wheelchair": null, "motor_vehicle": null, "horse": null, "foot": null, "bicycle": null, "lit": null, "junction": null, "old_ref": null, "oneway": null, "layer": null, "bridge": null, "int_name": null, "width": null, "name:uk": null, "name:ru": null, "name:en": null, "smoothness": null, "addr:city": null, "name:etymology:wikidata": null, "cutting": null, "surface": null, "ref_1": null, "ref": null, "name": null, "maxspeed": null, "lanes": null }, "geometry": { "type": "LineString", "coordinates": [ [ 535860.548797481111251, 5561923.008234978653491 ], [ 535816.779332147911191, 5561799.667415364645422 ] ] } },
{ "type": "Feature", "properties": { "full_id": "w1022277020", "osm_id": "1022277020", "osm_type": "way", "highway": "service", "service": null, "embankment": null, "footway": null, "sport": null, "description": null, "sac_scale": null, "mtb:scale:uphill": null, "mtb:scale": null, "incline": null, "tracktype": null, "wheelchair": null, "motor_vehicle": null, "horse": null, "foot": null, "bicycle": null, "lit": null, "junction": null, "old_ref": null, "oneway": "yes", "layer": null, "bridge": null, "int_name": null, "width": null, "name:uk": null, "name:ru": null, "name:en": null, "smoothness": null, "addr:city": null, "name:etymology:wikidata": null, "cutting": null, "surface": null, "ref_1": null, "ref": null, "name": null, "maxspeed": null, "lanes": null }, "geometry": { "type": "LineString", "coordinates": [ [ 535983.606460109818727, 5561878.972707469016314 ], [ 536048.373960328637622, 5561751.372495916672051 ], [ 536050.317366081872024, 5561737.33088212646544 ], [ 536101.858959260047413, 5561736.757427298463881 ], [ 536106.473346201935783, 5561743.471429569646716 ] ] } },
{ "type": "Feature", "properties": { "full_id": "w1022277022", "osm_id": "1022277022", "osm_type": "way", "highway": "service", "service": null, "embankment": null, "footway": null, "sport": null, "description": null, "sac_scale": null, "mtb:scale:uphill": null, "mtb:scale": null, "incline": null, "tracktype": null, "wheelchair": null, "motor_vehicle": null, "horse": null, "foot": null, "bicycle": null, "lit": null, "junction": null, "old_ref": null, "oneway": null, "layer": null, "bridge": null, "int_name": null, "width": null, "name:uk": null, "name:ru": null, "name:en": null, "smoothness": null, "addr:city": null, "name:etymology:wikidata": null, "cutting": null, "surface": null, "ref_1": null, "ref": null, "name": null, "maxspeed": null, "lanes": null }, "geometry": { "type": "LineString", "coordinates": [ [ 536050.317366081872024, 5561737.33088212646544 ], [ 536052.946929559810087, 5561648.349922957830131 ], [ 536098.84189586318098, 5561647.115494172088802 ], [ 536116.748894657241181, 5561659.445983135141432 ], [ 536119.439337274525315, 5561742.49197571631521 ], [ 536110.692714515607804, 5561756.865448378957808 ] ] } },
{ "type": "Feature", "properties": { "full_id": "w1022277023", "osm_id": "1022277023", "osm_type": "way", "highway": "service", "service": null, "embankment": null, "footway": null, "sport": null, "description": null, "sac_scale": null, "mtb:scale:uphill": null, "mtb:scale": null, "incline": null, "tracktype": null, "wheelchair": null, "motor_vehicle": null, "horse": null, "foot": null, "bicycle": null, "lit": null, "junction": null, "old_ref": null, "oneway": null, "layer": null, "bridge": null, "int_name": null, "width": null, "name:uk": null, "name:ru": null, "name:en": null, "smoothness": null, "addr:city": null, "name:etymology:wikidata": null, "cutting": null, "surface": null, "ref_1": null, "ref": null, "name": null, "maxspeed": null, "lanes": null }, "geometry": { "type": "LineString", "coordinates": [ [ 536246.089655614225194, 5561787.986033813096583 ], [ 536240.060767153510824, 5561772.09997587185353 ], [ 536202.624581934767775, 5561673.483886651694775 ], [ 536177.2806323741097, 5561606.740333626046777 ], [ 536128.549058871227317, 5561603.173536625690758 ] ] } },
{ "type": "Feature", "properties": { "full_id": "w1022277024", "osm_id": "1022277024", "osm_type": "way", "highway": "service", "service": null, "embankment": null, "footway": null, "sport": null, "description": null, "sac_scale": null, "mtb:scale:uphill": null, "mtb:scale": null, "incline": null, "tracktype": null, "wheelchair": null, "motor_vehicle": null, "horse": null, "foot": null, "bicycle": null, "lit": null, "junction": null, "old_ref": null, "oneway": null, "layer": null, "bridge": null, "int_name": null, "width": null, "name:uk": null, "name:ru": null, "name:en": null, "smoothness": null, "addr:city": null, "name:etymology:wikidata": null, "cutting": null, "surface": null, "ref_1": null, "ref": null, "name": null, "maxspeed": null, "lanes": null }, "geometry": { "type": "LineString", "coordinates": [ [ 536202.624581934767775, 5561673.483886651694775 ], [ 536285.683564068051055, 5561643.193593078292906 ] ] } },
{ "type": "Feature", "properties": { "full_id": "w1022277028", "osm_id": "1022277028", "osm_type": "way", "highway": "residential", "service": null, "embankment": null, "footway": null, "sport": null, "description": null, "sac_scale": null, "mtb:scale:uphill": null, "mtb:scale": null, "incline": null, "tracktype": null, "wheelchair": null, "motor_vehicle": null, "horse": null, "foot": null, "bicycle": null, "lit": null, "junction": null, "old_ref": null, "oneway": null, "layer": null, "bridge": null, "int_name": null, "width": null, "name:uk": null, "name:ru": null, "name:en": null, "smoothness": null, "addr:city": null, "name:etymology:wikidata": null, "cutting": null, "surface": "ground", "ref_1": null, "ref": null, "name": null, "maxspeed": null, "lanes": null }, "geometry": { "type": "LineString", "coordinates": [ [ 535294.238535850541666, 5561054.887684941291809 ], [ 535331.067235006485134, 5561055.776959355920553 ], [ 535498.211878161644563, 5561059.946960031986237 ], [ 535513.117797377868555, 5561076.514030426740646 ] ] } },
{ "type": "Feature", "properties": { "full_id": "w1022277029", "osm_id": "1022277029", "osm_type": "way", "highway": "residential", "service": null, "embankment": null, "footway": null, "sport": null, "description": null, "sac_scale": null, "mtb:scale:uphill": null, "mtb:scale": null, "incline": null, "tracktype": null, "wheelchair": null, "motor_vehicle": null, "horse": null, "foot": null, "bicycle": null, "lit": null, "junction": null, "old_ref": null, "oneway": null, "layer": null, "bridge": null, "int_name": null, "width": null, "name:uk": null, "name:ru": null, "name:en": null, "smoothness": null, "addr:city": null, "name:etymology:wikidata": null, "cutting": null, "surface": null, "ref_1": null, "ref": null, "name": null, "maxspeed": null, "lanes": null }, "geometry": { "type": "LineString", "coordinates": [ [ 535333.12072708888445, 5560959.319906991906464 ], [ 535336.753339877119288, 5560983.005804173648357 ], [ 535331.067235006485134, 5561055.776959355920553 ] ] } },
{ "type": "Feature", "properties": { "full_id": "w1022277030", "osm_id": "1022277030", "osm_type": "way", "highway": "primary", "service": null, "embankment": null, "footway": null, "sport": null, "description": null, "sac_scale": null, "mtb:scale:uphill": null, "mtb:scale": null, "incline": null, "tracktype": null, "wheelchair": null, "motor_vehicle": null, "horse": null, "foot": null, "bicycle": null, "lit": null, "junction": null, "old_ref": "Р-185", "oneway": null, "layer": null, "bridge": null, "int_name": null, "width": null, "name:uk": null, "name:ru": null, "name:en": null, "smoothness": null, "addr:city": null, "name:etymology:wikidata": null, "cutting": null, "surface": "asphalt", "ref_1": null, "ref": null, "name": null, "maxspeed": "90", "lanes": "2" }, "geometry": { "type": "LineString", "coordinates": [ [ 535066.434319409308955, 5562255.07402101252228 ], [ 535017.207931603305042, 5562288.474541222676635 ], [ 534915.804094261024147, 5562357.28127116151154 ], [ 534909.462586122681387, 5562361.353785431012511 ], [ 534866.964103124919347, 5562388.62863661069423 ], [ 534817.617206142866053, 5562411.389050835743546 ] ] } },
{ "type": "Feature", "properties": { "full_id": "w1022277031", "osm_id": "1022277031", "osm_type": "way", "highway": "service", "service": null, "embankment": null, "footway": null, "sport": null, "description": null, "sac_scale": null, "mtb:scale:uphill": null, "mtb:scale": null, "incline": null, "tracktype": null, "wheelchair": null, "motor_vehicle": null, "horse": null, "foot": null, "bicycle": null, "lit": null, "junction": null, "old_ref": null, "oneway": null, "layer": null, "bridge": null, "int_name": null, "width": null, "name:uk": null, "name:ru": null, "name:en": null, "smoothness": null, "addr:city": null, "name:etymology:wikidata": null, "cutting": null, "surface": null, "ref_1": null, "ref": null, "name": null, "maxspeed": null, "lanes": null }, "geometry": { "type": "LineString", "coordinates": [ [ 534909.462586122681387, 5562361.353785431012511 ], [ 534926.49821600667201, 5562386.895376212894917 ] ] } },
{ "type": "Feature", "properties": { "full_id": "w1022277034", "osm_id": "1022277034", "osm_type": "way", "highway": "service", "service": null, "embankment": null, "footway": null, "sport": null, "description": null, "sac_scale": null, "mtb:scale:uphill": null, "mtb:scale": null, "incline": null, "tracktype": null, "wheelchair": null, "motor_vehicle": null, "horse": null, "foot": null, "bicycle": null, "lit": null, "junction": null, "old_ref": null, "oneway": null, "layer": null, "bridge": null, "int_name": null, "width": null, "name:uk": null, "name:ru": null, "name:en": null, "smoothness": null, "addr:city": null, "name:etymology:wikidata": null, "cutting": null, "surface": null, "ref_1": null, "ref": null, "name": null, "maxspeed": null, "lanes": null }, "geometry": { "type": "LineString", "coordinates": [ [ 536315.28196876659058, 5561746.126662439666688 ], [ 536240.060767153510824, 5561772.09997587185353 ] ] } },
{ "type": "Feature", "properties": { "full_id": "w1022277035", "osm_id": "1022277035", "osm_type": "way", "highway": "service", "service": null, "embankment": null, "footway": null, "sport": null, "description": null, "sac_scale": null, "mtb:scale:uphill": null, "mtb:scale": null, "incline": null, "tracktype": null, "wheelchair": null, "motor_vehicle": null, "horse": null, "foot": null, "bicycle": null, "lit": null, "junction": null, "old_ref": null, "oneway": null, "layer": null, "bridge": null, "int_name": null, "width": null, "name:uk": null, "name:ru": null, "name:en": null, "smoothness": null, "addr:city": null, "name:etymology:wikidata": null, "cutting": null, "surface": null, "ref_1": null, "ref": null, "name": null, "maxspeed": null, "lanes": null }, "geometry": { "type": "LineString", "coordinates": [ [ 536444.538737518014386, 5561942.187452354468405 ], [ 536394.821474173455499, 5561946.528367701917887 ], [ 536390.251722726621665, 5561946.930764150805771 ], [ 536373.205094404518604, 5561961.380485383793712 ] ] } },
{ "type": "Feature", "properties": { "full_id": "w1022277036", "osm_id": "1022277036", "osm_type": "way", "highway": "service", "service": null, "embankment": null, "footway": null, "sport": null, "description": null, "sac_scale": null, "mtb:scale:uphill": null, "mtb:scale": null, "incline": null, "tracktype": null, "wheelchair": null, "motor_vehicle": null, "horse": null, "foot": null, "bicycle": null, "lit": null, "junction": null, "old_ref": null, "oneway": null, "layer": null, "bridge": null, "int_name": null, "width": null, "name:uk": null, "name:ru": null, "name:en": null, "smoothness": null, "addr:city": null, "name:etymology:wikidata": null, "cutting": null, "surface": null, "ref_1": null, "ref": null, "name": null, "maxspeed": null, "lanes": null }, "geometry": { "type": "LineString", "coordinates": [ [ 536389.996437628986314, 5561870.528313905000687 ], [ 536394.821474173455499, 5561946.528367701917887 ] ] } },
{ "type": "Feature", "properties": { "full_id": "w1022277037", "osm_id": "1022277037", "osm_type": "way", "highway": "service", "service": null, "embankment": null, "footway": null, "sport": null, "description": null, "sac_scale": null, "mtb:scale:uphill": null, "mtb:scale": null, "incline": null, "tracktype": null, "wheelchair": null, "motor_vehicle": null, "horse": null, "foot": null, "bicycle": null, "lit": null, "junction": null, "old_ref": null, "oneway": null, "layer": null, "bridge": null, "int_name": null, "width": null, "name:uk": null, "name:ru": null, "name:en": null, "smoothness": null, "addr:city": null, "name:etymology:wikidata": null, "cutting": null, "surface": null, "ref_1": null, "ref": null, "name": null, "maxspeed": null, "lanes": null }, "geometry": { "type": "LineString", "coordinates": [ [ 536328.027683706604876, 5561933.151276827789843 ], [ 536369.073391708778217, 5561930.062533668242395 ], [ 536390.251722726621665, 5561946.930764150805771 ] ] } },
{ "type": "Feature", "properties": { "full_id": "w1022277038", "osm_id": "1022277038", "osm_type": "way", "highway": "service", "service": null, "embankment": null, "footway": null, "sport": null, "description": null, "sac_scale": null, "mtb:scale:uphill": null, "mtb:scale": null, "incline": null, "tracktype": null, "wheelchair": null, "motor_vehicle": null, "horse": null, "foot": null, "bicycle": null, "lit": null, "junction": null, "old_ref": null, "oneway": null, "layer": null, "bridge": null, "int_name": null, "width": null, "name:uk": null, "name:ru": null, "name:en": null, "smoothness": null, "addr:city": null, "name:etymology:wikidata": null, "cutting": null, "surface": null, "ref_1": null, "ref": null, "name": null, "maxspeed": null, "lanes": null }, "geometry": { "type": "LineString", "coordinates": [ [ 536185.97118632576894, 5561810.549307652749121 ], [ 536194.890309502370656, 5561837.974551327526569 ] ] } },
{ "type": "Feature", "properties": { "full_id": "w1022277039", "osm_id": "1022277039", "osm_type": "way", "highway": "service", "service": null, "embankment": null, "footway": null, "sport": null, "description": null, "sac_scale": null, "mtb:scale:uphill": null, "mtb:scale": null, "incline": null, "tracktype": null, "wheelchair": null, "motor_vehicle": null, "horse": null, "foot": null, "bicycle": null, "lit": null, "junction": null, "old_ref": null, "oneway": null, "layer": null, "bridge": null, "int_name": null, "width": null, "name:uk": null, "name:ru": null, "name:en": null, "smoothness": null, "addr:city": null, "name:etymology:wikidata": null, "cutting": null, "surface": null, "ref_1": null, "ref": null, "name": null, "maxspeed": null, "lanes": null }, "geometry": { "type": "LineString", "coordinates": [ [ 535976.404580963542685, 5561881.325773749500513 ], [ 535984.032714374014176, 5561900.357983009889722 ] ] } },
{ "type": "Feature", "properties": { "full_id": "w1022277040", "osm_id": "1022277040", "osm_type": "way", "highway": "service", "service": null, "embankment": null, "footway": null, "sport": null, "description": null, "sac_scale": null, "mtb:scale:uphill": null, "mtb:scale": null, "incline": null, "tracktype": null, "wheelchair": null, "motor_vehicle": null, "horse": null, "foot": null, "bicycle": null, "lit": null, "junction": null, "old_ref": null, "oneway": null, "layer": null, "bridge": null, "int_name": null, "width": null, "name:uk": null, "name:ru": null, "name:en": null, "smoothness": null, "addr:city": null, "name:etymology:wikidata": null, "cutting": null, "surface": null, "ref_1": null, "ref": null, "name": null, "maxspeed": null, "lanes": null }, "geometry": { "type": "LineString", "coordinates": [ [ 536088.760596514097415, 5561844.581282324157655 ], [ 536093.958425922202878, 5561863.107920160517097 ] ] } },
{ "type": "Feature", "properties": { "full_id": "w1022277041", "osm_id": "1022277041", "osm_type": "way", "highway": "path", "service": null, "embankment": null, "footway": null, "sport": null, "description": null, "sac_scale": null, "mtb:scale:uphill": null, "mtb:scale": null, "incline": null, "tracktype": null, "wheelchair": null, "motor_vehicle": null, "horse": null, "foot": null, "bicycle": null, "lit": null, "junction": null, "old_ref": null, "oneway": null, "layer": null, "bridge": null, "int_name": null, "width": null, "name:uk": null, "name:ru": null, "name:en": null, "smoothness": null, "addr:city": null, "name:etymology:wikidata": null, "cutting": null, "surface": null, "ref_1": null, "ref": null, "name": null, "maxspeed": null, "lanes": null }, "geometry": { "type": "LineString", "coordinates": [ [ 536463.890581520157866, 5561665.316061003133655 ], [ 536490.668380432762206, 5561679.543298806995153 ], [ 536824.645616433117539, 5561558.097345524467528 ] ] } },
{ "type": "Feature", "properties": { "full_id": "w1022277044", "osm_id": "1022277044", "osm_type": "way", "highway": "service", "service": null, "embankment": null, "footway": null, "sport": null, "description": null, "sac_scale": null, "mtb:scale:uphill": null, "mtb:scale": null, "incline": null, "tracktype": null, "wheelchair": null, "motor_vehicle": null, "horse": null, "foot": null, "bicycle": null, "lit": null, "junction": null, "old_ref": null, "oneway": null, "layer": null, "bridge": null, "int_name": null, "width": null, "name:uk": null, "name:ru": null, "name:en": null, "smoothness": null, "addr:city": null, "name:etymology:wikidata": null, "cutting": null, "surface": null, "ref_1": null, "ref": null, "name": null, "maxspeed": null, "lanes": null }, "geometry": { "type": "LineString", "coordinates": [ [ 536459.670607384410687, 5561456.311119804158807 ], [ 536459.401128480094485, 5561519.600291800685227 ], [ 536424.481671815621667, 5561556.166018970310688 ] ] } },
{ "type": "Feature", "properties": { "full_id": "w1022277045", "osm_id": "1022277045", "osm_type": "way", "highway": "service", "service": null, "embankment": null, "footway": null, "sport": null, "description": null, "sac_scale": null, "mtb:scale:uphill": null, "mtb:scale": null, "incline": null, "tracktype": null, "wheelchair": null, "motor_vehicle": null, "horse": null, "foot": null, "bicycle": null, "lit": null, "junction": null, "old_ref": null, "oneway": "yes", "layer": null, "bridge": null, "int_name": null, "width": null, "name:uk": null, "name:ru": null, "name:en": null, "smoothness": null, "addr:city": null, "name:etymology:wikidata": null, "cutting": null, "surface": "asphalt", "ref_1": null, "ref": null, "name": null, "maxspeed": null, "lanes": null }, "geometry": { "type": "LineString", "coordinates": [ [ 536412.455174405011348, 5561540.750206059776247 ], [ 536424.378677289816551, 5561550.361042645759881 ], [ 536424.481671815621667, 5561556.166018970310688 ] ] } },
{ "type": "Feature", "properties": { "full_id": "w1022277046", "osm_id": "1022277046", "osm_type": "way", "highway": "primary", "service": null, "embankment": null, "footway": null, "sport": null, "description": null, "sac_scale": null, "mtb:scale:uphill": null, "mtb:scale": null, "incline": null, "tracktype": null, "wheelchair": null, "motor_vehicle": null, "horse": null, "foot": null, "bicycle": null, "lit": null, "junction": null, "old_ref": null, "oneway": null, "layer": null, "bridge": null, "int_name": null, "width": null, "name:uk": null, "name:ru": null, "name:en": null, "smoothness": null, "addr:city": null, "name:etymology:wikidata": null, "cutting": null, "surface": "asphalt", "ref_1": "P-194", "ref": "20К-В38-0", "name": "Ростовское шоссе", "maxspeed": "60", "lanes": "2" }, "geometry": { "type": "LineString", "coordinates": [ [ 536412.455174405011348, 5561540.750206059776247 ], [ 536413.078498079790734, 5561597.751971040852368 ] ] } },
{ "type": "Feature", "properties": { "full_id": "w1022277047", "osm_id": "1022277047", "osm_type": "way", "highway": "service", "service": null, "embankment": null, "footway": null, "sport": null, "description": null, "sac_scale": null, "mtb:scale:uphill": null, "mtb:scale": null, "incline": null, "tracktype": null, "wheelchair": null, "motor_vehicle": null, "horse": null, "foot": null, "bicycle": null, "lit": null, "junction": null, "old_ref": null, "oneway": "yes", "layer": null, "bridge": null, "int_name": null, "width": null, "name:uk": null, "name:ru": null, "name:en": null, "smoothness": null, "addr:city": null, "name:etymology:wikidata": null, "cutting": null, "surface": "asphalt", "ref_1": null, "ref": null, "name": null, "maxspeed": null, "lanes": null }, "geometry": { "type": "LineString", "coordinates": [ [ 536424.481671815621667, 5561556.166018970310688 ], [ 536424.95627647661604, 5561583.789594056084752 ], [ 536413.078498079790734, 5561597.751971040852368 ] ] } },
{ "type": "Feature", "properties": { "full_id": "w1022277048", "osm_id": "1022277048", "osm_type": "way", "highway": "primary", "service": null, "embankment": null, "footway": null, "sport": null, "description": null, "sac_scale": null, "mtb:scale:uphill": null, "mtb:scale": null, "incline": null, "tracktype": null, "wheelchair": null, "motor_vehicle": null, "horse": null, "foot": null, "bicycle": null, "lit": null, "junction": null, "old_ref": null, "oneway": null, "layer": null, "bridge": null, "int_name": null, "width": null, "name:uk": null, "name:ru": null, "name:en": null, "smoothness": null, "addr:city": null, "name:etymology:wikidata": null, "cutting": null, "surface": "asphalt", "ref_1": "P-194", "ref": "20К-В38-0", "name": "Ростовское шоссе", "maxspeed": "60", "lanes": "2" }, "geometry": { "type": "LineString", "coordinates": [ [ 536413.078498079790734, 5561597.751971040852368 ], [ 536415.21798231464345, 5561649.059918430633843 ] ] } },
{ "type": "Feature", "properties": { "full_id": "w1022277051", "osm_id": "1022277051", "osm_type": "way", "highway": "service", "service": null, "embankment": null, "footway": null, "sport": null, "description": null, "sac_scale": null, "mtb:scale:uphill": null, "mtb:scale": null, "incline": null, "tracktype": null, "wheelchair": null, "motor_vehicle": null, "horse": null, "foot": null, "bicycle": null, "lit": null, "junction": null, "old_ref": null, "oneway": null, "layer": null, "bridge": null, "int_name": null, "width": null, "name:uk": null, "name:ru": null, "name:en": null, "smoothness": null, "addr:city": null, "name:etymology:wikidata": null, "cutting": null, "surface": null, "ref_1": null, "ref": null, "name": null, "maxspeed": null, "lanes": null }, "geometry": { "type": "LineString", "coordinates": [ [ 536418.560955079272389, 5561284.659117901697755 ], [ 536327.373194593354128, 5561264.877346947789192 ], [ 536258.392400282085873, 5561265.340945353731513 ] ] } },
{ "type": "Feature", "properties": { "full_id": "w1022277053", "osm_id": "1022277053", "osm_type": "way", "highway": "service", "service": null, "embankment": null, "footway": null, "sport": null, "description": null, "sac_scale": null, "mtb:scale:uphill": null, "mtb:scale": null, "incline": null, "tracktype": null, "wheelchair": null, "motor_vehicle": null, "horse": null, "foot": null, "bicycle": null, "lit": null, "junction": null, "old_ref": null, "oneway": null, "layer": null, "bridge": null, "int_name": null, "width": null, "name:uk": null, "name:ru": null, "name:en": null, "smoothness": null, "addr:city": null, "name:etymology:wikidata": null, "cutting": null, "surface": null, "ref_1": null, "ref": null, "name": null, "maxspeed": null, "lanes": null }, "geometry": { "type": "LineString", "coordinates": [ [ 536385.995306227123365, 5560916.199004293419421 ], [ 536387.056269413558766, 5560965.631466618739069 ], [ 536392.940462747588754, 5560970.397393184714019 ], [ 536393.854810827295296, 5561003.683659709058702 ], [ 536424.586375962244347, 5561019.505366175435483 ] ] } },
{ "type": "Feature", "properties": { "full_id": "w1022347285", "osm_id": "1022347285", "osm_type": "way", "highway": "track", "service": null, "embankment": null, "footway": null, "sport": null, "description": null, "sac_scale": null, "mtb:scale:uphill": null, "mtb:scale": null, "incline": null, "tracktype": null, "wheelchair": null, "motor_vehicle": null, "horse": null, "foot": null, "bicycle": null, "lit": null, "junction": null, "old_ref": null, "oneway": null, "layer": null, "bridge": null, "int_name": null, "width": null, "name:uk": null, "name:ru": null, "name:en": null, "smoothness": null, "addr:city": null, "name:etymology:wikidata": null, "cutting": null, "surface": null, "ref_1": null, "ref": null, "name": null, "maxspeed": null, "lanes": null }, "geometry": { "type": "LineString", "coordinates": [ [ 536497.1508043295471, 5562460.374201617203653 ], [ 536477.708404821925797, 5562462.286803882569075 ], [ 536459.882994238869287, 5562458.350682376883924 ], [ 536430.842552687739953, 5562463.555714981630445 ], [ 535956.243804551078938, 5562627.994689837098122 ], [ 535895.342593575129285, 5562652.89091688580811 ], [ 535814.886314734118059, 5562679.724328537471592 ], [ 535741.540224429569207, 5562700.802444830536842 ], [ 535641.685295043629594, 5562704.279946121387184 ], [ 535607.545897303847596, 5562709.444168769754469 ], [ 535465.112102851271629, 5562799.326132371090353 ], [ 535418.826229129452258, 5562816.864194115623832 ], [ 535216.378954256419092, 5562861.965283553116024 ], [ 535135.077099962159991, 5562892.539393196813762 ], [ 534388.547190023353323, 5563019.145971744321287 ], [ 534374.64839143678546, 5563029.219142764806747 ], [ 534356.59729483386036, 5563062.504803813062608 ], [ 534323.734327069600113, 5563077.181331771425903 ], [ 534318.267259426764213, 5563077.512989769689739 ] ] } },
{ "type": "Feature", "properties": { "full_id": "w1022347286", "osm_id": "1022347286", "osm_type": "way", "highway": "service", "service": null, "embankment": null, "footway": null, "sport": null, "description": null, "sac_scale": null, "mtb:scale:uphill": null, "mtb:scale": null, "incline": null, "tracktype": null, "wheelchair": null, "motor_vehicle": null, "horse": null, "foot": null, "bicycle": null, "lit": null, "junction": null, "old_ref": null, "oneway": null, "layer": null, "bridge": null, "int_name": null, "width": null, "name:uk": null, "name:ru": null, "name:en": null, "smoothness": null, "addr:city": null, "name:etymology:wikidata": null, "cutting": null, "surface": null, "ref_1": null, "ref": null, "name": null, "maxspeed": null, "lanes": null }, "geometry": { "type": "LineString", "coordinates": [ [ 536524.259907757281326, 5562439.255653883330524 ], [ 536536.399074615212157, 5562439.995050367899239 ], [ 536580.759756299317814, 5562443.01301377825439 ], [ 536595.633609484415501, 5562448.663848706521094 ], [ 536608.958501538378187, 5562464.767340589314699 ], [ 536612.631959589896724, 5562472.198084527626634 ] ] } },
{ "type": "Feature", "properties": { "full_id": "w1022347287", "osm_id": "1022347287", "osm_type": "way", "highway": "service", "service": null, "embankment": null, "footway": null, "sport": null, "description": null, "sac_scale": null, "mtb:scale:uphill": null, "mtb:scale": null, "incline": null, "tracktype": null, "wheelchair": null, "motor_vehicle": null, "horse": null, "foot": null, "bicycle": null, "lit": null, "junction": null, "old_ref": null, "oneway": "no", "layer": null, "bridge": null, "int_name": null, "width": null, "name:uk": null, "name:ru": null, "name:en": null, "smoothness": null, "addr:city": null, "name:etymology:wikidata": null, "cutting": null, "surface": null, "ref_1": null, "ref": null, "name": null, "maxspeed": null, "lanes": null }, "geometry": { "type": "LineString", "coordinates": [ [ 536524.259907757281326, 5562439.255653883330524 ], [ 536505.916731337667443, 5562436.939243441447616 ], [ 536494.249467434477992, 5562428.775454263202846 ] ] } },
{ "type": "Feature", "properties": { "full_id": "w1022347288", "osm_id": "1022347288", "osm_type": "way", "highway": "service", "service": null, "embankment": null, "footway": null, "sport": null, "description": null, "sac_scale": null, "mtb:scale:uphill": null, "mtb:scale": null, "incline": null, "tracktype": null, "wheelchair": null, "motor_vehicle": null, "horse": null, "foot": null, "bicycle": null, "lit": null, "junction": null, "old_ref": null, "oneway": null, "layer": null, "bridge": null, "int_name": null, "width": null, "name:uk": null, "name:ru": null, "name:en": null, "smoothness": null, "addr:city": null, "name:etymology:wikidata": null, "cutting": null, "surface": null, "ref_1": null, "ref": null, "name": null, "maxspeed": null, "lanes": null }, "geometry": { "type": "LineString", "coordinates": [ [ 536536.399074615212157, 5562439.995050367899239 ], [ 536537.395786527777091, 5562410.191021130420268 ], [ 536570.994006239110604, 5562409.443382079713047 ], [ 536575.472541724797338, 5562353.755299288779497 ] ] } },
{ "type": "Feature", "properties": { "full_id": "w1022347290", "osm_id": "1022347290", "osm_type": "way", "highway": "primary", "service": null, "embankment": null, "footway": null, "sport": null, "description": null, "sac_scale": null, "mtb:scale:uphill": null, "mtb:scale": null, "incline": null, "tracktype": null, "wheelchair": null, "motor_vehicle": null, "horse": null, "foot": null, "bicycle": null, "lit": null, "junction": null, "old_ref": null, "oneway": null, "layer": null, "bridge": null, "int_name": null, "width": null, "name:uk": null, "name:ru": null, "name:en": null, "smoothness": null, "addr:city": null, "name:etymology:wikidata": null, "cutting": null, "surface": "asphalt", "ref_1": "P-194", "ref": "20К-В38-0", "name": "Ростовское шоссе", "maxspeed": "60", "lanes": "2" }, "geometry": { "type": "LineString", "coordinates": [ [ 536497.1508043295471, 5562460.374201617203653 ], [ 536500.543464852380566, 5562497.313593392260373 ], [ 536520.523699830751866, 5562697.653975753113627 ], [ 536535.645711833029054, 5562887.297713593579829 ], [ 536537.254718611598946, 5562915.840940916910768 ] ] } },
{ "type": "Feature", "properties": { "full_id": "w1022347291", "osm_id": "1022347291", "osm_type": "way", "highway": "primary", "service": null, "embankment": null, "footway": null, "sport": null, "description": null, "sac_scale": null, "mtb:scale:uphill": null, "mtb:scale": null, "incline": null, "tracktype": null, "wheelchair": null, "motor_vehicle": null, "horse": null, "foot": null, "bicycle": null, "lit": null, "junction": null, "old_ref": null, "oneway": null, "layer": null, "bridge": null, "int_name": null, "width": null, "name:uk": null, "name:ru": null, "name:en": null, "smoothness": null, "addr:city": null, "name:etymology:wikidata": null, "cutting": null, "surface": "asphalt", "ref_1": "P-194", "ref": null, "name": "Ростовское шоссе", "maxspeed": "60", "lanes": "2" }, "geometry": { "type": "LineString", "coordinates": [ [ 536494.249467434477992, 5562428.775454263202846 ], [ 536497.1508043295471, 5562460.374201617203653 ] ] } },
{ "type": "Feature", "properties": { "full_id": "w1022347292", "osm_id": "1022347292", "osm_type": "way", "highway": "service", "service": null, "embankment": null, "footway": null, "sport": null, "description": null, "sac_scale": null, "mtb:scale:uphill": null, "mtb:scale": null, "incline": null, "tracktype": null, "wheelchair": null, "motor_vehicle": null, "horse": null, "foot": null, "bicycle": null, "lit": null, "junction": null, "old_ref": null, "oneway": "no", "layer": null, "bridge": null, "int_name": null, "width": null, "name:uk": null, "name:ru": null, "name:en": null, "smoothness": null, "addr:city": null, "name:etymology:wikidata": null, "cutting": null, "surface": null, "ref_1": null, "ref": null, "name": null, "maxspeed": null, "lanes": null }, "geometry": { "type": "LineString", "coordinates": [ [ 536612.631959589896724, 5562472.198084527626634 ], [ 536615.136922305915505, 5562485.602979792281985 ] ] } },
{ "type": "Feature", "properties": { "full_id": "w1022347293", "osm_id": "1022347293", "osm_type": "way", "highway": "primary", "service": null, "embankment": null, "footway": null, "sport": null, "description": null, "sac_scale": null, "mtb:scale:uphill": null, "mtb:scale": null, "incline": null, "tracktype": null, "wheelchair": null, "motor_vehicle": null, "horse": null, "foot": null, "bicycle": null, "lit": null, "junction": null, "old_ref": null, "oneway": null, "layer": "1", "bridge": null, "int_name": null, "width": null, "name:uk": null, "name:ru": null, "name:en": null, "smoothness": null, "addr:city": null, "name:etymology:wikidata": null, "cutting": null, "surface": "asphalt", "ref_1": null, "ref": null, "name": null, "maxspeed": "60", "lanes": "2" }, "geometry": { "type": "LineString", "coordinates": [ [ 536615.136922305915505, 5562485.602979792281985 ], [ 536617.736008884850889, 5562485.331767317838967 ], [ 536626.825908889062703, 5562484.349128158763051 ], [ 536752.763599445810542, 5562472.841902290470898 ], [ 536867.180611867690459, 5562468.229612696915865 ], [ 536907.987569145392627, 5562467.133772493340075 ], [ 536940.123547352384776, 5562466.2782495142892 ], [ 537033.521312878001481, 5562468.717823254875839 ], [ 537179.030970572377555, 5562475.803923103958368 ], [ 537205.607823419268243, 5562477.101662853732705 ], [ 537574.172007664688863, 5562492.256949056871235 ], [ 537904.022855896037072, 5562505.849730430170894 ], [ 537988.445381204131991, 5562508.053109996020794 ], [ 538097.843996071955189, 5562519.821373053826392 ], [ 538268.714038861566223, 5562534.268738185986876 ], [ 538298.619260897510685, 5562538.008789828978479 ], [ 538445.81370045861695, 5562556.416741698980331 ], [ 538452.564622141420841, 5562554.297260141931474 ], [ 538535.037819028948434, 5562563.478195599280298 ], [ 538596.141980923828669, 5562569.569816670380533 ], [ 538716.934879945474677, 5562582.067329370416701 ], [ 538825.998668722808361, 5562585.553116506896913 ], [ 538852.325463049579412, 5562584.833543074317276 ], [ 538901.941598878474906, 5562584.084213182330132 ], [ 538934.398318008519709, 5562583.25420558732003 ], [ 538984.556686160620302, 5562581.542228783480823 ], [ 538989.466465989360586, 5562581.433660201728344 ] ] } },
{ "type": "Feature", "properties": { "full_id": "w1022347294", "osm_id": "1022347294", "osm_type": "way", "highway": "service", "service": null, "embankment": null, "footway": null, "sport": null, "description": null, "sac_scale": null, "mtb:scale:uphill": null, "mtb:scale": null, "incline": null, "tracktype": null, "wheelchair": null, "motor_vehicle": null, "horse": null, "foot": null, "bicycle": null, "lit": null, "junction": null, "old_ref": null, "oneway": null, "layer": null, "bridge": null, "int_name": null, "width": null, "name:uk": null, "name:ru": null, "name:en": null, "smoothness": null, "addr:city": null, "name:etymology:wikidata": null, "cutting": null, "surface": null, "ref_1": null, "ref": null, "name": null, "maxspeed": null, "lanes": null }, "geometry": { "type": "LineString", "coordinates": [ [ 536492.972954129450954, 5562416.190757287666202 ], [ 536512.141232701484114, 5562409.539501116611063 ], [ 536521.816092176246457, 5562402.356120645068586 ], [ 536536.270603580749594, 5562383.897241786122322 ], [ 536541.409574140561745, 5562320.307842768728733 ], [ 536564.390431139734574, 5562317.541360286064446 ], [ 536565.195535509847105, 5562342.632058748044074 ] ] } },
{ "type": "Feature", "properties": { "full_id": "w1022347295", "osm_id": "1022347295", "osm_type": "way", "highway": "primary", "service": null, "embankment": null, "footway": null, "sport": null, "description": null, "sac_scale": null, "mtb:scale:uphill": null, "mtb:scale": null, "incline": null, "tracktype": null, "wheelchair": null, "motor_vehicle": null, "horse": null, "foot": null, "bicycle": null, "lit": null, "junction": null, "old_ref": null, "oneway": null, "layer": null, "bridge": null, "int_name": null, "width": null, "name:uk": null, "name:ru": null, "name:en": null, "smoothness": null, "addr:city": null, "name:etymology:wikidata": null, "cutting": null, "surface": "asphalt", "ref_1": "P-194", "ref": "20К-В38-0", "name": "Ростовское шоссе", "maxspeed": "60", "lanes": "2" }, "geometry": { "type": "LineString", "coordinates": [ [ 536492.972954129450954, 5562416.190757287666202 ], [ 536494.249467434477992, 5562428.775454263202846 ] ] } },
{ "type": "Feature", "properties": { "full_id": "w1022347297", "osm_id": "1022347297", "osm_type": "way", "highway": "track", "service": null, "embankment": null, "footway": null, "sport": null, "description": null, "sac_scale": null, "mtb:scale:uphill": null, "mtb:scale": null, "incline": null, "tracktype": null, "wheelchair": null, "motor_vehicle": null, "horse": null, "foot": null, "bicycle": null, "lit": null, "junction": null, "old_ref": null, "oneway": null, "layer": null, "bridge": null, "int_name": null, "width": null, "name:uk": null, "name:ru": null, "name:en": null, "smoothness": null, "addr:city": null, "name:etymology:wikidata": null, "cutting": null, "surface": null, "ref_1": null, "ref": null, "name": null, "maxspeed": null, "lanes": null }, "geometry": { "type": "LineString", "coordinates": [ [ 537179.030970572377555, 5562475.803923103958368 ], [ 537116.061468998668715, 5563204.981493161059916 ], [ 537126.126533255679533, 5563223.576562874950469 ] ] } },
{ "type": "Feature", "properties": { "full_id": "w1022347298", "osm_id": "1022347298", "osm_type": "way", "highway": "service", "service": null, "embankment": null, "footway": null, "sport": null, "description": null, "sac_scale": null, "mtb:scale:uphill": null, "mtb:scale": null, "incline": null, "tracktype": null, "wheelchair": null, "motor_vehicle": null, "horse": null, "foot": null, "bicycle": null, "lit": null, "junction": null, "old_ref": null, "oneway": null, "layer": null, "bridge": null, "int_name": null, "width": null, "name:uk": null, "name:ru": null, "name:en": null, "smoothness": null, "addr:city": null, "name:etymology:wikidata": null, "cutting": null, "surface": null, "ref_1": null, "ref": null, "name": null, "maxspeed": null, "lanes": null }, "geometry": { "type": "LineString", "coordinates": [ [ 537572.653660440817475, 5562431.434566718526185 ], [ 537574.172007664688863, 5562492.256949056871235 ] ] } },
{ "type": "Feature", "properties": { "full_id": "w1022347353", "osm_id": "1022347353", "osm_type": "way", "highway": "service", "service": null, "embankment": null, "footway": null, "sport": null, "description": null, "sac_scale": null, "mtb:scale:uphill": null, "mtb:scale": null, "incline": null, "tracktype": null, "wheelchair": null, "motor_vehicle": null, "horse": null, "foot": null, "bicycle": null, "lit": null, "junction": null, "old_ref": null, "oneway": null, "layer": null, "bridge": null, "int_name": null, "width": null, "name:uk": null, "name:ru": null, "name:en": null, "smoothness": null, "addr:city": null, "name:etymology:wikidata": null, "cutting": null, "surface": null, "ref_1": null, "ref": null, "name": null, "maxspeed": null, "lanes": null }, "geometry": { "type": "LineString", "coordinates": [ [ 536425.256073887459934, 5560976.923091541044414 ], [ 536482.731077957083471, 5560977.094366307370365 ] ] } },
{ "type": "Feature", "properties": { "full_id": "w1123842352", "osm_id": "1123842352", "osm_type": "way", "highway": "track", "service": null, "embankment": null, "footway": null, "sport": null, "description": null, "sac_scale": null, "mtb:scale:uphill": null, "mtb:scale": null, "incline": null, "tracktype": null, "wheelchair": null, "motor_vehicle": null, "horse": null, "foot": null, "bicycle": null, "lit": null, "junction": null, "old_ref": null, "oneway": null, "layer": null, "bridge": null, "int_name": null, "width": null, "name:uk": null, "name:ru": null, "name:en": null, "smoothness": null, "addr:city": null, "name:etymology:wikidata": null, "cutting": null, "surface": null, "ref_1": null, "ref": null, "name": null, "maxspeed": null, "lanes": null }, "geometry": { "type": "LineString", "coordinates": [ [ 537136.126694867038168, 5562357.239093312993646 ], [ 537226.243912952602841, 5562358.680628715083003 ], [ 537256.806054906803183, 5562367.678841926157475 ], [ 537329.550523370620795, 5562364.752909218892455 ] ] } },
{ "type": "Feature", "properties": { "full_id": "w1123842353", "osm_id": "1123842353", "osm_type": "way", "highway": "track", "service": null, "embankment": null, "footway": null, "sport": null, "description": null, "sac_scale": null, "mtb:scale:uphill": null, "mtb:scale": null, "incline": null, "tracktype": null, "wheelchair": null, "motor_vehicle": null, "horse": null, "foot": null, "bicycle": null, "lit": null, "junction": null, "old_ref": null, "oneway": null, "layer": null, "bridge": null, "int_name": null, "width": null, "name:uk": null, "name:ru": null, "name:en": null, "smoothness": null, "addr:city": null, "name:etymology:wikidata": null, "cutting": null, "surface": null, "ref_1": null, "ref": null, "name": null, "maxspeed": null, "lanes": null }, "geometry": { "type": "LineString", "coordinates": [ [ 537514.844014183152467, 5562324.080826154910028 ], [ 537500.531005393713713, 5562327.015494031831622 ], [ 537482.925973087316379, 5562327.280603625811636 ], [ 537465.59973755327519, 5562341.658168260939419 ], [ 537455.51463134912774, 5562360.289872728288174 ], [ 537441.701861789450049, 5562365.162983361631632 ], [ 537398.449200906092301, 5562364.858749881386757 ] ] } },
{ "type": "Feature", "properties": { "full_id": "w1125327561", "osm_id": "1125327561", "osm_type": "way", "highway": "service", "service": null, "embankment": null, "footway": null, "sport": null, "description": null, "sac_scale": null, "mtb:scale:uphill": null, "mtb:scale": null, "incline": null, "tracktype": null, "wheelchair": null, "motor_vehicle": null, "horse": null, "foot": null, "bicycle": null, "lit": null, "junction": null, "old_ref": null, "oneway": null, "layer": null, "bridge": null, "int_name": null, "width": null, "name:uk": null, "name:ru": null, "name:en": null, "smoothness": null, "addr:city": null, "name:etymology:wikidata": null, "cutting": null, "surface": null, "ref_1": null, "ref": null, "name": null, "maxspeed": null, "lanes": null }, "geometry": { "type": "LineString", "coordinates": [ [ 535732.062630828586407, 5561970.256960112601519 ], [ 535705.008925907546654, 5561886.480573108419776 ], [ 535703.805322409840301, 5561608.546095065772533 ] ] } },
{ "type": "Feature", "properties": { "full_id": "w1125327562", "osm_id": "1125327562", "osm_type": "way", "highway": "service", "service": null, "embankment": null, "footway": null, "sport": null, "description": null, "sac_scale": null, "mtb:scale:uphill": null, "mtb:scale": null, "incline": null, "tracktype": null, "wheelchair": null, "motor_vehicle": null, "horse": null, "foot": null, "bicycle": null, "lit": null, "junction": null, "old_ref": null, "oneway": null, "layer": null, "bridge": null, "int_name": null, "width": null, "name:uk": null, "name:ru": null, "name:en": null, "smoothness": null, "addr:city": null, "name:etymology:wikidata": null, "cutting": null, "surface": null, "ref_1": null, "ref": null, "name": null, "maxspeed": null, "lanes": null }, "geometry": { "type": "LineString", "coordinates": [ [ 535703.805322409840301, 5561608.546095065772533 ], [ 535624.031605119933374, 5561610.112982553429902 ], [ 535617.450977265601978, 5561610.246839960105717 ], [ 535501.212812295532785, 5561612.538997516036034 ] ] } },
{ "type": "Feature", "properties": { "full_id": "w1125327563", "osm_id": "1125327563", "osm_type": "way", "highway": "service", "service": null, "embankment": null, "footway": null, "sport": null, "description": null, "sac_scale": null, "mtb:scale:uphill": null, "mtb:scale": null, "incline": null, "tracktype": null, "wheelchair": null, "motor_vehicle": null, "horse": null, "foot": null, "bicycle": null, "lit": null, "junction": null, "old_ref": null, "oneway": null, "layer": null, "bridge": null, "int_name": null, "width": null, "name:uk": null, "name:ru": null, "name:en": null, "smoothness": null, "addr:city": null, "name:etymology:wikidata": null, "cutting": null, "surface": null, "ref_1": null, "ref": null, "name": null, "maxspeed": null, "lanes": null }, "geometry": { "type": "LineString", "coordinates": [ [ 535703.805322409840301, 5561608.546095065772533 ], [ 535759.884188631782308, 5561611.546809865161777 ] ] } },
{ "type": "Feature", "properties": { "full_id": "w1125327564", "osm_id": "1125327564", "osm_type": "way", "highway": "service", "service": null, "embankment": null, "footway": null, "sport": null, "description": null, "sac_scale": null, "mtb:scale:uphill": null, "mtb:scale": null, "incline": null, "tracktype": null, "wheelchair": null, "motor_vehicle": null, "horse": null, "foot": null, "bicycle": null, "lit": null, "junction": null, "old_ref": null, "oneway": null, "layer": null, "bridge": null, "int_name": null, "width": null, "name:uk": null, "name:ru": null, "name:en": null, "smoothness": null, "addr:city": null, "name:etymology:wikidata": null, "cutting": null, "surface": "unpaved", "ref_1": null, "ref": null, "name": null, "maxspeed": null, "lanes": null }, "geometry": { "type": "LineString", "coordinates": [ [ 535513.339434032444842, 5561151.325919917784631 ], [ 535545.093071569572203, 5561154.351077218540013 ], [ 535538.513027778593823, 5561248.365009219385684 ], [ 535292.213949740980752, 5561247.181857779622078 ], [ 535282.777569771744311, 5561151.593721999786794 ] ] } },
{ "type": "Feature", "properties": { "full_id": "w1125327565", "osm_id": "1125327565", "osm_type": "way", "highway": "residential", "service": null, "embankment": null, "footway": null, "sport": null, "description": null, "sac_scale": null, "mtb:scale:uphill": null, "mtb:scale": null, "incline": null, "tracktype": null, "wheelchair": null, "motor_vehicle": null, "horse": null, "foot": null, "bicycle": null, "lit": null, "junction": null, "old_ref": null, "oneway": null, "layer": null, "bridge": null, "int_name": null, "width": null, "name:uk": null, "name:ru": null, "name:en": null, "smoothness": null, "addr:city": null, "name:etymology:wikidata": null, "cutting": null, "surface": "unpaved", "ref_1": null, "ref": null, "name": "Рождественская улица", "maxspeed": null, "lanes": null }, "geometry": { "type": "LineString", "coordinates": [ [ 535314.073454074328765, 5561151.556668324396014 ], [ 535282.777569771744311, 5561151.593721999786794 ], [ 535286.660104052163661, 5561120.37434394005686 ] ] } },
{ "type": "Feature", "properties": { "full_id": "w1125553587", "osm_id": "1125553587", "osm_type": "way", "highway": "service", "service": null, "embankment": null, "footway": null, "sport": null, "description": null, "sac_scale": null, "mtb:scale:uphill": null, "mtb:scale": null, "incline": null, "tracktype": null, "wheelchair": null, "motor_vehicle": null, "horse": null, "foot": null, "bicycle": null, "lit": null, "junction": null, "old_ref": null, "oneway": null, "layer": null, "bridge": null, "int_name": null, "width": null, "name:uk": null, "name:ru": null, "name:en": null, "smoothness": null, "addr:city": null, "name:etymology:wikidata": null, "cutting": null, "surface": "unpaved", "ref_1": null, "ref": null, "name": null, "maxspeed": null, "lanes": null }, "geometry": { "type": "LineString", "coordinates": [ [ 537242.639257837552577, 5562235.604358423501253 ], [ 537252.191335769603029, 5562243.087824110873044 ], [ 537337.129752893233672, 5562248.642464629374444 ], [ 537402.09366383543238, 5562263.609504633583128 ] ] } },
{ "type": "Feature", "properties": { "full_id": "w1125554166", "osm_id": "1125554166", "osm_type": "way", "highway": "service", "service": null, "embankment": null, "footway": null, "sport": null, "description": null, "sac_scale": null, "mtb:scale:uphill": null, "mtb:scale": null, "incline": null, "tracktype": null, "wheelchair": null, "motor_vehicle": null, "horse": null, "foot": null, "bicycle": null, "lit": null, "junction": null, "old_ref": null, "oneway": null, "layer": null, "bridge": null, "int_name": null, "width": null, "name:uk": null, "name:ru": null, "name:en": null, "smoothness": null, "addr:city": null, "name:etymology:wikidata": null, "cutting": null, "surface": null, "ref_1": null, "ref": null, "name": null, "maxspeed": null, "lanes": null }, "geometry": { "type": "LineString", "coordinates": [ [ 536671.67205187655054, 5561625.9027691911906 ], [ 536682.813867882592604, 5561658.748147140257061 ] ] } },
{ "type": "Feature", "properties": { "full_id": "w1125554474", "osm_id": "1125554474", "osm_type": "way", "highway": "service", "service": null, "embankment": null, "footway": null, "sport": null, "description": null, "sac_scale": null, "mtb:scale:uphill": null, "mtb:scale": null, "incline": null, "tracktype": null, "wheelchair": null, "motor_vehicle": null, "horse": null, "foot": null, "bicycle": null, "lit": null, "junction": null, "old_ref": null, "oneway": null, "layer": null, "bridge": null, "int_name": null, "width": null, "name:uk": null, "name:ru": null, "name:en": null, "smoothness": null, "addr:city": null, "name:etymology:wikidata": null, "cutting": null, "surface": null, "ref_1": null, "ref": null, "name": null, "maxspeed": null, "lanes": null }, "geometry": { "type": "LineString", "coordinates": [ [ 536938.231778265326284, 5561526.949946086853743 ], [ 536949.952714935061522, 5561558.410001677460968 ] ] } },
{ "type": "Feature", "properties": { "full_id": "w1125554475", "osm_id": "1125554475", "osm_type": "way", "highway": "service", "service": null, "embankment": null, "footway": null, "sport": null, "description": null, "sac_scale": null, "mtb:scale:uphill": null, "mtb:scale": null, "incline": null, "tracktype": null, "wheelchair": null, "motor_vehicle": null, "horse": null, "foot": null, "bicycle": null, "lit": null, "junction": null, "old_ref": null, "oneway": null, "layer": null, "bridge": null, "int_name": null, "width": null, "name:uk": null, "name:ru": null, "name:en": null, "smoothness": null, "addr:city": null, "name:etymology:wikidata": null, "cutting": null, "surface": null, "ref_1": null, "ref": null, "name": null, "maxspeed": null, "lanes": null }, "geometry": { "type": "LineString", "coordinates": [ [ 536857.769538145046681, 5561557.58167830016464 ], [ 536904.747708744253032, 5561673.003216376528144 ], [ 537032.926165354787372, 5561628.471356143243611 ] ] } },
{ "type": "Feature", "properties": { "full_id": "w1125554849", "osm_id": "1125554849", "osm_type": "way", "highway": "service", "service": null, "embankment": null, "footway": null, "sport": null, "description": null, "sac_scale": null, "mtb:scale:uphill": null, "mtb:scale": null, "incline": null, "tracktype": null, "wheelchair": null, "motor_vehicle": null, "horse": null, "foot": null, "bicycle": null, "lit": null, "junction": null, "old_ref": null, "oneway": null, "layer": null, "bridge": null, "int_name": null, "width": null, "name:uk": null, "name:ru": null, "name:en": null, "smoothness": null, "addr:city": null, "name:etymology:wikidata": null, "cutting": null, "surface": null, "ref_1": null, "ref": null, "name": null, "maxspeed": null, "lanes": null }, "geometry": { "type": "LineString", "coordinates": [ [ 537099.87760888482444, 5561454.753732353448868 ], [ 537127.15207802481018, 5561511.252134542912245 ] ] } },
{ "type": "Feature", "properties": { "full_id": "w1125555130", "osm_id": "1125555130", "osm_type": "way", "highway": "service", "service": null, "embankment": null, "footway": null, "sport": null, "description": null, "sac_scale": null, "mtb:scale:uphill": null, "mtb:scale": null, "incline": null, "tracktype": null, "wheelchair": null, "motor_vehicle": null, "horse": null, "foot": null, "bicycle": null, "lit": null, "junction": null, "old_ref": null, "oneway": null, "layer": null, "bridge": null, "int_name": null, "width": null, "name:uk": null, "name:ru": null, "name:en": null, "smoothness": null, "addr:city": null, "name:etymology:wikidata": null, "cutting": null, "surface": null, "ref_1": null, "ref": null, "name": null, "maxspeed": null, "lanes": null }, "geometry": { "type": "LineString", "coordinates": [ [ 537065.242067929473706, 5561945.707981542684138 ], [ 537044.038226791191846, 5561928.703430408611894 ] ] } },
{ "type": "Feature", "properties": { "full_id": "w1125574529", "osm_id": "1125574529", "osm_type": "way", "highway": "service", "service": null, "embankment": null, "footway": null, "sport": null, "description": null, "sac_scale": null, "mtb:scale:uphill": null, "mtb:scale": null, "incline": null, "tracktype": null, "wheelchair": null, "motor_vehicle": null, "horse": null, "foot": null, "bicycle": null, "lit": null, "junction": null, "old_ref": null, "oneway": null, "layer": null, "bridge": null, "int_name": null, "width": null, "name:uk": null, "name:ru": null, "name:en": null, "smoothness": null, "addr:city": null, "name:etymology:wikidata": null, "cutting": null, "surface": null, "ref_1": null, "ref": null, "name": null, "maxspeed": null, "lanes": null }, "geometry": { "type": "LineString", "coordinates": [ [ 537114.163576805149205, 5561424.275249880738556 ], [ 537119.351230192463845, 5561445.860652613453567 ] ] } },
{ "type": "Feature", "properties": { "full_id": "w1201619407", "osm_id": "1201619407", "osm_type": "way", "highway": "primary_link", "service": null, "embankment": null, "footway": null, "sport": null, "description": null, "sac_scale": null, "mtb:scale:uphill": null, "mtb:scale": null, "incline": null, "tracktype": null, "wheelchair": null, "motor_vehicle": null, "horse": null, "foot": null, "bicycle": null, "lit": null, "junction": null, "old_ref": null, "oneway": "yes", "layer": null, "bridge": null, "int_name": null, "width": null, "name:uk": null, "name:ru": null, "name:en": null, "smoothness": null, "addr:city": null, "name:etymology:wikidata": null, "cutting": null, "surface": null, "ref_1": null, "ref": null, "name": null, "maxspeed": null, "lanes": null }, "geometry": { "type": "LineString", "coordinates": [ [ 536494.249467434477992, 5562428.775454263202846 ], [ 536501.111280997050926, 5562454.074486145749688 ], [ 536502.930438210256398, 5562467.641409005969763 ], [ 536509.155778268817812, 5562480.660366022028029 ], [ 536523.654040676541626, 5562488.009677566587925 ], [ 536549.346855289652012, 5562492.322521700523794 ] ] } },
{ "type": "Feature", "properties": { "full_id": "w1217509041", "osm_id": "1217509041", "osm_type": "way", "highway": "path", "service": null, "embankment": null, "footway": null, "sport": null, "description": null, "sac_scale": null, "mtb:scale:uphill": null, "mtb:scale": null, "incline": null, "tracktype": null, "wheelchair": null, "motor_vehicle": null, "horse": "no", "foot": null, "bicycle": null, "lit": null, "junction": null, "old_ref": null, "oneway": null, "layer": null, "bridge": null, "int_name": null, "width": "1", "name:uk": null, "name:ru": null, "name:en": null, "smoothness": null, "addr:city": null, "name:etymology:wikidata": null, "cutting": null, "surface": "ground", "ref_1": null, "ref": null, "name": null, "maxspeed": null, "lanes": null }, "geometry": { "type": "LineString", "coordinates": [ [ 537374.821818148950115, 5561100.248100780881941 ], [ 537414.783448347239755, 5561151.877858475781977 ] ] } },
{ "type": "Feature", "properties": { "full_id": "w1430634303", "osm_id": "1430634303", "osm_type": "way", "highway": "path", "service": null, "embankment": null, "footway": null, "sport": null, "description": null, "sac_scale": null, "mtb:scale:uphill": null, "mtb:scale": null, "incline": null, "tracktype": null, "wheelchair": null, "motor_vehicle": null, "horse": null, "foot": null, "bicycle": null, "lit": null, "junction": null, "old_ref": null, "oneway": null, "layer": null, "bridge": null, "int_name": null, "width": null, "name:uk": null, "name:ru": null, "name:en": null, "smoothness": null, "addr:city": null, "name:etymology:wikidata": null, "cutting": null, "surface": null, "ref_1": null, "ref": null, "name": null, "maxspeed": null, "lanes": null }, "geometry": { "type": "LineString", "coordinates": [ [ 534812.956150973099284, 5560880.181217586621642 ], [ 534807.331943311961368, 5561031.877653535455465 ], [ 534796.135161219979636, 5561261.995115368627012 ], [ 534797.677774457610212, 5561292.394113461486995 ] ] } },
{ "type": "Feature", "properties": { "full_id": "w1430634304", "osm_id": "1430634304", "osm_type": "way", "highway": "path", "service": null, "embankment": null, "footway": null, "sport": null, "description": null, "sac_scale": null, "mtb:scale:uphill": null, "mtb:scale": null, "incline": null, "tracktype": null, "wheelchair": null, "motor_vehicle": null, "horse": null, "foot": null, "bicycle": null, "lit": null, "junction": null, "old_ref": null, "oneway": null, "layer": null, "bridge": null, "int_name": null, "width": null, "name:uk": null, "name:ru": null, "name:en": null, "smoothness": null, "addr:city": null, "name:etymology:wikidata": null, "cutting": null, "surface": null, "ref_1": null, "ref": null, "name": null, "maxspeed": null, "lanes": null }, "geometry": { "type": "LineString", "coordinates": [ [ 534977.978346819058061, 5560856.289309938438237 ], [ 534970.030528464121744, 5561039.382231878116727 ], [ 534956.93708892154973, 5561287.72255005966872 ], [ 534950.125040255021304, 5561497.987418086268008 ] ] } },
{ "type": "Feature", "properties": { "full_id": "w1430634305", "osm_id": "1430634305", "osm_type": "way", "highway": "path", "service": null, "embankment": null, "footway": null, "sport": null, "description": null, "sac_scale": null, "mtb:scale:uphill": null, "mtb:scale": null, "incline": null, "tracktype": null, "wheelchair": null, "motor_vehicle": null, "horse": null, "foot": null, "bicycle": null, "lit": null, "junction": null, "old_ref": null, "oneway": null, "layer": null, "bridge": null, "int_name": null, "width": null, "name:uk": null, "name:ru": null, "name:en": null, "smoothness": null, "addr:city": null, "name:etymology:wikidata": null, "cutting": null, "surface": null, "ref_1": null, "ref": null, "name": null, "maxspeed": null, "lanes": null }, "geometry": { "type": "LineString", "coordinates": [ [ 534850.487662536441348, 5561506.329431965015829 ], [ 534866.660624007810839, 5561493.003313270397484 ], [ 534950.125040255021304, 5561497.987418086268008 ], [ 535131.898127875523642, 5561504.599449932575226 ], [ 535169.658135929494165, 5561496.920839259400964 ] ] } },
{ "type": "Feature", "properties": { "full_id": "w1430634306", "osm_id": "1430634306", "osm_type": "way", "highway": "path", "service": null, "embankment": null, "footway": null, "sport": null, "description": null, "sac_scale": null, "mtb:scale:uphill": null, "mtb:scale": null, "incline": null, "tracktype": null, "wheelchair": null, "motor_vehicle": null, "horse": null, "foot": null, "bicycle": null, "lit": null, "junction": null, "old_ref": null, "oneway": null, "layer": null, "bridge": null, "int_name": null, "width": null, "name:uk": null, "name:ru": null, "name:en": null, "smoothness": null, "addr:city": null, "name:etymology:wikidata": null, "cutting": null, "surface": null, "ref_1": null, "ref": null, "name": null, "maxspeed": null, "lanes": null }, "geometry": { "type": "LineString", "coordinates": [ [ 535145.306958007626235, 5561380.430244312621653 ], [ 535144.230670347809792, 5561276.480298944748938 ], [ 535146.270763213164173, 5561108.048145413398743 ], [ 535151.768917479086667, 5560956.36222992092371 ], [ 535153.550396399921738, 5560907.082348615862429 ], [ 535156.482564541394822, 5560826.231398217380047 ] ] } },
{ "type": "Feature", "properties": { "full_id": "w1430634307", "osm_id": "1430634307", "osm_type": "way", "highway": "path", "service": null, "embankment": null, "footway": null, "sport": null, "description": null, "sac_scale": null, "mtb:scale:uphill": null, "mtb:scale": null, "incline": null, "tracktype": null, "wheelchair": null, "motor_vehicle": null, "horse": null, "foot": null, "bicycle": null, "lit": null, "junction": null, "old_ref": null, "oneway": null, "layer": null, "bridge": null, "int_name": null, "width": null, "name:uk": null, "name:ru": null, "name:en": null, "smoothness": null, "addr:city": null, "name:etymology:wikidata": null, "cutting": null, "surface": null, "ref_1": null, "ref": null, "name": null, "maxspeed": null, "lanes": null }, "geometry": { "type": "LineString", "coordinates": [ [ 535153.550396399921738, 5560907.082348615862429 ], [ 535255.04995029408019, 5560869.370031321421266 ] ] } },
{ "type": "Feature", "properties": { "full_id": "w1430634308", "osm_id": "1430634308", "osm_type": "way", "highway": "path", "service": null, "embankment": null, "footway": null, "sport": null, "description": null, "sac_scale": null, "mtb:scale:uphill": null, "mtb:scale": null, "incline": null, "tracktype": null, "wheelchair": null, "motor_vehicle": null, "horse": null, "foot": null, "bicycle": null, "lit": null, "junction": null, "old_ref": null, "oneway": null, "layer": null, "bridge": null, "int_name": null, "width": null, "name:uk": null, "name:ru": null, "name:en": null, "smoothness": null, "addr:city": null, "name:etymology:wikidata": null, "cutting": null, "surface": null, "ref_1": null, "ref": null, "name": null, "maxspeed": null, "lanes": null }, "geometry": { "type": "LineString", "coordinates": [ [ 535151.768917479086667, 5560956.36222992092371 ], [ 535259.318091355613433, 5560954.482842448167503 ] ] } },
{ "type": "Feature", "properties": { "full_id": "w1430634309", "osm_id": "1430634309", "osm_type": "way", "highway": "path", "service": null, "embankment": null, "footway": null, "sport": null, "description": null, "sac_scale": null, "mtb:scale:uphill": null, "mtb:scale": null, "incline": null, "tracktype": null, "wheelchair": null, "motor_vehicle": null, "horse": null, "foot": null, "bicycle": null, "lit": null, "junction": null, "old_ref": null, "oneway": null, "layer": null, "bridge": null, "int_name": null, "width": null, "name:uk": null, "name:ru": null, "name:en": null, "smoothness": null, "addr:city": null, "name:etymology:wikidata": null, "cutting": null, "surface": null, "ref_1": null, "ref": null, "name": null, "maxspeed": null, "lanes": null }, "geometry": { "type": "LineString", "coordinates": [ [ 534539.840901869465597, 5561020.705874098464847 ], [ 534566.332691000192426, 5561026.393007194623351 ], [ 534631.028274057433009, 5561027.869906060397625 ], [ 534807.331943311961368, 5561031.877653535455465 ], [ 534970.030528464121744, 5561039.382231878116727 ], [ 535003.044783627381548, 5561038.609643220901489 ], [ 535011.366986365523189, 5561050.495266416110098 ], [ 535025.172817650600336, 5561055.511932557448745 ], [ 535055.078033825499006, 5561015.301458818838 ], [ 535081.29619166534394, 5561011.537993738427758 ], [ 535146.270763213164173, 5561108.048145413398743 ] ] } },
{ "type": "Feature", "properties": { "full_id": "w1430634310", "osm_id": "1430634310", "osm_type": "way", "highway": "path", "service": null, "embankment": null, "footway": null, "sport": null, "description": null, "sac_scale": null, "mtb:scale:uphill": null, "mtb:scale": null, "incline": null, "tracktype": null, "wheelchair": null, "motor_vehicle": null, "horse": null, "foot": null, "bicycle": null, "lit": null, "junction": null, "old_ref": null, "oneway": null, "layer": null, "bridge": null, "int_name": null, "width": null, "name:uk": null, "name:ru": null, "name:en": null, "smoothness": null, "addr:city": null, "name:etymology:wikidata": null, "cutting": null, "surface": null, "ref_1": null, "ref": null, "name": null, "maxspeed": null, "lanes": null }, "geometry": { "type": "LineString", "coordinates": [ [ 534529.077403955510817, 5561003.212184456177056 ], [ 534577.096955329296179, 5560966.841560679487884 ], [ 534593.89397772680968, 5560967.451076322235167 ], [ 534597.677338619832881, 5560992.605152644217014 ], [ 534631.028274057433009, 5561027.869906060397625 ] ] } },
{ "type": "Feature", "properties": { "full_id": "w1430634311", "osm_id": "1430634311", "osm_type": "way", "highway": "path", "service": null, "embankment": null, "footway": null, "sport": null, "description": null, "sac_scale": null, "mtb:scale:uphill": null, "mtb:scale": null, "incline": null, "tracktype": null, "wheelchair": null, "motor_vehicle": null, "horse": null, "foot": null, "bicycle": null, "lit": null, "junction": null, "old_ref": null, "oneway": null, "layer": null, "bridge": null, "int_name": null, "width": null, "name:uk": null, "name:ru": null, "name:en": null, "smoothness": null, "addr:city": null, "name:etymology:wikidata": null, "cutting": null, "surface": null, "ref_1": null, "ref": null, "name": null, "maxspeed": null, "lanes": null }, "geometry": { "type": "LineString", "coordinates": [ [ 534810.038985032937489, 5561315.25830006133765 ], [ 534956.93708892154973, 5561287.72255005966872 ], [ 535144.230670347809792, 5561276.480298944748938 ] ] } },
{ "type": "Feature", "properties": { "full_id": "w1430634312", "osm_id": "1430634312", "osm_type": "way", "highway": "path", "service": null, "embankment": null, "footway": null, "sport": null, "description": null, "sac_scale": null, "mtb:scale:uphill": null, "mtb:scale": null, "incline": null, "tracktype": null, "wheelchair": null, "motor_vehicle": null, "horse": null, "foot": null, "bicycle": null, "lit": null, "junction": null, "old_ref": null, "oneway": null, "layer": null, "bridge": null, "int_name": null, "width": null, "name:uk": null, "name:ru": null, "name:en": null, "smoothness": null, "addr:city": null, "name:etymology:wikidata": null, "cutting": null, "surface": null, "ref_1": null, "ref": null, "name": null, "maxspeed": null, "lanes": null }, "geometry": { "type": "LineString", "coordinates": [ [ 535206.712015877128579, 5561353.282600549049675 ], [ 535270.385897975414991, 5561368.326059338636696 ], [ 535352.899206976639107, 5561387.820799793116748 ], [ 535405.258793764631264, 5561406.371134296990931 ], [ 535413.538946464192122, 5561469.394642360508442 ], [ 535430.554736922378652, 5561484.063029140233994 ], [ 535429.582848161458969, 5561509.986693846061826 ] ] } },
{ "type": "Feature", "properties": { "full_id": "w1430634313", "osm_id": "1430634313", "osm_type": "way", "highway": "path", "service": null, "embankment": null, "footway": null, "sport": null, "description": null, "sac_scale": null, "mtb:scale:uphill": null, "mtb:scale": null, "incline": null, "tracktype": null, "wheelchair": null, "motor_vehicle": null, "horse": null, "foot": null, "bicycle": null, "lit": null, "junction": null, "old_ref": null, "oneway": null, "layer": null, "bridge": null, "int_name": null, "width": null, "name:uk": null, "name:ru": null, "name:en": null, "smoothness": null, "addr:city": null, "name:etymology:wikidata": null, "cutting": null, "surface": null, "ref_1": null, "ref": null, "name": null, "maxspeed": null, "lanes": null }, "geometry": { "type": "LineString", "coordinates": [ [ 535352.191520309308544, 5561457.822997028008103 ], [ 535366.227501179091632, 5561409.747597700916231 ], [ 535352.899206976639107, 5561387.820799793116748 ] ] } },
{ "type": "Feature", "properties": { "full_id": "w1430634314", "osm_id": "1430634314", "osm_type": "way", "highway": "path", "service": null, "embankment": null, "footway": null, "sport": null, "description": null, "sac_scale": null, "mtb:scale:uphill": null, "mtb:scale": null, "incline": null, "tracktype": null, "wheelchair": null, "motor_vehicle": null, "horse": null, "foot": null, "bicycle": null, "lit": null, "junction": null, "old_ref": null, "oneway": null, "layer": null, "bridge": null, "int_name": null, "width": null, "name:uk": null, "name:ru": null, "name:en": null, "smoothness": null, "addr:city": null, "name:etymology:wikidata": null, "cutting": null, "surface": null, "ref_1": null, "ref": null, "name": null, "maxspeed": null, "lanes": null }, "geometry": { "type": "LineString", "coordinates": [ [ 535260.76652721920982, 5561485.592786461114883 ], [ 535267.048733002040535, 5561431.439121250063181 ], [ 535270.385897975414991, 5561368.326059338636696 ], [ 535269.251472268486395, 5561351.050325515680015 ], [ 535279.664785948814824, 5561340.155756103806198 ], [ 535282.630296071176417, 5561328.822649098932743 ], [ 535283.914625877980143, 5561284.732169796712697 ], [ 535292.213949740980752, 5561247.181857779622078 ] ] } },
{ "type": "Feature", "properties": { "full_id": "w1430634315", "osm_id": "1430634315", "osm_type": "way", "highway": "path", "service": null, "embankment": null, "footway": null, "sport": null, "description": null, "sac_scale": null, "mtb:scale:uphill": null, "mtb:scale": null, "incline": null, "tracktype": null, "wheelchair": null, "motor_vehicle": null, "horse": null, "foot": null, "bicycle": null, "lit": null, "junction": null, "old_ref": null, "oneway": null, "layer": null, "bridge": null, "int_name": null, "width": null, "name:uk": null, "name:ru": null, "name:en": null, "smoothness": null, "addr:city": null, "name:etymology:wikidata": null, "cutting": null, "surface": null, "ref_1": null, "ref": null, "name": null, "maxspeed": null, "lanes": null }, "geometry": { "type": "LineString", "coordinates": [ [ 535617.450977265601978, 5561610.246839960105717 ], [ 535617.933998936321586, 5561600.987716638483107 ], [ 535612.382247696281411, 5561596.669637979008257 ], [ 535593.771963303326629, 5561558.050194489769638 ], [ 535505.367542284657247, 5561560.995532269589603 ], [ 535496.666245858534239, 5561561.29329879861325 ] ] } },
{ "type": "Feature", "properties": { "full_id": "w1430634316", "osm_id": "1430634316", "osm_type": "way", "highway": "path", "service": null, "embankment": null, "footway": null, "sport": null, "description": null, "sac_scale": null, "mtb:scale:uphill": null, "mtb:scale": null, "incline": null, "tracktype": null, "wheelchair": null, "motor_vehicle": null, "horse": null, "foot": null, "bicycle": null, "lit": null, "junction": null, "old_ref": null, "oneway": null, "layer": null, "bridge": null, "int_name": null, "width": null, "name:uk": null, "name:ru": null, "name:en": null, "smoothness": null, "addr:city": null, "name:etymology:wikidata": null, "cutting": null, "surface": null, "ref_1": null, "ref": null, "name": null, "maxspeed": null, "lanes": null }, "geometry": { "type": "LineString", "coordinates": [ [ 535400.579563680803403, 5561528.307254233397543 ], [ 535391.95224532391876, 5561543.227523197419941 ], [ 535388.478805304155685, 5561560.094592518173158 ], [ 535390.513118220842443, 5561577.198438758961856 ], [ 535397.838388800388202, 5561592.791901310905814 ], [ 535409.72293423069641, 5561605.291197001934052 ], [ 535424.940647011972032, 5561613.420596773736179 ], [ 535441.955645922920667, 5561616.34707282204181 ], [ 535459.035698108840734, 5561613.792235962115228 ], [ 535474.430818272987381, 5561606.00016292091459 ], [ 535486.58710360142868, 5561593.772182813845575 ], [ 535494.254574868362397, 5561578.345294313505292 ], [ 535496.666245858534239, 5561561.29329879861325 ], [ 535493.945879083825275, 5561545.452429505996406 ], [ 535486.669531526276842, 5561531.115637268871069 ], [ 535475.492386751226149, 5561519.554905633442104 ], [ 535461.39248784747906, 5561511.788630168884993 ], [ 535445.621377617120743, 5561508.492326223291457 ], [ 535429.582848161458969, 5561509.986693846061826 ], [ 535413.580320687848143, 5561516.796359876170754 ], [ 535400.579563680803403, 5561528.307254233397543 ] ] } },
{ "type": "Feature", "properties": { "full_id": "w1430634318", "osm_id": "1430634318", "osm_type": "way", "highway": "path", "service": null, "embankment": null, "footway": null, "sport": null, "description": null, "sac_scale": null, "mtb:scale:uphill": null, "mtb:scale": null, "incline": null, "tracktype": null, "wheelchair": null, "motor_vehicle": null, "horse": null, "foot": null, "bicycle": null, "lit": null, "junction": null, "old_ref": null, "oneway": null, "layer": null, "bridge": null, "int_name": null, "width": null, "name:uk": null, "name:ru": null, "name:en": null, "smoothness": null, "addr:city": null, "name:etymology:wikidata": null, "cutting": null, "surface": null, "ref_1": null, "ref": null, "name": null, "maxspeed": null, "lanes": null }, "geometry": { "type": "LineString", "coordinates": [ [ 535501.212812295532785, 5561612.538997516036034 ], [ 535505.367542284657247, 5561560.995532269589603 ] ] } },
{ "type": "Feature", "properties": { "full_id": "w1430638834", "osm_id": "1430638834", "osm_type": "way", "highway": "path", "service": null, "embankment": null, "footway": null, "sport": null, "description": null, "sac_scale": null, "mtb:scale:uphill": null, "mtb:scale": null, "incline": null, "tracktype": null, "wheelchair": null, "motor_vehicle": null, "horse": null, "foot": null, "bicycle": null, "lit": null, "junction": null, "old_ref": null, "oneway": null, "layer": null, "bridge": null, "int_name": null, "width": null, "name:uk": null, "name:ru": null, "name:en": null, "smoothness": null, "addr:city": null, "name:etymology:wikidata": null, "cutting": null, "surface": null, "ref_1": null, "ref": null, "name": null, "maxspeed": null, "lanes": null }, "geometry": { "type": "LineString", "coordinates": [ [ 535145.306958007626235, 5561380.430244312621653 ], [ 535165.277424677857198, 5561381.195968899875879 ], [ 535188.050154382479377, 5561389.886091930791736 ], [ 535205.3137963777408, 5561408.213623080402613 ], [ 535267.048733002040535, 5561431.439121250063181 ], [ 535305.725311222369783, 5561445.994954159483314 ], [ 535352.191520309308544, 5561457.822997028008103 ], [ 535372.196652969229035, 5561486.610285628587008 ], [ 535400.579563680803403, 5561528.307254233397543 ] ] } },
{ "type": "Feature", "properties": { "full_id": "w1430638835", "osm_id": "1430638835", "osm_type": "way", "highway": "path", "service": null, "embankment": null, "footway": null, "sport": null, "description": null, "sac_scale": null, "mtb:scale:uphill": null, "mtb:scale": null, "incline": null, "tracktype": null, "wheelchair": null, "motor_vehicle": null, "horse": null, "foot": null, "bicycle": null, "lit": null, "junction": null, "old_ref": null, "oneway": null, "layer": null, "bridge": null, "int_name": null, "width": null, "name:uk": null, "name:ru": null, "name:en": null, "smoothness": null, "addr:city": null, "name:etymology:wikidata": null, "cutting": null, "surface": null, "ref_1": null, "ref": null, "name": null, "maxspeed": null, "lanes": null }, "geometry": { "type": "LineString", "coordinates": [ [ 535131.898127875523642, 5561504.599449932575226 ], [ 535145.306958007626235, 5561380.430244312621653 ] ] } }
]
}
