{
"type": "FeatureCollection",
"name": "QNEAT",
"crs": { "type": "name", "properties": { "name": "urn:ogc:def:crs:EPSG::32637" } },
"features": [
{ "type": "Feature", "properties": { "id": 4, "cost_level": 1500.0 }, "geometry": { "type": "Polygon", "coordinates": [ [ [ 682252.078754354733974, 5665646.914211021736264 ], [ 682262.11746324878186, 5665647.050767636857927 ], [ 682271.217053748317994, 5665656.127438884228468 ], [ 682272.156172142829746, 5665656.127438884228468 ], [ 682282.194881036877632, 5665656.127438884228468 ], [ 682292.233589930809103, 5665656.127438884228468 ], [ 682293.210273194592446, 5665656.127438884228468 ], [ 682302.272298824856989, 5665647.178354105912149 ], [ 682312.311007718904875, 5665647.20602357108146 ], [ 682322.349716612952761, 5665647.233521501533687 ], [ 682332.388425507000647, 5665647.26085139811039 ], [ 682342.427134400932118, 5665647.154073243960738 ], [ 682352.465843294980004, 5665647.034228341653943 ], [ 682353.413337221019901, 5665646.086526435799897 ], [ 682362.504552189027891, 5665637.362954310141504 ], [ 682372.543261083075777, 5665637.389248880557716 ], [ 682382.581969977123663, 5665637.316456253640354 ], [ 682392.620678870938718, 5665637.202014742419124 ], [ 682402.65938776510302, 5665637.084547026082873 ], [ 682412.698096659150906, 5665636.963931459002197 ], [ 682413.616212598397397, 5665636.045613988302648 ], [ 682422.736805553082377, 5665627.469830943271518 ], [ 682432.775514447246678, 5665627.360435436479747 ], [ 682442.814223341294564, 5665627.248213836923242 ], [ 682452.852932235226035, 5665627.13305326923728 ], [ 682462.891641129157506, 5665627.014837738126516 ], [ 682472.930350023438223, 5665626.893444050103426 ], [ 682473.81889749225229, 5665626.004701539874077 ], [ 682482.969058917369694, 5665617.402787822298706 ], [ 682493.00776781141758, 5665617.292720357887447 ], [ 682503.04647670534905, 5665617.17980055231601 ], [ 682513.085185599396937, 5665617.063914127647877 ], [ 682523.123894493328407, 5665616.944943621754646 ], [ 682533.162603387492709, 5665616.822764256037772 ], [ 682534.021390043431893, 5665615.963789091445506 ], [ 682543.201312281540595, 5665607.335584973916411 ], [ 682553.24002117535565, 5665607.22483934275806 ], [ 682563.278730069519952, 5665607.111214792355895 ], [ 682573.317438963567838, 5665606.994595629163086 ], [ 682583.356147857615724, 5665606.874862889759243 ], [ 682593.39485675166361, 5665606.751890194602311 ], [ 682594.223688369616866, 5665605.922876643016934 ], [ 682603.433565645711496, 5665597.26822092756629 ], [ 682613.472274539642967, 5665597.156790842302144 ], [ 682623.510983433574438, 5665597.042454929091036 ], [ 682633.54969232773874, 5665596.925096054561436 ], [ 682643.58840122167021, 5665596.804593733511865 ], [ 682653.627110115834512, 5665596.680819956585765 ], [ 682654.425790562992916, 5665595.881964194588363 ], [ 682663.665819009765983, 5665587.200694196857512 ], [ 682673.704527903813869, 5665587.088573291897774 ], [ 682683.743236797861755, 5665586.973519315943122 ], [ 682693.781945691909641, 5665586.855413667857647 ], [ 682703.820654586073942, 5665586.734134322032332 ], [ 682713.859363480005413, 5665586.609551611356437 ], [ 682714.627694690949284, 5665585.841051747091115 ], [ 682723.898072373820469, 5665577.133003274910152 ], [ 682733.93678126798477, 5665577.020185106433928 ], [ 682743.975490162032656, 5665576.90440628118813 ], [ 682754.014199056080543, 5665576.785546710714698 ], [ 682764.052907950128429, 5665576.663482799194753 ], [ 682774.091616844059899, 5665576.538083197548985 ], [ 682774.829398795147426, 5665575.800139298662543 ], [ 682784.130325738107786, 5665567.065146639943123 ], [ 682794.169034632155672, 5665566.951624684035778 ], [ 682804.207743526203558, 5665566.835114136338234 ], [ 682814.246452420251444, 5665566.715493401512504 ], [ 682824.285161314182915, 5665566.592637286521494 ], [ 682825.118388851755299, 5665565.759226851165295 ], [ 682834.323870208230801, 5665557.108452271670103 ], [ 682844.362579102278687, 5665556.997122745960951 ], [ 682854.401287996326573, 5665556.882890395820141 ], [ 682864.439996890374459, 5665556.76564116962254 ], [ 682874.47870578430593, 5665556.64525193348527 ], [ 682884.517414678353816, 5665556.521595878526568 ], [ 682885.320519867818803, 5665555.718314402736723 ], [ 682894.556123572401702, 5665547.040949441492558 ], [ 682904.594832466449589, 5665546.928930033929646 ], [ 682914.633541360497475, 5665546.813980598933995 ], [ 682924.672250254545361, 5665546.695985645055771 ], [ 682934.710959148476832, 5665546.574820480309427 ], [ 682944.749668042641133, 5665546.450356645509601 ], [ 682945.522453103098087, 5665545.677401954308152 ], [ 682954.788376936572604, 5665536.973282642662525 ], [ 682964.82708583062049, 5665536.860566920600832 ], [ 682974.865794724668376, 5665536.744893628172576 ], [ 682984.904503618599847, 5665536.62614580988884 ], [ 682994.943212512764148, 5665536.504197189584374 ], [ 683004.981921406812035, 5665536.378917634487152 ], [ 683005.724186602863483, 5665535.636489506810904 ], [ 683015.020630300743505, 5665526.905450354330242 ], [ 683025.059339194791391, 5665526.792031803168356 ], [ 683035.098048088839278, 5665526.675627795048058 ], [ 683045.136756982887164, 5665526.556119884364307 ], [ 683055.175465876818635, 5665526.433380182832479 ], [ 683065.214174770866521, 5665526.307276862673461 ], [ 683065.925718387123197, 5665525.595577059313655 ], [ 683075.252883664914407, 5665516.837451035156846 ], [ 683085.291592558962293, 5665516.723323062062263 ], [ 683095.330301452893764, 5665516.606182373128831 ], [ 683105.36901034694165, 5665516.485906065441668 ], [ 683115.407719240989536, 5665516.362367562949657 ], [ 683125.446428135037422, 5665516.235432324931026 ], [ 683126.127046449459158, 5665515.554664609953761 ], [ 683135.485137029085308, 5665506.769283126108348 ], [ 683145.523845923133194, 5665506.654439053498209 ], [ 683155.56255481694825, 5665506.536553674377501 ], [ 683165.601263711112551, 5665506.415502529591322 ], [ 683175.639972605160438, 5665506.291157401166856 ], [ 683185.678681499324739, 5665506.163381985388696 ], [ 683186.328168756794184, 5665505.51375216152519 ], [ 683195.71739039325621, 5665496.700945049524307 ], [ 683205.756099287187681, 5665496.585378115996718 ], [ 683215.794808181235567, 5665496.466740923002362 ], [ 683225.833517075283453, 5665496.344907430000603 ], [ 683235.872225969331339, 5665496.219747750088573 ], [ 683245.910934863379225, 5665496.091123786754906 ], [ 683246.529083248693496, 5665495.472839714027941 ], [ 683255.949643757310696, 5665486.632435204461217 ], [ 683265.988352651358582, 5665486.516138563863933 ], [ 683276.027061545406468, 5665486.39674234110862 ], [ 683286.065770439454354, 5665486.274118890985847 ], [ 683296.10447933350224, 5665486.14813662879169 ], [ 683306.143188227550127, 5665486.018655637279153 ], [ 683306.729787837364711, 5665485.43192726559937 ], [ 683316.181897121481597, 5665476.563751973211765 ], [ 683326.220606015529484, 5665476.446718692779541 ], [ 683336.25931490957737, 5665476.326556133106351 ], [ 683346.298023803625256, 5665476.20313501637429 ], [ 683356.336732697789557, 5665476.076322036795318 ], [ 683366.375441591604613, 5665475.945975422859192 ], [ 683366.93028040684294, 5665475.391014817170799 ], [ 683376.414150485652499, 5665466.494893718510866 ], [ 683386.452859379700385, 5665466.377116776071489 ], [ 683396.491568273748271, 5665466.256180476397276 ], [ 683406.530277167796157, 5665466.131953886710107 ], [ 683416.568986061727628, 5665466.004301944747567 ], [ 683426.607694955775514, 5665465.873080998659134 ], [ 683427.130558812641539, 5665465.35010236967355 ], [ 683436.646403849706985, 5665456.425858777947724 ], [ 683446.685112743871287, 5665456.307331061922014 ], [ 683456.723821637919173, 5665456.185613526962698 ], [ 683466.762530531967059, 5665456.060573550872505 ], [ 683476.801239426014945, 5665455.932074293494225 ], [ 683486.839948319946416, 5665455.799970188178122 ], [ 683487.330620881402865, 5665455.309189921244979 ], [ 683496.878657213994302, 5665446.356645470485091 ], [ 683506.917366107925773, 5665446.237359780818224 ], [ 683516.956075002090074, 5665446.114853413775563 ], [ 683526.994783896021545, 5665445.988992037251592 ], [ 683537.033492790069431, 5665445.859637000598013 ], [ 683547.072201684117317, 5665445.726640790700912 ], [ 683547.530464410083368, 5665445.268277472816408 ], [ 683557.110910578165203, 5665436.28725209645927 ], [ 683567.149619472213089, 5665436.167201137170196 ], [ 683577.188328366260976, 5665436.043898246251047 ], [ 683587.227037260192446, 5665435.917207349091768 ], [ 683597.265746154240333, 5665435.786987953819335 ], [ 683597.825246269698255, 5665435.227365025319159 ], [ 683607.304455048288219, 5665426.020887386985123 ], [ 683617.343163942336105, 5665425.930366781540215 ], [ 683627.381872836383991, 5665425.838047380559146 ], [ 683637.420581730315462, 5665425.743877219036222 ], [ 683647.459290624479763, 5665425.653613550588489 ], [ 683647.926349075743929, 5665425.186452576890588 ], [ 683657.497999518527649, 5665415.662284383550286 ], [ 683667.53670841245912, 5665415.656850066967309 ], [ 683668.047906140214764, 5665415.145540128462017 ], [ 683677.575417306507006, 5665405.736624927259982 ], [ 683687.614126200438477, 5665405.600431520491838 ], [ 683688.109821233898401, 5665405.104627679102123 ], [ 683697.652835094486363, 5665395.680598040111363 ], [ 683707.691543988534249, 5665395.543962433002889 ], [ 683717.730252882582135, 5665395.403307619504631 ], [ 683718.069770744070411, 5665395.063715232536197 ], [ 683727.768961776630022, 5665385.487443666905165 ], [ 683737.807670670677908, 5665385.346324747428298 ], [ 683738.131121635320596, 5665385.022802784107625 ], [ 683747.846379564609379, 5665375.430872750468552 ], [ 683757.885088458657265, 5665375.2892896970734 ], [ 683758.192420359235257, 5665374.981890335679054 ], [ 683767.923797352705151, 5665365.374250542372465 ], [ 683777.962506246753037, 5665365.232199903577566 ], [ 683778.253664351301268, 5665364.940977888181806 ], [ 683788.001215140800923, 5665355.317577916197479 ], [ 683798.039924034732394, 5665355.175056245177984 ], [ 683798.314854491152801, 5665354.900065439753234 ], [ 683808.07863292878028, 5665345.260852369479835 ], [ 683818.117341822828166, 5665345.117859615944326 ], [ 683818.375991672975942, 5665344.859152991324663 ], [ 683828.156050716876052, 5665335.204075903631747 ], [ 683838.194759610923938, 5665335.060607424937189 ], [ 683838.437073302688077, 5665334.818240543827415 ], [ 683848.233468504855409, 5665325.147245997563004 ], [ 683858.272177398903295, 5665325.003301724791527 ], [ 683858.498101437697187, 5665324.777328094467521 ], [ 683868.310886292834766, 5665315.090363521128893 ], [ 683878.349595186999068, 5665314.945939906872809 ], [ 683878.559073465294205, 5665314.736415646970272 ], [ 683888.388304081046954, 5665305.033429358154535 ], [ 683898.42701297509484, 5665304.888522858731449 ], [ 683898.619990275823511, 5665304.695503198541701 ], [ 683908.465721868909895, 5665294.976440960541368 ], [ 683918.504430763074197, 5665294.831051486544311 ], [ 683918.680852773133665, 5665294.654590751044452 ], [ 683928.543139657122083, 5665284.91940035764128 ], [ 683938.581848551169969, 5665284.773523147217929 ], [ 683938.741658315761015, 5665284.613678303547204 ], [ 683948.620557445217855, 5665274.862304982729256 ], [ 683958.659266339149326, 5665274.715939926914871 ], [ 683958.802408990566619, 5665274.572765855118632 ], [ 683968.697975233313628, 5665264.805155716836452 ], [ 683978.736684127128683, 5665264.658299164846539 ], [ 683978.863102135830559, 5665264.531853406690061 ], [ 683988.775393021292984, 5665254.747953452169895 ], [ 683998.814101915340871, 5665254.600601760670543 ], [ 683998.923738652491011, 5665254.49094095826149 ], [ 684008.852810809388757, 5665244.690695594996214 ], [ 684018.891519703320228, 5665244.542848631739616 ], [ 684018.984319454873912, 5665244.450028509832919 ], [ 684028.930228597368114, 5665234.633384203538299 ], [ 684038.968937491416, 5665234.485037083737552 ], [ 684039.044841851689853, 5665234.409116061404347 ], [ 684049.007646385463886, 5665224.57601666264236 ], [ 684059.046355279511772, 5665224.427169235423207 ], [ 684059.105307960533537, 5665224.368203613907099 ], [ 684069.085064173443243, 5665214.518593863584101 ], [ 684079.123773067491129, 5665214.369242373853922 ], [ 684079.165715069160797, 5665214.327291165478528 ], [ 684089.162481961539015, 5665204.461116711609066 ], [ 684099.201190855586901, 5665204.311257410794497 ], [ 684100.838764398358762, 5665204.286378717049956 ], [ 684109.239899749634787, 5665199.834696440026164 ], [ 684119.278608643566258, 5665194.25321527197957 ], [ 684119.787791105918586, 5665194.245466268621385 ], [ 684129.317317537614144, 5665189.195841182023287 ], [ 684138.736750463955104, 5665184.204553821124136 ], [ 684139.356026431662031, 5665183.876402703113854 ], [ 684149.394735325709917, 5665178.556985672563314 ], [ 684157.685776288970374, 5665174.163641372695565 ], [ 684159.433444219757803, 5665173.237568642012775 ], [ 684169.472153113922104, 5665167.918108968064189 ], [ 684176.634726600372232, 5665164.122728925198317 ], [ 684179.51086200773716, 5665162.598691936582327 ], [ 684189.549570901785046, 5665157.279274906031787 ], [ 684195.583709015510976, 5665154.081816476769745 ], [ 684199.588279795832932, 5665151.959824242629111 ], [ 684209.626988689880818, 5665146.640398198738694 ], [ 684214.532707701437175, 5665144.040904028341174 ], [ 684219.665697583928704, 5665141.320981169119477 ], [ 684229.704406477860175, 5665136.001555637456477 ], [ 684233.481708209146746, 5665133.999991579912603 ], [ 684239.743115371908061, 5665130.682104462757707 ], [ 684249.781824265955947, 5665125.362687432207167 ], [ 684252.430688802385703, 5665123.959079133346677 ], [ 684259.820533160003833, 5665120.043270401656628 ], [ 684269.85924205405172, 5665114.723810725845397 ], [ 684271.379639113671146, 5665113.918166683986783 ], [ 684279.89795094798319, 5665109.404393695294857 ], [ 684289.936659842031077, 5665104.084976664744318 ], [ 684290.328666760702617, 5665103.877254235558212 ], [ 684299.975368736078963, 5665098.765538699924946 ], [ 684309.27762611862272, 5665093.836341788060963 ], [ 684310.014077630126849, 5665093.446099959313869 ], [ 684320.052786524174735, 5665088.126682927832007 ], [ 684328.226651004399173, 5665083.795429339632392 ], [ 684330.091495418222621, 5665082.807265897281468 ], [ 684340.130204312270507, 5665077.487806221470237 ], [ 684347.175601315684617, 5665073.754516891203821 ], [ 684350.168913206318393, 5665072.168389190919697 ], [ 684360.207622100249864, 5665066.848972160369158 ], [ 684366.124584670178592, 5665063.713604443706572 ], [ 684370.24633099429775, 5665061.529521762393415 ], [ 684380.285039888345636, 5665056.21009545493871 ], [ 684385.073582416633144, 5665053.672691995278001 ], [ 684390.323748782277107, 5665050.89067842438817 ], [ 684400.362457676324993, 5665045.571253156289458 ], [ 684404.022583863814361, 5665043.63177954684943 ], [ 684410.40116657037288, 5665040.2518017180264 ], [ 684420.439875464420766, 5665034.932384686544538 ], [ 684422.971563517698087, 5665033.590867098420858 ], [ 684430.478584358468652, 5665029.612967656925321 ], [ 684440.517293252516538, 5665024.293507981114089 ], [ 684441.92051382898353, 5665023.54995465092361 ], [ 684450.556002146448009, 5665018.97409095056355 ], [ 684460.594711040495895, 5665013.654673920013011 ], [ 684460.869542415370233, 5665013.509042202495039 ], [ 684470.633419934427366, 5665008.335214244201779 ], [ 684479.818494929932058, 5665003.468129754066467 ], [ 684480.672128828591667, 5665003.015797212719917 ], [ 684490.710837722639553, 5664997.6963801831007 ], [ 684498.767461131210439, 5664993.427217306569219 ], [ 684500.749546616571024, 5664992.376924969255924 ], [ 684510.78825551061891, 5664987.05750347673893 ], [ 684517.716476030997001, 5664983.386304858140647 ], [ 684520.826964404666796, 5664981.738086447119713 ], [ 684530.865673298714682, 5664976.418656363151968 ], [ 684536.665460324962623, 5664973.345392409712076 ], [ 684540.904382192762569, 5664971.099209740757942 ], [ 684550.943091086694039, 5664965.77979270927608 ], [ 684555.614457131945528, 5664963.304479960352182 ], [ 684560.981799980741926, 5664960.460375678725541 ], [ 684571.020508874789812, 5664955.140916003845632 ], [ 684574.563407443230972, 5664953.263567513786256 ], [ 684581.059217768837698, 5664949.821498973295093 ], [ 684591.097926662885584, 5664944.502081941813231 ], [ 684593.512418876518495, 5664943.222655065357685 ], [ 684601.13663555693347, 5664939.182639424689114 ], [ 684611.175344450864941, 5664933.863205236382782 ], [ 684612.461388544179499, 5664933.181742616929114 ], [ 684621.214053344912827, 5664928.594154161401093 ], [ 684631.252762238844298, 5664923.22437081951648 ], [ 684631.410418070154265, 5664923.140830170363188 ], [ 684641.291471133008599, 5664918.034703468903899 ], [ 684650.403817065758631, 5664913.099917721003294 ], [ 684651.330180027056485, 5664912.623735845088959 ], [ 684661.368888920987956, 5664907.489649446681142 ], [ 684669.455198346637189, 5664903.059005272574723 ], [ 684671.407597815035842, 5664902.042892855592072 ], [ 684681.446306709083728, 5664896.958406097255647 ], [ 684688.729873613920063, 5664893.018092825077474 ], [ 684691.485015603131615, 5664891.583465412259102 ], [ 684701.523724497295916, 5664886.440386794507504 ], [ 684708.013074670452625, 5664882.977180376648903 ], [ 684711.562433391110972, 5664881.129010877572 ], [ 684721.601142285158858, 5664875.935124172829092 ], [ 684727.296253829961643, 5664872.936267928220332 ], [ 684731.639851179206744, 5664870.674517408013344 ], [ 684741.67856007325463, 5664865.447299713268876 ], [ 684746.579481322318316, 5664862.89535547979176 ], [ 684751.717268967302516, 5664860.220062873326242 ], [ 684761.755977861350402, 5664854.992816139943898 ], [ 684765.862634046236053, 5664852.854443032294512 ], [ 684771.794686755281873, 5664849.76558138243854 ], [ 684781.833395649213344, 5664844.538361604325473 ], [ 684785.145861538476311, 5664842.813530583865941 ], [ 684791.872104543377645, 5664839.311114870011806 ], [ 684801.910813437425531, 5664834.08386813569814 ], [ 684804.429033017950132, 5664832.772618135437369 ], [ 684811.949522331473418, 5664828.856660334393382 ], [ 684821.988231225521304, 5664823.629413601011038 ], [ 684823.712241754401475, 5664822.731705687940121 ], [ 684832.026940119452775, 5664818.402166865766048 ], [ 684842.065649013617076, 5664813.174957188777626 ], [ 684842.995469246758148, 5664812.690793239511549 ], [ 684852.104357907548547, 5664807.947712330147624 ], [ 684862.143066801712848, 5664802.72046559676528 ], [ 684862.278621970675886, 5664802.649880791082978 ], [ 684872.181775695644319, 5664797.493238857015967 ], [ 684881.561849462916143, 5664792.60896834358573 ], [ 684882.22048458957579, 5664792.266011062078178 ], [ 684892.259193483623676, 5664787.038764327764511 ], [ 684900.845002186717466, 5664782.568055895157158 ], [ 684902.297902377671562, 5664781.811520526185632 ], [ 684912.336611271719448, 5664776.584309792146087 ], [ 684920.128229679074138, 5664772.527143446728587 ], [ 684922.375320165767334, 5664771.35706305783242 ], [ 684932.414029059698805, 5664766.129816323518753 ], [ 684939.411434519570321, 5664762.486230998300016 ], [ 684942.452737953746691, 5664759.414148478768766 ], [ 684952.491446847794577, 5664753.532974883913994 ], [ 684955.432035418809392, 5664752.445318550802767 ], [ 684956.251421735854819, 5664742.404406102374196 ], [ 684956.199505319702439, 5664732.363493653945625 ], [ 684954.839432512409985, 5664722.322581205517054 ], [ 684953.479505307390355, 5664712.281668758019805 ], [ 684953.622417901060544, 5664702.240756309591234 ], [ 684954.967586281942204, 5664692.199843863025308 ], [ 684957.816699602175504, 5664682.158931413665414 ], [ 684962.530155741958879, 5664672.328681056387722 ], [ 684962.631165023194626, 5664672.118018965236843 ], [ 684967.139833783381619, 5664662.077106516808271 ], [ 684971.503645713324659, 5664652.036194069311023 ], [ 684972.56886463589035, 5664650.32554686255753 ], [ 684977.617590866750106, 5664641.995281620882452 ], [ 684982.607573529821821, 5664634.109497802332044 ], [ 684983.971282800659537, 5664631.95436917245388 ], [ 684990.324880911270157, 5664621.913456724956632 ], [ 684992.646282423869707, 5664618.244818396866322 ], [ 684996.678461521747522, 5664611.87254427652806 ], [ 685002.684991317917593, 5664602.380095293745399 ], [ 685003.323641527094878, 5664601.831631828099489 ], [ 685012.723700211965479, 5664598.291582565754652 ], [ 685022.762409106013365, 5664595.394423820078373 ], [ 685032.801118000061251, 5664592.497175795957446 ], [ 685035.259989524725825, 5664591.790719380602241 ], [ 685042.839826893992722, 5664585.584197388961911 ], [ 685044.946778553305194, 5664581.749806932173669 ], [ 685042.839826893992722, 5664576.071887584403157 ], [ 685041.157580841099843, 5664571.708894483745098 ], [ 685036.491060794563964, 5664561.667982035316527 ], [ 685032.801118000061251, 5664554.183810918591917 ], [ 685031.501159702194855, 5664551.627069588750601 ], [ 685026.554810243775137, 5664541.586157139390707 ], [ 685022.762409106013365, 5664533.966298516839743 ], [ 685021.557451410684735, 5664531.545244690962136 ], [ 685016.560135247418657, 5664521.504332243464887 ], [ 685012.723700211965479, 5664513.795912292785943 ], [ 685011.562832486000843, 5664511.463419795036316 ], [ 685006.56548656441737, 5664501.422507346607745 ], [ 685002.684991317917593, 5664493.625646178610623 ], [ 685001.568127731326967, 5664491.381594898179173 ], [ 684996.570768898352981, 5664481.340682450681925 ], [ 684992.646282423869707, 5664473.455432179383934 ], [ 684991.573410065262578, 5664471.299770002253354 ], [ 684986.576095371041447, 5664461.258857553824782 ], [ 684982.607573529938236, 5664453.285040025599301 ], [ 684981.578792609740049, 5664451.217945106327534 ], [ 684976.581445218995214, 5664441.177032658830285 ], [ 684972.56886463589035, 5664433.114779841154814 ], [ 684971.584086386021227, 5664431.136120209470391 ], [ 684966.586727552930824, 5664421.095207761973143 ], [ 684962.530155741842464, 5664412.944565841928124 ], [ 684961.589368719956838, 5664411.054295313544571 ], [ 684956.592055494780652, 5664401.013382865116 ], [ 684952.491446847794577, 5664392.774167757481337 ], [ 684951.594752733362839, 5664390.972470416687429 ], [ 684946.597403873689473, 5664380.931557970121503 ], [ 684942.452737953746691, 5664372.603913503699005 ], [ 684941.60004504059907, 5664370.890645520761609 ], [ 684936.602686207508668, 5664360.849733072333038 ], [ 684932.414029059698805, 5664352.433699503540993 ], [ 684931.605327374534681, 5664350.808820624835789 ], [ 684926.608015618519858, 5664340.767908176407218 ], [ 684922.375320165767334, 5664332.263295490294695 ], [ 684921.610712857218459, 5664330.726995727978647 ], [ 684916.613362528267317, 5664320.686083279550076 ], [ 684912.336611271719448, 5664312.093047166243196 ], [ 684911.615995680331253, 5664310.645170832052827 ], [ 684906.618644862202927, 5664300.604258383624256 ], [ 684902.297902377671562, 5664291.922833165153861 ], [ 684901.621286029112525, 5664290.563345935195684 ], [ 684896.623975742142648, 5664280.522433487698436 ], [ 684892.259193483623676, 5664271.752619164995849 ], [ 684891.626568363048136, 5664270.481521039269865 ], [ 684886.629258565371856, 5664260.440608590841293 ], [ 684882.22048458957579, 5664251.582207247614861 ], [ 684881.631955804070458, 5664250.399696143344045 ], [ 684876.634603516897187, 5664240.358783695846796 ], [ 684872.181775695644319, 5664231.411966827698052 ], [ 684871.637244683806784, 5664230.317871246486902 ], [ 684866.639885850716382, 5664220.276958797127008 ], [ 684862.143066801596433, 5664211.24175282754004 ], [ 684861.700719478307292, 5664210.236046350561082 ], [ 684857.573267730302177, 5664200.195133902132511 ], [ 684853.908976114704274, 5664190.15422145370394 ], [ 684852.104357907548547, 5664184.757027973420918 ], [ 684850.717331145890057, 5664180.113309006206691 ], [ 684847.718179176095873, 5664170.07239655777812 ], [ 684844.719037077506073, 5664160.031484109349549 ], [ 684842.162664894247428, 5664149.9905716618523 ], [ 684842.065649013500661, 5664149.281769175082445 ], [ 684840.846708382130601, 5664139.949659213423729 ], [ 684842.065649013500661, 5664131.761131101287901 ], [ 684842.339647684479132, 5664129.908746764995158 ], [ 684843.123163232463412, 5664119.867834316566586 ], [ 684842.065649013500661, 5664113.901223731227219 ], [ 684841.343525105621666, 5664109.826921869069338 ], [ 684839.563830743078142, 5664099.786009419709444 ], [ 684837.784136380418204, 5664089.745096972212195 ], [ 684836.004442017758265, 5664079.704184524714947 ], [ 684834.224747655214742, 5664069.663272076286376 ], [ 684832.445053292438388, 5664059.622359627857804 ], [ 684832.026940119452775, 5664057.263394037261605 ], [ 684830.665358929894865, 5664049.581447180360556 ], [ 684831.121074603870511, 5664039.540534731931984 ], [ 684832.026940119452775, 5664031.554975195787847 ], [ 684832.259525634930469, 5664029.499622283503413 ], [ 684833.603414639364928, 5664019.458709835074842 ], [ 684839.453896284336224, 5664009.417797387577593 ], [ 684842.065649013500661, 5664003.9057523207739 ], [ 684844.211531831184402, 5663999.376884939149022 ], [ 684848.969149946700782, 5663989.335972490720451 ], [ 684852.104357907548547, 5663982.719142834655941 ], [ 684853.726778890471905, 5663979.295060043223202 ], [ 684858.484428759315051, 5663969.254147594794631 ], [ 684862.143066801596433, 5663961.532674751244485 ], [ 684863.242071293178014, 5663959.21323514636606 ], [ 684862.143066801596433, 5663956.030789937824011 ], [ 684858.894933025818318, 5663949.172322697937489 ], [ 684855.887445992906578, 5663939.13141025044024 ], [ 684852.880050844862126, 5663929.090497802011669 ], [ 684852.104357907548547, 5663926.500739380717278 ], [ 684849.872563811950386, 5663919.049585353583097 ], [ 684846.865168663905933, 5663909.008672906085849 ], [ 684843.857681631110609, 5663898.967760457657278 ], [ 684842.065649013500661, 5663892.984628301113844 ], [ 684840.850286483066157, 5663888.926848009228706 ], [ 684837.842799450038001, 5663878.885935561731458 ], [ 684842.065649013500661, 5663871.811145534738898 ], [ 684852.104357907548547, 5663869.966416893526912 ], [ 684862.143066801596433, 5663868.931712009944022 ], [ 684862.655432073748671, 5663868.845023113302886 ], [ 684872.181775695644319, 5663866.289237163029611 ], [ 684882.22048458957579, 5663863.595990712754428 ], [ 684892.259193483623676, 5663860.902744261547923 ], [ 684900.08156405040063, 5663858.804110664874315 ], [ 684902.297902377671562, 5663858.209497812204063 ], [ 684912.336611271719448, 5663855.395248449407518 ], [ 684918.214057431789115, 5663848.763198216445744 ], [ 684922.375320165767334, 5663841.996263440698385 ], [ 684924.388621864723973, 5663838.722285768948495 ], [ 684930.563346988870762, 5663828.681373320519924 ], [ 684932.414029059698805, 5663825.671843361109495 ], [ 684936.737911421689205, 5663818.640460872091353 ], [ 684942.452737953746691, 5663809.347403820604086 ], [ 684942.91263654595241, 5663808.599548424594104 ], [ 684949.087200978887267, 5663798.558635976165533 ], [ 684952.491446847794577, 5663793.022885957732797 ], [ 684955.261926103150472, 5663788.517723527736962 ], [ 684961.436490536201745, 5663778.476811080239713 ], [ 684962.530155741842464, 5663776.698321811854839 ], [ 684967.611136301187798, 5663768.435898631811142 ], [ 684972.56886463589035, 5663760.373901732265949 ], [ 684973.785780093283392, 5663758.394986182451248 ], [ 684979.96034452621825, 5663748.354073734954 ], [ 684982.607573529821821, 5663744.049332370981574 ], [ 684986.13506965036504, 5663738.313161287456751 ], [ 684992.309634083299898, 5663728.27224883902818 ], [ 684992.646282423869707, 5663727.724814509041607 ], [ 684998.484359207563102, 5663718.231336390599608 ], [ 685002.684991318034008, 5663711.400380183011293 ], [ 685004.658923640381545, 5663708.19042394310236 ], [ 685010.833618509816006, 5663698.149511494673789 ], [ 685012.723700211965479, 5663695.067136126570404 ], [ 685016.998063402017578, 5663688.108599046245217 ], [ 685022.762409106013365, 5663678.566774465143681 ], [ 685023.067011583945714, 5663678.067686598747969 ], [ 685028.752401091391221, 5663668.026774150319397 ], [ 685032.801118000061251, 5663660.840874966233969 ], [ 685034.409732955740765, 5663657.985861701890826 ], [ 685040.067185454070568, 5663647.944949253462255 ], [ 685042.839826893992722, 5663643.023903325200081 ], [ 685045.724539885530248, 5663637.904036805965006 ], [ 685042.839826893992722, 5663633.091495174914598 ], [ 685040.157458836212754, 5663627.863124357536435 ], [ 685032.801118000061251, 5663623.742284996435046 ], [ 685025.205523449345492, 5663617.822211910039186 ], [ 685022.762409106013365, 5663615.886204563081264 ], [ 685012.723700211965479, 5663607.93127490952611 ], [ 685012.534438971197233, 5663607.781299461610615 ], [ 685002.684991318034008, 5663599.97634525410831 ], [ 684999.863327914616093, 5663597.740387013182044 ], [ 684992.646282423869707, 5663592.021415600553155 ], [ 684988.415574152371846, 5663587.699474564753473 ], [ 684982.607573529821821, 5663578.615937269292772 ], [ 684981.971092785242945, 5663577.658562116324902 ], [ 684974.851846419274807, 5663567.617649668827653 ], [ 684972.56886463589035, 5663564.47815902158618 ], [ 684967.769090844551101, 5663557.576737220399082 ], [ 684962.530155741842464, 5663550.038670132867992 ], [ 684960.533591411425732, 5663547.53582477197051 ], [ 684952.523776680929586, 5663537.494912324473262 ], [ 684952.491446847794577, 5663537.454384417273104 ], [ 684944.513883621431887, 5663527.453999875113368 ], [ 684942.452737953746691, 5663524.870222263038158 ], [ 684936.50404865341261, 5663517.413087427616119 ], [ 684932.414029059698805, 5663512.285936547443271 ], [ 684927.186865688767284, 5663507.372174980118871 ], [ 684922.375320165767334, 5663502.220123719424009 ], [ 684917.086067019961774, 5663497.3312625316903 ], [ 684912.336611271719448, 5663492.930232484824955 ], [ 684906.377935399999842, 5663487.290350083261728 ], [ 684902.297902377671562, 5663483.428601779043674 ], [ 684895.302736680023372, 5663477.249437634833157 ], [ 684892.259193483623676, 5663474.55236498080194 ], [ 684883.746284331427887, 5663467.208525187335908 ], [ 684882.22048458957579, 5663464.306568859145045 ], [ 684878.481791169149801, 5663457.167612738907337 ], [ 684876.384249357972294, 5663447.126700289547443 ], [ 684874.022226602304727, 5663437.085787842981517 ], [ 684872.181775695644319, 5663431.59005175717175 ], [ 684870.65948556503281, 5663427.044875394552946 ], [ 684867.234695759601891, 5663417.003962946124375 ], [ 684863.791311852284707, 5663406.963050498627126 ], [ 684862.143066801596433, 5663402.156765550374985 ], [ 684860.347927945083939, 5663396.922138050198555 ], [ 684856.904544037766755, 5663386.881225601769984 ], [ 684852.104357907548547, 5663380.306553258560598 ], [ 684842.065649013500661, 5663378.063921932131052 ], [ 684834.302353641018271, 5663376.840313153341413 ], [ 684832.026940119452775, 5663376.490025063976645 ], [ 684821.988231225404888, 5663375.063121481798589 ], [ 684811.949522331473418, 5663376.172017656266689 ], [ 684809.9508697015699, 5663376.840313153341413 ], [ 684801.910813437425531, 5663379.528690974228084 ], [ 684791.872104543494061, 5663382.885364292189479 ], [ 684781.833395649446175, 5663386.221181692555547 ], [ 684779.922114063054323, 5663386.881225600838661 ], [ 684771.794686755281873, 5663389.598817940801382 ], [ 684761.755977861350402, 5663392.283086065202951 ], [ 684751.717268967302516, 5663393.394707881845534 ], [ 684741.67856007325463, 5663392.024162840098143 ], [ 684731.639851179206744, 5663389.512315791100264 ], [ 684721.601142285158858, 5663387.000468741171062 ], [ 684721.124581755022518, 5663386.881225601769984 ], [ 684711.562433391110972, 5663384.48862169124186 ], [ 684701.523724497295916, 5663382.300743171945214 ], [ 684691.485015603131615, 5663385.477779646404088 ], [ 684684.270075200125575, 5663386.881225601769984 ], [ 684681.446306709200144, 5663387.460320619866252 ], [ 684671.407597815035842, 5663387.752186971716583 ], [ 684661.368888920987956, 5663386.890232207253575 ], [ 684661.31054257217329, 5663386.881225601769984 ], [ 684651.330180027056485, 5663385.165755681693554 ], [ 684641.291471133008599, 5663383.440256926231086 ], [ 684631.252762238960713, 5663381.394811129197478 ], [ 684621.214053344912827, 5663378.798002752475441 ], [ 684613.646041715750471, 5663376.840313153341413 ], [ 684611.175344450864941, 5663376.201194375753403 ], [ 684601.13663555693347, 5663373.604459878988564 ], [ 684591.097926662885584, 5663371.007686633616686 ], [ 684581.059217768954113, 5663368.410878256894648 ], [ 684574.829588284250349, 5663366.799400705844164 ], [ 684571.020508874906227, 5663365.814069881103933 ], [ 684560.981799980741926, 5663363.217261504381895 ], [ 684550.943091086694039, 5663360.62045312859118 ], [ 684540.904382192762569, 5663358.023644751869142 ], [ 684536.01355625782162, 5663356.758488257415593 ], [ 684530.865673298598267, 5663355.521362451836467 ], [ 684520.826964404666796, 5663353.497730121947825 ], [ 684510.78825551061891, 5663351.59007615596056 ], [ 684500.749546616571024, 5663349.682489671744406 ], [ 684490.710837722639553, 5663347.774903187528253 ], [ 684485.146924468921497, 5663346.717575808987021 ], [ 684480.672128828591667, 5663345.86721676774323 ], [ 684470.633419934543781, 5663343.959630282595754 ], [ 684460.594711040495895, 5663342.052043799310923 ], [ 684450.556002146448009, 5663340.14439189247787 ], [ 684440.517293252516538, 5663338.236770894378424 ], [ 684432.307198714348488, 5663336.676663362421095 ], [ 684430.478584358468652, 5663336.329184412024915 ], [ 684420.439875464420766, 5663334.421597927808762 ], [ 684410.40116657037288, 5663332.513911506161094 ], [ 684400.362457676324993, 5663330.606325022876263 ], [ 684390.323748782277107, 5663328.698738538660109 ], [ 684380.285039888345636, 5663326.791052117943764 ], [ 684379.467764447210357, 5663326.635750913061202 ], [ 684370.24633099429775, 5663324.88346563372761 ], [ 684360.207622100249864, 5663322.975879149511456 ], [ 684350.168913206201978, 5663321.068237252533436 ], [ 684340.130204312154092, 5663319.16060624551028 ], [ 684330.091495418222621, 5663317.253019761294127 ], [ 684326.627804262796417, 5663316.59483846463263 ], [ 684320.052786524174735, 5663315.345433277077973 ], [ 684310.014077630126849, 5663313.437746856361628 ], [ 684299.975368736078963, 5663311.530160372145474 ], [ 684289.936659842031077, 5663309.62257388792932 ], [ 684279.89795094798319, 5663307.714887468144298 ], [ 684273.788369995541871, 5663306.553926016204059 ], [ 684269.85924205405172, 5663305.807300983928144 ], [ 684259.820533160003833, 5663303.89971449971199 ], [ 684249.781824265955947, 5663301.992082612589002 ], [ 684239.743115371908061, 5663300.084441595710814 ], [ 684229.704406477860175, 5663298.17685511149466 ], [ 684220.948409811011516, 5663296.51301356870681 ], [ 684219.665697583928704, 5663296.269268627278507 ], [ 684209.626988689880818, 5663294.361582207493484 ], [ 684199.588279795832932, 5663292.45399572327733 ], [ 684189.549570901785046, 5663290.546409239061177 ], [ 684179.51086200773716, 5663288.638744383119047 ], [ 684169.472153113805689, 5663286.731136334128678 ], [ 684168.1089755439898, 5663286.472101120278239 ], [ 684159.433444219641387, 5663284.823549849912524 ], [ 684149.394735325709917, 5663282.915963366627693 ], [ 684139.356026431662031, 5663281.008276944980025 ], [ 684129.317317537614144, 5663279.100690461695194 ], [ 684119.278608643566258, 5663277.193103977479041 ], [ 684115.269225406693295, 5663276.431188671849668 ], [ 684109.239899749634787, 5663275.285417557694018 ], [ 684099.201190855586901, 5663273.377831073477864 ], [ 684089.162481961539015, 5663271.470244588330388 ], [ 684079.123773067491129, 5663269.792770847678185 ], [ 684069.085064173443243, 5663270.382547924295068 ], [ 684059.046355279511772, 5663272.254071900621057 ], [ 684049.007646385463886, 5663274.125574395060539 ], [ 684038.968937491416, 5663275.997023689560592 ], [ 684036.640176528366283, 5663276.431188671849668 ], [ 684028.930228597368114, 5663277.868600866757333 ], [ 684018.891519703320228, 5663279.740050161257386 ], [ 684008.852810809388757, 5663281.999654099345207 ], [ 683998.814101915340871, 5663285.94407239370048 ], [ 683997.667999542085454, 5663286.472101120278239 ], [ 683988.775393021292984, 5663290.569033034145832 ], [ 683978.736684127128683, 5663295.193988242186606 ], [ 683975.734756612800993, 5663296.51301356870681 ], [ 683968.697975233197212, 5663299.092414326034486 ], [ 683958.659266339149326, 5663299.092564526945353 ], [ 683948.620557445217855, 5663299.475472629070282 ], [ 683939.240894110640511, 5663306.553926015272737 ], [ 683941.047335314098746, 5663316.59483846463263 ], [ 683942.853899037931114, 5663326.635750913061202 ], [ 683944.660462761530653, 5663336.676663361489773 ], [ 683941.544167327461764, 5663346.717575808987021 ], [ 683938.581848551169969, 5663350.973002260550857 ], [ 683934.554413464618847, 5663356.758488257415593 ], [ 683928.543139657122083, 5663365.39379576407373 ], [ 683927.564667613478377, 5663366.799400705844164 ], [ 683920.574970982852392, 5663376.840313153341413 ], [ 683918.504430763074197, 5663379.814707346260548 ], [ 683913.585234073689207, 5663386.881225600838661 ], [ 683908.465721869026311, 5663394.235500849783421 ], [ 683906.59548021084629, 5663396.922138050198555 ], [ 683899.605726348236203, 5663406.963050498627126 ], [ 683898.42701297509484, 5663408.585490519180894 ], [ 683888.388304081046954, 5663414.496730571612716 ], [ 683878.349595186999068, 5663416.942982645705342 ], [ 683878.007731206482276, 5663417.003962946124375 ], [ 683868.310886292951182, 5663418.684617646969855 ], [ 683866.783043194911443, 5663417.003962946124375 ], [ 683858.272177398903295, 5663407.641858536750078 ], [ 683857.655085589620285, 5663406.963050498627126 ], [ 683848.527135213837028, 5663396.922138050198555 ], [ 683848.233468504971825, 5663396.624439660459757 ], [ 683838.194759610923938, 5663387.997537195682526 ], [ 683836.635168016655371, 5663386.881225601769984 ], [ 683828.156050716876052, 5663380.86714711599052 ], [ 683822.478745999280363, 5663376.840313153341413 ], [ 683818.117341822828166, 5663373.746829302981496 ], [ 683808.32238391879946, 5663366.799400705844164 ], [ 683808.07863292878028, 5663366.62651148904115 ], [ 683798.039924034732394, 5663359.506207449361682 ], [ 683794.165994454408064, 5663356.758488257415593 ], [ 683788.001215140800923, 5663352.385926192626357 ], [ 683780.009588796645403, 5663346.717575808987021 ], [ 683777.962506246753037, 5663345.265608379617333 ], [ 683767.923797352705151, 5663340.695584046654403 ], [ 683757.885088458657265, 5663337.968655381351709 ], [ 683753.128846775973216, 5663336.676663361489773 ], [ 683747.846379564609379, 5663335.241733659990132 ], [ 683737.807670670677908, 5663332.514846637845039 ], [ 683727.768961776630022, 5663329.787917973473668 ], [ 683717.730252882582135, 5663327.060989308170974 ], [ 683716.164784531923942, 5663326.635750913061202 ], [ 683709.257601537159644, 5663316.594838465563953 ], [ 683708.70243711268995, 5663306.553926016204059 ], [ 683708.14727268810384, 5663296.51301356870681 ], [ 683707.691543988417834, 5663288.270533015951514 ], [ 683707.579685861011967, 5663286.472101120278239 ], [ 683701.323511775117368, 5663276.431188671849668 ], [ 683697.652835094486363, 5663274.481344325467944 ], [ 683687.614126200438477, 5663269.14423250593245 ], [ 683682.439184276387095, 5663266.390276224352419 ], [ 683677.575417306507006, 5663263.912746238522232 ], [ 683667.53670841245912, 5663258.79926395136863 ], [ 683662.727182948263362, 5663256.349363775923848 ], [ 683657.497999518411234, 5663253.685718815773726 ], [ 683647.459290624363348, 5663248.572213836014271 ], [ 683637.420581730315462, 5663246.924591747112572 ], [ 683636.047592458315194, 5663246.308451327495277 ], [ 683627.381872836383991, 5663242.509393233805895 ], [ 683617.343163942336105, 5663237.876738890074193 ], [ 683613.913700113887899, 5663236.267538879998028 ], [ 683607.304455048288219, 5663233.155184179544449 ], [ 683597.265746154356748, 5663228.386013076640666 ], [ 683592.720394955947995, 5663226.226626431569457 ], [ 683587.227037260192446, 5663223.616864780895412 ], [ 683577.188328366260976, 5663218.847642906941473 ], [ 683571.58516237011645, 5663216.185713982209563 ], [ 683567.149619472213089, 5663212.562159104272723 ], [ 683560.521257227170281, 5663216.185713983140886 ], [ 683557.110910578165203, 5663218.910795392468572 ], [ 683549.222328011062928, 5663226.226626431569457 ], [ 683547.072201684117317, 5663228.220679294317961 ], [ 683538.395346284145489, 5663236.267538879998028 ], [ 683537.033492790069431, 5663237.530513003468513 ], [ 683527.568321844330058, 5663246.308451327495277 ], [ 683526.994783896021545, 5663246.630559748969972 ], [ 683516.956075002090074, 5663250.466212306171656 ], [ 683506.917366108042188, 5663253.753405092284083 ], [ 683498.989606705261394, 5663256.349363775923848 ], [ 683496.878657213994302, 5663257.340604204684496 ], [ 683486.839948319946416, 5663262.495172074064612 ], [ 683480.159794532228261, 5663266.390276224352419 ], [ 683476.80123942589853, 5663268.39571703132242 ], [ 683466.762530531967059, 5663274.390139421448112 ], [ 683463.344341194373555, 5663276.431188671849668 ], [ 683456.723821637919173, 5663280.107032506726682 ], [ 683446.685112743871287, 5663285.966369876638055 ], [ 683445.846782799228095, 5663286.472101121209562 ], [ 683436.6464038498234, 5663291.138495543971658 ], [ 683426.607694955775514, 5663296.225170880556107 ], [ 683426.049870848073624, 5663296.51301356870681 ], [ 683416.568986061727628, 5663301.322131093591452 ], [ 683406.793612327775918, 5663306.553926016204059 ], [ 683406.530277167796157, 5663306.719867911189795 ], [ 683396.491568273631856, 5663313.045966387726367 ], [ 683390.859962346381508, 5663316.59483846463263 ], [ 683386.452859379700385, 5663319.372064865194261 ], [ 683376.414150485652499, 5663325.698148528113961 ], [ 683374.92628165637143, 5663326.635750913061202 ], [ 683366.375441591604613, 5663332.024188309907913 ], [ 683358.390111159998924, 5663336.676663361489773 ], [ 683356.336732697673142, 5663337.932714333757758 ], [ 683355.243895813939162, 5663336.676663361489773 ], [ 683347.656227640109137, 5663326.635750913061202 ], [ 683346.298023803508841, 5663324.838408981449902 ], [ 683340.068665171507746, 5663316.59483846463263 ], [ 683336.25931490957737, 5663311.553862403146923 ], [ 683332.480977390427142, 5663306.553926016204059 ], [ 683326.220606015529484, 5663298.300213063135743 ], [ 683324.863874769536778, 5663296.51301356870681 ], [ 683317.238404838251881, 5663286.472101121209562 ], [ 683316.181897121481597, 5663285.080930628813803 ], [ 683309.612954509677365, 5663276.431188670918345 ], [ 683306.143188227550127, 5663271.862328086048365 ], [ 683301.98750418133568, 5663266.390276224352419 ], [ 683296.10447933350224, 5663258.643725544214249 ], [ 683294.362079028040171, 5663256.349363775923848 ], [ 683286.950978680513799, 5663246.308451327495277 ], [ 683286.065770439454354, 5663245.08687025681138 ], [ 683279.67491763678845, 5663236.267538879066706 ], [ 683276.027061545406468, 5663231.07794561330229 ], [ 683272.541242068749852, 5663226.226626431569457 ], [ 683265.988352651358582, 5663220.587290002033114 ], [ 683259.637653817306273, 5663216.185713983140886 ], [ 683255.949643757310696, 5663214.678487195633352 ], [ 683245.910934863379225, 5663210.57580354437232 ], [ 683235.872225969331339, 5663206.414849263615906 ], [ 683235.419947210815735, 5663206.144801534712315 ], [ 683225.833517075283453, 5663200.861573990434408 ], [ 683218.2590875425376, 5663196.103889087215066 ], [ 683215.794808181235567, 5663194.666669763624668 ], [ 683205.756099287187681, 5663187.920498935505748 ], [ 683203.041453208774328, 5663186.062976638786495 ], [ 683195.71739039325621, 5663181.051442502066493 ], [ 683188.367249363334849, 5663176.022064190357924 ], [ 683185.678681499324739, 5663174.182386159896851 ], [ 683175.639972605160438, 5663167.313348339870572 ], [ 683171.841604538727552, 5663165.981151742860675 ], [ 683165.601263711112551, 5663162.697532126680017 ], [ 683161.426310979528353, 5663165.981151742860675 ], [ 683155.562554817181081, 5663171.875921414233744 ], [ 683149.058932381565683, 5663176.022064190357924 ], [ 683145.523845923133194, 5663177.802875205874443 ], [ 683135.485137029085308, 5663182.859931082464755 ], [ 683129.126821773243137, 5663186.062976638786495 ], [ 683125.446428135037422, 5663187.917014689184725 ], [ 683115.407719240989536, 5663192.471677440218627 ], [ 683108.507400603964925, 5663186.062976638786495 ], [ 683105.36901034694165, 5663183.148183103650808 ], [ 683095.330301452893764, 5663181.952352464199066 ], [ 683085.291592558962293, 5663182.553055453114212 ], [ 683075.252883664914407, 5663183.153726439923048 ], [ 683065.214174770866521, 5663183.754360245540738 ], [ 683055.17546587693505, 5663184.355082324706018 ], [ 683045.136756982770748, 5663184.868217433802783 ], [ 683035.098048088839278, 5663179.756400818005204 ], [ 683032.61262229050044, 5663176.022064190357924 ], [ 683025.961305683595128, 5663165.981151742860675 ], [ 683025.059339194791391, 5663164.600352751091123 ], [ 683019.754741525626741, 5663155.940239293500781 ], [ 683015.020630300743505, 5663148.211292614229023 ], [ 683013.60451196716167, 5663145.899326846003532 ], [ 683007.454130562604405, 5663135.858414398506284 ], [ 683004.981921406695619, 5663131.822366216219962 ], [ 683001.303749157930724, 5663125.817501950077713 ], [ 682995.006751490291208, 5663115.776589501649141 ], [ 682994.943212512764148, 5663115.684243250638247 ], [ 682988.134877894539386, 5663105.73567705322057 ], [ 682984.904503618599847, 5663101.001174062490463 ], [ 682981.299277595593594, 5663095.694764605723321 ], [ 682974.865794724668376, 5663086.225746180862188 ], [ 682974.477235928061418, 5663085.65385215729475 ], [ 682967.655342678539455, 5663075.612939708866179 ], [ 682964.82708583062049, 5663071.16865876223892 ], [ 682961.311237479327247, 5663065.57202726136893 ], [ 682955.022063569165766, 5663055.531114812940359 ], [ 682954.788376936456189, 5663055.158016260713339 ], [ 682948.733036170830019, 5663045.49020236544311 ], [ 682944.749668042524718, 5663039.130450992844999 ], [ 682939.388808771269396, 5663035.449289917014539 ], [ 682934.710959148476832, 5663033.500705833546817 ], [ 682930.968146014609374, 5663035.449289917014539 ], [ 682924.672250254545361, 5663038.727106683887541 ], [ 682914.633541360497475, 5663043.953556789085269 ], [ 682911.681973968632519, 5663045.49020236544311 ], [ 682904.594832466449589, 5663049.179963462054729 ], [ 682894.556123572401702, 5663054.406391851603985 ], [ 682892.395801922306418, 5663055.531114812940359 ], [ 682884.517414678353816, 5663059.632820239290595 ], [ 682874.478705784422345, 5663064.85924862883985 ], [ 682873.108141386182979, 5663065.57202726136893 ], [ 682864.439996890490875, 5663071.273795219138265 ], [ 682861.95506517123431, 5663075.612939708866179 ], [ 682864.439996890374459, 5663082.597520326264203 ], [ 682865.527360087726265, 5663085.65385215729475 ], [ 682869.099655004218221, 5663095.694764605723321 ], [ 682872.671949920826592, 5663105.735677054151893 ], [ 682874.478705784422345, 5663110.814058840274811 ], [ 682876.244226760230958, 5663115.776589501649141 ], [ 682874.491531255538575, 5663125.817501950077713 ], [ 682874.478705784422345, 5663125.835850746370852 ], [ 682867.473070079111494, 5663135.858414398506284 ], [ 682864.439996890374459, 5663140.197701714932919 ], [ 682860.454677400877699, 5663145.899326846003532 ], [ 682854.401287996326573, 5663154.559565998613834 ], [ 682853.436222730320878, 5663155.940239294432104 ], [ 682846.417823458672501, 5663165.981151742860675 ], [ 682844.362579102395102, 5663167.976985982619226 ], [ 682834.323870208230801, 5663175.834478108212352 ], [ 682834.036900968058035, 5663176.022064190357924 ], [ 682824.285161314066499, 5663182.050427045673132 ], [ 682817.794288100092672, 5663186.062976638786495 ], [ 682814.246452420251444, 5663188.256189499981701 ], [ 682804.207743526203558, 5663194.461951954290271 ], [ 682801.551675232127309, 5663196.103889087215066 ], [ 682794.169034632155672, 5663200.66771440859884 ], [ 682785.309062364161946, 5663206.144801534712315 ], [ 682784.130325738107786, 5663206.873473027721047 ], [ 682774.091616844059899, 5663213.07920282240957 ], [ 682766.285384654882364, 5663216.185713983140886 ], [ 682764.052907950012013, 5663217.224895850755274 ], [ 682754.014199056080543, 5663219.142363177612424 ], [ 682743.975490162032656, 5663221.059830505400896 ], [ 682733.93678126798477, 5663222.977297833189368 ], [ 682723.898072373936884, 5663224.894765160046518 ], [ 682716.925245561869815, 5663226.226626431569457 ], [ 682713.859363480005413, 5663226.812232486903667 ], [ 682703.820654585957527, 5663228.72969981469214 ], [ 682693.781945691909641, 5663230.647167142480612 ], [ 682683.743236797861755, 5663232.564634470269084 ], [ 682673.704527903813869, 5663234.050526656210423 ], [ 682663.665819009765983, 5663234.976233428344131 ], [ 682653.627110115950927, 5663234.711286768317223 ], [ 682643.588401221786626, 5663234.446340107358992 ], [ 682633.54969232773874, 5663234.181393448263407 ], [ 682623.510983433690853, 5663233.916535221040249 ], [ 682613.472274539642967, 5663233.651588561013341 ], [ 682603.433565645711496, 5663233.38664190005511 ], [ 682593.39485675166361, 5663231.597411158494651 ], [ 682588.184524722746573, 5663226.226626431569457 ], [ 682593.39485675166361, 5663221.240842792205513 ], [ 682598.677657099440694, 5663216.185713983140886 ], [ 682603.433565645711496, 5663211.634769650176167 ], [ 682609.170716689201072, 5663206.144801534712315 ], [ 682613.472274539642967, 5663202.028574636206031 ], [ 682619.66379449213855, 5663196.103889087215066 ], [ 682623.510983433690853, 5663192.422501495108008 ], [ 682630.156926868949085, 5663186.062976638786495 ], [ 682633.54969232773874, 5663182.816388947889209 ], [ 682640.649931884836406, 5663176.022064190357924 ], [ 682643.588401221786626, 5663172.432378867641091 ], [ 682650.415671684779227, 5663165.981151742860675 ], [ 682643.588401221786626, 5663160.200147081166506 ], [ 682633.54969232773874, 5663164.040002546273172 ], [ 682628.474935812875628, 5663165.981151742860675 ], [ 682623.510983433690853, 5663167.879917161539197 ], [ 682613.472274539759383, 5663171.719692355021834 ], [ 682603.433565645827912, 5663175.559600548818707 ], [ 682602.224517412134446, 5663176.022064190357924 ], [ 682593.39485675166361, 5663179.399429059587419 ], [ 682583.356147857615724, 5663183.239257571287453 ], [ 682575.973918772535399, 5663186.062976638786495 ], [ 682573.317438963567838, 5663187.079086082056165 ], [ 682563.278730069519952, 5663190.918914593756199 ], [ 682553.240021175472066, 5663194.758743105456233 ], [ 682549.723320133052766, 5663196.103889087215066 ], [ 682543.201312281540595, 5663198.598571617156267 ], [ 682533.162603387492709, 5663202.438400127924979 ], [ 682523.472721493570134, 5663206.144801534712315 ], [ 682523.123894493444823, 5663206.278228639625013 ], [ 682513.085185599396937, 5663210.118057150393724 ], [ 682503.046476705465466, 5663213.957885662093759 ], [ 682497.222122854087502, 5663216.185713983140886 ], [ 682493.00776781141758, 5663217.797714173793793 ], [ 682482.969058917369694, 5663221.637542685493827 ], [ 682472.930350023321807, 5663225.477371196262538 ], [ 682470.971524214721285, 5663226.226626431569457 ], [ 682462.891641129273921, 5663229.317199708893895 ], [ 682452.852932235226035, 5663233.157071409747005 ], [ 682444.721220833482221, 5663236.267538879998028 ], [ 682442.814223341294564, 5663237.048888682387769 ], [ 682432.775514447246678, 5663241.365118528716266 ], [ 682422.736805553315207, 5663246.024262871593237 ], [ 682422.124607785721309, 5663246.308451327495277 ], [ 682416.305839593522251, 5663256.349363775923848 ], [ 682418.035085304640234, 5663266.390276224352419 ], [ 682419.766539078205824, 5663276.431188671849668 ], [ 682421.482622209587134, 5663286.472101119346917 ], [ 682422.736805553198792, 5663293.380191137082875 ], [ 682423.30549668893218, 5663296.51301356870681 ], [ 682425.24707244115416, 5663306.553926016204059 ], [ 682427.188713695271872, 5663316.59483846463263 ], [ 682429.130340135656297, 5663326.635750913992524 ], [ 682431.071930701727979, 5663336.676663362421095 ], [ 682432.775514447246678, 5663345.486347713507712 ], [ 682433.013604722218588, 5663346.717575808987021 ], [ 682434.955176159041002, 5663356.75848825648427 ], [ 682436.896744488039985, 5663366.799400705844164 ], [ 682438.838364714407362, 5663376.840313153341413 ], [ 682440.780012182658538, 5663386.881225602701306 ], [ 682442.721581720747054, 5663396.922138050198555 ], [ 682442.814223341294564, 5663397.401212492957711 ], [ 682444.663255741354078, 5663406.963050499558449 ], [ 682446.604848205926828, 5663417.003962946124375 ], [ 682448.54647274769377, 5663427.044875394552946 ], [ 682450.488115900428966, 5663437.085787842981517 ], [ 682452.429689754033461, 5663447.126700290478766 ], [ 682452.852932235226035, 5663449.315399657003582 ], [ 682454.371363774640486, 5663457.167612738907337 ], [ 682456.312951923930086, 5663467.208525187335908 ], [ 682458.254520252812654, 5663477.249437634833157 ], [ 682460.196123766712844, 5663487.290350083261728 ], [ 682462.137787947314791, 5663497.331262530758977 ], [ 682462.891641129273921, 5663501.229849918745458 ], [ 682464.079356276313774, 5663507.372174980118871 ], [ 682466.051453580497764, 5663517.413087427616119 ], [ 682468.380219191778451, 5663527.453999876044691 ], [ 682470.809444617014378, 5663537.494912324473262 ], [ 682472.930350023321807, 5663545.902875227853656 ], [ 682473.342260917299427, 5663547.53582477197051 ], [ 682475.874994002748281, 5663557.576737220399082 ], [ 682478.407840013853274, 5663567.617649668827653 ], [ 682480.9405920621939, 5663577.658562116324902 ], [ 682482.969058917369694, 5663585.700068362057209 ], [ 682483.473408362478949, 5663587.699474564753473 ], [ 682486.006224662763998, 5663597.740387013182044 ], [ 682488.538988543325104, 5663607.781299460679293 ], [ 682491.071739507373422, 5663617.822211909107864 ], [ 682493.00776781141758, 5663625.49726149532944 ], [ 682493.604562808177434, 5663627.863124357536435 ], [ 682496.13737210794352, 5663637.904036805965006 ], [ 682498.670137072796933, 5663647.944949253462255 ], [ 682501.202983083901927, 5663657.985861700959504 ], [ 682503.04647670534905, 5663665.294327592477202 ], [ 682503.735711337532848, 5663668.026774150319397 ], [ 682506.268519552890211, 5663678.067686598747969 ], [ 682508.801335853291675, 5663688.108599046245217 ], [ 682511.334131613257341, 5663698.149511494673789 ], [ 682512.802654801984318, 5663708.19042394310236 ], [ 682513.085185599396937, 5663713.078617873601615 ], [ 682513.380900648888201, 5663718.231336390599608 ], [ 682514.014319147565402, 5663728.27224883902818 ], [ 682516.493311711587012, 5663738.313161287456751 ], [ 682519.037809027126059, 5663748.354073734954 ], [ 682521.582306342665106, 5663758.394986184313893 ], [ 682523.123894493444823, 5663764.478290559723973 ], [ 682524.126803658087738, 5663768.435898631811142 ], [ 682526.671300973626785, 5663778.476811080239713 ], [ 682529.215798289165832, 5663788.517723527736962 ], [ 682531.760295604704879, 5663798.558635977096856 ], [ 682533.162603387492709, 5663804.092322172597051 ], [ 682534.304792920127511, 5663808.599548424594104 ], [ 682536.849290235666558, 5663818.640460872091353 ], [ 682539.393787551205605, 5663828.681373320519924 ], [ 682541.938284866628237, 5663838.722285768948495 ], [ 682543.201312281540595, 5663843.706353787332773 ], [ 682544.482782182167284, 5663848.763198216445744 ], [ 682547.027279497589916, 5663858.804110664874315 ], [ 682549.571776813128963, 5663868.845023113302886 ], [ 682551.721595686161891, 5663878.885935561731458 ], [ 682552.662777036777698, 5663888.926848009228706 ], [ 682553.240021175472066, 5663895.085127554833889 ], [ 682553.602797926636413, 5663898.967760457657278 ], [ 682554.527883530477993, 5663909.008672906085849 ], [ 682555.434531975421123, 5663919.049585353583097 ], [ 682556.323327323421836, 5663929.090497802011669 ], [ 682557.194652842939831, 5663939.13141025044024 ], [ 682558.049201088841073, 5663949.172322697937489 ], [ 682558.887438621837646, 5663959.21323514636606 ], [ 682559.709704723209143, 5663969.254147594794631 ], [ 682560.516506897169165, 5663979.29506004229188 ], [ 682561.30837197531946, 5663989.335972490720451 ], [ 682562.085521136643365, 5663999.376884939149022 ], [ 682562.848478214582428, 5664009.417797387577593 ], [ 682563.278730069519952, 5664015.161415407434106 ], [ 682563.641320764203556, 5664019.458709835074842 ], [ 682566.393327612429857, 5664029.499622283503413 ], [ 682572.110146350110881, 5664039.540534731931984 ], [ 682573.317438963567838, 5664042.169892847537994 ], [ 682576.334638088475913, 5664049.581447180360556 ], [ 682580.665627887006849, 5664059.622359627857804 ], [ 682583.356147857615724, 5664065.969041295349598 ], [ 682584.922226355178282, 5664069.663272076286376 ], [ 682589.389418986625969, 5664079.704184524714947 ], [ 682593.39485675166361, 5664088.163870193995535 ], [ 682594.143525874707848, 5664089.745096972212195 ], [ 682598.328013982158154, 5664099.786009420640767 ], [ 682593.394856751547195, 5664109.504362130537629 ], [ 682593.10088093217928, 5664109.826921869069338 ], [ 682583.356147857615724, 5664115.511770213022828 ], [ 682574.264590872335248, 5664119.867834316566586 ], [ 682573.317438963567838, 5664120.273176633752882 ], [ 682563.278730069519952, 5664124.569333859719336 ], [ 682553.240021175588481, 5664128.865491086617112 ], [ 682550.296967570437118, 5664129.908746764995158 ], [ 682543.201312281540595, 5664132.362821587361395 ], [ 682533.162603387492709, 5664134.626916498877108 ], [ 682527.145645715296268, 5664129.908746764995158 ], [ 682523.123894493444823, 5664123.569444032385945 ], [ 682518.733586788061075, 5664119.867834316566586 ], [ 682513.085185599396937, 5664116.636443007737398 ], [ 682508.401146896183491, 5664109.826921869069338 ], [ 682503.04647670534905, 5664102.713183389976621 ], [ 682500.977378609240986, 5664099.786009419709444 ], [ 682493.879873287281953, 5664089.745096972212195 ], [ 682493.00776781141758, 5664088.511320549994707 ], [ 682486.782367965090089, 5664079.704184524714947 ], [ 682482.969058917369694, 5664074.309457709081471 ], [ 682479.684821220813319, 5664069.663272076286376 ], [ 682472.930350023321807, 5664060.107773986645043 ], [ 682472.587230708566494, 5664059.622359627857804 ], [ 682465.489725386607461, 5664049.581447180360556 ], [ 682462.891641129273921, 5664045.905911146663129 ], [ 682458.392163315089419, 5664039.540534731931984 ], [ 682452.852932235226035, 5664031.704227425158024 ], [ 682451.294588130083866, 5664029.499622283503413 ], [ 682444.197082808008417, 5664019.458709835074842 ], [ 682442.814223341294564, 5664017.502364583313465 ], [ 682437.099577485932969, 5664009.417797387577593 ], [ 682432.775514447246678, 5664003.300501743331552 ], [ 682428.499840359669179, 5663999.376884939149022 ], [ 682422.736805553198792, 5663993.54798324778676 ], [ 682415.894126503495499, 5663989.335972490720451 ], [ 682412.698096659034491, 5663987.365906284190714 ], [ 682402.65938776510302, 5663981.35852122772485 ], [ 682399.179217542288825, 5663979.295060043223202 ], [ 682392.620678871055134, 5663975.916887777857482 ], [ 682391.049639539793134, 5663979.295060044154525 ], [ 682386.597710016882047, 5663989.335972490720451 ], [ 682382.581969977123663, 5663997.324178967624903 ], [ 682381.622313263243996, 5663999.376884939149022 ], [ 682376.928025632631034, 5664009.417797387577593 ], [ 682372.543261083075777, 5664018.796809948049486 ], [ 682372.233817509724759, 5664019.458709835074842 ], [ 682367.539569508866407, 5664029.499622283503413 ], [ 682362.845321756089106, 5664039.540534731000662 ], [ 682362.504552189027891, 5664040.269440928474069 ], [ 682358.151113633299246, 5664049.581447180360556 ], [ 682353.456826002569869, 5664059.622359627857804 ], [ 682352.465843294980004, 5664061.742071907967329 ], [ 682348.762617879780009, 5664069.663272077217698 ], [ 682344.068396757822484, 5664079.704184524714947 ], [ 682342.427134400932118, 5664083.214813495054841 ], [ 682339.374122126260772, 5664089.745096972212195 ], [ 682334.679914003238082, 5664099.786009420640767 ], [ 682332.388425507000647, 5664104.687420919537544 ], [ 682329.985645403037779, 5664109.826921869069338 ], [ 682325.29141824983526, 5664119.867834316566586 ], [ 682322.349716613069177, 5664126.160134916193783 ], [ 682320.59721012681257, 5664129.90874676592648 ], [ 682315.902922496199608, 5664139.949659213423729 ], [ 682312.311007718904875, 5664147.632765896618366 ], [ 682311.208714373409748, 5664149.9905716618523 ], [ 682306.514472651877441, 5664160.031484109349549 ], [ 682302.272298824740574, 5664169.105413254350424 ], [ 682301.820218619774096, 5664170.072396556846797 ], [ 682297.126010496867821, 5664180.113309006206691 ], [ 682292.431722866254859, 5664190.15422145370394 ], [ 682292.233589930809103, 5664190.578027855604887 ], [ 682287.737514743348584, 5664200.195133902132511 ], [ 682283.043299900833517, 5664210.236046350561082 ], [ 682282.194881036877632, 5664212.050798166543245 ], [ 682278.349018989945762, 5664220.276958798989654 ], [ 682273.654810867039487, 5664230.317871246486902 ], [ 682272.156172142829746, 5664233.523405591025949 ], [ 682268.960548545932397, 5664240.358783694915473 ], [ 682264.266315113403834, 5664250.399696143344045 ], [ 682262.11746324878186, 5664254.996090864762664 ], [ 682259.572106990497559, 5664260.440608590841293 ], [ 682254.877819359884597, 5664270.481521039269865 ], [ 682252.078754354733974, 5664276.468721844255924 ], [ 682250.183611236861907, 5664280.522433487698436 ], [ 682245.489375794888474, 5664290.563345935195684 ], [ 682242.040045460686088, 5664297.941397925838828 ], [ 682240.79511548334267, 5664300.604258382692933 ], [ 682236.100907360436395, 5664310.645170832052827 ], [ 682232.001336566638201, 5664319.414005350321531 ], [ 682231.406624440103769, 5664320.686083279550076 ], [ 682226.712411606917158, 5664330.726995727978647 ], [ 682222.018203043960966, 5664340.767908176407218 ], [ 682221.962627672706731, 5664340.88678283803165 ], [ 682217.323915853397921, 5664350.808820624835789 ], [ 682212.629707730608061, 5664360.849733072333038 ], [ 682211.923918778658845, 5664362.359390262514353 ], [ 682207.935451689059846, 5664370.890645520761609 ], [ 682203.241211976972409, 5664380.93155796919018 ], [ 682201.885209884610958, 5664383.832046812400222 ], [ 682198.547003854066133, 5664390.972470416687429 ], [ 682193.852716223569587, 5664401.013382865116 ], [ 682191.846500990563072, 5664405.304677792824805 ], [ 682189.158508100546896, 5664411.054295313544571 ], [ 682184.464278937899508, 5664421.095207761973143 ], [ 682181.807792096515186, 5664426.777382598258555 ], [ 682179.770012347027659, 5664431.136120209470391 ], [ 682175.075804224121384, 5664441.177032657898962 ], [ 682171.769083202583715, 5664448.249990022741258 ], [ 682170.381527583231218, 5664451.217945106327534 ], [ 682165.687308470602147, 5664461.258857553824782 ], [ 682161.730374308535829, 5664469.722740800119936 ], [ 682160.993100347579457, 5664471.299770002253354 ], [ 682156.29881271708291, 5664481.340682450681925 ], [ 682151.691665414487943, 5664491.195371779613197 ], [ 682151.604604594176635, 5664491.381594898179173 ], [ 682146.910354831954464, 5664501.422507346607745 ], [ 682142.216108840657398, 5664511.463419795036316 ], [ 682141.652956520440057, 5664512.668002760969102 ], [ 682137.521900717634708, 5664521.504332243464887 ], [ 682132.827613087138161, 5664531.545244690962136 ], [ 682131.614247626392171, 5664534.140633740462363 ], [ 682128.133404964115471, 5664541.586157139390707 ], [ 682123.439182081026956, 5664551.627069587819278 ], [ 682121.575538732344285, 5664555.613367270678282 ], [ 682118.744909210596234, 5664561.667982035316527 ], [ 682114.050701087689959, 5664571.708894483745098 ], [ 682111.536829838412814, 5664577.085974694229662 ], [ 682109.356430726125836, 5664581.749806932173669 ], [ 682104.662205334170721, 5664591.790719379670918 ], [ 682101.498120944364928, 5664598.558696747757494 ], [ 682099.967997211264446, 5664601.831631828099489 ], [ 682095.273709580651484, 5664611.87254427652806 ], [ 682091.459412050317042, 5664620.0313277291134 ], [ 682090.579501457745209, 5664621.913456724956632 ], [ 682085.885257974965498, 5664631.95436917245388 ], [ 682081.420703156269155, 5664641.503967029973865 ], [ 682081.191005704225972, 5664641.995281620882452 ], [ 682076.496797581203282, 5664652.036194069311023 ], [ 682071.802509950706735, 5664662.077106516808271 ], [ 682071.381994262221269, 5664662.976589689031243 ], [ 682067.108301827684045, 5664672.11801896430552 ], [ 682062.41408522403799, 5664682.158931413665414 ], [ 682061.343285368289798, 5664684.449351942166686 ], [ 682057.719806074281223, 5664692.199843862093985 ], [ 682053.025597951374948, 5664702.240756309591234 ], [ 682051.304576474241912, 5664705.921959365718067 ], [ 682048.33133386913687, 5664712.281668758019805 ], [ 682043.637102197855711, 5664722.322581206448376 ], [ 682041.265867580194026, 5664727.394652696326375 ], [ 682038.942894074833021, 5664732.363493653014302 ], [ 682034.248606444336474, 5664742.404406102374196 ], [ 682031.22715868614614, 5664748.867283676750958 ], [ 682029.554398321313784, 5664752.445318549871445 ], [ 682024.860161117976531, 5664762.486230998300016 ], [ 682021.188449792098254, 5664770.339951701462269 ], [ 682020.165902567794546, 5664772.527143446728587 ], [ 682015.471694444888271, 5664782.568055895157158 ], [ 682011.149740898166783, 5664791.812559126876295 ], [ 682010.777409763191827, 5664792.60896834358573 ], [ 682006.08319869148545, 5664802.649880791082978 ], [ 682001.388988367049024, 5664812.690793239511549 ], [ 682001.111032004118897, 5664813.28533661365509 ], [ 681996.694702937966213, 5664822.731705687940121 ], [ 681992.000494814943522, 5664832.772618135437369 ], [ 681991.072323109954596, 5664834.757944037206471 ], [ 681987.306237012147903, 5664842.813530582934618 ], [ 681982.611999061424285, 5664852.854443032294512 ], [ 681981.033614216023125, 5664856.230608644895256 ], [ 681977.917790938401595, 5664862.89535547979176 ], [ 681973.223503307905048, 5664872.936267928220332 ], [ 681970.994905321975239, 5664877.703239624388516 ], [ 681968.529295184882358, 5664882.977180376648903 ], [ 681963.835064260987565, 5664893.018092825077474 ], [ 681960.956196427927352, 5664899.175936372950673 ], [ 681959.140799431363121, 5664903.0590052716434 ], [ 681954.446591308456846, 5664913.099917721003294 ], [ 681950.917487533995882, 5664920.648543798364699 ], [ 681949.752312906319275, 5664923.140830169431865 ], [ 681945.058095555054024, 5664933.181742616929114 ], [ 681940.878778639947996, 5664942.121302631683648 ], [ 681940.363887432031333, 5664943.222655065357685 ], [ 681935.669599801534787, 5664953.263567513786256 ], [ 681930.975391678512096, 5664963.304479961283505 ], [ 681930.840069745900109, 5664963.593928709626198 ], [ 681926.281140155158937, 5664973.345392409712076 ], [ 681921.586895924992859, 5664983.386304858140647 ], [ 681920.801360851852223, 5664985.066564592532814 ], [ 681916.892687801970169, 5664993.427217306569219 ], [ 681912.198400171473622, 5665003.468129754066467 ], [ 681910.762651957804337, 5665006.539195572957397 ], [ 681907.504192048567347, 5665013.509042202495039 ], [ 681907.64270548382774, 5665023.54995465092361 ], [ 681910.380823158659041, 5665033.590867099352181 ], [ 681910.762651957804337, 5665035.001582218334079 ], [ 681913.114926009904593, 5665043.63177954684943 ], [ 681915.969752774108201, 5665053.672691995278001 ], [ 681918.824718249961734, 5665063.713604443706572 ], [ 681920.801360851852223, 5665070.665793471038342 ], [ 681921.679545014165342, 5665073.754516891203821 ], [ 681924.534458907321095, 5665083.795429339632392 ], [ 681927.389337254222482, 5665093.836341788060963 ], [ 681930.244172252248973, 5665103.877254236489534 ], [ 681930.840069745783694, 5665105.973054443486035 ], [ 681933.099129494279623, 5665113.918166683986783 ], [ 681935.953956258366816, 5665123.959079132415354 ], [ 681938.679548322223127, 5665133.99999157898128 ], [ 681940.878778639947996, 5665142.116344569250941 ], [ 681941.400262798531912, 5665144.040904028341174 ], [ 681944.120883274357766, 5665154.081816476769745 ], [ 681946.841552910627797, 5665164.122728925198317 ], [ 681949.562248643371277, 5665174.163641372695565 ], [ 681950.917487533995882, 5665179.165394186973572 ], [ 681952.282861906569451, 5665184.204553821124136 ], [ 681955.028806945192628, 5665194.245466269552708 ], [ 681957.853943097405136, 5665204.286378717049956 ], [ 681960.682695999741554, 5665214.327291165478528 ], [ 681960.956196427927352, 5665215.298090846277773 ], [ 681963.51149158901535, 5665224.368203613907099 ], [ 681966.340287178056315, 5665234.409116061404347 ], [ 681969.015819619758986, 5665244.450028509832919 ], [ 681970.994905321858823, 5665253.088135972619057 ], [ 681971.3017795488704, 5665254.49094095826149 ], [ 681973.439688311191276, 5665264.531853405758739 ], [ 681975.561560711357743, 5665274.57276585418731 ], [ 681977.683563160011545, 5665284.613678302615881 ], [ 681979.805435560294427, 5665294.654590751044452 ], [ 681981.033614216023125, 5665300.466455004177988 ], [ 681981.927307960460894, 5665304.695503198541701 ], [ 681984.049310409231111, 5665314.736415646970272 ], [ 681986.171182809397578, 5665324.777328095398843 ], [ 681988.293055209564045, 5665334.818240543827415 ], [ 681990.415057658334263, 5665344.859152991324663 ], [ 681991.072323109954596, 5665347.969398855231702 ], [ 681992.53693005850073, 5665354.900065439753234 ], [ 681994.658802458667196, 5665364.940977888181806 ], [ 681998.453523633885197, 5665374.981890335679054 ], [ 682001.111032004118897, 5665381.430885446257889 ], [ 682002.591192901600152, 5665385.022802784107625 ], [ 682006.728985464666039, 5665395.063715232536197 ], [ 682010.866654732264578, 5665405.104627680033445 ], [ 682011.149740898166783, 5665405.79159496165812 ], [ 682015.004323999979533, 5665415.145540128462017 ], [ 682019.510985881672241, 5665425.186452576890588 ], [ 682021.188449792098254, 5665427.428633485920727 ], [ 682025.93146842031274, 5665435.227365025319159 ], [ 682031.22715868614614, 5665441.886868194676936 ], [ 682033.673252711538225, 5665445.26827747374773 ], [ 682041.265867580194026, 5665454.59936929307878 ], [ 682041.84344143292401, 5665455.309189921244979 ], [ 682050.013555416604504, 5665465.350102368742228 ], [ 682051.304576474241912, 5665465.37123051378876 ], [ 682061.291745140915737, 5665475.391014817170799 ], [ 682061.343285368289798, 5665475.442566357553005 ], [ 682071.30022267147433, 5665485.43192726559937 ], [ 682071.381994262221269, 5665485.51371680572629 ], [ 682081.308881473494694, 5665495.472839714027941 ], [ 682081.420703156269155, 5665495.584685942158103 ], [ 682091.317722303676419, 5665505.51375216152519 ], [ 682091.459412050433457, 5665505.655473009683192 ], [ 682101.326741144875996, 5665515.554664609953761 ], [ 682101.498120944481343, 5665515.726082027889788 ], [ 682111.335937587544322, 5665525.595577058382332 ], [ 682111.536829838529229, 5665525.796513406559825 ], [ 682121.575538732344285, 5665525.952124134637415 ], [ 682131.229362675920129, 5665535.636489506810904 ], [ 682131.614247626508586, 5665536.02145894151181 ], [ 682141.239820629241876, 5665545.677401954308152 ], [ 682141.652956520440057, 5665546.090628530830145 ], [ 682151.250444567180239, 5665555.718314402736723 ], [ 682151.691665414487943, 5665556.159632100723684 ], [ 682161.261230804375373, 5665565.759226851165295 ], [ 682161.730374308535829, 5665566.228473335504532 ], [ 682171.272180151892826, 5665575.800139298662543 ], [ 682171.769083202583715, 5665576.297151423059404 ], [ 682181.283288983511738, 5665585.841051747091115 ], [ 682181.807792096398771, 5665586.365669991821051 ], [ 682191.846500990563072, 5665586.511287350207567 ], [ 682201.188512710970826, 5665595.881964195519686 ], [ 682201.885209884610958, 5665596.578814297914505 ], [ 682211.200764719978906, 5665605.922876643016934 ], [ 682211.923918778658845, 5665606.646189438179135 ], [ 682221.213165109977126, 5665615.963789091445506 ], [ 682221.962627672706731, 5665616.713416165672243 ], [ 682231.225714723113924, 5665626.004701539874077 ], [ 682232.001336566638201, 5665626.780493637546897 ], [ 682241.23841021838598, 5665636.045613988302648 ], [ 682242.040045460686088, 5665636.847425194457173 ], [ 682251.25125141069293, 5665646.086526435799897 ], [ 682252.078754354733974, 5665646.914211021736264 ] ], [ [ 684419.37044752528891, 5664893.018092824146152 ], [ 684420.439875464420766, 5664884.576752041466534 ], [ 684420.813098655897193, 5664893.018092825077474 ], [ 684420.439875464420766, 5664893.126855589449406 ], [ 684419.37044752528891, 5664893.018092824146152 ] ], [ [ 684420.642523419461213, 5664882.977180376648903 ], [ 684421.9145954499254, 5664872.936267929151654 ], [ 684425.064738040324301, 5664862.89535547979176 ], [ 684430.478584358468652, 5664857.053765131160617 ], [ 684436.402070505777374, 5664852.854443032294512 ], [ 684440.517293252516538, 5664851.016384661197662 ], [ 684450.556002146448009, 5664846.532599342986941 ], [ 684456.272817668039352, 5664842.813530583865941 ], [ 684460.594711040495895, 5664839.653994219377637 ], [ 684469.567190611851402, 5664832.772618135437369 ], [ 684470.633419934543781, 5664831.954878986813128 ], [ 684480.672128828591667, 5664824.255742324516177 ], [ 684482.476902115391567, 5664822.731705687940121 ], [ 684490.710837722639553, 5664814.856871177442372 ], [ 684492.753192514996044, 5664812.690793238580227 ], [ 684500.749546616454609, 5664804.210030607879162 ], [ 684502.220578106935136, 5664802.649880791082978 ], [ 684510.78825551061891, 5664793.563186674378812 ], [ 684511.687970492057502, 5664792.60896834358573 ], [ 684520.826964404666796, 5664782.916314056143165 ], [ 684521.15533057868015, 5664782.568055895157158 ], [ 684530.622721063438803, 5664772.527143446728587 ], [ 684530.865673298714682, 5664772.195946780964732 ], [ 684540.185122117516585, 5664762.486230998300016 ], [ 684540.904382192762569, 5664761.958719816058874 ], [ 684550.943091086694039, 5664755.18204515427351 ], [ 684554.997174109332263, 5664752.445318549871445 ], [ 684560.981799980741926, 5664748.405370492488146 ], [ 684569.871443122974597, 5664742.404406102374196 ], [ 684571.020508874789812, 5664741.628727871924639 ], [ 684581.059217768837698, 5664735.883809763938189 ], [ 684585.023636258672923, 5664742.404406102374196 ], [ 684581.059217768837698, 5664746.885366605594754 ], [ 684576.359415736515075, 5664752.445318550802767 ], [ 684571.020508874789812, 5664758.761323628947139 ], [ 684567.871860147104599, 5664762.486230998300016 ], [ 684560.981799980741926, 5664770.637294553220272 ], [ 684559.384318560827523, 5664772.527143446728587 ], [ 684550.943091086694039, 5664782.513265477493405 ], [ 684550.903856730670668, 5664782.568055896088481 ], [ 684544.209824411664158, 5664792.60896834358573 ], [ 684540.904382192762569, 5664798.133298195898533 ], [ 684538.363225221633911, 5664802.649880792014301 ], [ 684532.713924200739712, 5664812.690793239511549 ], [ 684530.865673298714682, 5664815.97582362126559 ], [ 684527.064623179729097, 5664822.731705687940121 ], [ 684521.41530262446031, 5664832.772618135437369 ], [ 684520.826964404666796, 5664833.818314325064421 ], [ 684515.760500342817977, 5664842.813530583865941 ], [ 684510.78825551061891, 5664849.238660293631256 ], [ 684507.882374922279269, 5664852.854443032294512 ], [ 684500.749546616571024, 5664861.729810301214457 ], [ 684499.812837927020155, 5664862.89535547979176 ], [ 684490.710837722639553, 5664865.702986912801862 ], [ 684480.672128828591667, 5664872.039481900632381 ], [ 684479.798580043250695, 5664872.936267928220332 ], [ 684470.633419934543781, 5664876.19176674541086 ], [ 684460.59471104061231, 5664878.222678319551051 ], [ 684451.530540214036591, 5664882.977180376648903 ], [ 684450.556002146448009, 5664883.323339907452464 ], [ 684440.517293252516538, 5664885.295002209022641 ], [ 684430.478584358468652, 5664885.608665128238499 ], [ 684420.642523419461213, 5664882.977180376648903 ] ], [ [ 684585.853886737022549, 5664732.363493653945625 ], [ 684591.097926662885584, 5664728.485530823469162 ], [ 684597.57934716460295, 5664732.363493653945625 ], [ 684591.097926662885584, 5664735.156622029840946 ], [ 684585.853886737022549, 5664732.363493653945625 ] ], [ [ 684599.54380839318037, 5664722.322581206448376 ], [ 684601.13663555693347, 5664721.367177676409483 ], [ 684603.024891853448935, 5664722.322581206448376 ], [ 684601.13663555693347, 5664725.869079403579235 ], [ 684599.54380839318037, 5664722.322581206448376 ] ], [ [ 682731.260459760320373, 5664411.054295313544571 ], [ 682733.93678126798477, 5664405.432334948331118 ], [ 682735.915388824068941, 5664401.013382865116 ], [ 682733.93678126798477, 5664397.351131367497146 ], [ 682730.404856516513973, 5664390.972470416687429 ], [ 682724.851801701821387, 5664380.931557970121503 ], [ 682723.898072373936884, 5664379.205556538887322 ], [ 682719.189679787494242, 5664370.890645520761609 ], [ 682713.859363480005413, 5664361.747831526212394 ], [ 682713.298947785166092, 5664360.849733072333038 ], [ 682707.033437122008763, 5664350.808820624835789 ], [ 682703.820654585957527, 5664345.660108989104629 ], [ 682701.104771173326299, 5664340.767908176407218 ], [ 682696.10266669630073, 5664330.726995728909969 ], [ 682693.781945691909641, 5664325.560066163539886 ], [ 682691.592801381950267, 5664320.686083279550076 ], [ 682687.179335864842869, 5664310.645170832052827 ], [ 682683.743236797861755, 5664302.460345583036542 ], [ 682682.974057626561262, 5664300.604258383624256 ], [ 682678.813124439562671, 5664290.563345935195684 ], [ 682674.652090794756077, 5664280.522433487698436 ], [ 682673.704527903813869, 5664278.235857264138758 ], [ 682670.491147137130611, 5664270.481521039269865 ], [ 682666.330103021580726, 5664260.440608590841293 ], [ 682663.665819009765983, 5664254.011319463141263 ], [ 682662.169153296388686, 5664250.399696143344045 ], [ 682658.008125719148666, 5664240.358783694915473 ], [ 682653.84719253226649, 5664230.317871246486902 ], [ 682653.627110115834512, 5664229.786795820109546 ], [ 682649.686148416716605, 5664220.276958798058331 ], [ 682647.478896432556212, 5664210.236046350561082 ], [ 682644.222120434511453, 5664200.195133902132511 ], [ 682643.588401221786626, 5664198.942021926864982 ], [ 682639.144209933001548, 5664190.15422145370394 ], [ 682634.066413268330507, 5664180.113309007138014 ], [ 682633.54969232773874, 5664179.091548603028059 ], [ 682628.952229839516804, 5664170.07239655777812 ], [ 682623.807480454444885, 5664160.031484109349549 ], [ 682623.510983433807269, 5664159.432026649825275 ], [ 682618.956244516535662, 5664149.9905716618523 ], [ 682614.337311547365971, 5664139.949659212492406 ], [ 682613.472274539642967, 5664138.069190084002912 ], [ 682609.71837857842911, 5664129.908746764995158 ], [ 682605.971109957899898, 5664119.867834316566586 ], [ 682603.911170434905216, 5664109.826921869069338 ], [ 682613.472274539642967, 5664100.168061804026365 ], [ 682614.241816680878401, 5664099.786009420640767 ], [ 682623.510983433690853, 5664095.889297539368272 ], [ 682633.549692327855155, 5664091.653099168092012 ], [ 682638.243217821465805, 5664089.745096972212195 ], [ 682643.588401221903041, 5664087.672422958537936 ], [ 682653.627110115834512, 5664085.945168727077544 ], [ 682663.665819009765983, 5664084.436263809911907 ], [ 682673.704527903813869, 5664082.927366562187672 ], [ 682683.743236797861755, 5664081.418421509675682 ], [ 682693.781945691909641, 5664079.909433589316905 ], [ 682695.147508624009788, 5664079.704184524714947 ], [ 682703.820654585957527, 5664078.400579208508134 ], [ 682713.859363480005413, 5664076.891628694720566 ], [ 682723.898072373936884, 5664075.382736908271909 ], [ 682733.936781267868355, 5664073.873826527968049 ], [ 682743.975490162032656, 5664072.364894607104361 ], [ 682754.014199055964127, 5664070.8560243640095 ], [ 682761.949220988899469, 5664069.663272076286376 ], [ 682764.052907950128429, 5664069.347056512720883 ], [ 682774.091616844059899, 5664067.838197926059365 ], [ 682784.130325738107786, 5664066.329254346899688 ], [ 682794.169034632155672, 5664064.82035562582314 ], [ 682804.207743526203558, 5664063.311452182009816 ], [ 682814.246452420251444, 5664061.802513325586915 ], [ 682824.285161314182915, 5664060.293650016188622 ], [ 682828.751054200110957, 5664059.622359627857804 ], [ 682834.323870208230801, 5664058.809723110869527 ], [ 682844.362579102278687, 5664057.537402341142297 ], [ 682854.401287996326573, 5664055.792879592627287 ], [ 682864.439996890374459, 5664054.0483568450436 ], [ 682874.478705784422345, 5664052.30383409652859 ], [ 682884.517414678353816, 5664050.55931134801358 ], [ 682890.14445148804225, 5664049.581447180360556 ], [ 682894.556123572401702, 5664048.814778202213347 ], [ 682904.594832466449589, 5664047.007138791494071 ], [ 682914.633541360497475, 5664045.157133761793375 ], [ 682924.672250254545361, 5664043.307128733024001 ], [ 682934.710959148476832, 5664041.457123702391982 ], [ 682944.749668042524718, 5664039.607118672691286 ], [ 682945.110999871860258, 5664039.540534731931984 ], [ 682954.788376936572604, 5664037.757248977199197 ], [ 682964.82708583062049, 5664035.907243946567178 ], [ 682974.865794724668376, 5664034.057238917797804 ], [ 682984.904503618599847, 5664032.207233887165785 ], [ 682994.943212512647733, 5664030.394249444827437 ], [ 682999.5975897598546, 5664029.499622283503413 ], [ 683004.981921406695619, 5664028.512574177235365 ], [ 683015.020630300743505, 5664026.780913982540369 ], [ 683025.059339194791391, 5664025.178881969302893 ], [ 683035.098048088839278, 5664023.397254582494497 ], [ 683045.136756982770748, 5664020.970525996759534 ], [ 683055.175465876818635, 5664025.61387484241277 ], [ 683065.214174770866521, 5664027.335050588473678 ], [ 683069.799723487929441, 5664029.499622283503413 ], [ 683075.252883664914407, 5664033.029654517769814 ], [ 683085.291592558962293, 5664036.812429241836071 ], [ 683091.070977364899591, 5664039.540534731931984 ], [ 683095.330301452893764, 5664041.659938739612699 ], [ 683105.36901034694165, 5664046.289789815433323 ], [ 683112.342223848681897, 5664049.581447180360556 ], [ 683115.407719240989536, 5664050.89361840672791 ], [ 683125.446428135037422, 5664054.389409076422453 ], [ 683135.485137029085308, 5664056.95460890326649 ], [ 683145.523845923133194, 5664059.519799980334938 ], [ 683145.925204304046929, 5664059.622359627857804 ], [ 683155.562554817064665, 5664062.857318369671702 ], [ 683165.601263711112551, 5664069.603478050790727 ], [ 683165.674034041119739, 5664069.663272076286376 ], [ 683173.593932190327905, 5664079.704184523783624 ], [ 683175.639972605276853, 5664083.254856924526393 ], [ 683179.281105893896893, 5664089.745096972212195 ], [ 683182.48845049389638, 5664099.786009420640767 ], [ 683180.722923665191047, 5664109.826921869069338 ], [ 683178.957396836485714, 5664119.867834316566586 ], [ 683177.191852596821263, 5664129.908746764995158 ], [ 683175.639972605160438, 5664138.73458781465888 ], [ 683175.42632258462254, 5664139.949659213423729 ], [ 683175.639972605160438, 5664140.624614022672176 ], [ 683179.498874092358164, 5664149.9905716618523 ], [ 683181.964213381172158, 5664160.031484110280871 ], [ 683181.51212113420479, 5664170.07239655777812 ], [ 683178.422299937112257, 5664180.113309006206691 ], [ 683175.639972605160438, 5664188.907772483304143 ], [ 683175.073818293050863, 5664190.154221454635262 ], [ 683166.943831900367513, 5664200.195133902132511 ], [ 683165.601263711112551, 5664201.666830045171082 ], [ 683157.783918213215657, 5664210.236046350561082 ], [ 683155.562554817064665, 5664212.671060057356954 ], [ 683146.878491309005767, 5664220.276958798058331 ], [ 683145.523845923133194, 5664221.474301115609705 ], [ 683135.485137029085308, 5664223.225968580693007 ], [ 683125.446428135037422, 5664224.977605884894729 ], [ 683115.407719240989536, 5664226.729283242486417 ], [ 683105.36901034694165, 5664228.480960599146783 ], [ 683095.330301452893764, 5664230.232581730931997 ], [ 683094.841511975275353, 5664230.317871246486902 ], [ 683085.291592558845878, 5664231.984258606098592 ], [ 683075.252883664914407, 5664233.735935963690281 ], [ 683065.214174770982936, 5664235.487584124319255 ], [ 683055.175465876702219, 5664237.23923397064209 ], [ 683045.136756982770748, 5664238.990911328233778 ], [ 683037.297600738471374, 5664240.358783694915473 ], [ 683035.098048088839278, 5664240.742586517706513 ], [ 683025.059339194791391, 5664242.494209334254265 ], [ 683015.020630300743505, 5664244.245886691845953 ], [ 683004.981921406695619, 5664245.997564049437642 ], [ 682994.943212512647733, 5664247.749199667945504 ], [ 682984.904503618599847, 5664249.500867133028805 ], [ 682979.753364508505911, 5664250.399696143344045 ], [ 682974.865794724668376, 5664251.25253941398114 ], [ 682964.82708583062049, 5664253.004202061332762 ], [ 682954.788376936572604, 5664254.755869526416063 ], [ 682944.749668042408302, 5664256.507514776661992 ], [ 682936.550837448448874, 5664260.440608590841293 ], [ 682934.710959148476832, 5664261.563504276797175 ], [ 682924.672250254545361, 5664269.829812633804977 ], [ 682923.880806593690068, 5664270.481521039269865 ], [ 682914.633541360497475, 5664278.096112923696637 ], [ 682911.686984257190488, 5664280.522433487698436 ], [ 682904.594832466449589, 5664286.36241321079433 ], [ 682899.493161920690909, 5664290.563345935195684 ], [ 682894.556123572401702, 5664294.628713499754667 ], [ 682887.299339584307745, 5664300.604258383624256 ], [ 682884.517414678353816, 5664302.895013787783682 ], [ 682875.10559939336963, 5664310.645170832052827 ], [ 682874.478705784422345, 5664311.161382514983416 ], [ 682864.439996890374459, 5664319.427686512470245 ], [ 682862.911782528273761, 5664320.686083279550076 ], [ 682854.401287996326573, 5664327.69398680049926 ], [ 682850.717960191890597, 5664330.726995727978647 ], [ 682844.362579102278687, 5664335.960287089459598 ], [ 682838.524137855391018, 5664340.767908176407218 ], [ 682834.323870208230801, 5664344.226587377488613 ], [ 682826.330315518891439, 5664350.808820625767112 ], [ 682824.285161314182915, 5664352.492887666448951 ], [ 682814.246452420251444, 5664360.759188605472445 ], [ 682814.136494142236188, 5664360.849733072333038 ], [ 682804.207743526203558, 5664369.025501645170152 ], [ 682801.942690615192987, 5664370.890645520761609 ], [ 682794.169034632155672, 5664377.291860679164529 ], [ 682789.748936126474291, 5664380.93155796919018 ], [ 682784.130325738107786, 5664385.558160968124866 ], [ 682777.555113789974712, 5664390.972470416687429 ], [ 682774.091616844059899, 5664393.824461256153882 ], [ 682765.361291453591548, 5664401.013382865116 ], [ 682764.052907950128429, 5664402.090761544182897 ], [ 682754.014199056080543, 5664410.357066842727363 ], [ 682753.032334768911824, 5664411.054295313544571 ], [ 682743.975490162032656, 5664419.059688644483685 ], [ 682733.93678126798477, 5664417.338758991099894 ], [ 682731.260459760320373, 5664411.054295313544571 ] ] ] } },
{ "type": "Feature", "properties": { "id": 3, "cost_level": 1200.0 }, "geometry": { "type": "Polygon", "coordinates": [ [ [ 682633.54969232773874, 5665566.91375392768532 ], [ 682643.588401221786626, 5665567.319091310724616 ], [ 682653.627110115834512, 5665567.443017417564988 ], [ 682663.665819009765983, 5665567.503082878887653 ], [ 682673.704527903930284, 5665567.145707610063255 ], [ 682681.687316927593201, 5665565.759226851165295 ], [ 682683.743236797861755, 5665564.761378711089492 ], [ 682693.781945691909641, 5665562.089774996973574 ], [ 682703.820654585957527, 5665560.875126659870148 ], [ 682713.859363480005413, 5665560.171429790556431 ], [ 682723.898072373936884, 5665558.427861120551825 ], [ 682733.93678126798477, 5665556.684286049567163 ], [ 682739.498450848506764, 5665555.718314402736723 ], [ 682743.975490162032656, 5665554.669292327016592 ], [ 682754.014199056080543, 5665553.080757603049278 ], [ 682764.052907950128429, 5665551.453581399284303 ], [ 682774.091616844059899, 5665549.71000883448869 ], [ 682784.130325738107786, 5665547.966439560055733 ], [ 682794.169034632155672, 5665546.222864489071071 ], [ 682797.309584769536741, 5665545.677401954308152 ], [ 682804.207743526203558, 5665544.479303850792348 ], [ 682814.246452420251444, 5665542.735728779807687 ], [ 682824.285161314182915, 5665540.992160443216562 ], [ 682834.323870208230801, 5665539.248587880283594 ], [ 682844.362579102278687, 5665537.505018000490963 ], [ 682854.401287996326573, 5665535.761442929506302 ], [ 682855.120718690566719, 5665535.636489506810904 ], [ 682864.439996890374459, 5665534.017882291227579 ], [ 682874.478705784422345, 5665532.274307220242918 ], [ 682884.517414678353816, 5665530.530739488080144 ], [ 682894.556123572401702, 5665528.787166923284531 ], [ 682904.594832466449589, 5665527.043596439994872 ], [ 682912.93186669703573, 5665525.595577059313655 ], [ 682914.633541360497475, 5665525.300021794624627 ], [ 682924.672250254545361, 5665523.556460730731487 ], [ 682934.710959148476832, 5665521.812885660678148 ], [ 682944.749668042641133, 5665520.069318532943726 ], [ 682954.788376936572604, 5665518.325745968148112 ], [ 682964.82708583062049, 5665516.582174880430102 ], [ 682970.743020658381283, 5665515.554664609953761 ], [ 682974.865794724668376, 5665514.838600838556886 ], [ 682984.904503618599847, 5665513.095039170235395 ], [ 682994.943212512647733, 5665511.351464100182056 ], [ 683004.981921406695619, 5665509.607897575944662 ], [ 683015.020630300743505, 5665507.864325012080371 ], [ 683025.059339194791391, 5665506.120753319002688 ], [ 683028.554174619959667, 5665505.51375216152519 ], [ 683035.098048088839278, 5665504.377179882489145 ], [ 683045.136756982770748, 5665502.633617610670626 ], [ 683055.175465876818635, 5665500.890042539685965 ], [ 683065.214174770866521, 5665499.146476620808244 ], [ 683075.252883664914407, 5665497.402904056943953 ], [ 683085.291592558962293, 5665495.659331760369241 ], [ 683086.365328581305221, 5665495.472839714027941 ], [ 683095.330301452893764, 5665493.915758927352726 ], [ 683105.36901034694165, 5665492.172196051105857 ], [ 683115.407719240989536, 5665490.428620979189873 ], [ 683125.446428135037422, 5665488.685055665671825 ], [ 683135.485137029085308, 5665486.941483100876212 ], [ 683144.176482542767189, 5665485.43192726559937 ], [ 683145.523845923133194, 5665485.197910536080599 ], [ 683155.562554817181081, 5665483.454337971284986 ], [ 683165.601263711112551, 5665481.710774490609765 ], [ 683175.639972605276853, 5665479.967199419625103 ], [ 683185.678681499208324, 5665478.223634708672762 ], [ 683195.71739039325621, 5665476.480062144808471 ], [ 683201.987636503996328, 5665475.391014817170799 ], [ 683205.756099287187681, 5665474.736489580012858 ], [ 683215.794808181235567, 5665472.992917016148567 ], [ 683225.833517075283453, 5665471.249352930113673 ], [ 683235.872225969331339, 5665469.505777860060334 ], [ 683245.910934863379225, 5665467.762213753536344 ], [ 683255.949643757310696, 5665466.018642149865627 ], [ 683259.798790465341881, 5665465.35010236967355 ], [ 683265.988352651358582, 5665464.27506862487644 ], [ 683276.027061545406468, 5665462.531496060080826 ], [ 683286.065770439454354, 5665460.787931370548904 ], [ 683296.10447933350224, 5665459.044356299564242 ], [ 683306.143188227550127, 5665457.300792798399925 ], [ 683316.181897121481597, 5665455.557220590300858 ], [ 683317.60994442680385, 5665455.309189921244979 ], [ 683326.220606015529484, 5665453.68079624325037 ], [ 683336.25931490957737, 5665451.925284898839891 ], [ 683346.298023803625256, 5665450.306549090892076 ], [ 683356.336732697673142, 5665448.582934739068151 ], [ 683366.375441591604613, 5665446.839371842332184 ], [ 683375.421098388265818, 5665445.268277472816408 ], [ 683376.414150485652499, 5665444.772547216154635 ], [ 683386.452859379700385, 5665440.436330613680184 ], [ 683396.491568273631856, 5665437.047182130627334 ], [ 683402.968977333512157, 5665435.227365025319159 ], [ 683406.530277167796157, 5665429.651910725980997 ], [ 683409.382604049053043, 5665425.186452576890588 ], [ 683415.796165187843144, 5665415.145540128462017 ], [ 683416.568986061727628, 5665413.935637097805738 ], [ 683422.209823958110064, 5665405.104627680033445 ], [ 683426.607694955775514, 5665398.219420249573886 ], [ 683428.623376213014126, 5665395.063715232536197 ], [ 683435.037043867399916, 5665385.022802785038948 ], [ 683436.6464038498234, 5665382.503225171007216 ], [ 683441.450596122303978, 5665374.981890335679054 ], [ 683446.685112743871287, 5665366.786996877752244 ], [ 683447.864250221755356, 5665364.940977888181806 ], [ 683454.772796284174547, 5665354.900065440684557 ], [ 683456.723821637919173, 5665353.097203809767962 ], [ 683466.762530531967059, 5665344.980014612898231 ], [ 683466.983051943709143, 5665344.859152991324663 ], [ 683476.80123942589853, 5665341.906916812993586 ], [ 683486.839948319946416, 5665338.888311976566911 ], [ 683496.878657213877887, 5665335.869707139208913 ], [ 683500.375427290564403, 5665334.818240543827415 ], [ 683506.917366108042188, 5665332.851114047691226 ], [ 683516.956075002090074, 5665329.832527235150337 ], [ 683526.994783896021545, 5665326.813952581956983 ], [ 683533.767807017313316, 5665324.777328095398843 ], [ 683537.033492790069431, 5665323.79534774646163 ], [ 683547.072201684117317, 5665320.776766795665026 ], [ 683557.110910578165203, 5665317.758179983124137 ], [ 683567.149619472213089, 5665314.7395931892097 ], [ 683567.16018674406223, 5665314.736415646970272 ], [ 683577.188328366260976, 5665311.90140345133841 ], [ 683587.227037260192446, 5665309.738703931681812 ], [ 683597.265746154240333, 5665307.584675094112754 ], [ 683607.304455048288219, 5665305.430702554993331 ], [ 683609.900662582600489, 5665304.695503197610378 ], [ 683617.343163942336105, 5665302.408251014538109 ], [ 683627.381872836267576, 5665298.16550696734339 ], [ 683635.689131773891859, 5665294.654590751044452 ], [ 683637.420581730315462, 5665293.922824018634856 ], [ 683647.459290624363348, 5665289.680079970508814 ], [ 683657.497999518411234, 5665285.437397020868957 ], [ 683659.44270636967849, 5665284.613678302615881 ], [ 683667.53670841245912, 5665281.176478935405612 ], [ 683677.575417306507006, 5665276.883609083481133 ], [ 683682.979157058289275, 5665274.57276585418731 ], [ 683687.614126200438477, 5665272.590677976608276 ], [ 683697.652835094486363, 5665268.297808123752475 ], [ 683706.459247816703282, 5665264.531853406690061 ], [ 683707.691543988534249, 5665264.004877016879618 ], [ 683717.730252882582135, 5665259.711975313723087 ], [ 683727.768961776630022, 5665255.41907605715096 ], [ 683729.939338575000875, 5665254.49094095826149 ], [ 683737.807670670677908, 5665251.126144949346781 ], [ 683747.846379564609379, 5665246.833275096490979 ], [ 683753.381597485626116, 5665244.450028509832919 ], [ 683757.885088458657265, 5665242.501349821686745 ], [ 683767.923797352705151, 5665238.141823586076498 ], [ 683776.519150358159095, 5665234.409116061404347 ], [ 683777.962506246753037, 5665233.782309299334884 ], [ 683788.001215140800923, 5665229.422764023765922 ], [ 683798.039924034732394, 5665226.179319250397384 ], [ 683808.07863292878028, 5665225.160477007739246 ], [ 683815.884946428821422, 5665224.368203613907099 ], [ 683818.117341822828166, 5665224.141634764149785 ], [ 683828.156050716876052, 5665223.122800258919597 ], [ 683838.194759610923938, 5665222.104012675583363 ], [ 683848.233468504855409, 5665221.085170431993902 ], [ 683858.272177398903295, 5665217.346312161535025 ], [ 683864.268990241689608, 5665214.327291165478528 ], [ 683868.310886292951182, 5665212.292462104931474 ], [ 683878.349595186999068, 5665207.238631840795279 ], [ 683884.213822542224079, 5665204.286378717049956 ], [ 683888.388304081046954, 5665202.184787798672915 ], [ 683898.42701297509484, 5665197.549125887453556 ], [ 683907.539580343640409, 5665194.245466269552708 ], [ 683908.465721869026311, 5665193.884867600165308 ], [ 683909.865485503571108, 5665194.245466269552708 ], [ 683918.504430763074197, 5665195.491550238803029 ], [ 683920.852968967752531, 5665194.245466269552708 ], [ 683928.543139657122083, 5665189.846856957301497 ], [ 683938.581848551169969, 5665184.86346825119108 ], [ 683939.867882396560162, 5665184.204553821124136 ], [ 683948.620557445217855, 5665181.040599192492664 ], [ 683958.659266339149326, 5665174.576571178622544 ], [ 683959.465204186039045, 5665174.163641372695565 ], [ 683968.697975233197212, 5665170.686820333823562 ], [ 683978.736684127245098, 5665164.289717312902212 ], [ 683979.062603107769974, 5665164.122728925198317 ], [ 683988.775393021292984, 5665160.305754417553544 ], [ 683998.717314087669365, 5665154.081816476769745 ], [ 683998.814101915340871, 5665154.036393385380507 ], [ 684008.852810809388757, 5665149.89372025988996 ], [ 684018.463620387716219, 5665144.040904028341174 ], [ 684018.891519703320228, 5665143.84775951039046 ], [ 684028.930228597368114, 5665139.446254136972129 ], [ 684038.156312014092691, 5665133.999991579912603 ], [ 684038.968937491416, 5665133.648772802203894 ], [ 684049.007646385463886, 5665128.958038786426187 ], [ 684057.781364517170005, 5665123.959079132415354 ], [ 684059.046355279511772, 5665123.43836697936058 ], [ 684069.085064173443243, 5665118.422596467658877 ], [ 684077.319126924965531, 5665113.918166683986783 ], [ 684079.123773067491129, 5665113.21522652450949 ], [ 684089.162481961539015, 5665107.832078287377954 ], [ 684096.741568712284788, 5665103.877254235558212 ], [ 684099.201190855586901, 5665102.977826601825655 ], [ 684109.239899749634787, 5665097.425014995969832 ], [ 684116.244143764371984, 5665093.836341788060963 ], [ 684119.278608643566258, 5665092.724493063054979 ], [ 684129.317317537614144, 5665087.138163066469133 ], [ 684135.841485951910727, 5665083.795429339632392 ], [ 684139.356026431662031, 5665082.453138683922589 ], [ 684149.394735325593501, 5665076.851264057680964 ], [ 684155.43885568738915, 5665073.754516891203821 ], [ 684159.433444219757803, 5665072.16143730096519 ], [ 684169.472153113805689, 5665066.533997025340796 ], [ 684175.036206663120538, 5665063.713604443706572 ], [ 684179.51086200773716, 5665061.84650672506541 ], [ 684189.549570901785046, 5665056.186782416887581 ], [ 684194.633567610289901, 5665053.672691995278001 ], [ 684199.588279795832932, 5665051.50501942448318 ], [ 684209.626988689880818, 5665045.854197738692164 ], [ 684214.230927374213934, 5665043.63177954684943 ], [ 684219.665697583928704, 5665041.13285315502435 ], [ 684229.70440647774376, 5665035.535175085067749 ], [ 684233.828279533190653, 5665033.590867098420858 ], [ 684239.743115371908061, 5665030.725132223218679 ], [ 684249.781824265955947, 5665025.228844999335706 ], [ 684253.288373604882509, 5665023.54995465092361 ], [ 684259.820533160003833, 5665020.142794813029468 ], [ 684269.85924205405172, 5665014.934286490082741 ], [ 684272.765610601985827, 5665013.509042201563716 ], [ 684279.89795094798319, 5665009.703742017969489 ], [ 684289.936659842031077, 5665004.650811774656177 ], [ 684292.294999441131949, 5665003.468129754066467 ], [ 684299.975368736078963, 5664999.285676741972566 ], [ 684310.014077630126849, 5664994.377669039182365 ], [ 684311.870019563357346, 5664993.427217306569219 ], [ 684320.052786524174735, 5664988.885073639452457 ], [ 684330.091495418106206, 5664984.083237347193062 ], [ 684331.429925138130784, 5664983.38630485907197 ], [ 684340.130204312154092, 5664978.500666277483106 ], [ 684350.168913206085563, 5664973.62878281250596 ], [ 684350.713152630371042, 5664973.345392409712076 ], [ 684360.207622100133449, 5664968.131464283913374 ], [ 684369.968679594108835, 5664963.304479961283505 ], [ 684370.24633099429775, 5664963.174015165306628 ], [ 684380.285039888229221, 5664957.77642020676285 ], [ 684389.213706119335257, 5664953.263567513786256 ], [ 684390.323748782277107, 5664952.704085445031524 ], [ 684400.362457676324993, 5664947.434661762788892 ], [ 684408.526969347149134, 5664943.222655065357685 ], [ 684410.40116657037288, 5664942.210528720170259 ], [ 684420.439875464420766, 5664937.038133539259434 ], [ 684427.845913062570617, 5664933.181742616929114 ], [ 684430.478584358468652, 5664931.715494397096336 ], [ 684440.517293252516538, 5664926.583665654063225 ], [ 684447.129140554810874, 5664923.140830169431865 ], [ 684450.556002146331593, 5664921.27404637914151 ], [ 684460.594711040495895, 5664916.129185535944998 ], [ 684466.412293278728612, 5664913.099917721003294 ], [ 684470.633419934660196, 5664910.849738089367747 ], [ 684480.672128828708082, 5664905.674731000326574 ], [ 684485.695520770968869, 5664903.059005272574723 ], [ 684490.710837722639553, 5664900.441536974161863 ], [ 684500.749546616571024, 5664895.220237532630563 ], [ 684504.978704993613064, 5664893.018092825077474 ], [ 684510.78825551061891, 5664889.993029730394483 ], [ 684520.826964404666796, 5664884.765782997012138 ], [ 684524.261900987126864, 5664882.977180376648903 ], [ 684530.865673298714682, 5664879.538536262698472 ], [ 684540.904382192762569, 5664874.311323129571974 ], [ 684543.545128479367122, 5664872.936267928220332 ], [ 684550.943091086694039, 5664869.084081727080047 ], [ 684560.981799980741926, 5664863.85683499276638 ], [ 684562.828281203168444, 5664862.89535547979176 ], [ 684571.020508874789812, 5664858.629604799672961 ], [ 684581.059217768837698, 5664853.402380458079278 ], [ 684582.111508695408702, 5664852.854443032294512 ], [ 684591.097926663001999, 5664846.582167014479637 ], [ 684601.13663555693347, 5664842.860504694283009 ], [ 684601.227586831315421, 5664842.813530583865941 ], [ 684602.061504567973316, 5664832.772618136368692 ], [ 684601.13663555693347, 5664832.441697417758405 ], [ 684598.4809418565128, 5664832.772618135437369 ], [ 684591.097926663001999, 5664834.792906808666885 ], [ 684581.059217768837698, 5664836.67212691064924 ], [ 684571.020508874789812, 5664839.439464065246284 ], [ 684567.336770725552924, 5664842.813530583865941 ], [ 684560.981799980741926, 5664847.597783405333757 ], [ 684557.79253475414589, 5664852.854443032294512 ], [ 684550.943091086694039, 5664859.678896494209766 ], [ 684540.904382192762569, 5664860.154727717861533 ], [ 684532.134298258693889, 5664862.89535547979176 ], [ 684530.865673298714682, 5664865.006911098957062 ], [ 684520.826964404666796, 5664870.633588884025812 ], [ 684510.78825551061891, 5664870.678892534226179 ], [ 684503.782493522507139, 5664872.936267928220332 ], [ 684500.749546616571024, 5664877.049692999571562 ], [ 684490.710837722639553, 5664879.954757635481656 ], [ 684480.672128828591667, 5664880.87588235270232 ], [ 684474.75637400674168, 5664882.977180376648903 ], [ 684470.633419934543781, 5664887.294215811416507 ], [ 684460.594711040495895, 5664889.487019383348525 ], [ 684450.556002146331593, 5664891.573242096230388 ], [ 684446.488334177643992, 5664893.018092825077474 ], [ 684440.517293252516538, 5664897.396698046475649 ], [ 684430.478584358468652, 5664899.18234102614224 ], [ 684420.439875464420766, 5664902.192632609978318 ], [ 684418.220294348546304, 5664903.059005272574723 ], [ 684410.40116657037288, 5664907.438351785764098 ], [ 684400.362457676324993, 5664909.40217500180006 ], [ 684390.323748782277107, 5664912.871921859681606 ], [ 684389.952254169736989, 5664913.099917721003294 ], [ 684380.285039888345636, 5664917.479719810187817 ], [ 684370.24633099429775, 5664918.766004590317607 ], [ 684361.684206629754044, 5664923.140830169431865 ], [ 684360.207622100249864, 5664924.198944559320807 ], [ 684350.168913206201978, 5664926.090195988304913 ], [ 684340.130204312154092, 5664926.628899283707142 ], [ 684331.709111772128381, 5664933.181742616929114 ], [ 684330.091495418222621, 5664933.980526389554143 ], [ 684325.141618715599179, 5664933.181742616929114 ], [ 684326.413690745946951, 5664923.140830169431865 ], [ 684327.685762776294723, 5664913.099917721003294 ], [ 684328.957866981974803, 5664903.059005272574723 ], [ 684330.091495418222621, 5664894.110909192822874 ], [ 684330.229943108279258, 5664893.018092825077474 ], [ 684331.50201513862703, 5664882.977180376648903 ], [ 684332.774087168974802, 5664872.936267928220332 ], [ 684334.046159199322574, 5664862.89535547979176 ], [ 684335.318231229670346, 5664852.854443032294512 ], [ 684340.130204312154092, 5664844.512471708469093 ], [ 684341.236115898238495, 5664842.813530583865941 ], [ 684349.617892643553205, 5664832.772618135437369 ], [ 684350.168913206201978, 5664832.112675534561276 ], [ 684358.001990333665162, 5664822.731705687940121 ], [ 684360.207622100249864, 5664820.672739727422595 ], [ 684370.24633099429775, 5664814.072893910109997 ], [ 684373.220814020605758, 5664812.690793239511549 ], [ 684380.285039888345636, 5664809.535566829144955 ], [ 684390.323748782277107, 5664805.051791817881167 ], [ 684395.701379354693927, 5664802.649880791082978 ], [ 684400.362457676324993, 5664800.568016806617379 ], [ 684410.40116657037288, 5664796.084232164546847 ], [ 684418.181944689014927, 5664792.60896834358573 ], [ 684420.439875464420766, 5664791.600466782227159 ], [ 684430.478584358468652, 5664785.905521025881171 ], [ 684434.830220438539982, 5664782.568055895157158 ], [ 684440.517293252516538, 5664778.146166680380702 ], [ 684447.169012090191245, 5664772.527143446728587 ], [ 684450.556002146448009, 5664769.529741153120995 ], [ 684457.924795821658336, 5664762.486230998300016 ], [ 684460.594711040495895, 5664759.764831093139946 ], [ 684467.496143928961828, 5664752.445318550802767 ], [ 684470.633419934543781, 5664749.117990524508059 ], [ 684476.963513358612545, 5664742.404406102374196 ], [ 684480.672128828591667, 5664737.078239714726806 ], [ 684483.303881673258729, 5664732.363493653945625 ], [ 684487.475010644178838, 5664722.322581206448376 ], [ 684490.710837722639553, 5664717.845435059629381 ], [ 684497.841343681095168, 5664712.281668758019805 ], [ 684500.749546616571024, 5664710.318473555147648 ], [ 684510.78825551061891, 5664703.541798892430961 ], [ 684512.715570661704987, 5664702.240756309591234 ], [ 684518.91864007525146, 5664692.199843861162663 ], [ 684520.55037401325535, 5664682.158931413665414 ], [ 684520.826964404666796, 5664681.564876573160291 ], [ 684529.485752802109346, 5664672.118018965236843 ], [ 684530.865673298714682, 5664671.290320303291082 ], [ 684540.904382192762569, 5664665.26892819441855 ], [ 684546.22573501826264, 5664662.077106516808271 ], [ 684550.943091086694039, 5664659.247559946030378 ], [ 684560.981799980741926, 5664652.387613063678145 ], [ 684561.42369885975495, 5664652.036194069311023 ], [ 684567.598091427935287, 5664641.995281620882452 ], [ 684571.020508874789812, 5664636.429682483896613 ], [ 684573.77248399599921, 5664631.95436917245388 ], [ 684579.946882288437337, 5664621.913456724956632 ], [ 684581.059217768837698, 5664620.104561829008162 ], [ 684586.121294742450118, 5664611.87254427652806 ], [ 684591.097926662885584, 5664603.779410903342068 ], [ 684592.295661700423807, 5664601.831631828099489 ], [ 684598.470067990943789, 5664591.790719379670918 ], [ 684601.13663555693347, 5664587.454311395063996 ], [ 684604.644480444956571, 5664581.749806932173669 ], [ 684610.818891064729542, 5664571.708894483745098 ], [ 684611.175344450864941, 5664571.129223333671689 ], [ 684616.993253693450242, 5664561.667982035316527 ], [ 684621.214053344912827, 5664554.804060962051153 ], [ 684623.167666147579439, 5664551.627069587819278 ], [ 684629.342068769037724, 5664541.586157139390707 ], [ 684631.252762238960713, 5664538.478951753117144 ], [ 684635.516461337218061, 5664531.545244691893458 ], [ 684641.291471133008599, 5664522.15381596237421 ], [ 684641.690851849969476, 5664521.504332243464887 ], [ 684647.865246473462321, 5664511.463419795036316 ], [ 684651.330180027056485, 5664505.828680172562599 ], [ 684654.039639041526243, 5664501.422507347539067 ], [ 684660.014517162228003, 5664491.381594898179173 ], [ 684661.368888920987956, 5664487.647240107879043 ], [ 684666.547923287609592, 5664481.340682450681925 ], [ 684666.59793929301668, 5664471.299770002253354 ], [ 684669.873096535797231, 5664461.258857553824782 ], [ 684671.407597815035842, 5664457.193125236779451 ], [ 684673.73023107170593, 5664451.217945106327534 ], [ 684675.874383372371085, 5664441.177032657898962 ], [ 684677.161444292403758, 5664431.136120209470391 ], [ 684677.175043218303472, 5664421.095207761973143 ], [ 684677.119689580867998, 5664411.054295313544571 ], [ 684677.064239843282849, 5664401.013382865116 ], [ 684677.00888620596379, 5664390.972470416687429 ], [ 684676.953532568411902, 5664380.93155796919018 ], [ 684676.898178930976428, 5664370.890645520761609 ], [ 684676.842729193391278, 5664360.849733072333038 ], [ 684676.78737555607222, 5664350.808820624835789 ], [ 684676.732021918520331, 5664340.767908176407218 ], [ 684676.676617841003463, 5664330.726995727978647 ], [ 684676.621218543499708, 5664320.686083279550076 ], [ 684676.565864906064235, 5664310.645170832052827 ], [ 684676.510511268628761, 5664300.604258383624256 ], [ 684676.455061531160027, 5664290.563345935195684 ], [ 684676.399707893608138, 5664280.522433487698436 ], [ 684676.344354256056249, 5664270.481521039269865 ], [ 684676.28895388962701, 5664260.440608590841293 ], [ 684675.471983525785618, 5664250.399696143344045 ], [ 684673.670070558786392, 5664240.358783694915473 ], [ 684671.407597815035842, 5664230.33347397390753 ], [ 684671.404110119561665, 5664230.317871246486902 ], [ 684669.064460121444426, 5664220.276958798058331 ], [ 684666.724685604451224, 5664210.236046350561082 ], [ 684664.384911087574437, 5664200.195133902132511 ], [ 684662.04513657069765, 5664190.15422145370394 ], [ 684661.368888920987956, 5664187.245512544177473 ], [ 684659.752671843976714, 5664180.113309006206691 ], [ 684657.633086677873507, 5664170.07239655777812 ], [ 684655.513572327443399, 5664160.031484109349549 ], [ 684653.394037756370381, 5664149.990571660920978 ], [ 684651.330180027056485, 5664140.213651584461331 ], [ 684651.274452590267174, 5664139.949659213423729 ], [ 684648.962614105199464, 5664129.908746764995158 ], [ 684646.436987441731617, 5664119.867834316566586 ], [ 684643.911360778380185, 5664109.826921869069338 ], [ 684641.385734114912339, 5664099.786009420640767 ], [ 684641.291471133008599, 5664099.411256349645555 ], [ 684638.860078515252098, 5664089.745096972212195 ], [ 684636.334421793813817, 5664079.704184524714947 ], [ 684633.699619499384426, 5664069.663272077217698 ], [ 684631.252762238960713, 5664061.110765275545418 ], [ 684630.817056971602142, 5664059.622359627857804 ], [ 684627.87771008326672, 5664049.581447180360556 ], [ 684624.938322564936243, 5664039.540534731931984 ], [ 684621.998903045081533, 5664029.499622283503413 ], [ 684621.214053344912827, 5664026.818543166853487 ], [ 684619.059588158386759, 5664019.458709835074842 ], [ 684616.164205538923852, 5664009.417797388508916 ], [ 684614.214048290043138, 5663999.376884939149022 ], [ 684612.272248409921303, 5663989.335972490720451 ], [ 684611.175344450864941, 5663983.664316762238741 ], [ 684610.330325778690167, 5663979.295060043223202 ], [ 684608.388525898568332, 5663969.254147594794631 ], [ 684605.567828188301064, 5663959.21323514636606 ], [ 684601.13663555693347, 5663955.464839627966285 ], [ 684591.097926662885584, 5663957.320159162394702 ], [ 684581.059217768837698, 5663959.175555866211653 ], [ 684580.855338766938075, 5663959.21323514636606 ], [ 684571.020508874789812, 5663961.030851724557579 ], [ 684560.981799980741926, 5663962.886226138100028 ], [ 684558.391336313681677, 5663959.213235145434737 ], [ 684550.943091086694039, 5663950.998012805357575 ], [ 684549.876482813502662, 5663949.172322697937489 ], [ 684544.010361153283156, 5663939.13141025044024 ], [ 684540.904382192762569, 5663933.814973835833371 ], [ 684538.144239492947236, 5663929.090497802011669 ], [ 684532.2781178324949, 5663919.049585353583097 ], [ 684530.865673298714682, 5663916.631934864446521 ], [ 684526.411996172275394, 5663909.008672906085849 ], [ 684529.844324546982534, 5663898.967760457657278 ], [ 684530.865673298714682, 5663897.119298826903105 ], [ 684535.046591288875788, 5663888.926848009228706 ], [ 684539.802038209862076, 5663878.885935561731458 ], [ 684540.904382192762569, 5663875.192862802185118 ], [ 684541.95217706868425, 5663868.845023113302886 ], [ 684543.036493641091511, 5663858.804110664874315 ], [ 684544.120838199392892, 5663848.763198216445744 ], [ 684549.393588715582155, 5663838.722285768948495 ], [ 684550.943091086577624, 5663836.831946154125035 ], [ 684557.624076786334626, 5663828.681373320519924 ], [ 684560.981799980741926, 5663824.585051916539669 ], [ 684565.854535603430122, 5663818.640460872091353 ], [ 684571.020508874789812, 5663812.338151108473539 ], [ 684574.085023674299009, 5663808.599548424594104 ], [ 684581.059217768837698, 5663800.091271431185305 ], [ 684582.35820281622, 5663798.558635976165533 ], [ 684590.545970562263392, 5663788.517723527736962 ], [ 684591.097926662885584, 5663787.844356062822044 ], [ 684601.13663555693347, 5663785.381498901173472 ], [ 684611.175344450864941, 5663784.978098987601697 ], [ 684621.214053344912827, 5663783.862692585214972 ], [ 684631.061193550354801, 5663778.476811080239713 ], [ 684631.252762238960713, 5663778.317998476326466 ], [ 684639.132384262629785, 5663768.435898631811142 ], [ 684641.291471133008599, 5663760.654322552494705 ], [ 684641.918349729385227, 5663758.394986183382571 ], [ 684644.704238635255024, 5663748.354073734954 ], [ 684647.490127541241236, 5663738.313161287456751 ], [ 684650.276084968703799, 5663728.272248839959502 ], [ 684651.330180027056485, 5663724.473103994503617 ], [ 684653.06198191375006, 5663718.231336390599608 ], [ 684655.847905274247751, 5663708.19042394310236 ], [ 684658.633815427077934, 5663698.149511494673789 ], [ 684661.368888920987956, 5663688.291823347099125 ], [ 684661.419725192128681, 5663688.108599046245217 ], [ 684661.368888920987956, 5663687.940812507644296 ], [ 684651.330180027056485, 5663680.589689843356609 ], [ 684645.571537682320923, 5663678.067686598747969 ], [ 684641.291471133008599, 5663676.193227120675147 ], [ 684631.252762238960713, 5663671.796764397993684 ], [ 684622.644515790627338, 5663668.026774149388075 ], [ 684621.214053344912827, 5663667.400312721729279 ], [ 684611.175344450864941, 5663663.003927527926862 ], [ 684601.13663555693347, 5663658.607542334124446 ], [ 684599.717089585377835, 5663657.985861701890826 ], [ 684591.097926662885584, 5663654.211090574041009 ], [ 684581.059217768837698, 5663649.814627851359546 ], [ 684576.790067693800665, 5663647.944949253462255 ], [ 684571.020508874789812, 5663645.418165127746761 ], [ 684560.981799980741926, 5663641.021702405065298 ], [ 684553.863045802223496, 5663637.904036805965006 ], [ 684550.943091086810455, 5663636.834234645590186 ], [ 684540.904382192762569, 5663632.886554971337318 ], [ 684530.865673298714682, 5663628.463451321236789 ], [ 684529.590429732226767, 5663627.863124357536435 ], [ 684520.826964404666796, 5663625.023408812470734 ], [ 684510.78825551061891, 5663621.934189895167947 ], [ 684500.749546616571024, 5663618.579132092185318 ], [ 684498.603381224675104, 5663617.822211908176541 ], [ 684490.710837722639553, 5663615.264799917116761 ], [ 684480.672128828591667, 5663612.01192023139447 ], [ 684470.633419934543781, 5663608.759022572077811 ], [ 684467.616024924907833, 5663607.781299461610615 ], [ 684460.59471104037948, 5663605.506191022694111 ], [ 684450.556002146448009, 5663602.253308123908937 ], [ 684440.517293252516538, 5663599.000413675792515 ], [ 684436.628668625140563, 5663597.740387013182044 ], [ 684430.478584358468652, 5663595.747582126408815 ], [ 684420.439875464420766, 5663592.494636330753565 ], [ 684410.40116657037288, 5663589.241787232458591 ], [ 684405.64147949591279, 5663587.699474564753473 ], [ 684400.362457676324993, 5663585.988878447562456 ], [ 684390.323748782277107, 5663582.736027435399592 ], [ 684380.285039888345636, 5663579.483175124973059 ], [ 684374.654153794632293, 5663577.658562116324902 ], [ 684370.24633099429775, 5663576.226208312436938 ], [ 684360.207622100249864, 5663572.647644905373454 ], [ 684350.168913206201978, 5663568.525522461161017 ], [ 684348.066888799192384, 5663567.617649668827653 ], [ 684340.130204312154092, 5663564.189763728529215 ], [ 684330.091495418222621, 5663559.853877503424883 ], [ 684323.28249608061742, 5663557.576737219467759 ], [ 684320.05278652429115, 5663556.808155631646514 ], [ 684310.014077630126849, 5663555.122211314737797 ], [ 684299.975368736078963, 5663553.436266999691725 ], [ 684289.936659842031077, 5663551.750322682783008 ], [ 684279.89795094798319, 5663550.2226557219401 ], [ 684269.85924205405172, 5663549.040074456483126 ], [ 684259.820533160003833, 5663549.821820130571723 ], [ 684249.781824265955947, 5663550.603480975143611 ], [ 684239.743115371908061, 5663551.385236159898341 ], [ 684229.704406477860175, 5663550.318001434206963 ], [ 684228.002802968258038, 5663547.53582477197051 ], [ 684222.183000318473205, 5663537.494912324473262 ], [ 684219.665697583928704, 5663535.755367276258767 ], [ 684209.626988689880818, 5663533.815095129422843 ], [ 684199.588279795832932, 5663531.874836212024093 ], [ 684189.549570901785046, 5663529.934500924311578 ], [ 684179.51086200773716, 5663527.994242006912827 ], [ 684176.715702332207002, 5663527.453999876044691 ], [ 684169.472153113805689, 5663526.053983090445399 ], [ 684159.433444219757803, 5663524.113647802732885 ], [ 684149.394735325709917, 5663522.173388885334134 ], [ 684139.356026431662031, 5663520.233129967935383 ], [ 684129.317317537614144, 5663518.292794680222869 ], [ 684124.765798693639226, 5663517.413087427616119 ], [ 684119.278608643566258, 5663516.352535762824118 ], [ 684109.239899749634787, 5663514.41227684635669 ], [ 684099.201190855586901, 5663512.471941558644176 ], [ 684089.162481961539015, 5663510.531682642176747 ], [ 684079.123773067491129, 5663508.591423724777997 ], [ 684072.815748212393373, 5663507.372174980118871 ], [ 684069.085064173443243, 5663506.651088437996805 ], [ 684059.046355279628187, 5663504.710829520598054 ], [ 684049.007646385463886, 5663502.770570603199303 ], [ 684038.968937491416, 5663500.830235315486789 ], [ 684031.776576750329696, 5663507.372174980118871 ], [ 684028.930228597368114, 5663511.375031793490052 ], [ 684024.726972875883803, 5663517.413087427616119 ], [ 684018.891519703320228, 5663525.795825297012925 ], [ 684017.737219013040885, 5663527.453999876044691 ], [ 684010.747465150314383, 5663537.494912324473262 ], [ 684008.852810809388757, 5663540.216618800535798 ], [ 684003.532808334333822, 5663547.53582477197051 ], [ 683998.814101915340871, 5663551.195974257774651 ], [ 683988.775393021292984, 5663553.642242955043912 ], [ 683978.736684127245098, 5663556.088454946875572 ], [ 683972.629206414450891, 5663557.576737220399082 ], [ 683968.697975233197212, 5663558.534713776782155 ], [ 683958.659266339149326, 5663560.980959904380143 ], [ 683948.620557445217855, 5663563.427184599451721 ], [ 683938.581848551169969, 5663565.873398289084435 ], [ 683931.423948052339256, 5663567.617649668827653 ], [ 683928.543139657122083, 5663568.319655422121286 ], [ 683918.504430763074197, 5663570.765903246589005 ], [ 683908.465721869026311, 5663573.212126244790852 ], [ 683898.42701297509484, 5663575.650299820117652 ], [ 683888.388304081046954, 5663576.679757049307227 ], [ 683882.51008753455244, 5663577.658562116324902 ], [ 683878.349595186999068, 5663578.356477633118629 ], [ 683868.355064131785184, 5663577.658562116324902 ], [ 683868.310886292951182, 5663577.655521905049682 ], [ 683859.185696086031385, 5663567.617649668827653 ], [ 683858.272177398903295, 5663566.612762793898582 ], [ 683850.05774209543597, 5663557.576737220399082 ], [ 683848.233468504855409, 5663555.570003682747483 ], [ 683840.929745321860537, 5663547.53582477197051 ], [ 683838.194759610923938, 5663544.527309255674481 ], [ 683831.801775310537778, 5663537.494912324473262 ], [ 683828.156050716876052, 5663533.484550146386027 ], [ 683822.673821320058778, 5663527.453999876044691 ], [ 683818.117341822711751, 5663522.441791033372283 ], [ 683813.545840550912544, 5663517.413087427616119 ], [ 683808.07863292878028, 5663511.3990578642115 ], [ 683804.417891895398498, 5663507.372174980118871 ], [ 683798.039924034732394, 5663500.356337497010827 ], [ 683793.65718481130898, 5663497.3312625316903 ], [ 683788.001215140800923, 5663490.717826451174915 ], [ 683784.689964824239723, 5663497.3312625316903 ], [ 683783.906259882613085, 5663507.372174980118871 ], [ 683785.019746095640585, 5663517.413087427616119 ], [ 683786.133192915585823, 5663527.453999876044691 ], [ 683787.246679128496908, 5663537.494912325404584 ], [ 683788.001215140800923, 5663544.298975050449371 ], [ 683788.360165341524407, 5663547.53582477197051 ], [ 683789.47361216135323, 5663557.576737220399082 ], [ 683790.587098374264315, 5663567.617649668827653 ], [ 683791.700584587291814, 5663577.658562116324902 ], [ 683792.814070800202899, 5663587.699474564753473 ], [ 683793.927517620148137, 5663597.740387013182044 ], [ 683795.041003833059222, 5663607.781299462541938 ], [ 683794.9301691071596, 5663617.822211909107864 ], [ 683788.001215140800923, 5663620.800003540702164 ], [ 683777.962506246753037, 5663619.778440879657865 ], [ 683767.923797352705151, 5663618.756852895021439 ], [ 683758.739277355489321, 5663617.822211909107864 ], [ 683757.885088458657265, 5663617.735287635587156 ], [ 683757.46229303709697, 5663617.822211909107864 ], [ 683747.846379564609379, 5663620.123171066865325 ], [ 683737.807670670677908, 5663622.631018629297614 ], [ 683727.768961776630022, 5663625.138866192661226 ], [ 683717.730252882582135, 5663627.483423033729196 ], [ 683707.691543988534249, 5663627.180001562461257 ], [ 683697.652835094486363, 5663626.803207580000162 ], [ 683687.614126200322062, 5663626.426439381204545 ], [ 683677.575417306507006, 5663626.049645401537418 ], [ 683667.53670841245912, 5663625.528456659987569 ], [ 683657.497999518411234, 5663622.682478778995574 ], [ 683647.459290624363348, 5663618.232440122403204 ], [ 683646.53386552282609, 5663617.822211909107864 ], [ 683637.420581730315462, 5663613.782431958243251 ], [ 683627.381872836383991, 5663609.332397075369954 ], [ 683623.882784724701196, 5663607.781299461610615 ], [ 683617.343163942336105, 5663604.882375551387668 ], [ 683607.304455048288219, 5663600.43234512489289 ], [ 683601.231703926576301, 5663597.740387013182044 ], [ 683597.265746154240333, 5663595.982332502491772 ], [ 683587.227037260192446, 5663591.532298304140568 ], [ 683578.580687642446719, 5663587.699474565684795 ], [ 683577.188328366260976, 5663587.08225829154253 ], [ 683567.149619472213089, 5663586.502693015150726 ], [ 683565.408106017508544, 5663587.699474564753473 ], [ 683557.110910578165203, 5663593.401396809145808 ], [ 683550.796955429250374, 5663597.740387013182044 ], [ 683547.072201684117317, 5663600.300061516463757 ], [ 683537.033492790069431, 5663605.224842180497944 ], [ 683526.994783896021545, 5663604.561626433394849 ], [ 683516.956075001973659, 5663603.442942131310701 ], [ 683506.917366108042188, 5663602.324261751025915 ], [ 683496.878657213994302, 5663601.205593839287758 ], [ 683486.839948319946416, 5663600.086919182911515 ], [ 683476.80123942589853, 5663598.968229155987501 ], [ 683470.253131177625619, 5663597.740387013182044 ], [ 683466.762530532083474, 5663597.024666683748364 ], [ 683456.723821637919173, 5663593.837529418990016 ], [ 683446.685112743871287, 5663588.960580856539309 ], [ 683444.08925207844004, 5663587.699474564753473 ], [ 683436.6464038498234, 5663584.083632292225957 ], [ 683426.607694955775514, 5663579.206683728843927 ], [ 683423.421042072586715, 5663577.658562116324902 ], [ 683416.568986061727628, 5663574.3297238945961 ], [ 683406.530277167796157, 5663569.452758817002177 ], [ 683402.752875715959817, 5663567.617649668827653 ], [ 683396.491568273748271, 5663564.575827740132809 ], [ 683386.452859379700385, 5663559.698862662538886 ], [ 683382.084692043252289, 5663557.576737220399082 ], [ 683376.414150485652499, 5663554.821906914003193 ], [ 683366.375441591604613, 5663550.375029617920518 ], [ 683356.336732697673142, 5663549.790214838460088 ], [ 683346.298023803625256, 5663549.384490611031651 ], [ 683336.25931490957737, 5663548.978766384534538 ], [ 683326.220606015529484, 5663548.573042158037424 ], [ 683316.181897121481597, 5663548.167278794571757 ], [ 683306.143188227550127, 5663547.761552879586816 ], [ 683303.295682503492571, 5663547.53582477197051 ], [ 683296.10447933350224, 5663546.810709147714078 ], [ 683286.065770439454354, 5663541.857156630605459 ], [ 683277.225380744668655, 5663537.494912323541939 ], [ 683276.027061545406468, 5663536.90361107699573 ], [ 683265.988352651358582, 5663531.950035481713712 ], [ 683256.876777432975359, 5663527.453999876044691 ], [ 683255.949643757310696, 5663526.996510586701334 ], [ 683245.910934863379225, 5663522.042937410995364 ], [ 683236.528274742071517, 5663517.413087427616119 ], [ 683235.872225969331339, 5663517.089361814782023 ], [ 683225.833517075283453, 5663512.135811422020197 ], [ 683216.17967846582178, 5663507.372174980118871 ], [ 683215.794808181235567, 5663507.182263744994998 ], [ 683205.756099287187681, 5663502.228688148781657 ], [ 683195.831181589863263, 5663497.3312625316903 ], [ 683195.717390393372625, 5663497.275112552568316 ], [ 683185.678681499208324, 5663492.321590078063309 ], [ 683175.639972605160438, 5663487.368014481849968 ], [ 683175.482579498551786, 5663487.290350083261728 ], [ 683165.601263711228967, 5663482.414466211572289 ], [ 683155.562554817064665, 5663480.52366597019136 ], [ 683145.523845923133194, 5663480.389165450818837 ], [ 683135.485137029085308, 5663478.454315099865198 ], [ 683129.233558353618719, 5663477.249437634833157 ], [ 683125.446428135153838, 5663476.519537542015314 ], [ 683115.407719240989536, 5663474.584687191061676 ], [ 683105.36901034694165, 5663472.649836840108037 ], [ 683095.330301452893764, 5663470.714986489154398 ], [ 683085.291592558962293, 5663468.78013613820076 ], [ 683077.137195289600641, 5663467.208525187335908 ], [ 683075.252883665030822, 5663466.233590148389339 ], [ 683066.85961265640799, 5663457.167612738907337 ], [ 683065.214174770866521, 5663456.041888854466379 ], [ 683055.175465876818635, 5663451.387008141726255 ], [ 683045.136756982770748, 5663448.237785285338759 ], [ 683041.594859920674935, 5663447.126700290478766 ], [ 683035.098048088839278, 5663445.088665299117565 ], [ 683025.059339194791391, 5663441.939442444592714 ], [ 683015.020630300743505, 5663438.79032245837152 ], [ 683009.58712254697457, 5663437.08578784391284 ], [ 683004.981921406695619, 5663435.641099602915347 ], [ 682994.943212512647733, 5663430.806526837870479 ], [ 682984.904503618599847, 5663429.563651253469288 ], [ 682974.865794724668376, 5663434.631060970015824 ], [ 682970.002984266029671, 5663437.085787842981517 ], [ 682964.82708583062049, 5663439.69856024812907 ], [ 682954.788376936572604, 5663444.766059525310993 ], [ 682950.11195092392154, 5663447.126700290478766 ], [ 682944.749668042524718, 5663449.833526575006545 ], [ 682934.710959148476832, 5663454.900938531383872 ], [ 682929.904668382368982, 5663457.167612738907337 ], [ 682924.672250254545361, 5663459.71994487196207 ], [ 682914.633541360497475, 5663457.532664439640939 ], [ 682913.149116549640894, 5663457.167612738907337 ], [ 682904.594832466333173, 5663455.0639319550246 ], [ 682894.556123572401702, 5663452.595199471339583 ], [ 682884.517414678353816, 5663450.126466988585889 ], [ 682874.478705784538761, 5663447.657734504900873 ], [ 682872.319339417968877, 5663447.126700290478766 ], [ 682864.439996890258044, 5663445.189002022147179 ], [ 682854.401287996326573, 5663442.720269538462162 ], [ 682844.362579102278687, 5663440.251537054777145 ], [ 682834.323870208230801, 5663437.706333464942873 ], [ 682824.285161314182915, 5663439.922124459408224 ], [ 682814.246452420251444, 5663444.408312674611807 ], [ 682808.617923370329663, 5663447.126700290478766 ], [ 682804.207743526203558, 5663449.719785769470036 ], [ 682794.169034632155672, 5663455.002317347563803 ], [ 682789.581945467041805, 5663457.167612738907337 ], [ 682784.130325738107786, 5663459.44541300367564 ], [ 682774.972519371192902, 5663467.208525187335908 ], [ 682776.54709434218239, 5663477.249437634833157 ], [ 682778.336539336130954, 5663487.290350083261728 ], [ 682780.128829015302472, 5663497.3312625316903 ], [ 682781.948946543619968, 5663507.372174980118871 ], [ 682783.769326083478518, 5663517.413087427616119 ], [ 682784.130325738107786, 5663519.404301812872291 ], [ 682785.589686512248591, 5663527.453999876044691 ], [ 682787.409953699680045, 5663537.494912324473262 ], [ 682789.230333239771426, 5663547.53582477197051 ], [ 682791.050712779862806, 5663557.576737220399082 ], [ 682792.871092319837771, 5663567.617649668827653 ], [ 682794.169034632155672, 5663574.777401842176914 ], [ 682794.691340395947918, 5663577.658562116324902 ], [ 682796.511719936039299, 5663587.69947456382215 ], [ 682798.332099476130679, 5663597.740387013182044 ], [ 682800.152479016105644, 5663607.781299461610615 ], [ 682801.972858556197025, 5663617.822211909107864 ], [ 682803.793112062267028, 5663627.863124357536435 ], [ 682804.207743526203558, 5663630.150192881934345 ], [ 682805.613486172398552, 5663637.904036805965006 ], [ 682807.433865712373517, 5663647.944949253462255 ], [ 682809.254245252348483, 5663657.985861701890826 ], [ 682811.074624792439863, 5663668.026774150319397 ], [ 682812.905113704502583, 5663678.067686598747969 ], [ 682814.246452420251444, 5663685.284087918698788 ], [ 682814.772308843676001, 5663688.108599046245217 ], [ 682816.685304397018626, 5663698.149511494673789 ], [ 682818.57349784381222, 5663708.19042394310236 ], [ 682820.388265859335661, 5663718.231336390599608 ], [ 682822.192587951547466, 5663728.27224883902818 ], [ 682823.996986215352081, 5663738.313161287456751 ], [ 682824.28516131429933, 5663739.916857555508614 ], [ 682825.801281077088788, 5663748.354073734954 ], [ 682834.323870208230801, 5663757.437382835894823 ], [ 682844.362579102278687, 5663755.947971750982106 ], [ 682854.401287996326573, 5663753.845353388227522 ], [ 682864.439996890374459, 5663751.711421759799123 ], [ 682874.478705784422345, 5663749.694495221599936 ], [ 682881.455093227210455, 5663748.354073734954 ], [ 682884.517414678353816, 5663747.765688771381974 ], [ 682894.556123572401702, 5663745.83677046187222 ], [ 682904.594832466449589, 5663743.907914480194449 ], [ 682914.633541360497475, 5663741.979045702144504 ], [ 682924.672250254545361, 5663740.050127392634749 ], [ 682934.710959148476832, 5663744.430228922516108 ], [ 682939.44783149624709, 5663748.354073734954 ], [ 682944.749668042641133, 5663752.745875944383442 ], [ 682951.569271778222173, 5663758.394986183382571 ], [ 682954.788376936689019, 5663761.061575125902891 ], [ 682963.690749131375924, 5663768.435898631811142 ], [ 682964.82708583062049, 5663769.377196714282036 ], [ 682974.865794724668376, 5663777.692887870594859 ], [ 682975.812146525364369, 5663778.476811080239713 ], [ 682984.904503618599847, 5663786.008587051182985 ], [ 682987.933563406579196, 5663788.517723527736962 ], [ 682994.943212512647733, 5663794.324250127188861 ], [ 683000.054970544297248, 5663798.558635976165533 ], [ 683004.981921406695619, 5663802.639934597536922 ], [ 683012.1763776820153, 5663808.599548424594104 ], [ 683015.020630300743505, 5663810.955619067884982 ], [ 683024.297784819733351, 5663818.640460872091353 ], [ 683025.059339194791391, 5663819.271303539164364 ], [ 683035.098048088839278, 5663827.586988009512424 ], [ 683036.018315868685022, 5663828.681373320519924 ], [ 683038.980815608752891, 5663838.722285768948495 ], [ 683038.959406671347097, 5663848.763198216445744 ], [ 683038.937949297367595, 5663858.804110664874315 ], [ 683038.916491923504509, 5663868.845023113302886 ], [ 683038.895082985982299, 5663878.885935561731458 ], [ 683038.873625612119213, 5663888.926848009228706 ], [ 683038.852168238023296, 5663898.967760457657278 ], [ 683039.772854857263155, 5663909.008672906085849 ], [ 683045.136756982770748, 5663914.447713501751423 ], [ 683049.675055561820045, 5663919.049585353583097 ], [ 683055.175465876818635, 5663924.627046369947493 ], [ 683059.577237843535841, 5663929.090497802011669 ], [ 683065.214174770866521, 5663934.806397588923573 ], [ 683069.479439119342715, 5663939.13141025044024 ], [ 683075.252883664914407, 5663944.985729869455099 ], [ 683079.381640395382419, 5663949.172322697937489 ], [ 683085.291592558962293, 5663955.165087576955557 ], [ 683089.283816364710219, 5663959.21323514636606 ], [ 683095.330301452893764, 5663965.34442044608295 ], [ 683099.186017069267109, 5663969.254147594794631 ], [ 683105.36901034694165, 5663975.523753313347697 ], [ 683109.088217773823999, 5663979.295060043223202 ], [ 683115.407719240989536, 5663985.703086181543767 ], [ 683118.566500417306088, 5663989.335972490720451 ], [ 683125.446428135037422, 5663998.821414343081415 ], [ 683125.977446037810296, 5663999.376884939149022 ], [ 683135.485137029085308, 5664003.864903104491532 ], [ 683145.523845923133194, 5664008.603583390824497 ], [ 683147.248726436984725, 5664009.417797387577593 ], [ 683155.562554817064665, 5664013.342263678088784 ], [ 683165.601263711112551, 5664018.080943963490427 ], [ 683169.352421771734953, 5664019.458709835074842 ], [ 683175.639972605160438, 5664021.329563338309526 ], [ 683185.678681499091908, 5664023.894754225388169 ], [ 683195.71739039325621, 5664028.154126148670912 ], [ 683197.670768975862302, 5664029.499622283503413 ], [ 683205.756099287187681, 5664036.49314574431628 ], [ 683208.917030946584418, 5664039.540534731931984 ], [ 683215.794808181235567, 5664047.059908982366323 ], [ 683217.717151098884642, 5664049.581447180360556 ], [ 683223.548241619253531, 5664059.622359626926482 ], [ 683225.833517075283453, 5664064.422132412903011 ], [ 683228.152782205841504, 5664069.663272076286376 ], [ 683233.975566686829552, 5664079.704184524714947 ], [ 683234.867716642445885, 5664089.745096972212195 ], [ 683233.102184130926616, 5664099.786009420640767 ], [ 683231.336653680307791, 5664109.826921869069338 ], [ 683235.872225969331339, 5664117.769581948406994 ], [ 683237.522309300256893, 5664119.867834316566586 ], [ 683240.447772164945491, 5664129.908746764995158 ], [ 683242.913111453643069, 5664139.949659213423729 ], [ 683245.378477549063973, 5664149.9905716618523 ], [ 683245.910934863379225, 5664152.159180786460638 ], [ 683247.843816837645136, 5664160.031484109349549 ], [ 683250.309156126459129, 5664170.07239655777812 ], [ 683252.774503893801011, 5664180.113309006206691 ], [ 683254.051691982895136, 5664190.15422145370394 ], [ 683250.866998892975971, 5664200.195133902132511 ], [ 683248.037645965116099, 5664210.236046350561082 ], [ 683245.910934863379225, 5664216.95815028436482 ], [ 683244.860947487642989, 5664220.276958798058331 ], [ 683241.684274477534927, 5664230.317871246486902 ], [ 683238.507604836020619, 5664240.358783694915473 ], [ 683235.872225969331339, 5664248.688683619722724 ], [ 683235.330902989953756, 5664250.399696143344045 ], [ 683232.154233348439448, 5664260.440608590841293 ], [ 683227.973698489367962, 5664270.481521039269865 ], [ 683225.833517075283453, 5664273.741280232556164 ], [ 683219.647348354104906, 5664280.522433487698436 ], [ 683215.794808181235567, 5664284.745510242879391 ], [ 683210.487461768905632, 5664290.563345935195684 ], [ 683205.756099287187681, 5664295.749767421744764 ], [ 683201.32754359417595, 5664300.604258382692933 ], [ 683195.717390393372625, 5664306.754026459529996 ], [ 683192.167658555321395, 5664310.645170832052827 ], [ 683185.678681499208324, 5664317.758256469853222 ], [ 683183.007744868285954, 5664320.686083279550076 ], [ 683175.639972605160438, 5664328.762486482039094 ], [ 683173.847831181134097, 5664330.726995727978647 ], [ 683165.601263711112551, 5664339.766716493293643 ], [ 683164.687922157812864, 5664340.767908176407218 ], [ 683155.562554817064665, 5664350.770946716889739 ], [ 683155.524455319275148, 5664350.808820624835789 ], [ 683145.523845923133194, 5664360.84151029959321 ], [ 683145.476721937651746, 5664360.849733072333038 ], [ 683135.485137029085308, 5664362.59317781124264 ], [ 683125.446428135037422, 5664364.344808306545019 ], [ 683115.407719240989536, 5664366.096485664136708 ], [ 683105.36901034694165, 5664367.848163021728396 ], [ 683095.330301452893764, 5664369.599790961481631 ], [ 683087.932485707686283, 5664370.890645520761609 ], [ 683085.291592558962293, 5664371.351461027748883 ], [ 683075.252883664914407, 5664373.103138385340571 ], [ 683065.214174770866521, 5664374.854793354868889 ], [ 683055.175465876818635, 5664376.60643639229238 ], [ 683045.136756982654333, 5664378.358113749884069 ], [ 683035.098048088722862, 5664380.109791107475758 ], [ 683030.388422001618892, 5664380.931557968258858 ], [ 683025.059339194791391, 5664381.861411756835878 ], [ 683015.020630300743505, 5664383.613089113496244 ], [ 683004.981921406695619, 5664385.364766471087933 ], [ 682994.943212512647733, 5664389.274911791086197 ], [ 682992.881673943484202, 5664390.972470415756106 ], [ 682984.904503618599847, 5664397.541212080046535 ], [ 682980.687851606984623, 5664401.013382865116 ], [ 682974.865794724668376, 5664405.807512369006872 ], [ 682968.494029270485044, 5664411.054295313544571 ], [ 682964.82708583062049, 5664414.07381265796721 ], [ 682956.30020693410188, 5664421.095207761973143 ], [ 682954.788376936689019, 5664422.340112945996225 ], [ 682944.749668042524718, 5664430.606417040340602 ], [ 682944.106390212080441, 5664431.136120209470391 ], [ 682934.710959148476832, 5664438.872730080038309 ], [ 682931.91258668503724, 5664441.17703265696764 ], [ 682924.672250254545361, 5664447.139085958711803 ], [ 682919.718827541684732, 5664451.217945106327534 ], [ 682914.633541360497475, 5664455.405386246740818 ], [ 682907.525005205185153, 5664461.258857553824782 ], [ 682904.594832466449589, 5664463.671686535701156 ], [ 682895.331182868685573, 5664471.299770002253354 ], [ 682894.556123572401702, 5664471.937986824661493 ], [ 682884.517414678353816, 5664480.20429527759552 ], [ 682883.137372577097267, 5664481.340682450681925 ], [ 682874.478705784422345, 5664488.470608317293227 ], [ 682870.943569050170481, 5664491.381594898179173 ], [ 682864.439996890374459, 5664496.736921356990933 ], [ 682859.4263936704956, 5664501.422507347539067 ], [ 682854.401287996326573, 5664508.460942389443517 ], [ 682852.517936408170499, 5664511.463419795036316 ], [ 682846.219614772358909, 5664521.504332243464887 ], [ 682844.362579102278687, 5664524.464856277219951 ], [ 682839.921293136430904, 5664531.545244691893458 ], [ 682834.323870208230801, 5664540.46886626072228 ], [ 682833.578447955427691, 5664541.586157139390707 ], [ 682824.424923562910408, 5664551.627069587819278 ], [ 682824.285161314182915, 5664551.741932341828942 ], [ 682814.246452420251444, 5664559.405887428671122 ], [ 682811.28342497581616, 5664561.667982035316527 ], [ 682804.207743526203558, 5664567.069842515513301 ], [ 682798.131234501255676, 5664571.708894483745098 ], [ 682794.169034632155672, 5664574.733821352943778 ], [ 682784.979147289413959, 5664581.749806932173669 ], [ 682784.130325738107786, 5664582.397831525653601 ], [ 682774.091616844059899, 5664589.909639215096831 ], [ 682771.376098497887142, 5664591.790719379670918 ], [ 682764.052907950128429, 5664596.863563649356365 ], [ 682756.881053124088794, 5664601.831631828099489 ], [ 682754.014199056080543, 5664603.81755134370178 ], [ 682743.975490162032656, 5664610.77146119531244 ], [ 682741.467142921173945, 5664611.87254427652806 ], [ 682733.93678126798477, 5664615.185989204794168 ], [ 682723.898072374053299, 5664617.702537558041513 ], [ 682713.859363480005413, 5664620.219085911288857 ], [ 682707.100385319441557, 5664621.913456724956632 ], [ 682703.820654585957527, 5664622.735634264536202 ], [ 682693.781945691909641, 5664625.252182616852224 ], [ 682683.743236797861755, 5664627.768730970099568 ], [ 682673.704527903813869, 5664630.273418460972607 ], [ 682663.665819009765983, 5664630.046552469953895 ], [ 682653.627110115834512, 5664628.770548737607896 ], [ 682643.588401221786626, 5664627.494512651115656 ], [ 682633.549692327855155, 5664623.849059507250786 ], [ 682630.374503985280171, 5664621.913456724956632 ], [ 682623.510983433574438, 5664617.729437371715903 ], [ 682613.903089256375097, 5664611.87254427652806 ], [ 682613.472274539526552, 5664611.609920352697372 ], [ 682603.433565645711496, 5664605.490301040001214 ], [ 682597.431730534415692, 5664601.831631828099489 ], [ 682593.39485675166361, 5664599.370760390534997 ], [ 682583.356147857615724, 5664593.251180409453809 ], [ 682580.960371812339872, 5664591.790719378739595 ], [ 682573.317438963567838, 5664587.131650514900684 ], [ 682564.488991742487997, 5664581.749806932173669 ], [ 682563.278730069519952, 5664581.012028378434479 ], [ 682553.240021175472066, 5664574.892514184117317 ], [ 682548.017569414805621, 5664571.708894483745098 ], [ 682543.201312281540595, 5664568.77289204671979 ], [ 682533.162603387376294, 5664562.653377852402627 ], [ 682531.546147087123245, 5664561.667982035316527 ], [ 682523.123894493444823, 5664556.533755717799067 ], [ 682515.074759852606803, 5664551.627069587819278 ], [ 682513.085185599396937, 5664550.414228484034538 ], [ 682503.04647670534905, 5664544.2946193870157 ], [ 682494.3241773332702, 5664541.586157139390707 ], [ 682493.00776781141758, 5664541.009112471714616 ], [ 682484.20669825328514, 5664531.545244690962136 ], [ 682482.969058917369694, 5664528.265000467188656 ], [ 682479.302119006635621, 5664521.504332243464887 ], [ 682472.930350023321807, 5664514.372867655009031 ], [ 682470.303869435330853, 5664511.463419795036316 ], [ 682462.891641129273921, 5664503.92561899498105 ], [ 682459.107705690548755, 5664501.422507346607745 ], [ 682452.852932235226035, 5664497.519934505224228 ], [ 682442.935429117060266, 5664491.381594899110496 ], [ 682442.814223341294564, 5664491.306469443254173 ], [ 682432.775514447246678, 5664485.280341896228492 ], [ 682426.212579244864173, 5664481.340682450681925 ], [ 682422.736805553198792, 5664479.254171788692474 ], [ 682412.698096659150906, 5664473.228121811524034 ], [ 682409.462328953086399, 5664471.299770002253354 ], [ 682402.65938776510302, 5664467.245326030068099 ], [ 682392.620678871055134, 5664461.304132307879627 ], [ 682392.544208099367097, 5664461.258857553824782 ], [ 682382.581969977123663, 5664455.360451704822481 ], [ 682375.603270327206701, 5664451.217945106327534 ], [ 682372.543261083075777, 5664449.401402252726257 ], [ 682370.712406883249059, 5664451.217945107258856 ], [ 682362.504552189027891, 5664458.222196657210588 ], [ 682361.084864510223269, 5664461.258857553824782 ], [ 682356.390656387316994, 5664471.299770002253354 ], [ 682352.465843294980004, 5664479.694946271367371 ], [ 682351.696448264410719, 5664481.340682450681925 ], [ 682347.002160633681342, 5664491.381594898179173 ], [ 682342.427134401048534, 5664501.167577251791954 ], [ 682342.307952510775067, 5664501.422507346607745 ], [ 682337.613664880394936, 5664511.463419795036316 ], [ 682332.919456757372245, 5664521.504332243464887 ], [ 682332.388425507000647, 5664522.640208232216537 ], [ 682328.22524863446597, 5664531.545244691893458 ], [ 682323.530961003853008, 5664541.586157139390707 ], [ 682322.349716612952761, 5664544.11283921264112 ], [ 682318.836752880946733, 5664551.627069588750601 ], [ 682314.142465250333771, 5664561.667982035316527 ], [ 682312.311007718904875, 5664565.58547019213438 ], [ 682309.448257127427496, 5664571.708894483745098 ], [ 682304.754049004404806, 5664581.749806931242347 ], [ 682302.272298824973404, 5664587.058181328698993 ], [ 682300.059761373908259, 5664591.790719380602241 ], [ 682295.365553250885569, 5664601.831631828099489 ], [ 682292.233589930692688, 5664608.530902219004929 ], [ 682290.671345127979293, 5664611.872544277459383 ], [ 682285.977057497482747, 5664621.913456724956632 ], [ 682282.194881036877632, 5664630.003533199429512 ], [ 682281.282849374576472, 5664631.95436917245388 ], [ 682276.58856174396351, 5664641.995281620882452 ], [ 682272.156172142829746, 5664651.476164180785418 ], [ 682271.894353621057235, 5664652.0361940683797 ], [ 682267.200145498034544, 5664662.077106516808271 ], [ 682262.505857867421582, 5664672.118018965236843 ], [ 682262.11746324878186, 5664672.948795159347355 ], [ 682257.811649744631723, 5664682.158931413665414 ], [ 682253.117362113902345, 5664692.199843862093985 ], [ 682252.078754354733974, 5664694.421426139771938 ], [ 682248.42315399099607, 5664702.240756309591234 ], [ 682243.72894586797338, 5664712.281668758019805 ], [ 682242.040045460686088, 5664715.89416600111872 ], [ 682239.034658237360418, 5664722.322581206448376 ], [ 682234.340450114454143, 5664732.363493653945625 ], [ 682232.001336566638201, 5664737.36685816757381 ], [ 682229.646241991547868, 5664742.404406101442873 ], [ 682224.951954361051321, 5664752.445318550802767 ], [ 682221.962627672706731, 5664758.83948914706707 ], [ 682220.257746238145046, 5664762.486230998300016 ], [ 682215.563458607532084, 5664772.527143446728587 ], [ 682211.923918778658845, 5664780.312120128422976 ], [ 682210.869250484509394, 5664782.568055895157158 ], [ 682206.175042361603118, 5664792.60896834358573 ], [ 682201.885209884610958, 5664801.784765760414302 ], [ 682201.480754730990157, 5664802.649880791082978 ], [ 682196.786546608083881, 5664812.690793239511549 ], [ 682192.253089944366366, 5664822.731705687940121 ], [ 682194.67387445375789, 5664832.772618135437369 ], [ 682197.717047723708674, 5664842.813530583865941 ], [ 682200.46313177398406, 5664852.854443032294512 ], [ 682201.885209884610958, 5664858.160666420124471 ], [ 682203.154115692013875, 5664862.89535547979176 ], [ 682205.845237354747951, 5664872.936267928220332 ], [ 682208.536267755902372, 5664882.977180376648903 ], [ 682211.227342935511842, 5664893.018092825077474 ], [ 682211.923918778658845, 5664895.515112458728254 ], [ 682213.957240107120015, 5664903.059005272574723 ], [ 682216.354239327833056, 5664913.099917721003294 ], [ 682218.518359043053351, 5664923.140830170363188 ], [ 682220.682495235931128, 5664933.181742617860436 ], [ 682221.962627672706731, 5664939.120922246947885 ], [ 682222.846727690077387, 5664943.222655065357685 ], [ 682225.010847405297682, 5664953.263567513786256 ], [ 682227.174967120517977, 5664963.304479961283505 ], [ 682229.339216052321717, 5664973.345392409712076 ], [ 682231.503335767542012, 5664983.386304858140647 ], [ 682232.001336566638201, 5664985.696889798156917 ], [ 682233.662835988798179, 5664993.427217306569219 ], [ 682235.830441583064385, 5665003.468129754066467 ], [ 682237.995824129902758, 5665013.509042202495039 ], [ 682240.159943845123053, 5665023.54995465092361 ], [ 682242.040045460686088, 5665032.273102257400751 ], [ 682242.320678866351955, 5665033.590867098420858 ], [ 682244.464960722252727, 5665043.63177954684943 ], [ 682246.61983271013014, 5665053.672691995278001 ], [ 682248.785295374575071, 5665063.713604443706572 ], [ 682250.961379535845481, 5665073.754516892135143 ], [ 682252.078754354733974, 5665078.898132619448006 ], [ 682253.125174506101757, 5665083.795429339632392 ], [ 682255.256962652900256, 5665093.836341788060963 ], [ 682257.399129880941473, 5665103.877254235558212 ], [ 682259.551860693260096, 5665113.918166683986783 ], [ 682261.715074769337662, 5665123.959079132415354 ], [ 682262.11746324878186, 5665125.821339147165418 ], [ 682263.866969355614856, 5665133.999991579912603 ], [ 682266.014707122696564, 5665144.040904028341174 ], [ 682268.162571674911305, 5665154.081816476769745 ], [ 682270.308629412204027, 5665164.122728925198317 ], [ 682272.156172142829746, 5665172.751832539215684 ], [ 682272.458173994091339, 5665174.163641372695565 ], [ 682274.605911761289462, 5665184.204553821124136 ], [ 682276.753776313504204, 5665194.245466269552708 ], [ 682278.901514080585912, 5665204.286378717049956 ], [ 682281.049378632684238, 5665214.327291165478528 ], [ 682282.194881036877632, 5665219.682642050087452 ], [ 682283.197116399882361, 5665224.368203613907099 ], [ 682285.344980951980688, 5665234.409116061404347 ], [ 682287.492845504079014, 5665244.450028509832919 ], [ 682289.640583271160722, 5665254.49094095826149 ], [ 682291.788447823375463, 5665264.531853407621384 ], [ 682292.233589930809103, 5665266.612942166626453 ], [ 682293.936185590457171, 5665274.57276585418731 ], [ 682296.084050142671913, 5665284.613678302615881 ], [ 682298.231787909753621, 5665294.654590751044452 ], [ 682300.379652461968362, 5665304.695503199473023 ], [ 682302.272298824973404, 5665313.543835018761456 ], [ 682302.52739022905007, 5665314.736415646970272 ], [ 682304.675254781264812, 5665324.777328094467521 ], [ 682306.822992548346519, 5665334.818240543827415 ], [ 682308.970857100561261, 5665344.859152991324663 ], [ 682311.118594867642969, 5665354.900065439753234 ], [ 682312.311007718904875, 5665360.47439880669117 ], [ 682313.266459419857711, 5665364.940977888181806 ], [ 682315.414197186939418, 5665374.981890335679054 ], [ 682317.56206173915416, 5665385.022802784107625 ], [ 682319.709892951417714, 5665395.063715232536197 ], [ 682321.857664058450609, 5665405.104627680033445 ], [ 682322.349716612952761, 5665405.988353669643402 ], [ 682332.388425507000647, 5665413.926772437989712 ], [ 682334.087764418451115, 5665415.145540128462017 ], [ 682342.427134400932118, 5665420.859690304845572 ], [ 682349.624875036999583, 5665425.186452576890588 ], [ 682352.465843294980004, 5665426.65746364928782 ], [ 682362.504552189027891, 5665431.855357677675784 ], [ 682369.016920461785048, 5665435.227365025319159 ], [ 682372.543261083075777, 5665437.21310281381011 ], [ 682379.376818007323891, 5665445.268277472816408 ], [ 682382.581969977123663, 5665448.698366923257709 ], [ 682392.620678871055134, 5665454.460539708845317 ], [ 682394.129396870499477, 5665455.309189921244979 ], [ 682402.65938776510302, 5665460.107289094477892 ], [ 682411.979984921403229, 5665465.350102368742228 ], [ 682412.698096659150906, 5665465.75404520239681 ], [ 682422.736805553198792, 5665471.40095498599112 ], [ 682429.830275863525458, 5665475.391014817170799 ], [ 682432.775514447246678, 5665477.047704371623695 ], [ 682442.814223341294564, 5665482.694453756324947 ], [ 682447.680863914312795, 5665485.43192726559937 ], [ 682452.852932235226035, 5665488.341251565143466 ], [ 682462.891641129273921, 5665493.988119648769498 ], [ 682465.531154856435023, 5665495.472839714027941 ], [ 682472.930350023321807, 5665499.234877409413457 ], [ 682482.969058917369694, 5665503.544002342969179 ], [ 682487.567771494854242, 5665505.51375216152519 ], [ 682493.00776781141758, 5665507.843845981173217 ], [ 682503.04647670534905, 5665512.143538785167038 ], [ 682511.010324238915928, 5665515.554664609953761 ], [ 682513.085185599280521, 5665516.443382423371077 ], [ 682523.123894493444823, 5665520.743075227364898 ], [ 682533.162603387492709, 5665525.042918866500258 ], [ 682534.452922246186063, 5665525.595577058382332 ], [ 682543.201312281540595, 5665529.342611668631434 ], [ 682553.240021175472066, 5665533.642455307766795 ], [ 682557.89559304038994, 5665535.636489506810904 ], [ 682563.278730069519952, 5665537.942182747647166 ], [ 682573.317438963567838, 5665542.241991749964654 ], [ 682581.338263834477402, 5665545.677401954308152 ], [ 682583.356147857499309, 5665546.541697535663843 ], [ 682593.39485675166361, 5665550.841528192162514 ], [ 682603.433565645711496, 5665555.141363163478673 ], [ 682604.78058246744331, 5665555.718314401805401 ], [ 682613.472274539642967, 5665559.44106463342905 ], [ 682623.510983433690853, 5665563.740877952426672 ], [ 682628.223253261530772, 5665565.759226851165295 ], [ 682633.54969232773874, 5665566.91375392768532 ] ] ] } },
{ "type": "Feature", "properties": { "id": 2, "cost_level": 900.0 }, "geometry": { "type": "Polygon", "coordinates": [ [ [ 683115.407719240989536, 5665406.73882039450109 ], [ 683125.446428135037422, 5665409.096097131259739 ], [ 683129.642158910166472, 5665405.104627680033445 ], [ 683135.485137029085308, 5665397.624625761061907 ], [ 683137.485583599191159, 5665395.063715232536197 ], [ 683145.329008288448676, 5665385.022802784107625 ], [ 683145.523845923133194, 5665384.773377601988614 ], [ 683153.172432977473363, 5665374.981890335679054 ], [ 683155.562554817064665, 5665371.92212944291532 ], [ 683161.015857666614465, 5665364.940977888181806 ], [ 683165.601263711112551, 5665359.07088128477335 ], [ 683168.582265209406614, 5665354.900065439753234 ], [ 683175.639972605044022, 5665346.075111620128155 ], [ 683176.380534632946365, 5665344.859152991324663 ], [ 683182.915613194578327, 5665334.818240543827415 ], [ 683185.678681499208324, 5665331.409090835601091 ], [ 683189.914680495974608, 5665324.777328094467521 ], [ 683195.71739039325621, 5665315.69284787774086 ], [ 683196.328311286517419, 5665314.736415646970272 ], [ 683202.741884377552196, 5665304.695503198541701 ], [ 683205.756099287187681, 5665299.976574249565601 ], [ 683209.155515168095008, 5665294.654590751044452 ], [ 683215.569088259129785, 5665284.613678302615881 ], [ 683215.794808181235567, 5665284.260300622321665 ], [ 683221.982719049789011, 5665274.57276585418731 ], [ 683225.833517075283453, 5665271.893891355022788 ], [ 683235.872225969331339, 5665267.131726909428835 ], [ 683244.118069725926034, 5665264.531853406690061 ], [ 683245.910934863379225, 5665263.992750450968742 ], [ 683255.949643757310696, 5665260.974145614542067 ], [ 683265.988352651358582, 5665257.955560410395265 ], [ 683276.027061545406468, 5665254.936964585445821 ], [ 683277.510367565788329, 5665254.49094095826149 ], [ 683286.065770439454354, 5665251.918368760496378 ], [ 683296.104479333385825, 5665248.899786220863461 ], [ 683306.143188227550127, 5665245.881207088008523 ], [ 683310.902747292537242, 5665244.450028510764241 ], [ 683316.181897121481597, 5665242.862606523558497 ], [ 683326.220606015529484, 5665239.844015438109636 ], [ 683336.25931490957737, 5665236.825419613160193 ], [ 683344.295027327956632, 5665234.409116061404347 ], [ 683346.298023803625256, 5665233.80682378821075 ], [ 683356.336732697673142, 5665230.788247130811214 ], [ 683366.375441591604613, 5665227.769662115722895 ], [ 683376.414150485652499, 5665224.751066290773451 ], [ 683377.687407054705545, 5665224.368203613907099 ], [ 683386.452859379700385, 5665221.732470466755331 ], [ 683396.491568273748271, 5665218.713874641805887 ], [ 683406.530277167796157, 5665215.695282900705934 ], [ 683411.079732269514352, 5665214.327291164547205 ], [ 683416.568986061727628, 5665212.676708040758967 ], [ 683426.607694955775514, 5665209.658117143437266 ], [ 683436.6464038498234, 5665206.639521318487823 ], [ 683444.472066817106679, 5665204.286378717049956 ], [ 683446.685112743871287, 5665203.62092549353838 ], [ 683456.723821637919173, 5665200.602329668588936 ], [ 683466.762530531967059, 5665197.583743810653687 ], [ 683476.80123942589853, 5665195.081165803596377 ], [ 683480.663573014666326, 5665194.245466269552708 ], [ 683486.839948319946416, 5665192.920208260416985 ], [ 683496.878657213994302, 5665190.766213610768318 ], [ 683506.917366108042188, 5665188.612218961119652 ], [ 683516.956075002206489, 5665186.458224311470985 ], [ 683526.99478389613796, 5665184.304229942150414 ], [ 683527.459323933231644, 5665184.204553821124136 ], [ 683537.033492790069431, 5665182.150235013104975 ], [ 683547.072201684117317, 5665179.996256714686751 ], [ 683557.110910578165203, 5665177.571332804858685 ], [ 683565.503835878800601, 5665174.163641372695565 ], [ 683567.149619472213089, 5665173.468072890304029 ], [ 683577.188328366260976, 5665169.225346483290195 ], [ 683587.227037260192446, 5665164.97789441049099 ], [ 683589.230911523802206, 5665164.122728925198317 ], [ 683597.265746154240333, 5665160.6867546569556 ], [ 683607.304455048288219, 5665156.393854177556932 ], [ 683612.711026558303274, 5665154.081816476769745 ], [ 683617.343163942336105, 5665152.100953697226942 ], [ 683627.381872836383991, 5665147.808041727170348 ], [ 683636.191078744013794, 5665144.040904028341174 ], [ 683637.420581730315462, 5665143.513192124664783 ], [ 683647.459290624363348, 5665139.16608358733356 ], [ 683657.497999518411234, 5665134.806551883928478 ], [ 683659.35526875173673, 5665133.999991579912603 ], [ 683667.53670841245912, 5665130.447020181454718 ], [ 683677.575417306507006, 5665126.087488478049636 ], [ 683682.476547552738339, 5665123.959079132415354 ], [ 683687.614126200438477, 5665121.727987555786967 ], [ 683697.652835094486363, 5665117.368455852381885 ], [ 683705.597828023368493, 5665113.918166683986783 ], [ 683707.691543988534249, 5665113.00892414804548 ], [ 683717.730252882582135, 5665108.649392444640398 ], [ 683727.768961776630022, 5665104.289890256710351 ], [ 683728.719143097870983, 5665103.877254235558212 ], [ 683737.807670670677908, 5665099.930359818041325 ], [ 683747.846379564609379, 5665095.570828115567565 ], [ 683751.840387295000255, 5665093.836341787129641 ], [ 683757.885088458657265, 5665091.211296412162483 ], [ 683767.923797352705151, 5665086.851764708757401 ], [ 683774.96168118249625, 5665083.795429339632392 ], [ 683777.962506246753037, 5665082.492263785563409 ], [ 683788.001215140800923, 5665078.132732082158327 ], [ 683798.039924034732394, 5665073.773200378753245 ], [ 683798.136756864376366, 5665073.754516891203821 ], [ 683808.07863292878028, 5665071.810155360028148 ], [ 683818.117341822828166, 5665070.791338274255395 ], [ 683828.156050716876052, 5665069.77250840421766 ], [ 683838.194759610923938, 5665065.678334712050855 ], [ 683842.09740167343989, 5665063.713604443706572 ], [ 683848.233468504855409, 5665060.624487881548703 ], [ 683858.272177398903295, 5665055.570641050115228 ], [ 683862.042168596410193, 5665053.672691995278001 ], [ 683868.310886292951182, 5665051.382850799709558 ], [ 683874.437871323665604, 5665053.672691995278001 ], [ 683878.349595186999068, 5665055.066461240872741 ], [ 683888.388304081046954, 5665059.111425654962659 ], [ 683898.42701297509484, 5665063.15640967618674 ], [ 683899.809840703848749, 5665063.713604444637895 ], [ 683908.465721869026311, 5665067.201393697410822 ], [ 683918.504430763074197, 5665071.246354950591922 ], [ 683924.729104937752709, 5665073.754516892135143 ], [ 683928.543139657122083, 5665075.291338972747326 ], [ 683938.581848551169969, 5665080.979903344064951 ], [ 683948.620557445217855, 5665076.991611249744892 ], [ 683955.153802904300392, 5665073.754516891203821 ], [ 683958.659266339149326, 5665072.017625512555242 ], [ 683968.697975233197212, 5665067.043627155013382 ], [ 683978.736684127245098, 5665063.88060269318521 ], [ 683979.509571666712873, 5665063.713604443706572 ], [ 683988.775393021292984, 5665061.485047316178679 ], [ 683998.814101915340871, 5665056.079970864579082 ], [ 684002.749743863707408, 5665053.672691995278001 ], [ 684008.852810809388757, 5665049.939690504223108 ], [ 684018.891519703320228, 5665045.651216829195619 ], [ 684024.931479717139155, 5665043.63177954684943 ], [ 684028.930228597368114, 5665042.294810792431235 ], [ 684038.968937491416, 5665038.938390851020813 ], [ 684049.007646385463886, 5665035.581972142681479 ], [ 684054.962855916121043, 5665033.590867098420858 ], [ 684059.046355279511772, 5665032.073920621536672 ], [ 684069.085064173443243, 5665025.272541875950992 ], [ 684070.551406491198577, 5665023.54995465092361 ], [ 684075.424671553308144, 5665013.509042202495039 ], [ 684079.123773067491129, 5665005.887391763739288 ], [ 684080.297940767370164, 5665003.468129754066467 ], [ 684087.418228124151938, 5664993.427217306569219 ], [ 684089.162481961539015, 5664991.885761070996523 ], [ 684099.201190855586901, 5664988.446915911510587 ], [ 684109.239899749634787, 5664985.008070752955973 ], [ 684113.974173892755061, 5664983.386304857209325 ], [ 684119.278608643566258, 5664981.56922559440136 ], [ 684129.317317537614144, 5664978.130380435846746 ], [ 684139.356026431662031, 5664976.208884306252003 ], [ 684149.394735325709917, 5664975.415418401360512 ], [ 684159.433444219757803, 5664975.244091507047415 ], [ 684169.472153113689274, 5664976.403593243099749 ], [ 684179.51086200773716, 5664975.129353806376457 ], [ 684189.549570901785046, 5664973.787354866974056 ], [ 684192.855633458937518, 5664973.345392409712076 ], [ 684199.588279795832932, 5664971.69137726072222 ], [ 684207.879745456855744, 5664963.304479961283505 ], [ 684200.546827990561724, 5664953.263567513786256 ], [ 684199.588279795716517, 5664951.987029112875462 ], [ 684193.167225348646753, 5664943.222655065357685 ], [ 684189.549570901785046, 5664938.284762541763484 ], [ 684185.824404299259186, 5664933.181742616929114 ], [ 684179.613605515332893, 5664923.140830169431865 ], [ 684180.517919240402989, 5664913.099917721003294 ], [ 684185.500570160336792, 5664903.059005272574723 ], [ 684189.549570901785046, 5664895.143207170069218 ], [ 684190.824703785241581, 5664893.018092825077474 ], [ 684196.849554953281768, 5664882.977180376648903 ], [ 684199.588279795832932, 5664878.412869060412049 ], [ 684202.87442486116197, 5664872.936267928220332 ], [ 684208.899257289478555, 5664862.89535547979176 ], [ 684209.626988689880818, 5664861.682530950754881 ], [ 684214.92413866543211, 5664852.854443032294512 ], [ 684219.665697583928704, 5664844.952288250438869 ], [ 684220.949016873142682, 5664842.813530582934618 ], [ 684226.973852469585836, 5664832.772618135437369 ], [ 684228.054640976479277, 5664822.731705687940121 ], [ 684219.665697583928704, 5664814.655449248850346 ], [ 684217.928474038140848, 5664812.690793239511549 ], [ 684209.626988689880818, 5664804.653907336294651 ], [ 684207.556976995198056, 5664802.649880791082978 ], [ 684199.588279795832932, 5664794.935199395753443 ], [ 684197.185454595834017, 5664792.60896834358573 ], [ 684193.870985581772402, 5664782.568055895157158 ], [ 684193.806396184954792, 5664772.527143446728587 ], [ 684194.926517515443265, 5664762.486230998300016 ], [ 684197.676413674023934, 5664752.445318550802767 ], [ 684199.588279795832932, 5664747.384804155677557 ], [ 684209.626988689880818, 5664747.91727826744318 ], [ 684219.665697583928704, 5664752.140298251062632 ], [ 684220.390773479477502, 5664752.445318550802767 ], [ 684229.704406477860175, 5664756.363318234682083 ], [ 684239.743115371908061, 5664760.586338217370212 ], [ 684244.259426124044694, 5664762.486230998300016 ], [ 684249.781824265839532, 5664764.809354067780077 ], [ 684259.820533160003833, 5664769.032366539351642 ], [ 684268.12812123040203, 5664772.527143446728587 ], [ 684269.859242053935304, 5664774.394175407476723 ], [ 684279.89795094798319, 5664782.045256243087351 ], [ 684282.276995573425665, 5664782.568055896088481 ], [ 684289.936659842031077, 5664783.769573031924665 ], [ 684291.03597729455214, 5664782.568055895157158 ], [ 684299.975368736078963, 5664776.237850189208984 ], [ 684310.014077630243264, 5664772.538537907414138 ], [ 684310.039588605286554, 5664772.527143446728587 ], [ 684320.052786524174735, 5664767.385717480443418 ], [ 684330.091495418222621, 5664763.570986396633089 ], [ 684332.520146482856944, 5664762.486230998300016 ], [ 684340.130204312154092, 5664758.550673874095082 ], [ 684350.168913206201978, 5664754.603420972824097 ], [ 684355.000688203726895, 5664752.445318549871445 ], [ 684360.207622100249864, 5664749.733073955401778 ], [ 684370.24633099429775, 5664745.635869462043047 ], [ 684377.481231088982895, 5664742.404406102374196 ], [ 684380.285039888345636, 5664740.933282637037337 ], [ 684390.323748782277107, 5664736.668310003355145 ], [ 684399.951600626576692, 5664732.363493653945625 ], [ 684400.362457676324993, 5664732.143782654777169 ], [ 684410.40116657037288, 5664723.448881952092052 ], [ 684411.673856026609428, 5664722.322581206448376 ], [ 684420.439875464420766, 5664714.564856664277613 ], [ 684422.873383874655701, 5664712.281668758019805 ], [ 684430.016030797502026, 5664702.240756308659911 ], [ 684430.478584358468652, 5664701.16610643081367 ], [ 684434.203289434430189, 5664692.199843862093985 ], [ 684437.83554055460263, 5664682.158931413665414 ], [ 684440.517293252516538, 5664677.000547558069229 ], [ 684443.19829230196774, 5664672.118018965236843 ], [ 684444.354745378135704, 5664662.077106516808271 ], [ 684444.262612251914106, 5664652.036194069311023 ], [ 684443.822703991201706, 5664641.995281620882452 ], [ 684440.517293252516538, 5664633.662197801284492 ], [ 684439.877528127864935, 5664631.95436917245388 ], [ 684437.691898682154715, 5664621.913456724956632 ], [ 684435.506329167867079, 5664611.87254427652806 ], [ 684433.32069972215686, 5664601.831631828099489 ], [ 684431.135130207636394, 5664591.790719379670918 ], [ 684430.478584358468652, 5664588.774508464150131 ], [ 684428.949500762042589, 5664581.749806932173669 ], [ 684426.763893493218347, 5664571.708894483745098 ], [ 684424.468106356216595, 5664561.667982035316527 ], [ 684421.980086479452439, 5664551.627069587819278 ], [ 684420.439875464420766, 5664545.715189231559634 ], [ 684419.362686602631584, 5664541.586157139390707 ], [ 684416.743196414550766, 5664531.545244690962136 ], [ 684414.123666540835984, 5664521.504332243464887 ], [ 684410.40116657037288, 5664519.571287505328655 ], [ 684400.362457676324993, 5664516.548294179141521 ], [ 684390.323748782277107, 5664514.406364817172289 ], [ 684380.285039888345636, 5664512.264462320134044 ], [ 684376.530734892468899, 5664511.463419795036316 ], [ 684370.24633099429775, 5664510.122539185918868 ], [ 684360.207622100249864, 5664507.980616051703691 ], [ 684350.168913206201978, 5664505.838705757632852 ], [ 684340.130204312154092, 5664503.696776395663619 ], [ 684330.091495418222621, 5664501.55487584322691 ], [ 684329.471114236861467, 5664501.422507346607745 ], [ 684320.052786524174735, 5664499.412952709011734 ], [ 684310.014077630126849, 5664497.271029574796557 ], [ 684299.975368736078963, 5664495.129117336124182 ], [ 684289.936659842031077, 5664492.987212499603629 ], [ 684282.411493581370451, 5664491.381594898179173 ], [ 684279.89795094798319, 5664490.845287806354463 ], [ 684269.859242053935304, 5664488.703366231173277 ], [ 684259.820533160003833, 5664486.561443097889423 ], [ 684249.781824265955947, 5664484.419528915546834 ], [ 684239.743115372024477, 5664482.27762602455914 ], [ 684235.243125365232117, 5664481.340682450681925 ], [ 684229.704406477860175, 5664480.202917261049151 ], [ 684228.209781063604169, 5664471.299770002253354 ], [ 684227.566728181089275, 5664461.258857553824782 ], [ 684228.700604947051033, 5664451.217945106327534 ], [ 684229.704406477860175, 5664446.402675987221301 ], [ 684231.673343110829592, 5664441.177032657898962 ], [ 684233.357185953529552, 5664431.136120209470391 ], [ 684234.626038214657456, 5664421.095207761973143 ], [ 684236.578729768050835, 5664411.054295313544571 ], [ 684238.336085706134327, 5664401.013382865116 ], [ 684239.743115371908061, 5664394.782742397859693 ], [ 684240.484112714999355, 5664390.972470416687429 ], [ 684242.436802254291251, 5664380.93155796919018 ], [ 684248.547312875743955, 5664370.890645520761609 ], [ 684249.781824265955947, 5664368.468074497766793 ], [ 684255.639598439913243, 5664360.849733072333038 ], [ 684256.460934636415914, 5664350.808820624835789 ], [ 684250.596337593626231, 5664340.767908176407218 ], [ 684249.781824266072363, 5664339.373361040838063 ], [ 684244.731740550836548, 5664330.726995727978647 ], [ 684243.636143409064971, 5664320.686083279550076 ], [ 684249.781824265955947, 5664311.064222869463265 ], [ 684250.049481451977044, 5664310.645170832052827 ], [ 684256.462819495005533, 5664300.604258383624256 ], [ 684259.820533160003833, 5664295.347322180867195 ], [ 684262.266692455625162, 5664290.563345936127007 ], [ 684264.962115624453872, 5664280.522433487698436 ], [ 684267.646261555724777, 5664270.481521039269865 ], [ 684269.85924205405172, 5664262.203154659830034 ], [ 684270.330407486879267, 5664260.440608590841293 ], [ 684273.014553418033756, 5664250.399696143344045 ], [ 684275.698699349304661, 5664240.358783694915473 ], [ 684278.382845280459151, 5664230.317871246486902 ], [ 684279.89795094798319, 5664227.110314268618822 ], [ 684289.936659842031077, 5664229.234825909137726 ], [ 684293.530671780346893, 5664230.317871246486902 ], [ 684299.975368736078963, 5664232.259962456300855 ], [ 684310.014077630126849, 5664235.285077008418739 ], [ 684320.052786524174735, 5664238.310191560536623 ], [ 684326.850899519748054, 5664240.358783693984151 ], [ 684330.091495418222621, 5664241.335328108631074 ], [ 684340.130204312154092, 5664244.360442660748959 ], [ 684350.168913206318393, 5664244.677660454064608 ], [ 684356.569311031023972, 5664240.358783694915473 ], [ 684354.071700455853716, 5664230.317871246486902 ], [ 684351.57408988091629, 5664220.276958798058331 ], [ 684350.168913206201978, 5664214.62785717099905 ], [ 684349.076479305629618, 5664210.236046350561082 ], [ 684346.578868730459362, 5664200.195133902132511 ], [ 684344.081258155405521, 5664190.154221454635262 ], [ 684341.583647580235265, 5664180.113309006206691 ], [ 684340.130204312154092, 5664174.270020891912282 ], [ 684339.086098885396495, 5664170.07239655777812 ], [ 684336.588488310342655, 5664160.031484109349549 ], [ 684334.090877735288814, 5664149.9905716618523 ], [ 684331.625873699435033, 5664139.949659214355052 ], [ 684330.091495418222621, 5664133.526417070999742 ], [ 684329.231229268363677, 5664129.908746764995158 ], [ 684326.843383638188243, 5664119.867834316566586 ], [ 684324.455345749855042, 5664109.826921869069338 ], [ 684322.067266350495629, 5664099.786009420640767 ], [ 684320.052786524174735, 5664091.736654541455209 ], [ 684319.549307540175505, 5664089.745096972212195 ], [ 684317.123161211842671, 5664079.704184524714947 ], [ 684314.696952894097194, 5664069.663272076286376 ], [ 684312.270806565647945, 5664059.622359627857804 ], [ 684310.125603771884926, 5664049.581447180360556 ], [ 684310.014077630126849, 5664048.828487744554877 ], [ 684308.594079120433889, 5664039.540534731931984 ], [ 684307.76502659812104, 5664029.499622283503413 ], [ 684305.950915475725196, 5664019.458709835074842 ], [ 684304.091612881980836, 5664009.417797387577593 ], [ 684302.355350544210523, 5663999.376884939149022 ], [ 684301.507361855939962, 5663989.335972490720451 ], [ 684302.308223417494446, 5663979.295060043223202 ], [ 684303.109042058000341, 5663969.254147594794631 ], [ 684303.351121542160399, 5663959.213235145434737 ], [ 684303.345020451815799, 5663949.172322697937489 ], [ 684302.847841349896044, 5663939.13141025044024 ], [ 684301.799422610085458, 5663929.090497802011669 ], [ 684300.751003870274872, 5663919.049585353583097 ], [ 684299.975368736078963, 5663911.621175141073763 ], [ 684299.702586552826688, 5663909.008672906085849 ], [ 684298.654173280112445, 5663898.967760457657278 ], [ 684297.605760007398203, 5663888.926848009228706 ], [ 684297.689051804714836, 5663878.885935561731458 ], [ 684299.975368736078963, 5663874.57414967007935 ], [ 684303.973058255854994, 5663868.845023113302886 ], [ 684310.014077630010433, 5663860.187581269070506 ], [ 684310.979448236292228, 5663858.804110664874315 ], [ 684310.014077630126849, 5663855.51251320168376 ], [ 684307.678918796940707, 5663848.763198216445744 ], [ 684299.975368736078963, 5663844.335886675864458 ], [ 684290.207760268007405, 5663838.722285768948495 ], [ 684289.936659842031077, 5663838.566480015404522 ], [ 684279.89795094798319, 5663832.797128042206168 ], [ 684269.85924205405172, 5663832.050640211440623 ], [ 684259.820533160003833, 5663833.643748357892036 ], [ 684249.781824265839532, 5663834.461334586143494 ], [ 684239.743115371908061, 5663833.208238879218698 ], [ 684229.704406477860175, 5663831.955143172293901 ], [ 684219.665697583928704, 5663830.702047464437783 ], [ 684209.626988689880818, 5663829.448951756581664 ], [ 684199.588279795832932, 5663828.994655400514603 ], [ 684189.549570901785046, 5663830.192450538277626 ], [ 684179.51086200773716, 5663828.84284158423543 ], [ 684179.248903386062011, 5663828.681373320519924 ], [ 684169.472153113805689, 5663822.655097544193268 ], [ 684162.959019327536225, 5663818.640460872091353 ], [ 684159.433444219757803, 5663816.467328310012817 ], [ 684149.394735325709917, 5663810.279584269039333 ], [ 684147.504569118609652, 5663808.599548423662782 ], [ 684139.356026431662031, 5663803.435280018486083 ], [ 684129.317317537614144, 5663800.52919736597687 ], [ 684119.278608643566258, 5663799.08436341304332 ], [ 684117.92749510158319, 5663798.558635976165533 ], [ 684109.239899749634787, 5663794.835177244618535 ], [ 684100.482581276446581, 5663788.517723528668284 ], [ 684099.201190855586901, 5663787.426093863323331 ], [ 684089.955584000097588, 5663778.476811079308391 ], [ 684089.162481961539015, 5663777.567382308654487 ], [ 684081.928218882065266, 5663768.435898631811142 ], [ 684079.123773067491129, 5663764.184059685096145 ], [ 684074.305038510356098, 5663758.394986183382571 ], [ 684070.182347513968125, 5663748.354073734954 ], [ 684069.085064173443243, 5663745.461751197464764 ], [ 684059.046355279511772, 5663744.961703462526202 ], [ 684055.648456651484594, 5663748.354073734954 ], [ 684049.007646385463886, 5663756.861413668841124 ], [ 684047.830738738412037, 5663758.394986183382571 ], [ 684040.042539983754978, 5663768.435898631811142 ], [ 684038.968937491416, 5663769.306531989946961 ], [ 684038.228686137823388, 5663768.435898631811142 ], [ 684028.930228597484529, 5663764.094247490167618 ], [ 684022.124021163443103, 5663758.394986182451248 ], [ 684018.891519703320228, 5663756.035661648027599 ], [ 684009.124095867271535, 5663748.354073734954 ], [ 684008.852810809388757, 5663748.160608262754977 ], [ 683998.814101915340871, 5663742.716237146407366 ], [ 683988.86436721496284, 5663738.313161287456751 ], [ 683988.775393021292984, 5663738.275058276951313 ], [ 683978.736684127245098, 5663734.945451964624226 ], [ 683968.697975233197212, 5663733.61143137793988 ], [ 683958.659266339149326, 5663730.328138548880816 ], [ 683952.808488505193964, 5663728.27224883902818 ], [ 683948.620557445217855, 5663726.800662561319768 ], [ 683938.581848551169969, 5663723.582224693149328 ], [ 683928.543139657122083, 5663720.99065051600337 ], [ 683920.199499100097455, 5663718.231336390599608 ], [ 683918.504430763074197, 5663717.560688332654536 ], [ 683908.465721869026311, 5663712.717274663969874 ], [ 683898.42701297509484, 5663709.632080209441483 ], [ 683888.388304081046954, 5663709.333035266958177 ], [ 683878.349595186999068, 5663708.474792631343007 ], [ 683877.863346737343818, 5663708.19042394310236 ], [ 683868.310886292951182, 5663702.603927087970078 ], [ 683860.694193782168441, 5663698.149511494673789 ], [ 683858.272177398903295, 5663696.733061042614281 ], [ 683848.233468504855409, 5663692.465820211917162 ], [ 683838.194759610923938, 5663691.969333712011576 ], [ 683828.156050716876052, 5663692.805181406438351 ], [ 683818.117341822828166, 5663692.488354348577559 ], [ 683808.07863292878028, 5663691.466776305809617 ], [ 683798.039924034732394, 5663690.445212224498391 ], [ 683788.001215140800923, 5663689.961134498938918 ], [ 683777.962506246753037, 5663692.230492107570171 ], [ 683767.923797352705151, 5663692.805168176069856 ], [ 683757.885088458657265, 5663692.428381539881229 ], [ 683747.846379564609379, 5663692.051600934006274 ], [ 683737.807670670677908, 5663691.674812015146017 ], [ 683727.768961776630022, 5663691.298030924983323 ], [ 683717.730252882582135, 5663690.921246224083006 ], [ 683707.691543988534249, 5663690.544455854222178 ], [ 683697.652835094486363, 5663690.167674764059484 ], [ 683687.614126200438477, 5663689.790891515091062 ], [ 683677.575417306507006, 5663689.414110908284783 ], [ 683667.53670841245912, 5663689.037318603135645 ], [ 683657.497999518411234, 5663688.660536804236472 ], [ 683647.459290624363348, 5663688.283756199292839 ], [ 683642.79267170606181, 5663688.108599046245217 ], [ 683637.420581730315462, 5663687.906962701119483 ], [ 683627.381872836500406, 5663687.530182095244527 ], [ 683617.343163942336105, 5663686.482912644743919 ], [ 683607.304455048288219, 5663682.032881876453757 ], [ 683598.359473950229585, 5663678.067686598747969 ], [ 683597.265746154240333, 5663677.582851910032332 ], [ 683595.768611247651279, 5663678.067686598747969 ], [ 683587.227037260192446, 5663680.970952598378062 ], [ 683577.188328366260976, 5663681.079194122925401 ], [ 683567.149619472213089, 5663679.960527818650007 ], [ 683557.110910578165203, 5663678.841847085393965 ], [ 683550.163824132410809, 5663678.067686598747969 ], [ 683547.072201684117317, 5663677.723166352137923 ], [ 683537.033492790069431, 5663676.604485617950559 ], [ 683526.994783896021545, 5663675.485819313675165 ], [ 683516.956075002090074, 5663674.367138579487801 ], [ 683506.917366108042188, 5663673.248457846231759 ], [ 683496.878657213994302, 5663672.129777112044394 ], [ 683486.839948319946416, 5663671.011096378788352 ], [ 683476.80123942589853, 5663669.892430074512959 ], [ 683466.762530531967059, 5663668.773749340325594 ], [ 683460.059396871132776, 5663668.026774150319397 ], [ 683456.723821638035588, 5663667.655068607069552 ], [ 683446.685112743871287, 5663666.536387871950865 ], [ 683436.6464038498234, 5663664.074476545676589 ], [ 683426.607694955775514, 5663660.62048037070781 ], [ 683416.879598578088917, 5663657.985861700959504 ], [ 683416.568986061611213, 5663657.884529006667435 ], [ 683406.530277167796157, 5663653.564272943884134 ], [ 683396.491568273748271, 5663654.049200922250748 ], [ 683386.452859379700385, 5663653.643475851044059 ], [ 683376.414150485536084, 5663653.23775077983737 ], [ 683366.375441591604613, 5663652.832015546038747 ], [ 683356.336732697673142, 5663652.426279758103192 ], [ 683346.298023803625256, 5663652.020554687827826 ], [ 683336.25931490957737, 5663651.614829616621137 ], [ 683326.220606015529484, 5663651.730402983725071 ], [ 683316.181897121481597, 5663651.988204682245851 ], [ 683306.143188227550127, 5663652.402087392285466 ], [ 683296.10447933350224, 5663653.316530351527035 ], [ 683286.065770439454354, 5663656.170094701461494 ], [ 683279.721932704327628, 5663657.985861701890826 ], [ 683276.027061545406468, 5663659.220685888081789 ], [ 683265.988352651358582, 5663662.89790235646069 ], [ 683255.949643757310696, 5663666.632592212408781 ], [ 683252.202134015155025, 5663668.026774150319397 ], [ 683245.910934863379225, 5663669.979348750784993 ], [ 683235.872225969331339, 5663670.160296117886901 ], [ 683225.833517075283453, 5663669.892540990374982 ], [ 683215.794808181235567, 5663670.045516112819314 ], [ 683205.756099287187681, 5663671.020109185948968 ], [ 683195.71739039325621, 5663668.644285441376269 ], [ 683185.678681499208324, 5663668.301520203240216 ], [ 683175.639972605160438, 5663670.412132248282433 ], [ 683165.601263711112551, 5663672.730872349813581 ], [ 683155.562554817064665, 5663675.049612450413406 ], [ 683145.523845923133194, 5663677.368352551944554 ], [ 683142.496162520721555, 5663678.067686598747969 ], [ 683135.485137029085308, 5663681.699621321633458 ], [ 683132.515163120697252, 5663688.108599046245217 ], [ 683134.243833855143748, 5663698.149511494673789 ], [ 683135.485137029085308, 5663699.145729696378112 ], [ 683144.978520070319064, 5663708.19042394310236 ], [ 683145.523845923133194, 5663708.642151130363345 ], [ 683155.562554817064665, 5663716.957841029390693 ], [ 683156.461427318281494, 5663718.231336390599608 ], [ 683158.254268554504961, 5663728.27224883902818 ], [ 683158.232817622600123, 5663738.313161287456751 ], [ 683158.211378024891019, 5663748.354073734954 ], [ 683158.189944869140163, 5663758.394986183382571 ], [ 683158.168487495277077, 5663768.435898631811142 ], [ 683158.147054339526221, 5663778.476811080239713 ], [ 683158.125621183775365, 5663788.517723527736962 ], [ 683158.104163809795864, 5663798.558635976165533 ], [ 683158.082730654161423, 5663808.599548424594104 ], [ 683158.061297498410568, 5663818.640460873022676 ], [ 683158.039840124431066, 5663828.681373320519924 ], [ 683158.018406968796626, 5663838.722285768948495 ], [ 683157.99697381304577, 5663848.763198216445744 ], [ 683157.975516439066269, 5663858.804110664874315 ], [ 683157.954083283431828, 5663868.845023113302886 ], [ 683157.932650127680972, 5663878.885935561731458 ], [ 683157.911192753817886, 5663888.926848009228706 ], [ 683157.889759597950615, 5663898.9677604585886 ], [ 683157.868326442316175, 5663909.008672906085849 ], [ 683157.846869068453088, 5663919.049585353583097 ], [ 683162.83421614964027, 5663929.090497802011669 ], [ 683165.601263711112551, 5663931.896312516182661 ], [ 683172.736396132153459, 5663939.13141025044024 ], [ 683175.639972605160438, 5663942.075660441070795 ], [ 683182.638597122393548, 5663949.172322697937489 ], [ 683185.678681499208324, 5663952.254993014037609 ], [ 683192.540798112750053, 5663959.21323514636606 ], [ 683195.252993812086061, 5663969.254147594794631 ], [ 683195.71739039325621, 5663970.209468669258058 ], [ 683203.426481174188666, 5663979.295060043223202 ], [ 683205.756099287187681, 5663980.394737540744245 ], [ 683215.794808181235567, 5663984.974981667473912 ], [ 683225.833517075283453, 5663988.224778945557773 ], [ 683228.456576343392953, 5663989.335972490720451 ], [ 683235.872225969331339, 5663994.002930829301476 ], [ 683241.487485096789896, 5663999.376884939149022 ], [ 683245.910934863379225, 5664003.641435399651527 ], [ 683251.902527021593414, 5664009.417797387577593 ], [ 683255.949643757427111, 5664013.319533463567495 ], [ 683261.524186453316361, 5664019.458709835074842 ], [ 683265.988352651358582, 5664026.58558351546526 ], [ 683267.685546078952029, 5664029.499622283503413 ], [ 683272.43339123018086, 5664039.540534731931984 ], [ 683276.027061545406468, 5664047.930510066449642 ], [ 683276.754591299919412, 5664049.581447180360556 ], [ 683282.788139922893606, 5664059.622359627857804 ], [ 683286.065770439454354, 5664064.679400036111474 ], [ 683288.792217476759106, 5664069.663272076286376 ], [ 683287.246984002646059, 5664079.704184524714947 ], [ 683289.655756307765841, 5664089.745096972212195 ], [ 683296.10447933350224, 5664096.114919222891331 ], [ 683298.93132717453409, 5664099.786009420640767 ], [ 683301.396670237532817, 5664109.826921869069338 ], [ 683303.862022929592058, 5664119.867834316566586 ], [ 683306.143188227550127, 5664129.158637064509094 ], [ 683306.327362218289636, 5664129.908746764995158 ], [ 683308.792714910348877, 5664139.949659213423729 ], [ 683311.258060773136094, 5664149.9905716618523 ], [ 683313.723406890989281, 5664160.031484110280871 ], [ 683316.181897121481597, 5664170.044447057880461 ], [ 683316.188759573735297, 5664170.07239655777812 ], [ 683318.6540988717461, 5664180.113309005275369 ], [ 683321.119451563805342, 5664190.15422145370394 ], [ 683323.584794371621683, 5664200.195133902132511 ], [ 683326.030074800597504, 5664210.236046350561082 ], [ 683322.905197824002244, 5664220.276958798058331 ], [ 683320.303395346272737, 5664230.317871246486902 ], [ 683317.652975890901871, 5664240.358783694915473 ], [ 683316.181897121481597, 5664245.008613483980298 ], [ 683314.476306249387562, 5664250.399696143344045 ], [ 683311.299620505422354, 5664260.440608590841293 ], [ 683308.122934761806391, 5664270.481521040201187 ], [ 683306.143188227550127, 5664276.739131399430335 ], [ 683304.946250937879086, 5664280.522433487698436 ], [ 683301.769570289412513, 5664290.563345935195684 ], [ 683298.592893632594496, 5664300.604258383624256 ], [ 683296.104479333385825, 5664308.469672883860767 ], [ 683295.416207888862118, 5664310.645170832052827 ], [ 683292.23952214489691, 5664320.686083279550076 ], [ 683289.062847696011886, 5664330.726995727978647 ], [ 683286.065770439454354, 5664340.200214368291199 ], [ 683285.873535663238727, 5664340.767908176407218 ], [ 683281.11190520809032, 5664350.808820624835789 ], [ 683276.027061545290053, 5664356.819999802857637 ], [ 683272.350899825338274, 5664360.849733072333038 ], [ 683265.988352651242167, 5664367.824246633797884 ], [ 683263.191002383362502, 5664370.890645520761609 ], [ 683255.949643757310696, 5664378.828476645983756 ], [ 683254.031093594734557, 5664380.93155796919018 ], [ 683245.910934863379225, 5664389.8327098460868 ], [ 683244.871177663910203, 5664390.972470415756106 ], [ 683235.872225969331339, 5664400.836964765563607 ], [ 683235.711287364247255, 5664401.013382865116 ], [ 683226.55137143319007, 5664411.054295313544571 ], [ 683225.833517075283453, 5664411.841194776818156 ], [ 683217.391481133527122, 5664421.095207761973143 ], [ 683215.794808181235567, 5664422.845447987318039 ], [ 683208.231565202586353, 5664431.136120209470391 ], [ 683205.756099287187681, 5664433.849682895466685 ], [ 683199.071657836087979, 5664441.177032657898962 ], [ 683195.71739039325621, 5664444.853912906721234 ], [ 683189.911758972099051, 5664451.217945106327534 ], [ 683185.678681499208324, 5664455.858158030547202 ], [ 683180.751843041274697, 5664461.258857553824782 ], [ 683175.639972605044022, 5664466.862401025369763 ], [ 683171.591952741611749, 5664471.299770002253354 ], [ 683165.601263711112551, 5664477.866640758700669 ], [ 683162.432036810670979, 5664481.340682450681925 ], [ 683155.562554817181081, 5664488.870889145880938 ], [ 683153.27214066288434, 5664491.381594898179173 ], [ 683145.523845923133194, 5664499.875119157135487 ], [ 683138.056943533592857, 5664501.422507346607745 ], [ 683135.485137029085308, 5664501.960360206663609 ], [ 683125.446428135037422, 5664503.712032618001103 ], [ 683115.407719240989536, 5664505.463688085786998 ], [ 683105.36901034694165, 5664507.215349085628986 ], [ 683095.330301452893764, 5664508.967014445923269 ], [ 683085.291592558845878, 5664510.718665553256869 ], [ 683081.023459440330043, 5664511.463419795036316 ], [ 683075.252883664914407, 5664512.470337964594364 ], [ 683065.214174770866521, 5664514.221989810466766 ], [ 683055.175465876818635, 5664517.081113808788359 ], [ 683049.688699092250317, 5664521.504332243464887 ], [ 683045.136756982770748, 5664525.252598060294986 ], [ 683037.494886160711758, 5664531.545244690962136 ], [ 683035.098048088839278, 5664533.518904724158347 ], [ 683025.301073229056783, 5664541.586157139390707 ], [ 683025.059339194791391, 5664541.785212103277445 ], [ 683015.020630300743505, 5664550.051518051885068 ], [ 683013.107260297401808, 5664551.627069588750601 ], [ 683004.981921406695619, 5664558.317848754115403 ], [ 683000.913473419495858, 5664561.667982036247849 ], [ 682994.943212512647733, 5664566.584149042144418 ], [ 682988.719678242108785, 5664571.708894483745098 ], [ 682984.904503618599847, 5664574.850474118255079 ], [ 682976.525865310570225, 5664581.749806932173669 ], [ 682974.865794724668376, 5664583.509307952597737 ], [ 682968.817352142301388, 5664591.790719379670918 ], [ 682964.82708583062049, 5664598.152095850557089 ], [ 682962.519050939008594, 5664601.831631828099489 ], [ 682956.220734141767025, 5664611.87254427652806 ], [ 682954.788376936572604, 5664614.156041845679283 ], [ 682949.922441579634324, 5664621.913456724956632 ], [ 682944.749668042408302, 5664630.159997501410544 ], [ 682943.624119943706319, 5664631.95436917245388 ], [ 682937.325832220260054, 5664641.995281620882452 ], [ 682934.710959148476832, 5664646.163965453393757 ], [ 682931.027510584448464, 5664652.036194069311023 ], [ 682924.729222861002199, 5664662.077106516808271 ], [ 682924.672250254545361, 5664662.167933404445648 ], [ 682918.420066246413626, 5664672.118018965236843 ], [ 682914.633541360497475, 5664676.511617822572589 ], [ 682907.236350677208975, 5664682.158931413665414 ], [ 682904.594832466449589, 5664684.175572910346091 ], [ 682894.556123572285287, 5664691.839527998119593 ], [ 682894.084160202532075, 5664692.199843862093985 ], [ 682884.517414678353816, 5664699.503511756658554 ], [ 682880.93202135944739, 5664702.240756309591234 ], [ 682874.478705784422345, 5664707.167477589100599 ], [ 682867.779830884654075, 5664712.281668758019805 ], [ 682864.439996890374459, 5664714.831432676874101 ], [ 682854.627690877066925, 5664722.322581206448376 ], [ 682854.401287996326573, 5664722.495427181944251 ], [ 682844.362579102278687, 5664730.15938226878643 ], [ 682841.47550156689249, 5664732.363493654876947 ], [ 682834.323870208230801, 5664737.823337356559932 ], [ 682828.323311092099175, 5664742.404406102374196 ], [ 682824.285161314182915, 5664745.487304545938969 ], [ 682815.171172248898074, 5664752.445318550802767 ], [ 682814.246452420251444, 5664753.151286948472261 ], [ 682804.207743526203558, 5664760.354885048232973 ], [ 682801.130942685296759, 5664762.486230998300016 ], [ 682794.169034632155672, 5664767.308830115944147 ], [ 682786.635915379272774, 5664772.527143446728587 ], [ 682784.130325738107786, 5664774.262805844657123 ], [ 682774.091616844059899, 5664781.216742651537061 ], [ 682772.140859934035689, 5664782.568055895157158 ], [ 682764.052907950128429, 5664788.170701175928116 ], [ 682757.645846651983447, 5664792.60896834358573 ], [ 682754.014199056080543, 5664795.124664938077331 ], [ 682743.975490162032656, 5664802.078628700226545 ], [ 682742.795132617931813, 5664802.649880790151656 ], [ 682733.93678126798477, 5664806.947193283587694 ], [ 682723.898072373936884, 5664809.46375141479075 ], [ 682713.859363480005413, 5664811.980312306433916 ], [ 682711.025199278257787, 5664812.690793239511549 ], [ 682703.820654585957527, 5664814.496867678128183 ], [ 682693.781945691909641, 5664817.013425808399916 ], [ 682683.743236797861755, 5664819.529983940534294 ], [ 682673.704527903813869, 5664822.046542072668672 ], [ 682670.971367082791403, 5664822.731705687940121 ], [ 682663.665819009765983, 5664824.563100202009082 ], [ 682653.627110115834512, 5664827.07965833414346 ], [ 682643.588401221903041, 5664829.596216465346515 ], [ 682633.54969232773874, 5664832.112774595618248 ], [ 682630.917534887557849, 5664832.772618135437369 ], [ 682623.510983433690853, 5664834.62932551279664 ], [ 682613.472274539642967, 5664837.145873866043985 ], [ 682603.433565645711496, 5664839.413932763971388 ], [ 682593.39485675166361, 5664838.474222676828504 ], [ 682583.356147857615724, 5664837.198202766478062 ], [ 682573.317438963567838, 5664835.922152506187558 ], [ 682563.278730069519952, 5664834.646126975305378 ], [ 682553.240021175472066, 5664833.370101446285844 ], [ 682548.539518806152046, 5664832.772618135437369 ], [ 682543.201312281540595, 5664832.088058124296367 ], [ 682533.162603387492709, 5664827.930750736966729 ], [ 682523.123894493444823, 5664823.269480783492327 ], [ 682513.085185599396937, 5664823.006509744562209 ], [ 682503.04647670534905, 5664825.167641293257475 ], [ 682496.878075722022913, 5664832.772618135437369 ], [ 682498.300363184185699, 5664842.813530583865941 ], [ 682499.599677333026193, 5664852.854443032294512 ], [ 682502.731111784116365, 5664862.895355480723083 ], [ 682503.04647670534905, 5664863.71218956913799 ], [ 682506.60772712668404, 5664872.936267928220332 ], [ 682510.484358315705322, 5664882.977180376648903 ], [ 682513.085185599396937, 5664889.713578968308866 ], [ 682514.361018976313062, 5664893.018092825077474 ], [ 682518.237664090003818, 5664903.059005272574723 ], [ 682522.114310825942084, 5664913.099917721003294 ], [ 682523.123894493444823, 5664915.71486409008503 ], [ 682525.990926168509759, 5664923.140830169431865 ], [ 682529.867561587248929, 5664933.181742616929114 ], [ 682533.162603387492709, 5664941.716225117444992 ], [ 682533.744214474456385, 5664943.222655065357685 ], [ 682536.793345207930543, 5664953.263567513786256 ], [ 682538.941146367578767, 5664963.304479962214828 ], [ 682541.088947527110577, 5664973.345392409712076 ], [ 682543.201312281540595, 5664983.220640619285405 ], [ 682543.236748686758801, 5664983.386304858140647 ], [ 682545.384563633240759, 5664993.427217306569219 ], [ 682547.532414398621768, 5665003.468129754066467 ], [ 682549.680215558153577, 5665013.509042202495039 ], [ 682551.828016717801802, 5665023.54995465092361 ], [ 682553.240021175472066, 5665030.151037377305329 ], [ 682553.975817877450027, 5665033.590867098420858 ], [ 682556.123619037098251, 5665043.63177954684943 ], [ 682558.271420196746476, 5665053.672691995278001 ], [ 682562.261261601815931, 5665063.713604442775249 ], [ 682563.278730069519952, 5665065.050557551905513 ], [ 682573.317438963567838, 5665072.250421073287725 ], [ 682575.414582999655977, 5665073.754516891203821 ], [ 682583.356147857615724, 5665079.450357905589044 ], [ 682589.414369376376271, 5665083.795429339632392 ], [ 682593.39485675166361, 5665086.650280659087002 ], [ 682603.4143016920425, 5665093.836341788060963 ], [ 682603.433565645827912, 5665093.850158261135221 ], [ 682613.472274539642967, 5665101.050035575404763 ], [ 682617.414234007708728, 5665103.877254235558212 ], [ 682623.510983433690853, 5665108.249958615750074 ], [ 682631.414020384545438, 5665113.918166683986783 ], [ 682633.549692327855155, 5665115.449895160272717 ], [ 682643.588401221786626, 5665122.649758970364928 ], [ 682645.413952700328082, 5665123.959079132415354 ], [ 682653.627110115834512, 5665129.849650077521801 ], [ 682659.413885016110726, 5665133.999991580843925 ], [ 682663.665819009765983, 5665137.049559324979782 ], [ 682673.413813105551526, 5665144.040904028341174 ], [ 682673.704527903697453, 5665144.249407167546451 ], [ 682683.743236797861755, 5665151.449359679594636 ], [ 682687.413603708497249, 5665154.081816476769745 ], [ 682693.781945691909641, 5665158.649264579638839 ], [ 682701.413536024279892, 5665164.122728925198317 ], [ 682703.820654585957527, 5665165.849160035140812 ], [ 682713.859363480005413, 5665173.0490194959566 ], [ 682715.413468340062536, 5665174.163641372695565 ], [ 682723.898072373936884, 5665180.248960388824344 ], [ 682729.413254716666415, 5665184.204553821124136 ], [ 682733.936781268101186, 5665187.592955932021141 ], [ 682741.326649533235468, 5665194.245466269552708 ], [ 682743.975490162032656, 5665197.304865950718522 ], [ 682750.020112175727263, 5665204.286378717049956 ], [ 682754.014199056196958, 5665208.899532109498978 ], [ 682756.676571042393334, 5665214.327291165478528 ], [ 682757.330751911504194, 5665224.368203613907099 ], [ 682757.993148383218795, 5665234.409116061404347 ], [ 682758.788584328256547, 5665244.450028509832919 ], [ 682764.052907950128429, 5665251.981115596368909 ], [ 682767.566689659957774, 5665254.49094095826149 ], [ 682774.091616844059899, 5665257.545516590587795 ], [ 682784.130325738107786, 5665261.845317107625306 ], [ 682790.402669950271957, 5665264.531853406690061 ], [ 682794.169034632155672, 5665266.145042206160724 ], [ 682804.207743526203558, 5665270.444842723198235 ], [ 682813.845171702443622, 5665274.57276585418731 ], [ 682814.246452420251444, 5665274.744641948491335 ], [ 682824.285161314182915, 5665279.044410169124603 ], [ 682834.323870208230801, 5665283.344168855808675 ], [ 682837.287783470354043, 5665284.613678302615881 ], [ 682844.362579102162272, 5665287.643946612253785 ], [ 682854.401287996326573, 5665291.943714832887053 ], [ 682860.730395238380879, 5665294.654590751044452 ], [ 682864.439996890374459, 5665296.243483054451644 ], [ 682874.478705784422345, 5665300.543251275084913 ], [ 682884.173007006524131, 5665304.695503198541701 ], [ 682884.517414678353816, 5665304.843019495718181 ], [ 682894.556123572401702, 5665309.142787717282772 ], [ 682904.594832466449589, 5665313.44255593791604 ], [ 682907.615618774550967, 5665314.736415646970272 ], [ 682914.633541360497475, 5665317.742324158549309 ], [ 682924.672250254545361, 5665322.100400967523456 ], [ 682931.058230542577803, 5665324.777328095398843 ], [ 682934.710959148476832, 5665326.341860600747168 ], [ 682944.749668042524718, 5665331.355986288748682 ], [ 682952.962995346519165, 5665334.818240543827415 ], [ 682954.788376936572604, 5665335.677575586363673 ], [ 682964.82708583062049, 5665340.819970961660147 ], [ 682972.93265394330956, 5665344.859152991324663 ], [ 682974.865794724668376, 5665345.91856427770108 ], [ 682984.904503618599847, 5665350.95535752736032 ], [ 682992.573384142946452, 5665354.900065438821912 ], [ 682994.943212512647733, 5665356.119048030115664 ], [ 683004.981921406695619, 5665361.282751278020442 ], [ 683012.093855528859422, 5665364.940977888181806 ], [ 683015.020630300743505, 5665366.446448153816164 ], [ 683025.059339194791391, 5665371.582673812285066 ], [ 683031.614326915005222, 5665374.981890335679054 ], [ 683035.098048088839278, 5665376.77384190261364 ], [ 683045.136756982770748, 5665380.978447951376438 ], [ 683055.175465876818635, 5665384.887961759231985 ], [ 683055.547152501181699, 5665385.022802784107625 ], [ 683065.214174770866521, 5665388.529794345609844 ], [ 683075.252883664914407, 5665392.171605263836682 ], [ 683083.22508509317413, 5665395.063715232536197 ], [ 683085.291592558845878, 5665395.813391077332199 ], [ 683095.330301452893764, 5665399.455217331647873 ], [ 683105.36901034694165, 5665403.097034581005573 ], [ 683110.903010349255055, 5665405.104627680033445 ], [ 683115.407719240989536, 5665406.73882039450109 ] ] ] } },
{ "type": "Feature", "properties": { "id": 1, "cost_level": 600.0 }, "geometry": { "type": "Polygon", "coordinates": [ [ [ 683205.756099287187681, 5665094.064183398149908 ], [ 683215.794808181235567, 5665097.044085753150284 ], [ 683225.833517075283453, 5665100.023989039473236 ], [ 683235.872225969331339, 5665101.223044676706195 ], [ 683245.910934863379225, 5665100.79574201721698 ], [ 683255.949643757310696, 5665101.498812962323427 ], [ 683265.988352651358582, 5665102.201858608983457 ], [ 683276.027061545406468, 5665102.904904255643487 ], [ 683286.065770439454354, 5665103.607950881123543 ], [ 683296.10447933350224, 5665101.558045282028615 ], [ 683306.143188227550127, 5665098.539449458010495 ], [ 683316.181897121481597, 5665095.520858662202954 ], [ 683321.784002522705123, 5665093.836341788060963 ], [ 683326.220606015529484, 5665092.502283802255988 ], [ 683336.25931490957737, 5665089.48367896489799 ], [ 683346.298023803625256, 5665086.46509613469243 ], [ 683355.176326616900042, 5665083.795429339632392 ], [ 683356.336732697673142, 5665083.44650031067431 ], [ 683366.375441591604613, 5665080.56121932156384 ], [ 683376.414150485652499, 5665078.255721377208829 ], [ 683386.452859379700385, 5665076.10172672662884 ], [ 683396.491568273748271, 5665073.947732077911496 ], [ 683397.392049159388989, 5665073.754516891203821 ], [ 683406.530277167796157, 5665071.79373742826283 ], [ 683416.568986061727628, 5665069.639742778614163 ], [ 683426.607694955775514, 5665067.485748128965497 ], [ 683436.6464038498234, 5665065.331758016720414 ], [ 683444.187800077954307, 5665063.713604442775249 ], [ 683446.685112743871287, 5665063.177758830599487 ], [ 683456.723821637919173, 5665061.023784789256752 ], [ 683466.762530531967059, 5665058.869784101843834 ], [ 683476.80123942589853, 5665056.715803030878305 ], [ 683486.839948319946416, 5665054.561808381229639 ], [ 683490.983682185411453, 5665053.672691995278001 ], [ 683496.878657213994302, 5665052.391030563041568 ], [ 683506.917366108042188, 5665048.770120276138186 ], [ 683516.956075002090074, 5665044.489928239956498 ], [ 683518.962799774832092, 5665043.631779547780752 ], [ 683526.994783896021545, 5665040.183473268523812 ], [ 683537.033492789953016, 5665035.830792548134923 ], [ 683542.191413371590897, 5665033.590867098420858 ], [ 683547.072201684117317, 5665031.471291624940932 ], [ 683557.110910578165203, 5665027.11175992153585 ], [ 683565.312692029168829, 5665023.54995465092361 ], [ 683567.149619472213089, 5665022.75222821906209 ], [ 683577.188328366260976, 5665018.392696515657008 ], [ 683587.227037260076031, 5665014.033193985931575 ], [ 683588.434007103438489, 5665013.509042202495039 ], [ 683597.265746154240333, 5665009.673663888126612 ], [ 683607.304455048288219, 5665005.314132185652852 ], [ 683611.555251300684176, 5665003.468129754066467 ], [ 683617.343163942336105, 5665000.95460048224777 ], [ 683627.381872836383991, 5664996.595068778842688 ], [ 683634.676547001115978, 5664993.427217306569219 ], [ 683637.420581730315462, 5664992.235567856580019 ], [ 683647.459290624363348, 5664987.876036152243614 ], [ 683657.497999518411234, 5664983.516504449769855 ], [ 683657.797810572315939, 5664983.386304858140647 ], [ 683667.53670841245912, 5664979.15697274543345 ], [ 683677.575417306507006, 5664974.797471822239459 ], [ 683680.919125646818429, 5664973.345392409712076 ], [ 683687.614126200438477, 5664970.437940118834376 ], [ 683697.652835094486363, 5664966.078408415429294 ], [ 683704.040369843947701, 5664963.304479961283505 ], [ 683707.691543988534249, 5664961.718876712024212 ], [ 683717.730252882582135, 5664957.359363233670592 ], [ 683727.161684918566607, 5664953.263567513786256 ], [ 683727.768961776630022, 5664952.999844086356461 ], [ 683737.807670670677908, 5664948.640312382951379 ], [ 683747.846379564492963, 5664944.280780679546297 ], [ 683750.282929115579464, 5664943.222655065357685 ], [ 683757.885088458657265, 5664939.921248976141214 ], [ 683767.923797352705151, 5664935.561748052947223 ], [ 683773.404244190081954, 5664933.181742616929114 ], [ 683777.962506246753037, 5664931.202216349542141 ], [ 683788.001215140800923, 5664926.842684647068381 ], [ 683796.525488387211226, 5664923.140830169431865 ], [ 683798.039924034732394, 5664922.483152943663299 ], [ 683808.07863292878028, 5664918.459852829575539 ], [ 683818.117341822828166, 5664918.888614227995276 ], [ 683828.156050716876052, 5664922.676551206968725 ], [ 683838.194759610923938, 5664923.069074640981853 ], [ 683848.233468504855409, 5664919.162813162431121 ], [ 683858.272177398903295, 5664917.280810395255685 ], [ 683868.310886292951182, 5664916.59024541452527 ], [ 683878.349595186999068, 5664915.527607498690486 ], [ 683888.388304081046954, 5664913.177613727748394 ], [ 683888.514499727403745, 5664913.099917721003294 ], [ 683898.146785377059132, 5664903.059005272574723 ], [ 683898.42701297509484, 5664902.665675523690879 ], [ 683904.836946769035421, 5664893.018092825077474 ], [ 683908.465721869026311, 5664888.830325217917562 ], [ 683913.363794988021255, 5664882.977180376648903 ], [ 683917.406103855697438, 5664872.936267927289009 ], [ 683918.504430763074197, 5664870.060371836647391 ], [ 683921.24080579332076, 5664862.89535547979176 ], [ 683922.527283929986879, 5664852.854443032294512 ], [ 683923.207144576124847, 5664842.813530582934618 ], [ 683923.887008032994345, 5664832.772618135437369 ], [ 683924.566847806447186, 5664822.731705687940121 ], [ 683925.246732136118226, 5664812.690793239511549 ], [ 683925.926571909571066, 5664802.649880791082978 ], [ 683926.606447643251158, 5664792.60896834358573 ], [ 683927.286296012578532, 5664782.568055895157158 ], [ 683927.966135786031373, 5664772.527143446728587 ], [ 683928.543139657122083, 5664764.005627213045955 ], [ 683928.646020115702413, 5664762.486230998300016 ], [ 683929.325859889038838, 5664752.445318550802767 ], [ 683930.005706154042855, 5664742.404406103305519 ], [ 683930.685583992162719, 5664732.363493653945625 ], [ 683931.249038216425106, 5664722.322581206448376 ], [ 683931.054394688922912, 5664712.281668758019805 ], [ 683930.696640167152509, 5664702.240756309591234 ], [ 683930.185356329777278, 5664692.199843862093985 ], [ 683929.794305530493148, 5664682.158931413665414 ], [ 683929.559765561134554, 5664672.11801896430552 ], [ 683933.503866923507303, 5664662.077106516808271 ], [ 683938.581848551169969, 5664652.068475455977023 ], [ 683938.597248803707771, 5664652.0361940683797 ], [ 683943.986863751662895, 5664641.995281620882452 ], [ 683948.620557445217855, 5664633.362658857367933 ], [ 683949.376478699734434, 5664631.95436917245388 ], [ 683954.766104447771795, 5664621.913456724956632 ], [ 683958.659266339149326, 5664614.660470280796289 ], [ 683960.155732292798348, 5664611.87254427652806 ], [ 683964.738234418211505, 5664601.831631828099489 ], [ 683967.100620033335872, 5664591.790719379670918 ], [ 683968.697975233197212, 5664587.952340382151306 ], [ 683976.126367146149278, 5664581.749806932173669 ], [ 683978.736684127245098, 5664580.1161227831617 ], [ 683988.775393021292984, 5664573.833330417051911 ], [ 683992.16983814293053, 5664571.708894483745098 ], [ 683998.814101915340871, 5664567.550538050942123 ], [ 684008.213247532607056, 5664561.667982035316527 ], [ 684008.852810809388757, 5664561.267704504542053 ], [ 684018.891519703320228, 5664554.984912139363587 ], [ 684024.25671433727257, 5664551.627069587819278 ], [ 684028.930228597368114, 5664548.702119773253798 ], [ 684038.968937491532415, 5664543.781094510108232 ], [ 684049.007646385463886, 5664541.714792905375361 ], [ 684049.632582843652926, 5664541.586157138459384 ], [ 684059.046355279628187, 5664539.64844361692667 ], [ 684069.085064173443243, 5664537.582094328477979 ], [ 684079.123773067491129, 5664535.515745040029287 ], [ 684089.162481961539015, 5664533.449395751580596 ], [ 684098.413201716146432, 5664531.545244690962136 ], [ 684099.201190855586901, 5664531.378805159591138 ], [ 684108.882054113317281, 5664521.504332243464887 ], [ 684106.7349189047236, 5664511.463419795036316 ], [ 684104.58775524655357, 5664501.422507346607745 ], [ 684102.440587097080424, 5664491.381594898179173 ], [ 684100.293451888719574, 5664481.340682451613247 ], [ 684099.201190855586901, 5664476.463855788111687 ], [ 684098.02215416484978, 5664471.299770002253354 ], [ 684095.57085745385848, 5664461.258857553824782 ], [ 684093.2410902652191, 5664451.217945106327534 ], [ 684091.019821796333417, 5664441.17703265696764 ], [ 684089.162481961539015, 5664432.607069444842637 ], [ 684088.841370672103949, 5664431.136120209470391 ], [ 684086.639528129133396, 5664421.095207761973143 ], [ 684084.416748471092433, 5664411.054295313544571 ], [ 684082.169338701176457, 5664401.013382865116 ], [ 684079.921928931260481, 5664390.972470416687429 ], [ 684079.123773067491129, 5664387.406492705456913 ], [ 684077.674519161228091, 5664380.93155796919018 ], [ 684075.427170844748616, 5664370.890645520761609 ], [ 684073.179761074716225, 5664360.849733072333038 ], [ 684070.932351304916665, 5664350.808820624835789 ], [ 684069.085064173443243, 5664342.555338858626783 ], [ 684068.685002988320775, 5664340.767908176407218 ], [ 684066.41557376133278, 5664330.726995727978647 ], [ 684064.116310045705177, 5664320.686083279550076 ], [ 684061.816984697594307, 5664310.645170832052827 ], [ 684059.517541870009154, 5664300.604258382692933 ], [ 684059.046355279511772, 5664298.546771566383541 ], [ 684057.218053796561435, 5664290.563345935195684 ], [ 684054.918512143660337, 5664280.522433487698436 ], [ 684052.618773453403264, 5664270.481521039269865 ], [ 684050.325484003406018, 5664260.440608590841293 ], [ 684049.007646385463886, 5664254.419683752581477 ], [ 684048.122792240930721, 5664250.399696143344045 ], [ 684045.969507863046601, 5664240.358783694915473 ], [ 684043.816166679840535, 5664230.317871246486902 ], [ 684041.66288779315073, 5664220.276958798058331 ], [ 684039.509546609944664, 5664210.236046350561082 ], [ 684038.968937491532415, 5664207.762586653232574 ], [ 684037.317383884219453, 5664200.195133902132511 ], [ 684035.067103215958923, 5664190.15422145370394 ], [ 684032.816822547698393, 5664180.113309006206691 ], [ 684030.566541879437864, 5664170.07239655777812 ], [ 684028.930228597368114, 5664162.771050269715488 ], [ 684028.316261211177334, 5664160.031484109349549 ], [ 684026.065980542916805, 5664149.9905716618523 ], [ 684023.815699874656275, 5664139.949659213423729 ], [ 684021.565419206395745, 5664129.908746764063835 ], [ 684019.315076332772151, 5664119.867834316566586 ], [ 684018.891519703436643, 5664117.977894499897957 ], [ 684017.064795664511621, 5664109.826921869069338 ], [ 684014.814514996251091, 5664099.786009420640767 ], [ 684012.564234328106977, 5664089.745096972212195 ], [ 684009.332590829348192, 5664079.704184524714947 ], [ 684008.852810809388757, 5664078.487333327531815 ], [ 684004.947722937446088, 5664069.663272076286376 ], [ 684000.504117627860978, 5664059.622359627857804 ], [ 683998.814101915340871, 5664056.89717164915055 ], [ 683994.276648140512407, 5664049.581447180360556 ], [ 683988.775393021292984, 5664043.018955891951919 ], [ 683985.859498275094666, 5664039.540534731931984 ], [ 683978.736684127245098, 5664031.043606824241579 ], [ 683977.442381021566689, 5664029.499622283503413 ], [ 683969.035321163129993, 5664019.458709835074842 ], [ 683968.697975233197212, 5664018.998338494449854 ], [ 683960.892845620634034, 5664009.417797387577593 ], [ 683958.659266339149326, 5664006.240264536812901 ], [ 683953.534798241686076, 5663999.376884939149022 ], [ 683948.620557445217855, 5663992.19725120998919 ], [ 683946.662117719184607, 5663989.335972490720451 ], [ 683939.789494970813394, 5663979.29506004229188 ], [ 683938.581848551053554, 5663977.530706334859133 ], [ 683932.91679596551694, 5663969.254147594794631 ], [ 683928.543139657122083, 5663962.86429987475276 ], [ 683926.044120544567704, 5663959.21323514636606 ], [ 683919.171486399252899, 5663949.172322697937489 ], [ 683918.504430763074197, 5663948.197754999622703 ], [ 683912.298793689231388, 5663939.13141025044024 ], [ 683908.465721869026311, 5663933.531348538585007 ], [ 683905.42609468405135, 5663929.090497802011669 ], [ 683898.553489224752411, 5663919.049585353583097 ], [ 683898.427012975211255, 5663918.719982508569956 ], [ 683895.667183685349301, 5663909.008672906085849 ], [ 683888.388304081046954, 5663903.811134331859648 ], [ 683878.349595186999068, 5663902.140613239258528 ], [ 683868.310886292951182, 5663900.470092145726085 ], [ 683859.283153420663439, 5663898.967760457657278 ], [ 683858.272177399019711, 5663898.799520952627063 ], [ 683848.233468504855409, 5663897.128999860025942 ], [ 683838.194759610923938, 5663895.458461255766451 ], [ 683828.156050716876052, 5663893.787907572463155 ], [ 683818.117341822828166, 5663892.117386479862034 ], [ 683808.07863292878028, 5663890.446822870522738 ], [ 683798.944651270634495, 5663888.926848009228706 ], [ 683798.039924034732394, 5663888.776294193230569 ], [ 683788.001215140800923, 5663887.105773100629449 ], [ 683777.962506246753037, 5663885.435201907530427 ], [ 683767.923797352705151, 5663884.059372030198574 ], [ 683757.885088458657265, 5663882.681483263149858 ], [ 683747.846379564609379, 5663881.763181929476559 ], [ 683737.807670670561492, 5663880.844905416481197 ], [ 683727.768961776630022, 5663881.238219304010272 ], [ 683717.730252882582135, 5663883.028016029857099 ], [ 683707.691543988534249, 5663884.821097355335951 ], [ 683697.652835094486363, 5663886.892513682134449 ], [ 683688.565129026770592, 5663888.926848009228706 ], [ 683687.614126200438477, 5663889.139735362492502 ], [ 683677.575417306507006, 5663891.386957042850554 ], [ 683667.53670841245912, 5663893.634208410046995 ], [ 683657.497999518411234, 5663895.881463726051152 ], [ 683647.459290624363348, 5663898.128685406409204 ], [ 683643.711004351032898, 5663898.9677604585886 ], [ 683637.420581730315462, 5663900.375907086767256 ], [ 683627.381872836383991, 5663902.623128768056631 ], [ 683617.343163942219689, 5663904.870387671515346 ], [ 683607.304455048288219, 5663907.117635450325906 ], [ 683598.856879675295204, 5663909.008672906085849 ], [ 683597.265746154240333, 5663909.364857131615281 ], [ 683587.227037260192446, 5663911.612078811042011 ], [ 683577.188328366260976, 5663913.859300491400063 ], [ 683567.149619472213089, 5663916.106522171758115 ], [ 683557.110910578281619, 5663918.353807173669338 ], [ 683554.00275499955751, 5663919.049585353583097 ], [ 683547.072201684117317, 5663920.60102885402739 ], [ 683537.033492790069431, 5663922.848250534385443 ], [ 683526.994783896021545, 5663925.06448167283088 ], [ 683516.956075002090074, 5663927.16710523981601 ], [ 683507.48072097345721, 5663929.090497802011669 ], [ 683506.917366108042188, 5663929.204376036301255 ], [ 683496.878657213994302, 5663931.233617454767227 ], [ 683486.839948319946416, 5663933.334592260420322 ], [ 683476.80123942589853, 5663935.619325540959835 ], [ 683466.762530531967059, 5663937.904058821499348 ], [ 683461.333088697865605, 5663939.13141025044024 ], [ 683456.723821637919173, 5663940.174961373209953 ], [ 683446.685112743871287, 5663941.970621016807854 ], [ 683436.6464038498234, 5663943.189577460289001 ], [ 683426.607694955775514, 5663944.762543089687824 ], [ 683416.568986061727628, 5663946.781680728308856 ], [ 683406.530277167796157, 5663948.846921089105308 ], [ 683404.948520843754523, 5663949.172322697006166 ], [ 683396.491568273748271, 5663950.912101402878761 ], [ 683386.452859379700385, 5663951.347023385576904 ], [ 683376.414150485652499, 5663951.148683836683631 ], [ 683366.375441591604613, 5663952.187753370031714 ], [ 683356.336732697673142, 5663953.567596765235066 ], [ 683346.298023803625256, 5663954.091292102821171 ], [ 683336.25931490957737, 5663954.651322182267904 ], [ 683326.220606015529484, 5663955.232187500223517 ], [ 683316.181897121481597, 5663955.459799393080175 ], [ 683306.143188227550127, 5663955.687474828213453 ], [ 683296.10447933350224, 5663956.154075572267175 ], [ 683286.065770439454354, 5663958.163368410430849 ], [ 683283.160876750713214, 5663959.213235145434737 ], [ 683284.472966069355607, 5663969.254147594794631 ], [ 683286.065770439454354, 5663970.789735194295645 ], [ 683294.88800799427554, 5663979.29506004229188 ], [ 683296.10447933350224, 5663980.467833259142935 ], [ 683305.303049919195473, 5663989.335972490720451 ], [ 683306.143188227550127, 5663990.449949574656785 ], [ 683311.793522789375857, 5663999.376884939149022 ], [ 683316.181897121481597, 5664008.246142422780395 ], [ 683316.714009200921282, 5664009.417797387577593 ], [ 683321.01481223735027, 5664019.458709835074842 ], [ 683325.315626907744445, 5664029.499622283503413 ], [ 683326.220606015529484, 5664031.044772260822356 ], [ 683331.600700580049306, 5664039.540534731931984 ], [ 683336.25931490957737, 5664046.728288442827761 ], [ 683338.108538841595873, 5664049.581447180360556 ], [ 683342.698777725105174, 5664059.622359627857804 ], [ 683346.298023803625256, 5664063.86182589828968 ], [ 683353.015936296316795, 5664069.663272076286376 ], [ 683356.336732697673142, 5664073.841928090900183 ], [ 683359.880224290303886, 5664079.704184524714947 ], [ 683362.345568310003728, 5664089.745096972212195 ], [ 683364.810921002179384, 5664099.786009421572089 ], [ 683366.375441591604613, 5664106.158038754016161 ], [ 683367.276260290876962, 5664109.826921869069338 ], [ 683369.741612982819788, 5664119.867834316566586 ], [ 683372.206957888789475, 5664129.908746764995158 ], [ 683374.672304963576607, 5664139.949659213423729 ], [ 683376.414150485652499, 5664147.043864615261555 ], [ 683377.137656689505093, 5664149.9905716618523 ], [ 683379.603006090037525, 5664160.031484109349549 ], [ 683382.068349636392668, 5664170.07239655777812 ], [ 683384.533702328335494, 5664180.113309006206691 ], [ 683386.452859379700385, 5664187.929713025689125 ], [ 683386.999041617033072, 5664190.15422145370394 ], [ 683389.464394309092313, 5664200.195133902132511 ], [ 683391.929739688639529, 5664210.236046350561082 ], [ 683394.395086289849132, 5664220.276958798058331 ], [ 683396.491568273748271, 5664228.815531034953892 ], [ 683396.860438489355147, 5664230.317871246486902 ], [ 683396.491568273748271, 5664234.72373782005161 ], [ 683395.90931998193264, 5664240.358783694915473 ], [ 683391.758698049699888, 5664250.399696143344045 ], [ 683389.497044770047069, 5664260.440608590841293 ], [ 683387.268321918905713, 5664270.481521039269865 ], [ 683386.452859379700385, 5664273.059046367183328 ], [ 683384.091636175056919, 5664280.522433487698436 ], [ 683380.914959314046428, 5664290.563345935195684 ], [ 683377.738278665812686, 5664300.604258383624256 ], [ 683376.414150485652499, 5664304.78958785161376 ], [ 683374.56159504596144, 5664310.645170832052827 ], [ 683371.384909301996231, 5664320.686083279550076 ], [ 683368.208223558263853, 5664330.726995727978647 ], [ 683366.375441591488197, 5664336.520107803866267 ], [ 683365.031553916633129, 5664340.767908176407218 ], [ 683361.854868172900751, 5664350.808820625767112 ], [ 683358.678182429168373, 5664360.849733072333038 ], [ 683356.336732697673142, 5664368.250619924627244 ], [ 683355.501498025027104, 5664370.890645520761609 ], [ 683352.324817376676947, 5664380.93155796919018 ], [ 683349.148141299956478, 5664390.972470416687429 ], [ 683346.298023803625256, 5664399.981161409988999 ], [ 683345.971455556107685, 5664401.013382865116 ], [ 683342.794775431626476, 5664411.054295313544571 ], [ 683339.61809478327632, 5664421.095207761973143 ], [ 683336.25931490957737, 5664428.358135361224413 ], [ 683334.214351432630792, 5664431.136120209470391 ], [ 683326.220606015529484, 5664439.898700398392975 ], [ 683325.054435501806438, 5664441.177032657898962 ], [ 683316.181897121481597, 5664450.902954929508269 ], [ 683315.894544468494132, 5664451.217945106327534 ], [ 683306.734629271202721, 5664461.258857553824782 ], [ 683306.143188227550127, 5664461.907184940762818 ], [ 683297.574717094190419, 5664471.299770002253354 ], [ 683296.10447933350224, 5664472.911414951086044 ], [ 683288.414823040599003, 5664481.340682450681925 ], [ 683286.065770439454354, 5664483.91566585469991 ], [ 683279.254907109658234, 5664491.381594898179173 ], [ 683276.027061545406468, 5664494.919903070665896 ], [ 683270.095016809995286, 5664501.422507346607745 ], [ 683265.988352651358582, 5664505.924148582853377 ], [ 683260.935100879054517, 5664511.463419795036316 ], [ 683255.949643757310696, 5664516.928391190245748 ], [ 683251.775199921103194, 5664521.504332243464887 ], [ 683245.910934863379225, 5664527.932621201500297 ], [ 683242.615294648567215, 5664531.545244691893458 ], [ 683235.872225969331339, 5664538.93685862608254 ], [ 683233.45537871774286, 5664541.586157139390707 ], [ 683225.833517075283453, 5664549.941109322011471 ], [ 683224.295488417963497, 5664551.627069586887956 ], [ 683215.794808181235567, 5664560.945341354236007 ], [ 683215.135572487022728, 5664561.667982035316527 ], [ 683205.975682187243365, 5664571.708894483745098 ], [ 683205.756099287187681, 5664571.949596766382456 ], [ 683196.815766256535426, 5664581.749806932173669 ], [ 683195.71739039325621, 5664582.953827451914549 ], [ 683187.655855373828672, 5664591.790719379670918 ], [ 683185.678681499091908, 5664593.958057462237775 ], [ 683178.495960025931709, 5664601.831631828099489 ], [ 683175.639972605160438, 5664604.962306810542941 ], [ 683169.336044094990939, 5664611.87254427652806 ], [ 683165.601263711112551, 5664615.966545581817627 ], [ 683160.176153795327991, 5664621.913456724956632 ], [ 683155.562554817181081, 5664626.970789538696408 ], [ 683151.016237864503637, 5664631.95436917245388 ], [ 683145.523845923133194, 5664637.975033702328801 ], [ 683135.485137029085308, 5664641.327566032297909 ], [ 683131.658506905892864, 5664641.995281620882452 ], [ 683125.446428135037422, 5664643.079238443635404 ], [ 683115.407719240989536, 5664645.304540183395147 ], [ 683106.49575905315578, 5664652.036194069311023 ], [ 683105.36901034694165, 5664652.964007639326155 ], [ 683095.330301452893764, 5664661.230314302258193 ], [ 683094.30194612138439, 5664662.077106516808271 ], [ 683085.291592559078708, 5664671.872557611204684 ], [ 683085.116808151011355, 5664672.118018965236843 ], [ 683078.818487105658278, 5664682.158931413665414 ], [ 683075.252883664914407, 5664687.843319542706013 ], [ 683072.520190150709823, 5664692.199843862093985 ], [ 683066.221877746284008, 5664702.240756310522556 ], [ 683065.214174770866521, 5664703.847265537828207 ], [ 683059.923572150291875, 5664712.281668758019805 ], [ 683055.175465876818635, 5664719.851211532950401 ], [ 683053.625263150082901, 5664722.322581205517054 ], [ 683047.326954149873927, 5664732.363493653945625 ], [ 683045.136756982770748, 5664735.855157527141273 ], [ 683041.028645149781369, 5664742.404406102374196 ], [ 683035.098048088839278, 5664751.859103522263467 ], [ 683034.730336149572395, 5664752.445318550802767 ], [ 683028.432027149479836, 5664762.486230998300016 ], [ 683025.059339194791391, 5664767.863049516454339 ], [ 683022.133718149270862, 5664772.527143446728587 ], [ 683015.835409149061888, 5664782.568055895157158 ], [ 683015.020630300743505, 5664783.866995511576533 ], [ 683009.537100148852915, 5664792.60896834358573 ], [ 683004.981921406695619, 5664799.870941506698728 ], [ 683002.537711129290983, 5664802.649880791082978 ], [ 682994.943212512647733, 5664808.94525839202106 ], [ 682990.037085903808475, 5664812.690793239511549 ], [ 682984.904503618599847, 5664816.609213479794562 ], [ 682976.884895429364406, 5664822.731705687940121 ], [ 682974.865794724668376, 5664824.273168566636741 ], [ 682964.82708583062049, 5664831.937159791588783 ], [ 682963.732756586163305, 5664832.772618135437369 ], [ 682954.788376936572604, 5664839.601118159480393 ], [ 682950.58056611136999, 5664842.813530582934618 ], [ 682944.749668042524718, 5664847.265073246322572 ], [ 682937.42837563669309, 5664852.854443032294512 ], [ 682934.710959148476832, 5664854.929036477580667 ], [ 682924.672250254545361, 5664862.593021650798619 ], [ 682924.276236793608405, 5664862.89535547979176 ], [ 682914.633541360497475, 5664870.256977925077081 ], [ 682911.12404631881509, 5664872.936267928220332 ], [ 682904.594832466449589, 5664877.920933013781905 ], [ 682897.97185584413819, 5664882.977180376648903 ], [ 682894.556123572401702, 5664885.584898337721825 ], [ 682884.819717000937089, 5664893.018092825077474 ], [ 682884.517414678353816, 5664893.497303310781717 ], [ 682874.478705784538761, 5664901.979885276407003 ], [ 682873.003364270669408, 5664903.059005272574723 ], [ 682874.478705784422345, 5664905.336091035977006 ], [ 682883.382511832751334, 5664913.099917721003294 ], [ 682884.517414678353816, 5664914.08951575960964 ], [ 682894.556123572401702, 5664922.842846063897014 ], [ 682894.89786501089111, 5664923.140830169431865 ], [ 682904.594832466449589, 5664931.596255877055228 ], [ 682906.413122147438116, 5664933.181742616929114 ], [ 682914.633541360497475, 5664940.349668493494391 ], [ 682917.928379284217954, 5664943.222655065357685 ], [ 682924.672250254545361, 5664949.103025814518332 ], [ 682929.343081114348024, 5664953.263567513786256 ], [ 682934.710959148476832, 5664958.354597042314708 ], [ 682939.727002642117441, 5664963.304479961283505 ], [ 682944.749668042641133, 5664968.260847821831703 ], [ 682949.902224692516029, 5664973.345392409712076 ], [ 682954.788376936456189, 5664978.167097317054868 ], [ 682960.077344867400825, 5664983.386304858140647 ], [ 682964.82708583062049, 5664987.699306038208306 ], [ 682971.441504624322988, 5664993.427217306569219 ], [ 682974.865794724668376, 5664996.105980620719492 ], [ 682984.276904044789262, 5665003.468129754066467 ], [ 682984.904503618599847, 5665003.959090118296444 ], [ 682994.943212512647733, 5665011.812199615873396 ], [ 682997.112303465371951, 5665013.509042202495039 ], [ 683004.981921406695619, 5665019.665309114381671 ], [ 683009.947702885838225, 5665023.54995465092361 ], [ 683015.020630300743505, 5665027.518418611958623 ], [ 683022.7831023063045, 5665033.590867098420858 ], [ 683025.059339194791391, 5665035.371528109535575 ], [ 683035.098048088839278, 5665043.224640996195376 ], [ 683035.618496188661084, 5665043.63177954684943 ], [ 683045.136756982770748, 5665051.077768702059984 ], [ 683049.426902710460126, 5665053.672691995278001 ], [ 683055.175465876818635, 5665056.783667884767056 ], [ 683065.214174770866521, 5665060.21228726580739 ], [ 683075.252883664914407, 5665063.64092927146703 ], [ 683075.465672068763524, 5665063.713604443706572 ], [ 683085.291592558962293, 5665067.069522580131888 ], [ 683095.330301452893764, 5665070.147994045168161 ], [ 683105.36901034694165, 5665071.098650015890598 ], [ 683115.407719240989536, 5665068.904409810900688 ], [ 683125.446428135037422, 5665069.717206548899412 ], [ 683135.485137029085308, 5665073.116161126643419 ], [ 683137.336686705704778, 5665073.754516891203821 ], [ 683145.523845923133194, 5665076.184803784824908 ], [ 683155.562554817064665, 5665079.16468814574182 ], [ 683165.601263710996136, 5665082.144603611901402 ], [ 683171.162625212222338, 5665083.795429339632392 ], [ 683175.639972605160438, 5665085.124478039331734 ], [ 683185.678681499208324, 5665088.104393504559994 ], [ 683195.71739039325621, 5665091.084279180504382 ], [ 683204.988548790337518, 5665093.836341788060963 ], [ 683205.756099287187681, 5665094.064183398149908 ] ] ] } },
{ "type": "Feature", "properties": { "id": 0, "cost_level": 300.0 }, "geometry": { "type": "Polygon", "coordinates": [ [ [ 683346.298023803625256, 5664853.623288358561695 ], [ 683347.236734676756896, 5664852.854443033225834 ], [ 683356.336732697673142, 5664845.40114601328969 ], [ 683359.646391168469563, 5664842.813530583865941 ], [ 683366.375441591604613, 5664837.349245240911841 ], [ 683373.162389731733128, 5664832.772618135437369 ], [ 683376.414150485652499, 5664830.229747829958797 ], [ 683386.45285937958397, 5664824.128451672382653 ], [ 683388.868235430796631, 5664822.731705687940121 ], [ 683396.491568273748271, 5664818.323340564966202 ], [ 683405.544735498377122, 5664812.690793238580227 ], [ 683406.530277167796157, 5664812.10340078920126 ], [ 683416.568986061727628, 5664803.785459449514747 ], [ 683417.938018911750987, 5664802.649880791082978 ], [ 683426.607694955775514, 5664795.458600399084389 ], [ 683430.043159214779735, 5664792.60896834358573 ], [ 683436.6464038498234, 5664787.131741347722709 ], [ 683442.148299517692067, 5664782.568055895157158 ], [ 683446.685112743871287, 5664778.967223331332207 ], [ 683455.202780209016055, 5664772.527143446728587 ], [ 683456.723821637919173, 5664771.59592065308243 ], [ 683466.762530531967059, 5664765.347847042605281 ], [ 683473.399621503776871, 5664762.486230998300016 ], [ 683476.80123942589853, 5664761.019605866633356 ], [ 683486.839948319946416, 5664756.691397900693119 ], [ 683496.688095130259171, 5664752.445318550802767 ], [ 683496.878657213994302, 5664752.363156723789871 ], [ 683506.917366108042188, 5664748.034948757849634 ], [ 683516.956075002206489, 5664743.727876453660429 ], [ 683519.984818678349257, 5664742.404406102374196 ], [ 683526.994783896021545, 5664739.386722748167813 ], [ 683537.033492790069431, 5664735.103084902279079 ], [ 683543.330218072631396, 5664732.363493653945625 ], [ 683547.072201684117317, 5664730.759667075239122 ], [ 683557.110910578165203, 5664726.487839623354375 ], [ 683566.72638216544874, 5664722.322581206448376 ], [ 683567.149619472213089, 5664722.141980467364192 ], [ 683577.188328366260976, 5664717.882173482328653 ], [ 683587.227037260192446, 5664713.562104963697493 ], [ 683590.068307810928673, 5664712.281668758019805 ], [ 683597.265746154240333, 5664709.065476764924824 ], [ 683607.304455048288219, 5664704.131314665079117 ], [ 683611.067963741486892, 5664702.240756308659911 ], [ 683617.343163942336105, 5664699.036525506526232 ], [ 683627.381872836267576, 5664693.910579045303166 ], [ 683630.732195089221932, 5664692.199843863025308 ], [ 683637.420581730315462, 5664688.784632583148777 ], [ 683647.459290624246933, 5664683.658686120994389 ], [ 683650.396426436724141, 5664682.158931413665414 ], [ 683657.497999518411234, 5664676.379797087982297 ], [ 683660.960552738513798, 5664672.118018965236843 ], [ 683667.53670841245912, 5664663.958333447575569 ], [ 683669.052850318606943, 5664662.077106516808271 ], [ 683677.145102367503569, 5664652.036194069311023 ], [ 683677.575417306507006, 5664651.502259845845401 ], [ 683685.237399947480299, 5664641.995281620882452 ], [ 683687.614126200438477, 5664639.046242737211287 ], [ 683693.329697527457029, 5664631.95436917245388 ], [ 683697.652835094602779, 5664626.590225629508495 ], [ 683701.421995107550174, 5664621.913456724956632 ], [ 683707.691543988534249, 5664614.134208522737026 ], [ 683709.514292687526904, 5664611.87254427652806 ], [ 683717.60654473642353, 5664601.831631828099489 ], [ 683717.730252882582135, 5664601.678134919144213 ], [ 683725.69884231640026, 5664591.790719379670918 ], [ 683727.768961776630022, 5664589.222117811441422 ], [ 683733.791139896493405, 5664581.749806932173669 ], [ 683737.807670670677908, 5664576.76610070373863 ], [ 683741.88343747658655, 5664571.708894483745098 ], [ 683747.846379564609379, 5664564.310083596035838 ], [ 683749.975735056446865, 5664561.667982035316527 ], [ 683757.88508845877368, 5664551.854011270217597 ], [ 683758.067987934919074, 5664551.627069587819278 ], [ 683766.483875369653106, 5664541.586157139390707 ], [ 683767.923797352705151, 5664539.574821221642196 ], [ 683774.618599436827935, 5664531.545244690962136 ], [ 683777.962506246753037, 5664526.5481221023947 ], [ 683781.474200961063616, 5664521.504332243464887 ], [ 683788.001215140917338, 5664511.551500694826245 ], [ 683788.058977835578844, 5664511.463419795036316 ], [ 683794.643721649888903, 5664501.422507346607745 ], [ 683795.798086684779264, 5664491.381594898179173 ], [ 683793.31090844143182, 5664481.340682450681925 ], [ 683790.815723521402106, 5664471.299770002253354 ], [ 683788.320568467024714, 5664461.258857553824782 ], [ 683788.001215140800923, 5664459.973727483302355 ], [ 683785.790262228576466, 5664451.217945106327534 ], [ 683783.162077467073686, 5664441.177032657898962 ], [ 683780.473001594771631, 5664431.136120209470391 ], [ 683777.962506246753037, 5664421.761914390139282 ], [ 683777.783956306520849, 5664421.095207761973143 ], [ 683775.094880434218794, 5664411.054295313544571 ], [ 683772.405835145968013, 5664401.013382865116 ], [ 683769.716759273782372, 5664390.972470416687429 ], [ 683767.923797352705151, 5664384.277539040893316 ], [ 683767.027713985415176, 5664380.93155796919018 ], [ 683764.33863811311312, 5664370.890645520761609 ], [ 683761.57610892993398, 5664360.849733071401715 ], [ 683758.729100618860684, 5664350.808820624835789 ], [ 683757.885088458657265, 5664347.832154035568237 ], [ 683755.882066811667755, 5664340.767908176407218 ], [ 683753.035045235534199, 5664330.726995727978647 ], [ 683750.188017543870956, 5664320.686083280481398 ], [ 683747.846379564609379, 5664312.427581964991987 ], [ 683747.340988309122622, 5664310.645170832052827 ], [ 683744.49396216054447, 5664300.604258383624256 ], [ 683742.016212055576034, 5664290.563345935195684 ], [ 683739.928403256461024, 5664280.522433487698436 ], [ 683737.840594457578845, 5664270.481521039269865 ], [ 683737.807670670677908, 5664270.323182914406061 ], [ 683735.752759886556305, 5664260.440608590841293 ], [ 683733.664944454096258, 5664250.399696143344045 ], [ 683731.577135655097663, 5664240.358783694915473 ], [ 683729.48929445061367, 5664230.317871246486902 ], [ 683727.768961776630022, 5664222.044264118187129 ], [ 683727.381351001909934, 5664220.276958798058331 ], [ 683724.220938780810684, 5664210.236046350561082 ], [ 683717.730252882582135, 5664204.407866079360247 ], [ 683707.691543988534249, 5664205.274882899597287 ], [ 683697.652835094486363, 5664206.764727014116943 ], [ 683687.614126200554892, 5664208.27392834611237 ], [ 683677.575417306507006, 5664209.807655852288008 ], [ 683674.771412178408355, 5664210.236046350561082 ], [ 683667.53670841245912, 5664211.341350445523858 ], [ 683657.497999518411234, 5664212.875077951699495 ], [ 683647.459290624363348, 5664214.408805457875133 ], [ 683637.420581730315462, 5664215.94253296405077 ], [ 683627.381872836383991, 5664217.476236736401916 ], [ 683617.343163942219689, 5664218.926834127865732 ], [ 683607.310995555133559, 5664220.276958798058331 ], [ 683607.304455048288219, 5664220.27782417088747 ], [ 683597.265746154240333, 5664221.606074187904596 ], [ 683587.227037260192446, 5664222.93429215438664 ], [ 683577.188328366260976, 5664224.262542171403766 ], [ 683567.149619472213089, 5664225.590760137885809 ], [ 683557.110910578165203, 5664226.918999305926263 ], [ 683547.072201684117317, 5664228.247228121384978 ], [ 683537.033492790069431, 5664229.575446088798344 ], [ 683531.963468745118007, 5664230.317871246486902 ], [ 683526.994783896021545, 5664231.169358025304973 ], [ 683516.956075002090074, 5664233.049523055553436 ], [ 683506.917366108042188, 5664234.929688083007932 ], [ 683496.878657213877887, 5664236.809853112325072 ], [ 683486.839948319946416, 5664238.482395202852786 ], [ 683479.8699393653078, 5664240.358783694915473 ], [ 683476.80123942589853, 5664241.102046719752252 ], [ 683470.054164539091289, 5664250.399696143344045 ], [ 683469.981121861608699, 5664260.440608590841293 ], [ 683466.762530531967059, 5664265.643949354067445 ], [ 683464.762814744608477, 5664270.481521040201187 ], [ 683460.612187745166011, 5664280.522433487698436 ], [ 683458.690688432892784, 5664290.563345935195684 ], [ 683456.883659767685458, 5664300.604258383624256 ], [ 683456.723821637919173, 5664301.109477370046079 ], [ 683453.706976571585983, 5664310.645170832052827 ], [ 683450.530296459328383, 5664320.686083279550076 ], [ 683447.35361823043786, 5664330.726995727978647 ], [ 683446.685112743871287, 5664332.840018855407834 ], [ 683444.176933022798039, 5664340.767908176407218 ], [ 683441.00025183823891, 5664350.808820624835789 ], [ 683437.823568642139435, 5664360.849733072333038 ], [ 683436.6464038498234, 5664364.570534892380238 ], [ 683434.646885446156375, 5664370.890645520761609 ], [ 683431.470206149737351, 5664380.93155796919018 ], [ 683428.293527105008252, 5664390.972470416687429 ], [ 683426.607694955775514, 5664396.301076377741992 ], [ 683425.116842713207006, 5664401.013382865116 ], [ 683421.940160712809302, 5664411.054295313544571 ], [ 683418.763477516826242, 5664421.095207761973143 ], [ 683416.568986061727628, 5664428.031592413783073 ], [ 683415.586794320726767, 5664431.136120209470391 ], [ 683412.410115840146318, 5664441.17703265696764 ], [ 683409.233430096530356, 5664451.217945106327534 ], [ 683406.530277167796157, 5664459.762130105867982 ], [ 683406.056752403848805, 5664461.258857553824782 ], [ 683402.880069587612525, 5664471.299770003184676 ], [ 683399.703386391396634, 5664481.340682450681925 ], [ 683396.526703223469667, 5664491.381594898179173 ], [ 683396.491568273748271, 5664491.492650217376649 ], [ 683393.059212495805696, 5664501.422507346607745 ], [ 683386.896514772088267, 5664511.463419795036316 ], [ 683386.4528593798168, 5664511.973174391314387 ], [ 683377.75798399373889, 5664521.504332242533565 ], [ 683376.414150485652499, 5664522.977417103014886 ], [ 683368.598070900305174, 5664531.545244691893458 ], [ 683366.375441591604613, 5664533.981649175286293 ], [ 683359.43816890695598, 5664541.586157139390707 ], [ 683356.336732697673142, 5664544.985888479277492 ], [ 683350.278261832427233, 5664551.627069587819278 ], [ 683346.298023803625256, 5664555.990131190046668 ], [ 683341.118358717067167, 5664561.667982035316527 ], [ 683336.25931490957737, 5664566.994373901747167 ], [ 683331.958455601707101, 5664571.708894483745098 ], [ 683326.220606015529484, 5664577.998616614378989 ], [ 683322.798548117745668, 5664581.749806932173669 ], [ 683316.181897121481597, 5664589.002855424769223 ], [ 683313.638646124396473, 5664591.790719379670918 ], [ 683306.143188227550127, 5664600.007087988778949 ], [ 683304.478733440395445, 5664601.831631828099489 ], [ 683296.10447933350224, 5664611.01133070141077 ], [ 683295.318830325035378, 5664611.87254427652806 ], [ 683286.158927209675312, 5664621.913456724956632 ], [ 683286.065770439454354, 5664622.015573414042592 ], [ 683276.999024094315246, 5664631.95436917245388 ], [ 683276.027061545406468, 5664633.120965955778956 ], [ 683267.99812347558327, 5664641.995281620882452 ], [ 683265.988352651358582, 5664647.947682276368141 ], [ 683263.420023620827124, 5664652.0361940683797 ], [ 683265.534228677279316, 5664662.077106516808271 ], [ 683265.988352651358582, 5664664.358927729539573 ], [ 683267.532553103286773, 5664672.118018965236843 ], [ 683269.493074292317033, 5664682.158931413665414 ], [ 683271.395485137356445, 5664692.199843863025308 ], [ 683273.297895982512273, 5664702.240756310522556 ], [ 683275.200304726720788, 5664712.281668758951128 ], [ 683276.027061545406468, 5664716.645274946466088 ], [ 683277.102720406139269, 5664722.322581207379699 ], [ 683279.005136085674167, 5664732.363493653945625 ], [ 683280.907551765209064, 5664742.404406102374196 ], [ 683282.809950208174996, 5664752.445318550802767 ], [ 683284.712361053214408, 5664762.486230998300016 ], [ 683283.220493652625009, 5664772.527143446728587 ], [ 683277.262791568762623, 5664782.568055895157158 ], [ 683278.130391289363615, 5664792.60896834358573 ], [ 683286.065770439454354, 5664797.95097278803587 ], [ 683292.264203837374225, 5664802.649880791082978 ], [ 683296.10447933350224, 5664806.195220682770014 ], [ 683302.062301594996825, 5664812.690793239511549 ], [ 683306.143188227550127, 5664817.140018820762634 ], [ 683311.271954968920909, 5664822.731705687940121 ], [ 683316.181897121481597, 5664828.084816958755255 ], [ 683320.5861096305307, 5664832.772618135437369 ], [ 683326.220606015529484, 5664838.896336309611797 ], [ 683330.050252621877007, 5664842.813530583865941 ], [ 683336.25931490957737, 5664849.164565910585225 ], [ 683343.887569004087709, 5664852.854443032294512 ], [ 683346.298023803625256, 5664853.623288358561695 ] ] ] } }
]
}
