{
"type": "FeatureCollection",
"name": "graph",
"crs": { "type": "name", "properties": { "name": "urn:ogc:def:crs:EPSG::32637" } },
"features": [
{ "type": "Feature", "properties": { "id": 4, "cost_level": 1500.0 }, "geometry": { "type": "Polygon", "coordinates": [ [ [ 340370.902659977553412, 6122155.133853873237967 ], [ 340380.943330548761878, 6122155.917070855386555 ], [ 340390.984001119853929, 6122156.70028783660382 ], [ 340401.024671691004187, 6122157.483504818752408 ], [ 340411.065342262154445, 6122158.082126132212579 ], [ 340421.106012833304703, 6122156.349113197997212 ], [ 340426.653480890206993, 6122154.502430423162878 ], [ 340431.146683404396754, 6122151.871626165695488 ], [ 340441.187353975547012, 6122145.992927146144211 ], [ 340443.791704620409291, 6122144.468060028739274 ], [ 340451.22802454669727, 6122140.114038134925067 ], [ 340460.929917402274441, 6122134.433689635246992 ], [ 340461.268695117847528, 6122134.235335360281169 ], [ 340471.309365688939579, 6122128.356450105085969 ], [ 340478.06782759167254, 6122124.399319240823388 ], [ 340481.350036260089837, 6122122.418065330944955 ], [ 340491.390706831240095, 6122116.172037257812917 ], [ 340494.211917836393695, 6122114.364948846399784 ], [ 340501.431377402390353, 6122109.730534132570028 ], [ 340509.224461081728805, 6122104.33057845197618 ], [ 340511.472047973540612, 6122102.632343053817749 ], [ 340520.925406863272656, 6122094.296208057552576 ], [ 340521.512718544632662, 6122093.778306482359767 ], [ 340531.553389115724713, 6122084.924269910901785 ], [ 340532.314999659371097, 6122084.261837663128972 ], [ 340541.594059686933178, 6122076.092703117057681 ], [ 340543.805146041209809, 6122074.227467268705368 ], [ 340551.634730258083437, 6122067.614964083768427 ], [ 340555.674682773649693, 6122064.193096874281764 ], [ 340561.675400829175487, 6122059.128592257387936 ], [ 340567.290441802470013, 6122054.15872647985816 ], [ 340571.716071400325745, 6122050.258623983711004 ], [ 340579.331991368846502, 6122044.124356085434556 ], [ 340581.756741971476004, 6122042.105374031700194 ], [ 340591.797412542626262, 6122041.028173934668303 ], [ 340601.838083113718312, 6122039.950973837636411 ], [ 340611.87875368486857, 6122038.874001333490014 ], [ 340621.919424256018829, 6122037.796801237389445 ], [ 340631.960094827169087, 6122036.719828733243048 ], [ 340642.000765398319345, 6122035.642628636211157 ], [ 340652.041435969411395, 6122034.565656132996082 ], [ 340656.475199226057157, 6122034.089985691010952 ], [ 340662.082106540561654, 6122033.488456035964191 ], [ 340672.122777111711912, 6122032.411483532749116 ], [ 340682.163447682803962, 6122031.334283435717225 ], [ 340692.204118253954221, 6122030.257310932502151 ], [ 340702.244788825104479, 6122029.180110834538937 ], [ 340712.285459396196529, 6122028.103138331323862 ], [ 340722.326129967346787, 6122027.025938235223293 ], [ 340732.366800538497046, 6122025.948965731076896 ], [ 340742.407471109647304, 6122024.871765634045005 ], [ 340750.016483085171785, 6122024.055615296587348 ], [ 340752.448141680797562, 6122023.79479313082993 ], [ 340762.48881225194782, 6122022.717593033798039 ], [ 340772.529482823039871, 6122021.640620529651642 ], [ 340782.570153394190129, 6122020.563420433551073 ], [ 340792.610823965340387, 6122019.486220335587859 ], [ 340802.651494536490645, 6122018.409247832372785 ], [ 340812.692165107582696, 6122017.332047735340893 ], [ 340822.732835678732954, 6122016.255075233057141 ], [ 340832.77350624994142, 6122015.177875135093927 ], [ 340842.81417682103347, 6122014.100902631878853 ], [ 340843.556673060171306, 6122014.021244902163744 ], [ 340852.854847392125521, 6122013.023702534846961 ], [ 340862.895517963275779, 6122011.946730030700564 ], [ 340872.936188534426037, 6122010.869529933668673 ], [ 340882.976859105576295, 6122009.792557431384921 ], [ 340893.017529676668346, 6122008.715357333421707 ], [ 340903.058200247818604, 6122007.638384830206633 ], [ 340913.098870818968862, 6122006.561184733174741 ], [ 340923.13954139011912, 6122005.484212229959667 ], [ 340933.180211961211171, 6122004.407012132927775 ], [ 340937.097176854382269, 6122003.98687450774014 ], [ 340943.220882532361429, 6122003.330039629712701 ], [ 340953.261553103511687, 6122002.252839531749487 ], [ 340963.302223674661946, 6122001.175639435648918 ], [ 340973.342894245753996, 6122000.098666932433844 ], [ 340983.383564816904254, 6121999.02146683447063 ], [ 340993.424235388054512, 6121997.944494331255555 ], [ 341003.464905959204771, 6121996.867294234223664 ], [ 341013.505576530238613, 6121995.790321730077267 ], [ 341023.546247101447079, 6121994.713121633976698 ], [ 341030.637523739016615, 6121993.952504113316536 ], [ 341033.586917672597338, 6121993.696867763996124 ], [ 341043.627588243747596, 6121992.884048876352608 ], [ 341053.668258814839646, 6121992.254361789673567 ], [ 341063.708929385989904, 6121991.953598089516163 ], [ 341073.749599957140163, 6121991.65269473567605 ], [ 341083.790270528290421, 6121991.351834950037301 ], [ 341093.830941099440679, 6121991.050936636514962 ], [ 341103.871611670532729, 6121990.750152776017785 ], [ 341113.912282241682988, 6121990.449249422177672 ], [ 341123.952952812833246, 6121990.148409796878695 ], [ 341133.993623383983504, 6121989.847511483356357 ], [ 341144.034293955075555, 6121989.546707462519407 ], [ 341154.074964526225813, 6121993.611502820625901 ], [ 341154.561553424224257, 6121993.952504113316536 ], [ 341164.115635097376071, 6122000.740807603113353 ], [ 341168.177452973788604, 6122003.98687450774014 ], [ 341174.156305668526329, 6122009.209196443669498 ], [ 341179.348856197786517, 6122014.021244902163744 ], [ 341184.196976239560172, 6122018.655101886019111 ], [ 341189.928930838650558, 6122024.055615296587348 ], [ 341194.237646810826845, 6122026.303437998518348 ], [ 341204.278317381977104, 6122028.612658703699708 ], [ 341214.318987953069154, 6122030.568458645604551 ], [ 341222.795154009771068, 6122034.089985691010952 ], [ 341224.359658524161205, 6122034.708066652528942 ], [ 341234.400329095311463, 6122037.311280786059797 ], [ 341244.440999666461721, 6122040.15314922388643 ], [ 341250.88733646296896, 6122044.124356085434556 ], [ 341254.481670237611979, 6122046.443907530978322 ], [ 341264.52234080870403, 6122047.742587996646762 ], [ 341266.912765716668218, 6122044.124356085434556 ], [ 341273.623728531645611, 6122034.089985691010952 ], [ 341274.563011379854288, 6122032.676441757008433 ], [ 341280.152921777567826, 6122024.055615296587348 ], [ 341284.603681950946338, 6122017.438530006445944 ], [ 341286.847933697630651, 6122014.021244902163744 ], [ 341293.608844800153747, 6122003.98687450774014 ], [ 341294.644352522213012, 6122002.418218162842095 ], [ 341300.096328075509518, 6121993.952504113316536 ], [ 341304.685023093246855, 6121987.08769803494215 ], [ 341306.762556170346215, 6121983.918133718892932 ], [ 341313.43880989565514, 6121973.883763324469328 ], [ 341314.725693664397113, 6121971.838853208348155 ], [ 341319.844151928613428, 6121963.849392930045724 ], [ 341324.766364235547371, 6121956.166255219839513 ], [ 341326.099255945766345, 6121953.81502253562212 ], [ 341330.762100658961572, 6121943.780652141198516 ], [ 341334.807034806639422, 6121934.686239942908287 ], [ 341335.225101298419759, 6121933.746281747706234 ], [ 341339.6879709236091, 6121923.71191135328263 ], [ 341344.150962471729144, 6121913.677540958859026 ], [ 341344.847705377847888, 6121912.110996167175472 ], [ 341348.613841188256629, 6121903.643170564435422 ], [ 341353.076818189816549, 6121893.608800170943141 ], [ 341354.888375948939938, 6121889.535724799148738 ], [ 341357.53971145284595, 6121883.574429775588214 ], [ 341362.002673907962162, 6121873.540059380233288 ], [ 341364.929046520148404, 6121866.960453430190682 ], [ 341366.465581717493478, 6121863.505688986741006 ], [ 341367.643742619897239, 6121853.471318592317402 ], [ 341368.386500553518999, 6121843.436948198825121 ], [ 341369.129258487024345, 6121833.402577803470194 ], [ 341369.872016420587897, 6121823.368207408115268 ], [ 341372.139293133514002, 6121813.333837013691664 ], [ 341374.969717091240454, 6121811.24821366649121 ], [ 341385.010387662332505, 6121811.808495353907347 ], [ 341395.051058233482763, 6121812.368788328021765 ], [ 341405.091728804633021, 6121811.53457656595856 ], [ 341408.911867608956527, 6121803.299466620199382 ], [ 341413.566554873599671, 6121793.265096225775778 ], [ 341415.13239937578328, 6121789.889590179547668 ], [ 341418.221342480799649, 6121783.230725831352174 ], [ 341424.605932196252979, 6121773.19635543692857 ], [ 341425.173069946933538, 6121772.79928479809314 ], [ 341435.213740518025588, 6121769.597279664129019 ], [ 341445.254411089175846, 6121766.395274530164897 ], [ 341455.295081660326105, 6121763.193269395269454 ], [ 341455.393181404971983, 6121763.161985042504966 ], [ 341465.335752231476363, 6121759.991237103939056 ], [ 341475.376422802568413, 6121756.727978678420186 ], [ 341482.674954771820921, 6121753.12761464715004 ], [ 341485.417093373718672, 6121751.74369519110769 ], [ 341495.45776394486893, 6121746.676339214667678 ], [ 341502.557474963134155, 6121743.093244253657758 ], [ 341505.498434516019188, 6121741.609008613973856 ], [ 341515.539105087111238, 6121736.541620938107371 ], [ 341522.439922297315206, 6121733.058873860165477 ], [ 341525.579775658261497, 6121731.474233261309564 ], [ 341535.620446229411755, 6121726.406875508837402 ], [ 341542.322435520938598, 6121723.024503465741873 ], [ 341545.661116800562013, 6121721.339546683244407 ], [ 341555.701787371654063, 6121716.2721590064466 ], [ 341562.204889822867699, 6121712.990133071318269 ], [ 341565.742457942804322, 6121711.204771329648793 ], [ 341575.78312851395458, 6121706.696523687802255 ], [ 341585.823799085104838, 6121703.549213374964893 ], [ 341587.829250079230405, 6121702.955762676894665 ], [ 341595.864469656196889, 6121700.577989960089326 ], [ 341605.905140227347147, 6121697.606659249402583 ], [ 341615.945810798497405, 6121694.635328539647162 ], [ 341621.737724409089424, 6121692.921392282471061 ], [ 341625.986481369647663, 6121691.664105124771595 ], [ 341636.027151940797921, 6121688.692774415016174 ], [ 341646.067822511889972, 6121685.721520691178739 ], [ 341655.646215432439931, 6121682.887021888047457 ], [ 341656.10849308304023, 6121682.750220289453864 ], [ 341666.149163654190488, 6121679.778889579698443 ], [ 341676.189834225340746, 6121676.807454725727439 ], [ 341686.230504796374589, 6121673.865779999643564 ], [ 341689.737815159780439, 6121672.852651493623853 ], [ 341696.271175367583055, 6121670.991484209895134 ], [ 341706.311845938733313, 6121668.26684851385653 ], [ 341716.352516509883571, 6121665.640946267172694 ], [ 341726.393187080975622, 6121663.01509421505034 ], [ 341727.145732751348987, 6121662.818281099200249 ], [ 341736.43385765212588, 6121655.996017965488136 ], [ 341737.751390771882143, 6121652.783910704776645 ], [ 341736.43385765212588, 6121649.890821098349988 ], [ 341733.181625913945027, 6121642.749540310353041 ], [ 341728.611814495758153, 6121632.715169916860759 ], [ 341726.393187080975622, 6121627.831980008631945 ], [ 341716.352516509941779, 6121628.195635699667037 ], [ 341711.056702158064581, 6121622.680799521505833 ], [ 341706.311845938733313, 6121618.129580915905535 ], [ 341701.669565172516741, 6121612.646429127082229 ], [ 341696.271175367583055, 6121606.270211874507368 ], [ 341693.17405310185859, 6121602.612058732658625 ], [ 341686.230504796491005, 6121594.410819552838802 ], [ 341684.678491147991735, 6121592.577688338235021 ], [ 341676.189834225340746, 6121587.920321682468057 ], [ 341666.149163654190488, 6121585.428099737502635 ], [ 341657.688104244938586, 6121582.543317943811417 ], [ 341656.10849308304023, 6121581.953809923492372 ], [ 341646.067822511889972, 6121578.14003431238234 ], [ 341637.498990065185353, 6121572.50894754845649 ], [ 341636.027151940797921, 6121571.457874801941216 ], [ 341625.986481369647663, 6121563.345948052592576 ], [ 341624.907927729189396, 6121562.474577154964209 ], [ 341615.945810798497405, 6121555.234021302312613 ], [ 341613.323687084601261, 6121552.440206760540605 ], [ 341607.311715021030977, 6121542.405836367048323 ], [ 341605.905140227347147, 6121540.047820668667555 ], [ 341601.597836238564923, 6121532.371465971693397 ], [ 341596.488147052295972, 6121522.337095578201115 ], [ 341595.864469656138681, 6121521.092630379833281 ], [ 341591.459312169637997, 6121512.302725183777511 ], [ 341585.948092513717711, 6121502.268354789353907 ], [ 341585.823799085104838, 6121502.063093038275838 ], [ 341578.225447013042867, 6121492.233984394930303 ], [ 341575.78312851395458, 6121489.074639626778662 ], [ 341570.86080629483331, 6121482.199614000506699 ], [ 341567.217853240144905, 6121472.165243606083095 ], [ 341565.742457942804322, 6121467.182108283042908 ], [ 341564.291972749051638, 6121462.130873211659491 ], [ 341561.688334139762446, 6121452.096502817235887 ], [ 341559.084628789394628, 6121442.062132422812283 ], [ 341555.701787371654063, 6121433.12753254827112 ], [ 341555.192587998404633, 6121432.027762028388679 ], [ 341553.319945973751601, 6121421.993391633033752 ], [ 341552.358292641292792, 6121411.959021239541471 ], [ 341555.701787371654063, 6121408.504379563033581 ], [ 341559.615478461724706, 6121411.959021239541471 ], [ 341565.742457942804322, 6121415.225517777726054 ], [ 341573.02832257951377, 6121421.993391633033752 ], [ 341575.78312851395458, 6121423.943072454072535 ], [ 341584.332148137327749, 6121432.027762028388679 ], [ 341585.823799085104838, 6121433.41929249279201 ], [ 341594.956004690611735, 6121442.062132422812283 ], [ 341595.864469656196889, 6121442.916087737306952 ], [ 341605.561010491801426, 6121452.096502817235887 ], [ 341605.905140227347147, 6121452.420121671631932 ], [ 341615.945810798497405, 6121460.584293282590806 ], [ 341620.019683756749146, 6121462.130873211659491 ], [ 341625.986481369647663, 6121465.026831286028028 ], [ 341628.063445965293795, 6121462.130873211659491 ], [ 341625.986481369705871, 6121457.323434693738818 ], [ 341623.728282453375868, 6121452.096502817235887 ], [ 341619.393201688071713, 6121442.062132422812283 ], [ 341615.945810798497405, 6121434.082389601506293 ], [ 341615.058175126905553, 6121432.027762028388679 ], [ 341610.723032920621336, 6121421.993391633965075 ], [ 341606.387880995753221, 6121411.959021239541471 ], [ 341605.905140227347147, 6121410.841611783020198 ], [ 341602.052854434645269, 6121401.924650845117867 ], [ 341597.717783387983218, 6121391.890280450694263 ], [ 341595.864469656196889, 6121387.600276095792651 ], [ 341593.382801312429365, 6121381.855910055339336 ], [ 341589.047697367204819, 6121371.821539661847055 ], [ 341585.823799085104838, 6121364.359355273656547 ], [ 341584.712533855286893, 6121361.787169267423451 ], [ 341580.377480620169081, 6121351.752798872999847 ], [ 341576.042447834566701, 6121341.718428478576243 ], [ 341575.783128514012787, 6121341.118195960298181 ], [ 341571.707284322590567, 6121331.684058084152639 ], [ 341567.372159927908797, 6121321.649687690660357 ], [ 341565.742457942804322, 6121317.877384771592915 ], [ 341563.037133366800845, 6121311.615317296236753 ], [ 341558.702106805692893, 6121301.580946901813149 ], [ 341555.701787371654063, 6121294.636049084365368 ], [ 341554.367080244526733, 6121291.546576507389545 ], [ 341550.031948769232258, 6121281.512206112965941 ], [ 341545.696786113490816, 6121271.477835718542337 ], [ 341545.661116800503805, 6121271.395271264947951 ], [ 341541.361759552324656, 6121261.443465324118733 ], [ 341537.026699236535933, 6121251.409094929695129 ], [ 341535.620446229411755, 6121248.154116541147232 ], [ 341532.691535724618006, 6121241.374724535271525 ], [ 341528.356438860064372, 6121231.340354140847921 ], [ 341525.579775658261497, 6121224.913157759234309 ], [ 341524.436986833694391, 6121221.305983746424317 ], [ 341520.725497845793143, 6121211.271613352000713 ], [ 341515.97086207231041, 6121201.237242957577109 ], [ 341515.539105087111238, 6121200.311657955870032 ], [ 341514.158975267899223, 6121191.202872563153505 ], [ 341512.706933375680819, 6121181.168502168729901 ], [ 341511.108973803115077, 6121171.134131774306297 ], [ 341509.342055493907537, 6121161.099761379882693 ], [ 341507.377793411316816, 6121151.065390985459089 ], [ 341505.498434516019188, 6121142.410285592079163 ], [ 341505.259816362464335, 6121141.031020591035485 ], [ 341503.523759985459037, 6121130.996650196611881 ], [ 341501.787775287113618, 6121120.9622798031196 ], [ 341500.051790588768199, 6121110.927909408695996 ], [ 341498.315805890364572, 6121100.893539013341069 ], [ 341496.579821192019153, 6121090.859168619848788 ], [ 341495.45776394486893, 6121084.373700653202832 ], [ 341494.843764815013856, 6121080.824798225425184 ], [ 341493.107780116610229, 6121070.79042783100158 ], [ 341491.37179541826481, 6121060.756057436577976 ], [ 341489.635810719919391, 6121050.721687042154372 ], [ 341487.899826021515764, 6121040.687316647730768 ], [ 341486.163841323170345, 6121030.652946253307164 ], [ 341485.417093373718672, 6121026.336758360266685 ], [ 341484.042210341605823, 6121020.61857585888356 ], [ 341481.742295897798613, 6121010.584205464459956 ], [ 341479.575194067787379, 6121000.549835070036352 ], [ 341477.529734888928942, 6120990.515464674681425 ], [ 341475.59604278311599, 6120980.481094281189144 ], [ 341475.376422802568413, 6120979.305748010054231 ], [ 341474.898378410784062, 6120980.481094282120466 ], [ 341470.81732792413095, 6120990.515464674681425 ], [ 341466.736084288277198, 6121000.549835070036352 ], [ 341465.335752231476363, 6121003.992768593132496 ], [ 341462.654840652365237, 6121010.584205464459956 ], [ 341458.573790165712126, 6121020.61857585888356 ], [ 341455.295081660267897, 6121028.679789178073406 ], [ 341454.492546529800165, 6121030.652946253307164 ], [ 341450.411302893946413, 6121040.687316647730768 ], [ 341446.330252407293301, 6121050.721687042154372 ], [ 341445.254411089175846, 6121053.366809763014317 ], [ 341442.249008771381341, 6121060.756057436577976 ], [ 341438.167765135527588, 6121070.790427831932902 ], [ 341435.213740518025588, 6121078.05369920283556 ], [ 341430.999287744343746, 6121070.79042783100158 ], [ 341425.173069946933538, 6121068.055216160602868 ], [ 341422.06838638096815, 6121060.756057436577976 ], [ 341418.48884966870537, 6121050.721687042154372 ], [ 341415.13239937578328, 6121043.138557381927967 ], [ 341414.030717614048626, 6121040.687316647730768 ], [ 341409.515966832637787, 6121030.652946252375841 ], [ 341405.322188840131275, 6121020.61857585888356 ], [ 341405.091728804633021, 6121020.044860431924462 ], [ 341400.397350179497153, 6121010.584205464459956 ], [ 341395.838434301665984, 6121000.549835070036352 ], [ 341395.051058233482763, 6120998.723778666928411 ], [ 341390.738449805066921, 6120990.515464675612748 ], [ 341385.540949259826448, 6120980.481094281189144 ], [ 341385.010387662390713, 6120979.442206519655883 ], [ 341380.202768792980351, 6120970.44672388676554 ], [ 341374.969717091240454, 6120960.655064485035837 ], [ 341374.84000160638243, 6120960.412353492341936 ], [ 341369.477152205770835, 6120950.377983096987009 ], [ 341364.929046520090196, 6120941.868072720244527 ], [ 341364.149224686843809, 6120940.343612703494728 ], [ 341358.976097779464908, 6120930.309242308139801 ], [ 341354.888375948939938, 6120922.475535288453102 ], [ 341353.896621536870953, 6120920.274871915578842 ], [ 341349.374484749569092, 6120910.240501521155238 ], [ 341344.852341057092417, 6120900.206131126731634 ], [ 341344.847705377847888, 6120900.195844739675522 ], [ 341340.730250062420964, 6120890.17176073230803 ], [ 341336.642771010170691, 6120880.137390337884426 ], [ 341334.807034806697629, 6120875.603509443812072 ], [ 341332.609368141740561, 6120870.103019943460822 ], [ 341328.60019491717685, 6120860.068649549037218 ], [ 341324.766364235547371, 6120850.473102771677077 ], [ 341324.591036560595967, 6120850.034279154613614 ], [ 341320.581902224686928, 6120839.99990876019001 ], [ 341316.572767888661474, 6120829.965538365766406 ], [ 341314.725693664397113, 6120825.342538645491004 ], [ 341312.472933733661193, 6120819.931167971342802 ], [ 341306.830208243918605, 6120809.896797575987875 ], [ 341304.685023093246855, 6120807.19507646933198 ], [ 341294.644352522154804, 6120802.647028577513993 ], [ 341288.545980061055161, 6120799.862427182495594 ], [ 341284.603681951004546, 6120797.362882709130645 ], [ 341275.924382529046852, 6120789.82805678807199 ], [ 341274.563011379854288, 6120788.646199344657362 ], [ 341264.52234080870403, 6120779.929517439566553 ], [ 341264.365877973032184, 6120779.793686393648386 ], [ 341254.481670237611979, 6120771.212848220951855 ], [ 341252.807356593781151, 6120769.759315999224782 ], [ 341244.440999666461721, 6120762.496179002337158 ], [ 341241.24883521447191, 6120759.724945604801178 ], [ 341234.400329095311463, 6120753.77950978372246 ], [ 341229.690372038865462, 6120749.690575210377574 ], [ 341224.359658524161205, 6120745.062782526016235 ], [ 341219.554622694326099, 6120739.65620481595397 ], [ 341214.318987953069154, 6120731.15587565023452 ], [ 341213.754452258348465, 6120729.621834421530366 ], [ 341210.061691009555943, 6120719.587464027106762 ], [ 341206.368929760763422, 6120709.55309363361448 ], [ 341204.278317381918896, 6120703.872255489230156 ], [ 341202.676168512029108, 6120699.518723239190876 ], [ 341199.141595303663053, 6120689.484352845698595 ], [ 341196.123660632991232, 6120679.449982450343668 ], [ 341194.237646810768638, 6120673.126328261569142 ], [ 341193.29858960484853, 6120669.415612055920064 ], [ 341193.2389218081953, 6120659.38124166149646 ], [ 341194.237646810768638, 6120651.645964194089174 ], [ 341194.534489632467739, 6120649.346871267072856 ], [ 341195.830017590662464, 6120639.31250087171793 ], [ 341197.125557015184313, 6120629.278130478225648 ], [ 341198.421113373129629, 6120619.243760083802044 ], [ 341199.716641331324354, 6120609.20938968937844 ], [ 341201.012196187570225, 6120599.175019294954836 ], [ 341202.307737113791518, 6120589.140648900531232 ], [ 341203.603265071986243, 6120579.106278506107628 ], [ 341204.278317381860688, 6120573.877895409241319 ], [ 341205.257460788707249, 6120569.071908111684024 ], [ 341208.273604161804542, 6120559.03753771726042 ], [ 341214.147355699911714, 6120549.003167322836816 ], [ 341214.318987953069154, 6120548.806061860173941 ], [ 341215.381288169824984, 6120549.003167322836816 ], [ 341224.359658524161205, 6120550.669067240320146 ], [ 341234.400329095311463, 6120550.643426124937832 ], [ 341244.440999666461721, 6120551.520422782748938 ], [ 341249.86608576704748, 6120549.003167322836816 ], [ 341254.481670237611979, 6120540.471449822187424 ], [ 341254.870867846533656, 6120538.968796929344535 ], [ 341257.41587239888031, 6120528.934426534920931 ], [ 341258.417240612441674, 6120518.900056140497327 ], [ 341259.525512587453704, 6120508.865685746073723 ], [ 341261.990566544816829, 6120498.831315351650119 ], [ 341264.522340808762237, 6120489.430752295069396 ], [ 341264.69303878681967, 6120488.796944957226515 ], [ 341267.395430063013919, 6120478.762574562802911 ], [ 341270.097869850345887, 6120468.728204168379307 ], [ 341273.995802454184741, 6120458.693833773955703 ], [ 341274.563011379854288, 6120457.818018338643014 ], [ 341280.494414172309916, 6120448.659463379532099 ], [ 341284.603681951004546, 6120442.314428973942995 ], [ 341286.993055919068865, 6120438.625092985108495 ], [ 341293.491637608618475, 6120428.590722590684891 ], [ 341294.644352522154804, 6120426.810839609242976 ], [ 341299.990249326801859, 6120418.556352196261287 ], [ 341304.685023093246855, 6120411.065657148137689 ], [ 341306.306303361081518, 6120408.521981802769005 ], [ 341312.128488397574984, 6120398.487611407414079 ], [ 341314.725693664397113, 6120394.011401964351535 ], [ 341318.700992476893589, 6120388.453241012990475 ], [ 341324.766364235547371, 6120380.604562900960445 ], [ 341326.590294696507044, 6120378.418870618566871 ], [ 341334.807034806697629, 6120368.572406715713441 ], [ 341334.963840216281824, 6120368.384500223211944 ], [ 341343.337385735940188, 6120358.350129829719663 ], [ 341344.847705377847888, 6120356.499903502874076 ], [ 341351.561570189660415, 6120348.315759435296059 ], [ 341354.888375948939938, 6120343.71104977838695 ], [ 341358.811258559464477, 6120338.281389040872455 ], [ 341364.929046520090196, 6120329.813760414719582 ], [ 341366.060984454932623, 6120328.247018646448851 ], [ 341371.288771778985392, 6120318.212648252025247 ], [ 341373.806972949532792, 6120308.178277858532965 ], [ 341374.699862326262519, 6120298.143907464109361 ], [ 341374.64786750060739, 6120288.109537068754435 ], [ 341374.595872674952261, 6120278.075166675262153 ], [ 341371.111113055725582, 6120268.040796280838549 ], [ 341365.293507296708412, 6120258.006425885483623 ], [ 341364.929046520090196, 6120257.377789792604744 ], [ 341359.475937377312221, 6120247.972055491060019 ], [ 341354.88837594888173, 6120240.059251483529806 ], [ 341352.522689354897011, 6120237.937685097567737 ], [ 341344.847705377847888, 6120231.479385485872626 ], [ 341338.442212288558949, 6120227.903314702212811 ], [ 341334.807034806697629, 6120225.85975193977356 ], [ 341324.766364235547371, 6120220.199022826738656 ], [ 341320.592754319601227, 6120217.868944308720529 ], [ 341314.725693664397113, 6120214.570660255849361 ], [ 341304.685023093246855, 6120208.918563026934862 ], [ 341302.743341948313173, 6120207.834573914296925 ], [ 341294.644352522096597, 6120202.918075429275632 ], [ 341292.610019454616122, 6120197.800203519873321 ], [ 341294.644352522154804, 6120190.788802718743682 ], [ 341295.878293235204183, 6120187.76583312638104 ], [ 341304.685023093246855, 6120183.39392352476716 ], [ 341314.725693664397113, 6120179.573940661735833 ], [ 341324.766364235547371, 6120177.981383293867111 ], [ 341325.949017610924784, 6120177.731462731026113 ], [ 341334.807034806697629, 6120176.433651108294725 ], [ 341344.847705377847888, 6120173.874763237312436 ], [ 341353.318900147336535, 6120167.697092336602509 ], [ 341354.888375948939938, 6120166.193684926256537 ], [ 341362.775571041856892, 6120157.662721942178905 ], [ 341364.929046520090196, 6120150.426005174405873 ], [ 341366.198876216076314, 6120147.628351547755301 ], [ 341370.753386247670278, 6120137.593981153331697 ], [ 341374.969717091298662, 6120128.304677782580256 ], [ 341375.307899881445337, 6120127.559610758908093 ], [ 341379.862513261847198, 6120117.525240365415812 ], [ 341380.761045731313061, 6120107.490869970060885 ], [ 341377.473681428353302, 6120097.456499576568604 ], [ 341375.50649595761206, 6120087.422129182145 ], [ 341374.969717091298662, 6120082.793421352282166 ], [ 341374.342836862429976, 6120077.387758787721395 ], [ 341371.148404226754792, 6120067.353388393297791 ], [ 341364.929046520090196, 6120059.157420285046101 ], [ 341363.596115533960983, 6120057.319017998874187 ], [ 341355.873697304632515, 6120047.284647604450583 ], [ 341354.888375948939938, 6120046.004340373910964 ], [ 341348.151224466215353, 6120037.250277210026979 ], [ 341344.847705377847888, 6120032.957740627229214 ], [ 341340.42881290439982, 6120027.215906815603375 ], [ 341334.807034806697629, 6120019.91112812794745 ], [ 341332.706347613537218, 6120017.181536421179771 ], [ 341324.98392183665419, 6120007.147166026756167 ], [ 341324.766364235605579, 6120006.864477863535285 ], [ 341317.261493115336634, 6119997.112795632332563 ], [ 341314.725693664397113, 6119993.817827597260475 ], [ 341309.539030768792145, 6119987.078425237908959 ], [ 341304.685023093246855, 6119980.771210124716163 ], [ 341301.816619207034819, 6119977.044054843485355 ], [ 341294.644352522154804, 6119967.72453335672617 ], [ 341294.094207645277493, 6119967.009684449061751 ], [ 341286.371728139230981, 6119956.975314054638147 ], [ 341284.603681951004546, 6119954.677944873459637 ], [ 341278.649316577415448, 6119946.940943660214543 ], [ 341274.563011379854288, 6119941.631314821541309 ], [ 341270.92686167685315, 6119936.906573265790939 ], [ 341264.52234080870403, 6119928.5846645552665 ], [ 341263.20442550961161, 6119926.872202871367335 ], [ 341255.482013947912492, 6119916.837832476943731 ], [ 341254.481670237611979, 6119915.538014289923012 ], [ 341247.759534441865981, 6119906.803462082520127 ], [ 341244.440999666461721, 6119902.491414371877909 ], [ 341239.603949305717833, 6119896.769091689027846 ], [ 341234.400329095311463, 6119889.801866933703423 ], [ 341230.875691340246703, 6119886.734721294604242 ], [ 341224.359658524161205, 6119878.139544673264027 ], [ 341221.820159155875444, 6119876.700350900180638 ], [ 341214.318987953069154, 6119871.892000939697027 ], [ 341204.278317381918896, 6119866.725733229890466 ], [ 341204.240660190815106, 6119866.665980505757034 ], [ 341195.664127339958213, 6119856.63161011133343 ], [ 341194.237646810768638, 6119855.420038970187306 ], [ 341185.244790420809295, 6119846.597239717841148 ], [ 341184.19697623961838, 6119843.93174990080297 ], [ 341181.314565066015348, 6119836.562869322486222 ], [ 341177.339911516755819, 6119826.528498928062618 ], [ 341174.156305668526329, 6119817.400069111026824 ], [ 341173.824665458290838, 6119816.494128533639014 ], [ 341171.40116282197414, 6119806.45975813921541 ], [ 341168.99013961199671, 6119796.425387743860483 ], [ 341166.579253011615947, 6119786.391017351299524 ], [ 341164.168229801638518, 6119776.356646955013275 ], [ 341164.115635097376071, 6119776.13774211704731 ], [ 341161.757343201315962, 6119766.322276560589671 ], [ 341159.346384880016558, 6119756.28790616709739 ], [ 341156.932828228047583, 6119746.253535772673786 ], [ 341154.496717557543889, 6119736.219165379181504 ], [ 341154.074964526225813, 6119734.348524024710059 ], [ 341152.113523580599576, 6119726.184794983826578 ], [ 341149.403076738701202, 6119716.150424589402974 ], [ 341146.941198471817188, 6119706.11605419497937 ], [ 341144.37252393795643, 6119696.081683801487088 ], [ 341144.034293955075555, 6119694.818431441672146 ], [ 341141.625138166651595, 6119686.047313407063484 ], [ 341138.999271438689902, 6119676.01294301263988 ], [ 341136.312647208571434, 6119665.978572618216276 ], [ 341133.993623383983504, 6119657.317552842199802 ], [ 341133.625903082545847, 6119655.944202223792672 ], [ 341130.939278852369171, 6119645.909831829369068 ], [ 341128.252654622192495, 6119635.875461434945464 ], [ 341125.566030391957611, 6119625.84109104052186 ], [ 341123.952952812833246, 6119619.816617869772017 ], [ 341122.879286266048439, 6119615.806720646098256 ], [ 341120.192662035813555, 6119605.772350251674652 ], [ 341117.506037805578671, 6119595.737979857251048 ], [ 341114.819413575401995, 6119585.703609462827444 ], [ 341113.912282241682988, 6119582.315682897344232 ], [ 341112.132669449376408, 6119575.66923906840384 ], [ 341109.446045219199732, 6119565.634868673980236 ], [ 341106.759420989023056, 6119555.600498279556632 ], [ 341104.07279675884638, 6119545.566127885133028 ], [ 341103.871611670532729, 6119544.81471439357847 ], [ 341101.386142849572934, 6119535.531757490709424 ], [ 341098.699428402702324, 6119525.49738709628582 ], [ 341096.012804172525648, 6119515.463016701862216 ], [ 341093.830941099440679, 6119507.313897082582116 ], [ 341093.326179942290764, 6119505.428646307438612 ], [ 341090.63951760326745, 6119495.394275913946331 ], [ 341087.952811586088501, 6119485.359905518591404 ], [ 341085.266187355970033, 6119475.325535126030445 ], [ 341083.790270528290421, 6119469.813079771585763 ], [ 341082.579563125735149, 6119465.291164731606841 ], [ 341079.89289235684555, 6119455.256794336251915 ], [ 341077.206194769532885, 6119445.222423940896988 ], [ 341074.519570539356209, 6119435.188053547404706 ], [ 341073.749599957140163, 6119432.312262460589409 ], [ 341071.832946309179533, 6119425.153683152981102 ], [ 341069.146267110481858, 6119415.119312758557498 ], [ 341066.45957795297727, 6119405.084942363202572 ], [ 341063.772953722800594, 6119395.05057196971029 ], [ 341063.708929385989904, 6119394.811445149593055 ], [ 341061.086329492623918, 6119385.016201575286686 ], [ 341058.399641864118166, 6119374.981831180863082 ], [ 341055.712961136421654, 6119364.947460787370801 ], [ 341053.668258814839646, 6119357.310627838596702 ], [ 341053.026336906186771, 6119354.913090392015874 ], [ 341050.339712676010095, 6119344.87871999759227 ], [ 341047.653016617754474, 6119334.844349603168666 ], [ 341044.966344319924247, 6119324.809979208745062 ], [ 341043.627588243747596, 6119319.809810526669025 ], [ 341042.27972008974757, 6119314.775608814321458 ], [ 341039.525100723316427, 6119304.741238419897854 ], [ 341036.523103467538022, 6119294.70686802547425 ], [ 341033.586917672597338, 6119285.604072564281523 ], [ 341033.279360926593654, 6119284.672497631981969 ], [ 341029.966542817710433, 6119274.638127237558365 ], [ 341026.65372470888542, 6119264.603756843134761 ], [ 341023.546247101447079, 6119255.191353179514408 ], [ 341023.340906600002199, 6119254.569386448711157 ], [ 341020.028088491118979, 6119244.535016054287553 ], [ 341016.715270382235758, 6119234.500645659863949 ], [ 341013.505576530296821, 6119224.778633794747293 ], [ 341013.402452273410745, 6119224.466275265440345 ], [ 341010.089634164585732, 6119214.431904871016741 ], [ 341006.776816055760719, 6119204.397534476593137 ], [ 341003.464905959204771, 6119194.365914408117533 ], [ 341003.463997946877498, 6119194.363164082169533 ], [ 341000.151179837994277, 6119184.328793687745929 ], [ 340996.838361729169264, 6119174.294423293322325 ], [ 340993.525543620286044, 6119164.260052898898721 ], [ 340993.424235388054512, 6119163.928489044308662 ], [ 340990.604453054082114, 6119154.225682504475117 ], [ 340989.044077085214667, 6119144.191312110051513 ], [ 340983.383564816904254, 6119140.601728225126863 ], [ 340973.342894245753996, 6119140.217393337748945 ], [ 340963.302223674661946, 6119139.708963399752975 ], [ 340953.261553103511687, 6119139.219033816829324 ], [ 340943.220882532361429, 6119138.785182022489607 ], [ 340933.180211961211171, 6119138.385443102568388 ], [ 340923.13954139011912, 6119137.985704181715846 ], [ 340913.098870818968862, 6119139.386007659137249 ], [ 340903.058200247818604, 6119141.358166864141822 ], [ 340893.017529676668346, 6119143.330378193408251 ], [ 340888.634527952061035, 6119144.191312110051513 ], [ 340882.976859105634503, 6119145.227298845537007 ], [ 340872.936188534426037, 6119146.693978717550635 ], [ 340862.895517963275779, 6119147.434240183793008 ], [ 340852.854847392125521, 6119148.174604265019298 ], [ 340842.81417682103347, 6119148.914865732192993 ], [ 340832.773506249883212, 6119149.65522981248796 ], [ 340822.732835678732954, 6119150.220570223405957 ], [ 340812.692165107582696, 6119149.846756513230503 ], [ 340802.651494536490645, 6119149.302446007728577 ], [ 340792.610823965340387, 6119148.758135500364006 ], [ 340782.570153394190129, 6119148.211364284157753 ], [ 340772.529482823039871, 6119147.584880165755749 ], [ 340763.812716523301788, 6119144.191312110051513 ], [ 340762.48881225194782, 6119143.529103797860444 ], [ 340752.708376149763353, 6119134.156941715627909 ], [ 340752.448141680797562, 6119133.907567410729825 ], [ 340742.407471109647304, 6119124.285916400142014 ], [ 340742.239860051078722, 6119124.122571321204305 ], [ 340735.319950451375917, 6119114.088200926780701 ], [ 340732.366800538497046, 6119105.711842288263142 ], [ 340731.603715194447432, 6119104.053830532357097 ], [ 340722.326129967346787, 6119095.504355357028544 ], [ 340720.714774689404294, 6119094.019460137933493 ], [ 340712.285459396254737, 6119084.813336774706841 ], [ 340711.573560866701882, 6119083.985089743509889 ], [ 340706.432647896872368, 6119073.950719349086285 ], [ 340704.075603324978147, 6119063.916348954662681 ], [ 340702.244788825046271, 6119056.122011065483093 ], [ 340701.71863300394034, 6119053.881978561170399 ], [ 340698.509127879689913, 6119043.847608166746795 ], [ 340692.204118253954221, 6119037.262295806780457 ], [ 340686.743945342139341, 6119033.813237773254514 ], [ 340682.163447682745755, 6119031.08080842345953 ], [ 340677.77499913511565, 6119033.813237772323191 ], [ 340672.122777111711912, 6119037.160050510428846 ], [ 340662.082106540561654, 6119043.105378311127424 ], [ 340660.741810575069394, 6119043.847608166746795 ], [ 340652.041435969411395, 6119047.995302280411124 ], [ 340642.000765398261137, 6119051.767985759302974 ], [ 340631.960094827169087, 6119053.804780571721494 ], [ 340631.537441467924509, 6119053.881978561170399 ], [ 340621.919424256018829, 6119055.673593677580357 ], [ 340611.87875368486857, 6119055.069214665330946 ], [ 340601.838083113718312, 6119057.950327126309276 ], [ 340591.797412542626262, 6119060.260485212318599 ], [ 340581.756741971534211, 6119062.053391503170133 ], [ 340571.716071400383953, 6119063.850409250706434 ], [ 340571.267084029794205, 6119063.916348955594003 ], [ 340561.675400829175487, 6119065.488175551407039 ], [ 340551.634730258083437, 6119065.971326844766736 ], [ 340541.594059686933178, 6119066.454621652141213 ], [ 340531.55338911578292, 6119066.937821540981531 ], [ 340521.512718544632662, 6119067.421097844839096 ], [ 340511.472047973540612, 6119067.904316237196326 ], [ 340501.431377402390353, 6119068.387574037536979 ], [ 340491.390706831240095, 6119068.870810933411121 ], [ 340481.350036260089837, 6119069.354050230234861 ], [ 340471.309365688939579, 6119069.837305628694594 ], [ 340461.268695117789321, 6119070.320456922985613 ], [ 340451.22802454669727, 6119070.803668467327952 ], [ 340441.187353975547012, 6119071.286951619200408 ], [ 340431.146683404396754, 6119071.770144660957158 ], [ 340421.106012833304703, 6119072.253446315415204 ], [ 340411.065342262154445, 6119072.736620852723718 ], [ 340401.024671691004187, 6119073.219941010698676 ], [ 340390.984001119853929, 6119073.703092304989696 ], [ 340385.839953279588372, 6119073.950719350017607 ], [ 340380.943330548761878, 6119074.186431193724275 ], [ 340370.90265997761162, 6119074.669587001204491 ], [ 340360.861989406461362, 6119075.15273829549551 ], [ 340350.821318835311104, 6119075.636049430817366 ], [ 340340.780648264219053, 6119076.119232990778983 ], [ 340330.739977693068795, 6119076.602525624446571 ], [ 340320.699307121918537, 6119077.085727686993778 ], [ 340310.658636550768279, 6119077.089219929650426 ], [ 340300.617965979676228, 6119077.070205166004598 ], [ 340290.57729540852597, 6119077.055409617722034 ], [ 340280.536624837375712, 6119077.043493503704667 ], [ 340270.495954266225453, 6119077.033720413222909 ], [ 340260.455283695133403, 6119076.493636536411941 ], [ 340250.414613123983145, 6119075.867522339336574 ], [ 340240.373942552832887, 6119075.241302771493793 ], [ 340230.333271981682628, 6119074.615188574418426 ], [ 340220.292601410590578, 6119073.989074377343059 ], [ 340219.677625121199526, 6119073.950719350017607 ], [ 340210.25193083944032, 6119073.362854808568954 ], [ 340200.211260268290062, 6119072.736740611493587 ], [ 340190.170589697139803, 6119072.110626414418221 ], [ 340180.129919126047753, 6119071.484406845644116 ], [ 340170.089248554897495, 6119070.858292648568749 ], [ 340160.048577983747236, 6119070.232178451493382 ], [ 340150.007907412596978, 6119069.605958883650601 ], [ 340139.96723684144672, 6119068.979844686575234 ], [ 340129.92656627035467, 6119068.353730488568544 ], [ 340119.885895699204411, 6119067.727510921657085 ], [ 340109.845225128054153, 6119067.101396723650396 ], [ 340099.804554556903895, 6119066.475282525643706 ], [ 340089.763883985811844, 6119065.849062958732247 ], [ 340079.723213414661586, 6119065.22294876165688 ], [ 340069.682542843511328, 6119064.596834564581513 ], [ 340059.64187227236107, 6119063.970614995807409 ], [ 340058.771635762124788, 6119063.916348955594003 ], [ 340049.601201701269019, 6119063.34450079780072 ], [ 340039.560531130118761, 6119062.718386601656675 ], [ 340029.519860558968503, 6119062.092167032882571 ], [ 340019.479189987818245, 6119061.466052835807204 ], [ 340009.438519416726194, 6119060.839833267964423 ], [ 339999.397848845575936, 6119060.213719070889056 ], [ 339989.357178274425678, 6119059.587604873813689 ], [ 339979.31650770327542, 6119058.961385305970907 ], [ 339969.275837132183369, 6119058.33527110889554 ], [ 339959.235166561033111, 6119057.709156911820173 ], [ 339949.194495989882853, 6119057.082937343046069 ], [ 339939.153825418732595, 6119056.456823145970702 ], [ 339929.113154847640544, 6119055.830708948895335 ], [ 339919.072484276490286, 6119055.204489380121231 ], [ 339909.031813705340028, 6119054.578375183045864 ], [ 339898.99114313418977, 6119053.952260985970497 ], [ 339897.864249768725131, 6119053.881978561170399 ], [ 339888.950472563039511, 6119053.326041418127716 ], [ 339878.909801991947461, 6119052.699927221052349 ], [ 339868.869131420797203, 6119052.073813023976982 ], [ 339858.828460849646945, 6119051.4475934561342 ], [ 339848.787790278496686, 6119050.821479259058833 ], [ 339838.747119707404636, 6119050.195365061983466 ], [ 339828.706449136254378, 6119049.569145493209362 ], [ 339818.665778565104119, 6119048.943031296133995 ], [ 339808.625107993953861, 6119048.316917099058628 ], [ 339798.584437422861811, 6119047.690697530284524 ], [ 339788.543766851711553, 6119047.064583333209157 ], [ 339778.503096280561294, 6119046.43846913613379 ], [ 339768.462425709411036, 6119045.812249567359686 ], [ 339758.421755138318986, 6119045.186135371215641 ], [ 339748.381084567168728, 6119044.559915802441537 ], [ 339738.340413996018469, 6119043.93380160536617 ], [ 339736.95817425736459, 6119043.847608166746795 ], [ 339728.299743424868211, 6119043.307687407359481 ], [ 339718.259072853776161, 6119042.681467840448022 ], [ 339708.218402282625902, 6119042.055353643372655 ], [ 339698.177731711475644, 6119041.429239445365965 ], [ 339688.137061140325386, 6119040.803019877523184 ], [ 339678.096390569233336, 6119040.176905680447817 ], [ 339668.055719998083077, 6119039.55079148337245 ], [ 339658.015049426932819, 6119038.924571915529668 ], [ 339647.974378855782561, 6119038.298457717522979 ], [ 339637.93370828469051, 6119037.672343520447612 ], [ 339627.893037713540252, 6119037.04612395260483 ], [ 339617.852367142389994, 6119036.420009756460786 ], [ 339607.811696571239736, 6119035.793895558454096 ], [ 339597.771026000089478, 6119035.167675990611315 ], [ 339587.730355428997427, 6119034.541561792604625 ], [ 339577.689684857847169, 6119033.915447595529258 ], [ 339576.050874416367151, 6119033.813237772323191 ], [ 339567.649014286696911, 6119033.289228027686477 ], [ 339557.608343715546653, 6119033.06231708265841 ], [ 339547.567673144454602, 6119032.983572959899902 ], [ 339537.527002573246136, 6119032.916586947627366 ], [ 339527.486332002212293, 6119032.849600935354829 ], [ 339517.445661431003828, 6119032.782614924013615 ], [ 339507.404990859911777, 6119032.715628911741078 ], [ 339497.364320288761519, 6119032.648642900399864 ], [ 339487.323649717553053, 6119032.581656888127327 ], [ 339477.282979146461003, 6119032.514670876786113 ], [ 339467.242308575368952, 6119032.447684864513576 ], [ 339457.201638004160486, 6119032.380698851309717 ], [ 339447.160967433068436, 6119031.600036890245974 ], [ 339437.120296861918177, 6119028.959678383544087 ], [ 339427.079626290826127, 6119026.435104086995125 ], [ 339417.038955719675869, 6119024.413643481209874 ], [ 339411.44709517294541, 6119023.778867377899587 ], [ 339406.998285148525611, 6119023.299173915758729 ], [ 339396.957614577375352, 6119023.457074432633817 ], [ 339386.91694400634151, 6119023.614979881793261 ], [ 339376.876273435074836, 6119023.772782190702856 ], [ 339376.489337077422533, 6119023.778867377899587 ], [ 339366.835602863982785, 6119023.930686078965664 ], [ 339365.078604875307065, 6119023.77886737883091 ], [ 339356.794932292832527, 6119023.064838416874409 ], [ 339346.754261721798684, 6119021.715897344052792 ], [ 339336.713591150590219, 6119018.764949068427086 ], [ 339326.67292057943996, 6119015.307375930249691 ], [ 339322.56524143088609, 6119013.744496983475983 ], [ 339316.632250008289702, 6119011.160153202712536 ], [ 339306.591579437139444, 6119005.485707972198725 ], [ 339303.941831654228736, 6119003.710126589052379 ], [ 339296.550908866047394, 6118997.849582187831402 ], [ 339291.991394981276244, 6118993.675756194628775 ], [ 339286.510238294838928, 6118984.805768182501197 ], [ 339285.829695376916789, 6118983.641385800205171 ], [ 339281.852987589896657, 6118973.607015405781567 ], [ 339276.469567723746877, 6118965.151646543294191 ], [ 339275.356793554034084, 6118963.572645011357963 ], [ 339268.801008819136769, 6118953.538274616003036 ], [ 339266.428897152596619, 6118950.140055973082781 ], [ 339256.388226581504568, 6118947.693172646686435 ], [ 339246.34755601035431, 6118950.410107856616378 ], [ 339243.094291302608326, 6118953.538274616003036 ], [ 339236.306885439145844, 6118962.680180501192808 ], [ 339235.370261836214922, 6118963.572645011357963 ], [ 339226.266214868053794, 6118969.905907984822989 ], [ 339222.179859907366335, 6118973.607015405781567 ], [ 339216.225544296961743, 6118980.432910191826522 ], [ 339213.426749853417277, 6118983.641385800205171 ], [ 339206.184873725811485, 6118991.943481820635498 ], [ 339204.673819601244759, 6118993.675756194628775 ], [ 339196.144203154661227, 6119003.453918496146798 ], [ 339195.920709547237493, 6119003.710126589052379 ], [ 339187.167599493230227, 6119013.744496983475983 ], [ 339186.103532583510969, 6119014.964344644919038 ], [ 339180.085322538914625, 6119023.778867377899587 ], [ 339176.062862012418918, 6119033.421876410022378 ], [ 339175.944408506620675, 6119033.813237772323191 ], [ 339173.005670270998962, 6119043.847608166746795 ], [ 339170.330348759482149, 6119053.881978561170399 ], [ 339167.655013146460988, 6119063.916348955594003 ], [ 339166.02219144126866, 6119070.04069659858942 ], [ 339164.979734286607709, 6119073.950719350017607 ], [ 339162.304392828955315, 6119083.985089745372534 ], [ 339159.629077162069734, 6119094.019460137933493 ], [ 339156.953798302216455, 6119104.053830532357097 ], [ 339155.981520870118402, 6119107.700624899938703 ], [ 339154.278519442304969, 6119114.088200926780701 ], [ 339151.603141177678481, 6119124.122571321204305 ], [ 339149.526258617348503, 6119134.156941715627909 ], [ 339147.746980316704139, 6119144.191312110051513 ], [ 339146.135759588447399, 6119154.225682504475117 ], [ 339145.940850298968144, 6119155.750954252667725 ], [ 339144.954880731645972, 6119164.260052898898721 ], [ 339144.597512579814065, 6119174.294423293322325 ], [ 339144.188710150541738, 6119184.328793687745929 ], [ 339143.36874247121159, 6119194.363164082169533 ], [ 339142.328147363732569, 6119204.397534476593137 ], [ 339141.287608403945342, 6119214.431904871016741 ], [ 339140.247025852440856, 6119224.466275265440345 ], [ 339139.206443300994579, 6119234.500645659863949 ], [ 339138.117054066620767, 6119244.535016054287553 ], [ 339136.99247127934359, 6119254.569386448711157 ], [ 339135.900179727876093, 6119264.149659247137606 ], [ 339135.846970227838028, 6119264.603756843134761 ], [ 339134.671179304539692, 6119274.638127237558365 ], [ 339133.495388381183147, 6119284.672497631981969 ], [ 339132.319597457768396, 6119294.706868024542928 ], [ 339131.143932922859676, 6119304.741238419897854 ], [ 339129.968141999503132, 6119314.775608814321458 ], [ 339128.792351076146588, 6119324.809979208745062 ], [ 339127.616560152790044, 6119334.844349603168666 ], [ 339126.440776546252891, 6119344.87871999759227 ], [ 339125.859509156725835, 6119348.894738572649658 ], [ 339124.866336449107621, 6119354.913090392015874 ], [ 339122.763265860732645, 6119364.947460786439478 ], [ 339120.660269892599899, 6119374.981831180863082 ], [ 339118.557229487341829, 6119385.016201574355364 ], [ 339116.454198200779501, 6119395.05057196971029 ], [ 339115.818838585575577, 6119398.082060188055038 ], [ 339114.351148676883895, 6119405.084942364133894 ], [ 339112.248201129143126, 6119415.119312758557498 ], [ 339110.145130540826358, 6119425.153683152981102 ], [ 339108.042171564302407, 6119435.188053546473384 ], [ 339105.939133469189983, 6119445.22242394182831 ], [ 339105.778168014425319, 6119445.990437627770007 ], [ 339104.062348356936127, 6119455.256794337183237 ], [ 339102.673766808700748, 6119465.291164731606841 ], [ 339102.089068055385724, 6119475.3255351241678 ], [ 339104.103960920241661, 6119485.359905518591404 ], [ 339105.778168014425319, 6119487.000930923968554 ], [ 339115.818838585575577, 6119491.998741953633726 ], [ 339125.439859650738072, 6119495.394275913946331 ], [ 339125.859509156725835, 6119495.502561536617577 ], [ 339135.900179727876093, 6119497.542865031398833 ], [ 339145.940850298968144, 6119502.758761937730014 ], [ 339149.856472339015454, 6119505.428646307438612 ], [ 339155.981520870118402, 6119509.704857736825943 ], [ 339164.058289766486268, 6119515.463016701862216 ], [ 339166.022191441326868, 6119516.678049055859447 ], [ 339176.062862012418918, 6119522.762131367810071 ], [ 339180.69240711099701, 6119525.49738709628582 ], [ 339186.103532583510969, 6119529.275761133991182 ], [ 339196.144203154661227, 6119535.40721070766449 ], [ 339196.36665783636272, 6119535.531757490709424 ], [ 339206.184873725869693, 6119543.487007525749505 ], [ 339208.950216505967546, 6119545.566127885133028 ], [ 339216.225544296961743, 6119548.92729602381587 ], [ 339226.266214868053794, 6119552.017575912177563 ], [ 339236.306885439204052, 6119555.229637787677348 ], [ 339236.998295454424806, 6119555.600498279556632 ], [ 339246.34755601035431, 6119560.34167243540287 ], [ 339255.772136007377412, 6119565.634868673980236 ], [ 339256.388226581504568, 6119565.962989940308034 ], [ 339265.75577028398402, 6119575.669239067472517 ], [ 339262.259709005244076, 6119585.703609462827444 ], [ 339256.388226581504568, 6119591.666797885671258 ], [ 339246.34755601035431, 6119591.234735140576959 ], [ 339236.306885439204052, 6119595.669073021970689 ], [ 339236.169299358094577, 6119595.737979857251048 ], [ 339226.266214868053794, 6119600.697683064267039 ], [ 339216.225544296961743, 6119605.726292694918811 ], [ 339216.133580754511058, 6119605.772350251674652 ], [ 339206.184873725811485, 6119610.754932103678584 ], [ 339196.144203154661227, 6119615.783571788109839 ], [ 339196.097981895029079, 6119615.806720645166934 ], [ 339186.103532583510969, 6119620.812211471609771 ], [ 339176.062862012418918, 6119625.840851155109704 ], [ 339176.062383035605308, 6119625.84109104052186 ], [ 339166.02219144126866, 6119630.869460787624121 ], [ 339156.026664431963582, 6119635.875461434945464 ], [ 339155.981520870118402, 6119635.898070553317666 ], [ 339145.940850298968144, 6119640.926710236817598 ], [ 339135.99106557253981, 6119645.909831829369068 ], [ 339135.900179727876093, 6119645.955349649302661 ], [ 339125.859509156725835, 6119650.983959279954433 ], [ 339115.818838585575577, 6119655.365081444382668 ], [ 339114.049870106915478, 6119655.944202223792672 ], [ 339105.778168014425319, 6119658.619860562495887 ], [ 339095.737497443333268, 6119661.867729457095265 ], [ 339085.69682687218301, 6119665.115598352625966 ], [ 339084.498590183677152, 6119665.978572619147599 ], [ 339075.656156301032752, 6119671.914350036531687 ], [ 339070.194536819122732, 6119676.01294301263988 ], [ 339065.615485729882494, 6119679.449225363321602 ], [ 339056.82307974412106, 6119686.047313407063484 ], [ 339055.574815158732235, 6119686.984049000777304 ], [ 339045.534144587698393, 6119694.518916277214885 ], [ 339043.45166013709968, 6119696.081683801487088 ], [ 339035.493474016489927, 6119702.053747963160276 ], [ 339030.080171648878604, 6119706.11605419497937 ], [ 339025.452803445339669, 6119709.588571600615978 ], [ 339016.708743146853521, 6119716.150424589402974 ], [ 339015.41213287418941, 6119717.123446926474571 ], [ 339005.37146230309736, 6119724.658270563930273 ], [ 339003.337263553636149, 6119726.184794983826578 ], [ 338997.235664176812861, 6119736.219165378250182 ], [ 338995.330791731947102, 6119738.424190202727914 ], [ 338987.082441765931435, 6119746.253535771742463 ], [ 338985.290121160796843, 6119747.908865773119032 ], [ 338976.217709176999051, 6119756.287906168028712 ], [ 338975.249450589646585, 6119757.182164257392287 ], [ 338965.369333067268599, 6119766.322276561520994 ], [ 338965.208780018554535, 6119766.476973861455917 ], [ 338955.835221758170519, 6119776.356646955944598 ], [ 338955.168109447404277, 6119777.05977925285697 ], [ 338945.127438876254018, 6119785.35702064819634 ], [ 338941.815780158038251, 6119786.391017350368202 ], [ 338935.086768305045553, 6119787.94258622918278 ], [ 338925.04609773401171, 6119790.257732901722193 ], [ 338915.005427162861452, 6119792.572887480258942 ], [ 338904.964756591711193, 6119793.929453260265291 ], [ 338894.924086020560935, 6119793.013666249811649 ], [ 338884.883415449468885, 6119792.097879238426685 ], [ 338874.842744878318626, 6119791.182092228904366 ], [ 338864.802074307168368, 6119790.266262883320451 ], [ 338854.76140373601811, 6119789.182383050210774 ], [ 338844.72073316492606, 6119788.08737551420927 ], [ 338834.680062593775801, 6119787.084747722372413 ], [ 338827.732556061411742, 6119786.391017349436879 ], [ 338824.639392022625543, 6119785.963932969607413 ], [ 338814.598721451417077, 6119785.744024350307882 ], [ 338804.558050880383234, 6119786.228240624070168 ], [ 338794.517380309232976, 6119777.614485327154398 ], [ 338793.053231065743603, 6119776.356646955944598 ], [ 338784.476709738082718, 6119769.561966624110937 ], [ 338780.433020043536089, 6119766.322276561520994 ], [ 338774.43603916693246, 6119761.564407250843942 ], [ 338767.785357101762202, 6119756.28790616709739 ], [ 338764.395368595782202, 6119753.598324244841933 ], [ 338755.137889469566289, 6119746.253535772673786 ], [ 338754.354698024690151, 6119745.632169351913035 ], [ 338744.314027453539893, 6119737.666127880103886 ], [ 338742.490226527734194, 6119736.219165378250182 ], [ 338734.273356882389635, 6119729.700086408294737 ], [ 338729.842563585960306, 6119726.184794983826578 ], [ 338724.232686311239377, 6119721.733976204879582 ], [ 338717.195095953764394, 6119716.150424589402974 ], [ 338714.192015740089118, 6119713.76784850936383 ], [ 338704.547433011990506, 6119706.11605419497937 ], [ 338704.151345168997068, 6119705.801807037554681 ], [ 338694.11067459784681, 6119697.835765566676855 ], [ 338684.070004026754759, 6119704.562335701659322 ], [ 338682.288570833334234, 6119706.116054195910692 ], [ 338674.029333455604501, 6119713.31954063475132 ], [ 338670.691874803509563, 6119716.150424589402974 ], [ 338663.988662884454243, 6119721.975734939798713 ], [ 338658.675232948909979, 6119726.184794983826578 ], [ 338653.947992313303985, 6119730.177809637971222 ], [ 338647.547382675111294, 6119736.219165378250182 ], [ 338643.907321742153727, 6119741.063177498057485 ], [ 338640.523790376842953, 6119746.253535772673786 ], [ 338643.907321742153727, 6119750.809915762394667 ], [ 338646.879300642642193, 6119756.287906166166067 ], [ 338653.947992313303985, 6119766.063808411359787 ], [ 338653.999629534489941, 6119766.322276561520994 ], [ 338654.203195906477049, 6119776.356646955944598 ], [ 338653.947992313303985, 6119777.069716233760118 ], [ 338649.845055029669311, 6119786.391017349436879 ], [ 338647.412651988561265, 6119796.425387744791806 ], [ 338643.907321742153727, 6119801.418002473190427 ], [ 338633.866651171061676, 6119805.938325839117169 ], [ 338632.598160341614857, 6119806.45975813921541 ], [ 338623.825980599911418, 6119810.073522884398699 ], [ 338613.785310028819367, 6119814.08288043923676 ], [ 338607.440002712712158, 6119816.494128533639014 ], [ 338603.744639457610901, 6119817.902448793873191 ], [ 338593.703968886518851, 6119820.191491086967289 ], [ 338588.6124360425747, 6119826.528498928062618 ], [ 338583.663298315368593, 6119832.836221606470644 ], [ 338573.622627744218335, 6119831.07120153773576 ], [ 338563.581957173068076, 6119829.367790516465902 ], [ 338553.541286601976026, 6119830.402276195585728 ], [ 338543.500616030825768, 6119835.646932108327746 ], [ 338541.747093209414743, 6119836.562869322486222 ], [ 338533.459945459675509, 6119840.891650207340717 ], [ 338523.419274888467044, 6119846.1363814631477 ], [ 338522.536994048161432, 6119846.597239717841148 ], [ 338513.378604317433201, 6119851.381112720817327 ], [ 338503.337933746282943, 6119856.625843977555633 ], [ 338503.326894886849914, 6119856.63161011133343 ], [ 338493.297263175132684, 6119861.870575234293938 ], [ 338484.116795725480188, 6119866.665980505757034 ], [ 338483.256592603982426, 6119867.115306491032243 ], [ 338473.215922032832168, 6119872.360037747770548 ], [ 338464.906696564168669, 6119876.700350900180638 ], [ 338463.175251461740118, 6119877.604756011627614 ], [ 338453.134580890589859, 6119883.922259255312383 ], [ 338449.501372634898871, 6119886.734721294604242 ], [ 338443.093910319439601, 6119891.692844212055206 ], [ 338437.148872232879512, 6119896.769091689027846 ], [ 338433.053239748289343, 6119900.266200330108404 ], [ 338425.397011241642758, 6119906.803462082520127 ], [ 338423.012569177197292, 6119908.839415149763227 ], [ 338413.645082749135327, 6119916.837832476943731 ], [ 338412.971898606047034, 6119917.412629969418049 ], [ 338402.931228034896776, 6119925.985986087471247 ], [ 338401.893319739494473, 6119926.872202871367335 ], [ 338392.890557463746518, 6119934.559200907126069 ], [ 338390.141436556004919, 6119936.906573266722262 ], [ 338382.849886892654467, 6119943.132469356991351 ], [ 338378.389536266797222, 6119946.940943660214543 ], [ 338372.809216321504209, 6119951.705771845765412 ], [ 338366.637699745013379, 6119956.975314054638147 ], [ 338362.768545750353951, 6119960.278986666351557 ], [ 338354.885901168396231, 6119967.009684449061751 ], [ 338352.727875179203693, 6119968.852316837757826 ], [ 338343.134000879130326, 6119977.044054843485355 ], [ 338342.687204608111642, 6119977.425557604059577 ], [ 338332.646534036903176, 6119985.998772424645722 ], [ 338331.382100589922629, 6119987.078425237908959 ], [ 338322.605863465811126, 6119994.57212854269892 ], [ 338319.630316740833223, 6119997.112795633263886 ], [ 338312.565192894660868, 6120003.145343363285065 ], [ 338307.878388248383999, 6120007.147166026756167 ], [ 338302.524522323568817, 6120011.718558182939887 ], [ 338296.126565202255733, 6120017.181536421179771 ], [ 338292.483851752418559, 6120020.291914300993085 ], [ 338284.374696746293921, 6120027.215906815603375 ], [ 338282.443181181268301, 6120028.86512912157923 ], [ 338272.622768253786489, 6120037.250277210026979 ], [ 338272.402510610118043, 6120037.442396474070847 ], [ 338262.361840039025992, 6120046.01170005928725 ], [ 338260.871005244203843, 6120047.284647604450583 ], [ 338252.321169467875734, 6120056.619441453367472 ], [ 338251.516502667684108, 6120057.319017998874187 ], [ 338244.760473904199898, 6120067.353388393297791 ], [ 338242.280498896725476, 6120069.508227225393057 ], [ 338232.239828325575218, 6120076.679981235414743 ], [ 338231.023064063047059, 6120077.387758788652718 ], [ 338222.199157754483167, 6120082.312272721901536 ], [ 338212.521511428116355, 6120087.422129182145 ], [ 338212.158487183332909, 6120087.612135082483292 ], [ 338202.117816612182651, 6120095.188501995056868 ], [ 338199.125682448386215, 6120097.456499576568604 ], [ 338192.077146041032393, 6120102.861413169652224 ], [ 338186.147474694764242, 6120107.490869970060885 ], [ 338182.036475469882134, 6120111.265195962041616 ], [ 338176.619693364482373, 6120117.525240364484489 ], [ 338171.995804898790084, 6120123.9618309289217 ], [ 338169.55251709499862, 6120127.559610758908093 ], [ 338162.738077091402374, 6120137.593981153331697 ], [ 338161.955134327639826, 6120138.746876723133028 ], [ 338155.923637087864336, 6120147.628351547755301 ], [ 338151.914463756489567, 6120152.72314577549696 ], [ 338147.967109292978421, 6120157.662721941247582 ], [ 338141.873793185339309, 6120165.242539615370333 ], [ 338139.551817460684106, 6120167.697092335671186 ], [ 338131.833122614247259, 6120172.378091292455792 ], [ 338121.792452043097001, 6120171.770678084343672 ], [ 338111.751781471946742, 6120173.16835979744792 ], [ 338106.219910044572316, 6120177.731462731026113 ], [ 338101.711110900796484, 6120181.104562141001225 ], [ 338092.044221615476999, 6120187.765833125449717 ], [ 338093.539012442459352, 6120197.800203518941998 ], [ 338100.435025445185602, 6120207.834573914296925 ], [ 338101.711110900796484, 6120209.667774190194905 ], [ 338107.419921904220246, 6120217.868944307789207 ], [ 338111.751781471946742, 6120224.092011988162994 ], [ 338114.404818363371305, 6120227.903314703144133 ], [ 338121.38986016245326, 6120237.937685096636415 ], [ 338121.792452043097001, 6120238.516040993854403 ], [ 338128.374756621546112, 6120247.972055492922664 ], [ 338131.833122614189051, 6120252.940278790891171 ], [ 338135.359653080580756, 6120258.006425886414945 ], [ 338141.873793185339309, 6120267.36432187166065 ], [ 338142.344688063370995, 6120268.040796280838549 ], [ 338149.639204754610546, 6120278.075166675262153 ], [ 338151.914463756489567, 6120281.042868565768003 ], [ 338157.33229267585557, 6120288.109537069685757 ], [ 338161.955134327639826, 6120294.139162929728627 ], [ 338165.02548001834657, 6120298.143907464109361 ], [ 338171.995804898790084, 6120307.235512539744377 ], [ 338172.71860142389778, 6120308.178277858532965 ], [ 338180.411699654650874, 6120318.212648252025247 ], [ 338182.036475469882134, 6120320.331862148828804 ], [ 338188.104844234825578, 6120328.247018646448851 ], [ 338192.077146041032393, 6120333.437971732579172 ], [ 338195.56556803570129, 6120338.281389040872455 ], [ 338202.117816612182651, 6120347.419951004907489 ], [ 338202.760101419175044, 6120348.315759435296059 ], [ 338209.954769594827667, 6120358.350129830650985 ], [ 338212.158487183332909, 6120361.423702130094171 ], [ 338217.149302978301421, 6120368.384500224143267 ], [ 338222.199157754483167, 6120375.427641253918409 ], [ 338224.330190201522782, 6120378.418870618566871 ], [ 338231.203414768911898, 6120388.453241012990475 ], [ 338232.239828325575218, 6120390.019822272472084 ], [ 338237.81600954575697, 6120398.487611407414079 ], [ 338242.280498896725476, 6120405.267225075513124 ], [ 338252.321169467875734, 6120407.153893068432808 ], [ 338262.361840039025992, 6120398.837724508717656 ], [ 338262.61619022017112, 6120398.487611407414079 ], [ 338269.982497511198744, 6120388.453241012990475 ], [ 338272.402510610118043, 6120386.668673667125404 ], [ 338280.425885042815935, 6120388.453241012990475 ], [ 338282.443181181268301, 6120388.901930132880807 ], [ 338292.483851752360351, 6120391.135186599567533 ], [ 338302.524522323568817, 6120393.368443065322936 ], [ 338312.565192894660868, 6120389.402798318304121 ], [ 338314.142313153308351, 6120388.453241012990475 ], [ 338322.605863465811126, 6120383.72398020606488 ], [ 338332.646534036961384, 6120381.551903452724218 ], [ 338342.68720460816985, 6120379.705393590964377 ], [ 338349.682562445756048, 6120378.418870618566871 ], [ 338352.727875179203693, 6120377.858804231509566 ], [ 338362.768545750353951, 6120376.0122753046453 ], [ 338372.809216321504209, 6120374.165705011226237 ], [ 338382.849886892654467, 6120372.319195151329041 ], [ 338392.890557463746518, 6120370.47260579187423 ], [ 338402.931228034896776, 6120368.626095930114388 ], [ 338407.28099252039101, 6120368.384500224143267 ], [ 338412.971898606047034, 6120368.16959073767066 ], [ 338420.459090314805508, 6120368.384500224143267 ], [ 338423.012569177197292, 6120368.467566102743149 ], [ 338433.053239748347551, 6120369.005089579150081 ], [ 338443.093910319439601, 6120370.822748174890876 ], [ 338453.134580890589859, 6120373.110581601038575 ], [ 338463.175251461740118, 6120373.688848523423076 ], [ 338473.215922032832168, 6120373.995928654447198 ], [ 338483.256592603982426, 6120374.303008786402643 ], [ 338493.297263175132684, 6120374.610064783133566 ], [ 338503.337933746282943, 6120377.112109502777457 ], [ 338504.116995095566381, 6120378.418870618566871 ], [ 338507.519209782476537, 6120388.453241012990475 ], [ 338510.626687490497716, 6120398.487611406482756 ], [ 338511.549331016838551, 6120408.521981801837683 ], [ 338511.766603483585641, 6120418.556352196261287 ], [ 338509.183644327800721, 6120428.590722590684891 ], [ 338503.337933746282943, 6120436.029275938868523 ], [ 338499.932186138350517, 6120438.625092985108495 ], [ 338493.297263175132684, 6120443.682101964950562 ], [ 338486.766839818854351, 6120448.659463379532099 ], [ 338483.256592603982426, 6120451.334928683936596 ], [ 338473.601608082302846, 6120458.693833773955703 ], [ 338473.215922032832168, 6120458.987796165049076 ], [ 338463.175251461740118, 6120466.640581429004669 ], [ 338460.436261762864888, 6120468.728204168379307 ], [ 338453.134580890531652, 6120474.293451467528939 ], [ 338447.270963111426681, 6120478.762574562802911 ], [ 338444.163685217441525, 6120488.796944957226515 ], [ 338446.512426849338226, 6120498.831315351650119 ], [ 338448.861160680884495, 6120508.865685746073723 ], [ 338451.209894512488972, 6120518.900056140497327 ], [ 338453.134580890589859, 6120527.122791195288301 ], [ 338453.558628343977034, 6120528.934426533989608 ], [ 338455.650869091041386, 6120538.968796929344535 ], [ 338457.357019373157527, 6120549.003167322836816 ], [ 338456.544188224128447, 6120559.03753771726042 ], [ 338453.134580890589859, 6120561.107200681231916 ], [ 338446.686633690260351, 6120559.037537718191743 ], [ 338443.093910319439601, 6120557.884474996477365 ], [ 338433.053239748289343, 6120554.903251807205379 ], [ 338423.012569177197292, 6120551.971509831026196 ], [ 338412.971898606047034, 6120549.054767636582255 ], [ 338412.846821524202824, 6120549.003167322836816 ], [ 338402.931228034896776, 6120546.107868457213044 ], [ 338398.98288369452348, 6120549.003167323768139 ], [ 338402.931228034896776, 6120555.243201821111143 ], [ 338404.934007554606069, 6120559.03753771726042 ], [ 338411.895239433972165, 6120569.071908111684024 ], [ 338412.971898606047034, 6120570.623878341168165 ], [ 338418.856453452492133, 6120579.106278505176306 ], [ 338423.012569177197292, 6120585.097188205458224 ], [ 338425.817642455396708, 6120589.140648900531232 ], [ 338432.778881489532068, 6120599.175019294954836 ], [ 338433.053239748289343, 6120599.57049806881696 ], [ 338439.740095508052036, 6120609.20938968937844 ], [ 338443.093910319497809, 6120614.043807933107018 ], [ 338446.701309526630212, 6120619.243760083802044 ], [ 338453.134580890589859, 6120628.517117797397077 ], [ 338453.662523545208387, 6120629.278130478225648 ], [ 338453.134580890589859, 6120630.920123424381018 ], [ 338443.720280714391265, 6120639.312500872649252 ], [ 338445.692442312312778, 6120649.346871267072856 ], [ 338447.669013300794177, 6120659.38124166149646 ], [ 338449.645786607579794, 6120669.415612056851387 ], [ 338451.62246532808058, 6120679.449982450343668 ], [ 338453.134580890589859, 6120687.126472554169595 ], [ 338453.599050659162458, 6120689.484352844767272 ], [ 338455.57591735542519, 6120699.518723239190876 ], [ 338457.552488343906589, 6120709.55309363361448 ], [ 338459.529256796464324, 6120719.587464027106762 ], [ 338461.505940371251199, 6120729.621834421530366 ], [ 338463.175251461740118, 6120738.096352100372314 ], [ 338463.482520847988781, 6120739.65620481595397 ], [ 338465.459392398537602, 6120749.690575210377574 ], [ 338467.435963387019001, 6120759.724945604801178 ], [ 338469.412726985290647, 6120769.759315999224782 ], [ 338471.389415414305404, 6120779.793686393648386 ], [ 338473.215922032832168, 6120789.066231647506356 ], [ 338473.365991036815103, 6120789.82805678807199 ], [ 338475.342867441591807, 6120799.862427182495594 ], [ 338477.319438430073205, 6120809.896797576919198 ], [ 338479.296197174116969, 6120819.931167971342802 ], [ 338481.272890457417816, 6120829.965538365766406 ], [ 338483.249461445899215, 6120839.999908759258687 ], [ 338483.256592603982426, 6120840.036105516366661 ], [ 338483.34075274359202, 6120839.999908761121333 ], [ 338493.297263175132684, 6120839.342040128074586 ], [ 338501.499936036823783, 6120829.965538365766406 ], [ 338503.337933746282943, 6120828.340001413598657 ], [ 338510.909534500911832, 6120819.931167971342802 ], [ 338513.378604317433201, 6120817.189028684981167 ], [ 338519.944655798200984, 6120809.896797576919198 ], [ 338523.419274888525251, 6120806.037971133366227 ], [ 338528.404426905792207, 6120799.862427182495594 ], [ 338533.459945459617302, 6120793.960582219064236 ], [ 338536.999333168671001, 6120789.82805678807199 ], [ 338543.500616030825768, 6120781.440565065480769 ], [ 338545.668986434582621, 6120779.793686393648386 ], [ 338553.541286601976026, 6120772.882250913418829 ], [ 338557.866124365478754, 6120769.759315999224782 ], [ 338563.581957173068076, 6120765.631953353062272 ], [ 338568.473928580642678, 6120769.759315999224782 ], [ 338572.155836811056361, 6120779.793686393648386 ], [ 338573.622627744218335, 6120787.721192786470056 ], [ 338574.012451335729565, 6120789.82805678807199 ], [ 338575.869199577486143, 6120799.862427182495594 ], [ 338577.725852644769475, 6120809.896797576919198 ], [ 338579.582467169500887, 6120819.931167971342802 ], [ 338581.439886380452663, 6120829.965538365766406 ], [ 338583.316157571331132, 6120839.99990876019001 ], [ 338583.663298315368593, 6120841.852053675800562 ], [ 338585.170000971585978, 6120850.034279154613614 ], [ 338585.764898266235832, 6120860.068649549037218 ], [ 338584.781769168388564, 6120870.103019943460822 ], [ 338583.663298315368593, 6120875.213371153920889 ], [ 338582.585608796565793, 6120880.137390337884426 ], [ 338580.389509096974507, 6120890.17176073230803 ], [ 338578.193419059971347, 6120900.206131126731634 ], [ 338575.997329023026396, 6120910.240501521155238 ], [ 338573.801237384614069, 6120920.274871915578842 ], [ 338573.622627744218335, 6120921.090948605909944 ], [ 338571.605077012849506, 6120930.309242309071124 ], [ 338569.409006666159257, 6120940.343612703494728 ], [ 338567.212878849357367, 6120950.377983097918332 ], [ 338565.016788812354207, 6120960.412353492341936 ], [ 338563.581957173068076, 6120966.968383472412825 ], [ 338562.820698775409255, 6120970.446723885834217 ], [ 338560.624545229133219, 6120980.481094281189144 ], [ 338558.428474882384762, 6120990.515464675612748 ], [ 338556.232338638743386, 6121000.549835070036352 ], [ 338554.036248601740226, 6121010.584205464459956 ], [ 338553.541286601976026, 6121012.845784886740148 ], [ 338551.840158564853482, 6121020.61857585888356 ], [ 338549.644013445416931, 6121030.652946253307164 ], [ 338547.447943098668475, 6121040.687316647730768 ], [ 338545.251798428129405, 6121050.721687042154372 ], [ 338543.500616030825768, 6121058.723186301067472 ], [ 338543.055708391126245, 6121060.756057436577976 ], [ 338540.859618354181293, 6121070.79042783100158 ], [ 338538.663528317236342, 6121080.824798224493861 ], [ 338536.467411314952187, 6121090.859168618917465 ], [ 338534.271258217457216, 6121100.893539014272392 ], [ 338533.459945459675509, 6121104.39381948672235 ], [ 338531.893938571156468, 6121110.927909409627318 ], [ 338529.188822944881395, 6121120.9622798031196 ], [ 338524.984584929537959, 6121130.996650196611881 ], [ 338523.419274888525251, 6121132.624547901563346 ], [ 338514.731144709221553, 6121141.031020591035485 ], [ 338513.378604317433201, 6121142.568318906240165 ], [ 338506.057837513275445, 6121151.065390985459089 ], [ 338503.337933746282943, 6121154.667052339762449 ], [ 338499.123712460917886, 6121161.099761379882693 ], [ 338493.520930744707584, 6121171.134131774306297 ], [ 338493.297263175132684, 6121171.486637512221932 ], [ 338483.256592603982426, 6121178.558786995708942 ], [ 338478.148463247693144, 6121181.168502168729901 ], [ 338473.215922032832168, 6121183.70378824789077 ], [ 338463.175251461740118, 6121183.894224602729082 ], [ 338458.176613016985357, 6121181.168502168729901 ], [ 338453.134580890589859, 6121178.419117465615273 ], [ 338443.093910319439601, 6121172.943699536845088 ], [ 338439.775857609580271, 6121171.134131774306297 ], [ 338433.053239748289343, 6121167.467814926058054 ], [ 338423.012569177197292, 6121161.992072855122387 ], [ 338412.971898606047034, 6121167.372212367132306 ], [ 338411.217705838091206, 6121171.134131774306297 ], [ 338406.538652921561152, 6121181.168502168729901 ], [ 338402.931228034896776, 6121188.904963856562972 ], [ 338401.859739105217159, 6121191.202872563153505 ], [ 338397.180686188745312, 6121201.237242957577109 ], [ 338392.890557463746518, 6121210.437553668394685 ], [ 338392.501638660149183, 6121211.271613352000713 ], [ 338387.822650564892683, 6121221.305983746424317 ], [ 338383.731995765061583, 6121231.340354140847921 ], [ 338382.849886892654467, 6121233.754254186525941 ], [ 338380.306412702426314, 6121241.374724534340203 ], [ 338376.957205006852746, 6121251.409094929695129 ], [ 338373.608086447929963, 6121261.443465324118733 ], [ 338372.809216321504209, 6121263.836978305131197 ], [ 338370.261845110915601, 6121271.477835717611015 ], [ 338366.920281641301699, 6121281.512206112965941 ], [ 338363.582998568890616, 6121291.546576507389545 ], [ 338362.768545750353951, 6121293.997296424582601 ], [ 338360.091632318682969, 6121301.580946901813149 ], [ 338356.043657456815708, 6121311.615317296236753 ], [ 338352.88316515844781, 6121321.649687690660357 ], [ 338352.727875179203693, 6121324.710687388665974 ], [ 338352.275457531039137, 6121331.684058084152639 ], [ 338352.727875179203693, 6121332.026034678332508 ], [ 338362.768545750353951, 6121334.493720408529043 ], [ 338372.809216321504209, 6121336.961463343352079 ], [ 338382.849886892654467, 6121339.42911939881742 ], [ 338392.163513356994372, 6121341.718428478576243 ], [ 338392.890557463746518, 6121341.901523440144956 ], [ 338402.931228034896776, 6121348.58529996406287 ], [ 338405.920139336783905, 6121351.752798872999847 ], [ 338412.971898606047034, 6121357.432099089026451 ], [ 338419.425048709032126, 6121361.787169267423451 ], [ 338423.012569177197292, 6121363.699664668180048 ], [ 338433.053239748289343, 6121369.052313234657049 ], [ 338438.247843867749907, 6121371.821539661847055 ], [ 338443.093910319439601, 6121374.40496180113405 ], [ 338453.134580890589859, 6121379.757610367611051 ], [ 338457.070639026467688, 6121381.855910056270659 ], [ 338463.175251461740118, 6121385.110258933156729 ], [ 338473.215922032832168, 6121390.462907499633729 ], [ 338475.893434185127262, 6121391.890280450694263 ], [ 338483.256592603982426, 6121395.81555606611073 ], [ 338493.297263175132684, 6121401.05798523593694 ], [ 338495.308847145643085, 6121401.924650844186544 ], [ 338503.337933746282943, 6121405.506900722160935 ], [ 338513.378604317433201, 6121409.175400417298079 ], [ 338522.789252777176443, 6121411.959021239541471 ], [ 338523.419274888525251, 6121412.145376252941787 ], [ 338533.459945459675509, 6121415.115235571749508 ], [ 338543.500616030825768, 6121418.085213653743267 ], [ 338553.541286601976026, 6121421.055191736668348 ], [ 338556.713208977424074, 6121421.993391633965075 ], [ 338563.581957173068076, 6121424.025048808194697 ], [ 338573.622627744218335, 6121427.288834564387798 ], [ 338581.788403652200941, 6121432.027762028388679 ], [ 338583.6632983154268, 6121432.902678278274834 ], [ 338593.703968886518851, 6121439.66805768199265 ], [ 338597.236274135415442, 6121442.062132422812283 ], [ 338603.744639457669109, 6121446.473316542804241 ], [ 338612.041221409162972, 6121452.096502817235887 ], [ 338613.78531002876116, 6121453.278585966676474 ], [ 338623.825980599911418, 6121456.278027139604092 ], [ 338633.866651171061676, 6121458.376302508637309 ], [ 338643.907321742153727, 6121460.474577879533172 ], [ 338651.833028751250822, 6121462.130873211659491 ], [ 338653.947992313362192, 6121462.572853249497712 ], [ 338663.988662884454243, 6121464.746390528976917 ], [ 338674.029333455604501, 6121469.710663963109255 ], [ 338678.927163211978041, 6121472.165243606083095 ], [ 338684.070004026696552, 6121474.742612155154347 ], [ 338694.11067459784681, 6121479.803305776789784 ], [ 338698.843331014038995, 6121482.199614000506699 ], [ 338704.151345168997068, 6121484.887275010347366 ], [ 338714.192015740147326, 6121489.971294849179685 ], [ 338718.651600313838571, 6121492.233984394930303 ], [ 338724.232686311239377, 6121495.067605875432491 ], [ 338734.273356882389635, 6121500.338466949760914 ], [ 338737.637647124240175, 6121502.268354789353907 ], [ 338744.314027453539893, 6121506.124021185562015 ], [ 338754.354698024690151, 6121511.922705862671137 ], [ 338755.012730452988762, 6121512.302725183777511 ], [ 338764.395368595782202, 6121517.721278472803533 ], [ 338771.478611543192528, 6121522.337095578201115 ], [ 338774.436039166990668, 6121527.123544808477163 ], [ 338776.371121486183256, 6121532.371465971693397 ], [ 338780.071228771004826, 6121542.405836366117001 ], [ 338783.771240636939183, 6121552.440206760540605 ], [ 338784.476709738082718, 6121554.353397399187088 ], [ 338787.471340710879304, 6121562.474577154964209 ], [ 338791.171379566832911, 6121572.508947549387813 ], [ 338794.517380309232976, 6121581.583104428835213 ], [ 338794.871452650811989, 6121582.543317943811417 ], [ 338798.57151849672664, 6121592.577688338235021 ], [ 338802.271564590802882, 6121602.612058732658625 ], [ 338804.558050880383234, 6121608.812811458483338 ], [ 338805.97165742656216, 6121612.646429127082229 ], [ 338809.671676530735567, 6121622.680799521505833 ], [ 338813.371783815498929, 6121632.715169915929437 ], [ 338814.598721451475285, 6121636.042610781267285 ], [ 338817.071788470610045, 6121642.749540310353041 ], [ 338820.771895755431615, 6121652.783910704776645 ], [ 338823.993395244993735, 6121662.818281099200249 ], [ 338821.088719788822345, 6121672.852651493623853 ], [ 338818.183908447856084, 6121682.887021888047457 ], [ 338815.279223782184999, 6121692.921392282471061 ], [ 338814.598721451475285, 6121694.978797684423625 ], [ 338811.825152617529966, 6121702.955762676894665 ], [ 338808.043974237458315, 6121712.990133071318269 ], [ 338804.558050880383234, 6121722.240615661256015 ], [ 338804.257195920858067, 6121723.024503465741873 ], [ 338800.040441751363687, 6121733.058873860165477 ], [ 338795.372128944844007, 6121743.093244253657758 ], [ 338794.517380309232976, 6121744.930495688691735 ], [ 338790.703873954655137, 6121753.127614648081362 ], [ 338786.035503331804648, 6121763.161985042504966 ], [ 338784.476709738082718, 6121766.512555780820549 ], [ 338781.37119254108984, 6121773.196355437859893 ], [ 338776.736663236632012, 6121783.230725831352174 ], [ 338774.43603916693246, 6121788.238842535763979 ], [ 338772.130631143110804, 6121793.265096225775778 ], [ 338767.528029982873704, 6121803.299466620199382 ], [ 338764.395368595840409, 6121810.12919632717967 ], [ 338762.925463552121073, 6121813.333837014622986 ], [ 338758.322837344021536, 6121823.36820740904659 ], [ 338754.354698024690151, 6121832.019550117664039 ], [ 338753.720330690557603, 6121833.402577803470194 ], [ 338749.117691895808093, 6121843.436948197893798 ], [ 338744.515194798470475, 6121853.471318592317402 ], [ 338744.314027453539893, 6121853.909889496862888 ], [ 338739.912546447536442, 6121863.505688986741006 ], [ 338735.309913711389527, 6121873.54005938116461 ], [ 338734.273356882389635, 6121875.799927937798202 ], [ 338730.707400999322999, 6121883.574429775588214 ], [ 338726.173477665230166, 6121893.608800170943141 ], [ 338724.232686311239377, 6121897.959436889737844 ], [ 338721.81256631569704, 6121903.643170564435422 ], [ 338717.539955770596862, 6121913.677540958859026 ], [ 338714.192015740147326, 6121921.540291370823979 ], [ 338713.267332041286863, 6121923.71191135328263 ], [ 338708.994660576339811, 6121933.746281747706234 ], [ 338704.721989111392759, 6121943.780652141198516 ], [ 338704.151345168997068, 6121945.12080963421613 ], [ 338700.449370429909322, 6121953.81502253562212 ], [ 338696.176759884750936, 6121963.849392930045724 ], [ 338694.11067459784681, 6121968.701664116233587 ], [ 338691.904117878468242, 6121973.883763323538005 ], [ 338693.627774993947241, 6121983.918133718892932 ], [ 338694.11067459784681, 6121985.420676876790822 ], [ 338696.849280030175578, 6121993.952504113316536 ], [ 338704.151345168997068, 6121996.629911303520203 ], [ 338714.192015740147326, 6121997.873493911698461 ], [ 338724.232686311239377, 6121998.860518889501691 ], [ 338734.273356882389635, 6121999.847519455477595 ], [ 338744.314027453539893, 6122000.834520019590855 ], [ 338754.354698024690151, 6122001.821520586498082 ], [ 338764.395368595840409, 6122002.808528488501906 ], [ 338774.43603916693246, 6122003.795522908680141 ], [ 338776.382654393208213, 6122003.98687450774014 ], [ 338784.476709738140926, 6122004.782517329789698 ], [ 338794.517380309232976, 6122005.769511750899255 ], [ 338804.558050880441442, 6122006.75650617107749 ], [ 338814.598721451475285, 6122007.743500592187047 ], [ 338824.639392022625543, 6122008.730495013296604 ], [ 338834.680062593775801, 6122009.717489434406161 ], [ 338844.72073316492606, 6122010.704483854584396 ], [ 338854.76140373601811, 6122011.691478275693953 ], [ 338864.802074307168368, 6122012.67852680850774 ], [ 338874.842744878318626, 6122013.665527374483645 ], [ 338878.46142822742695, 6122014.021244902163744 ], [ 338884.883415449468885, 6122014.652524010278285 ], [ 338894.924086020502727, 6122015.639518430456519 ], [ 338904.964756591711193, 6122016.626512851566076 ], [ 338915.005427162861452, 6122017.613507272675633 ], [ 338925.04609773401171, 6122018.600501692853868 ], [ 338935.08676830510376, 6122019.587496113963425 ], [ 338945.127438876254018, 6122020.574490535072982 ], [ 338955.168109447404277, 6122021.561484955251217 ], [ 338965.208780018554535, 6122022.548479376360774 ], [ 338975.249450589646585, 6122023.535473796539009 ], [ 338980.540837587264832, 6122024.055615296587348 ], [ 338985.290121160796843, 6122024.522471125237644 ], [ 338995.330791731947102, 6122025.509525110945106 ], [ 339005.37146230309736, 6122026.496519532054663 ], [ 339015.41213287418941, 6122027.48351395316422 ], [ 339025.452803445397876, 6122028.470508373342454 ], [ 339035.493474016489927, 6122029.457502793520689 ], [ 339045.534144587640185, 6122030.444497214630246 ], [ 339055.574815158732235, 6122031.431491635739803 ], [ 339065.615485729882494, 6122032.41848605684936 ], [ 339075.656156301032752, 6122033.405480477958918 ], [ 339082.619611421483569, 6122034.089985691010952 ], [ 339085.69682687218301, 6122034.392474898137152 ], [ 339095.737497443333268, 6122035.37947734631598 ], [ 339105.778168014425319, 6122036.366477913223207 ], [ 339115.818838585575577, 6122037.353478478267789 ], [ 339125.859509156725835, 6122038.340479044243693 ], [ 339135.900179727876093, 6122039.327509474009275 ], [ 339145.940850298968144, 6122040.314503895118833 ], [ 339155.981520870118402, 6122041.30149831622839 ], [ 339166.02219144126866, 6122042.288492737337947 ], [ 339176.062862012418918, 6122043.275487157516181 ], [ 339184.698385255644098, 6122044.124356085434556 ], [ 339186.103532583510969, 6122044.262481578625739 ], [ 339196.144203154661227, 6122045.249475999735296 ], [ 339206.184873725811485, 6122046.23647041991353 ], [ 339216.225544296961743, 6122047.223464841023088 ], [ 339226.266214868053794, 6122048.210484700277448 ], [ 339236.306885439204052, 6122049.197485266253352 ], [ 339246.34755601035431, 6122050.184485832229257 ], [ 339256.388226581504568, 6122051.171486398205161 ], [ 339266.428897152654827, 6122052.158499416895211 ], [ 339276.469567723746877, 6122053.145493838004768 ], [ 339286.510238294897135, 6122054.132488258183002 ], [ 339286.777159089862835, 6122054.15872647985816 ], [ 339296.550908866047394, 6122055.11948267929256 ], [ 339306.591579437139444, 6122056.106477100402117 ], [ 339316.632250008289702, 6122057.093471521511674 ], [ 339326.67292057943996, 6122058.080465942621231 ], [ 339336.713591150590219, 6122059.067460362799466 ], [ 339346.754261721740477, 6122060.054454783909023 ], [ 339356.794932292832527, 6122061.041449204087257 ], [ 339366.835602863982785, 6122062.028492621146142 ], [ 339376.876273435133044, 6122063.015493186190724 ], [ 339386.916944006283302, 6122064.002493752166629 ], [ 339388.855932924081571, 6122064.193096874281764 ], [ 339396.957614577317145, 6122064.989489359781146 ], [ 339406.998285148525611, 6122065.976483780890703 ], [ 339417.038955719675869, 6122066.96347820200026 ], [ 339427.079626290826127, 6122067.950472622178495 ], [ 339437.120296861918177, 6122068.93746704235673 ], [ 339447.160967433068436, 6122069.924461463466287 ], [ 339457.201638004218694, 6122070.911455884575844 ], [ 339467.242308575368952, 6122071.898450305685401 ], [ 339477.282979146461003, 6122072.885444726794958 ], [ 339487.323649717611261, 6122073.872439146973193 ], [ 339490.935113695857581, 6122074.227467268705368 ], [ 339497.364320288761519, 6122074.859496040269732 ], [ 339507.404990859911777, 6122075.846490460447967 ], [ 339517.445661431003828, 6122076.833484881557524 ], [ 339527.486332002154086, 6122077.820479301735759 ], [ 339537.527002573304344, 6122078.807473722845316 ], [ 339547.567673144454602, 6122079.794468143954873 ], [ 339557.608343715546653, 6122080.78146256506443 ], [ 339567.649014286696911, 6122081.768456986173987 ], [ 339577.689684857847169, 6122082.755451406352222 ], [ 339587.730355428997427, 6122083.742445826530457 ], [ 339593.01411611813819, 6122084.261837663128972 ], [ 339597.771026000147685, 6122084.729443159885705 ], [ 339607.811696571239736, 6122085.716443724930286 ], [ 339617.852367142389994, 6122086.703444289974868 ], [ 339627.893037713540252, 6122087.690444855950773 ], [ 339637.933708284632303, 6122088.677480403333902 ], [ 339647.974378855782561, 6122089.66447482444346 ], [ 339658.015049426932819, 6122090.651469245553017 ], [ 339668.055719998083077, 6122091.638463664799929 ], [ 339678.096390569233336, 6122092.625458086840808 ], [ 339688.137061140325386, 6122093.612452507950366 ], [ 339695.092889952356927, 6122094.296208057552576 ], [ 339698.177731711475644, 6122094.5994469281286 ], [ 339708.218402282625902, 6122095.586441349238157 ], [ 339718.259072853776161, 6122096.573435770347714 ], [ 339728.299743424868211, 6122097.56045051291585 ], [ 339738.340413996018469, 6122098.547451078891754 ], [ 339748.381084567168728, 6122099.534451644867659 ], [ 339758.421755138318986, 6122100.521452210843563 ], [ 339768.462425709411036, 6122101.508470346219838 ], [ 339778.503096280561294, 6122102.495464767329395 ], [ 339788.543766851711553, 6122103.482459187507629 ], [ 339797.171663786575664, 6122104.33057845197618 ], [ 339798.584437422861811, 6122104.469453608617187 ], [ 339808.625107993953861, 6122105.456448028795421 ], [ 339818.665778565104119, 6122106.443442449904978 ], [ 339828.706449136254378, 6122107.430436870083213 ], [ 339838.747119707404636, 6122108.41743129119277 ], [ 339848.787790278496686, 6122109.404425712302327 ], [ 339858.828460849646945, 6122110.391420133411884 ], [ 339868.869131420797203, 6122111.378458432853222 ], [ 339878.909801991947461, 6122112.365458998829126 ], [ 339888.950472563039511, 6122113.352459563873708 ], [ 339898.99114313418977, 6122114.339460129849613 ], [ 339899.250437620736193, 6122114.364948846399784 ], [ 339909.031813705340028, 6122115.326454709284008 ], [ 339919.072484276490286, 6122116.313449129462242 ], [ 339929.113154847640544, 6122117.300443551503122 ], [ 339939.153825418790802, 6122118.287437971681356 ], [ 339949.194495989941061, 6122119.274432392790914 ], [ 339959.235166561033111, 6122120.229783175513148 ], [ 339969.275837132183369, 6122121.188328353688121 ], [ 339979.31650770327542, 6122122.168858148157597 ], [ 339989.357178274425678, 6122123.17214563395828 ], [ 339999.397848845575936, 6122124.199033853597939 ], [ 340001.530473801249173, 6122124.399319240823388 ], [ 340009.438519416726194, 6122125.109911897219718 ], [ 340019.479189987818245, 6122126.011575939133763 ], [ 340029.519860558968503, 6122126.933956163935363 ], [ 340039.560531130118761, 6122127.877774816006422 ], [ 340049.601201701269019, 6122128.843788107857108 ], [ 340059.64187227236107, 6122129.76975014526397 ], [ 340069.682542843511328, 6122130.695010235533118 ], [ 340079.723213414661586, 6122131.620288838632405 ], [ 340089.763883985811844, 6122132.523713782429695 ], [ 340099.804554556903895, 6122133.438551668077707 ], [ 340109.845225128054153, 6122134.393994175828993 ], [ 340110.252957183110993, 6122134.433689635246992 ], [ 340119.885895699204411, 6122135.321376716718078 ], [ 340129.92656627035467, 6122136.182735356502235 ], [ 340139.96723684144672, 6122136.956168342381716 ], [ 340150.007907412596978, 6122137.763794496655464 ], [ 340160.048577983747236, 6122138.607974075712264 ], [ 340170.089248554897495, 6122139.469152307137847 ], [ 340180.129919125989545, 6122140.252369289286435 ], [ 340190.170589697139803, 6122141.035586271435022 ], [ 340200.211260268290062, 6122141.818875638768077 ], [ 340210.25193083944032, 6122142.602092619985342 ], [ 340220.29260141053237, 6122143.38530960213393 ], [ 340230.333271981682628, 6122144.168526583351195 ], [ 340234.172870431328192, 6122144.468060028739274 ], [ 340240.373942552832887, 6122144.951815951615572 ], [ 340250.414613123983145, 6122145.73503293376416 ], [ 340260.455283695133403, 6122146.518249915912747 ], [ 340270.495954266225453, 6122147.301466897130013 ], [ 340280.536624837375712, 6122148.084709968417883 ], [ 340290.577295408584177, 6122148.867973247542977 ], [ 340300.617965979676228, 6122149.651190228760242 ], [ 340310.658636550768279, 6122150.43440721090883 ], [ 340320.699307121918537, 6122151.217672882601619 ], [ 340330.739977693068795, 6122152.000913560390472 ], [ 340340.780648264219053, 6122152.784130541607738 ], [ 340350.821318835311104, 6122153.567347524687648 ], [ 340360.861989406461362, 6122154.350564505904913 ], [ 340362.808697368600406, 6122154.502430423162878 ], [ 340370.902659977553412, 6122155.133853873237967 ] ] ] } },
{ "type": "Feature", "properties": { "id": 3, "cost_level": 1200.0 }, "geometry": { "type": "Polygon", "coordinates": [ [ [ 339949.194495989882853, 6121944.34186112973839 ], [ 339959.235166561033111, 6121945.125078111886978 ], [ 339969.275837132183369, 6121945.908295093104243 ], [ 339979.31650770327542, 6121946.128319105133414 ], [ 339989.069671515782829, 6121943.780652141198516 ], [ 339989.357178274425678, 6121943.612316999584436 ], [ 339999.397848845575936, 6121937.733506671153009 ], [ 340006.207800128846429, 6121933.746281747706234 ], [ 340009.438519416726194, 6121931.800312063656747 ], [ 340019.479189987818245, 6121925.568787731230259 ], [ 340022.38446502503939, 6121923.711911352351308 ], [ 340029.519860558968503, 6121919.131409135647118 ], [ 340038.015764452633448, 6121913.677540958859026 ], [ 340039.560531130060554, 6121912.925248830579221 ], [ 340049.601201701269019, 6121908.664754842408001 ], [ 340059.64187227236107, 6121905.415418749675155 ], [ 340065.233600427396595, 6121903.643170564435422 ], [ 340069.682542843511328, 6121902.233136856928468 ], [ 340079.723213414661586, 6121899.050878551788628 ], [ 340089.763883985811844, 6121895.868486694991589 ], [ 340096.893653419392649, 6121893.608800170011818 ], [ 340099.804554556903895, 6121892.686228389851749 ], [ 340109.845225128054153, 6121889.503915451467037 ], [ 340119.885895699204411, 6121886.321578228846192 ], [ 340128.553706411330495, 6121883.574429775588214 ], [ 340129.92656627035467, 6121883.13931992277503 ], [ 340139.96723684144672, 6121879.956928066909313 ], [ 340150.007907412596978, 6121876.774669761769474 ], [ 340160.048577983747236, 6121873.592278599739075 ], [ 340160.213338022062089, 6121873.54005938116461 ], [ 340170.089248554897495, 6121870.410019600763917 ], [ 340180.129919125931337, 6121867.227761294692755 ], [ 340190.170589697139803, 6121864.045369438827038 ], [ 340191.873391013999935, 6121863.505688986741006 ], [ 340200.211260268290062, 6121860.863111132755876 ], [ 340210.25193083944032, 6121857.680719276890159 ], [ 340220.29260141053237, 6121854.498460971750319 ], [ 340223.533444005937781, 6121853.471318592317402 ], [ 340230.333271981682628, 6121851.316202667541802 ], [ 340240.373942552832887, 6121848.133810810744762 ], [ 340250.414613123983145, 6121844.951552505604923 ], [ 340255.193296448793262, 6121843.436948196962476 ], [ 340260.455283695133403, 6121841.769160648807883 ], [ 340270.495954266225453, 6121838.586902344599366 ], [ 340280.536624837375712, 6121835.404644038528204 ], [ 340286.85328489576932, 6121833.402577803470194 ], [ 340290.57729540852597, 6121832.222252182662487 ], [ 340300.617965979676228, 6121829.136850609444082 ], [ 340310.658636550768279, 6121826.206348457373679 ], [ 340316.717009861487895, 6121823.36820740904659 ], [ 340320.699307121918537, 6121821.446055914275348 ], [ 340330.739977693068795, 6121816.415368118323386 ], [ 340336.890512642334215, 6121813.333837014622986 ], [ 340340.780648264219053, 6121811.384807536378503 ], [ 340350.821318835311104, 6121805.064119443297386 ], [ 340352.81726754718693, 6121803.29946661926806 ], [ 340360.861989406461362, 6121796.18688322417438 ], [ 340364.669342811452225, 6121793.265096224844456 ], [ 340370.90265997761162, 6121788.696447554975748 ], [ 340378.783956208382733, 6121783.230725830420852 ], [ 340380.943330548761878, 6121781.73318800330162 ], [ 340390.984001119853929, 6121774.769786328077316 ], [ 340393.214970170054585, 6121773.196355437859893 ], [ 340397.874102131987456, 6121763.161985042504966 ], [ 340390.984001119853929, 6121753.513414052315056 ], [ 340390.709958971710876, 6121753.127614648081362 ], [ 340383.53093315375736, 6121743.093244252726436 ], [ 340380.943330548820086, 6121739.566904474049807 ], [ 340378.760249222861603, 6121733.058873860165477 ], [ 340380.648010871140286, 6121723.024503465741873 ], [ 340380.943330548761878, 6121721.682579277083278 ], [ 340382.856305473193061, 6121712.990133071318269 ], [ 340385.064602021069732, 6121702.955762676894665 ], [ 340387.272898568946403, 6121692.921392282471061 ], [ 340389.481195116823073, 6121682.887021888047457 ], [ 340390.984001119853929, 6121676.058359280228615 ], [ 340391.689487016410567, 6121672.852651493623853 ], [ 340393.897769014234655, 6121662.818281099200249 ], [ 340396.106051012175158, 6121652.783910704776645 ], [ 340398.314333009999245, 6121642.749540310353041 ], [ 340400.522615007939748, 6121632.715169915929437 ], [ 340401.024671691004187, 6121630.43383867200464 ], [ 340402.455708194873296, 6121622.680799521505833 ], [ 340401.472110497008543, 6121612.646429127082229 ], [ 340401.024671691004187, 6121610.063841702416539 ], [ 340399.733627812529448, 6121602.612058732658625 ], [ 340397.995193493494298, 6121592.577688338235021 ], [ 340396.256759174400941, 6121582.543317943811417 ], [ 340394.51832485536579, 6121572.508947549387813 ], [ 340395.837379292701371, 6121562.474577154964209 ], [ 340401.024671691004187, 6121559.299276606179774 ], [ 340411.065342262154445, 6121553.153074634261429 ], [ 340412.229910479567479, 6121552.440206759609282 ], [ 340421.106012833304703, 6121547.006872661411762 ], [ 340428.622441666433588, 6121542.405836366117001 ], [ 340431.146683404396754, 6121541.417188760824502 ], [ 340441.187353975547012, 6121541.550507932901382 ], [ 340451.22802454669727, 6121541.588102485984564 ], [ 340461.268695117847528, 6121538.779770160093904 ], [ 340471.309365688939579, 6121535.971414025872946 ], [ 340481.350036260089837, 6121533.163081699050963 ], [ 340484.180311247124337, 6121532.371465971693397 ], [ 340491.390706831240095, 6121529.117427548393607 ], [ 340498.649563508690335, 6121522.337095579132438 ], [ 340501.431377402390353, 6121518.256245279684663 ], [ 340505.489743602462113, 6121512.302725183777511 ], [ 340511.472047973540612, 6121503.526836676523089 ], [ 340512.662924975389615, 6121502.268354789353907 ], [ 340521.512718544632662, 6121495.819275012239814 ], [ 340527.105933931539766, 6121492.233984394930303 ], [ 340531.55338911578292, 6121489.383134169504046 ], [ 340541.594059686933178, 6121482.946993324905634 ], [ 340542.760012744751293, 6121482.199613999575377 ], [ 340551.634730258083437, 6121476.510894085280597 ], [ 340558.414141388668213, 6121472.165243606083095 ], [ 340561.675400829175487, 6121470.074753240682185 ], [ 340571.716071400325745, 6121463.638612397015095 ], [ 340574.068227869691327, 6121462.130873211659491 ], [ 340581.756741971476004, 6121457.202492723241448 ], [ 340589.722335432190448, 6121452.09650281816721 ], [ 340591.797412542626262, 6121450.766372311860323 ], [ 340601.838083113660105, 6121444.330231468193233 ], [ 340605.376442994631361, 6121442.062132422812283 ], [ 340611.87875368486857, 6121437.894114946946502 ], [ 340621.030550557072274, 6121432.027762029320002 ], [ 340621.919424256018829, 6121431.457991383969784 ], [ 340631.960094827227294, 6121426.396078918129206 ], [ 340642.000765398261137, 6121427.491146612912416 ], [ 340652.041435969411395, 6121431.4287015395239 ], [ 340653.423501832410693, 6121432.027762028388679 ], [ 340662.082106540561654, 6121435.780886285007 ], [ 340672.122777111711912, 6121440.133017567917705 ], [ 340676.573352365056053, 6121442.062132422812283 ], [ 340682.163447682803962, 6121444.485192839987576 ], [ 340692.204118253954221, 6121448.837381852790713 ], [ 340699.723161488305777, 6121452.096502817235887 ], [ 340702.244788825104479, 6121453.189499394036829 ], [ 340712.285459396254737, 6121457.541688406839967 ], [ 340722.326129967346787, 6121461.893805949017406 ], [ 340722.87305343040498, 6121462.130873211659491 ], [ 340732.366800538497046, 6121466.245994961820543 ], [ 340742.407471109647304, 6121470.598112503997982 ], [ 340746.022903963166755, 6121472.165243606083095 ], [ 340752.448141680797562, 6121474.950301515869796 ], [ 340762.48881225194782, 6121479.302419058978558 ], [ 340767.511749646277167, 6121482.199613999575377 ], [ 340768.963822007703129, 6121492.233984394930303 ], [ 340768.776840706937946, 6121502.268354789353907 ], [ 340768.589892143732868, 6121512.302725183777511 ], [ 340768.402912396704778, 6121522.337095578201115 ], [ 340768.215932649793103, 6121532.371465971693397 ], [ 340768.028998940601014, 6121542.405836366117001 ], [ 340772.529482823039871, 6121547.368599450215697 ], [ 340782.570153394190129, 6121549.93531459197402 ], [ 340792.383903945970815, 6121552.440206760540605 ], [ 340792.610823965340387, 6121552.498126531019807 ], [ 340802.651494536490645, 6121555.060846534557641 ], [ 340812.692165107582696, 6121557.623658472672105 ], [ 340822.732835678732954, 6121560.186470412649214 ], [ 340831.697578608756885, 6121562.474577154964209 ], [ 340832.773506249883212, 6121562.749190416187048 ], [ 340842.81417682103347, 6121565.312002355232835 ], [ 340852.854847392125521, 6121567.874814294278622 ], [ 340862.895517963275779, 6121570.437534296885133 ], [ 340871.010970274917781, 6121572.508947549387813 ], [ 340872.936188534484245, 6121573.000346236862242 ], [ 340882.976859105576295, 6121575.563066240400076 ], [ 340893.017529676668346, 6121578.125878179445863 ], [ 340903.058200247818604, 6121580.68869011849165 ], [ 340910.324584012152627, 6121582.543317943811417 ], [ 340913.098870818968862, 6121583.251410122029483 ], [ 340923.13954139011912, 6121585.81422206107527 ], [ 340933.180211961211171, 6121588.37703400105238 ], [ 340943.220882532361429, 6121590.939754003658891 ], [ 340949.63803660380654, 6121592.577688338235021 ], [ 340953.261553103511687, 6121593.502565942704678 ], [ 340963.302223674661946, 6121596.065377881750464 ], [ 340973.342894245753996, 6121598.628097885288298 ], [ 340983.383564816904254, 6121601.190909825265408 ], [ 340988.951589415606577, 6121602.612058732658625 ], [ 340993.42423538811272, 6121603.753629828803241 ], [ 341003.464905959204771, 6121606.316441766917706 ], [ 341013.505576530296821, 6121608.879253705963492 ], [ 341023.546247101447079, 6121611.441973709501326 ], [ 341028.265102932695299, 6121612.646429127082229 ], [ 341033.586917672597338, 6121614.004785649478436 ], [ 341043.627588243747596, 6121616.567597588524222 ], [ 341053.668258814839646, 6121619.130317591130733 ], [ 341063.708929385989904, 6121621.693129531107843 ], [ 341067.578456001938321, 6121622.680799521505833 ], [ 341073.749599957140163, 6121624.25594147015363 ], [ 341083.790270528290421, 6121626.818661473691463 ], [ 341093.830941099440679, 6121629.38147341273725 ], [ 341103.871611670532729, 6121631.944193415343761 ], [ 341106.892169261642266, 6121632.715169915929437 ], [ 341113.912282241682988, 6121634.507005354389548 ], [ 341123.952952812775038, 6121637.069817293435335 ], [ 341133.993623383983504, 6121639.632537297904491 ], [ 341144.034293955075555, 6121642.195349236950278 ], [ 341146.20552233082708, 6121642.749540310353041 ], [ 341154.074964526225813, 6121644.758161175996065 ], [ 341164.115635097376071, 6121646.932177473790944 ], [ 341174.156305668526329, 6121646.377436961047351 ], [ 341182.338738587684929, 6121642.749540310353041 ], [ 341184.19697623961838, 6121641.579158199951053 ], [ 341188.59666851349175, 6121632.715169915929437 ], [ 341193.577286772837397, 6121622.680799521505833 ], [ 341194.23764681071043, 6121621.238870886154473 ], [ 341197.710794658749364, 6121612.646429127082229 ], [ 341200.832019080757163, 6121602.612058732658625 ], [ 341204.278317381918896, 6121595.379223340190947 ], [ 341206.658648767333943, 6121592.577688338235021 ], [ 341214.318987953069154, 6121587.429491960443556 ], [ 341221.58958137629088, 6121582.543317943811417 ], [ 341224.359658524161205, 6121580.681698376312852 ], [ 341234.400329095311463, 6121573.93390479311347 ], [ 341236.520655699132476, 6121572.508947549387813 ], [ 341244.440999666461721, 6121567.186111208051443 ], [ 341251.451600328087807, 6121562.474577154964209 ], [ 341254.481670237611979, 6121560.438192792236805 ], [ 341264.52234080870403, 6121553.690399208106101 ], [ 341266.470748399733566, 6121552.440206761471927 ], [ 341274.563011379854288, 6121547.084929019212723 ], [ 341284.603681951062754, 6121543.421337071806192 ], [ 341288.005540118494537, 6121542.405836366117001 ], [ 341294.644352522154804, 6121540.376215258613229 ], [ 341304.685023093246855, 6121537.601669294759631 ], [ 341314.725693664397113, 6121534.827021790668368 ], [ 341323.611867129919119, 6121532.371465971693397 ], [ 341324.766364235547371, 6121532.044042274355888 ], [ 341334.807034806697629, 6121527.857975106686354 ], [ 341341.888382101082243, 6121522.337095578201115 ], [ 341343.658614608168136, 6121512.302725183777511 ], [ 341341.001654392108321, 6121502.268354789353907 ], [ 341339.573875798843801, 6121492.233984394930303 ], [ 341338.146103507722728, 6121482.199613999575377 ], [ 341336.718390471010935, 6121472.165243606083095 ], [ 341335.290677434299141, 6121462.130873211659491 ], [ 341334.807034806697629, 6121458.731993379071355 ], [ 341333.862839586567134, 6121452.096502817235887 ], [ 341332.435126549913548, 6121442.062132422812283 ], [ 341331.007366281235591, 6121432.027762028388679 ], [ 341329.579575665527955, 6121421.993391633033752 ], [ 341328.151862628757954, 6121411.959021239541471 ], [ 341326.669777838571463, 6121401.924650845117867 ], [ 341324.766364235547371, 6121393.753166368231177 ], [ 341324.35959132591961, 6121391.890280450694263 ], [ 341321.136975394329056, 6121381.855910056270659 ], [ 341317.890292137977667, 6121371.821539661847055 ], [ 341314.725693664397113, 6121362.040864823386073 ], [ 341314.643608881509863, 6121361.787169267423451 ], [ 341311.330555354652461, 6121351.752798872999847 ], [ 341307.858629301423207, 6121341.718428478576243 ], [ 341304.951370621682145, 6121331.684058084152639 ], [ 341304.685023093246855, 6121330.667643890716136 ], [ 341302.34501281165285, 6121321.649687690660357 ], [ 341299.591120279510505, 6121311.615317296236753 ], [ 341296.070691201020963, 6121301.580946900881827 ], [ 341294.644352522154804, 6121298.048042563721538 ], [ 341291.211304266587831, 6121291.546576507389545 ], [ 341285.912583255732898, 6121281.512206112965941 ], [ 341284.603681951004546, 6121279.033424351364374 ], [ 341280.614012520585675, 6121271.477835718542337 ], [ 341275.315291509730741, 6121261.443465324118733 ], [ 341274.563011379854288, 6121260.018806139007211 ], [ 341270.016720774583519, 6121251.409094929695129 ], [ 341267.126643381081522, 6121241.374724535271525 ], [ 341266.226425544882659, 6121231.340354140847921 ], [ 341265.327203013177495, 6121221.305983746424317 ], [ 341264.52234080870403, 6121212.321631103754044 ], [ 341264.426426732563414, 6121211.271613352000713 ], [ 341263.442188469925895, 6121201.237242957577109 ], [ 341262.19375638657948, 6121191.202872563153505 ], [ 341260.945215417654254, 6121181.168502168729901 ], [ 341259.696733088116162, 6121171.134131774306297 ], [ 341258.448207290901337, 6121161.099761379882693 ], [ 341257.22011316503631, 6121151.065390985459089 ], [ 341256.113257447606884, 6121141.031020591035485 ], [ 341255.462005008012056, 6121130.996650197543204 ], [ 341255.003070984676015, 6121120.962279802188277 ], [ 341254.544136961398181, 6121110.927909408695996 ], [ 341254.481670237611979, 6121109.562481694854796 ], [ 341254.085076230752748, 6121100.893539014272392 ], [ 341253.626142207416706, 6121090.85916862078011 ], [ 341253.167208184138872, 6121080.824798225425184 ], [ 341252.708147453493439, 6121070.79042783100158 ], [ 341252.249213430157397, 6121060.756057436577976 ], [ 341249.042421658872627, 6121050.721687042154372 ], [ 341246.159298953367397, 6121040.687316647730768 ], [ 341244.440999666461721, 6121036.386624765582383 ], [ 341242.150164617341943, 6121030.652946253307164 ], [ 341238.140990809071809, 6121020.61857585888356 ], [ 341234.400329095311463, 6121011.25621809437871 ], [ 341234.131833036313765, 6121010.584205464459956 ], [ 341230.122698700288311, 6121000.549835070036352 ], [ 341225.629482383083086, 6120990.515464675612748 ], [ 341224.359658524161205, 6120988.438993817195296 ], [ 341216.939136448199861, 6120980.481094281189144 ], [ 341214.318987953069154, 6120977.671170055866241 ], [ 341207.582464033097494, 6120970.446723887696862 ], [ 341204.278317381977104, 6120967.904165666550398 ], [ 341194.237646810768638, 6120965.024213798344135 ], [ 341184.19697623961838, 6120962.19725692179054 ], [ 341177.857428762246855, 6120960.412353492341936 ], [ 341174.156305668526329, 6120959.370291988365352 ], [ 341164.115635097376071, 6120956.093166269361973 ], [ 341155.927082486916333, 6120950.377983097918332 ], [ 341154.074964526225813, 6120948.335394158959389 ], [ 341150.734480414655991, 6120940.343612703494728 ], [ 341147.041776363039389, 6120930.309242310002446 ], [ 341144.034293955075555, 6120922.136985722929239 ], [ 341143.349015114246868, 6120920.274871915578842 ], [ 341139.656253865512554, 6120910.240501521155238 ], [ 341135.96349261677824, 6120900.206131126731634 ], [ 341133.993623383983504, 6120894.853389321826398 ], [ 341132.270731367985718, 6120890.17176073230803 ], [ 341128.577970119193196, 6120880.137390337884426 ], [ 341124.885266067576595, 6120870.103019943460822 ], [ 341123.952952812775038, 6120867.569637497887015 ], [ 341121.192504818842281, 6120860.068649549037218 ], [ 341117.499743570049759, 6120850.034279154613614 ], [ 341113.912282241682988, 6120840.286041096784174 ], [ 341113.806982321315445, 6120839.99990876019001 ], [ 341110.114221072522923, 6120829.965538365766406 ], [ 341106.421517020906322, 6120819.931167971342802 ], [ 341103.871611670532729, 6120813.002289272844791 ], [ 341102.728755772172008, 6120809.896797576919198 ], [ 341099.035994523437694, 6120799.862427182495594 ], [ 341095.34323327470338, 6120789.82805678807199 ], [ 341093.830941099440679, 6120785.718692870810628 ], [ 341091.650472025910858, 6120779.793686393648386 ], [ 341087.957710777118336, 6120769.759315999224782 ], [ 341084.41080697288271, 6120759.724945604801178 ], [ 341083.790270528290421, 6120752.679141994565725 ], [ 341083.603976342710666, 6120749.690575210377574 ], [ 341083.790270528290421, 6120748.247698330320418 ], [ 341084.899544166983105, 6120739.656204815022647 ], [ 341086.19507212517783, 6120729.621834421530366 ], [ 341087.490614775451832, 6120719.587464027106762 ], [ 341088.786167907644995, 6120709.553093632683158 ], [ 341090.08169586583972, 6120699.518723239190876 ], [ 341091.377253947837744, 6120689.484352844767272 ], [ 341091.996772373851854, 6120679.449982450343668 ], [ 341093.830941099440679, 6120670.479662287980318 ], [ 341093.968320151907392, 6120669.415612055920064 ], [ 341093.830941099440679, 6120668.016015181317925 ], [ 341083.790270528290421, 6120660.262793656438589 ], [ 341079.868308029021136, 6120659.38124166149646 ], [ 341073.749599957140163, 6120658.005899937823415 ], [ 341063.708929385989904, 6120655.749046685174108 ], [ 341053.668258814839646, 6120653.492234180681407 ], [ 341043.627588243747596, 6120651.235327493399382 ], [ 341035.225554058968555, 6120649.346871267072856 ], [ 341033.586917672597338, 6120648.978568422608078 ], [ 341023.546247101447079, 6120646.721661736257374 ], [ 341013.505576530296821, 6120644.464826868847013 ], [ 341003.464905959204771, 6120642.207953382283449 ], [ 340993.424235388054512, 6120639.951089290902019 ], [ 340990.583242459106259, 6120639.312500872649252 ], [ 340983.383564816904254, 6120637.694206411018968 ], [ 340973.342894245753996, 6120635.437423533760011 ], [ 340963.302223674661946, 6120633.180516846477985 ], [ 340953.261553103569895, 6120630.923733566887677 ], [ 340945.940381311520468, 6120629.278130477294326 ], [ 340943.220882532303222, 6120628.666851088404655 ], [ 340933.180211961211171, 6120626.409986594691873 ], [ 340923.13954139011912, 6120624.153113108128309 ], [ 340913.098870818968862, 6120621.8962786430493 ], [ 340903.058200247818604, 6120619.639371956698596 ], [ 340901.298061764624435, 6120619.243760082870722 ], [ 340893.017529676668346, 6120617.382612885907292 ], [ 340882.976859105576295, 6120615.125706198625267 ], [ 340872.936188534426037, 6120612.868893292732537 ], [ 340862.895517963275779, 6120610.612019807100296 ], [ 340856.655315741605591, 6120609.209389690309763 ], [ 340852.854847392125521, 6120608.355146320536733 ], [ 340842.81417682103347, 6120606.098272833973169 ], [ 340832.773506249883212, 6120603.841467996127903 ], [ 340822.732835678732954, 6120601.584561308845878 ], [ 340812.692165107582696, 6120599.327799990773201 ], [ 340812.012454594078008, 6120599.175019294954836 ], [ 340802.651494536490645, 6120594.337043527513742 ], [ 340799.968725488637574, 6120589.140648901462555 ], [ 340802.651494536490645, 6120584.861009634099901 ], [ 340806.258951518102549, 6120579.106278506107628 ], [ 340812.549177547625732, 6120569.071908111684024 ], [ 340812.692165107582696, 6120568.843809768557549 ], [ 340818.839403577148914, 6120559.03753771726042 ], [ 340822.732835678732954, 6120552.826609902083874 ], [ 340825.129629606730305, 6120549.003167321905494 ], [ 340831.419855636253487, 6120538.968796928413212 ], [ 340832.773506249883212, 6120536.809410035610199 ], [ 340837.71008166577667, 6120528.934426533989608 ], [ 340842.81417682103347, 6120520.792210169136524 ], [ 340844.00030769535806, 6120518.900056139566004 ], [ 340850.290533724823035, 6120508.865685746073723 ], [ 340852.854847392125521, 6120504.775010303594172 ], [ 340856.58075975428801, 6120498.831315351650119 ], [ 340862.870985783869401, 6120488.796944957226515 ], [ 340862.895517963275779, 6120488.757810437120497 ], [ 340869.161211813392583, 6120478.762574562802911 ], [ 340872.936188534426037, 6120472.740610571578145 ], [ 340875.451437842915766, 6120468.728204167447984 ], [ 340881.738595225557219, 6120458.693833773955703 ], [ 340882.976859105576295, 6120456.72341070510447 ], [ 340888.031889901962131, 6120448.659463379532099 ], [ 340893.017529676668346, 6120440.706210838630795 ], [ 340894.322115931485314, 6120438.625092985108495 ], [ 340900.412956106825732, 6120428.590722590684891 ], [ 340903.058200247818604, 6120424.177167981863022 ], [ 340906.417120775324292, 6120418.556352196261287 ], [ 340912.436827629571781, 6120408.521981801837683 ], [ 340913.098870818968862, 6120407.412802113220096 ], [ 340918.426106597995386, 6120398.487611407414079 ], [ 340923.13954139011912, 6120390.590524528175592 ], [ 340924.415194885805249, 6120388.453241012990475 ], [ 340930.404473854170647, 6120378.418870618566871 ], [ 340933.180211961211171, 6120373.768430318683386 ], [ 340936.39369179593632, 6120368.384500224143267 ], [ 340942.382841110345908, 6120358.350129829719663 ], [ 340943.220882532361429, 6120356.946084688417614 ], [ 340948.372120078769512, 6120348.315759435296059 ], [ 340953.261553103511687, 6120340.123797716572881 ], [ 340954.361208366521169, 6120338.281389040872455 ], [ 340960.350487334944773, 6120328.247018646448851 ], [ 340963.302223674661946, 6120323.301555444486439 ], [ 340966.339575622696429, 6120318.212648251093924 ], [ 340972.328854591061827, 6120308.178277858532965 ], [ 340973.342894245753996, 6120306.479313175193965 ], [ 340978.317942878813483, 6120298.143907465040684 ], [ 340983.383564816904254, 6120289.657021635212004 ], [ 340984.307221847295295, 6120288.10953707061708 ], [ 340990.38061369600473, 6120278.075166675262153 ], [ 340993.424235388054512, 6120273.45994746312499 ], [ 340997.008571471145842, 6120268.040796280838549 ], [ 341003.464905959204771, 6120258.2791912490502 ], [ 341003.645313218992669, 6120258.006425886414945 ], [ 341010.282054966781288, 6120247.972055491991341 ], [ 341013.505576530296821, 6120243.098276976495981 ], [ 341016.918796714628115, 6120237.93768509849906 ], [ 341023.546247101447079, 6120227.917362704873085 ], [ 341023.551587883674074, 6120227.903314703144133 ], [ 341026.667422434897162, 6120217.868944308720529 ], [ 341029.69798226444982, 6120207.834573914296925 ], [ 341032.728517231880687, 6120197.800203519873321 ], [ 341033.586917672597338, 6120194.958026822656393 ], [ 341035.759119790396653, 6120187.765833125449717 ], [ 341039.143923506722786, 6120177.731462731026113 ], [ 341043.627588243747596, 6120171.764253843575716 ], [ 341047.920375887537375, 6120167.697092336602509 ], [ 341053.668258814839646, 6120162.251399518921971 ], [ 341058.586402401560917, 6120157.662721942178905 ], [ 341062.516801494173706, 6120147.628351547755301 ], [ 341053.668258814839646, 6120141.357588881626725 ], [ 341048.49646265571937, 6120137.593981153331697 ], [ 341043.627588243747596, 6120133.10978545807302 ], [ 341038.475589260633569, 6120127.559610758908093 ], [ 341033.586917672597338, 6120121.968037016689777 ], [ 341029.702613400993869, 6120117.525240364484489 ], [ 341023.546247101447079, 6120110.598443738184869 ], [ 341017.725050312816165, 6120107.490869970060885 ], [ 341013.505576530296821, 6120105.551956025883555 ], [ 341003.464905959204771, 6120100.93825685698539 ], [ 340995.887889146630187, 6120097.456499576568604 ], [ 340993.424235388054512, 6120096.324412289075553 ], [ 340983.383564816904254, 6120089.844638670794666 ], [ 340980.873242468049284, 6120087.422129182145 ], [ 340973.342894245753996, 6120080.659413242712617 ], [ 340970.391613681567833, 6120077.387758787721395 ], [ 340963.302223674661946, 6120069.643560359254479 ], [ 340961.295701687107794, 6120067.353388393297791 ], [ 340953.261553103511687, 6120058.314228197559714 ], [ 340952.37103699403815, 6120057.319017998874187 ], [ 340944.610695971292444, 6120047.284647604450583 ], [ 340943.220882532303222, 6120045.178098933771253 ], [ 340938.008215965121053, 6120037.250277210026979 ], [ 340933.180211961211171, 6120031.729002440348268 ], [ 340928.99493818753399, 6120027.215906815603375 ], [ 340923.13954139011912, 6120020.901871677488089 ], [ 340919.689412812585942, 6120017.181536421179771 ], [ 340913.098870818968862, 6120010.074769034981728 ], [ 340910.383924695604946, 6120007.147166026756167 ], [ 340903.058200247818604, 6119999.247706534340978 ], [ 340901.0783648196375, 6119997.112795632332563 ], [ 340903.058200247818604, 6119990.895522302947938 ], [ 340906.098774748388678, 6119987.078425236977637 ], [ 340913.098870818968862, 6119980.669561974704266 ], [ 340916.58171060209861, 6119977.044054843485355 ], [ 340913.118434377887752, 6119967.009684449061751 ], [ 340913.098870818968862, 6119966.972464974038303 ], [ 340908.75815306144068, 6119956.975314054638147 ], [ 340903.316515215788968, 6119946.940943660214543 ], [ 340903.058200247818604, 6119946.609503992833197 ], [ 340896.0551306559355, 6119936.906573265790939 ], [ 340893.017529676668346, 6119932.235596796497703 ], [ 340889.529689367162064, 6119926.872202871367335 ], [ 340883.00414894381538, 6119916.837832476943731 ], [ 340882.976859105576295, 6119916.795935315079987 ], [ 340876.472376148391049, 6119906.803462082520127 ], [ 340872.936188534426037, 6119903.282444266602397 ], [ 340866.802354283863679, 6119896.769091689959168 ], [ 340862.895517963275779, 6119893.54700281471014 ], [ 340854.635622951434925, 6119886.734721294604242 ], [ 340852.854847392125521, 6119885.025943881832063 ], [ 340842.81417682103347, 6119876.985082448460162 ], [ 340842.524963733390905, 6119876.700350900180638 ], [ 340836.126467694935855, 6119866.665980505757034 ], [ 340832.773506249883212, 6119858.506523174233735 ], [ 340830.982570048887283, 6119856.63161011133343 ], [ 340822.732835678732954, 6119850.376245307736099 ], [ 340818.868945467402227, 6119846.597239716909826 ], [ 340812.692165107582696, 6119841.751111578196287 ], [ 340806.079332768684253, 6119836.562869322486222 ], [ 340802.651494536548853, 6119833.051509426906705 ], [ 340796.629363553249277, 6119826.528498928062618 ], [ 340792.610823965398595, 6119821.920646591112018 ], [ 340789.29948638973292, 6119816.494128533639014 ], [ 340784.545930029009469, 6119806.45975813921541 ], [ 340782.570153394190129, 6119801.363559025339782 ], [ 340780.655643537815195, 6119796.425387744791806 ], [ 340776.765203109942377, 6119786.391017349436879 ], [ 340772.874911322956905, 6119776.356646955944598 ], [ 340772.529482823039871, 6119775.465691107325256 ], [ 340768.984530539717525, 6119766.322276561520994 ], [ 340764.587041181628592, 6119756.287906168028712 ], [ 340762.48881225194782, 6119749.828823369927704 ], [ 340761.544374615536071, 6119746.253535772673786 ], [ 340762.48881225194782, 6119740.358617870137095 ], [ 340763.209490193636157, 6119736.219165378250182 ], [ 340762.668334042304195, 6119726.184794983826578 ], [ 340762.48881225194782, 6119722.855143930763006 ], [ 340762.127319951076061, 6119716.150424589402974 ], [ 340761.47281990526244, 6119706.11605419497937 ], [ 340760.648319469531998, 6119696.081683801487088 ], [ 340759.814134731364902, 6119686.047313407063484 ], [ 340758.759648763283622, 6119676.01294301263988 ], [ 340757.606573981698602, 6119665.978572618216276 ], [ 340754.741955748526379, 6119655.944202223792672 ], [ 340752.970896939572413, 6119645.909831829369068 ], [ 340752.448141680797562, 6119641.443902396596968 ], [ 340750.910404887399636, 6119635.875461434945464 ], [ 340745.82061868859455, 6119625.84109104052186 ], [ 340743.838206812215503, 6119615.806720646098256 ], [ 340742.407471109647304, 6119608.225202347151935 ], [ 340741.423851477273274, 6119605.772350251674652 ], [ 340736.648109694477171, 6119595.737979857251048 ], [ 340734.569240117445588, 6119585.703609462827444 ], [ 340732.366800538497046, 6119576.880498563870788 ], [ 340731.76940423931228, 6119575.66923906840384 ], [ 340727.284255620208569, 6119565.634868673980236 ], [ 340725.417091742972843, 6119555.600498279556632 ], [ 340726.073111311532557, 6119545.566127885133028 ], [ 340725.118046665680595, 6119535.531757490709424 ], [ 340722.326129967346787, 6119526.33450928516686 ], [ 340722.067305260861758, 6119525.49738709628582 ], [ 340718.99735200649593, 6119515.463016701862216 ], [ 340716.186924408888444, 6119505.428646307438612 ], [ 340713.599187694664579, 6119495.394275913946331 ], [ 340712.285459396254737, 6119489.976778341457248 ], [ 340711.170376653259154, 6119485.359905519522727 ], [ 340708.74695612443611, 6119475.325535125099123 ], [ 340708.311211379012093, 6119465.291164730675519 ], [ 340708.437912895344198, 6119455.256794336251915 ], [ 340702.244788825104479, 6119449.6895123552531 ], [ 340697.155129533144645, 6119445.22242394182831 ], [ 340692.204118253896013, 6119441.344023217447102 ], [ 340682.163447682803962, 6119438.109363125637174 ], [ 340672.122777111711912, 6119439.601687090471387 ], [ 340662.082106540561654, 6119440.223923113197088 ], [ 340652.041435969411395, 6119440.846101136878133 ], [ 340642.000765398261137, 6119441.46834540553391 ], [ 340631.960094827169087, 6119442.090498195961118 ], [ 340621.919424256018829, 6119442.712734218686819 ], [ 340614.995987703034189, 6119445.22242394182831 ], [ 340611.87875368486857, 6119446.09115943685174 ], [ 340601.838083113718312, 6119451.546359352767467 ], [ 340595.350270672701299, 6119455.256794336251915 ], [ 340591.797412542626262, 6119457.278285255655646 ], [ 340581.756741971476004, 6119464.210221690125763 ], [ 340571.716071400383953, 6119463.33042382914573 ], [ 340561.675400829175487, 6119462.450603072531521 ], [ 340551.634730258083437, 6119461.570798121392727 ], [ 340541.594059686933178, 6119460.69099316932261 ], [ 340531.55338911578292, 6119459.811188217252493 ], [ 340521.512718544632662, 6119458.931383265182376 ], [ 340511.472047973540612, 6119458.286887172609568 ], [ 340501.431377402390353, 6119458.402808506041765 ], [ 340491.390706831240095, 6119458.752213169820607 ], [ 340481.350036260089837, 6119459.101590161211789 ], [ 340471.309365688939579, 6119459.450950276106596 ], [ 340461.268695117847528, 6119458.400623956695199 ], [ 340452.36760434700409, 6119455.256794336251915 ], [ 340451.22802454669727, 6119454.546972117386758 ], [ 340441.187353975547012, 6119448.292832595296204 ], [ 340435.879668734152801, 6119445.22242394182831 ], [ 340431.146683404396754, 6119442.530605399049819 ], [ 340421.106012833304703, 6119436.963694490492344 ], [ 340418.114179902011529, 6119435.188053547404706 ], [ 340411.065342262154445, 6119430.853494052775204 ], [ 340402.423020360933151, 6119425.153683152981102 ], [ 340401.024671691004187, 6119424.231454838998616 ], [ 340390.984001119853929, 6119417.609507901594043 ], [ 340387.20818876096746, 6119415.119312758557498 ], [ 340380.943330548820086, 6119410.98756096418947 ], [ 340371.993357161059976, 6119405.084942364133894 ], [ 340370.90265997761162, 6119404.365602380596101 ], [ 340360.861989406461362, 6119397.743667088449001 ], [ 340356.778525561094284, 6119395.05057196971029 ], [ 340350.821318835311104, 6119391.12165654450655 ], [ 340341.563940279418603, 6119385.016201575286686 ], [ 340340.780648264219053, 6119384.499610763043165 ], [ 340330.739977693068795, 6119377.877710708416998 ], [ 340326.349108679452911, 6119374.981831180863082 ], [ 340320.699307121918537, 6119371.255716888234019 ], [ 340311.134277079545427, 6119364.947460786439478 ], [ 340310.658636550768279, 6119364.633769950829446 ], [ 340300.617965979676228, 6119358.011823013424873 ], [ 340295.919445479637943, 6119354.913090392015874 ], [ 340290.57729540852597, 6119351.389819035306573 ], [ 340280.704618000832852, 6119344.87871999759227 ], [ 340280.536624837375712, 6119344.767927343957126 ], [ 340270.495954266225453, 6119338.529975917190313 ], [ 340260.455283695133403, 6119336.964894434437156 ], [ 340250.414613123983145, 6119336.553702573291957 ], [ 340240.373942552832887, 6119336.379997570998967 ], [ 340230.333271981682628, 6119336.206366449594498 ], [ 340220.292601410590578, 6119336.032662926241755 ], [ 340210.25193083944032, 6119335.858959403820336 ], [ 340200.211260268290062, 6119335.685255881398916 ], [ 340190.170589697139803, 6119335.511552357114851 ], [ 340180.129919125989545, 6119335.337848834693432 ], [ 340170.089248554897495, 6119335.16414531134069 ], [ 340160.048577983747236, 6119334.99044178891927 ], [ 340151.603939201158937, 6119334.844349603168666 ], [ 340150.007907412596978, 6119334.816738030873239 ], [ 340139.96723684144672, 6119334.643033027648926 ], [ 340129.92656627035467, 6119334.469331219792366 ], [ 340119.885895699204411, 6119334.295627696439624 ], [ 340109.845225128054153, 6119333.317843550816178 ], [ 340099.804554556903895, 6119328.435777356848121 ], [ 340089.782471561746206, 6119324.809979208745062 ], [ 340089.763883985811844, 6119324.808820128440857 ], [ 340079.723213414661586, 6119324.182600559666753 ], [ 340069.682542843511328, 6119323.556486363522708 ], [ 340059.64187227236107, 6119322.930372165516019 ], [ 340049.601201701269019, 6119322.304152597673237 ], [ 340039.560531130118761, 6119321.67803840059787 ], [ 340029.519860559026711, 6119321.051924203522503 ], [ 340019.479189987818245, 6119320.425704635679722 ], [ 340009.438519416726194, 6119319.799590438604355 ], [ 339999.397848845575936, 6119319.173476240597665 ], [ 339989.357178274425678, 6119318.547256672754884 ], [ 339979.31650770327542, 6119317.921142475679517 ], [ 339969.275837132183369, 6119317.29502827860415 ], [ 339959.235166561033111, 6119316.668808710761368 ], [ 339949.194495989882853, 6119316.042694512754679 ], [ 339939.153825418732595, 6119315.416580315679312 ], [ 339929.113154847640544, 6119314.79036074783653 ], [ 339928.876585699210409, 6119314.775608814321458 ], [ 339919.072484276490286, 6119314.164246550761163 ], [ 339909.031813705398235, 6119313.538132353685796 ], [ 339898.99114313418977, 6119312.911912785843015 ], [ 339888.950472563039511, 6119312.285798587836325 ], [ 339878.909801991947461, 6119311.659651669673622 ], [ 339868.869131420738995, 6119311.033464822918177 ], [ 339858.828460849646945, 6119310.40735062584281 ], [ 339848.787790278496686, 6119309.953091732226312 ], [ 339838.747119707404636, 6119309.759374170564115 ], [ 339828.706449136254378, 6119309.692388158291578 ], [ 339818.665778565104119, 6119309.625402146019042 ], [ 339808.625107993953861, 6119309.558416133746505 ], [ 339798.584437422861811, 6119309.491430122405291 ], [ 339788.543766851711553, 6119309.424444110132754 ], [ 339778.503096280561294, 6119309.357458097860217 ], [ 339768.462425709411036, 6119309.290472086519003 ], [ 339758.421755138318986, 6119309.223486074246466 ], [ 339748.381084567168728, 6119309.156500061973929 ], [ 339738.340413996018469, 6119309.089514050632715 ], [ 339728.299743424868211, 6119309.022528038360178 ], [ 339718.259072853776161, 6119308.955542026087642 ], [ 339708.218402282625902, 6119308.888556014746428 ], [ 339698.177731711475644, 6119308.821570002473891 ], [ 339688.137061140325386, 6119308.754583990201354 ], [ 339678.096390569233336, 6119308.68759797886014 ], [ 339668.055719998083077, 6119308.620611967518926 ], [ 339658.015049426932819, 6119308.553625954315066 ], [ 339647.974378855782561, 6119308.486639942973852 ], [ 339637.93370828469051, 6119308.419653930701315 ], [ 339627.893037713540252, 6119308.352667918428779 ], [ 339617.852367142389994, 6119308.285681907087564 ], [ 339607.811696571239736, 6119308.21869589574635 ], [ 339597.771026000089478, 6119308.151709883473814 ], [ 339587.730355428997427, 6119308.084723871201277 ], [ 339577.689684857847169, 6119308.017737859860063 ], [ 339567.649014286696911, 6119307.950751846656203 ], [ 339557.608343715546653, 6119307.883765835314989 ], [ 339547.567673144454602, 6119307.816779823973775 ], [ 339537.527002573304344, 6119307.749793811701238 ], [ 339527.486332002154086, 6119307.682807799428701 ], [ 339517.445661431003828, 6119307.615821788087487 ], [ 339507.404990859911777, 6119307.54883577581495 ], [ 339497.364320288761519, 6119307.481849763542414 ], [ 339487.323649717611261, 6119307.4148637522012 ], [ 339477.282979146461003, 6119307.347877739928663 ], [ 339467.242308575368952, 6119305.055726387538016 ], [ 339466.046358311432414, 6119304.741238419897854 ], [ 339457.201638004218694, 6119302.415424220263958 ], [ 339447.160967433068436, 6119299.839480364695191 ], [ 339437.120296861918177, 6119302.591075628995895 ], [ 339436.113931990345009, 6119304.741238420829177 ], [ 339435.453797138296068, 6119314.775608813390136 ], [ 339434.79366228642175, 6119324.809979208745062 ], [ 339434.139193392707966, 6119334.844349603168666 ], [ 339433.412984450231306, 6119344.878719998523593 ], [ 339431.038551486679353, 6119354.913090392015874 ], [ 339428.664146252791397, 6119364.947460786439478 ], [ 339427.079626290826127, 6119371.643507446162403 ], [ 339426.289651255880017, 6119374.98183117993176 ], [ 339423.915266720345244, 6119385.016201574355364 ], [ 339421.540751025080681, 6119395.05057196971029 ], [ 339419.1663664894877, 6119405.084942364133894 ], [ 339417.038955719675869, 6119414.075081991031766 ], [ 339416.791854022128973, 6119415.119312758557498 ], [ 339414.562642708886415, 6119425.153683152981102 ], [ 339413.120065893337596, 6119435.188053547404706 ], [ 339411.953983997809701, 6119445.22242394182831 ], [ 339410.78802146774251, 6119455.256794336251915 ], [ 339409.621939572156407, 6119465.291164730675519 ], [ 339408.455977042147424, 6119475.325535125099123 ], [ 339407.289895146561321, 6119485.359905519522727 ], [ 339406.998285148525611, 6119487.869525387883186 ], [ 339406.171950538817327, 6119495.394275913946331 ], [ 339405.213188863126561, 6119505.428646307438612 ], [ 339404.869797978317365, 6119515.463016701862216 ], [ 339404.598056388786063, 6119525.497387097217143 ], [ 339404.321809987770393, 6119535.531757490709424 ], [ 339406.998285148525611, 6119544.937840874306858 ], [ 339407.199788158410229, 6119545.566127885133028 ], [ 339414.029669177951291, 6119555.600498279556632 ], [ 339417.038955719675869, 6119562.119978746399283 ], [ 339418.661371954833157, 6119565.634868673980236 ], [ 339423.293166099465452, 6119575.66923906840384 ], [ 339427.079626290826127, 6119583.872268577106297 ], [ 339431.10756212414708, 6119585.703609462827444 ], [ 339427.70362821710296, 6119595.737979857251048 ], [ 339427.079626290826127, 6119596.956648664548993 ], [ 339422.377346304012462, 6119605.772350251674652 ], [ 339417.038955719675869, 6119612.325760934501886 ], [ 339413.870649036834948, 6119615.806720646098256 ], [ 339406.998285148525611, 6119623.994595654308796 ], [ 339405.330335437203757, 6119625.84109104052186 ], [ 339397.683691799582448, 6119635.875461434945464 ], [ 339397.4110149074113, 6119645.909831829369068 ], [ 339406.998285148525611, 6119651.210638128221035 ], [ 339417.038955719675869, 6119653.987823380157351 ], [ 339420.588587248406839, 6119655.944202223792672 ], [ 339427.079626290826127, 6119659.521692913025618 ], [ 339437.057518599438481, 6119665.978572619147599 ], [ 339436.897223392501473, 6119676.012943011708558 ], [ 339437.120296861918177, 6119679.395231714472175 ], [ 339437.594679381872993, 6119686.047313407063484 ], [ 339438.950853521586396, 6119696.081683801487088 ], [ 339437.12029686185997, 6119701.580132741481066 ], [ 339435.610187135345768, 6119706.11605419497937 ], [ 339432.269471759791486, 6119716.150424589402974 ], [ 339428.928759584319778, 6119726.184794983826578 ], [ 339427.079626290826127, 6119731.739042619243264 ], [ 339425.588093198137358, 6119736.219165379181504 ], [ 339422.247377647086978, 6119746.253535772673786 ], [ 339418.906665646936744, 6119756.287906168028712 ], [ 339417.038955719675869, 6119761.897952497005463 ], [ 339415.565999260696117, 6119766.322276560589671 ], [ 339412.668453612248413, 6119776.356646955944598 ], [ 339417.038955719675869, 6119779.377760711126029 ], [ 339427.079626290826127, 6119776.509873831644654 ], [ 339427.61608419357799, 6119776.356646955013275 ], [ 339437.120296861918177, 6119773.641986951231956 ], [ 339447.160967433068436, 6119770.774100072681904 ], [ 339457.201638004218694, 6119767.906213193200529 ], [ 339462.74710984074045, 6119766.322276561520994 ], [ 339467.24230857542716, 6119765.038326313719153 ], [ 339477.282979146461003, 6119762.170439433306456 ], [ 339487.323649717611261, 6119759.30255255382508 ], [ 339494.507436454761773, 6119756.28790616709739 ], [ 339497.364320288761519, 6119755.230789219029248 ], [ 339507.404990859911777, 6119746.968987662345171 ], [ 339508.721301084035076, 6119746.253535772673786 ], [ 339517.445661431003828, 6119741.511569315567613 ], [ 339527.45833690877771, 6119736.219165378250182 ], [ 339527.486332002154086, 6119736.204747917130589 ], [ 339537.527002573304344, 6119731.809210790321231 ], [ 339547.567673144454602, 6119727.427860682830215 ], [ 339550.416369739221409, 6119726.184794983826578 ], [ 339557.608343715546653, 6119723.046483878046274 ], [ 339567.649014286696911, 6119722.196699051186442 ], [ 339569.891886466823053, 6119726.184794983826578 ], [ 339575.535122100729495, 6119736.219165379181504 ], [ 339577.689684857847169, 6119740.050252235494554 ], [ 339581.178345956082921, 6119746.253535772673786 ], [ 339586.821569811436348, 6119756.287906168028712 ], [ 339587.730355428997427, 6119757.903842682950199 ], [ 339592.464793666731566, 6119766.322276561520994 ], [ 339597.771026000089478, 6119775.757433130405843 ], [ 339598.10226835712092, 6119776.356646955944598 ], [ 339599.353589128702879, 6119786.391017350368202 ], [ 339598.132583630271256, 6119796.425387744791806 ], [ 339597.771026000089478, 6119799.396711939945817 ], [ 339596.911578131839633, 6119806.45975813921541 ], [ 339595.69061126554152, 6119816.494128533639014 ], [ 339593.823964596143924, 6119826.52849892899394 ], [ 339587.730355428997427, 6119834.541722034104168 ], [ 339586.107104906230234, 6119836.562869322486222 ], [ 339578.048168738372624, 6119846.597239716909826 ], [ 339577.689684857847169, 6119847.043596402741969 ], [ 339569.989232570398599, 6119856.63161011133343 ], [ 339567.649014286696911, 6119859.545470771379769 ], [ 339561.930268619500566, 6119866.665980505757034 ], [ 339557.608343715546653, 6119872.04731697589159 ], [ 339553.871342079364695, 6119876.700350900180638 ], [ 339549.08797298790887, 6119886.734721294604242 ], [ 339547.567673144454602, 6119890.155220108106732 ], [ 339544.628023556026164, 6119896.769091689027846 ], [ 339540.168122127070092, 6119906.803462082520127 ], [ 339537.527002573304344, 6119911.357241088524461 ], [ 339532.523856206098571, 6119916.837832476943731 ], [ 339527.486332002154086, 6119920.973773680627346 ], [ 339520.30211966834031, 6119926.872202871367335 ], [ 339517.445661431003828, 6119929.217430972494185 ], [ 339508.080383130523842, 6119936.906573265790939 ], [ 339507.404990859911777, 6119937.461088263429701 ], [ 339497.364320288819727, 6119945.70474555529654 ], [ 339495.546654359670356, 6119946.940943660214543 ], [ 339487.323649717611261, 6119953.45149864628911 ], [ 339477.282979146461003, 6119952.813963109627366 ], [ 339467.242308575368952, 6119948.547832793556154 ], [ 339463.821508318185806, 6119946.940943660214543 ], [ 339457.201638004218694, 6119943.75344021152705 ], [ 339447.160967433068436, 6119939.271495742723346 ], [ 339438.30719329637941, 6119936.906573265790939 ], [ 339437.120296861918177, 6119936.589542583562434 ], [ 339427.079626290826127, 6119933.907589424401522 ], [ 339417.038955719675869, 6119931.22563626524061 ], [ 339406.998285148525611, 6119928.543683105148375 ], [ 339400.74061344366055, 6119926.872202871367335 ], [ 339396.957614577375352, 6119925.975749927572906 ], [ 339386.916944006283302, 6119924.299837185069919 ], [ 339376.876273435074836, 6119923.928172752261162 ], [ 339366.835602863924578, 6119923.556487420573831 ], [ 339356.794932292832527, 6119923.184780638664961 ], [ 339346.754261721740477, 6119922.813116206787527 ], [ 339336.713591150590219, 6119922.441423846408725 ], [ 339326.67292057943996, 6119921.427535062655807 ], [ 339316.632250008289702, 6119919.516057380475104 ], [ 339306.591579437139444, 6119917.604640410281718 ], [ 339302.563640025502536, 6119916.837832476943731 ], [ 339296.550908866105601, 6119915.693167751654983 ], [ 339286.510238294838928, 6119913.781690068542957 ], [ 339276.469567723746877, 6119911.870212387293577 ], [ 339266.428897152596619, 6119909.958734704181552 ], [ 339257.58673319069203, 6119906.803462082520127 ], [ 339258.414121907320805, 6119896.769091689027846 ], [ 339256.388226581504568, 6119894.313085350207984 ], [ 339246.34755601035431, 6119892.520403817296028 ], [ 339236.306885439204052, 6119890.267670606262982 ], [ 339226.456963717879262, 6119886.734721294604242 ], [ 339226.266214868112002, 6119886.666220326907933 ], [ 339216.225544296961743, 6119883.129961258731782 ], [ 339206.184873725811485, 6119879.75760459061712 ], [ 339197.082506995066069, 6119876.700350900180638 ], [ 339196.144203154661227, 6119876.385194160975516 ], [ 339186.103532583510969, 6119873.012741799466312 ], [ 339176.062862012418918, 6119869.793373508378863 ], [ 339166.02219144126866, 6119872.333275627344847 ], [ 339155.981520870118402, 6119875.106040827929974 ], [ 339150.20824362867279, 6119876.700350900180638 ], [ 339145.940850298968144, 6119878.866659577935934 ], [ 339142.231106267194264, 6119886.734721294604242 ], [ 339138.068486413219944, 6119896.769091689027846 ], [ 339135.900179727876093, 6119901.995827618055046 ], [ 339132.709606800868642, 6119906.803462082520127 ], [ 339125.859509156784043, 6119913.997287536039948 ], [ 339122.835202409711201, 6119916.837832476012409 ], [ 339115.818838585575577, 6119923.427870599552989 ], [ 339112.009411206294317, 6119926.872202871367335 ], [ 339105.778168014425319, 6119932.302553206682205 ], [ 339099.498632705013733, 6119936.906573265790939 ], [ 339095.737497443333268, 6119939.187585607171059 ], [ 339085.69682687218301, 6119940.398493335582316 ], [ 339075.656156301032752, 6119938.703947342000902 ], [ 339065.615485729882494, 6119937.009402461349964 ], [ 339065.006199876312166, 6119936.906573265790939 ], [ 339055.574815158732235, 6119935.314838130027056 ], [ 339045.534144587698393, 6119933.620309361256659 ], [ 339035.493474016489927, 6119931.925763366743922 ], [ 339025.452803445339669, 6119930.231253721751273 ], [ 339015.41213287418941, 6119928.536689390428364 ], [ 339005.37146230309736, 6119934.928933310322464 ], [ 338995.330791732005309, 6119935.574955677613616 ], [ 338985.290121160796843, 6119936.116557637229562 ], [ 338975.249450589646585, 6119936.658175631426275 ], [ 338970.644583604531363, 6119936.906573265790939 ], [ 338965.208780018554535, 6119937.199790094979107 ], [ 338955.168109447404277, 6119937.74140156712383 ], [ 338945.127438876254018, 6119943.381882350891829 ], [ 338943.951353896292858, 6119946.940943660214543 ], [ 338935.08676830510376, 6119956.450275017879903 ], [ 338934.040714594826568, 6119956.975314054638147 ], [ 338925.04609773401171, 6119961.489924471825361 ], [ 338915.005427162861452, 6119966.529573924839497 ], [ 338914.048886106989812, 6119967.009684448130429 ], [ 338904.964756591711193, 6119971.569223378784955 ], [ 338894.924086020560935, 6119976.608872832730412 ], [ 338894.265201331232674, 6119977.044054842554033 ], [ 338884.883415449410677, 6119983.713828478008509 ], [ 338880.891385008115321, 6119987.078425237908959 ], [ 338874.842744878318626, 6119992.176391117274761 ], [ 338868.985944339889102, 6119997.112795632332563 ], [ 338864.802074307168368, 6120000.639170618727803 ], [ 338857.080460801254958, 6120007.147166026756167 ], [ 338854.76140373601811, 6120009.101733257994056 ], [ 338849.439688359037973, 6120017.181536421179771 ], [ 338849.69226779701421, 6120027.215906815603375 ], [ 338850.92504769039806, 6120037.250277210026979 ], [ 338852.798353710328229, 6120047.284647604450583 ], [ 338854.76140373601811, 6120056.67055962421 ], [ 338854.897027874190826, 6120057.319017998874187 ], [ 338856.995592663763091, 6120067.353388393297791 ], [ 338858.985834221064579, 6120077.387758787721395 ], [ 338860.609713039943017, 6120087.422129182145 ], [ 338862.233638157893438, 6120097.456499576568604 ], [ 338863.857563275960274, 6120107.490869970060885 ], [ 338864.802074307168368, 6120113.327083366923034 ], [ 338865.648820016242098, 6120117.525240364484489 ], [ 338869.578781547839753, 6120127.559610758908093 ], [ 338874.842744878318626, 6120136.27258569188416 ], [ 338875.222408107365482, 6120137.593981153331697 ], [ 338874.842744878318626, 6120138.812442903406918 ], [ 338872.120611347665545, 6120147.628351547755301 ], [ 338864.802074307168368, 6120151.63261338789016 ], [ 338859.626574425725266, 6120147.628351546823978 ], [ 338854.761403736076318, 6120142.721179556101561 ], [ 338844.72073316492606, 6120141.133013837039471 ], [ 338834.680062593775801, 6120141.002158201299608 ], [ 338824.639392022625543, 6120140.8712476529181 ], [ 338814.598721451475285, 6120140.740392017178237 ], [ 338804.558050880383234, 6120140.609536381438375 ], [ 338794.517380309232976, 6120140.478625833056867 ], [ 338784.476709738082718, 6120140.347770197317004 ], [ 338774.43603916693246, 6120140.216914561577141 ], [ 338764.395368595782202, 6120140.086004013195634 ], [ 338754.354698024690151, 6120139.955148376524448 ], [ 338744.314027453539893, 6120139.824292740784585 ], [ 338734.273356882389635, 6120140.183768666349351 ], [ 338724.232686311239377, 6120141.352332776412368 ], [ 338714.192015740147326, 6120142.520956391468644 ], [ 338704.151345169055276, 6120143.689520500600338 ], [ 338694.11067459784681, 6120144.858144115656614 ], [ 338684.070004026696552, 6120146.026708225719631 ], [ 338674.029333455604501, 6120147.195331838913262 ], [ 338670.308881307020783, 6120147.628351547755301 ], [ 338663.988662884454243, 6120148.363955453969538 ], [ 338653.947992313303985, 6120149.532519564032555 ], [ 338643.907321742153727, 6120151.191679192706943 ], [ 338633.866651171061676, 6120155.162532718852162 ], [ 338630.479859661601949, 6120157.662721942178905 ], [ 338623.825980599911418, 6120166.245089463889599 ], [ 338622.700263983220793, 6120167.697092336602509 ], [ 338614.433767486247234, 6120177.731462731026113 ], [ 338613.78531002876116, 6120178.328905693255365 ], [ 338603.744639457610901, 6120184.708815248683095 ], [ 338598.933525865024421, 6120187.765833125449717 ], [ 338593.703968886518851, 6120191.088733087293804 ], [ 338584.246568089642096, 6120197.800203519873321 ], [ 338583.663298315368593, 6120198.262062449939549 ], [ 338573.622627744218335, 6120206.056094649247825 ], [ 338571.116492669738363, 6120207.834573914296925 ], [ 338563.581957173068076, 6120213.181538820266724 ], [ 338557.124913616338745, 6120217.868944308720529 ], [ 338553.541286601976026, 6120220.459504313766956 ], [ 338543.50061603076756, 6120227.839869632385671 ], [ 338543.414301279524807, 6120227.903314703144133 ], [ 338533.459945459675509, 6120235.220196228474379 ], [ 338529.762898973363917, 6120237.937685097567737 ], [ 338523.419274888525251, 6120242.600522825494409 ], [ 338516.111645178054459, 6120247.972055492922664 ], [ 338513.378604317433201, 6120250.028458893299103 ], [ 338503.337933746282943, 6120257.651413028128445 ], [ 338502.873774855455849, 6120258.006425886414945 ], [ 338503.33793374634115, 6120259.095478801056743 ], [ 338506.124357606982812, 6120268.040796280838549 ], [ 338513.378604317433201, 6120270.697344630025327 ], [ 338523.419274888525251, 6120274.324873687699437 ], [ 338533.459945459675509, 6120277.896234519779682 ], [ 338533.96712781774113, 6120278.075166675262153 ], [ 338543.500616030825768, 6120280.534362310543656 ], [ 338549.597507716622204, 6120288.109537069685757 ], [ 338553.045513368502725, 6120298.143907463178039 ], [ 338553.541286601976026, 6120299.606135603040457 ], [ 338559.551810225006193, 6120308.178277857601643 ], [ 338563.581957173068076, 6120315.701244872063398 ], [ 338566.400986937747803, 6120318.212648252025247 ], [ 338573.622627744218335, 6120324.646228116005659 ], [ 338577.664485679473728, 6120328.247018646448851 ], [ 338583.663298315368593, 6120333.591211360879242 ], [ 338587.253090482554398, 6120338.281389040872455 ], [ 338593.428018205449916, 6120348.315759435296059 ], [ 338593.703968886518851, 6120348.836898978799582 ], [ 338598.706148939672858, 6120358.350129829719663 ], [ 338603.744639457610901, 6120367.932416538707912 ], [ 338603.982350917591248, 6120368.384500224143267 ], [ 338609.258552895626053, 6120378.418870618566871 ], [ 338613.78531002876116, 6120387.027934098616242 ], [ 338614.599478581512813, 6120388.453241012990475 ], [ 338619.872267150261905, 6120398.487611407414079 ], [ 338623.825980599911418, 6120406.076578414067626 ], [ 338626.020749578019604, 6120408.521981801837683 ], [ 338633.866651171061676, 6120418.401701103895903 ], [ 338634.039739535539411, 6120418.556352196261287 ], [ 338643.907321742153727, 6120425.767422129400074 ], [ 338649.135486987768672, 6120428.590722590684891 ], [ 338653.947992313303985, 6120431.127809002995491 ], [ 338663.988662884454243, 6120436.335664509795606 ], [ 338668.433579449774697, 6120438.625092985108495 ], [ 338674.029333455604501, 6120441.507279495708644 ], [ 338684.070004026696552, 6120446.678867410868406 ], [ 338687.915372889721766, 6120448.659463379532099 ], [ 338694.110674597905017, 6120451.850415932014585 ], [ 338704.151345168997068, 6120457.021964453160763 ], [ 338707.528525629837532, 6120458.693833773955703 ], [ 338714.192015740205534, 6120461.994617121294141 ], [ 338724.232686311239377, 6120466.996413259766996 ], [ 338727.516792769194581, 6120468.728204168379307 ], [ 338734.273356882389635, 6120472.309486972168088 ], [ 338744.314027453539893, 6120477.74497427418828 ], [ 338753.164444694994017, 6120468.728204168379307 ], [ 338754.354698024690151, 6120466.889340703375638 ], [ 338759.659613175783306, 6120458.693833773955703 ], [ 338764.395368595782202, 6120451.238600937649608 ], [ 338774.43603916693246, 6120451.151531703770161 ], [ 338778.448264961945824, 6120458.693833773955703 ], [ 338783.521820187219419, 6120468.728204168379307 ], [ 338784.476709738140926, 6120469.980751158669591 ], [ 338789.167147385596763, 6120478.762574562802911 ], [ 338794.517380309232976, 6120488.779720986261964 ], [ 338794.528754617436789, 6120488.796944957226515 ], [ 338804.558050880383234, 6120497.898725743405521 ], [ 338806.635842768591829, 6120498.831315351650119 ], [ 338814.598721451475285, 6120503.882129158824682 ], [ 338821.975174142746255, 6120508.865685746073723 ], [ 338824.639392022683751, 6120510.6656404286623 ], [ 338834.680062593775801, 6120517.449151698499918 ], [ 338837.505435183178633, 6120518.900056139566004 ], [ 338844.72073316492606, 6120522.107014403678477 ], [ 338854.76140373601811, 6120528.371120274998248 ], [ 338855.408773966075387, 6120528.934426533989608 ], [ 338864.802074307168368, 6120537.107901188544929 ], [ 338866.940693844808266, 6120538.968796928413212 ], [ 338874.842744878318626, 6120545.844730666838586 ], [ 338878.47252500616014, 6120549.003167322836816 ], [ 338884.883415449468885, 6120555.383707026019692 ], [ 338887.18102594348602, 6120559.03753771726042 ], [ 338886.339377598080318, 6120569.071908111684024 ], [ 338884.883415449468885, 6120575.429535588249564 ], [ 338884.04140346654458, 6120579.106278506107628 ], [ 338884.883415449468885, 6120582.902166510000825 ], [ 338887.174440436065197, 6120589.14064889959991 ], [ 338893.080282175273169, 6120599.175019294954836 ], [ 338894.924086020560935, 6120602.125735088251531 ], [ 338899.401896814699285, 6120609.20938968937844 ], [ 338904.640904558298644, 6120619.243760083802044 ], [ 338904.964756591711193, 6120624.096347467973828 ], [ 338905.30462173873093, 6120629.278130478225648 ], [ 338905.522135432867799, 6120639.312500872649252 ], [ 338905.739649127004668, 6120649.346871267072856 ], [ 338905.95716282108333, 6120659.381241662427783 ], [ 338906.174676515220199, 6120669.415612055920064 ], [ 338906.392190209357068, 6120679.449982451274991 ], [ 338906.609703903435729, 6120689.484352844767272 ], [ 338906.827217597514391, 6120699.518723239190876 ], [ 338907.044746351661161, 6120709.55309363361448 ], [ 338907.262317684246227, 6120719.587464027106762 ], [ 338907.479831378324889, 6120729.621834421530366 ], [ 338907.69734507240355, 6120739.65620481595397 ], [ 338907.914858766598627, 6120749.690575210377574 ], [ 338908.132372460677288, 6120759.724945604801178 ], [ 338908.34988615475595, 6120769.759315999224782 ], [ 338908.567399848892819, 6120779.793686393648386 ], [ 338908.784913543029688, 6120789.82805678807199 ], [ 338909.00242723710835, 6120799.862427182495594 ], [ 338908.381755718262866, 6120809.896797576919198 ], [ 338906.334232277877163, 6120819.931167971342802 ], [ 338904.964756591711193, 6120824.122753573581576 ], [ 338902.465815730858594, 6120829.965538365766406 ], [ 338898.174146760604344, 6120839.99990876019001 ], [ 338894.924086020560935, 6120847.303052085451782 ], [ 338889.266680362459738, 6120850.034279154613614 ], [ 338884.883415449468885, 6120851.42214135453105 ], [ 338874.842744878318626, 6120854.601075327955186 ], [ 338864.802074307226576, 6120858.612843352369964 ], [ 338864.087664807331748, 6120860.068649549037218 ], [ 338862.199904776294716, 6120870.1030199425295 ], [ 338860.312144745374098, 6120880.137390337884426 ], [ 338858.424384714337066, 6120890.17176073230803 ], [ 338856.536624683300033, 6120900.206131126731634 ], [ 338854.76140373601811, 6120909.642301098443568 ], [ 338854.648864652263001, 6120910.240501521155238 ], [ 338852.761104621342383, 6120920.274871915578842 ], [ 338850.798041647823993, 6120930.309242310002446 ], [ 338848.680462103220634, 6120940.343612703494728 ], [ 338846.250243322108872, 6120950.377983097918332 ], [ 338844.72073316492606, 6120956.269714521244168 ], [ 338843.592992155929096, 6120960.412353492341936 ], [ 338840.712736549205147, 6120970.44672388676554 ], [ 338837.832572467392311, 6120980.481094281189144 ], [ 338834.952358748880215, 6120990.515464675612748 ], [ 338834.680062593775801, 6120991.464102869853377 ], [ 338832.072103142214473, 6121000.549835070036352 ], [ 338829.191980948613491, 6121010.584205464459956 ], [ 338826.311725341889542, 6121020.61857585888356 ], [ 338824.639392022625543, 6121026.444729588925838 ], [ 338823.431485784996767, 6121030.652946253307164 ], [ 338820.551347541622818, 6121040.68731664866209 ], [ 338817.671091934898868, 6121050.721687043085694 ], [ 338814.642193420499098, 6121060.756057436577976 ], [ 338814.598721451475285, 6121060.880076875910163 ], [ 338810.527956292848103, 6121070.79042783100158 ], [ 338806.406090343662072, 6121080.824798224493861 ], [ 338804.558050880383234, 6121085.323710298165679 ], [ 338802.284260332817212, 6121090.85916862078011 ], [ 338798.162517143180594, 6121100.893539014272392 ], [ 338794.517380309232976, 6121109.767348492518067 ], [ 338794.040651193936355, 6121110.927909408695996 ], [ 338789.919584621209651, 6121120.9622798031196 ], [ 338785.800797788775526, 6121130.996650196611881 ], [ 338784.476709738082718, 6121134.223405587486923 ], [ 338781.684948330337647, 6121141.031020591035485 ], [ 338777.569914210005663, 6121151.065390985459089 ], [ 338774.436039166874252, 6121158.707238422706723 ], [ 338773.454880089557264, 6121161.099761379882693 ], [ 338769.340004501864314, 6121171.134131774306297 ], [ 338765.22497038153233, 6121181.168502168729901 ], [ 338764.395368595840409, 6121183.191457836888731 ], [ 338761.109936261142138, 6121191.202872563153505 ], [ 338756.994902140751947, 6121201.237242957577109 ], [ 338754.354698024690151, 6121207.675538710318506 ], [ 338752.880026553117204, 6121211.271613352000713 ], [ 338748.764992432668805, 6121221.305983746424317 ], [ 338744.649958312278613, 6121231.340354140847921 ], [ 338752.213242195663042, 6121241.374724535271525 ], [ 338754.354698024690151, 6121242.459041200578213 ], [ 338764.395368595782202, 6121247.542981242761016 ], [ 338772.030695022898726, 6121251.409094929695129 ], [ 338774.436039166990668, 6121252.627030273899436 ], [ 338784.476709738082718, 6121257.710970316082239 ], [ 338791.84814785013441, 6121261.443465324118733 ], [ 338794.517380309232976, 6121262.795019347220659 ], [ 338804.558050880383234, 6121267.893041408620775 ], [ 338811.606505554751493, 6121271.477835718542337 ], [ 338814.598721451533493, 6121272.999655609019101 ], [ 338824.639392022625543, 6121278.106232791207731 ], [ 338831.336317506618798, 6121281.512206112965941 ], [ 338834.680062593775801, 6121283.212793432176113 ], [ 338844.72073316492606, 6121288.694582491181791 ], [ 338849.659178245579824, 6121291.546576507389545 ], [ 338854.76140373601811, 6121294.493155101314187 ], [ 338864.802074307168368, 6121300.291839779354632 ], [ 338867.034261574386619, 6121301.580946901813149 ], [ 338874.842744878318626, 6121306.090412389487028 ], [ 338884.40953895583516, 6121311.615317296236753 ], [ 338884.883415449468885, 6121311.888985000550747 ], [ 338894.924086020560935, 6121317.687557609751821 ], [ 338901.784816337225493, 6121321.649687690660357 ], [ 338904.964756591652986, 6121323.486130219884217 ], [ 338915.005427162861452, 6121329.284702830016613 ], [ 338919.160093718615826, 6121331.684058084152639 ], [ 338925.04609773401171, 6121335.083275440149009 ], [ 338935.08676830510376, 6121340.881960116326809 ], [ 338936.535177047364414, 6121341.718428478576243 ], [ 338945.127438876312226, 6121346.680532727390528 ], [ 338953.910454428871162, 6121351.752798872999847 ], [ 338955.168109447404277, 6121352.479105337522924 ], [ 338965.208780018554535, 6121361.036476988345385 ], [ 338965.691955539048649, 6121361.787169267423451 ], [ 338969.39196513290517, 6121371.821539661847055 ], [ 338973.09207241772674, 6121381.855910055339336 ], [ 338975.249450589646585, 6121387.706695035099983 ], [ 338976.792077072837856, 6121391.890280450694263 ], [ 338980.492184357601218, 6121401.92465084604919 ], [ 338984.19220023509115, 6121411.959021239541471 ], [ 338985.290121160796843, 6121414.936518104746938 ], [ 338987.892296297592111, 6121421.993391634896398 ], [ 338991.59233916492667, 6121432.027762028388679 ], [ 338995.292408237466589, 6121442.062132422812283 ], [ 338995.330791731947102, 6121442.166225134395063 ], [ 338998.992478094762191, 6121452.096502817235887 ], [ 339002.692520177457482, 6121462.130873211659491 ], [ 339005.37146230309736, 6121469.395932164043188 ], [ 339006.39261702465592, 6121472.165243606083095 ], [ 339010.092632117390167, 6121482.199614000506699 ], [ 339013.792739402211737, 6121492.233984394930303 ], [ 339015.412132874247618, 6121496.625761007890105 ], [ 339017.492744057322852, 6121502.268354789353907 ], [ 339021.192851342086215, 6121512.302725183777511 ], [ 339024.892958626907784, 6121522.337095578201115 ], [ 339025.452803445339669, 6121523.855388334952295 ], [ 339028.592963282077108, 6121532.371465971693397 ], [ 339032.29307056684047, 6121542.405836366117001 ], [ 339035.493474016548134, 6121551.085293993353844 ], [ 339035.993075222009793, 6121552.440206760540605 ], [ 339039.693182506831363, 6121562.474577154964209 ], [ 339043.393209045287222, 6121572.508947549387813 ], [ 339045.534144587640185, 6121578.315038604661822 ], [ 339047.093294446764048, 6121582.543317943811417 ], [ 339050.793347975122742, 6121592.577688338235021 ], [ 339054.493406386638526, 6121602.612058732658625 ], [ 339055.574815158732235, 6121605.544745633378625 ], [ 339058.193486904958263, 6121612.646429127082229 ], [ 339061.893518326571211, 6121622.680799521505833 ], [ 339065.593625611450989, 6121632.715169916860759 ], [ 339065.615485729882494, 6121632.774454307742417 ], [ 339069.293630266562104, 6121642.749540310353041 ], [ 339072.993737551325466, 6121652.783910704776645 ], [ 339075.656156301032752, 6121660.004359966143966 ], [ 339076.69374220649479, 6121662.818281099200249 ], [ 339080.393849491258152, 6121672.852651493623853 ], [ 339084.093870530894492, 6121682.887021888047457 ], [ 339085.69682687218301, 6121687.234145045280457 ], [ 339087.793961431249045, 6121692.921392282471061 ], [ 339091.494009460730013, 6121702.955762676894665 ], [ 339095.19407337118173, 6121712.990133071318269 ], [ 339095.737497443333268, 6121714.463852074928582 ], [ 339098.894148390623741, 6121723.024503465741873 ], [ 339102.594185311114416, 6121733.058873860165477 ], [ 339105.778168014425319, 6121741.693559103645384 ], [ 339106.294287320401054, 6121743.093244253657758 ], [ 339109.994297250988893, 6121753.127614648081362 ], [ 339113.694404535868671, 6121763.161985043436289 ], [ 339115.818838585575577, 6121768.923425938002765 ], [ 339117.394409190979786, 6121773.19635543692857 ], [ 339121.094516475801356, 6121783.230725831352174 ], [ 339120.181966589938384, 6121793.265096225775778 ], [ 339117.277155248913914, 6121803.299466620199382 ], [ 339115.818838585575577, 6121808.337306397035718 ], [ 339114.372479792742524, 6121813.333837014622986 ], [ 339111.467668451718055, 6121823.36820740904659 ], [ 339108.562992995604873, 6121833.402577803470194 ], [ 339105.778168014425319, 6121843.022467724978924 ], [ 339105.658181654638611, 6121843.436948197893798 ], [ 339102.753506198467221, 6121853.471318592317402 ], [ 339099.848694857442752, 6121863.505688986741006 ], [ 339097.172918226511683, 6121873.540059380233288 ], [ 339105.778168014425319, 6121877.895312253385782 ], [ 339115.818838585575577, 6121878.993535149842501 ], [ 339125.859509156725835, 6121879.998362114652991 ], [ 339135.900179727876093, 6121880.899910271167755 ], [ 339145.940850298968144, 6121881.68312725238502 ], [ 339155.981520870118402, 6121882.466408627107739 ], [ 339166.02219144126866, 6121883.249633602797985 ], [ 339170.186007416574284, 6121883.574429775588214 ], [ 339176.062862012418918, 6121884.03285058401525 ], [ 339186.103532583510969, 6121884.816067565232515 ], [ 339196.144203154719435, 6121885.599299155175686 ], [ 339206.184873725811485, 6121886.38257391564548 ], [ 339216.225544296961743, 6121887.165790896862745 ], [ 339226.266214868053794, 6121887.94900787808001 ], [ 339236.306885439204052, 6121888.732224861159921 ], [ 339246.34755601035431, 6121889.515514228492975 ], [ 339256.388226581504568, 6121890.29873120971024 ], [ 339266.428897152596619, 6121891.081948191858828 ], [ 339276.469567723746877, 6121891.865165174007416 ], [ 339286.510238294897135, 6121892.64844761416316 ], [ 339296.550908866047394, 6121893.431671523489058 ], [ 339298.821659410139546, 6121893.608800170011818 ], [ 339306.591579437139444, 6121894.214888505637646 ], [ 339316.632250008231495, 6121894.998105486854911 ], [ 339326.67292057943996, 6121895.781338141299784 ], [ 339336.713591150590219, 6121896.564611836336553 ], [ 339346.754261721740477, 6121897.347828818485141 ], [ 339356.794932292832527, 6121898.131045800633729 ], [ 339366.835602863982785, 6121898.914262782782316 ], [ 339376.876273435133044, 6121899.697552150115371 ], [ 339386.916944006283302, 6121900.480769131332636 ], [ 339396.957614577375352, 6121901.263986114412546 ], [ 339406.998285148525611, 6121902.047203095629811 ], [ 339417.038955719675869, 6121902.830486601218581 ], [ 339427.079626290826127, 6121903.613709445111454 ], [ 339427.457311403821222, 6121903.643170564435422 ], [ 339437.120296861976385, 6121904.396926427260041 ], [ 339447.160967433068436, 6121905.180143408477306 ], [ 339457.201638004218694, 6121905.963377128355205 ], [ 339467.242308575368952, 6121906.746649757958949 ], [ 339477.282979146461003, 6121907.529866740107536 ], [ 339487.323649717611261, 6121908.313083721324801 ], [ 339497.364320288761519, 6121909.096300704404712 ], [ 339507.404990859911777, 6121909.879590071737766 ], [ 339517.445661431003828, 6121910.662807052955031 ], [ 339527.486332002154086, 6121911.446024035103619 ], [ 339537.527002573304344, 6121912.229241017252207 ], [ 339547.567673144454602, 6121913.01252558734268 ], [ 339556.092963397328276, 6121913.677540957927704 ], [ 339557.608343715546653, 6121913.795747366733849 ], [ 339567.649014286755119, 6121914.578964348882437 ], [ 339577.689684857847169, 6121915.362181330099702 ], [ 339587.730355428997427, 6121916.145416114479303 ], [ 339597.771026000089478, 6121916.928687679581344 ], [ 339607.811696571239736, 6121917.711904661729932 ], [ 339617.852367142389994, 6121918.495121642947197 ], [ 339627.893037713540252, 6121919.278379028663039 ], [ 339637.93370828469051, 6121920.061627993360162 ], [ 339647.974378855782561, 6121920.844844974577427 ], [ 339658.015049426932819, 6121921.628061956726015 ], [ 339668.055719998083077, 6121922.411278938874602 ], [ 339678.096390569233336, 6121923.1945645743981 ], [ 339684.728615391009953, 6121923.71191135328263 ], [ 339688.137061140325386, 6121923.977785287424922 ], [ 339698.177731711475644, 6121924.76100226957351 ], [ 339708.218402282625902, 6121925.544219251722097 ], [ 339718.259072853776161, 6121926.327455101534724 ], [ 339728.299743424868211, 6121927.11072560120374 ], [ 339738.340413996018469, 6121927.893942583352327 ], [ 339748.381084567168728, 6121928.677159564569592 ], [ 339758.421755138318986, 6121929.46041801571846 ], [ 339768.462425709411036, 6121930.243665914982557 ], [ 339778.503096280561294, 6121931.026882896199822 ], [ 339788.543766851711553, 6121931.810099877417088 ], [ 339798.584437422861811, 6121932.593316860496998 ], [ 339808.625107993953861, 6121933.376603561453521 ], [ 339813.364267384633422, 6121933.746281747706234 ], [ 339818.665778565104119, 6121934.159823209047318 ], [ 339828.706449136312585, 6121934.943040191195905 ], [ 339838.747119707404636, 6121935.72625717241317 ], [ 339848.787790278496686, 6121936.509494088590145 ], [ 339858.828460849646945, 6121937.292763522826135 ], [ 339868.869131420797203, 6121938.0759805040434 ], [ 339878.909801991947461, 6121938.859197486191988 ], [ 339888.950472563039511, 6121939.642457001842558 ], [ 339898.99114313418977, 6121940.425703834742308 ], [ 339909.031813705340028, 6121941.208920816890895 ], [ 339919.072484276490286, 6121941.99213779810816 ], [ 339929.113154847640544, 6121942.775354780256748 ], [ 339939.153825418732595, 6121943.558642546646297 ], [ 339941.999919378198683, 6121943.780652141198516 ], [ 339949.194495989882853, 6121944.34186112973839 ] ], [ [ 338741.710095105750952, 6120338.281389040872455 ], [ 338741.772020732983947, 6120328.247018646448851 ], [ 338744.314027453539893, 6120327.07723228726536 ], [ 338745.024822623643558, 6120328.247018646448851 ], [ 338745.284427946840879, 6120338.281389040872455 ], [ 338744.314027453539893, 6120344.772083716467023 ], [ 338741.710095105750952, 6120338.281389040872455 ] ], [ [ 339441.010760930425022, 6119585.703609462827444 ], [ 339440.59383143967716, 6119575.66923906840384 ], [ 339442.563041785964742, 6119565.634868673980236 ], [ 339444.532261297223158, 6119555.600498279556632 ], [ 339447.160967433068436, 6119550.071995912119746 ], [ 339451.534858943137806, 6119545.566127885133028 ], [ 339457.201638004218694, 6119543.849520334973931 ], [ 339467.242308575368952, 6119540.807952852919698 ], [ 339477.282979146461003, 6119538.069051734171808 ], [ 339485.142038678692188, 6119545.566127885133028 ], [ 339487.323649717611261, 6119547.948505017906427 ], [ 339493.349375895690173, 6119555.600498279556632 ], [ 339493.015644612954929, 6119565.634868673980236 ], [ 339487.323649717611261, 6119574.718322045169771 ], [ 339486.403141948394477, 6119575.66923906840384 ], [ 339477.282979146461003, 6119585.090689219534397 ], [ 339476.085957754636183, 6119585.703609462827444 ], [ 339467.242308575368952, 6119590.718933455646038 ], [ 339457.201638004218694, 6119589.565807868726552 ], [ 339447.160967433068436, 6119588.412653716281056 ], [ 339441.010760930425022, 6119585.703609462827444 ] ] ] } },
{ "type": "Feature", "properties": { "id": 2, "cost_level": 900.0 }, "geometry": { "type": "Polygon", "coordinates": [ [ [ 339647.974378855782561, 6121693.708038993179798 ], [ 339651.328384700405877, 6121692.921392282471061 ], [ 339658.015049426932819, 6121691.353105566464365 ], [ 339668.055719998083077, 6121688.998257 ], [ 339678.096390569233336, 6121686.643408433534205 ], [ 339688.137061140267178, 6121684.290625263936818 ], [ 339694.112978803517763, 6121682.887021888047457 ], [ 339698.177731711475644, 6121681.933711300604045 ], [ 339708.218402282625902, 6121679.578862734138966 ], [ 339718.259072853776161, 6121677.241895040497184 ], [ 339728.299743424868211, 6121674.888553583994508 ], [ 339736.942926083633211, 6121672.852651493623853 ], [ 339738.340413996018469, 6121672.526218601502478 ], [ 339748.381084567168728, 6121670.208947645500302 ], [ 339758.421755138318986, 6121667.866048935800791 ], [ 339768.462425709411036, 6121665.525686986744404 ], [ 339778.503096280561294, 6121663.193236237391829 ], [ 339780.11874694697326, 6121662.818281099200249 ], [ 339788.543766851653345, 6121660.861469591036439 ], [ 339798.584437422861811, 6121658.529317870736122 ], [ 339808.625107993953861, 6121656.088106768205762 ], [ 339818.665778565104119, 6121653.796616439707577 ], [ 339822.779009711695835, 6121652.783910704776645 ], [ 339828.706449136254378, 6121651.27211332321167 ], [ 339838.747119707404636, 6121648.805866875685751 ], [ 339848.787790278496686, 6121646.329332421533763 ], [ 339858.828460849646945, 6121643.829041903838515 ], [ 339863.163435484631918, 6121642.749540310353041 ], [ 339868.869131420797203, 6121641.328688365407288 ], [ 339878.909801991947461, 6121638.828357568010688 ], [ 339888.950472563039511, 6121636.328044310212135 ], [ 339898.99114313418977, 6121633.827682133764029 ], [ 339903.458786873787176, 6121632.715169915929437 ], [ 339909.031813705340028, 6121631.32740025408566 ], [ 339919.072484276490286, 6121628.827038077637553 ], [ 339929.113154847640544, 6121626.326727023348212 ], [ 339939.153825418732595, 6121623.826394023373723 ], [ 339943.754321501939557, 6121622.680799521505833 ], [ 339949.194495989882853, 6121621.326112142764032 ], [ 339959.235166561033111, 6121618.825749967247248 ], [ 339969.275837132183369, 6121616.325438648462296 ], [ 339979.31650770327542, 6121613.825105912052095 ], [ 339984.049704122997355, 6121612.646429127082229 ], [ 339989.357178274425678, 6121611.209568113088608 ], [ 339999.397848845575936, 6121603.484724950045347 ], [ 340000.135019890323747, 6121602.612058732658625 ], [ 340008.611292391142342, 6121592.577688338235021 ], [ 340009.438519416726194, 6121591.598413467407227 ], [ 340015.189377073664218, 6121582.543317943811417 ], [ 340019.479189987818245, 6121578.956031833775342 ], [ 340029.519860558968503, 6121574.856434875167906 ], [ 340035.269290844269563, 6121572.508947549387813 ], [ 340039.560531130118761, 6121570.627853658981621 ], [ 340049.601201701210812, 6121566.657202874310315 ], [ 340059.64187227236107, 6121562.557579236105084 ], [ 340059.845158385054674, 6121562.474577154964209 ], [ 340069.682542843511328, 6121557.935832308605313 ], [ 340079.723213414661586, 6121554.005008369684219 ], [ 340083.81344134331448, 6121552.440206760540605 ], [ 340089.763883985811844, 6121549.632711048237979 ], [ 340099.804554556903895, 6121544.989166351035237 ], [ 340106.21848175523337, 6121542.405836366117001 ], [ 340109.845225128112361, 6121541.231309303082526 ], [ 340119.885895699204411, 6121537.675245663151145 ], [ 340129.926566270296462, 6121533.283803818747401 ], [ 340131.832120641309302, 6121532.371465972624719 ], [ 340139.96723684144672, 6121528.473831324838102 ], [ 340150.007907412596978, 6121523.663289387710392 ], [ 340152.775930000701919, 6121522.337095578201115 ], [ 340160.048577983747236, 6121518.85268010571599 ], [ 340170.089248554897495, 6121514.042138168588281 ], [ 340173.719739360152744, 6121512.302725184708834 ], [ 340180.129919125989545, 6121509.2315494986251 ], [ 340190.170589697139803, 6121504.420986949466169 ], [ 340194.663611617055722, 6121502.268354789353907 ], [ 340200.211260268290062, 6121499.610445011407137 ], [ 340210.25193083944032, 6121494.799835728481412 ], [ 340215.607433050347026, 6121492.233984394930303 ], [ 340220.292601410590578, 6121489.681513058952987 ], [ 340230.333271981682628, 6121482.331561871804297 ], [ 340230.494276879820973, 6121482.199614000506699 ], [ 340240.373942552832887, 6121474.102960570715368 ], [ 340242.738400291709695, 6121472.165243607014418 ], [ 340250.414613123983145, 6121465.874444838613272 ], [ 340254.982578940514941, 6121462.130873211659491 ], [ 340260.455283695133403, 6121457.67464829236269 ], [ 340267.344437005696818, 6121452.09650281816721 ], [ 340270.495954266225453, 6121449.611158054322004 ], [ 340280.068422816169914, 6121442.062132422812283 ], [ 340280.536624837375712, 6121441.692896607331932 ], [ 340290.57729540852597, 6121433.774572864174843 ], [ 340292.792326789058279, 6121432.027762028388679 ], [ 340300.617965979676228, 6121426.610543817281723 ], [ 340308.511156026390381, 6121421.993391633965075 ], [ 340310.658636550768279, 6121420.448142942972481 ], [ 340314.125211363192648, 6121421.993391633965075 ], [ 340320.699307121918537, 6121423.542266737669706 ], [ 340330.739977693068795, 6121424.59648809954524 ], [ 340340.780648264219053, 6121425.286003516055644 ], [ 340350.821318835369311, 6121425.975534478202462 ], [ 340360.861989406461362, 6121426.665056110359728 ], [ 340370.90265997761162, 6121427.354580856859684 ], [ 340380.943330548761878, 6121428.044108705595136 ], [ 340390.984001119853929, 6121430.501404395326972 ], [ 340401.024671691004187, 6121431.099462254904211 ], [ 340411.065342262154445, 6121431.628942248411477 ], [ 340414.894857365696225, 6121432.027762028388679 ], [ 340421.106012833304703, 6121432.674614590592682 ], [ 340431.146683404396754, 6121433.72028692997992 ], [ 340441.187353975547012, 6121434.765970597043633 ], [ 340451.22802454669727, 6121437.69125987496227 ], [ 340461.268695117847528, 6121432.203167385421693 ], [ 340461.520622982876375, 6121432.027762028388679 ], [ 340471.309365688939579, 6121425.753129007294774 ], [ 340477.174744854506571, 6121421.993391633965075 ], [ 340481.350036260089837, 6121419.273662170395255 ], [ 340491.390706831240095, 6121412.880870033055544 ], [ 340492.828834273852408, 6121411.959021239541471 ], [ 340501.431377402390353, 6121406.444748079404235 ], [ 340508.482956145540811, 6121401.924650845117867 ], [ 340511.472047973540612, 6121400.008624065667391 ], [ 340521.512718544632662, 6121393.572490680031478 ], [ 340524.137045564886648, 6121391.890280450694263 ], [ 340531.55338911578292, 6121387.136367151513696 ], [ 340539.791167436633259, 6121381.855910057201982 ], [ 340541.594059686933178, 6121380.700244713574648 ], [ 340551.634730258083437, 6121374.264111328870058 ], [ 340555.445256855920888, 6121371.821539661847055 ], [ 340561.675400829175487, 6121367.827986222691834 ], [ 340571.099378727609292, 6121361.787169267423451 ], [ 340571.716071400325745, 6121361.391865360550582 ], [ 340581.756741971476004, 6121354.955731976777315 ], [ 340586.753468146955129, 6121351.75279887393117 ], [ 340591.797412542626262, 6121348.519605293869972 ], [ 340601.838083113718312, 6121342.083485252223909 ], [ 340602.407588177884463, 6121341.718428478576243 ], [ 340611.87875368486857, 6121335.647344408556819 ], [ 340618.061679437931161, 6121331.684058084152639 ], [ 340621.919424256018829, 6121329.211224365979433 ], [ 340631.960094827169087, 6121322.77510432433337 ], [ 340633.715795635071117, 6121321.649687690660357 ], [ 340642.000765398261137, 6121316.33896348066628 ], [ 340649.369890728965402, 6121311.615317296236753 ], [ 340652.041435969411395, 6121309.902843438088894 ], [ 340662.082106540561654, 6121303.46670650318265 ], [ 340665.023980148311239, 6121301.580946901813149 ], [ 340672.122777111711912, 6121297.030582552775741 ], [ 340680.678102019941434, 6121291.546576507389545 ], [ 340682.163447682803962, 6121290.594460536725819 ], [ 340692.204118253896013, 6121284.559910331852734 ], [ 340702.244788825104479, 6121283.434562364593148 ], [ 340712.285459396254737, 6121284.066631926223636 ], [ 340722.326129967346787, 6121286.248369761742651 ], [ 340732.366800538497046, 6121290.600523038767278 ], [ 340734.549400877556764, 6121291.546576507389545 ], [ 340742.407471109647304, 6121294.952676316723228 ], [ 340752.448141680797562, 6121299.304829593747854 ], [ 340757.69927660562098, 6121301.580946901813149 ], [ 340762.48881225194782, 6121303.656982870772481 ], [ 340772.529482823039871, 6121308.009136147797108 ], [ 340780.849152333510574, 6121311.615317296236753 ], [ 340782.570153394190129, 6121312.361289424821734 ], [ 340792.610823965340387, 6121316.713442702777684 ], [ 340802.651494536490645, 6121321.06559597980231 ], [ 340803.999028061516583, 6121321.649687690660357 ], [ 340812.692165107582696, 6121325.41774925775826 ], [ 340822.732835678732954, 6121329.76990935113281 ], [ 340827.148903789522592, 6121331.684058084152639 ], [ 340832.773506249883212, 6121334.122055810876191 ], [ 340842.81417682103347, 6121338.474220641888678 ], [ 340850.298718062462285, 6121341.718428479507565 ], [ 340852.854847392125521, 6121342.826394155621529 ], [ 340862.895517963275779, 6121347.178531933575869 ], [ 340872.936188534426037, 6121351.363296515308321 ], [ 340882.976859105576295, 6121348.103629680350423 ], [ 340893.017529676668346, 6121344.290851221419871 ], [ 340899.791815045871772, 6121341.718428478576243 ], [ 340903.058200247818604, 6121340.478072762489319 ], [ 340913.098870818968862, 6121335.906285785138607 ], [ 340916.058721120643895, 6121331.684058084152639 ], [ 340922.61927236354677, 6121321.649687690660357 ], [ 340923.13954139011912, 6121321.100184107199311 ], [ 340933.180211961211171, 6121318.384373595006764 ], [ 340943.220882532361429, 6121317.039806786924601 ], [ 340953.26155310345348, 6121315.695235950872302 ], [ 340963.302223674661946, 6121316.698466532863677 ], [ 340967.955948173068464, 6121311.615317296236753 ], [ 340973.342894245753996, 6121308.596402058377862 ], [ 340981.783094288199209, 6121301.580946901813149 ], [ 340979.786572247219738, 6121291.546576507389545 ], [ 340977.644887320231646, 6121281.512206112965941 ], [ 340975.365608367312234, 6121271.477835718542337 ], [ 340973.342894245753996, 6121263.082011761143804 ], [ 340972.925507590873167, 6121261.443465324118733 ], [ 340970.369454129831865, 6121251.409094929695129 ], [ 340967.813400668848772, 6121241.374724535271525 ], [ 340965.257334520749282, 6121231.340354140847921 ], [ 340963.302223674661946, 6121223.665071131661534 ], [ 340962.701293746824376, 6121221.305983746424317 ], [ 340960.145240285783075, 6121211.271613352000713 ], [ 340957.505262301303446, 6121201.237242957577109 ], [ 340954.582003502699081, 6121191.202872563153505 ], [ 340953.261553103511687, 6121186.799607388675213 ], [ 340951.572898243553936, 6121181.168502168729901 ], [ 340948.563860433467198, 6121171.134131774306297 ], [ 340945.554822623438668, 6121161.099761380814016 ], [ 340943.220882532361429, 6121153.313352778553963 ], [ 340942.549092595814727, 6121151.065390985459089 ], [ 340939.56248534336919, 6121141.031020591035485 ], [ 340936.568078252079431, 6121130.996650196611881 ], [ 340933.514985116373282, 6121120.9622798031196 ], [ 340933.180211961152963, 6121119.958304919302464 ], [ 340930.177271396736614, 6121110.927909408695996 ], [ 340926.81304792931769, 6121100.893539014272392 ], [ 340923.448890703788493, 6121090.859168619848788 ], [ 340923.13954139011912, 6121089.936481520533562 ], [ 340920.084667236369569, 6121080.824798225425184 ], [ 340916.720443768950645, 6121070.79042783100158 ], [ 340913.372524789068848, 6121060.756057436577976 ], [ 340913.098870818910655, 6121059.988453588448465 ], [ 340909.992063075944316, 6121050.721687042154372 ], [ 340906.811471999622881, 6121040.687316647730768 ], [ 340903.304312232823577, 6121030.652946253307164 ], [ 340903.058200247818604, 6121029.961236069910228 ], [ 340900.173300017311703, 6121020.618575857952237 ], [ 340897.156797386240214, 6121010.584205463528633 ], [ 340893.513929755135905, 6121000.549835070036352 ], [ 340893.017529676668346, 6120999.080823123455048 ], [ 340889.794488193758298, 6120990.515464675612748 ], [ 340882.976859105576295, 6120985.873117001727223 ], [ 340872.936188534426037, 6120987.745911837555468 ], [ 340862.895517963275779, 6120989.980145582929254 ], [ 340860.585312236216851, 6120990.515464675612748 ], [ 340852.854847392125521, 6120992.30676203686744 ], [ 340842.81417682103347, 6120994.633443180471659 ], [ 340832.773506249883212, 6120991.41346153896302 ], [ 340831.96914785541594, 6120990.515464675612748 ], [ 340822.981108253763523, 6120980.481094281189144 ], [ 340822.732835678791162, 6120980.203919527120888 ], [ 340813.993063934496604, 6120970.44672388676554 ], [ 340812.692165107582696, 6120968.99438339844346 ], [ 340805.0050196153461, 6120960.412353492341936 ], [ 340802.651494536490645, 6120957.242051847279072 ], [ 340795.83586441638181, 6120950.377983097918332 ], [ 340792.610823965340387, 6120948.432322831824422 ], [ 340782.991227263060864, 6120940.343612703494728 ], [ 340782.570153394190129, 6120939.989549578167498 ], [ 340772.529482823039871, 6120931.546776325441897 ], [ 340771.05772218859056, 6120930.309242309071124 ], [ 340762.48881225194782, 6120923.104050592519343 ], [ 340759.786017481819727, 6120920.274871915578842 ], [ 340753.149934013781603, 6120910.240501521155238 ], [ 340752.448141680797562, 6120908.91672801785171 ], [ 340747.830276602529921, 6120900.206131126731634 ], [ 340742.510622177680489, 6120890.17176073230803 ], [ 340742.407471109647304, 6120889.97718942631036 ], [ 340737.190966987400316, 6120880.137390337884426 ], [ 340732.366800538497046, 6120871.037650834769011 ], [ 340731.871312179835513, 6120870.103019943460822 ], [ 340726.575464389054105, 6120860.068649549037218 ], [ 340725.491238100279588, 6120850.034279154613614 ], [ 340724.801056439755484, 6120839.99990876019001 ], [ 340724.110908438451588, 6120829.965538365766406 ], [ 340723.420726777869277, 6120819.931167971342802 ], [ 340723.215104322123807, 6120809.896797576919198 ], [ 340722.326129967346787, 6120807.736893374472857 ], [ 340712.285459396254737, 6120806.937094116583467 ], [ 340702.244788825104479, 6120803.914346343837678 ], [ 340692.204118253954221, 6120800.891611856408417 ], [ 340688.785457331337966, 6120799.862427182495594 ], [ 340682.163447682803962, 6120797.868877369910479 ], [ 340672.122777111711912, 6120794.846142882481217 ], [ 340662.082106540561654, 6120791.823408395051956 ], [ 340655.454111841390841, 6120789.82805678807199 ], [ 340652.041435969411395, 6120788.800673908554018 ], [ 340642.000765398261137, 6120785.777939420193434 ], [ 340631.960094827169087, 6120780.992329976521432 ], [ 340631.001175876532216, 6120779.793686393648386 ], [ 340624.588818278862163, 6120769.759315999224782 ], [ 340621.919424256018829, 6120765.582120640203357 ], [ 340618.176456381916068, 6120759.724945604801178 ], [ 340611.87875368486857, 6120749.869999406859279 ], [ 340611.764094484969974, 6120749.690575210377574 ], [ 340601.838083113718312, 6120740.268990468233824 ], [ 340600.827213959593792, 6120739.65620481595397 ], [ 340591.797412542626262, 6120735.312949121929705 ], [ 340581.756741971476004, 6120730.483477096073329 ], [ 340579.965358617249876, 6120729.621834421530366 ], [ 340571.716071400325745, 6120725.653999247588217 ], [ 340561.675400829175487, 6120720.824524310417473 ], [ 340560.092980912013445, 6120719.587464027106762 ], [ 340551.634730258083437, 6120711.126663382165134 ], [ 340550.153117618407123, 6120709.55309363361448 ], [ 340541.594059686933178, 6120700.462852330878377 ], [ 340540.645532239519525, 6120699.518723240122199 ], [ 340531.55338911578292, 6120691.860745197162032 ], [ 340521.512718544632662, 6120691.149785358458757 ], [ 340517.124821512727067, 6120689.484352844767272 ], [ 340511.472047973540612, 6120686.841220342554152 ], [ 340501.431377402390353, 6120681.360683808103204 ], [ 340497.930850682256278, 6120679.449982450343668 ], [ 340491.390706831240095, 6120675.880175272002816 ], [ 340481.350036260089837, 6120670.399634560570121 ], [ 340479.547244286048226, 6120669.415612056851387 ], [ 340471.309365688939579, 6120664.919130202382803 ], [ 340461.268695117847528, 6120659.43858531396836 ], [ 340461.18190039799083, 6120659.38124166149646 ], [ 340458.032627800828777, 6120649.346871267072856 ], [ 340453.924289539281745, 6120639.312500873580575 ], [ 340451.22802454669727, 6120632.19492538459599 ], [ 340450.274807333073113, 6120629.278130478225648 ], [ 340448.729489561985247, 6120619.243760083802044 ], [ 340447.184171790897381, 6120609.20938968937844 ], [ 340445.638884855958167, 6120599.175019294954836 ], [ 340443.959445232176222, 6120589.140648901462555 ], [ 340442.361942241317593, 6120579.106278505176306 ], [ 340441.187353975547012, 6120573.817433854565024 ], [ 340440.080557048728224, 6120569.071908112615347 ], [ 340437.864472155808471, 6120559.03753771726042 ], [ 340435.589206628152169, 6120549.003167321905494 ], [ 340433.313941100554075, 6120538.968796928413212 ], [ 340431.146683404396754, 6120529.410762405022979 ], [ 340431.038675572955981, 6120528.934426533989608 ], [ 340428.763410045357887, 6120518.900056139566004 ], [ 340426.556755812198389, 6120508.865685746073723 ], [ 340424.37755632615881, 6120498.831315351650119 ], [ 340422.217226575943641, 6120488.796944957226515 ], [ 340421.106012833304703, 6120483.635590201243758 ], [ 340420.056883394252509, 6120478.762574562802911 ], [ 340417.896588213683572, 6120468.728204168379307 ], [ 340415.736238691373728, 6120458.693833773955703 ], [ 340421.106012833304703, 6120451.06592964194715 ], [ 340428.306069352081977, 6120448.659463379532099 ], [ 340431.146683404396754, 6120447.977464777417481 ], [ 340441.187353975547012, 6120438.976574148982763 ], [ 340441.328531681385357, 6120438.625092985108495 ], [ 340446.318535872094799, 6120428.590722590684891 ], [ 340451.22802454669727, 6120418.718108483590186 ], [ 340451.308463912457228, 6120418.556352196261287 ], [ 340456.298430028022267, 6120408.521981801837683 ], [ 340461.268695117847528, 6120398.527228387072682 ], [ 340461.288396143529098, 6120398.487611407414079 ], [ 340466.27836225903593, 6120388.453241012990475 ], [ 340471.268328374542762, 6120378.418870618566871 ], [ 340471.309365688939579, 6120378.336348292417824 ], [ 340476.258294490049593, 6120368.384500224143267 ], [ 340481.24826060567284, 6120358.350129829719663 ], [ 340481.350036260089837, 6120358.145468196831644 ], [ 340486.238188811461441, 6120348.315759435296059 ], [ 340491.228116228012368, 6120338.281389040872455 ], [ 340491.390706831240095, 6120337.954436614178121 ], [ 340496.218121513607912, 6120328.247018646448851 ], [ 340501.208048930158839, 6120318.212648252025247 ], [ 340501.431377402390353, 6120317.763551416806877 ], [ 340506.198013313638512, 6120308.178277858532965 ], [ 340511.187981632247102, 6120298.143907464109361 ], [ 340511.472047973540612, 6120297.572671323083341 ], [ 340516.177945544710383, 6120288.109537069685757 ], [ 340521.167911660217214, 6120278.075166675262153 ], [ 340521.512718544632662, 6120277.38179122749716 ], [ 340526.157877775724046, 6120268.040796280838549 ], [ 340531.147843891289085, 6120258.006425886414945 ], [ 340531.55338911578292, 6120257.19091113191098 ], [ 340536.137774452974554, 6120247.972055491991341 ], [ 340540.002638872188982, 6120237.937685097567737 ], [ 340541.594059686933178, 6120232.971267276443541 ], [ 340551.634730258141644, 6120231.47761651687324 ], [ 340556.951202547759749, 6120227.903314703144133 ], [ 340561.675400829175487, 6120224.372901936993003 ], [ 340570.62853647058364, 6120217.868944308720529 ], [ 340571.716071400325745, 6120217.06738537363708 ], [ 340581.756741971476004, 6120209.583918607793748 ], [ 340584.423116650315933, 6120207.834573914296925 ], [ 340591.797412542626262, 6120202.467455610632896 ], [ 340598.38467335421592, 6120197.800203519873321 ], [ 340601.838083113718312, 6120195.305242041125894 ], [ 340611.87875368486857, 6120188.009609522297978 ], [ 340612.185126434604172, 6120187.765833125449717 ], [ 340621.208603116101585, 6120177.731462731026113 ], [ 340621.919424256018829, 6120176.764397867023945 ], [ 340627.175354255596176, 6120167.697092336602509 ], [ 340631.960094827169087, 6120159.439381039701402 ], [ 340632.99316401721444, 6120157.662721942178905 ], [ 340638.804459589358885, 6120147.628351547755301 ], [ 340642.000765398261137, 6120142.112952126190066 ], [ 340644.623934775590897, 6120137.593981153331697 ], [ 340650.224684693152085, 6120127.559610759839416 ], [ 340652.041435969411395, 6120123.908028746023774 ], [ 340655.304944817500655, 6120117.525240364484489 ], [ 340652.041435969411395, 6120113.834658527746797 ], [ 340645.738748828764074, 6120107.490869969129562 ], [ 340642.000765398261137, 6120104.247822504490614 ], [ 340634.071765832137316, 6120097.456499576568604 ], [ 340631.960094827227294, 6120095.65629883762449 ], [ 340621.928849857999012, 6120087.422129182145 ], [ 340621.919424256018829, 6120087.414392155595124 ], [ 340611.87875368486857, 6120079.17256442271173 ], [ 340609.704421201488003, 6120077.387758787721395 ], [ 340601.838083113718312, 6120070.930657741613686 ], [ 340597.480088724638335, 6120067.353388393297791 ], [ 340591.797412542626262, 6120062.688751060515642 ], [ 340585.255756247846875, 6120057.319017998874187 ], [ 340581.756741971476004, 6120054.446844378486276 ], [ 340573.031340190267656, 6120047.284647604450583 ], [ 340571.716071400325745, 6120046.205008151941001 ], [ 340561.675400829175487, 6120037.963109964504838 ], [ 340560.806995114427991, 6120037.250277210026979 ], [ 340551.634730258083437, 6120028.794970722869039 ], [ 340549.864420071593486, 6120027.215906815603375 ], [ 340541.594059686933178, 6120020.451667873188853 ], [ 340531.705046872724779, 6120027.215906815603375 ], [ 340531.55338911578292, 6120027.335027972236276 ], [ 340523.192330193007365, 6120037.250277210026979 ], [ 340523.474075829493813, 6120047.284647604450583 ], [ 340531.55338911578292, 6120054.246906051412225 ], [ 340533.856297411955893, 6120057.319017998874187 ], [ 340540.581788152223453, 6120067.353388393297791 ], [ 340541.594059686933178, 6120069.019024383276701 ], [ 340543.908452833071351, 6120077.387758787721395 ], [ 340546.849930046009831, 6120087.422129182145 ], [ 340541.594059686933178, 6120094.849473185837269 ], [ 340540.209603297058493, 6120097.456499577499926 ], [ 340537.04037893761415, 6120107.490869970060885 ], [ 340533.583136399858631, 6120117.525240363553166 ], [ 340531.860820889705792, 6120127.559610758908093 ], [ 340532.787357314664405, 6120137.593981153331697 ], [ 340533.713881974457763, 6120147.628351547755301 ], [ 340534.640404717181809, 6120157.662721941247582 ], [ 340535.566936823772267, 6120167.697092336602509 ], [ 340536.49346580193378, 6120177.731462731026113 ], [ 340537.419995029573329, 6120187.765833124518394 ], [ 340537.072580488747917, 6120197.800203519873321 ], [ 340536.233705855207518, 6120207.834573914296925 ], [ 340532.155730103666428, 6120217.868944308720529 ], [ 340531.55338911578292, 6120218.329829454421997 ], [ 340531.377327417605557, 6120217.868944308720529 ], [ 340527.544138688070234, 6120207.834573914296925 ], [ 340523.710943743179087, 6120197.800203519873321 ], [ 340521.512718544632662, 6120192.045804054476321 ], [ 340519.877736475376878, 6120187.765833125449717 ], [ 340516.044543261639774, 6120177.731462731026113 ], [ 340512.211352800950408, 6120167.697092335671186 ], [ 340511.472047973540612, 6120165.761778653599322 ], [ 340508.378145533206407, 6120157.662721942178905 ], [ 340504.544969126407523, 6120147.628351546823978 ], [ 340501.431377402390353, 6120139.477753253653646 ], [ 340500.711761858663522, 6120137.593981153331697 ], [ 340496.878571458393708, 6120127.559610758908093 ], [ 340495.478335647727363, 6120117.525240365415812 ], [ 340494.175601006194483, 6120107.490869970060885 ], [ 340491.390706831240095, 6120103.42228498402983 ], [ 340487.560811240284238, 6120097.456499576568604 ], [ 340481.350036260089837, 6120088.635894889011979 ], [ 340480.495398063387256, 6120087.422129182145 ], [ 340473.429984886548482, 6120077.387758787721395 ], [ 340471.309365688939579, 6120074.376034213230014 ], [ 340466.364562496659346, 6120067.353388393297791 ], [ 340461.268695117847528, 6120060.116200106218457 ], [ 340459.024005167302676, 6120057.319017998874187 ], [ 340451.22802454669727, 6120048.676261640153825 ], [ 340449.915740754513536, 6120047.284647604450583 ], [ 340441.187353975547012, 6120037.969211586751044 ], [ 340440.515697226452176, 6120037.250277210026979 ], [ 340431.146683404396754, 6120027.285776738077402 ], [ 340431.08098881947808, 6120027.215906815603375 ], [ 340421.646259675151668, 6120017.181536422111094 ], [ 340421.106012833362911, 6120016.580085816793144 ], [ 340414.538978800585028, 6120007.147166026756167 ], [ 340411.242034693539608, 6119997.112795632332563 ], [ 340411.065342262154445, 6119996.575027570128441 ], [ 340407.945079320750665, 6119987.078425237908959 ], [ 340404.648123947903514, 6119977.044054843485355 ], [ 340401.351169135188684, 6119967.009684449061751 ], [ 340401.024671691004187, 6119966.015977402217686 ], [ 340396.581802941393107, 6119956.975314054638147 ], [ 340390.984001119853929, 6119948.40750306006521 ], [ 340388.932105893210974, 6119946.940943660214543 ], [ 340380.943330548761878, 6119941.091802306473255 ], [ 340376.737629185256083, 6119936.906573265790939 ], [ 340373.105760485632345, 6119926.872202871367335 ], [ 340370.90265997761162, 6119919.985301901586354 ], [ 340369.732823854195885, 6119916.837832476943731 ], [ 340368.730029463535175, 6119906.803462082520127 ], [ 340369.297081725555472, 6119896.769091689959168 ], [ 340369.162152940582018, 6119886.734721294604242 ], [ 340369.985841870598961, 6119876.700350900180638 ], [ 340360.861989406461362, 6119871.463919563218951 ], [ 340354.100896613672376, 6119866.665980504825711 ], [ 340350.821318835311104, 6119864.781916907988489 ], [ 340340.780648264219053, 6119859.318184298463166 ], [ 340335.910375758016016, 6119856.63161011133343 ], [ 340337.14997738780221, 6119846.597239716909826 ], [ 340339.508023624366615, 6119836.562869322486222 ], [ 340340.780648264219053, 6119831.147384041920304 ], [ 340345.582557679503225, 6119836.562869322486222 ], [ 340350.821318835311104, 6119841.216616472229362 ], [ 340358.075678300578147, 6119846.597239716909826 ], [ 340360.861989406461362, 6119848.663867106661201 ], [ 340370.90265997761162, 6119856.111127778887749 ], [ 340372.299485456314869, 6119856.631610112264752 ], [ 340380.943330548761878, 6119862.999108558520675 ], [ 340390.984001119853929, 6119863.03094232454896 ], [ 340401.024671691004187, 6119862.674403226003051 ], [ 340408.643713149300311, 6119856.63161011133343 ], [ 340411.065342262154445, 6119854.323211064562201 ], [ 340414.439879395649768, 6119846.597239716909826 ], [ 340419.977863640466239, 6119836.562869322486222 ], [ 340421.106012833304703, 6119833.873585680499673 ], [ 340426.119153713574633, 6119826.528498928062618 ], [ 340426.626868226681836, 6119816.494128533639014 ], [ 340427.064927422557957, 6119806.45975813921541 ], [ 340427.503044053795747, 6119796.425387744791806 ], [ 340428.061527880490758, 6119786.391017350368202 ], [ 340428.689790521457326, 6119776.356646955944598 ], [ 340429.274510216375347, 6119766.322276561520994 ], [ 340421.106012833304703, 6119762.050658296793699 ], [ 340411.183782400621567, 6119756.287906168028712 ], [ 340411.065342262154445, 6119756.239697532728314 ], [ 340410.270548759493977, 6119756.28790616709739 ], [ 340401.024671691004187, 6119757.794322040863335 ], [ 340390.984001119853929, 6119759.278202394023538 ], [ 340380.943330548761878, 6119760.264434444718063 ], [ 340370.90265997761162, 6119761.906594453379512 ], [ 340360.861989406461362, 6119762.072792187333107 ], [ 340350.821318835311104, 6119764.214229984208941 ], [ 340342.176004388253205, 6119766.322276561520994 ], [ 340340.780648264219053, 6119766.662514325231314 ], [ 340330.739977693068795, 6119768.874497836455703 ], [ 340320.699307121918537, 6119770.390933116897941 ], [ 340310.658636550768279, 6119771.580664837732911 ], [ 340300.61796597961802, 6119772.770398653112352 ], [ 340290.57729540852597, 6119773.960109645500779 ], [ 340280.536624837375712, 6119775.149864189326763 ], [ 340270.495954266225453, 6119776.336591005325317 ], [ 340260.455283695133403, 6119771.138123143464327 ], [ 340255.46820414281683, 6119766.322276561520994 ], [ 340250.414613123983145, 6119761.44220220670104 ], [ 340245.077050154097378, 6119756.287906166166067 ], [ 340240.373942552832887, 6119751.746250178664923 ], [ 340234.68596730066929, 6119746.253535773605108 ], [ 340230.333271981682628, 6119742.050291638821363 ], [ 340224.294813312008046, 6119736.219165379181504 ], [ 340220.292601410590578, 6119728.775351302698255 ], [ 340219.155851617106237, 6119726.184794983826578 ], [ 340215.461821185075678, 6119716.150424589402974 ], [ 340211.76774146099342, 6119706.116054195910692 ], [ 340210.25193083944032, 6119701.998568549752235 ], [ 340208.073702264286112, 6119696.081683801487088 ], [ 340204.379671832197346, 6119686.047313407063484 ], [ 340200.685641400224995, 6119676.01294301263988 ], [ 340200.211260268290062, 6119674.740840231999755 ], [ 340197.055901262792759, 6119665.978572618216276 ], [ 340194.7251151704113, 6119655.944202223792672 ], [ 340190.170589697139803, 6119650.320066545158625 ], [ 340180.129919125989545, 6119645.919745115563273 ], [ 340180.10884899366647, 6119645.909831829369068 ], [ 340170.089248554897495, 6119641.195709967985749 ], [ 340160.048577983747236, 6119636.387731842696667 ], [ 340159.154705640685279, 6119635.875461434945464 ], [ 340150.007907412596978, 6119630.777060413733125 ], [ 340141.566959195130039, 6119625.84109104052186 ], [ 340139.967236841504928, 6119624.930570704862475 ], [ 340129.92656627035467, 6119618.84590238891542 ], [ 340124.935797691403423, 6119615.806720646098256 ], [ 340119.885895699204411, 6119612.731550326570868 ], [ 340109.845225128054153, 6119606.617225224152207 ], [ 340108.457804481615312, 6119605.772350251674652 ], [ 340099.804554556903895, 6119600.502921467646956 ], [ 340093.610867207346018, 6119595.737979857251048 ], [ 340089.763883985811844, 6119590.19983842689544 ], [ 340086.438011282472871, 6119585.703609462827444 ], [ 340080.548992558207829, 6119575.66923906840384 ], [ 340079.723213414661586, 6119574.889324556104839 ], [ 340069.682542843511328, 6119570.888178676366806 ], [ 340059.64187227236107, 6119573.085233553312719 ], [ 340054.351033732178621, 6119575.66923906840384 ], [ 340049.601201701269019, 6119579.501603581011295 ], [ 340042.803240419132635, 6119585.703609462827444 ], [ 340039.560531130060554, 6119587.823316065594554 ], [ 340029.519860558968503, 6119594.015288716182113 ], [ 340026.603965914458968, 6119595.737979857251048 ], [ 340019.479189987818245, 6119599.160160345956683 ], [ 340009.438519416726194, 6119605.320401067845523 ], [ 340008.745187709282618, 6119605.772350251674652 ], [ 339999.397848845575936, 6119611.553288153372705 ], [ 339992.520370566402562, 6119615.806720646098256 ], [ 339989.357178274425678, 6119617.763022698462009 ], [ 339979.31650770327542, 6119623.972757245413959 ], [ 339976.295553423464298, 6119625.84109104052186 ], [ 339969.275837132183369, 6119630.182491791434586 ], [ 339960.07073628064245, 6119635.875461434945464 ], [ 339959.235166561033111, 6119636.392230343073606 ], [ 339949.194495989882853, 6119642.60201302357018 ], [ 339943.664858865085989, 6119645.909831829369068 ], [ 339939.153825418732595, 6119648.477426409721375 ], [ 339929.113154847640544, 6119653.682848098687828 ], [ 339924.751258122269064, 6119655.944202223792672 ], [ 339919.072484276490286, 6119658.888269787654281 ], [ 339909.031813705340028, 6119664.093691474758089 ], [ 339905.396090845752042, 6119665.978572618216276 ], [ 339898.99114313418977, 6119669.299113162793219 ], [ 339888.950472563039511, 6119674.504534851759672 ], [ 339878.909801991947461, 6119675.950130586512387 ], [ 339868.869131420797203, 6119674.7057447405532 ], [ 339858.828460849646945, 6119673.461337191052735 ], [ 339848.787790278496686, 6119672.216887703165412 ], [ 339838.747119707404636, 6119671.794525782577693 ], [ 339831.474132483999711, 6119676.01294301263988 ], [ 339828.706449136254378, 6119678.383182372897863 ], [ 339819.757189328607637, 6119686.047313407063484 ], [ 339818.665778565104119, 6119686.981995747424662 ], [ 339808.625107993953861, 6119695.580816447734833 ], [ 339808.040256154898088, 6119696.081683801487088 ], [ 339798.584437422920018, 6119704.179769252426922 ], [ 339796.32347438094439, 6119706.116054195910692 ], [ 339788.543766851711553, 6119712.778582626953721 ], [ 339784.610684285522439, 6119706.11605419497937 ], [ 339778.503096280561294, 6119698.436047699302435 ], [ 339777.315336436964571, 6119696.081683801487088 ], [ 339772.256931270239875, 6119686.047313407063484 ], [ 339768.462425709411036, 6119678.511991845443845 ], [ 339767.145450611074921, 6119676.01294301263988 ], [ 339761.608556699124165, 6119665.978572618216276 ], [ 339758.421755138318986, 6119660.526865031570196 ], [ 339755.053063057595864, 6119655.944202223792672 ], [ 339748.381084567168728, 6119646.867852427996695 ], [ 339747.676843245862983, 6119645.909831829369068 ], [ 339740.120303301257081, 6119635.875461434945464 ], [ 339738.340413996018469, 6119634.3464371021837 ], [ 339728.299743424868211, 6119632.03210112079978 ], [ 339718.259072853776161, 6119630.375050410628319 ], [ 339708.218402282625902, 6119628.978778549470007 ], [ 339698.177731711475644, 6119627.661089369095862 ], [ 339690.449304962356109, 6119635.875461434945464 ], [ 339690.473642114026006, 6119645.909831829369068 ], [ 339688.467503694002517, 6119655.944202223792672 ], [ 339688.137061140383594, 6119657.008569088764489 ], [ 339685.352226182818413, 6119665.978572618216276 ], [ 339681.933215096592903, 6119676.01294301263988 ], [ 339678.096390569233336, 6119682.51338626537472 ], [ 339677.061574966297485, 6119686.047313407063484 ], [ 339678.096390569233336, 6119687.91295029502362 ], [ 339682.548927477619145, 6119696.081683801487088 ], [ 339688.137061140325386, 6119706.018076488748193 ], [ 339688.192162879626267, 6119706.11605419497937 ], [ 339693.835398281691596, 6119716.150424589402974 ], [ 339698.177731711475644, 6119723.871666478924453 ], [ 339699.445287633687258, 6119726.184794982895255 ], [ 339700.400776082882658, 6119736.219165378250182 ], [ 339699.179789900430478, 6119746.253535772673786 ], [ 339698.177731711533852, 6119754.488570781424642 ], [ 339697.958784402057063, 6119756.28790616709739 ], [ 339696.737778903567232, 6119766.322276561520994 ], [ 339695.51679272117326, 6119776.356646955944598 ], [ 339694.295787222799845, 6119786.391017351299524 ], [ 339693.074801040347666, 6119796.425387744791806 ], [ 339691.853795541916043, 6119806.45975813921541 ], [ 339690.632809359463863, 6119816.494128534570336 ], [ 339689.411803861090448, 6119826.528498928062618 ], [ 339688.190798362600617, 6119836.562869322486222 ], [ 339688.137061140325386, 6119837.004495280794799 ], [ 339686.969812180206645, 6119846.597239716909826 ], [ 339685.74880668183323, 6119856.631610112264752 ], [ 339681.812066236161627, 6119866.665980505757034 ], [ 339678.096390569233336, 6119871.292444167658687 ], [ 339673.753121042507701, 6119876.700350900180638 ], [ 339668.055719998083077, 6119885.221188835799694 ], [ 339667.059827834833413, 6119886.734721294604242 ], [ 339662.599902404355817, 6119896.769091689027846 ], [ 339658.140000676736236, 6119906.803462082520127 ], [ 339658.015049426932819, 6119907.084590128622949 ], [ 339653.680075544980355, 6119916.837832476943731 ], [ 339649.220150114560965, 6119926.872202871367335 ], [ 339647.974378855782561, 6119929.675059204921126 ], [ 339644.760224684199784, 6119936.906573265790939 ], [ 339640.300317598041147, 6119946.940943660214543 ], [ 339637.933708284632303, 6119952.265582281164825 ], [ 339635.840397824824322, 6119956.975314054638147 ], [ 339631.380472394404933, 6119967.009684449061751 ], [ 339627.893037713540252, 6119974.856051358394325 ], [ 339626.920546963985544, 6119977.044054843485355 ], [ 339622.460634519346058, 6119987.078425237908959 ], [ 339618.000720104610082, 6119997.112795632332563 ], [ 339617.852367142389994, 6119997.35014215297997 ], [ 339608.213917261804454, 6120007.147166026756167 ], [ 339607.811696571239736, 6120007.477399899624288 ], [ 339597.771026000089478, 6120015.721057190559804 ], [ 339595.992180723929778, 6120017.181536421179771 ], [ 339587.730355428997427, 6120023.964714481495321 ], [ 339583.770444186171517, 6120027.215906815603375 ], [ 339577.689684857847169, 6120032.208371772430837 ], [ 339571.548707648355048, 6120037.250277210026979 ], [ 339567.649014286696911, 6120040.452029063366354 ], [ 339559.32697111053858, 6120047.284647604450583 ], [ 339557.608343715546653, 6120048.695686355233192 ], [ 339547.567673144454602, 6120056.939343646168709 ], [ 339547.105234572780319, 6120057.319017998874187 ], [ 339537.527002573304344, 6120065.183025244623423 ], [ 339534.883535812783521, 6120067.353388393297791 ], [ 339527.486332002154086, 6120073.426689244806767 ], [ 339522.661799274967052, 6120077.387758787721395 ], [ 339517.445661431003828, 6120081.670346535742283 ], [ 339510.440062737150583, 6120087.422129182145 ], [ 339507.404990859911777, 6120089.914003826677799 ], [ 339498.218326199392322, 6120097.456499576568604 ], [ 339497.364320288761519, 6120098.157661117613316 ], [ 339487.323649717611261, 6120106.401318407617509 ], [ 339485.996589661575854, 6120107.490869970060885 ], [ 339477.282979146461003, 6120114.644997811876237 ], [ 339473.774890901579056, 6120117.525240364484489 ], [ 339467.242308575310744, 6120122.888664006255567 ], [ 339461.553154363762587, 6120127.559610758908093 ], [ 339457.201638004218694, 6120131.132321298122406 ], [ 339447.160967433068436, 6120137.235401945188642 ], [ 339443.564608621643856, 6120137.593981153331697 ], [ 339437.120296861918177, 6120138.998910140246153 ], [ 339427.079626290826127, 6120144.40458364598453 ], [ 339420.018276876129676, 6120147.628351547755301 ], [ 339417.038955719675869, 6120148.978418549522758 ], [ 339406.998285148525611, 6120153.528306696563959 ], [ 339397.874478116747923, 6120157.662721942178905 ], [ 339396.957614577375352, 6120158.078198156319559 ], [ 339386.916944006283302, 6120162.62816296890378 ], [ 339376.876273435133044, 6120167.178051115944982 ], [ 339375.730855847010389, 6120167.697092336602509 ], [ 339366.835602863982785, 6120171.228565713390708 ], [ 339356.794932292832527, 6120174.269708473235369 ], [ 339346.754261721740477, 6120176.515024031512439 ], [ 339341.237256776192226, 6120177.731462731026113 ], [ 339336.713591150590219, 6120178.814718997105956 ], [ 339326.67292057943996, 6120181.479848401620984 ], [ 339316.632250008289702, 6120183.592785730957985 ], [ 339306.591579437139444, 6120184.958431460894644 ], [ 339296.550908866047394, 6120186.279373535886407 ], [ 339286.510238294838928, 6120187.603777050971985 ], [ 339285.288696801406331, 6120187.765833125449717 ], [ 339276.469567723746877, 6120189.615824775770307 ], [ 339266.428897152596619, 6120196.89664707519114 ], [ 339265.38553820643574, 6120197.800203519873321 ], [ 339256.388226581504568, 6120205.591940904967487 ], [ 339253.798602850292809, 6120207.834573915228248 ], [ 339246.34755601035431, 6120214.287234736606479 ], [ 339242.211667494149879, 6120217.868944308720529 ], [ 339236.306885439204052, 6120222.982584360986948 ], [ 339230.624787016655318, 6120227.903314703144133 ], [ 339226.266214868053794, 6120231.677863581106067 ], [ 339219.037923203664832, 6120237.937685097567737 ], [ 339216.225544296961743, 6120240.373225710354745 ], [ 339207.450987847463693, 6120247.972055491991341 ], [ 339206.184873725811485, 6120249.068519541062415 ], [ 339196.144203154661227, 6120257.763813371770084 ], [ 339195.859601901320275, 6120258.006425885483623 ], [ 339186.103532583510969, 6120266.305292654782534 ], [ 339184.048597801825963, 6120268.040796280838549 ], [ 339176.062862012418918, 6120274.785182304680347 ], [ 339170.046770127024502, 6120278.075166675262153 ], [ 339166.02219144126866, 6120279.5476149674505 ], [ 339155.981520870118402, 6120282.534870608709753 ], [ 339145.940850298968144, 6120285.084332445636392 ], [ 339135.900179727934301, 6120287.251789793372154 ], [ 339131.526091121486388, 6120288.109537068754435 ], [ 339125.859509156725835, 6120289.047272422350943 ], [ 339115.818838585575577, 6120290.708908872678876 ], [ 339105.778168014425319, 6120292.370522288605571 ], [ 339095.737497443333268, 6120294.032127529382706 ], [ 339085.69682687218301, 6120295.693763980641961 ], [ 339075.656156301032752, 6120297.355346186086535 ], [ 339070.891164524713531, 6120298.143907465040684 ], [ 339065.615485729882494, 6120299.01697791647166 ], [ 339055.574815158732235, 6120300.678564841859043 ], [ 339045.534144587640185, 6120302.340201292186975 ], [ 339035.493474016431719, 6120304.001806075684726 ], [ 339025.452803445339669, 6120305.663419948890805 ], [ 339015.412132874247618, 6120307.325006768107414 ], [ 339010.256095133139752, 6120308.178277858532965 ], [ 339005.37146230309736, 6120308.986638604663312 ], [ 338995.330791731947102, 6120310.648261703550816 ], [ 338985.290121160796843, 6120312.30985726043582 ], [ 338975.249450589646585, 6120313.971493711695075 ], [ 338965.208780018554535, 6120315.633089861832559 ], [ 338955.168109447404277, 6120317.294712367467582 ], [ 338949.621172442217357, 6120318.212648252025247 ], [ 338945.127438876254018, 6120318.956294572912157 ], [ 338935.08676830510376, 6120319.638280886225402 ], [ 338925.04609773401171, 6120319.972059970721602 ], [ 338915.005427162861452, 6120325.34461509808898 ], [ 338912.548130588373169, 6120328.247018646448851 ], [ 338913.150808446283918, 6120338.281389040872455 ], [ 338913.731602666841354, 6120348.315759435296059 ], [ 338914.405364995414857, 6120358.350129830650985 ], [ 338915.005427162861452, 6120365.787096038460732 ], [ 338915.2051042674575, 6120368.384500224143267 ], [ 338915.446313271939289, 6120378.418870618566871 ], [ 338915.005427162861452, 6120382.026721858419478 ], [ 338914.311423505656421, 6120388.453241012990475 ], [ 338915.005427162861452, 6120389.032437596470118 ], [ 338923.526370169129223, 6120398.487611407414079 ], [ 338925.046097734069917, 6120399.80999543145299 ], [ 338935.058201330422889, 6120408.521981801837683 ], [ 338935.086768305045553, 6120408.546839129179716 ], [ 338945.127438876254018, 6120417.283649316988885 ], [ 338946.590070388745517, 6120418.556352196261287 ], [ 338955.168109447404277, 6120426.020498102530837 ], [ 338958.121908011846244, 6120428.590722590684891 ], [ 338965.208780018554535, 6120434.757332009263337 ], [ 338969.653739173198119, 6120438.625092985108495 ], [ 338975.249450589646585, 6120443.494157074019313 ], [ 338981.185614693211392, 6120448.659463379532099 ], [ 338985.290121160796843, 6120452.23098099976778 ], [ 338992.717445854563266, 6120458.693833773955703 ], [ 338995.330791731888894, 6120460.967816046439111 ], [ 339004.249321374634746, 6120468.728204169310629 ], [ 339005.37146230309736, 6120469.968793516978621 ], [ 339011.68227337038843, 6120478.762574562802911 ], [ 339015.41213287418941, 6120488.391194651834667 ], [ 339015.531581880524755, 6120488.796944957226515 ], [ 339017.508871237863787, 6120498.831315351650119 ], [ 339023.407039392972365, 6120508.865685746073723 ], [ 339025.452803445339669, 6120512.346058605238795 ], [ 339029.305244864430279, 6120518.900056139566004 ], [ 339035.203413019422442, 6120528.934426533989608 ], [ 339035.493474016489927, 6120529.427898304536939 ], [ 339041.101581174472813, 6120538.968796928413212 ], [ 339045.534144587640185, 6120546.444978142157197 ], [ 339047.069971712830011, 6120549.003167322836816 ], [ 339053.413245698844548, 6120559.037537718191743 ], [ 339055.574815158732235, 6120562.456905798055232 ], [ 339059.756535422056913, 6120569.071908111684024 ], [ 339065.615485729882494, 6120578.340979620814323 ], [ 339066.099215952737723, 6120579.106278506107628 ], [ 339072.379447510815226, 6120589.140648900531232 ], [ 339075.656156301032752, 6120596.091852829791605 ], [ 339077.091784782474861, 6120599.175019294954836 ], [ 339081.76417017908534, 6120609.20938968937844 ], [ 339083.750908071931917, 6120619.243760083802044 ], [ 339083.968421766068786, 6120629.278130478225648 ], [ 339084.185935460147448, 6120639.312500872649252 ], [ 339084.40348082134733, 6120649.346871267072856 ], [ 339084.620999197650235, 6120659.38124166149646 ], [ 339084.838512891670689, 6120669.415612055920064 ], [ 339085.056026585807558, 6120679.449982450343668 ], [ 339085.273540279944427, 6120689.484352844767272 ], [ 339085.491089578426909, 6120699.518723240122199 ], [ 339085.69682687218301, 6120709.009788819588721 ], [ 339085.708604017389007, 6120709.55309363361448 ], [ 339085.926117711525876, 6120719.587464027106762 ], [ 339086.143631405662745, 6120729.621834421530366 ], [ 339086.361147504707333, 6120739.65620481595397 ], [ 339086.578695143049117, 6120749.690575210377574 ], [ 339086.796208837185986, 6120759.724945604801178 ], [ 339087.013722531264648, 6120769.759315999224782 ], [ 339087.231236225401517, 6120779.793686393648386 ], [ 339087.448756261845119, 6120789.82805678807199 ], [ 339087.666299962846097, 6120799.862427182495594 ], [ 339087.883813656982966, 6120809.896797576919198 ], [ 339088.101327351061627, 6120819.931167971342802 ], [ 339088.318841045198496, 6120829.965538365766406 ], [ 339088.536365018982906, 6120839.99990876019001 ], [ 339088.753879500553012, 6120850.034279154613614 ], [ 339088.971418476721738, 6120860.068649549037218 ], [ 339089.188932170858607, 6120870.103019943460822 ], [ 339089.406445864995476, 6120880.137390337884426 ], [ 339089.623959559074137, 6120890.17176073230803 ], [ 339089.841488257690798, 6120900.206131126731634 ], [ 339090.059023296518717, 6120910.240501521155238 ], [ 339090.276536990655586, 6120920.274871915578842 ], [ 339090.494050684734248, 6120930.309242309071124 ], [ 339090.711564378871117, 6120940.343612703494728 ], [ 339090.929097014828585, 6120950.377983097918332 ], [ 339091.146628116315696, 6120960.412353493273258 ], [ 339091.364141810452566, 6120970.44672388676554 ], [ 339091.581655504531227, 6120980.481094281189144 ], [ 339091.799169198609889, 6120990.515464675612748 ], [ 339092.016705771966372, 6121000.549835070036352 ], [ 339092.234220253536478, 6121010.584205465391278 ], [ 339092.451746630191337, 6121020.61857585888356 ], [ 339092.669260324328206, 6121030.652946253307164 ], [ 339092.886774018406868, 6121040.687316647730768 ], [ 339093.104287712543737, 6121050.721687042154372 ], [ 339093.675973756820895, 6121060.756057437509298 ], [ 339094.916839210840408, 6121070.79042783100158 ], [ 339095.737497443333268, 6121074.221513226628304 ], [ 339098.58151534339413, 6121080.824798225425184 ], [ 339104.364354305202141, 6121090.859168619848788 ], [ 339105.778168014425319, 6121093.312415290623903 ], [ 339110.147193267126568, 6121100.893539014272392 ], [ 339115.818838585575577, 6121110.252035621553659 ], [ 339116.266201852122322, 6121110.927909408695996 ], [ 339123.001947927172296, 6121120.9622798031196 ], [ 339125.859509156725835, 6121125.219243691302836 ], [ 339129.7377264641691, 6121130.996650196611881 ], [ 339135.900179727876093, 6121140.176898428238928 ], [ 339136.473524120869115, 6121141.031020591035485 ], [ 339141.928506205440499, 6121151.065390985459089 ], [ 339144.503191387513652, 6121161.099761379882693 ], [ 339145.940850298968144, 6121163.215148314833641 ], [ 339151.32274850003887, 6121171.134131774306297 ], [ 339155.981520870118402, 6121177.989016176201403 ], [ 339158.052812506328337, 6121181.168502168729901 ], [ 339164.193908384593669, 6121191.202872563153505 ], [ 339166.02219144126866, 6121194.239230969920754 ], [ 339170.540840415342245, 6121201.237242957577109 ], [ 339176.062862012418918, 6121209.567174356430769 ], [ 339177.27434927248396, 6121211.271613352000713 ], [ 339181.631745455786586, 6121221.305983746424317 ], [ 339186.103532583510969, 6121229.563320110552013 ], [ 339187.060230415198021, 6121231.340354140847921 ], [ 339192.521499349619262, 6121241.374724535271525 ], [ 339196.144203154661227, 6121248.030962165445089 ], [ 339197.982789363537449, 6121251.409094929695129 ], [ 339203.444030978600495, 6121261.443465324118733 ], [ 339206.184873725811485, 6121266.479362277314067 ], [ 339208.905327796470374, 6121271.477835718542337 ], [ 339214.366589926939923, 6121281.512206112965941 ], [ 339216.225544296961743, 6121284.927762389183044 ], [ 339219.82788009440992, 6121291.546576507389545 ], [ 339225.289148875221144, 6121301.580946901813149 ], [ 339226.266214868112002, 6121303.376187392510474 ], [ 339230.75039049028419, 6121311.615317296236753 ], [ 339236.211707823502365, 6121321.649687690660357 ], [ 339236.306885439145844, 6121321.824565038084984 ], [ 339241.672949438623618, 6121331.684058085083961 ], [ 339246.34755601035431, 6121340.272962724789977 ], [ 339247.134260839200579, 6121341.718428478576243 ], [ 339252.595508386963047, 6121351.752798872999847 ], [ 339256.388226581504568, 6121358.72145945392549 ], [ 339258.056750002026092, 6121361.787169267423451 ], [ 339263.518067335186061, 6121371.821539660915732 ], [ 339266.428897152596619, 6121377.169837100431323 ], [ 339268.979308950307313, 6121381.855910055339336 ], [ 339274.440626283525489, 6121391.890280450694263 ], [ 339276.469567723805085, 6121395.618214747868478 ], [ 339279.901867898646742, 6121401.924650845117867 ], [ 339285.363118164357729, 6121411.959021239541471 ], [ 339286.510238294897135, 6121414.066702295094728 ], [ 339290.824426846927963, 6121421.993391633965075 ], [ 339296.285668462049216, 6121432.027762028388679 ], [ 339296.550908866047394, 6121432.515102406963706 ], [ 339301.746985795209184, 6121442.06213242188096 ], [ 339306.591579437139444, 6121450.96348681114614 ], [ 339307.208227410330437, 6121452.096502817235887 ], [ 339312.669498909148388, 6121462.130873212590814 ], [ 339316.632250008289702, 6121469.411902631632984 ], [ 339318.130786358669866, 6121472.165243606083095 ], [ 339323.592027973791119, 6121482.199614001438022 ], [ 339326.67292057943996, 6121487.860302744433284 ], [ 339329.053345306951087, 6121492.233984394930303 ], [ 339334.51458692207234, 6121502.268354789353907 ], [ 339336.713591150590219, 6121506.308702856302261 ], [ 339339.975879653880838, 6121512.302725183777511 ], [ 339345.437145870353561, 6121522.337095578201115 ], [ 339346.754261721740477, 6121524.757136519998312 ], [ 339350.898387485474814, 6121532.371465971693397 ], [ 339356.35970481869299, 6121542.405836366117001 ], [ 339356.794932292832527, 6121543.205514166504145 ], [ 339361.820946433756035, 6121552.440206760540605 ], [ 339366.835602863982785, 6121561.653903190977871 ], [ 339367.282260398613289, 6121562.474577154964209 ], [ 339372.743505382095464, 6121572.508947549387813 ], [ 339376.876273435133044, 6121580.102408583275974 ], [ 339378.204746997216716, 6121582.543317943811417 ], [ 339383.666064330376685, 6121592.577688338235021 ], [ 339386.916944006283302, 6121598.550786228850484 ], [ 339389.127305945497938, 6121602.612058732658625 ], [ 339394.588623278657906, 6121612.646429127082229 ], [ 339396.957614577375352, 6121616.999163877218962 ], [ 339400.049864893779159, 6121622.680799521505833 ], [ 339405.511117723828647, 6121632.715169915929437 ], [ 339406.998285148525611, 6121635.0174848921597 ], [ 339416.682489158061799, 6121642.749540310353041 ], [ 339417.038955719675869, 6121642.97679647244513 ], [ 339427.079626290826127, 6121649.377876223064959 ], [ 339432.422220267762896, 6121652.783910704776645 ], [ 339437.120296861918177, 6121655.779049572534859 ], [ 339447.160967433068436, 6121662.18012932408601 ], [ 339448.161951377405785, 6121662.818281099200249 ], [ 339457.201638004218694, 6121667.298861945047975 ], [ 339467.242308575368952, 6121670.151361383497715 ], [ 339477.282979146461003, 6121672.431941649876535 ], [ 339479.135177950956859, 6121672.852651493623853 ], [ 339487.323649717611261, 6121674.71258719265461 ], [ 339497.364320288761519, 6121676.993167458102107 ], [ 339507.404990859911777, 6121679.273813001811504 ], [ 339517.445661431003828, 6121681.554458543658257 ], [ 339523.312514596385881, 6121682.887021888047457 ], [ 339527.486332002154086, 6121683.835038810037076 ], [ 339537.527002573304344, 6121686.115684352815151 ], [ 339547.567673144454602, 6121688.344216061756015 ], [ 339553.739619734813459, 6121682.887021888047457 ], [ 339557.608343715546653, 6121673.153449632227421 ], [ 339557.704489614523482, 6121672.852651493623853 ], [ 339559.835793771781027, 6121662.818281099200249 ], [ 339561.967097929038573, 6121652.783910704776645 ], [ 339564.098440903821029, 6121642.749540310353041 ], [ 339566.229757808556315, 6121632.715169915929437 ], [ 339567.649014286696911, 6121626.033223577775061 ], [ 339568.361070454469882, 6121622.680799521505833 ], [ 339570.49237461166922, 6121612.646429126150906 ], [ 339577.689684857847169, 6121603.725136087276042 ], [ 339578.936627651331946, 6121602.612058732658625 ], [ 339587.730355428997427, 6121598.696109052747488 ], [ 339590.748727759462781, 6121602.612058732658625 ], [ 339597.771026000089478, 6121608.691894289106131 ], [ 339600.426335004565772, 6121612.646429127082229 ], [ 339607.630650202394463, 6121622.680799521505833 ], [ 339607.811696571239736, 6121622.850668435916305 ], [ 339615.178392927919049, 6121632.715169915929437 ], [ 339617.852367142448202, 6121636.295801086351275 ], [ 339622.22739212831948, 6121642.749540310353041 ], [ 339627.893037713540252, 6121651.643673761747777 ], [ 339628.832373635843396, 6121652.783910704776645 ], [ 339634.000538890308235, 6121662.818281099200249 ], [ 339635.923461592639796, 6121672.852651493623853 ], [ 339637.312517907645088, 6121682.887021888047457 ], [ 339637.93370828469051, 6121687.37441604398191 ], [ 339646.667227545578498, 6121692.921392282471061 ], [ 339647.974378855782561, 6121693.708038993179798 ] ], [ [ 340715.462437071604654, 6121030.652946253307164 ], [ 340722.326129967346787, 6121025.464823456481099 ], [ 340728.098233864177018, 6121020.61857585888356 ], [ 340732.366800538497046, 6121016.820516002364457 ], [ 340736.561401152051985, 6121020.61857585888356 ], [ 340732.366800538497046, 6121026.518453925848007 ], [ 340729.091688854678068, 6121030.652946253307164 ], [ 340722.326129967346787, 6121036.710259262472391 ], [ 340715.462437071604654, 6121030.652946253307164 ] ], [ [ 340740.825603500648867, 6121010.584205464459956 ], [ 340742.407471109647304, 6121009.207908070646226 ], [ 340743.695476761204191, 6121010.584205464459956 ], [ 340742.407471109647304, 6121012.395838321186602 ], [ 340740.825603500648867, 6121010.584205464459956 ] ], [ [ 339874.248625439358875, 6119866.665980505757034 ], [ 339868.86913142085541, 6119863.729881317354739 ], [ 339858.828460849646945, 6119858.249732173979282 ], [ 339855.863759463303722, 6119856.63161011133343 ], [ 339848.787790278554894, 6119852.691519256681204 ], [ 339839.581167893309612, 6119846.597239716909826 ], [ 339838.747119707404636, 6119845.848246574401855 ], [ 339828.706449136254378, 6119836.831469665281475 ], [ 339828.407348074135371, 6119836.562869322486222 ], [ 339818.665778565104119, 6119827.707084810361266 ], [ 339817.65703996096272, 6119826.528498928062618 ], [ 339812.001308765087742, 6119816.494128533639014 ], [ 339809.980553398898337, 6119806.45975813921541 ], [ 339808.625107993953861, 6119800.81444853451103 ], [ 339807.073753531090915, 6119796.425387743860483 ], [ 339801.905436048517004, 6119786.391017350368202 ], [ 339798.584437422861811, 6119779.818265371024609 ], [ 339796.818099304917268, 6119776.356646955944598 ], [ 339794.564271776238456, 6119766.322276561520994 ], [ 339794.050278371723834, 6119756.28790616709739 ], [ 339798.153970136423595, 6119746.253535772673786 ], [ 339798.584437422861811, 6119745.995017332956195 ], [ 339798.903013586008456, 6119746.253535772673786 ], [ 339808.625107993953861, 6119754.186336941085756 ], [ 339810.985321909131017, 6119756.287906166166067 ], [ 339818.665778565104119, 6119763.21929648052901 ], [ 339820.930250159639399, 6119766.322276561520994 ], [ 339828.25306723889662, 6119776.356646955944598 ], [ 339828.706449136254378, 6119776.830658386461437 ], [ 339838.747119707404636, 6119783.649983488023281 ], [ 339845.919314682250842, 6119786.391017349436879 ], [ 339848.787790278496686, 6119787.328649532049894 ], [ 339858.828460849646945, 6119787.440709587186575 ], [ 339868.869131420797203, 6119786.874441439285874 ], [ 339876.989103554864414, 6119786.391017350368202 ], [ 339878.909801991947461, 6119786.276449515484273 ], [ 339888.950472563039511, 6119785.605040391907096 ], [ 339898.99114313418977, 6119784.933631270192564 ], [ 339909.031813705340028, 6119784.26225040666759 ], [ 339919.072484276490286, 6119783.59083888400346 ], [ 339929.113154847640544, 6119782.919427361339331 ], [ 339935.790491927356925, 6119786.391017350368202 ], [ 339935.112360538565554, 6119796.425387744791806 ], [ 339932.557235898042563, 6119806.45975813921541 ], [ 339930.002111257519573, 6119816.494128533639014 ], [ 339929.113154847640544, 6119819.98519810475409 ], [ 339927.446986616996583, 6119826.528498927131295 ], [ 339923.494716622459237, 6119836.562869322486222 ], [ 339919.409082609286997, 6119846.597239716909826 ], [ 339919.072484276490286, 6119847.423929610289633 ], [ 339915.323459700564854, 6119856.631610112264752 ], [ 339909.031813705340028, 6119866.175940035842359 ], [ 339908.269794143387116, 6119866.665980505757034 ], [ 339898.99114313418977, 6119870.968176843598485 ], [ 339888.950472563039511, 6119872.738268859684467 ], [ 339878.909801991947461, 6119869.21002584695816 ], [ 339874.248625439358875, 6119866.665980505757034 ] ] ] } },
{ "type": "Feature", "properties": { "id": 1, "cost_level": 600.0 }, "geometry": { "type": "Polygon", "coordinates": [ [ [ 339607.811696571239736, 6121348.196865050122142 ], [ 339617.852367142389994, 6121347.77934136800468 ], [ 339627.893037713540252, 6121346.755159636959434 ], [ 339637.933708284748718, 6121345.860037878155708 ], [ 339647.974378855782561, 6121345.070132190361619 ], [ 339658.015049426932819, 6121344.302676659077406 ], [ 339668.055719998083077, 6121343.813360593281686 ], [ 339678.096390569233336, 6121344.08967054169625 ], [ 339688.137061140325386, 6121344.30731095559895 ], [ 339698.177731711475644, 6121344.504500632174313 ], [ 339708.218402282625902, 6121344.773262847214937 ], [ 339718.259072853717953, 6121345.116496137343347 ], [ 339728.299743424868211, 6121346.080578234046698 ], [ 339738.340413996018469, 6121347.519292482174933 ], [ 339748.381084567168728, 6121349.089900804683566 ], [ 339758.421755138318986, 6121350.131007766351104 ], [ 339768.462425709352829, 6121349.822214292362332 ], [ 339778.503096280561294, 6121349.513408413156867 ], [ 339788.543766851711553, 6121349.206249691545963 ], [ 339798.584437422861811, 6121348.912243997678161 ], [ 339808.625107993953861, 6121348.625885432586074 ], [ 339818.665778565104119, 6121348.339526867493987 ], [ 339828.706449136254378, 6121343.106725452467799 ], [ 339830.690606079704594, 6121341.718428478576243 ], [ 339838.747119707404636, 6121335.535422099754214 ], [ 339844.349071926437318, 6121331.684058084152639 ], [ 339848.787790278496686, 6121328.365770043805242 ], [ 339857.569706776586827, 6121321.649687690660357 ], [ 339858.828460849646945, 6121320.657985856756568 ], [ 339868.606753483356442, 6121311.615317296236753 ], [ 339868.869131420797203, 6121311.398012067191303 ], [ 339878.909801991947461, 6121303.920429027639329 ], [ 339883.386614905437455, 6121301.580946901813149 ], [ 339888.950472563039511, 6121295.351253161206841 ], [ 339898.99114313418977, 6121292.073880143463612 ], [ 339900.650918862840626, 6121291.546576507389545 ], [ 339909.031813705340028, 6121288.883996753022075 ], [ 339919.072484276490286, 6121285.694103852845728 ], [ 339929.113154847582337, 6121282.504225837998092 ], [ 339932.235681774793193, 6121281.512206112965941 ], [ 339939.153825418732595, 6121279.314327562227845 ], [ 339949.194495989882853, 6121276.124449547380209 ], [ 339959.235166561033111, 6121272.934554212726653 ], [ 339963.820420577772893, 6121271.477835718542337 ], [ 339969.275837132183369, 6121269.744673256762326 ], [ 339979.31650770327542, 6121266.554785301908851 ], [ 339989.357178274425678, 6121263.364900845102966 ], [ 339995.405203323345631, 6121261.443465324118733 ], [ 339999.397848845575936, 6121260.167267630808055 ], [ 340009.438519416726194, 6121256.985131934285164 ], [ 340019.479189987818245, 6121253.795242659747601 ], [ 340026.98998606891837, 6121251.409094929695129 ], [ 340029.519860559026711, 6121250.296340449713171 ], [ 340039.560531130118761, 6121247.625996628776193 ], [ 340049.601201701269019, 6121248.324776230379939 ], [ 340059.64187227236107, 6121246.803486319258809 ], [ 340069.682542843511328, 6121244.232782839797437 ], [ 340079.723213414661586, 6121242.718377467244864 ], [ 340089.763883985811844, 6121241.527072504162788 ], [ 340091.211968887248076, 6121241.374724535271525 ], [ 340099.804554556903895, 6121240.470728527754545 ], [ 340109.845225128054153, 6121239.414384552277625 ], [ 340119.885895699204411, 6121238.358040575869381 ], [ 340129.92656627035467, 6121237.301696600392461 ], [ 340139.96723684144672, 6121236.231098325923085 ], [ 340150.007907412596978, 6121235.074082208797336 ], [ 340160.048577983747236, 6121233.90676318667829 ], [ 340170.089248554897495, 6121232.7394257793203 ], [ 340180.129919125989545, 6121231.57211765088141 ], [ 340190.170589697081596, 6121231.557544738985598 ], [ 340200.211260268290062, 6121231.708330679684877 ], [ 340210.25193083944032, 6121231.741766090504825 ], [ 340213.46214544645045, 6121231.340354140847921 ], [ 340220.292601410590578, 6121230.486259640194476 ], [ 340230.333271981682628, 6121230.002668958157301 ], [ 340240.373942552832887, 6121227.664750688709319 ], [ 340250.414613123983145, 6121224.808708810247481 ], [ 340260.455283695133403, 6121221.623045459389687 ], [ 340261.454605915409047, 6121221.30598374735564 ], [ 340270.495954266225453, 6121218.437380652874708 ], [ 340280.536624837375712, 6121215.735128012485802 ], [ 340290.577295408584177, 6121213.316747026517987 ], [ 340297.512558946560603, 6121211.271613352000713 ], [ 340300.617965979676228, 6121210.353204597719014 ], [ 340310.658636550768279, 6121207.576960768550634 ], [ 340320.699307121918537, 6121202.627853084355593 ], [ 340324.90284921915736, 6121201.237242957577109 ], [ 340330.739977693068795, 6121199.346342349424958 ], [ 340340.780648264219053, 6121195.445891259238124 ], [ 340350.704122314462438, 6121191.202872563153505 ], [ 340350.821318835311104, 6121191.15344403591007 ], [ 340351.015602855070028, 6121191.202872563153505 ], [ 340360.861989406403154, 6121193.729800498113036 ], [ 340370.90265997761162, 6121194.157852829433978 ], [ 340374.689485135837458, 6121191.202872563153505 ], [ 340380.943330548761878, 6121183.958083051256835 ], [ 340384.314337051706389, 6121181.168502168729901 ], [ 340390.984001119853929, 6121176.752572998404503 ], [ 340401.024671691004187, 6121175.935046697035432 ], [ 340411.065342262154445, 6121174.674839844927192 ], [ 340421.106012833304703, 6121172.5465002451092 ], [ 340427.42102494178107, 6121171.134131774306297 ], [ 340431.146683404396754, 6121169.683800549246371 ], [ 340437.028775264800061, 6121161.099761379882693 ], [ 340441.187353975547012, 6121156.707635374739766 ], [ 340451.22802454669727, 6121154.424820560961962 ], [ 340461.268695117789321, 6121152.142036011442542 ], [ 340466.004244089999702, 6121151.065390985459089 ], [ 340471.309365688939579, 6121149.859251461923122 ], [ 340481.350036260089837, 6121147.57646691147238 ], [ 340491.390706831240095, 6121145.293682361021638 ], [ 340501.431377402390353, 6121143.059631527401507 ], [ 340511.472047973482404, 6121142.571987271308899 ], [ 340521.51271854469087, 6121142.084343015216291 ], [ 340531.55338911578292, 6121141.596698759123683 ], [ 340533.779487358173355, 6121141.031020591035485 ], [ 340541.594059686933178, 6121138.844762451946735 ], [ 340551.634730258083437, 6121137.568705165758729 ], [ 340561.675400829175487, 6121136.027398279868066 ], [ 340571.716071400325745, 6121134.056998522020876 ], [ 340581.756741971476004, 6121131.938117186538875 ], [ 340586.218039425555617, 6121130.996650196611881 ], [ 340591.797412542626262, 6121129.819229363463819 ], [ 340601.838083113718312, 6121127.70035451836884 ], [ 340606.914765806810465, 6121120.9622798031196 ], [ 340601.838083113718312, 6121115.433230458758771 ], [ 340597.975900764053222, 6121110.927909408695996 ], [ 340591.797412542626262, 6121104.509347055107355 ], [ 340588.319904989097267, 6121100.893539014272392 ], [ 340581.756741971476004, 6121094.097356544807553 ], [ 340579.328511673375033, 6121090.859168619848788 ], [ 340571.883509498205967, 6121080.824798225425184 ], [ 340571.716071400267538, 6121080.597984072752297 ], [ 340564.438420427730307, 6121070.79042783100158 ], [ 340561.675400829175487, 6121067.066909046843648 ], [ 340556.992463079863228, 6121060.756057436577976 ], [ 340551.634730258083437, 6121053.275750963017344 ], [ 340549.853589728940278, 6121050.721687042154372 ], [ 340543.234849097498227, 6121040.687316647730768 ], [ 340541.594059686991386, 6121037.657012674026191 ], [ 340537.938123664236628, 6121030.652946253307164 ], [ 340532.700422515976243, 6121020.61857585888356 ], [ 340531.553389115841128, 6121018.421093096025288 ], [ 340527.462721367774066, 6121010.584205464459956 ], [ 340522.225020219513681, 6121000.549835070036352 ], [ 340521.512718544574454, 6120998.554892702028155 ], [ 340518.33676374098286, 6120990.515464675612748 ], [ 340512.639692419790663, 6120980.481094281189144 ], [ 340511.472047973482404, 6120978.639773284085095 ], [ 340506.197510700963903, 6120970.446723887696862 ], [ 340501.431377402390353, 6120962.397594974376261 ], [ 340499.440912365738768, 6120960.412353492341936 ], [ 340491.390706831240095, 6120951.274530205875635 ], [ 340490.428794857289176, 6120950.377983097918332 ], [ 340481.350036260089837, 6120944.074428081512451 ], [ 340475.017946273845155, 6120940.343612703494728 ], [ 340471.309365688939579, 6120938.158547502942383 ], [ 340461.268695117789321, 6120932.242666924372315 ], [ 340457.987236231623683, 6120930.309242309071124 ], [ 340451.22802454669727, 6120926.32673736102879 ], [ 340441.187353975547012, 6120920.410856783390045 ], [ 340440.874754844640847, 6120920.274871915578842 ], [ 340431.146683404396754, 6120916.572844976559281 ], [ 340421.106012833304703, 6120913.678519201464951 ], [ 340411.065342262154445, 6120910.782678653486073 ], [ 340410.461289820552338, 6120910.240501521155238 ], [ 340401.476715078984853, 6120900.206131126731634 ], [ 340401.024671691004187, 6120899.624068767763674 ], [ 340393.683755312347785, 6120890.17176073230803 ], [ 340390.984001119853929, 6120886.695504236966372 ], [ 340385.890793667291291, 6120880.137390337884426 ], [ 340380.943330548761878, 6120876.087478717789054 ], [ 340370.90265997761162, 6120871.799412507563829 ], [ 340365.44829679914983, 6120870.103019943460822 ], [ 340360.861989406461362, 6120868.732295649126172 ], [ 340350.821318835252896, 6120865.389215462841094 ], [ 340341.91836023790529, 6120860.068649549037218 ], [ 340340.780648264219053, 6120859.191590414382517 ], [ 340331.872332293132786, 6120850.034279154613614 ], [ 340330.739977693068795, 6120848.949469240382314 ], [ 340320.699307121918537, 6120840.816010233014822 ], [ 340319.850828471709974, 6120839.99990876019001 ], [ 340312.31288222479634, 6120829.965538365766406 ], [ 340310.658636550768279, 6120827.45037086494267 ], [ 340305.713196992059238, 6120819.931167971342802 ], [ 340300.617965979676228, 6120811.776897807605565 ], [ 340299.477350831555668, 6120809.896797576919198 ], [ 340293.708304308354855, 6120799.862427182495594 ], [ 340290.57729540852597, 6120794.416518073529005 ], [ 340287.939257785154041, 6120789.82805678807199 ], [ 340283.069284469587728, 6120779.793686393648386 ], [ 340280.536624837375712, 6120773.589887801557779 ], [ 340278.984916196553968, 6120769.759315999224782 ], [ 340275.450534933945164, 6120759.724945604801178 ], [ 340273.261184360075276, 6120749.690575210377574 ], [ 340272.154844627424609, 6120739.65620481595397 ], [ 340270.495954266225453, 6120732.030801495537162 ], [ 340269.993012559600174, 6120729.621834421530366 ], [ 340267.265861781372223, 6120719.587464027106762 ], [ 340263.913357749115676, 6120709.55309363361448 ], [ 340262.328452954010572, 6120699.518723239190876 ], [ 340260.455283695133403, 6120691.256608756259084 ], [ 340260.061481019365601, 6120689.484352844767272 ], [ 340258.304074187763035, 6120679.449982450343668 ], [ 340255.607248815824278, 6120669.415612055920064 ], [ 340252.384875384508632, 6120659.38124166149646 ], [ 340250.578415866883006, 6120649.346871266141534 ], [ 340250.414613123983145, 6120648.436993476934731 ], [ 340248.771951161790639, 6120639.312500872649252 ], [ 340246.96548593940679, 6120629.278130478225648 ], [ 340245.159020717022941, 6120619.243760083802044 ], [ 340243.352555494697299, 6120609.20938968937844 ], [ 340241.54609027231345, 6120599.175019294954836 ], [ 340240.373942552832887, 6120592.664091640152037 ], [ 340239.739627053088043, 6120589.140648900531232 ], [ 340237.933167535462417, 6120579.106278506107628 ], [ 340236.126708017778583, 6120569.071908111684024 ], [ 340234.320248500094749, 6120559.037537716329098 ], [ 340232.513788982469123, 6120549.003167323768139 ], [ 340230.707298938126769, 6120538.968796928413212 ], [ 340230.333271981682628, 6120536.891189802438021 ], [ 340228.900838239351287, 6120528.934426533989608 ], [ 340227.580689059454016, 6120518.900056139566004 ], [ 340227.089309998438694, 6120508.865685746073723 ], [ 340227.712175170017872, 6120498.831315351650119 ], [ 340228.335017514415085, 6120488.796944957226515 ], [ 340228.957862985727843, 6120478.762574562802911 ], [ 340229.580725030391477, 6120468.728204168379307 ], [ 340230.203567374730483, 6120458.693833773955703 ], [ 340230.333271981682628, 6120456.60428995732218 ], [ 340230.826432546367869, 6120448.659463379532099 ], [ 340231.449274890706874, 6120438.625092985108495 ], [ 340232.07211723504588, 6120428.590722590684891 ], [ 340232.140759602247272, 6120418.556352196261287 ], [ 340232.007272681337781, 6120408.521981802769005 ], [ 340231.873789387871511, 6120398.487611407414079 ], [ 340230.51834671292454, 6120388.453241012990475 ], [ 340230.333271981682628, 6120387.912377846427262 ], [ 340227.084753312519751, 6120378.418870618566871 ], [ 340223.651168391748797, 6120368.384500224143267 ], [ 340220.292601410590578, 6120358.569341386668384 ], [ 340220.217591244261712, 6120358.350129829719663 ], [ 340216.783998466271441, 6120348.315759435296059 ], [ 340213.350412923027761, 6120338.281389040872455 ], [ 340210.25193083944032, 6120329.226308710873127 ], [ 340209.916835775598884, 6120328.247018646448851 ], [ 340206.219038115814328, 6120318.212648252025247 ], [ 340200.496472198690753, 6120308.178277859464288 ], [ 340200.211260268290062, 6120307.458380495198071 ], [ 340196.689918852120172, 6120298.143907464109361 ], [ 340196.969265438790899, 6120288.109537069685757 ], [ 340197.292928203998599, 6120278.075166676193476 ], [ 340197.6165909692063, 6120268.040796279907227 ], [ 340199.276414506603032, 6120258.006425886414945 ], [ 340200.211260268290062, 6120254.875926591455936 ], [ 340203.652043829788454, 6120247.972055491991341 ], [ 340208.686883450718597, 6120237.937685097567737 ], [ 340210.25193083944032, 6120234.818565847352147 ], [ 340213.662165315821767, 6120227.903314703144133 ], [ 340218.002649429952726, 6120217.868944308720529 ], [ 340220.292601410648786, 6120212.574450249783695 ], [ 340222.342672499537002, 6120207.834573914296925 ], [ 340226.086230576620437, 6120197.800203519873321 ], [ 340228.138342635706067, 6120187.765833125449717 ], [ 340229.894599145278335, 6120177.731462731026113 ], [ 340230.333271981682628, 6120175.22510577365756 ], [ 340231.650846319156699, 6120167.697092336602509 ], [ 340233.4071121646557, 6120157.662721942178905 ], [ 340238.69703748752363, 6120147.628351547755301 ], [ 340232.801849833806045, 6120137.593981152400374 ], [ 340230.333271981682628, 6120134.022082922980189 ], [ 340225.866986936074682, 6120127.559610758908093 ], [ 340220.292601410590578, 6120119.493777316063643 ], [ 340218.878014492394868, 6120117.525240364484489 ], [ 340211.605270819854923, 6120107.490869970060885 ], [ 340210.25193083944032, 6120105.639414089731872 ], [ 340202.339431413391139, 6120097.456499576568604 ], [ 340200.211260268290062, 6120096.316577784717083 ], [ 340196.821527108666487, 6120097.456499576568604 ], [ 340190.170589697139803, 6120099.693120611831546 ], [ 340180.129919125989545, 6120103.069598637521267 ], [ 340170.089248554897495, 6120104.62031289935112 ], [ 340160.048577983747236, 6120104.777282609604299 ], [ 340150.007907412596978, 6120105.89306746982038 ], [ 340145.131044109119102, 6120107.490869970060885 ], [ 340139.96723684144672, 6120109.916830995120108 ], [ 340129.92656627035467, 6120111.315710170194507 ], [ 340119.885895699204411, 6120112.111933071166277 ], [ 340109.845225128054153, 6120117.13877828232944 ], [ 340108.75276931526605, 6120117.525240364484489 ], [ 340099.804554556903895, 6120119.519032191485167 ], [ 340095.714345230022445, 6120117.525240364484489 ], [ 340089.763883985811844, 6120114.715333768166602 ], [ 340082.955299908993766, 6120107.490869970060885 ], [ 340079.723213414661586, 6120104.061362218111753 ], [ 340070.839453170076013, 6120097.456499576568604 ], [ 340069.682542843511328, 6120096.620599868707359 ], [ 340059.760530583502259, 6120087.422129182145 ], [ 340059.64187227236107, 6120087.089073079638183 ], [ 340056.185572990623768, 6120077.387758787721395 ], [ 340052.610628094931599, 6120067.353388393297791 ], [ 340049.601201701269019, 6120058.906414991244674 ], [ 340049.035657804983202, 6120057.319017998874187 ], [ 340045.460725105775055, 6120047.284647604450583 ], [ 340041.88578498212155, 6120037.250277210958302 ], [ 340039.560531130118761, 6120030.72363799624145 ], [ 340038.310827389243059, 6120027.215906815603375 ], [ 340034.735869796364568, 6120017.181536421179771 ], [ 340033.102095582173206, 6120007.147166026756167 ], [ 340038.28950999857625, 6119997.112795632332563 ], [ 340032.587032253795769, 6119987.078425238840282 ], [ 340029.519860558968503, 6119983.122472506016493 ], [ 340024.771971322828904, 6119977.044054843485355 ], [ 340019.479189987818245, 6119970.232993971556425 ], [ 340015.051027099601924, 6119977.044054843485355 ], [ 340009.438519416726194, 6119980.136544913053513 ], [ 339999.397848845575936, 6119984.296212497167289 ], [ 339993.397383261704817, 6119987.078425237908959 ], [ 339989.357178274425678, 6119989.856731612235308 ], [ 339979.31650770327542, 6119994.084159607067704 ], [ 339972.182444398989901, 6119997.112795632332563 ], [ 339969.275837132183369, 6119999.342515559867024 ], [ 339959.235166560974903, 6120004.619278745725751 ], [ 339950.992894638737198, 6120007.147166026756167 ], [ 339949.194495989882853, 6120008.341382683254778 ], [ 339939.153825418790802, 6120015.412557661533356 ], [ 339933.474964395514689, 6120017.181536421179771 ], [ 339929.113154847640544, 6120019.400462527759373 ], [ 339919.072484276490286, 6120025.155950612388551 ], [ 339915.478811363747809, 6120027.215906815603375 ], [ 339909.031813705340028, 6120030.863047966733575 ], [ 339898.99114313418977, 6120036.434677543118596 ], [ 339897.501481468323618, 6120037.250277210026979 ], [ 339888.950472563039511, 6120041.91539912391454 ], [ 339879.977232844743412, 6120047.284647604450583 ], [ 339878.909801991947461, 6120047.924680991098285 ], [ 339868.869131420797203, 6120054.533521742559969 ], [ 339864.639110654476099, 6120057.319017998874187 ], [ 339858.828460849646945, 6120061.19221849553287 ], [ 339849.412505679181777, 6120067.353388393297791 ], [ 339848.787790278496686, 6120067.789492314681411 ], [ 339838.747119707404636, 6120074.509444458410144 ], [ 339834.330399371567182, 6120077.387758787721395 ], [ 339828.706449136254378, 6120081.150165280327201 ], [ 339819.109471682808362, 6120087.422129182145 ], [ 339818.665778565104119, 6120087.618087741546333 ], [ 339816.000413468922488, 6120087.422129182145 ], [ 339816.71674443903612, 6120077.387758787721395 ], [ 339818.665778565104119, 6120074.85378098115325 ], [ 339824.434779808332678, 6120067.353388393297791 ], [ 339828.706449136254378, 6120061.799774589948356 ], [ 339832.152909616706893, 6120057.319017998874187 ], [ 339828.706449136254378, 6120049.419237756170332 ], [ 339826.556558735785075, 6120047.284647604450583 ], [ 339818.665778565104119, 6120040.266115037724376 ], [ 339808.625107993953861, 6120037.674252859316766 ], [ 339803.801189443503972, 6120037.250277210026979 ], [ 339798.584437422861811, 6120036.791771469637752 ], [ 339788.543766851711553, 6120035.909286531619728 ], [ 339778.503096280503087, 6120035.026801591739058 ], [ 339768.462425709411036, 6120034.144316652789712 ], [ 339758.421755138318986, 6120033.261781099252403 ], [ 339754.026473859674297, 6120037.250277210026979 ], [ 339748.381084567168728, 6120042.959128022193909 ], [ 339744.718184777884744, 6120047.284647604450583 ], [ 339738.340413996018469, 6120054.816088982857764 ], [ 339736.2208851109026, 6120057.319017998874187 ], [ 339728.299743424868211, 6120066.673096856102347 ], [ 339727.723664717166685, 6120067.353388393297791 ], [ 339719.22636505018454, 6120077.387758787721395 ], [ 339718.259072853776161, 6120078.541269433684647 ], [ 339710.810376894078217, 6120087.422129182145 ], [ 339708.218402282625902, 6120090.538150538690388 ], [ 339702.463523025740869, 6120097.456499576568604 ], [ 339698.177731711475644, 6120102.575637560337782 ], [ 339694.418284322950058, 6120107.490869969129562 ], [ 339688.137061140325386, 6120115.504688303917646 ], [ 339687.160943123977631, 6120117.525240364484489 ], [ 339682.329632555425633, 6120127.559610758908093 ], [ 339678.096390569233336, 6120135.849771900102496 ], [ 339677.243451513233595, 6120137.593981153331697 ], [ 339672.336525123100728, 6120147.628351547755301 ], [ 339668.055719998083077, 6120156.382262738421559 ], [ 339667.429554596426897, 6120157.662721942178905 ], [ 339662.52262820629403, 6120167.697092336602509 ], [ 339658.015049426932819, 6120176.914820799604058 ], [ 339657.615701816102955, 6120177.731462731026113 ], [ 339652.708775426028296, 6120187.765833125449717 ], [ 339647.974378855782561, 6120197.447390377521515 ], [ 339647.80184903589543, 6120197.800203518941998 ], [ 339642.894922645762563, 6120207.834573914296925 ], [ 339637.987996255629696, 6120217.868944308720529 ], [ 339637.93370828469051, 6120217.979959956370294 ], [ 339633.081069865496829, 6120227.903314703144133 ], [ 339628.174143475363962, 6120237.937685097567737 ], [ 339627.893037713540252, 6120238.512529533356428 ], [ 339623.267217085231096, 6120247.972055491060019 ], [ 339618.360290695156436, 6120258.006425886414945 ], [ 339617.852367142331786, 6120259.045099112205207 ], [ 339613.453364304965362, 6120268.040796280838549 ], [ 339608.546437914832495, 6120278.075166675262153 ], [ 339607.811696571239736, 6120279.577668690122664 ], [ 339603.639493184629828, 6120288.109537069685757 ], [ 339598.732540998025797, 6120298.143907464109361 ], [ 339597.77102600003127, 6120300.110148010775447 ], [ 339594.131373511336278, 6120308.178277857601643 ], [ 339590.655869437556248, 6120318.212648252025247 ], [ 339587.73035542893922, 6120327.152230588719249 ], [ 339587.372080257395282, 6120328.247018646448851 ], [ 339584.0882795691723, 6120338.281389040872455 ], [ 339580.804478880949318, 6120348.315759435296059 ], [ 339577.689684857847169, 6120357.833693042397499 ], [ 339577.520678857516032, 6120358.35012982878834 ], [ 339577.02686707227258, 6120368.384500224143267 ], [ 339572.101235562353395, 6120378.418870618566871 ], [ 339569.922797218488995, 6120388.453241012990475 ], [ 339567.649014286696911, 6120392.862548364326358 ], [ 339564.703139773628209, 6120398.487611407414079 ], [ 339560.065366451162845, 6120408.521981801837683 ], [ 339557.608343715546653, 6120415.854850817471743 ], [ 339556.703152269124985, 6120418.556352196261287 ], [ 339553.34093808720354, 6120428.590722590684891 ], [ 339551.042209450737573, 6120438.625092985108495 ], [ 339552.877764244971331, 6120448.659463379532099 ], [ 339554.201950335234869, 6120458.693833773955703 ], [ 339551.261994805419818, 6120468.728204168379307 ], [ 339548.133880998357199, 6120478.762574562802911 ], [ 339547.567673144454602, 6120480.578899400308728 ], [ 339544.990997253044043, 6120488.796944957226515 ], [ 339542.025448121014051, 6120498.831315351650119 ], [ 339538.892568698443938, 6120508.865685746073723 ], [ 339547.567673144454602, 6120515.64635063521564 ], [ 339554.899144017836079, 6120518.900056139566004 ], [ 339557.608343715546653, 6120520.436871252954006 ], [ 339567.649014286696911, 6120525.858054840937257 ], [ 339575.172360100317746, 6120528.934426533989608 ], [ 339577.689684857847169, 6120530.320788230746984 ], [ 339587.730355428997427, 6120536.98375547118485 ], [ 339588.737496116373222, 6120538.96879692748189 ], [ 339594.247102427820209, 6120549.003167323768139 ], [ 339597.771026000089478, 6120555.092139922082424 ], [ 339599.981531411467586, 6120559.037537716329098 ], [ 339605.603558426490054, 6120569.071908111684024 ], [ 339607.811696571239736, 6120573.013067588210106 ], [ 339611.225566706620157, 6120579.106278506107628 ], [ 339616.847567631513812, 6120589.140648900531232 ], [ 339617.852367142448202, 6120590.65730444714427 ], [ 339623.724119581980631, 6120599.175019294954836 ], [ 339627.893037713540252, 6120604.455631179735065 ], [ 339631.646030579635408, 6120609.20938968937844 ], [ 339637.93370828469051, 6120617.173727075569332 ], [ 339639.567950362397823, 6120619.243760083802044 ], [ 339647.489846672862768, 6120629.278130478225648 ], [ 339647.974378855782561, 6120629.8918670527637 ], [ 339652.331580978468992, 6120639.312500872649252 ], [ 339647.974378855782561, 6120644.873683399520814 ], [ 339645.732537814299576, 6120649.346871267072856 ], [ 339637.933708284748718, 6120658.39694275893271 ], [ 339637.085497374122497, 6120659.381241662427783 ], [ 339632.100140176364221, 6120669.415612055920064 ], [ 339636.475564849446528, 6120679.449982450343668 ], [ 339637.93370828469051, 6120681.753209301270545 ], [ 339642.729756488348357, 6120689.484352844767272 ], [ 339637.93370828469051, 6120691.154273440130055 ], [ 339628.861102154187392, 6120699.518723239190876 ], [ 339627.893037713540252, 6120704.282925069332123 ], [ 339617.852367142389994, 6120703.974129107780755 ], [ 339607.811696571239736, 6120703.391986109316349 ], [ 339597.771026000089478, 6120702.809843111783266 ], [ 339587.730355428997427, 6120700.069263111799955 ], [ 339586.765229406068102, 6120699.518723239190876 ], [ 339587.730355428997427, 6120694.689580142498016 ], [ 339588.756959804682992, 6120689.484352844767272 ], [ 339590.968969377106987, 6120679.449982449412346 ], [ 339590.830419227364473, 6120669.415612055920064 ], [ 339591.080481321550906, 6120659.381241660565138 ], [ 339592.533768260851502, 6120649.346871266141534 ], [ 339597.771026000089478, 6120642.402176082134247 ], [ 339598.773549638572149, 6120639.312500872649252 ], [ 339597.77102600003127, 6120635.302273912355304 ], [ 339596.265041128615849, 6120629.278130478225648 ], [ 339593.75652504345635, 6120619.243760083802044 ], [ 339589.740130717400461, 6120609.20938968937844 ], [ 339587.730355428997427, 6120604.945584582164884 ], [ 339583.962633641669527, 6120599.175019294954836 ], [ 339581.808684084448032, 6120589.140648900531232 ], [ 339579.674222341796849, 6120579.106278506107628 ], [ 339577.689684857847169, 6120572.956258765421808 ], [ 339567.649014286696911, 6120571.153767626732588 ], [ 339557.608343715546653, 6120570.461557356640697 ], [ 339547.567673144454602, 6120569.769349317997694 ], [ 339537.527002573304344, 6120569.077168897725642 ], [ 339537.450693663035054, 6120569.071908111684024 ], [ 339527.486332002154086, 6120568.38495862763375 ], [ 339525.493478140211664, 6120569.071908111684024 ], [ 339517.445661431003828, 6120573.007161432877183 ], [ 339507.404990859911777, 6120574.844979723915458 ], [ 339497.364320288761519, 6120576.56640730984509 ], [ 339487.323649717669468, 6120578.256949163042009 ], [ 339481.607855380629189, 6120579.106278506107628 ], [ 339477.282979146461003, 6120579.74357533454895 ], [ 339467.242308575368952, 6120579.722105295397341 ], [ 339457.201638004218694, 6120579.571669264696538 ], [ 339447.995596125954762, 6120579.106278506107628 ], [ 339447.160967433010228, 6120579.057972809299827 ], [ 339437.120296861918177, 6120578.126444236375391 ], [ 339427.079626290767919, 6120577.194915664382279 ], [ 339417.038955719675869, 6120576.263387092389166 ], [ 339406.998285148525611, 6120575.331795291975141 ], [ 339396.957614577375352, 6120574.400266719982028 ], [ 339386.916944006283302, 6120573.468738147988915 ], [ 339376.876273435133044, 6120572.537209575995803 ], [ 339366.835602863982785, 6120571.605681003071368 ], [ 339356.794932292832527, 6120570.674099298194051 ], [ 339346.754261721740477, 6120569.742560630664229 ], [ 339339.525496857299004, 6120569.071908112615347 ], [ 339336.713591150590219, 6120568.811032058671117 ], [ 339326.67292057943996, 6120567.879503485746682 ], [ 339316.632250008289702, 6120566.994704207405448 ], [ 339306.591579437139444, 6120567.456819680519402 ], [ 339296.550908866047394, 6120567.928992263972759 ], [ 339286.510238294897135, 6120568.02460247837007 ], [ 339276.469567723746877, 6120568.361692819744349 ], [ 339269.216490337159485, 6120569.071908111684024 ], [ 339266.428897152596619, 6120569.353899413719773 ], [ 339256.388226581504568, 6120571.067568870261312 ], [ 339250.567673305165954, 6120579.106278506107628 ], [ 339254.215051596227568, 6120589.14064889959991 ], [ 339256.388226581504568, 6120593.807738808915019 ], [ 339258.887436992838047, 6120599.175019295886159 ], [ 339262.197230754245538, 6120609.20938968937844 ], [ 339262.414744448382407, 6120619.243760083802044 ], [ 339262.632258142519277, 6120629.278130479156971 ], [ 339262.849771836597938, 6120639.312500872649252 ], [ 339263.364755586721003, 6120649.346871267072856 ], [ 339264.479511983052362, 6120659.38124166149646 ], [ 339265.907588128000498, 6120669.415612055920064 ], [ 339266.428897152596619, 6120672.489125484600663 ], [ 339267.610347199602984, 6120679.449982450343668 ], [ 339269.313506196602248, 6120689.484352844767272 ], [ 339271.016616522218101, 6120699.518723239190876 ], [ 339272.71977551933378, 6120709.55309363361448 ], [ 339274.422885844949633, 6120719.587464027106762 ], [ 339276.126044841948897, 6120729.621834421530366 ], [ 339276.469567723746877, 6120730.899505512788892 ], [ 339280.37850640155375, 6120739.65620481595397 ], [ 339286.510238294838928, 6120749.156348620541394 ], [ 339286.868851681705564, 6120749.690575210377574 ], [ 339293.604597756871954, 6120759.724945604801178 ], [ 339296.550908866105601, 6120764.114121895283461 ], [ 339298.854495063482318, 6120769.759315999224782 ], [ 339302.328504873788916, 6120779.793686393648386 ], [ 339305.247988856921438, 6120789.82805678807199 ], [ 339306.591579437139444, 6120794.44602544978261 ], [ 339308.167472839995753, 6120799.862427182495594 ], [ 339311.086956823128276, 6120809.896797576919198 ], [ 339314.006428402906749, 6120819.931167971342802 ], [ 339316.632250008289702, 6120828.956167687661946 ], [ 339317.025884624395985, 6120829.965538365766406 ], [ 339322.235931636649184, 6120839.99990876019001 ], [ 339326.67292057943996, 6120845.486293258145452 ], [ 339331.133690869086422, 6120850.034279154613614 ], [ 339336.713591150590219, 6120855.832492183893919 ], [ 339339.384504560206551, 6120860.068649549037218 ], [ 339344.645864598220214, 6120870.103019943460822 ], [ 339346.754261721740477, 6120874.923608635552227 ], [ 339348.313308332115412, 6120880.137390337884426 ], [ 339351.313787735649385, 6120890.17176073230803 ], [ 339354.314267139183357, 6120900.206131126731634 ], [ 339356.794932292832527, 6120908.502109745517373 ], [ 339357.314746542775538, 6120910.240501521155238 ], [ 339360.315265560289845, 6120920.274871915578842 ], [ 339363.315744963940233, 6120930.309242310002446 ], [ 339366.316224367474206, 6120940.343612703494728 ], [ 339366.835602863982785, 6120942.080524276942015 ], [ 339369.316743384988513, 6120950.377983097918332 ], [ 339372.317222788580693, 6120960.412353493273258 ], [ 339375.317702192172874, 6120970.44672388676554 ], [ 339376.876273435133044, 6120975.658984674140811 ], [ 339378.318181595765054, 6120980.481094281189144 ], [ 339381.318700613337569, 6120990.515464675612748 ], [ 339384.319180016871542, 6121000.549835070036352 ], [ 339386.916944006283302, 6121009.23742213845253 ], [ 339387.319659420463722, 6121010.584205464459956 ], [ 339390.320178437978029, 6121020.61857585888356 ], [ 339393.32065784157021, 6121030.652946253307164 ], [ 339396.321137245104183, 6121040.687316647730768 ], [ 339396.957614577375352, 6121042.815859604626894 ], [ 339399.532548212970141, 6121050.721687041223049 ], [ 339406.998285148525611, 6121056.496080573648214 ], [ 339417.038955719675869, 6121058.978258152492344 ], [ 339423.474833820480853, 6121060.756057436577976 ], [ 339427.079626290826127, 6121061.844867362640798 ], [ 339437.120296861918177, 6121065.753956644795835 ], [ 339447.160967433068436, 6121069.663045926950872 ], [ 339450.056698250467889, 6121070.79042783100158 ], [ 339457.201638004218694, 6121073.572135210037231 ], [ 339467.242308575368952, 6121077.48126098420471 ], [ 339475.830333448015153, 6121080.824798225425184 ], [ 339477.282979146402795, 6121081.390350265428424 ], [ 339487.323649717611261, 6121085.299439547583461 ], [ 339497.364320288761519, 6121089.823955152183771 ], [ 339499.064949612366036, 6121090.859168619848788 ], [ 339507.404990859911777, 6121095.93594984523952 ], [ 339515.423624157090671, 6121100.893539014272392 ], [ 339517.44566143094562, 6121102.164418696425855 ], [ 339527.486332002154086, 6121108.555645480751991 ], [ 339531.213178412755951, 6121110.927909408695996 ], [ 339537.527002573304344, 6121114.94687226600945 ], [ 339546.977257971593644, 6121120.962279804050922 ], [ 339547.567673144454602, 6121121.21422768291086 ], [ 339557.608343715546653, 6121125.654138527810574 ], [ 339567.649014286696911, 6121130.150639704428613 ], [ 339569.33023900486296, 6121130.996650196611881 ], [ 339577.689684857847169, 6121133.7914107311517 ], [ 339587.730355428997427, 6121136.857873067259789 ], [ 339597.771026000089478, 6121140.702476494014263 ], [ 339598.973603838821873, 6121141.031020591035485 ], [ 339607.811696571239736, 6121143.445586287416518 ], [ 339617.852367142389994, 6121146.367525030858815 ], [ 339623.356201906513888, 6121151.065390985459089 ], [ 339627.893037713540252, 6121158.734070305712521 ], [ 339630.081441528571304, 6121161.099761379882693 ], [ 339636.557894870114978, 6121171.134131774306297 ], [ 339637.770374875341076, 6121181.168502168729901 ], [ 339637.129372167924885, 6121191.202872563153505 ], [ 339635.020543043792713, 6121201.237242957577109 ], [ 339632.454045837628655, 6121211.271613352000713 ], [ 339630.65865984041011, 6121221.305983746424317 ], [ 339627.893037713540252, 6121230.525187733583152 ], [ 339627.568810900556855, 6121231.340354140847921 ], [ 339624.305246289935894, 6121241.374724535271525 ], [ 339620.98496432392858, 6121251.409094929695129 ], [ 339617.852367142389994, 6121260.87625486869365 ], [ 339617.657330919755623, 6121261.443465323187411 ], [ 339613.131571671110578, 6121271.477835718542337 ], [ 339608.681906790880021, 6121281.512206112965941 ], [ 339607.811696571239736, 6121283.80918996129185 ], [ 339604.831056849681772, 6121291.546576507389545 ], [ 339601.904968166491017, 6121301.580946901813149 ], [ 339599.661688768304884, 6121311.615317296236753 ], [ 339599.817574922810309, 6121321.649687690660357 ], [ 339600.79989486548584, 6121331.684058084152639 ], [ 339599.611237976467237, 6121341.718428478576243 ], [ 339607.811696571239736, 6121348.196865050122142 ] ], [ [ 339647.580736349336803, 6120699.518723239190876 ], [ 339647.974378855782561, 6120697.938589882105589 ], [ 339648.954621391138062, 6120699.518723240122199 ], [ 339647.974378855782561, 6120699.857392644509673 ], [ 339647.580736349336803, 6120699.518723239190876 ] ] ] } },
{ "type": "Feature", "properties": { "id": 0, "cost_level": 300.0 }, "geometry": { "type": "Polygon", "coordinates": [ [ [ 339868.869131420797203, 6121066.690864184871316 ], [ 339878.909801991947461, 6121068.071457155048847 ], [ 339888.950472563039511, 6121068.515395855531096 ], [ 339898.99114313418977, 6121065.311936935409904 ], [ 339909.031813705340028, 6121062.108478013426065 ], [ 339913.270734765741508, 6121060.756057436577976 ], [ 339919.072484276490286, 6121058.905019093304873 ], [ 339929.113154847640544, 6121055.701560171321034 ], [ 339939.153825418732595, 6121052.498098158277571 ], [ 339944.721678884932771, 6121050.721687042154372 ], [ 339949.194495989882853, 6121049.294642328284681 ], [ 339959.235166561033111, 6121046.091174002736807 ], [ 339969.275837132183369, 6121042.887720656581223 ], [ 339979.31650770327542, 6121041.939178987406194 ], [ 339989.357178274425678, 6121045.233460404910147 ], [ 339999.397848845575936, 6121046.236833957955241 ], [ 340009.438519416726194, 6121047.240207511931658 ], [ 340019.479189987818245, 6121048.243581064976752 ], [ 340029.519860558968503, 6121049.246954617090523 ], [ 340039.560531130118761, 6121047.41628179512918 ], [ 340049.601201701269019, 6121048.538217475637794 ], [ 340057.242867474909872, 6121050.721687042154372 ], [ 340059.64187227236107, 6121051.407161217182875 ], [ 340069.682542843511328, 6121052.187636508606374 ], [ 340077.174544693436474, 6121050.721687042154372 ], [ 340079.723213414661586, 6121049.907589543610811 ], [ 340089.763883985811844, 6121046.700365509837866 ], [ 340099.804554556845687, 6121043.329715894535184 ], [ 340104.824338124599308, 6121040.687316647730768 ], [ 340109.845225128054153, 6121037.974951625801623 ], [ 340119.885895699204411, 6121032.4381452947855 ], [ 340123.065003988100216, 6121030.652946253307164 ], [ 340129.92656627035467, 6121026.770562645047903 ], [ 340139.967236841388512, 6121021.089432471431792 ], [ 340140.799412996217143, 6121020.61857585888356 ], [ 340150.007907412596978, 6121015.408259853720665 ], [ 340157.537002999219112, 6121010.584205464459956 ], [ 340160.048577983747236, 6121008.840284988284111 ], [ 340168.563536286586896, 6121000.549835070036352 ], [ 340170.089248554897495, 6120999.106545691378415 ], [ 340179.292038652463816, 6120990.515464675612748 ], [ 340180.129919125989545, 6120989.720790564082563 ], [ 340189.871925632935017, 6120980.481094281189144 ], [ 340190.170589697139803, 6120980.223995148204267 ], [ 340200.211260268290062, 6120971.973314315080643 ], [ 340202.171519727446139, 6120970.44672388676554 ], [ 340210.251930839498527, 6120964.359241454862058 ], [ 340217.304651033657137, 6120960.412353492341936 ], [ 340220.292601410590578, 6120959.085715199820697 ], [ 340230.333271981682628, 6120955.414120208472013 ], [ 340233.439896966970991, 6120950.377983098849654 ], [ 340230.333271981682628, 6120947.028421700932086 ], [ 340224.728404381079599, 6120940.343612703494728 ], [ 340220.292601410590578, 6120934.41757460590452 ], [ 340217.590518576907925, 6120930.309242308139801 ], [ 340210.990833344170824, 6120920.274871915578842 ], [ 340210.25193083944032, 6120919.151423934847116 ], [ 340204.391131762298755, 6120910.240501521155238 ], [ 340200.211260268290062, 6120903.885292554274201 ], [ 340197.791446529561654, 6120900.206131126731634 ], [ 340191.191761296824552, 6120890.17176073230803 ], [ 340190.170589697139803, 6120888.619139099493623 ], [ 340184.592076064087451, 6120880.137390337884426 ], [ 340180.129919125989545, 6120873.353002450428903 ], [ 340178.053092784830369, 6120870.103019943460822 ], [ 340172.278447038377635, 6120860.068649549968541 ], [ 340170.089248554897495, 6120856.260881031863391 ], [ 340166.509397054207511, 6120850.034279154613614 ], [ 340160.740350531006698, 6120839.99990876019001 ], [ 340160.048577983747236, 6120838.796676659025252 ], [ 340154.971295980969444, 6120829.965538365766406 ], [ 340150.007907412596978, 6120821.332499895244837 ], [ 340149.202241610968485, 6120819.931167971342802 ], [ 340143.433195087767672, 6120809.896797576919198 ], [ 340139.96723684144672, 6120803.868295522406697 ], [ 340137.326721400313545, 6120799.862427182495594 ], [ 340131.943557747988962, 6120789.82805678807199 ], [ 340129.92656627035467, 6120784.139659796841443 ], [ 340128.490640548465308, 6120779.793686393648386 ], [ 340125.180850001226645, 6120769.759315999224782 ], [ 340121.878867650695611, 6120759.724945604801178 ], [ 340119.885895699204411, 6120753.518194869160652 ], [ 340118.683156318438705, 6120749.690575210377574 ], [ 340115.636494424543343, 6120739.65620481595397 ], [ 340111.911287647904828, 6120729.621834421530366 ], [ 340110.17670903657563, 6120719.587464027106762 ], [ 340110.244118420756422, 6120709.553093632683158 ], [ 340109.845225128054153, 6120703.957768272608519 ], [ 340109.529815184592735, 6120699.518723239190876 ], [ 340107.733475807355717, 6120689.484352844767272 ], [ 340100.103991903539281, 6120679.449982451274991 ], [ 340099.804554556903895, 6120679.150670697912574 ], [ 340090.065410970128141, 6120669.415612055920064 ], [ 340089.763883985870052, 6120669.114211543463171 ], [ 340082.001160798943602, 6120659.38124166149646 ], [ 340080.92522380896844, 6120649.346871266141534 ], [ 340080.398399657511618, 6120639.312500872649252 ], [ 340079.871575505938381, 6120629.278130478225648 ], [ 340079.723213414661586, 6120626.452228788286448 ], [ 340079.344763061439153, 6120619.243760083802044 ], [ 340079.723213414661586, 6120618.776475388556719 ], [ 340089.763883985811844, 6120610.325170399621129 ], [ 340091.794685304455925, 6120609.20938968937844 ], [ 340099.804554556903895, 6120604.187476072460413 ], [ 340102.605187768756878, 6120599.175019294954836 ], [ 340102.962950725515839, 6120589.140648900531232 ], [ 340106.467064075870439, 6120579.106278506107628 ], [ 340107.054523445607629, 6120569.071908111684024 ], [ 340106.544623931287788, 6120559.03753771726042 ], [ 340104.603248782223091, 6120549.003167322836816 ], [ 340099.804554556903895, 6120544.527435260824859 ], [ 340096.253426977957133, 6120538.968796928413212 ], [ 340089.763883985811844, 6120529.294111963361502 ], [ 340089.536284372094087, 6120528.934426533989608 ], [ 340083.186794960638508, 6120518.900056140497327 ], [ 340079.723213414661586, 6120513.42640969902277 ], [ 340076.837305549124721, 6120508.865685746073723 ], [ 340071.603296263609082, 6120498.831315351650119 ], [ 340069.682542843511328, 6120493.199548257514834 ], [ 340059.64187227236107, 6120494.418396979570389 ], [ 340053.197159665694926, 6120498.831315351650119 ], [ 340049.601201701269019, 6120501.370810664258897 ], [ 340039.560531130060554, 6120508.517627117224038 ], [ 340039.059792705636937, 6120508.865685746073723 ], [ 340029.519860558968503, 6120515.404074277728796 ], [ 340024.410540718177799, 6120518.900056139566004 ], [ 340019.479189987818245, 6120522.256787839345634 ], [ 340009.791277732583694, 6120528.934426533989608 ], [ 340009.438519416726194, 6120529.176514578051865 ], [ 339999.397848845575936, 6120535.777157803066075 ], [ 339994.65646672656294, 6120528.934426533989608 ], [ 339990.740014132810757, 6120518.900056139566004 ], [ 339989.357178274425678, 6120515.011027361266315 ], [ 339987.169391962583177, 6120508.865685746073723 ], [ 339983.596255105105229, 6120498.831315351650119 ], [ 339980.023961964703631, 6120488.796944957226515 ], [ 339979.31650770327542, 6120486.810994318686426 ], [ 339976.447940628917422, 6120478.762574562802911 ], [ 339972.873712460685056, 6120468.728204168379307 ], [ 339969.296714896801859, 6120458.693833773955703 ], [ 339969.275837132241577, 6120458.636589691974223 ], [ 339965.628053060907405, 6120448.659463379532099 ], [ 339961.959869290934876, 6120438.625092985108495 ], [ 339959.235166561033111, 6120431.236377062276006 ], [ 339958.25954075041227, 6120428.590722590684891 ], [ 339956.031141861632932, 6120418.556352196261287 ], [ 339957.625801497080829, 6120408.521981801837683 ], [ 339955.389661185210571, 6120398.487611407414079 ], [ 339949.194495989882853, 6120390.147130307741463 ], [ 339947.881888467003591, 6120388.453241012990475 ], [ 339939.153825418732595, 6120380.078809571452439 ], [ 339929.113154847640544, 6120387.249183937907219 ], [ 339927.430950723879505, 6120388.453241012990475 ], [ 339919.072484276490286, 6120394.508069394156337 ], [ 339912.953242570161819, 6120398.487611407414079 ], [ 339909.031813705340028, 6120400.789592305198312 ], [ 339898.99114313418977, 6120406.388531338423491 ], [ 339895.165185544174165, 6120408.521981801837683 ], [ 339888.950472563039511, 6120411.9874507188797 ], [ 339878.909801992005669, 6120417.586393717676401 ], [ 339877.170356869755778, 6120418.556352196261287 ], [ 339868.869131420797203, 6120423.185324907302856 ], [ 339859.175528195220977, 6120428.590722590684891 ], [ 339858.828460849646945, 6120428.784255438484251 ], [ 339848.787790278496686, 6120434.530958449468017 ], [ 339841.91360859706765, 6120438.625092985108495 ], [ 339838.747119707404636, 6120440.491669253446162 ], [ 339828.706449136254378, 6120446.513219144195318 ], [ 339825.127680923673324, 6120448.659463379532099 ], [ 339818.665778565104119, 6120452.534781649708748 ], [ 339808.625107993953861, 6120453.656391303986311 ], [ 339798.584437422861811, 6120449.405481595546007 ], [ 339790.562820915773045, 6120458.693833773955703 ], [ 339788.543766851711553, 6120461.031716337427497 ], [ 339782.401178066618741, 6120468.728204168379307 ], [ 339778.503096280619502, 6120474.111158601939678 ], [ 339776.088892349973321, 6120478.762574562802911 ], [ 339774.440580644411966, 6120488.796944957226515 ], [ 339775.378432253433857, 6120498.831315351650119 ], [ 339778.267889251816086, 6120508.865685746073723 ], [ 339774.431623786513228, 6120518.900056139566004 ], [ 339770.595358321210369, 6120528.934426534920931 ], [ 339768.462425709411036, 6120534.48381432890892 ], [ 339766.735345945460722, 6120538.968796928413212 ], [ 339762.143821232835762, 6120549.003167322836816 ], [ 339764.372350096469745, 6120559.03753771726042 ], [ 339768.462425709411036, 6120565.313368484377861 ], [ 339771.011200474167708, 6120569.071908111684024 ], [ 339770.362796278903261, 6120579.106278506107628 ], [ 339768.462425709411036, 6120581.311543751507998 ], [ 339761.715753831900656, 6120589.140648900531232 ], [ 339758.421755138318986, 6120592.96313539519906 ], [ 339753.068714861292392, 6120599.175019294954836 ], [ 339748.381084567168728, 6120604.614730503410101 ], [ 339744.42167150916066, 6120609.209389690309763 ], [ 339738.340413996018469, 6120616.266320927999914 ], [ 339735.774628157028928, 6120619.243760082870722 ], [ 339728.299743424868211, 6120627.917911351658404 ], [ 339727.127584804897197, 6120629.278130478225648 ], [ 339718.480541524768341, 6120639.312500872649252 ], [ 339718.259072853776161, 6120639.569501776248217 ], [ 339709.833498100691941, 6120649.346871266141534 ], [ 339708.218402282625902, 6120651.221093613654375 ], [ 339701.186456702533178, 6120659.38124166149646 ], [ 339698.177731711475644, 6120662.872685257345438 ], [ 339692.539414255530573, 6120669.415612055920064 ], [ 339688.137061140325386, 6120674.524276901036501 ], [ 339683.892374565009959, 6120679.449982450343668 ], [ 339678.096390569233336, 6120686.175871039740741 ], [ 339675.245331212994643, 6120689.484352844767272 ], [ 339672.546299264184199, 6120699.518723239190876 ], [ 339668.055719998083077, 6120702.769566346891224 ], [ 339658.015049426932819, 6120706.314289136789739 ], [ 339647.974378855724353, 6120707.577119506895542 ], [ 339642.095367290079594, 6120709.55309363361448 ], [ 339644.293511989002582, 6120719.587464027106762 ], [ 339643.973845292930491, 6120729.621834421530366 ], [ 339641.345645486493595, 6120739.65620481595397 ], [ 339637.93370828469051, 6120744.513520787470043 ], [ 339627.893037713540252, 6120744.239061545580626 ], [ 339617.852367142389994, 6120745.306900152936578 ], [ 339607.811696571239736, 6120747.668039851821959 ], [ 339603.263037787866779, 6120749.690575210377574 ], [ 339597.820140005729627, 6120759.724945604801178 ], [ 339597.771026000089478, 6120759.81549060344696 ], [ 339592.377219250658527, 6120769.759315999224782 ], [ 339587.730355428997427, 6120778.32614117115736 ], [ 339586.934321582026314, 6120779.793686393648386 ], [ 339581.49141512910137, 6120789.82805678807199 ], [ 339577.689684857847169, 6120796.836804250255227 ], [ 339576.048503044759855, 6120799.862427182495594 ], [ 339570.605605376127642, 6120809.896797576919198 ], [ 339567.649014286696911, 6120815.347461074590683 ], [ 339565.162690252414905, 6120819.931167971342802 ], [ 339560.745753786002751, 6120829.965538365766406 ], [ 339559.938994228490628, 6120839.99990876019001 ], [ 339563.630922955810092, 6120850.034279154613614 ], [ 339567.649014286696911, 6120854.46476863604039 ], [ 339575.673259564093314, 6120860.068649549037218 ], [ 339577.689684857847169, 6120861.282817911356688 ], [ 339587.730355428997427, 6120867.806953853927553 ], [ 339590.200618844304699, 6120870.103019943460822 ], [ 339597.551820866530761, 6120880.137390337884426 ], [ 339597.771026000089478, 6120880.435899796895683 ], [ 339606.431957987777423, 6120890.17176073230803 ], [ 339607.811696571239736, 6120891.722741965204477 ], [ 339615.538298653322272, 6120900.206131126731634 ], [ 339617.852367142389994, 6120902.57662669941783 ], [ 339627.893037713540252, 6120908.687336103059351 ], [ 339630.906636926229112, 6120910.240501521155238 ], [ 339637.93370828469051, 6120914.365965323522687 ], [ 339647.974378855782561, 6120920.260611709207296 ], [ 339647.99866903712973, 6120920.274871915578842 ], [ 339658.015049426932819, 6120926.155258094891906 ], [ 339665.090755809564143, 6120930.309242308139801 ], [ 339668.055719998083077, 6120932.049904480576515 ], [ 339678.096390569233336, 6120937.944550866261125 ], [ 339682.182842581998557, 6120940.343612703494728 ], [ 339688.137061140325386, 6120943.839197251945734 ], [ 339698.177731711475644, 6120949.733843637630343 ], [ 339699.27492935443297, 6120950.377983097918332 ], [ 339708.218402282625902, 6120955.658386062830687 ], [ 339716.348539502185304, 6120960.412353492341936 ], [ 339718.259072853776161, 6120961.576785543933511 ], [ 339728.299743424868211, 6120967.668945549987257 ], [ 339732.95821184059605, 6120970.44672388676554 ], [ 339738.340413996018469, 6120973.714286006987095 ], [ 339748.381084567168728, 6120979.81007619574666 ], [ 339749.486359646485653, 6120980.481094281189144 ], [ 339758.421755138318986, 6120985.905818028375506 ], [ 339766.014587105950341, 6120990.515464675612748 ], [ 339768.462425709411036, 6120992.001559859141707 ], [ 339778.503096280561294, 6120998.097350047901273 ], [ 339782.542734911781736, 6121000.549835070036352 ], [ 339788.543766851711553, 6121004.193091878667474 ], [ 339798.584437422861811, 6121010.288882068358362 ], [ 339799.070882717554923, 6121010.584205464459956 ], [ 339808.625107993953861, 6121016.384623900055885 ], [ 339815.599054851976689, 6121020.618575859814882 ], [ 339818.665778565104119, 6121022.480414088815451 ], [ 339828.706449136254378, 6121028.576155919581652 ], [ 339832.127257982851006, 6121030.652946253307164 ], [ 339838.747119707404636, 6121034.609620944596827 ], [ 339848.787790278496686, 6121039.255884726531804 ], [ 339849.956486309412867, 6121040.687316647730768 ], [ 339856.63417342340108, 6121050.721687042154372 ], [ 339858.828460849646945, 6121057.593185378238559 ], [ 339859.718954056268558, 6121060.756057436577976 ], [ 339868.869131420797203, 6121066.690864184871316 ] ], [ [ 339637.933708284748718, 6120702.46017989423126 ], [ 339638.607936974673066, 6120699.518723239190876 ], [ 339637.93370828469051, 6120698.934133664704859 ], [ 339637.299625818501227, 6120699.518723239190876 ], [ 339637.933708284748718, 6120702.46017989423126 ] ] ] } }
]
}
