{
"type": "FeatureCollection",
"name": "interpolation",
"crs": { "type": "name", "properties": { "name": "urn:ogc:def:crs:EPSG::32637" } },
"features": [
{ "type": "Feature", "properties": { "id": 4, "cost_level": 1500.0 }, "geometry": { "type": "Polygon", "coordinates": [ [ [ 401972.182444318837952, 5808489.574806291610003 ], [ 401982.216542572015896, 5808494.04110458213836 ], [ 401992.250640825135633, 5808494.862949130125344 ], [ 402002.284739078313578, 5808492.346168167889118 ], [ 402012.318837331433315, 5808489.82926072832197 ], [ 402022.352935584611259, 5808487.312476774677634 ], [ 402025.521598190884106, 5808487.074954530224204 ], [ 402032.387033837730996, 5808486.624301580712199 ], [ 402037.733209795784205, 5808487.074954530224204 ], [ 402042.421132090850733, 5808487.470120350830257 ], [ 402052.45523034397047, 5808488.315939121879637 ], [ 402062.489328597206622, 5808489.161780899390578 ], [ 402072.523426850326359, 5808490.007687414996326 ], [ 402082.557525103446096, 5808490.853506186045706 ], [ 402092.591623356565833, 5808491.31877956725657 ], [ 402102.625721609743778, 5808491.150301951915026 ], [ 402112.659819862805307, 5808488.903893923386931 ], [ 402119.475433770683594, 5808487.074954530224204 ], [ 402122.693918116041459, 5808486.2112887063995 ], [ 402132.728016369161196, 5808483.518683488480747 ], [ 402142.762114622339141, 5808480.817413694225252 ], [ 402152.796212875458878, 5808478.093676459044218 ], [ 402156.704215154051781, 5808477.029458375647664 ], [ 402162.830311128578614, 5808475.361214180476964 ], [ 402172.864409381756559, 5808472.628751901909709 ], [ 402182.898507634934504, 5808469.896289624273777 ], [ 402192.93260588805424, 5808467.163827345706522 ], [ 402193.593103323190007, 5808466.983962222002447 ], [ 402202.96670414111577, 5808464.43136506807059 ], [ 402213.000802394351922, 5808461.698902789503336 ], [ 402223.034900647471659, 5808458.966460012830794 ], [ 402230.482254770584404, 5808456.938466068357229 ], [ 402233.068998900591396, 5808456.234068057499826 ], [ 402243.103097153827548, 5808453.501612552441657 ], [ 402253.13719540683087, 5808450.769150273874402 ], [ 402263.171293660067022, 5808448.03668799623847 ], [ 402267.37123438611161, 5808446.892969913780689 ], [ 402273.205391913186759, 5808445.304225717671216 ], [ 402283.239490166364703, 5808442.571763439103961 ], [ 402293.27358841948444, 5808439.839301160536706 ], [ 402303.307686672545969, 5808437.106838882900774 ], [ 402304.260122555191629, 5808436.847473761066794 ], [ 402313.341784925782122, 5808434.37437660433352 ], [ 402323.375883178901859, 5808431.641914324834943 ], [ 402333.409981432079803, 5808428.909548644907773 ], [ 402341.149365448975004, 5808426.801977605558932 ], [ 402343.44407968519954, 5808426.177086366340518 ], [ 402353.478177938377485, 5808423.444624088704586 ], [ 402363.512276191497222, 5808420.712161810137331 ], [ 402373.546374444616958, 5808417.979699531570077 ], [ 402378.038253618055023, 5808416.756481451913714 ], [ 402383.580472697736695, 5808415.247237253002822 ], [ 402393.61457095091464, 5808412.51477497536689 ], [ 402403.648669204092585, 5808409.782312696799636 ], [ 402413.682767457212321, 5808407.049850419163704 ], [ 402414.92714178719325, 5808406.710985298268497 ], [ 402423.716865710390266, 5808404.317388140596449 ], [ 402433.750963963510003, 5808401.585022459737957 ], [ 402443.78506221662974, 5808398.852560181170702 ], [ 402451.816384681034833, 5808396.665489143691957 ], [ 402453.819160469807684, 5808396.120097902603447 ], [ 402463.853258722927421, 5808393.387635624967515 ], [ 402473.887356976105366, 5808390.655173346400261 ], [ 402483.921455229225103, 5808387.922711067833006 ], [ 402488.705272850114852, 5808386.61999299004674 ], [ 402493.955553482403047, 5808385.190248790197074 ], [ 402503.989651735522784, 5808382.45778651162982 ], [ 402514.023749988584314, 5808379.725324232131243 ], [ 402524.057848241820466, 5808376.992865977808833 ], [ 402525.594215332705062, 5808376.5744968354702 ], [ 402534.091946494940203, 5808374.260496273636818 ], [ 402544.126044748118147, 5808371.528033996000886 ], [ 402554.160143001237884, 5808368.795571717433631 ], [ 402562.483403913094662, 5808366.52900068089366 ], [ 402564.194241254415829, 5808366.063109439797699 ], [ 402574.228339507535566, 5808363.330647161230445 ], [ 402584.26243776071351, 5808360.598184883594513 ], [ 402594.296536013833247, 5808357.865722605027258 ], [ 402599.372292082174681, 5808356.483504528179765 ], [ 402604.330634266952984, 5808355.133260326460004 ], [ 402614.364732520130929, 5808352.400798048824072 ], [ 402624.398830773308873, 5808349.668366833589971 ], [ 402634.43292902642861, 5808346.935970088467002 ], [ 402636.261534975958057, 5808346.438008373603225 ], [ 402644.467027279548347, 5808344.20350781083107 ], [ 402654.501125532668084, 5808341.471045533195138 ], [ 402664.535223785846028, 5808338.738583254627883 ], [ 402673.150423145038076, 5808336.392512219958007 ], [ 402674.569322038965765, 5808336.006120976991951 ], [ 402684.60342029214371, 5808333.273658697493374 ], [ 402694.637518545263447, 5808330.541196419857442 ], [ 402704.671616798324976, 5808327.808734140358865 ], [ 402710.039311314118095, 5808326.347016065381467 ], [ 402714.705715051561128, 5808325.076271862722933 ], [ 402724.739813304680865, 5808322.343867687508464 ], [ 402734.77391155785881, 5808319.611443903297186 ], [ 402744.808009810978547, 5808316.878981625661254 ], [ 402746.928554207959678, 5808316.30151991173625 ], [ 402754.842108064156491, 5808314.146519348025322 ], [ 402764.876206317276228, 5808311.414057068526745 ], [ 402774.910304570395965, 5808308.681594791822135 ], [ 402783.817442377097905, 5808306.256023758091033 ], [ 402784.94440282357391, 5808305.949132512323558 ], [ 402794.978501076693647, 5808303.216670233756304 ], [ 402805.012599329871591, 5808300.484207956120372 ], [ 402815.046697582991328, 5808297.751745677553117 ], [ 402820.706530632218346, 5808296.210527603514493 ], [ 402825.080795836169273, 5808295.019368542358279 ], [ 402835.11489408928901, 5808292.28691771812737 ], [ 402845.148992342408746, 5808289.554455439560115 ], [ 402855.183090595644899, 5808286.821993162855506 ], [ 402857.595573439961299, 5808286.165031449869275 ], [ 402865.21718884864822, 5808284.089530883356929 ], [ 402875.251287101884373, 5808281.357068605720997 ], [ 402885.285385355004109, 5808278.624606327153742 ], [ 402894.484461609099526, 5808276.119535295292735 ], [ 402895.319483608182054, 5808275.892144047655165 ], [ 402905.353581861301791, 5808273.159681770019233 ], [ 402915.387680114421528, 5808270.427219491451979 ], [ 402925.421778367541265, 5808267.694853811524808 ], [ 402931.373704502882902, 5808266.074039141647518 ], [ 402935.455876620719209, 5808264.962391532957554 ], [ 402945.489974873897154, 5808262.229929255321622 ], [ 402955.524073127075098, 5808259.497466976754367 ], [ 402965.558171380136628, 5808256.765004698187113 ], [ 402968.262592672021128, 5808256.0285429880023 ], [ 402975.592269633314572, 5808254.032542420551181 ], [ 402985.626367886434309, 5808251.300080141052604 ], [ 402995.660466139612254, 5808248.567617863416672 ], [ 403005.151480841101147, 5808245.98304683342576 ], [ 403005.694564392731991, 5808245.813467542640865 ], [ 403015.728662645909935, 5808242.680548439733684 ], [ 403025.762760899029672, 5808239.54815268702805 ], [ 403035.796859152207617, 5808236.416166030801833 ], [ 403037.330358892329969, 5808235.937550680711865 ], [ 403045.830957405327354, 5808233.0764848459512 ], [ 403055.865055658447091, 5808229.699285506270826 ], [ 403065.899153911625035, 5808226.322086166590452 ], [ 403067.176833820005413, 5808225.89205452427268 ], [ 403075.933252164744772, 5808222.944886827841401 ], [ 403085.967350417922717, 5808219.567612303420901 ], [ 403096.001448671042453, 5808216.190368728712201 ], [ 403097.022953935200348, 5808215.846558371558785 ], [ 403106.035546924220398, 5808212.813169389031827 ], [ 403116.069645177340135, 5808209.435970049351454 ], [ 403126.103743430459872, 5808206.05877070967108 ], [ 403126.869428862934001, 5808205.801062216982245 ], [ 403136.137841683637816, 5808202.681571369990706 ], [ 403146.171939936757553, 5808199.304372031241655 ], [ 403156.206038189935498, 5808195.927172691561282 ], [ 403156.715903790667653, 5808195.755566063337028 ], [ 403166.240136443055235, 5808192.545432096347213 ], [ 403176.274234696174972, 5808189.131986387073994 ], [ 403186.238007842155639, 5808185.710069909691811 ], [ 403186.308332949352916, 5808185.685809215530753 ], [ 403196.342431202414446, 5808182.22425486240536 ], [ 403206.376529455650598, 5808178.762700508348644 ], [ 403209.934610216587316, 5808175.664573755115271 ], [ 403211.468793197767809, 5808165.619077601470053 ], [ 403211.184183883713558, 5808155.573581446893513 ], [ 403210.899519817088731, 5808145.528085293248296 ], [ 403210.614865567418747, 5808135.482589139603078 ], [ 403216.410627708770335, 5808129.231879010796547 ], [ 403224.178569630719721, 5808135.482589138671756 ], [ 403226.444725961948279, 5808136.578805757686496 ], [ 403236.478824215068016, 5808145.37714175041765 ], [ 403246.512922468245961, 5808145.477554628625512 ], [ 403256.547020721365698, 5808142.718047980219126 ], [ 403266.581118974485435, 5808141.547453742474318 ], [ 403276.615217227663379, 5808140.864659985527396 ], [ 403286.649315480783116, 5808136.522094676271081 ], [ 403289.016755224613007, 5808135.482589139603078 ], [ 403296.683413733961061, 5808132.116231244057417 ], [ 403306.717511987080798, 5808127.710498336702585 ], [ 403311.895214119285811, 5808125.437092985026538 ], [ 403316.751610240200534, 5808123.304765429347754 ], [ 403326.785708493320271, 5808118.8988869311288 ], [ 403335.681355897744652, 5808115.391596831381321 ], [ 403336.819806746498216, 5808114.93519869633019 ], [ 403346.853904999676161, 5808110.229038743302226 ], [ 403349.803990750282537, 5808105.346100676804781 ], [ 403346.853904999676161, 5808097.273569510318339 ], [ 403346.140958431584295, 5808095.300604523159564 ], [ 403343.257272869232111, 5808085.255108369514346 ], [ 403338.665336900274269, 5808075.209612214937806 ], [ 403336.819806746498216, 5808073.008487051352859 ], [ 403326.785708493378479, 5808070.919429956004024 ], [ 403322.645133626065217, 5808065.164116061292589 ], [ 403316.751610240200534, 5808056.972125535830855 ], [ 403315.418138422246557, 5808055.118619906716049 ], [ 403308.191069216933101, 5808045.073123753070831 ], [ 403306.717511987139005, 5808043.024909514933825 ], [ 403300.963986617105547, 5808035.027627599425614 ], [ 403296.683413733961061, 5808029.07771934196353 ], [ 403293.736904017277993, 5808024.982131444849074 ], [ 403288.317396982864011, 5808014.936635291203856 ], [ 403293.966683418431785, 5808004.891139136627316 ], [ 403296.683413733961061, 5808000.302557886578143 ], [ 403299.914252491900697, 5807994.845642982982099 ], [ 403305.861827369080856, 5807984.800146829336882 ], [ 403306.717511987080798, 5807983.354894764721394 ], [ 403311.809424159815535, 5807974.754650674760342 ], [ 403316.751610240200534, 5807966.407294085249305 ], [ 403317.757020950550213, 5807964.709154521115124 ], [ 403323.388277553487569, 5807954.663658366538584 ], [ 403326.785708493378479, 5807948.052719566971064 ], [ 403329.290771553700324, 5807944.618162212893367 ], [ 403334.36774388566846, 5807934.572666059248149 ], [ 403336.819806746556424, 5807929.43445648252964 ], [ 403340.941226576454937, 5807934.572666059248149 ], [ 403346.658358733693603, 5807944.618162212893367 ], [ 403346.853904999676161, 5807944.959639085456729 ], [ 403352.411515122861601, 5807954.663658366538584 ], [ 403356.888003252795897, 5807962.48146778345108 ], [ 403358.164022186363582, 5807964.709154521115124 ], [ 403365.599950949836057, 5807974.754650674760342 ], [ 403366.922101505973842, 5807975.834278505295515 ], [ 403369.02326234645443, 5807974.754650674760342 ], [ 403376.956199759093579, 5807970.678513407707214 ], [ 403386.990298012213316, 5807964.800718789920211 ], [ 403387.151922150631435, 5807964.709154522046447 ], [ 403397.02439626539126, 5807959.594621734693646 ], [ 403407.058494518510997, 5807955.048851785250008 ], [ 403407.595689993817359, 5807954.663658366538584 ], [ 403417.09259277174715, 5807949.119627915322781 ], [ 403422.043509508192074, 5807944.618162212893367 ], [ 403427.126691024866886, 5807938.502180812880397 ], [ 403430.07865401764866, 5807934.572666059248149 ], [ 403437.160789277986623, 5807925.64742099493742 ], [ 403438.049712409032509, 5807924.527169904671609 ], [ 403446.020751296018716, 5807914.481673751026392 ], [ 403447.19488753110636, 5807913.001971196383238 ], [ 403457.228985784226097, 5807908.069643085822463 ], [ 403467.263084037404042, 5807907.002325818873942 ], [ 403477.297182290523779, 5807905.934913831762969 ], [ 403487.331280543701723, 5807904.576731700450182 ], [ 403487.910848223837093, 5807904.436177596449852 ], [ 403497.36537879682146, 5807901.825296444818377 ], [ 403507.399477049999405, 5807900.447636157274246 ], [ 403517.433575303177349, 5807898.409591261297464 ], [ 403525.331935727386735, 5807894.390681442804635 ], [ 403527.467673556238879, 5807893.015741924755275 ], [ 403537.501771809416823, 5807886.804403667338192 ], [ 403541.568837083876133, 5807884.345185289159417 ], [ 403547.53587006253656, 5807878.415243683382869 ], [ 403549.624884329037741, 5807874.299689134582877 ], [ 403547.53587006253656, 5807870.154335806146264 ], [ 403544.532472845807206, 5807864.25419298093766 ], [ 403539.402018871100154, 5807854.20869682636112 ], [ 403537.501771809416823, 5807851.622881836257875 ], [ 403532.790985051658936, 5807844.163200672715902 ], [ 403529.487003321293741, 5807834.117704518139362 ], [ 403527.467673556238879, 5807827.768246002495289 ], [ 403526.292202895798255, 5807824.072208364494145 ], [ 403523.097428734356072, 5807814.026712210848927 ], [ 403519.877333506126888, 5807803.981216056272388 ], [ 403517.433575303177349, 5807796.361735416576266 ], [ 403516.652138883189764, 5807793.93571990262717 ], [ 403512.124417073791847, 5807783.890223748981953 ], [ 403513.046493881731294, 5807773.844727594405413 ], [ 403517.433575303119142, 5807767.27354977466166 ], [ 403519.487494780973066, 5807763.799231441691518 ], [ 403527.245694035489578, 5807753.753735286183655 ], [ 403527.467673556238879, 5807753.466309256851673 ], [ 403535.003890583640896, 5807743.708239132538438 ], [ 403537.501771809416823, 5807740.473924080841243 ], [ 403542.762088485062122, 5807733.662742977961898 ], [ 403547.53587006253656, 5807727.481538903899491 ], [ 403550.520286386483349, 5807723.61724682431668 ], [ 403557.569968315714505, 5807715.909131991676986 ], [ 403562.396965146297589, 5807713.571750670671463 ], [ 403567.604066568834241, 5807711.598628213629127 ], [ 403577.638164822012186, 5807709.562519253231585 ], [ 403584.451947648019996, 5807703.526254516094923 ], [ 403587.672263075131923, 5807693.968730208463967 ], [ 403587.836680471547879, 5807693.480758362449706 ], [ 403591.796994590898976, 5807683.435262207873166 ], [ 403597.55723991402192, 5807673.389766054227948 ], [ 403597.70636132825166, 5807673.208831516094506 ], [ 403607.740459581371397, 5807668.303713530302048 ], [ 403617.774557834549341, 5807663.383573917672038 ], [ 403617.86783086421201, 5807663.344269901514053 ], [ 403627.808656087727286, 5807655.519062059000134 ], [ 403629.807214666390792, 5807663.344269900582731 ], [ 403630.25606202200288, 5807673.389766054227948 ], [ 403631.165544482704718, 5807683.435262207873166 ], [ 403637.842754340847023, 5807690.395453286357224 ], [ 403642.462680104246829, 5807693.480758362449706 ], [ 403647.876852594024967, 5807698.920528624206781 ], [ 403652.460905453306623, 5807703.526254516094923 ], [ 403657.910950847144704, 5807709.546108569018543 ], [ 403661.916277206910308, 5807713.571750670671463 ], [ 403667.945049100264441, 5807722.637641904875636 ], [ 403668.724121596082114, 5807723.61724682431668 ], [ 403674.747020798269659, 5807733.662742977961898 ], [ 403677.979147353442386, 5807740.098495127633214 ], [ 403679.826455371920019, 5807743.708239132538438 ], [ 403684.293120743997861, 5807753.753735285252333 ], [ 403688.013245606562123, 5807759.019401391968131 ], [ 403691.390133591077756, 5807763.799231440760195 ], [ 403698.047343859740067, 5807770.179122885689139 ], [ 403708.081442112859804, 5807773.717656773515046 ], [ 403708.599054687889293, 5807773.844727594405413 ], [ 403718.115540366095956, 5807776.180993940681219 ], [ 403728.149638619157486, 5807778.644389698281884 ], [ 403738.183736872277223, 5807781.107701390050352 ], [ 403748.217835125455167, 5807783.511148421093822 ], [ 403758.251933378574904, 5807781.67326791305095 ], [ 403768.286031631752849, 5807778.867618781514466 ], [ 403778.320129884872586, 5807776.060580662451684 ], [ 403786.168783605098724, 5807773.844727594405413 ], [ 403788.35422813805053, 5807773.228165920823812 ], [ 403798.388326391228475, 5807770.390181411989033 ], [ 403808.422424644290004, 5807767.552196904085577 ], [ 403818.456522897467948, 5807764.714225413277745 ], [ 403818.983213098137639, 5807763.799231440760195 ], [ 403818.456522897409741, 5807762.958901816979051 ], [ 403814.234646332915872, 5807753.753735286183655 ], [ 403808.422424644290004, 5807745.754226285964251 ], [ 403807.073366923548747, 5807743.708239132538438 ], [ 403802.728921380825341, 5807733.662742977961898 ], [ 403801.734298581373878, 5807723.617246823385358 ], [ 403800.73967578203883, 5807713.571750670671463 ], [ 403799.745052982645575, 5807703.526254516094923 ], [ 403798.76661453966517, 5807693.480758362449706 ], [ 403799.448266347462777, 5807683.435262207873166 ], [ 403802.331805518711917, 5807673.389766054227948 ], [ 403805.215344689902849, 5807663.344269900582731 ], [ 403808.09888386115199, 5807653.298773746006191 ], [ 403808.422424644290004, 5807652.171642294153571 ], [ 403810.982407007482834, 5807643.253277592360973 ], [ 403813.865899392403662, 5807633.207781437784433 ], [ 403816.749438563652802, 5807623.162285284139216 ], [ 403818.456522897467948, 5807617.215250029228628 ], [ 403819.632970370643307, 5807613.116789130493999 ], [ 403822.516491491580382, 5807603.071292975917459 ], [ 403825.40001261269208, 5807593.025796822272241 ], [ 403828.237577491207048, 5807582.980300667695701 ], [ 403828.490621150587685, 5807582.258857763372362 ], [ 403831.167054854682647, 5807572.934804514050484 ], [ 403833.940733162045944, 5807562.889308359473944 ], [ 403836.381236193235964, 5807552.843812205828726 ], [ 403838.52471940376563, 5807547.302465499378741 ], [ 403839.817618217784911, 5807542.798316052183509 ], [ 403842.048252998036332, 5807532.752819897606969 ], [ 403844.09147163288435, 5807522.707323743961751 ], [ 403848.357541487785056, 5807512.661827589385211 ], [ 403848.558817656885367, 5807511.842725427821279 ], [ 403849.798700833169278, 5807502.616331436671317 ], [ 403851.729130884865299, 5807492.570835282094777 ], [ 403855.222864049719647, 5807482.525339127518237 ], [ 403857.293185128946789, 5807472.479842973873019 ], [ 403858.592915910063311, 5807469.713025447912514 ], [ 403866.884054776339326, 5807462.434346819296479 ], [ 403868.627014163183048, 5807461.65422351192683 ], [ 403878.661112416302785, 5807461.00663130171597 ], [ 403888.69521066948073, 5807460.462418358772993 ], [ 403898.729308922600467, 5807459.91824215836823 ], [ 403908.763407175778411, 5807459.374037162400782 ], [ 403918.797505428898148, 5807458.829832166433334 ], [ 403928.831603682017885, 5807458.285713277757168 ], [ 403938.86570193519583, 5807457.741500334814191 ], [ 403948.899800188315567, 5807457.197363864630461 ], [ 403958.933898441493511, 5807456.653158868663013 ], [ 403963.801427314756438, 5807452.388850665651262 ], [ 403962.814412405365147, 5807442.343354512006044 ], [ 403960.217163076798897, 5807432.297858357429504 ], [ 403958.933898441493511, 5807427.511032415553927 ], [ 403957.524140577821527, 5807422.252362203784287 ], [ 403954.831118078960571, 5807412.206866049207747 ], [ 403952.13813255779678, 5807402.16136989556253 ], [ 403949.445187658304349, 5807392.115873741917312 ], [ 403948.899800188315567, 5807390.081472716294229 ], [ 403946.752165159443393, 5807382.070377587340772 ], [ 403944.059142660466023, 5807372.024881433695555 ], [ 403941.366148713626899, 5807361.979385279119015 ], [ 403938.86570193519583, 5807352.651943567208946 ], [ 403938.673210041888524, 5807351.933889125473797 ], [ 403935.980189741007052, 5807341.88839297182858 ], [ 403928.831603682017885, 5807331.966775897890329 ], [ 403928.743938676663674, 5807331.84289681725204 ], [ 403925.373843790963292, 5807321.797400663606822 ], [ 403922.00374890526291, 5807311.751904509030282 ], [ 403918.797505428898148, 5807302.194493472576141 ], [ 403918.633766554936301, 5807301.706408355385065 ], [ 403915.263671669235919, 5807291.660912200808525 ], [ 403911.893576783593744, 5807281.615416047163308 ], [ 403908.763407175778411, 5807272.285083275288343 ], [ 403908.523481897951569, 5807271.56991989351809 ], [ 403905.153387012192979, 5807261.52442373894155 ], [ 403904.879960037884302, 5807251.478927585296333 ], [ 403908.763407175836619, 5807241.53137581795454 ], [ 403908.799014337768313, 5807241.433431430719793 ], [ 403908.763407175778411, 5807241.22624677233398 ], [ 403907.08625214046333, 5807231.387935277074575 ], [ 403903.855993147124536, 5807221.342439123429358 ], [ 403900.625731003587134, 5807211.296942968852818 ], [ 403898.729308922600467, 5807205.399562483653426 ], [ 403897.395398355147336, 5807201.251446815207601 ], [ 403894.165065706823952, 5807191.205950660631061 ], [ 403888.933792958094273, 5807181.160454506054521 ], [ 403888.69521066948073, 5807180.78376675862819 ], [ 403882.562381988682318, 5807171.114958353340626 ], [ 403878.661112416302785, 5807164.964499739930034 ], [ 403876.190468778484501, 5807161.069462198764086 ], [ 403869.818710817955434, 5807151.023966045118868 ], [ 403868.627014163183048, 5807149.145223543979228 ], [ 403863.446797607699409, 5807140.978469890542328 ], [ 403858.592915910063311, 5807133.326005652546883 ], [ 403857.07503964722855, 5807130.932973736897111 ], [ 403850.703159614698961, 5807120.887477584183216 ], [ 403848.558817656827159, 5807117.506833538413048 ], [ 403844.331368476385251, 5807110.841981428675354 ], [ 403839.40129600308137, 5807100.796485275030136 ], [ 403838.52471940376563, 5807098.545531485229731 ], [ 403835.489333484729286, 5807090.750989120453596 ], [ 403831.577370966318995, 5807080.705492966808379 ], [ 403828.490621150587685, 5807072.779053677804768 ], [ 403827.665408447966911, 5807070.659996813163161 ], [ 403823.753445929556619, 5807060.614500658586621 ], [ 403819.841483411204536, 5807050.569004504941404 ], [ 403818.456522897467948, 5807047.012575871311128 ], [ 403815.929520892794244, 5807040.523508350364864 ], [ 403812.01755837444216, 5807030.478012196719646 ], [ 403808.422424644290004, 5807021.246098063886166 ], [ 403808.105595856031869, 5807020.432516042143106 ], [ 403803.669625534734223, 5807010.387019888497889 ], [ 403798.805936578311957, 5807000.341523734852672 ], [ 403798.388326391170267, 5806999.497776353731751 ], [ 403793.833948962390423, 5806990.296027580276132 ], [ 403788.862112053844612, 5806980.250531426630914 ], [ 403788.35422813805053, 5806979.224393326789141 ], [ 403783.89012443786487, 5806970.205035272054374 ], [ 403778.918287529319059, 5806960.159539118409157 ], [ 403778.320129884930793, 5806958.951010300777853 ], [ 403768.286031631752849, 5806952.325746595859528 ], [ 403758.251933378574904, 5806951.768624297343194 ], [ 403757.132686301949434, 5806950.114042964763939 ], [ 403750.337469541060273, 5806940.068546810187399 ], [ 403748.217835125396959, 5806936.935051570646465 ], [ 403743.542209577688482, 5806930.023050656542182 ], [ 403738.183736872277223, 5806922.101593331433833 ], [ 403737.13734933064552, 5806919.977554501965642 ], [ 403737.49235909699928, 5806909.932058348320425 ], [ 403738.183736872277223, 5806903.983497054316103 ], [ 403738.659907423192635, 5806899.886562194675207 ], [ 403739.827404392475728, 5806889.841066039167345 ], [ 403743.033504188642837, 5806879.79556988645345 ], [ 403742.726623693364672, 5806869.750073732808232 ], [ 403741.886030043591745, 5806859.704577578231692 ], [ 403739.944811469293199, 5806849.659081424586475 ], [ 403738.183736872277223, 5806845.477159020490944 ], [ 403734.357107594143599, 5806839.613585270009935 ], [ 403730.854779640212655, 5806829.56808911729604 ], [ 403728.149638619157486, 5806827.938290010206401 ], [ 403718.115540366095956, 5806829.433179151266813 ], [ 403717.659677409857977, 5806829.568089116364717 ], [ 403708.081442112918012, 5806832.639336462132633 ], [ 403698.04734385968186, 5806835.652774253860116 ], [ 403688.013245606562123, 5806838.435232975520194 ], [ 403683.763686462538317, 5806839.613585270941257 ], [ 403677.979147353442386, 5806841.217569283209741 ], [ 403667.945049100264441, 5806844.000028004869819 ], [ 403657.910950847144704, 5806846.840944352559745 ], [ 403649.826583015732467, 5806849.659081424586475 ], [ 403647.87685259396676, 5806851.008349660784006 ], [ 403643.127395325282123, 5806859.704577578231692 ], [ 403640.149097413115669, 5806869.750073730945587 ], [ 403637.842754340847023, 5806872.115229630842805 ], [ 403629.993441800470464, 5806879.79556988645345 ], [ 403627.808656087727286, 5806881.437029576860368 ], [ 403617.774557834607549, 5806885.706061939708889 ], [ 403607.740459581371397, 5806881.528787355870008 ], [ 403606.407638141303323, 5806879.79556988645345 ], [ 403603.409132849774323, 5806869.75007373187691 ], [ 403606.076096435892396, 5806859.704577578231692 ], [ 403607.740459581429604, 5806857.408157385885715 ], [ 403614.976213509216905, 5806849.659081424586475 ], [ 403617.774557834549341, 5806845.537430363707244 ], [ 403621.179958680004347, 5806839.613585270009935 ], [ 403623.128480119863525, 5806829.568089116364717 ], [ 403625.197605394641869, 5806819.522592961788177 ], [ 403627.292662427294999, 5806809.47709680814296 ], [ 403627.808656087727286, 5806807.062212157994509 ], [ 403629.439105459314305, 5806799.431600654497743 ], [ 403631.585548491333611, 5806789.386104499921203 ], [ 403634.383980101090856, 5806779.340608346275985 ], [ 403637.842754340847023, 5806769.389290934428573 ], [ 403637.889810215099715, 5806769.295112190768123 ], [ 403642.63343414652627, 5806759.249616038054228 ], [ 403645.311309548909776, 5806749.204119883477688 ], [ 403646.873252615099773, 5806739.158623728901148 ], [ 403647.233905363478698, 5806729.113127576187253 ], [ 403643.422698955400847, 5806719.067631421610713 ], [ 403643.546566516743042, 5806709.022135267965496 ], [ 403643.670392788946629, 5806698.976639113388956 ], [ 403644.47632918250747, 5806688.931142959743738 ], [ 403647.876852594024967, 5806679.598626322112978 ], [ 403648.149653568048961, 5806678.885646806098521 ], [ 403651.024941183510236, 5806668.840150652453303 ], [ 403653.882068900740705, 5806658.794654497876763 ], [ 403656.259270934620872, 5806648.749158343300223 ], [ 403657.910950847144704, 5806641.225875800475478 ], [ 403658.361871785717085, 5806638.703662189655006 ], [ 403657.910950847202912, 5806636.262577249668539 ], [ 403654.792274534702301, 5806628.658166036009789 ], [ 403650.672474852530286, 5806618.612669881433249 ], [ 403647.876852594024967, 5806611.795976155437529 ], [ 403646.552675170416478, 5806608.567173727788031 ], [ 403642.432875488186255, 5806598.521677573211491 ], [ 403638.31307580601424, 5806588.476181419566274 ], [ 403637.842754340847023, 5806587.281203703023493 ], [ 403634.300771155394614, 5806578.430685265921056 ], [ 403627.868770283123013, 5806568.385189111344516 ], [ 403627.808656087727286, 5806568.325006631202996 ], [ 403617.774557834549341, 5806568.259996144101024 ], [ 403607.955691950337496, 5806558.339692957699299 ], [ 403607.740459581429604, 5806558.124216102994978 ], [ 403597.706361328193452, 5806558.054570194333792 ], [ 403588.044837929948699, 5806548.294196802191436 ], [ 403587.672263075131923, 5806547.921198733150959 ], [ 403577.638164822012186, 5806547.838678698986769 ], [ 403568.131822885130532, 5806538.248700649477541 ], [ 403567.604066568834241, 5806537.720344846136868 ], [ 403557.569968315656297, 5806537.641198886558414 ], [ 403547.53587006253656, 5806537.56335844937712 ], [ 403538.233582078362815, 5806528.203204495832324 ], [ 403537.501771809416823, 5806527.470562950707972 ], [ 403527.467673556180671, 5806527.39565338101238 ], [ 403518.29296505212551, 5806518.157708341255784 ], [ 403517.433575303119142, 5806517.297342397272587 ], [ 403507.399477049999405, 5806517.224201095290482 ], [ 403497.36537879682146, 5806517.162417731247842 ], [ 403488.368513070920017, 5806508.112212187610567 ], [ 403487.331280543701723, 5806507.073801450431347 ], [ 403477.297182290581986, 5806507.015335583128035 ], [ 403467.263084037404042, 5806506.977337124757469 ], [ 403458.414992905862164, 5806498.066716033034027 ], [ 403457.228985784284305, 5806496.879361705854535 ], [ 403447.194887531048153, 5806496.821860478259623 ], [ 403437.160789277986623, 5806496.792351545765996 ], [ 403428.45663150632754, 5806488.021219880320132 ], [ 403427.126691024808679, 5806486.689768696203828 ], [ 403417.092592771688942, 5806486.633200781419873 ], [ 403407.058494518510997, 5806486.604642549529672 ], [ 403398.501796105818357, 5806477.975723724812269 ], [ 403397.02439626539126, 5806476.496645680628717 ], [ 403386.990298012213316, 5806476.449124324135482 ], [ 403376.956199759151787, 5806476.421471579000354 ], [ 403368.550950905540958, 5806467.930227571167052 ], [ 403366.922101505973842, 5806466.299527933821082 ], [ 403356.888003252795897, 5806466.269626355729997 ], [ 403346.853904999676161, 5806466.242623982951045 ], [ 403338.593793703301344, 5806457.884731417521834 ], [ 403336.819806746440008, 5806456.108729358762503 ], [ 403326.785708493320271, 5806456.094658895395696 ], [ 403316.751610240142327, 5806456.067900905385613 ], [ 403308.625293742632493, 5806447.839235262945294 ], [ 403306.717511987139005, 5806445.929286425933242 ], [ 403296.683413733961061, 5806445.923628971911967 ], [ 403286.649315480724908, 5806445.897113108076155 ], [ 403278.659538892155979, 5806437.7937391102314 ], [ 403276.615217227663379, 5806435.747095265425742 ], [ 403266.581118974485435, 5806435.756359651684761 ], [ 403256.547020721365698, 5806435.730083530768752 ], [ 403248.689270771923475, 5806427.74824295565486 ], [ 403246.512922468245961, 5806425.569422501139343 ], [ 403236.478824215068016, 5806425.592684444971383 ], [ 403226.444725961948279, 5806425.566644820384681 ], [ 403218.714710973843466, 5806417.70274680107832 ], [ 403216.410627708770335, 5806415.396046289242804 ], [ 403206.376529455650598, 5806415.432446545921266 ], [ 403196.342431202472653, 5806415.406641609966755 ], [ 403188.736064706346951, 5806407.657250648364425 ], [ 403186.308332949411124, 5806405.226761189289391 ], [ 403176.274234696291387, 5806405.275498139671981 ], [ 403166.240136443055235, 5806405.249925239011645 ], [ 403158.753524981962983, 5806397.611754492856562 ], [ 403156.206038189935498, 5806395.061373967677355 ], [ 403146.171939936757553, 5806395.121761504560709 ], [ 403136.137841683637816, 5806395.096356190741062 ], [ 403128.7672721859999, 5806387.566258340142667 ], [ 403126.10374343051808, 5806384.899704037234187 ], [ 403116.069645177340135, 5806384.966904699802399 ], [ 403106.035546924220398, 5806384.945802063681185 ], [ 403098.77747765253298, 5806377.520762184634805 ], [ 403096.001448670984246, 5806374.741579866036773 ], [ 403085.967350417922717, 5806374.806585477665067 ], [ 403075.933252164744772, 5806374.792262831702828 ], [ 403068.784300469676964, 5806367.475266030989587 ], [ 403065.899153911625035, 5806364.586842186748981 ], [ 403055.865055658505298, 5806364.64975309651345 ], [ 403045.830957405327354, 5806364.61966354586184 ], [ 403035.796859152149409, 5806364.564944742247462 ], [ 403028.707168586959597, 5806357.42976987734437 ], [ 403025.762760899029672, 5806354.482017586939037 ], [ 403015.728662645909935, 5806354.428687810897827 ], [ 403005.694564392731991, 5806354.376153459772468 ], [ 402998.740803228516597, 5806347.38427372276783 ], [ 402995.660466139670461, 5806344.300437627360225 ], [ 402985.626367886434309, 5806344.253525991924107 ], [ 402975.592269633314572, 5806344.207242934033275 ], [ 402968.75770186423324, 5806337.338777569122612 ], [ 402965.558171380194835, 5806334.135612684302032 ], [ 402955.524073127016891, 5806334.090290804393589 ], [ 402945.489974873897154, 5806334.045565097592771 ], [ 402938.770582932280377, 5806327.293281414546072 ], [ 402935.455876620719209, 5806323.974809872917831 ], [ 402925.421778367599472, 5806323.932156752794981 ], [ 402915.38768011436332, 5806323.890348061919212 ], [ 402908.777103581465781, 5806317.247785260900855 ], [ 402905.353581861243583, 5806313.820374704897404 ], [ 402895.319483608240262, 5806313.779388557188213 ], [ 402885.285385355004109, 5806313.739257950335741 ], [ 402878.779861282149795, 5806307.202289107255638 ], [ 402875.251287101884373, 5806303.66970675997436 ], [ 402865.21718884864822, 5806303.630352998152375 ], [ 402855.183090595586691, 5806303.592086865566671 ], [ 402848.727717424451839, 5806297.156792952679098 ], [ 402845.148992342408746, 5806293.574002736248076 ], [ 402835.11489408928901, 5806293.585592783987522 ], [ 402825.080795836169273, 5806293.597224476747215 ], [ 402818.509309666929767, 5806287.11129679903388 ], [ 402815.04669758293312, 5806283.644751476123929 ], [ 402805.012599329871591, 5806283.615160594694316 ], [ 402794.978501076693647, 5806283.627063818275928 ], [ 402788.626863541314378, 5806277.06580064445734 ], [ 402784.94440282357391, 5806273.379156957380474 ], [ 402774.910304570454173, 5806273.646489161066711 ], [ 402764.876206317218021, 5806273.659618027508259 ], [ 402758.73018356540706, 5806267.020304490812123 ], [ 402754.842108064156491, 5806263.127812460064888 ], [ 402744.808009810978547, 5806263.421235792338848 ], [ 402734.77391155785881, 5806263.491922186687589 ], [ 402724.739813304680865, 5806263.564175949431956 ], [ 402718.478884075477254, 5806256.974808337166905 ], [ 402714.705715051561128, 5806253.197353306226432 ], [ 402704.671616798383184, 5806253.149845754727721 ], [ 402694.637518545263447, 5806253.215639719739556 ], [ 402688.542880588269327, 5806246.929312182590365 ], [ 402684.60342029214371, 5806242.985376987606287 ], [ 402674.569322038965765, 5806242.890976314432919 ], [ 402664.535223785904236, 5806242.893751157447696 ], [ 402658.598272417788394, 5806236.883816029876471 ], [ 402654.501125532668084, 5806232.78201512619853 ], [ 402644.467027279548347, 5806232.692400453612208 ], [ 402634.43292902642861, 5806232.649982741102576 ], [ 402628.645710386277642, 5806226.838319874368608 ], [ 402624.398830773250666, 5806222.586616160348058 ], [ 402614.364732520130929, 5806222.550608718767762 ], [ 402604.330634266952984, 5806222.522337222471833 ], [ 402598.569615939864889, 5806216.792823720723391 ], [ 402594.296536013833247, 5806212.514889931306243 ], [ 402584.262437760655303, 5806212.443501692265272 ], [ 402574.228339507535566, 5806212.405127612873912 ], [ 402564.194241254474036, 5806212.37782733514905 ], [ 402558.488010670640506, 5806206.747327568009496 ], [ 402554.160143001237884, 5806202.414543800055981 ], [ 402544.126044748118147, 5806202.326354353688657 ], [ 402534.091946494940203, 5806202.294441885314882 ], [ 402528.34733158122981, 5806196.701831412501633 ], [ 402524.057848241820466, 5806192.407475576736033 ], [ 402514.023749988642521, 5806192.315231289714575 ], [ 402503.989651735522784, 5806192.239345235750079 ], [ 402498.224306225776672, 5806186.656335258856416 ], [ 402493.955553482403047, 5806182.382733566686511 ], [ 402483.921455229225103, 5806182.307440070435405 ], [ 402473.887356976163574, 5806182.241136820986867 ], [ 402468.121514651051257, 5806176.610839104279876 ], [ 402463.853258722927421, 5806172.337734792381525 ], [ 402453.819160469807684, 5806172.300154672935605 ], [ 402443.78506221662974, 5806172.243736296892166 ], [ 402433.750963963510003, 5806172.253242129459977 ], [ 402427.984285938320681, 5806166.565342950634658 ], [ 402423.716865710390266, 5806162.293075287714601 ], [ 402413.682767457212321, 5806162.247164545580745 ], [ 402403.648669204092585, 5806162.256835026666522 ], [ 402397.881493931578007, 5806156.519846795126796 ], [ 402393.61457095091464, 5806152.248076945543289 ], [ 402383.580472697736695, 5806152.245327495038509 ], [ 402373.546374444616958, 5806152.238450272008777 ], [ 402367.778702041367069, 5806146.474350642412901 ], [ 402363.512276191497222, 5806142.203078487887979 ], [ 402353.478177938377485, 5806142.196036705747247 ], [ 402343.44407968519954, 5806142.187241014093161 ], [ 402337.675910065532662, 5806136.428854488767684 ], [ 402333.409981432079803, 5806132.158080114983022 ], [ 402323.375883178901859, 5806132.148956632241607 ], [ 402313.341784925782122, 5806132.139878240413964 ], [ 402307.573117801570334, 5806126.383358335122466 ], [ 402303.307686672662385, 5806122.113082030788064 ], [ 402293.273588419426233, 5806122.101877227425575 ], [ 402283.239490166364703, 5806122.094019094482064 ], [ 402273.205391913186759, 5806122.125702193006873 ], [ 402263.171293660067022, 5806122.169434660114348 ], [ 402257.275271366990637, 5806116.337862180545926 ], [ 402253.13719540683087, 5806112.195085709914565 ], [ 402243.10309715376934, 5806112.240090756677091 ], [ 402233.068998900591396, 5806112.286320809274912 ], [ 402223.034900647471659, 5806112.333301986567676 ], [ 402213.000802394351922, 5806112.381025468930602 ], [ 402202.966704141173977, 5806112.429508987814188 ], [ 402196.99353747384157, 5806106.292366025969386 ], [ 402192.932605887996033, 5806102.226821559481323 ], [ 402182.898507634876296, 5806102.40392079949379 ], [ 402172.864409381756559, 5806102.569320749491453 ], [ 402162.830311128636822, 5806102.620981812477112 ], [ 402152.79621287540067, 5806102.673494081012905 ], [ 402142.762114622397348, 5806102.726879023015499 ], [ 402132.728016369161196, 5806102.781158055178821 ], [ 402126.559796706307679, 5806096.246869872324169 ], [ 402122.693918116041459, 5806092.376599965617061 ], [ 402112.659819862863515, 5806092.560286623425782 ], [ 402102.62572160968557, 5806092.771747622638941 ], [ 402092.591623356565833, 5806092.92638327088207 ], [ 402082.557525103446096, 5806092.897010558284819 ], [ 402072.523426850326359, 5806092.867893042042851 ], [ 402062.489328597148415, 5806092.838012201711535 ], [ 402056.112887296243571, 5806086.201373718678951 ], [ 402052.455230344086885, 5806082.539561972953379 ], [ 402042.421132090908941, 5806082.731610837392509 ], [ 402032.387033837730996, 5806082.737241853959858 ], [ 402022.352935584611259, 5806082.713665563613176 ], [ 402012.318837331433315, 5806082.690257583744824 ], [ 402002.284739078313578, 5806082.667016118764877 ], [ 401992.250640825135633, 5806082.643939398229122 ], [ 401985.764978760736994, 5806076.155877564102411 ], [ 401982.216542572015896, 5806072.603410647250712 ], [ 401972.182444318837952, 5806072.585650161840022 ], [ 401962.148346065660007, 5806072.595425615087152 ], [ 401952.114247812598478, 5806072.605230629444122 ], [ 401942.080149559420533, 5806072.617924502119422 ], [ 401932.046051306300797, 5806072.632568778470159 ], [ 401922.011953053122852, 5806072.647278853692114 ], [ 401915.384784506110009, 5806066.110381410457194 ], [ 401911.977854800003115, 5806062.699581715278327 ], [ 401901.943756546825171, 5806062.714804532006383 ], [ 401891.909658293705434, 5806062.730097365565598 ], [ 401881.875560040585697, 5806062.745460427366197 ], [ 401871.841461787407752, 5806062.760894747450948 ], [ 401861.807363534288015, 5806062.786834811791778 ], [ 401851.773265281110071, 5806062.82092269603163 ], [ 401841.739167027990334, 5806062.854445427656174 ], [ 401831.705068774812389, 5806062.880389152094722 ], [ 401824.837191768165212, 5806056.064885256811976 ], [ 401821.67097052175086, 5806052.895067445933819 ], [ 401811.636872268572915, 5806052.921654217876494 ], [ 401801.602774015394971, 5806052.948447398841381 ], [ 401791.568675762217026, 5806052.975449401885271 ], [ 401781.534577509097289, 5806053.00266267824918 ], [ 401771.500479255977552, 5806053.030316084623337 ], [ 401761.466381002799608, 5806053.05830858182162 ], [ 401751.432282749679871, 5806053.086524900048971 ], [ 401744.30945201247232, 5806046.019389102235436 ], [ 401741.398184496560134, 5806046.019389102235436 ], [ 401731.364086243382189, 5806046.019389102235436 ], [ 401721.329987990262453, 5806046.019389102235436 ], [ 401711.295889737084508, 5806046.019389102235436 ], [ 401701.261791483964771, 5806046.019389102235436 ], [ 401691.227693230786826, 5806046.019389102235436 ], [ 401681.19359497766709, 5806046.019389102235436 ], [ 401671.159496724547353, 5806046.019389102235436 ], [ 401661.125398471369408, 5806046.019389102235436 ], [ 401651.091300218249671, 5806046.019389102235436 ], [ 401641.057201965071727, 5806046.019389102235436 ], [ 401631.02310371195199, 5806046.019389102235436 ], [ 401620.989005458774045, 5806046.019389102235436 ], [ 401610.954907205654308, 5806046.019389102235436 ], [ 401600.920808952534571, 5806046.019389102235436 ], [ 401590.886710699356627, 5806046.019389102235436 ], [ 401580.85261244623689, 5806046.019389102235436 ], [ 401570.818514193058945, 5806046.019389102235436 ], [ 401560.784415939939208, 5806046.019389102235436 ], [ 401550.750317686761264, 5806046.019389102235436 ], [ 401540.716219433641527, 5806046.019389102235436 ], [ 401530.68212118052179, 5806046.019389102235436 ], [ 401520.648022927343845, 5806046.019389102235436 ], [ 401510.613924674224108, 5806046.019389102235436 ], [ 401500.579826421046164, 5806046.019389102235436 ], [ 401490.545728167926427, 5806046.019389102235436 ], [ 401480.511629914748482, 5806046.019389102235436 ], [ 401470.477531661628745, 5806046.019389102235436 ], [ 401460.443433408509009, 5806046.019389102235436 ], [ 401450.409335155331064, 5806046.019389102235436 ], [ 401440.375236902211327, 5806046.019389102235436 ], [ 401430.341138649033383, 5806046.019389102235436 ], [ 401420.307040395913646, 5806046.019389102235436 ], [ 401410.272942142793909, 5806046.019389102235436 ], [ 401400.238843889615964, 5806046.019389102235436 ], [ 401390.204745636496227, 5806046.019389102235436 ], [ 401380.170647383318283, 5806046.019389102235436 ], [ 401370.136549130198546, 5806046.019389102235436 ], [ 401360.102450877020601, 5806046.019389102235436 ], [ 401350.068352623900864, 5806046.019389102235436 ], [ 401340.034254370781127, 5806046.019389102235436 ], [ 401330.000156117603183, 5806046.019389102235436 ], [ 401319.966057864483446, 5806046.019389102235436 ], [ 401309.931959611305501, 5806046.019389102235436 ], [ 401299.897861358185764, 5806046.019389102235436 ], [ 401289.86376310500782, 5806046.019389102235436 ], [ 401279.829664851888083, 5806046.019389102235436 ], [ 401269.795566598768346, 5806046.019389102235436 ], [ 401259.761468345590401, 5806046.019389102235436 ], [ 401249.727370092470665, 5806046.019389102235436 ], [ 401239.69327183929272, 5806046.019389102235436 ], [ 401229.659173586172983, 5806046.019389102235436 ], [ 401219.625075332995038, 5806046.019389102235436 ], [ 401209.590977079875302, 5806046.019389102235436 ], [ 401209.186354550241958, 5806046.019389102235436 ], [ 401199.556878826755565, 5806055.688679966144264 ], [ 401189.52278057357762, 5806055.757917151786387 ], [ 401179.488682320399676, 5806055.828151867724955 ], [ 401169.454584067279939, 5806055.899408203549683 ], [ 401159.420485814218409, 5806055.971707404591143 ], [ 401149.386387560982257, 5806056.045071315951645 ], [ 401146.701584713126067, 5806056.064885255880654 ], [ 401139.35228930786252, 5806061.414194941520691 ], [ 401133.103443197673187, 5806066.110381410457194 ], [ 401129.318191054742783, 5806070.334856426343322 ], [ 401124.1023037933046, 5806076.155877564102411 ], [ 401119.284092801564839, 5806081.172772401943803 ], [ 401114.439984262222424, 5806086.201373718678951 ], [ 401109.249994548445102, 5806091.240388792008162 ], [ 401104.093596370890737, 5806096.246869872324169 ], [ 401099.215896295267157, 5806104.054990541189909 ], [ 401097.927230224013329, 5806106.292366025969386 ], [ 401093.212028751149774, 5806116.337862180545926 ], [ 401089.18179804214742, 5806125.138305534608662 ], [ 401088.611616538080852, 5806126.383358334191144 ], [ 401084.09607087704353, 5806136.428854488767684 ], [ 401079.718544247909449, 5806146.474350642412901 ], [ 401079.147699788969476, 5806147.888353670947254 ], [ 401075.663096203934401, 5806156.519846795126796 ], [ 401071.755973169463687, 5806166.565342950634658 ], [ 401069.113601535849739, 5806173.594282165169716 ], [ 401067.979594789794646, 5806176.610839104279876 ], [ 401064.203216410125606, 5806186.656335258856416 ], [ 401060.187835412914865, 5806196.701831412501633 ], [ 401059.079503282730002, 5806199.41861745622009 ], [ 401056.464350953523535, 5806206.747327567078173 ], [ 401054.36677613039501, 5806216.792823720723391 ], [ 401053.565546902595088, 5806226.838319874368608 ], [ 401052.969930915394798, 5806236.883816028945148 ], [ 401052.164598693780135, 5806246.929312182590365 ], [ 401050.487024979491252, 5806256.974808337166905 ], [ 401049.045405029552057, 5806265.607387364841998 ], [ 401048.824187188816722, 5806267.020304490812123 ], [ 401049.04031094443053, 5806277.06580064445734 ], [ 401049.045405029552057, 5806277.302954896353185 ], [ 401049.256036244623829, 5806287.11129679903388 ], [ 401049.361159670399502, 5806297.156792952679098 ], [ 401049.045405029552057, 5806303.767948643304408 ], [ 401048.862370313261636, 5806307.202289107255638 ], [ 401046.867614274204243, 5806317.247785260900855 ], [ 401043.724343833921012, 5806327.293281414546072 ], [ 401039.01130677643232, 5806336.191378051415086 ], [ 401038.635419093945529, 5806337.338777569122612 ], [ 401036.48300721187843, 5806347.38427372276783 ], [ 401031.101804391772021, 5806357.42976987734437 ], [ 401028.977208523312584, 5806359.275931289419532 ], [ 401019.908396955579519, 5806367.475266030989587 ], [ 401018.943110270192847, 5806368.22939482703805 ], [ 401008.909012016898487, 5806375.97791849821806 ], [ 401006.919041031156667, 5806377.520762184634805 ], [ 400998.874913763836958, 5806383.736711293458939 ], [ 400992.815939510706812, 5806387.566258339211345 ], [ 400988.840815510717221, 5806389.96856177970767 ], [ 400978.806717257481068, 5806396.410687735304236 ], [ 400976.686331043310929, 5806397.611754493787885 ], [ 400968.772619004419539, 5806402.086041020229459 ], [ 400958.738520751241595, 5806403.162624130025506 ], [ 400948.704422498121858, 5806407.649071633815765 ], [ 400948.688551611790899, 5806407.657250648364425 ], [ 400938.670324245002121, 5806412.820113960653543 ], [ 400928.636225991765969, 5806414.104627839289606 ], [ 400918.602127738704439, 5806417.422388261184096 ], [ 400917.754222896648571, 5806417.70274680107832 ], [ 400908.568029485526495, 5806420.740172577090561 ], [ 400898.533931232406758, 5806423.631739943288267 ], [ 400888.499832979228813, 5806427.711179132573307 ], [ 400888.418295202252921, 5806427.748242954723537 ], [ 400878.465734726109076, 5806432.233886243775487 ], [ 400868.431636472989339, 5806436.913358364254236 ], [ 400866.171030532801524, 5806437.7937391102314 ], [ 400858.397538219811395, 5806440.998305086046457 ], [ 400848.363439966691658, 5806443.952778475359082 ], [ 400838.329341713513713, 5806446.670864299871027 ], [ 400834.000426067737862, 5806447.839235262945294 ], [ 400828.295243460393976, 5806449.380577171221375 ], [ 400818.261145207216032, 5806451.72996393032372 ], [ 400808.227046954096295, 5806453.071828989312053 ], [ 400798.192948700976558, 5806452.835372367873788 ], [ 400788.158850447798613, 5806453.930983141064644 ], [ 400778.124752194737084, 5806457.850238277576864 ], [ 400778.055508810211904, 5806457.884731418453157 ], [ 400768.090653941500932, 5806462.822057422250509 ], [ 400758.056555688381195, 5806467.839737220667303 ], [ 400757.880674848041963, 5806467.930227571167052 ], [ 400748.02245743520325, 5806472.714077932760119 ], [ 400737.988359182083514, 5806477.922096748836339 ], [ 400737.773934806929901, 5806477.975723724812269 ], [ 400727.954260928905569, 5806480.00839951634407 ], [ 400717.920162675785832, 5806485.75163893122226 ], [ 400714.510355542937759, 5806488.021219879388809 ], [ 400707.886064422666095, 5806492.43037392757833 ], [ 400699.418052068562247, 5806498.066716033034027 ], [ 400697.851966169429943, 5806499.109115125611424 ], [ 400687.817867916368414, 5806505.780372928828001 ], [ 400684.308950603124686, 5806508.112212187610567 ], [ 400677.783769663190469, 5806512.448369979858398 ], [ 400669.192571347637568, 5806518.157708341255784 ], [ 400667.749671410070732, 5806519.116568548604846 ], [ 400657.715573156950995, 5806525.053360086865723 ], [ 400652.965974420192651, 5806528.203204495832324 ], [ 400647.681474903773051, 5806532.56669532135129 ], [ 400638.516710027935915, 5806538.248700649477541 ], [ 400642.136280738573987, 5806548.294196803122759 ], [ 400647.521613111894112, 5806558.339692957699299 ], [ 400647.681474903773051, 5806558.637890153564513 ], [ 400652.906945485214237, 5806568.385189111344516 ], [ 400657.715573156950995, 5806577.354932747781277 ], [ 400658.29227785859257, 5806578.430685265921056 ], [ 400663.6777980835177, 5806588.476181419566274 ], [ 400667.749671410070732, 5806596.071624932810664 ], [ 400669.063130456896033, 5806598.521677573211491 ], [ 400674.448462830216158, 5806608.567173727788031 ], [ 400677.783769663190469, 5806617.178499732166529 ], [ 400678.436463926918805, 5806618.612669881433249 ], [ 400677.783769663190469, 5806626.519119743257761 ], [ 400677.567465101135895, 5806628.658166036941111 ], [ 400676.551644801569637, 5806638.703662189655006 ], [ 400675.535885073943064, 5806648.749158343300223 ], [ 400674.520092146121897, 5806658.794654497876763 ], [ 400673.50429921830073, 5806668.840150651521981 ], [ 400672.488506290479563, 5806678.885646806098521 ], [ 400675.253210304712411, 5806688.931142959743738 ], [ 400677.783769663190469, 5806697.962880546227098 ], [ 400678.17714595264988, 5806698.976639113388956 ], [ 400687.740116769680753, 5806709.022135267965496 ], [ 400687.810607271734625, 5806719.067631421610713 ], [ 400687.817867916368414, 5806719.074900314211845 ], [ 400697.763912352034822, 5806729.113127576187253 ], [ 400697.851966169488151, 5806729.201281415298581 ], [ 400707.718509038037155, 5806739.15862372983247 ], [ 400707.787729234434664, 5806749.204119883477688 ], [ 400707.886064422666095, 5806749.302566772326827 ], [ 400717.742489543801639, 5806759.249616038054228 ], [ 400717.811567350814585, 5806769.295112191699445 ], [ 400717.920162675785832, 5806769.403830871917307 ], [ 400727.766490778943989, 5806779.340608346275985 ], [ 400727.954260928963777, 5806779.528591787442565 ], [ 400737.722667351423297, 5806789.386104499921203 ], [ 400737.790512679843232, 5806799.431600654497743 ], [ 400737.988359182083514, 5806799.629671894013882 ], [ 400747.746848025009967, 5806809.477096807211637 ], [ 400748.02245743520325, 5806809.753019287250936 ], [ 400757.704403273586649, 5806819.522592961788177 ], [ 400757.771048816328403, 5806829.568089116364717 ], [ 400758.056555688381195, 5806829.853920300491154 ], [ 400767.728758644603658, 5806839.613585270009935 ], [ 400768.090653941500932, 5806839.975891649723053 ], [ 400777.687656300491653, 5806849.659081424586475 ], [ 400777.753133604303002, 5806859.704577579163015 ], [ 400778.124752194678877, 5806860.076618297025561 ], [ 400787.712181793234777, 5806869.75007373187691 ], [ 400787.777528093603905, 5806879.79556988645345 ], [ 400788.158850447798613, 5806880.177325391210616 ], [ 400797.736726364179049, 5806889.841066040098667 ], [ 400798.192948700976558, 5806890.297806607559323 ], [ 400807.697078046272509, 5806899.886562193743885 ], [ 400807.761289956106339, 5806909.932058348320425 ], [ 400808.227046954096295, 5806910.398344407789409 ], [ 400817.721787828661036, 5806919.977554501965642 ], [ 400818.261145207216032, 5806920.51752454508096 ], [ 400827.683408257144038, 5806930.023050656542182 ], [ 400827.746515046746936, 5806940.068546810187399 ], [ 400828.295243460393976, 5806940.617898534052074 ], [ 400837.708279004553333, 5806950.114042963832617 ], [ 400838.329341713513713, 5806950.735811148770154 ], [ 400847.671137838391587, 5806960.159539118409157 ], [ 400847.733167807920836, 5806970.205035272054374 ], [ 400848.363439966691658, 5806970.83602336794138 ], [ 400857.696165444329381, 5806980.250531427562237 ], [ 400857.758074614102952, 5806990.296027580276132 ], [ 400858.397538219811395, 5806990.936217563226819 ], [ 400867.721210647956468, 5807000.341523734852672 ], [ 400868.431636472989339, 5807001.052756545133889 ], [ 400877.68541066889884, 5807010.387019888497889 ], [ 400877.746273397991899, 5807020.432516043074429 ], [ 400878.465734726109076, 5807021.152794619090855 ], [ 400887.710608322173357, 5807030.478012196719646 ], [ 400888.499832979170606, 5807031.268133346922696 ], [ 400897.675980483123567, 5807040.523508350364864 ], [ 400897.735823080874979, 5807050.569004504010081 ], [ 400898.533931232406758, 5807051.368019239977002 ], [ 400907.701326767564751, 5807060.614500658586621 ], [ 400908.568029485526495, 5807061.482187879271805 ], [ 400917.667841829766985, 5807070.659996813163161 ], [ 400917.726689730887301, 5807080.705492966808379 ], [ 400918.602127738704439, 5807081.58192539960146 ], [ 400927.693333053146489, 5807090.750989120453596 ], [ 400927.752069325535558, 5807100.796485275030136 ], [ 400928.636225991882384, 5807101.681646269746125 ], [ 400937.718840543064289, 5807110.841981428675354 ], [ 400938.670324244943913, 5807111.794545937329531 ], [ 400947.686595333972946, 5807120.887477584183216 ], [ 400947.744364253419917, 5807130.932973736897111 ], [ 400948.704422498121858, 5807131.894122527912259 ], [ 400957.712243793066591, 5807140.978469890542328 ], [ 400958.738520751241595, 5807142.005912614054978 ], [ 400967.681082806258928, 5807151.023966044187546 ], [ 400967.737908075214364, 5807161.069462198764086 ], [ 400968.772619004419539, 5807162.105348473414779 ], [ 400977.706868793000467, 5807171.114958353340626 ], [ 400978.806717257539276, 5807172.216056154109538 ], [ 400987.676765665470157, 5807181.160454506054521 ], [ 400987.732670218218118, 5807191.205950660631061 ], [ 400988.840815510717221, 5807192.315354714170098 ], [ 400997.702685849450063, 5807201.251446815207601 ], [ 400997.758487038954627, 5807211.296942968852818 ], [ 400998.874913763895165, 5807212.414637861773372 ], [ 401007.728621099668089, 5807221.342439123429358 ], [ 401008.909012016956694, 5807222.524170867167413 ], [ 401017.699666223372333, 5807231.387935277074575 ], [ 401017.754571374505758, 5807241.433431430719793 ], [ 401018.943110270134639, 5807242.623320408165455 ], [ 401027.725732086692005, 5807251.478927586227655 ], [ 401028.977208523312584, 5807252.731825595721602 ], [ 401037.697782092378475, 5807261.524423739872873 ], [ 401037.751812615664676, 5807271.56991989351809 ], [ 401039.01130677643232, 5807272.830844734795392 ], [ 401047.723975458822679, 5807281.615416047163308 ], [ 401049.045405029610265, 5807282.938346652314067 ], [ 401057.697005603346042, 5807291.660912201739848 ], [ 401057.75018314330373, 5807301.706408356316388 ], [ 401059.079503282730002, 5807303.037238492630422 ], [ 401067.723323462647386, 5807311.751904509030282 ], [ 401067.776405106880702, 5807321.797400664538145 ], [ 401069.113601535849739, 5807323.136116037145257 ], [ 401077.749655303137843, 5807331.842896816320717 ], [ 401079.147699788969476, 5807333.242529364302754 ], [ 401087.723751927784178, 5807341.88839297182858 ], [ 401087.776001087273471, 5807351.933889125473797 ], [ 401089.18179804214742, 5807353.341282948851585 ], [ 401097.750205015297979, 5807361.979385279119015 ], [ 401099.215896295267157, 5807363.446741462685168 ], [ 401107.730066536576487, 5807372.024881434626877 ], [ 401107.776671721425373, 5807382.070377587340772 ], [ 401109.249994548445102, 5807383.54537398647517 ], [ 401117.803618389181793, 5807392.115873741917312 ], [ 401119.284092801564839, 5807393.598029850050807 ], [ 401127.836380831839051, 5807402.16136989556253 ], [ 401127.894872840901371, 5807412.206866048276424 ], [ 401129.318191054742783, 5807413.631801033392549 ], [ 401137.920188062184025, 5807422.252362203784287 ], [ 401139.35228930786252, 5807423.68609019741416 ], [ 401147.945520284352824, 5807432.297858357429504 ], [ 401149.386387560982257, 5807433.740362339653075 ], [ 401157.97194900381146, 5807442.343354512006044 ], [ 401158.069822642777581, 5807452.388850666582584 ], [ 401159.420485814218409, 5807453.741048078984022 ], [ 401168.094989098724909, 5807462.434346819296479 ], [ 401169.454584067279939, 5807463.79548617452383 ], [ 401178.120172996830661, 5807472.479842973873019 ], [ 401178.221014901180752, 5807482.525339128449559 ], [ 401179.488682320457883, 5807483.794446512125432 ], [ 401188.246008958609309, 5807492.570835283026099 ], [ 401189.52278057357762, 5807493.849057204090059 ], [ 401198.271022837376222, 5807502.616331435739994 ], [ 401199.556878826755565, 5807503.903648050501943 ], [ 401208.296054614707828, 5807512.661827588453889 ], [ 401208.398626595211681, 5807522.707323743961751 ], [ 401209.590977079875302, 5807523.901028639636934 ], [ 401218.423463625484146, 5807532.752819897606969 ], [ 401219.625075332995038, 5807533.955796536058187 ], [ 401228.448320983850863, 5807542.798316052183509 ], [ 401229.659173586172983, 5807544.010544082149863 ], [ 401238.47319671313744, 5807552.843812205828726 ], [ 401238.577543677878566, 5807562.889308359473944 ], [ 401239.69327183929272, 5807564.006303896196187 ], [ 401248.602219583233818, 5807572.934804514050484 ], [ 401249.727370092470665, 5807574.061233100481331 ], [ 401258.626915377215482, 5807582.980300667695701 ], [ 401258.733309337345418, 5807593.025796823203564 ], [ 401259.761468345590401, 5807594.055123734287918 ], [ 401268.757800383202266, 5807603.071292975917459 ], [ 401269.795566598768346, 5807604.1102380072698 ], [ 401278.782310921931639, 5807613.116789129562676 ], [ 401279.829664851888083, 5807614.165332766249776 ], [ 401288.806841874786187, 5807623.162285284139216 ], [ 401288.915111394715495, 5807633.207781437784433 ], [ 401289.86376310500782, 5807634.157510736957192 ], [ 401298.939432152837981, 5807643.253277592360973 ], [ 401299.897861358127557, 5807644.212795493192971 ], [ 401308.963772932998836, 5807653.298773746006191 ], [ 401309.074206567602232, 5807663.344269900582731 ], [ 401309.931959611247294, 5807664.202997280284762 ], [ 401319.098329787375405, 5807673.389766054227948 ], [ 401319.966057864483446, 5807674.258479798212647 ], [ 401329.122475689859129, 5807683.435262206941843 ], [ 401330.000156117544975, 5807684.313939606770873 ], [ 401339.14664216269739, 5807693.480758362449706 ], [ 401339.259059677657206, 5807703.526254516094923 ], [ 401340.03425437072292, 5807704.302329766564071 ], [ 401349.283002701122314, 5807713.571750671602786 ], [ 401350.068352623900864, 5807714.357992686331272 ], [ 401359.30696797685232, 5807723.617246825248003 ], [ 401360.102450877020601, 5807724.413633327931166 ], [ 401369.330956467834767, 5807733.662742977961898 ], [ 401369.445411806984339, 5807743.708239132538438 ], [ 401370.136549130198546, 5807744.400161529891193 ], [ 401379.469169707037508, 5807753.753735286183655 ], [ 401380.170647383318283, 5807754.456009782850742 ], [ 401389.49295047018677, 5807763.799231440760195 ], [ 401389.609758980048355, 5807773.844727594405413 ], [ 401390.204745636496227, 5807774.440390106290579 ], [ 401399.633304156479426, 5807783.89022374805063 ], [ 401400.238843889674172, 5807784.496451323851943 ], [ 401409.656871824467089, 5807793.93571990262717 ], [ 401410.272942142793909, 5807794.552490025758743 ], [ 401419.680462989083026, 5807803.981216056272388 ], [ 401419.799430444312748, 5807814.026712210848927 ], [ 401420.307040395913646, 5807814.534898765385151 ], [ 401429.822778349102009, 5807824.072208364494145 ], [ 401430.34113864909159, 5807824.591157479211688 ], [ 401439.846151588484645, 5807834.117704518139362 ], [ 401439.967613507178612, 5807844.16320067178458 ], [ 401440.375236902153119, 5807844.571287093684077 ], [ 401449.990734694234561, 5807854.20869682636112 ], [ 401450.409335155331064, 5807854.627772782929242 ], [ 401460.0138808870106, 5807864.25419298093766 ], [ 401460.443433408509009, 5807864.6842334382236 ], [ 401470.037053119856864, 5807874.299689134582877 ], [ 401470.160804898419883, 5807884.345185288228095 ], [ 401470.477531661628745, 5807884.662271826528013 ], [ 401480.183717928361148, 5807894.390681442804635 ], [ 401480.511629914748482, 5807894.718965910375118 ], [ 401490.206656678346917, 5807904.436177596449852 ], [ 401490.545728167926427, 5807904.775634243153036 ], [ 401500.229622200480662, 5807914.481673751957715 ], [ 401500.35572803899413, 5807924.527169904671609 ], [ 401500.579826421046164, 5807924.751522843725979 ], [ 401510.378428105148487, 5807934.572666060179472 ], [ 401510.613924674224108, 5807934.808430133387446 ], [ 401520.401153462124057, 5807944.618162212893367 ], [ 401520.529984054446686, 5807954.663658367469907 ], [ 401520.648022927343845, 5807954.781831322237849 ], [ 401530.552435281220824, 5807964.709154521115124 ], [ 401530.68212118052179, 5807964.838987732306123 ], [ 401540.574915026780218, 5807974.754650673829019 ], [ 401540.716219433583319, 5807974.896115590818226 ], [ 401550.597420811129268, 5807984.800146829336882 ], [ 401550.728753826406319, 5807994.845642982982099 ], [ 401550.750317686761264, 5807994.86723133828491 ], [ 401560.750977454590611, 5808004.891139136627316 ], [ 401560.784415939939208, 5808004.924615604802966 ], [ 401570.773230429331306, 5808014.936635291203856 ], [ 401570.818514193058945, 5808018.355685248970985 ], [ 401576.894621055340394, 5808024.982131444849074 ], [ 401580.852612446178682, 5808029.298575712367892 ], [ 401586.105903498013504, 5808035.027627599425614 ], [ 401590.886710699356627, 5808040.241453230381012 ], [ 401595.317101523454767, 5808045.073123753070831 ], [ 401600.920808952534571, 5808051.184327244758606 ], [ 401604.528353615780361, 5808055.118619906716049 ], [ 401610.954907205654308, 5808062.127249042503536 ], [ 401613.739581991569139, 5808065.164116061292589 ], [ 401620.989005458774045, 5808073.07015123218298 ], [ 401622.950780016952194, 5808075.209612214937806 ], [ 401631.02310371195199, 5808084.013000574894249 ], [ 401632.162062459625304, 5808085.255108369514346 ], [ 401641.057201965071727, 5808094.955919213593006 ], [ 401641.373260485008359, 5808095.300604523159564 ], [ 401650.584542927797884, 5808105.346100676804781 ], [ 401651.091300218249671, 5808105.898757170885801 ], [ 401659.795740953180939, 5808115.391596831381321 ], [ 401661.125398471369408, 5808116.84167390409857 ], [ 401669.007023395970464, 5808125.437092985026538 ], [ 401671.159496724547353, 5808127.784525152295828 ], [ 401678.218221421295311, 5808135.482589139603078 ], [ 401681.19359497766709, 5808138.727425437420607 ], [ 401687.429451401461847, 5808145.528085293248296 ], [ 401691.227693230786826, 5808149.670347234234214 ], [ 401696.616853439772967, 5808155.573581446893513 ], [ 401701.261791483964771, 5808160.637238618917763 ], [ 401705.120852584659588, 5808165.619077601470053 ], [ 401711.295889737084508, 5808172.25889009796083 ], [ 401716.513326210260857, 5808175.664573755115271 ], [ 401721.329987990204245, 5808184.201028441078961 ], [ 401731.364086243323982, 5808183.572638211771846 ], [ 401741.398184496560134, 5808176.620755231007934 ], [ 401742.778302503633313, 5808175.664573756046593 ], [ 401751.432282749679871, 5808169.668872252106667 ], [ 401757.277610921650194, 5808165.619077601470053 ], [ 401761.466381002799608, 5808162.716989272274077 ], [ 401771.500479255977552, 5808155.765106291510165 ], [ 401771.776919339667074, 5808155.573581446893513 ], [ 401781.534577509039082, 5808148.813223311677575 ], [ 401786.27622775756754, 5808145.528085293248296 ], [ 401791.568675762275234, 5808140.16844879090786 ], [ 401793.108810899779201, 5808135.482589140534401 ], [ 401795.868855057167821, 5808125.437092985026538 ], [ 401798.628899214498233, 5808115.391596831381321 ], [ 401801.388943371828645, 5808105.346100676804781 ], [ 401801.602774015394971, 5808104.567839611321688 ], [ 401811.636872268514708, 5808100.160468901507556 ], [ 401816.793821504106745, 5808105.346100676804781 ], [ 401821.670970521692652, 5808110.250376008450985 ], [ 401826.783754448930267, 5808115.391596831381321 ], [ 401831.705068774812389, 5808120.340411812067032 ], [ 401836.773427597829141, 5808125.437092985026538 ], [ 401841.739167027990334, 5808130.430451462045312 ], [ 401846.763360542710871, 5808135.482589139603078 ], [ 401851.773265281110071, 5808140.520489582791924 ], [ 401856.753033691551536, 5808145.528085293248296 ], [ 401861.807363534288015, 5808150.610526914708316 ], [ 401866.742966636433266, 5808155.573581446893513 ], [ 401871.841461787407752, 5808160.700434021651745 ], [ 401876.732899581198581, 5808165.619077601470053 ], [ 401881.875560040585697, 5808170.790475613437593 ], [ 401886.722572730155662, 5808175.664573755115271 ], [ 401891.909658293705434, 5808180.880509474314749 ], [ 401896.712505674920976, 5808185.710069909691811 ], [ 401901.943756546825171, 5808190.970416581258178 ], [ 401903.533413763216231, 5808195.755566063337028 ], [ 401906.671137133031152, 5808205.801062216982245 ], [ 401909.564811518182978, 5808215.846558371558785 ], [ 401911.977854800003115, 5808224.86704053170979 ], [ 401912.206917545641772, 5808225.892054525204003 ], [ 401914.451812685118057, 5808235.937550679780543 ], [ 401916.696707824536134, 5808245.98304683342576 ], [ 401918.941669824067503, 5808256.0285429880023 ], [ 401921.186564963543788, 5808266.074039141647518 ], [ 401922.011953053122852, 5808269.767500245012343 ], [ 401923.431460102961864, 5808276.119535295292735 ], [ 401925.676355242438149, 5808286.165031449869275 ], [ 401927.921250381914433, 5808296.210527604445815 ], [ 401930.16614552133251, 5808306.256023758091033 ], [ 401932.046051306300797, 5808314.668259145691991 ], [ 401932.411043092841282, 5808316.30151991173625 ], [ 401934.656002660281956, 5808326.347016065381467 ], [ 401936.900897799758241, 5808336.392512219958007 ], [ 401939.145792939234525, 5808346.438008373603225 ], [ 401941.390688078652602, 5808356.483504528179765 ], [ 401942.080149559420533, 5808359.568718858063221 ], [ 401943.635583218128886, 5808366.529000682756305 ], [ 401945.880478357546963, 5808376.5744968354702 ], [ 401948.12544035713654, 5808386.61999299004674 ], [ 401950.370335496612824, 5808396.66548914462328 ], [ 401952.114247812598478, 5808404.469178570434451 ], [ 401952.615230636089109, 5808406.710985298268497 ], [ 401954.860125775507186, 5808416.756481451913714 ], [ 401957.105020914925262, 5808426.801977605558932 ], [ 401959.349916054401547, 5808436.847473760135472 ], [ 401960.335845494293608, 5808446.892969913780689 ], [ 401954.203692385577597, 5808456.938466068357229 ], [ 401958.624741969979368, 5808466.983962222002447 ], [ 401962.148346065776423, 5808475.261606341227889 ], [ 401963.295798605831806, 5808477.029458375647664 ], [ 401970.31779025006108, 5808487.074954530224204 ], [ 401972.182444318837952, 5808489.574806291610003 ] ], [ [ 403624.143778527155519, 5807643.253277592360973 ], [ 403620.084390324482229, 5807633.207781437784433 ], [ 403617.774557834549341, 5807627.769036026671529 ], [ 403615.724854466272518, 5807623.162285284139216 ], [ 403617.774557834549341, 5807622.438813862390816 ], [ 403627.808656087727286, 5807621.020787961781025 ], [ 403637.842754340847023, 5807621.68220551777631 ], [ 403639.454973194748163, 5807623.162285284139216 ], [ 403642.770348656049464, 5807633.207781437784433 ], [ 403637.842754340847023, 5807642.193329074420035 ], [ 403634.087009809096344, 5807643.253277592360973 ], [ 403627.808656087727286, 5807650.787680245004594 ], [ 403624.143778527155519, 5807643.253277592360973 ] ], [ [ 403711.580316540785134, 5807020.432516042143106 ], [ 403708.081442112859804, 5807017.430657856166363 ], [ 403699.871592332958244, 5807010.387019888497889 ], [ 403698.047343859740067, 5807008.655736149288714 ], [ 403691.79891009349376, 5807000.341523734852672 ], [ 403695.321901176299434, 5806990.296027580276132 ], [ 403698.04734385968186, 5806983.106813914142549 ], [ 403699.130162339366507, 5806980.250531426630914 ], [ 403703.183263464015909, 5806970.205035272054374 ], [ 403708.081442112859804, 5806966.982246782630682 ], [ 403718.115540366037749, 5806969.15045163501054 ], [ 403721.094912281492725, 5806970.205035272054374 ], [ 403728.149638619157486, 5806972.424666889943182 ], [ 403738.183736872277223, 5806975.581699589267373 ], [ 403748.217835125455167, 5806977.455278774723411 ], [ 403751.397070060367696, 5806980.250531426630914 ], [ 403748.217835125455167, 5806986.567568387836218 ], [ 403747.337037843768485, 5806990.296027580276132 ], [ 403741.905046626809053, 5807000.341523734852672 ], [ 403738.183736872277223, 5807005.557009109295905 ], [ 403735.286770577426068, 5807010.387019888497889 ], [ 403729.45745556888869, 5807020.432516042143106 ], [ 403728.149638619157486, 5807022.286510866135359 ], [ 403718.115540366037749, 5807026.039409212768078 ], [ 403711.580316540785134, 5807020.432516042143106 ] ] ] } },
{ "type": "Feature", "properties": { "id": 3, "cost_level": 1200.0 }, "geometry": { "type": "Polygon", "coordinates": [ [ [ 402223.034900647471659, 5808217.211119617335498 ], [ 402233.068998900591396, 5808218.589412458240986 ], [ 402237.235674283641856, 5808215.846558371558785 ], [ 402243.103097153711133, 5808209.2785340026021 ], [ 402245.9039196674712, 5808205.801062216982245 ], [ 402253.137195406889077, 5808201.066345700994134 ], [ 402263.171293660067022, 5808197.404024699702859 ], [ 402267.687772667733952, 5808195.755566063337028 ], [ 402273.205391913186759, 5808193.741703698411584 ], [ 402283.239490166364703, 5808190.079382697120309 ], [ 402293.27358841948444, 5808186.417061696760356 ], [ 402295.210618256242014, 5808185.710069909691811 ], [ 402303.307686672545969, 5808182.754740694537759 ], [ 402313.341784925782122, 5808179.507756112143397 ], [ 402323.375883178901859, 5808177.19894110225141 ], [ 402328.177563171484508, 5808175.664573755115271 ], [ 402333.409981432079803, 5808174.165087549947202 ], [ 402343.44407968519954, 5808172.289093717932701 ], [ 402353.478177938377485, 5808169.508935062214732 ], [ 402363.512276191439014, 5808166.728790760971606 ], [ 402367.517381022800691, 5808165.619077601470053 ], [ 402373.546374444616958, 5808163.948617753572762 ], [ 402383.580472697794903, 5808161.168459098786116 ], [ 402393.61457095091464, 5808158.372444910928607 ], [ 402403.448486560839228, 5808155.573581446893513 ], [ 402403.648669204092585, 5808155.516802500002086 ], [ 402413.682767457212321, 5808152.172250967472792 ], [ 402423.716865710390266, 5808148.823992940597236 ], [ 402433.59407974453643, 5808145.528085293248296 ], [ 402433.750963963510003, 5808145.475734914653003 ], [ 402443.78506221662974, 5808142.127476887777448 ], [ 402453.819160469807684, 5808138.779218861833215 ], [ 402463.698538424214348, 5808135.482589139603078 ], [ 402463.853258722927421, 5808135.430960834957659 ], [ 402473.887356976105366, 5808132.070385380648077 ], [ 402483.921455229166895, 5808128.710406288504601 ], [ 402493.654665525828023, 5808125.437092985026538 ], [ 402493.955553482403047, 5808125.335675334557891 ], [ 402503.989651735522784, 5808121.95874485373497 ], [ 402514.023749988642521, 5808118.581545514054596 ], [ 402523.501502200087998, 5808115.391596831381321 ], [ 402524.057848241820466, 5808115.204346174374223 ], [ 402534.091946494940203, 5808111.827146835625172 ], [ 402544.12604474805994, 5808108.449947495013475 ], [ 402553.347977127763443, 5808105.346100676804781 ], [ 402554.160143001237884, 5808105.072744906879961 ], [ 402564.194241254415829, 5808101.695429395884275 ], [ 402574.228339507535566, 5808098.318230057135224 ], [ 402583.194097242958378, 5808095.300604523159564 ], [ 402584.262437760655303, 5808094.941030717454851 ], [ 402594.296536013833247, 5808091.563831377774477 ], [ 402604.330634266952984, 5808088.186632039025426 ], [ 402613.040572170750238, 5808085.255108369514346 ], [ 402614.364732520130929, 5808084.809432700276375 ], [ 402624.398830773250666, 5808081.432233359664679 ], [ 402634.43292902642861, 5808078.055034020915627 ], [ 402642.88704709848389, 5808075.209612214937806 ], [ 402644.467027279548347, 5808074.677834681235254 ], [ 402654.501125532668084, 5808071.30063534155488 ], [ 402664.535223785846028, 5808067.923436001874506 ], [ 402672.733522026159335, 5808065.164116061292589 ], [ 402674.569322038965765, 5808064.546236663125455 ], [ 402684.60342029214371, 5808061.169037323445082 ], [ 402694.637518545263447, 5808057.791837982833385 ], [ 402702.579996953892987, 5808055.118619906716049 ], [ 402704.671616798383184, 5808054.414630275219679 ], [ 402714.705715051561128, 5808051.037319885566831 ], [ 402724.739813304680865, 5808047.660120544955134 ], [ 402732.42611706914613, 5808045.073123753070831 ], [ 402734.77391155785881, 5808044.282921206206083 ], [ 402744.808009810978547, 5808040.90572186652571 ], [ 402754.842108064156491, 5808037.528522526845336 ], [ 402762.272591996879783, 5808035.027627599425614 ], [ 402764.876206317276228, 5808034.151323188096285 ], [ 402774.910304570395965, 5808030.774123848415911 ], [ 402784.94440282357391, 5808027.396924508735538 ], [ 402792.119066924555227, 5808024.982131444849074 ], [ 402794.978501076693647, 5808024.013680916279554 ], [ 402805.012599329871591, 5808020.592152945697308 ], [ 402815.046697582991328, 5808017.130598591640592 ], [ 402821.406396454898641, 5808014.936635291203856 ], [ 402825.080795836169273, 5808013.669044237583876 ], [ 402835.11489408928901, 5808010.20748988352716 ], [ 402845.148992342408746, 5808006.746056228876114 ], [ 402850.52588909456972, 5808004.891139136627316 ], [ 402855.183090595586691, 5808003.284501876682043 ], [ 402865.217188848706428, 5807999.822947522625327 ], [ 402875.251287101884373, 5807996.361393168568611 ], [ 402879.645031858119182, 5807994.845642982982099 ], [ 402885.285385355004109, 5807992.899838815443218 ], [ 402895.319483608182054, 5807989.438284461386502 ], [ 402905.353581861243583, 5807985.976730107329786 ], [ 402908.764174621552229, 5807984.800146829336882 ], [ 402915.387680114421528, 5807982.515175754204392 ], [ 402925.421778367599472, 5807979.053621400147676 ], [ 402935.455876620719209, 5807975.592067046090961 ], [ 402937.883317385043483, 5807974.754650674760342 ], [ 402945.489974873897154, 5807972.130512692034245 ], [ 402955.524073127016891, 5807968.668958337977529 ], [ 402960.164912530221045, 5807964.709154521115124 ], [ 402965.558171380194835, 5807955.28089923132211 ], [ 402965.978864260425325, 5807954.663658366538584 ], [ 402965.558171380194835, 5807953.036772926338017 ], [ 402963.38125712890178, 5807944.618162212893367 ], [ 402961.092109084187541, 5807934.572666059248149 ], [ 402963.610097313241567, 5807924.527169904671609 ], [ 402965.558171380194835, 5807918.377975299954414 ], [ 402966.792525550117716, 5807914.481673751026392 ], [ 402969.974953786935657, 5807904.436177596449852 ], [ 402973.457649508491158, 5807894.390681442804635 ], [ 402975.592269633314572, 5807890.844878601841629 ], [ 402978.879205523990095, 5807884.345185288228095 ], [ 402985.564478393236641, 5807874.299689134582877 ], [ 402985.626367886434309, 5807874.206692082807422 ], [ 402992.249751262483187, 5807864.25419298093766 ], [ 402995.660466139612254, 5807859.129148146137595 ], [ 402998.935024131671526, 5807854.20869682636112 ], [ 403005.620297000859864, 5807844.163200672715902 ], [ 403005.694564392731991, 5807844.051604211330414 ], [ 403012.30556987010641, 5807834.117704518139362 ], [ 403015.728662645909935, 5807828.974060274660587 ], [ 403018.990842739294749, 5807824.072208364494145 ], [ 403025.676116911985446, 5807814.026712210848927 ], [ 403025.762760899029672, 5807813.896519278176129 ], [ 403035.796859152207617, 5807805.910248631611466 ], [ 403039.485031958320178, 5807803.981216056272388 ], [ 403045.830957405327354, 5807800.359029894694686 ], [ 403055.865055658447091, 5807794.631683417595923 ], [ 403057.084339897090103, 5807793.935719901695848 ], [ 403065.899153911625035, 5807788.904318634420633 ], [ 403074.683647835918237, 5807783.89022374805063 ], [ 403075.933252164744772, 5807783.176963004283607 ], [ 403085.967350417922717, 5807777.688725601881742 ], [ 403093.621602764935233, 5807773.844727594405413 ], [ 403096.001448671042453, 5807772.649542737752199 ], [ 403106.035546924220398, 5807767.610307948663831 ], [ 403113.624347105622292, 5807763.799231439828873 ], [ 403116.069645177340135, 5807762.571208853274584 ], [ 403126.103743430459872, 5807757.532025100663304 ], [ 403133.627155530906748, 5807753.753735286183655 ], [ 403136.137841683637816, 5807752.477968532592058 ], [ 403146.171939936757553, 5807747.441668599843979 ], [ 403149.80476795200957, 5807743.708239132538438 ], [ 403156.206038189935498, 5807734.797651464119554 ], [ 403156.987045357585885, 5807733.662742977961898 ], [ 403156.468612723634578, 5807723.61724682431668 ], [ 403156.206038189935498, 5807718.529427701607347 ], [ 403155.95018008974148, 5807713.571750670671463 ], [ 403155.431874180969317, 5807703.526254516094923 ], [ 403155.42036454268964, 5807693.480758362449706 ], [ 403155.638373619236518, 5807683.435262207873166 ], [ 403155.6810983462492, 5807673.389766054227948 ], [ 403152.707174529437907, 5807663.344269900582731 ], [ 403148.23962305841269, 5807653.298773746006191 ], [ 403146.171939936699346, 5807649.338525094091892 ], [ 403142.853667820163537, 5807643.253277592360973 ], [ 403137.548369087802712, 5807633.207781437784433 ], [ 403136.137841683637816, 5807630.46311916410923 ], [ 403132.600666858779732, 5807623.162285284139216 ], [ 403127.986858386255335, 5807613.116789128631353 ], [ 403126.103743430459872, 5807608.979957167990506 ], [ 403123.414078002329916, 5807603.071292975917459 ], [ 403118.938207338622306, 5807593.025796821340919 ], [ 403116.361631762818433, 5807582.980300667695701 ], [ 403116.069645177340135, 5807581.584343630820513 ], [ 403114.673565296630841, 5807572.934804514050484 ], [ 403116.068191131402273, 5807562.889308359473944 ], [ 403116.069645177340135, 5807562.887560195289552 ], [ 403126.103743430459872, 5807556.31414282694459 ], [ 403134.288710214488674, 5807552.843812205828726 ], [ 403136.137841683637816, 5807551.988498446531594 ], [ 403146.171939936757553, 5807547.588948743417859 ], [ 403156.183503089821897, 5807542.798316052183509 ], [ 403156.206038189935498, 5807542.78753266390413 ], [ 403166.240136443055235, 5807537.98600678704679 ], [ 403176.274234696233179, 5807533.184485520236194 ], [ 403177.176328551024199, 5807532.752819897606969 ], [ 403186.308332949352916, 5807528.383064831607044 ], [ 403196.342431202414446, 5807523.581548413261771 ], [ 403198.169383962173015, 5807522.707323744893074 ], [ 403206.376529455650598, 5807518.780079858377576 ], [ 403216.410627708770335, 5807513.97859688103199 ], [ 403219.162439373321831, 5807512.661827588453889 ], [ 403226.444725962006487, 5807509.17714275047183 ], [ 403236.478824215068016, 5807504.375654925592244 ], [ 403240.15541052876506, 5807502.616331435739994 ], [ 403246.512922468245961, 5807499.574128931388259 ], [ 403256.547020721365698, 5807494.772712970152497 ], [ 403261.148444745573215, 5807492.570835281163454 ], [ 403266.581118974485435, 5807489.97118697501719 ], [ 403276.615217227663379, 5807485.169689945876598 ], [ 403282.14137565693818, 5807482.525339127518237 ], [ 403286.649315480841324, 5807480.368221391923726 ], [ 403296.683413733961061, 5807475.258934516459703 ], [ 403301.110453270783182, 5807472.479842973873019 ], [ 403306.717511987080798, 5807468.848637985065579 ], [ 403316.622022280062083, 5807462.434346819296479 ], [ 403316.751610240200534, 5807462.350423951633275 ], [ 403317.617863326799124, 5807462.434346819296479 ], [ 403326.785708493436687, 5807464.815207255072892 ], [ 403329.883376922691241, 5807472.479842973873019 ], [ 403333.943143514334224, 5807482.525339127518237 ], [ 403336.819806746498216, 5807489.348539835773408 ], [ 403338.191369469976053, 5807492.570835282094777 ], [ 403342.486400182067882, 5807502.616331435739994 ], [ 403346.853904999676161, 5807507.130894644185901 ], [ 403356.888003252795897, 5807502.891090185381472 ], [ 403357.525064606510568, 5807502.616331435739994 ], [ 403366.922101505973842, 5807498.563581485301256 ], [ 403376.956199759093579, 5807494.154141207225621 ], [ 403380.483109530294314, 5807492.570835281163454 ], [ 403386.990298012213316, 5807489.649617914110422 ], [ 403397.02439626539126, 5807488.365763836540282 ], [ 403407.058494518510997, 5807490.490947780199349 ], [ 403417.092592771688942, 5807492.441694429144263 ], [ 403418.18569663958624, 5807492.570835282094777 ], [ 403427.126691024866886, 5807493.815341703593731 ], [ 403437.160789277986623, 5807496.645380557514727 ], [ 403447.19488753110636, 5807497.015829059295356 ], [ 403456.67449113028124, 5807492.570835282094777 ], [ 403457.228985784226097, 5807492.310167466290295 ], [ 403467.263084037404042, 5807487.123107546940446 ], [ 403474.972096672339831, 5807482.525339127518237 ], [ 403477.297182290581986, 5807481.138623896986246 ], [ 403487.331280543701723, 5807475.154140248894691 ], [ 403491.815236583526712, 5807472.479842973873019 ], [ 403497.36537879682146, 5807469.169656598009169 ], [ 403507.399477049999405, 5807463.171892484650016 ], [ 403508.57387846254278, 5807462.434346819296479 ], [ 403517.433575303119142, 5807457.002915385179222 ], [ 403525.27193931612419, 5807452.388850665651262 ], [ 403527.467673556238879, 5807451.098540365695953 ], [ 403537.501771809416823, 5807447.303910741582513 ], [ 403547.53587006253656, 5807443.529170287773013 ], [ 403551.281391072494444, 5807442.343354512006044 ], [ 403557.569968315714505, 5807438.522848325781524 ], [ 403567.387284254305996, 5807432.297858357429504 ], [ 403567.604066568834241, 5807432.239884782582521 ], [ 403575.087928118940908, 5807422.252362203784287 ], [ 403577.638164822012186, 5807419.277918441221118 ], [ 403583.873291162890382, 5807412.206866049207747 ], [ 403587.672263075131923, 5807405.866979135200381 ], [ 403592.191114762448706, 5807402.16136989556253 ], [ 403597.70636132825166, 5807398.188599752262235 ], [ 403603.83301024872344, 5807392.115873741917312 ], [ 403605.406038367655128, 5807382.070377587340772 ], [ 403607.740459581429604, 5807377.419737258926034 ], [ 403609.340135880396701, 5807372.024881433695555 ], [ 403608.265505083138123, 5807361.979385278187692 ], [ 403607.740459581429604, 5807360.333546393550932 ], [ 403602.406963151530363, 5807351.93388912640512 ], [ 403597.70636132825166, 5807343.838487388566136 ], [ 403596.664348561200313, 5807341.88839297182858 ], [ 403591.686026219744235, 5807331.84289681725204 ], [ 403587.672263075131923, 5807323.547740148380399 ], [ 403586.825329329178203, 5807321.797400663606822 ], [ 403581.9647872428759, 5807311.75190450809896 ], [ 403577.638164822012186, 5807302.810168403200805 ], [ 403577.104090352368075, 5807301.706408355385065 ], [ 403572.243548266007565, 5807291.660912200808525 ], [ 403567.604066568834241, 5807282.072596658021212 ], [ 403567.38285137549974, 5807281.615416047163308 ], [ 403562.522232886520214, 5807271.56991989351809 ], [ 403557.661612398631405, 5807261.52442373894155 ], [ 403557.569968315714505, 5807261.335024912841618 ], [ 403552.800989083014429, 5807251.478927585296333 ], [ 403547.940373421704862, 5807241.43343142978847 ], [ 403547.535870062478352, 5807240.597453167662024 ], [ 403543.591294407844543, 5807231.387935277074575 ], [ 403538.946404905000236, 5807221.342439123429358 ], [ 403537.501771809475031, 5807220.840488420799375 ], [ 403527.467673556238879, 5807214.758675367571414 ], [ 403524.885341399931349, 5807211.296942968852818 ], [ 403517.433575303119142, 5807206.864108631387353 ], [ 403509.296146153938025, 5807201.251446815207601 ], [ 403507.399477049999405, 5807200.056483427993953 ], [ 403497.36537879682146, 5807193.73467430844903 ], [ 403493.351757899916265, 5807191.205950660631061 ], [ 403487.331280543701723, 5807187.067380076274276 ], [ 403478.364158385898918, 5807181.160454506054521 ], [ 403477.297182290523779, 5807180.03621615562588 ], [ 403468.830322212597821, 5807171.114958353340626 ], [ 403467.263084037404042, 5807168.370584530755877 ], [ 403464.958400234463625, 5807161.069462198764086 ], [ 403467.121015590790194, 5807151.023966045118868 ], [ 403467.263084037404042, 5807150.364046539179981 ], [ 403469.283624851261266, 5807140.978469889611006 ], [ 403471.446234111790545, 5807130.932973736897111 ], [ 403473.608860156673472, 5807120.887477583251894 ], [ 403475.143408319330774, 5807110.841981428675354 ], [ 403477.297182290523779, 5807105.028642753139138 ], [ 403480.059580714325421, 5807100.796485274098814 ], [ 403484.093298965715803, 5807090.750989120453596 ], [ 403487.328459875425324, 5807080.705492966808379 ], [ 403487.331280543701723, 5807080.665324953384697 ], [ 403487.819221915502567, 5807070.659996813163161 ], [ 403487.331280543701723, 5807063.539154512807727 ], [ 403486.983994624868501, 5807060.614500658586621 ], [ 403485.371518747182563, 5807050.569004504941404 ], [ 403481.821385193150491, 5807040.523508350364864 ], [ 403478.136536517005879, 5807030.478012196719646 ], [ 403477.297182290465571, 5807028.189877342432737 ], [ 403474.45155718177557, 5807020.432516042143106 ], [ 403470.766708505572751, 5807010.387019888497889 ], [ 403467.263084037404042, 5807000.708940653130412 ], [ 403467.130064386408776, 5807000.341523734852672 ], [ 403463.507173576683272, 5806990.296027580276132 ], [ 403459.884282766957767, 5806980.250531426630914 ], [ 403457.228985784226097, 5806972.887964617460966 ], [ 403456.262914201593958, 5806970.205035272054374 ], [ 403452.696554273599759, 5806960.159539118409157 ], [ 403449.145625737437513, 5806950.114042964763939 ], [ 403447.19488753110636, 5806944.595559876412153 ], [ 403445.59462579106912, 5806940.068546810187399 ], [ 403442.043692705978174, 5806930.023050656542182 ], [ 403438.492756138555706, 5806919.977554501965642 ], [ 403437.160789277986623, 5806916.209526292048395 ], [ 403434.649242839892395, 5806909.932058347389102 ], [ 403430.09123538521817, 5806899.886562194675207 ], [ 403427.126691024808679, 5806892.382403003051877 ], [ 403426.22696281329263, 5806889.841066040098667 ], [ 403423.173751791357063, 5806879.79556988645345 ], [ 403420.749642535694875, 5806869.75007373187691 ], [ 403418.270774874079507, 5806859.704577578231692 ], [ 403417.092592771688942, 5806855.008164712227881 ], [ 403415.715937110595405, 5806849.659081424586475 ], [ 403413.13045966863865, 5806839.613585270009935 ], [ 403410.545030622626655, 5806829.568089116364717 ], [ 403407.959644065937027, 5806819.522592961788177 ], [ 403407.058494518569205, 5806816.02130760345608 ], [ 403405.37416662403848, 5806809.47709680814296 ], [ 403402.788828463293612, 5806799.431600654497743 ], [ 403400.203351021395065, 5806789.386104499921203 ], [ 403397.617881817452144, 5806779.340608346275985 ], [ 403397.02439626539126, 5806777.970797185786068 ], [ 403392.823884219396859, 5806769.295112191699445 ], [ 403389.575634741515387, 5806759.249616038054228 ], [ 403386.990298012213316, 5806754.53443587385118 ], [ 403383.26101811096305, 5806749.204119883477688 ], [ 403376.980465129308868, 5806739.15862372983247 ], [ 403376.956199759093579, 5806739.120464200153947 ], [ 403369.865535312856082, 5806729.113127576187253 ], [ 403366.922101505973842, 5806724.804702572524548 ], [ 403361.672115995897911, 5806719.067631421610713 ], [ 403356.888003252795897, 5806713.839656001888216 ], [ 403349.75560375128407, 5806709.022135267034173 ], [ 403346.853904999676161, 5806707.96368346363306 ], [ 403336.819806746498216, 5806707.348312569782138 ], [ 403326.785708493320271, 5806705.629318404942751 ], [ 403316.751610240200534, 5806702.701700275763869 ], [ 403306.717511987080798, 5806699.774158257991076 ], [ 403303.984029289975297, 5806698.976639113388956 ], [ 403296.683413733961061, 5806696.846616240218282 ], [ 403286.649315480783116, 5806693.918962329626083 ], [ 403276.615217227663379, 5806690.991306852549314 ], [ 403269.554042088682763, 5806688.931142959743738 ], [ 403266.581118974485435, 5806688.063764834776521 ], [ 403256.547020721365698, 5806685.136222817003727 ], [ 403246.512922468245961, 5806682.208606254309416 ], [ 403244.308831767353695, 5806678.885646806098521 ], [ 403239.466509159421548, 5806668.840150651521981 ], [ 403236.478824215009809, 5806660.155392118729651 ], [ 403236.049944977567066, 5806658.794654497876763 ], [ 403232.883860909147188, 5806648.749158343300223 ], [ 403230.778773978294339, 5806638.703662188723683 ], [ 403229.014549497747794, 5806628.658166036009789 ], [ 403227.250429046049248, 5806618.612669881433249 ], [ 403226.444725961948279, 5806614.024995625019073 ], [ 403225.486204565386288, 5806608.567173727788031 ], [ 403223.722084113571327, 5806598.521677573211491 ], [ 403221.957859633024782, 5806588.476181419566274 ], [ 403220.193739181268029, 5806578.430685265921056 ], [ 403218.429514700663276, 5806568.385189111344516 ], [ 403216.665394248790108, 5806558.339692957699299 ], [ 403216.410627708770335, 5806556.889051995240152 ], [ 403214.90116976830177, 5806548.294196803122759 ], [ 403213.137049316486809, 5806538.248700649477541 ], [ 403211.372824835882057, 5806528.203204495832324 ], [ 403209.608704384125303, 5806518.157708341255784 ], [ 403207.922942889854312, 5806508.112212187610567 ], [ 403206.376529455650598, 5806499.753207810223103 ], [ 403206.080359451763798, 5806498.066716033034027 ], [ 403204.316134971100837, 5806488.021219879388809 ], [ 403202.589123583049513, 5806477.975723724812269 ], [ 403201.190492513705976, 5806467.930227570235729 ], [ 403199.420370815787464, 5806457.884731417521834 ], [ 403196.342431202472653, 5806451.509313689544797 ], [ 403194.597780427196994, 5806447.839235262945294 ], [ 403188.806970452715177, 5806437.7937391102314 ], [ 403186.308332949352916, 5806431.671094574965537 ], [ 403184.659090444794856, 5806427.748242953792214 ], [ 403186.308332949294709, 5806418.617400876246393 ], [ 403186.661419403681066, 5806417.70274680107832 ], [ 403186.454154757433571, 5806407.657250647433102 ], [ 403186.308332949352916, 5806407.51126319821924 ], [ 403176.274234696233179, 5806407.574621234089136 ], [ 403166.240136443055235, 5806407.54137646406889 ], [ 403156.507541543687694, 5806397.611754492856562 ], [ 403156.206038189935498, 5806397.309908656403422 ], [ 403146.171939936757553, 5806397.388412454165518 ], [ 403136.137841683637816, 5806397.355385546572506 ], [ 403126.55610133666778, 5806387.566258339211345 ], [ 403126.103743430459872, 5806387.113386591896415 ], [ 403116.069645177340135, 5806387.200747454538941 ], [ 403106.035546924220398, 5806387.173314026556909 ], [ 403096.600056871015113, 5806377.520762184634805 ], [ 403096.001448671042453, 5806376.921474015340209 ], [ 403085.967350417922717, 5806377.005981310270727 ], [ 403075.933252164744772, 5806376.987361871637404 ], [ 403066.639614961110055, 5806367.475266030989587 ], [ 403065.899153911625035, 5806366.733963879756629 ], [ 403055.865055658447091, 5806366.815748061984777 ], [ 403045.830957405327354, 5806366.776631645858288 ], [ 403035.796859152207617, 5806366.705497201532125 ], [ 403026.580261417373549, 5806357.42976987734437 ], [ 403025.762760899029672, 5806356.611340746283531 ], [ 403015.728662645909935, 5806356.542012037709355 ], [ 403005.694564392731991, 5806356.473717380315065 ], [ 402996.654674879217055, 5806347.38427372276783 ], [ 402995.660466139612254, 5806346.388935644179583 ], [ 402985.626367886434309, 5806346.327950519509614 ], [ 402975.592269633314572, 5806346.267782542854548 ], [ 402966.707331533485558, 5806337.338777569122612 ], [ 402965.558171380194835, 5806336.188312064856291 ], [ 402955.524073126958683, 5806336.129393620416522 ], [ 402945.489974873897154, 5806336.071250202134252 ], [ 402936.754765349789523, 5806327.293281414546072 ], [ 402935.455876620719209, 5806325.992917256429791 ], [ 402925.421778367599472, 5806325.93746819999069 ], [ 402915.387680114421528, 5806325.88311690185219 ], [ 402906.793930621584877, 5806317.247785260900855 ], [ 402905.353581861301791, 5806315.805800383910537 ], [ 402895.319483608240262, 5806315.752518391236663 ], [ 402885.285385355062317, 5806315.700348602607846 ], [ 402876.828204060322605, 5806307.202289107255638 ], [ 402875.251287101884373, 5806305.623580902814865 ], [ 402865.217188848706428, 5806305.572421011514962 ], [ 402855.183090595586691, 5806305.522675039246678 ], [ 402846.791105473181233, 5806297.15679295361042 ], [ 402845.148992342408746, 5806295.512814518995583 ], [ 402835.11489408928901, 5806295.527881579473615 ], [ 402825.080795836169273, 5806295.543002779595554 ], [ 402816.537863816134632, 5806287.11129679903388 ], [ 402815.046697582991328, 5806285.618436724878848 ], [ 402805.012599329929799, 5806285.579968580044806 ], [ 402794.978501076693647, 5806285.595442770048976 ], [ 402786.72137228079373, 5806277.065800645388663 ], [ 402784.94440282357391, 5806275.286812698468566 ], [ 402774.910304570395965, 5806275.634344562888145 ], [ 402764.876206317276228, 5806275.65141208935529 ], [ 402756.886376739828847, 5806267.020304490812123 ], [ 402754.842108064156491, 5806264.97371369600296 ], [ 402744.808009810978547, 5806265.355164028704166 ], [ 402734.77391155785881, 5806265.447056341916323 ], [ 402724.739813304680865, 5806265.540986232459545 ], [ 402716.600605306739453, 5806256.974808337166905 ], [ 402714.705715051561128, 5806255.077765644527972 ], [ 402704.671616798383184, 5806255.016005826182663 ], [ 402694.637518545263447, 5806255.101537982001901 ], [ 402686.714489201141987, 5806246.929312182590365 ], [ 402684.60342029214371, 5806244.815845275297761 ], [ 402674.569322038965765, 5806244.693124400451779 ], [ 402664.535223785846028, 5806244.696731694974005 ], [ 402656.817187007400207, 5806236.883816028945148 ], [ 402654.501125532668084, 5806234.56512370146811 ], [ 402644.467027279548347, 5806234.448624627664685 ], [ 402634.43292902642861, 5806234.393481600098312 ], [ 402626.909544794238172, 5806226.838319874368608 ], [ 402624.398830773250666, 5806224.324753891676664 ], [ 402614.364732520072721, 5806224.277944217436016 ], [ 402604.330634266952984, 5806224.24119127355516 ], [ 402596.841310441726819, 5806216.792823720723391 ], [ 402594.296536013833247, 5806214.245158640667796 ], [ 402584.26243776071351, 5806214.152353930287063 ], [ 402574.228339507593773, 5806214.102467626333237 ], [ 402564.194241254474036, 5806214.066977265290916 ], [ 402556.776141495502088, 5806206.747327567078173 ], [ 402554.160143001237884, 5806204.128357515670359 ], [ 402544.126044748118147, 5806204.013711236417294 ], [ 402534.091946494940203, 5806203.972225028090179 ], [ 402526.623947107116692, 5806196.701831412501633 ], [ 402524.057848241820466, 5806194.132817672565579 ], [ 402514.023749988584314, 5806194.012900099158287 ], [ 402503.989651735522784, 5806193.914248229935765 ], [ 402496.49470257293433, 5806186.656335258856416 ], [ 402493.955553482403047, 5806184.114301905967295 ], [ 402483.921455229225103, 5806184.016420360654593 ], [ 402473.887356976163574, 5806183.930226135998964 ], [ 402466.391761953593232, 5806176.610839104279876 ], [ 402463.853258722927421, 5806174.069452345371246 ], [ 402453.819160469807684, 5806174.020598191767931 ], [ 402443.78506221662974, 5806173.947254301048815 ], [ 402433.750963963510003, 5806173.959611884318292 ], [ 402426.25428253080463, 5806166.565342949703336 ], [ 402423.716865710390266, 5806164.025043834932148 ], [ 402413.682767457212321, 5806163.965359872207046 ], [ 402403.648669204092585, 5806163.977931495755911 ], [ 402396.151341349817812, 5806156.519846796058118 ], [ 402393.61457095091464, 5806153.980194836854935 ], [ 402383.580472697794903, 5806153.976620551198721 ], [ 402373.546374444616958, 5806153.967680160887539 ], [ 402366.048400320461951, 5806146.474350642412901 ], [ 402363.512276191497222, 5806143.935345686972141 ], [ 402353.478177938435692, 5806143.926191369071603 ], [ 402343.44407968519954, 5806143.914756970480084 ], [ 402335.945459179638419, 5806136.428854487836361 ], [ 402333.409981432021596, 5806133.890496648848057 ], [ 402323.375883178960066, 5806133.878636121749878 ], [ 402313.341784925782122, 5806133.866834212094545 ], [ 402305.842517664190382, 5806126.383358333259821 ], [ 402303.307686672545969, 5806123.845647985115647 ], [ 402293.27358841948444, 5806123.831081742420793 ], [ 402283.239490166364703, 5806123.820866169407964 ], [ 402273.205391913186759, 5806123.862054197117686 ], [ 402263.171293660067022, 5806123.9189064046368 ], [ 402255.506464679085184, 5806116.337862180545926 ], [ 402253.13719540683087, 5806113.965901615098119 ], [ 402243.103097153827548, 5806114.024408174678683 ], [ 402233.068998900591396, 5806114.084507243707776 ], [ 402223.034900647471659, 5806114.145582775585353 ], [ 402213.000802394351922, 5806114.207623302005231 ], [ 402202.966704141232185, 5806114.270651876926422 ], [ 402195.201587473682594, 5806106.292366025969386 ], [ 402192.93260588805424, 5806104.020807066000998 ], [ 402182.898507634876296, 5806104.251036076806486 ], [ 402172.864409381756559, 5806104.466056011617184 ], [ 402162.830311128578614, 5806104.533215394243598 ], [ 402152.79621287540067, 5806104.601481343619525 ], [ 402142.762114622339141, 5806104.67088176868856 ], [ 402132.728016369102988, 5806104.741444510407746 ], [ 402124.709330807498191, 5806096.246869872324169 ], [ 402122.693918116041459, 5806094.229167839512229 ], [ 402112.659819862863515, 5806094.467960494570434 ], [ 402102.625721609743778, 5806094.742859793826938 ], [ 402092.591623356565833, 5806094.943886136636138 ], [ 402082.557525103446096, 5806094.905701609328389 ], [ 402072.523426850384567, 5806094.867848838679492 ], [ 402062.489328597148415, 5806094.829003746621311 ], [ 402054.199954905954655, 5806086.201373717747629 ], [ 402052.455230344028678, 5806084.45466729439795 ], [ 402042.421132090850733, 5806084.704330818727612 ], [ 402032.387033837730996, 5806084.711651141755283 ], [ 402022.352935584611259, 5806084.681001963093877 ], [ 402012.318837331433315, 5806084.650571589358151 ], [ 402002.284739078313578, 5806084.620357684791088 ], [ 401992.250640825135633, 5806084.590357948094606 ], [ 401983.819280141382478, 5806076.155877563171089 ], [ 401982.216542572015896, 5806074.551319417543709 ], [ 401972.182444318837952, 5806074.52823078725487 ], [ 401962.148346065776423, 5806074.540938877500594 ], [ 401952.114247812598478, 5806074.553685393184423 ], [ 401942.080149559420533, 5806074.57018743082881 ], [ 401932.046051306359004, 5806074.589224989525974 ], [ 401922.011953053122852, 5806074.608348087407649 ], [ 401913.396633941971231, 5806066.110381410457194 ], [ 401911.977854799944907, 5806064.689990652725101 ], [ 401901.943756546825171, 5806064.709780314937234 ], [ 401891.909658293705434, 5806064.729660999029875 ], [ 401881.875560040585697, 5806064.74963297881186 ], [ 401871.841461787407752, 5806064.769697595387697 ], [ 401861.807363534288015, 5806064.803419678471982 ], [ 401851.773265281110071, 5806064.847733927890658 ], [ 401841.739167027990334, 5806064.891313478350639 ], [ 401831.705068774812389, 5806064.925040320493281 ], [ 401822.776828666159417, 5806056.064885256811976 ], [ 401821.670970521692652, 5806054.957770949229598 ], [ 401811.636872268572915, 5806054.992333753034472 ], [ 401801.602774015394971, 5806055.0271648876369 ], [ 401791.568675762333442, 5806055.06226749252528 ], [ 401781.534577509155497, 5806055.097644750960171 ], [ 401771.500479255977552, 5806055.133594179525971 ], [ 401761.466381002799608, 5806055.169984426349401 ], [ 401751.432282749679871, 5806055.206665638834238 ], [ 401742.172602791280951, 5806046.019389102235436 ], [ 401741.398184496560134, 5806046.019389102235436 ], [ 401731.364086243382189, 5806046.019389102235436 ], [ 401721.329987990262453, 5806046.019389102235436 ], [ 401711.295889737084508, 5806046.019389102235436 ], [ 401701.261791483964771, 5806046.019389102235436 ], [ 401691.227693230786826, 5806046.019389102235436 ], [ 401681.19359497766709, 5806046.019389102235436 ], [ 401671.159496724547353, 5806046.019389102235436 ], [ 401661.125398471369408, 5806046.019389102235436 ], [ 401651.091300218249671, 5806046.019389102235436 ], [ 401641.057201965071727, 5806046.019389102235436 ], [ 401631.02310371195199, 5806046.019389102235436 ], [ 401620.989005458774045, 5806046.019389102235436 ], [ 401610.954907205654308, 5806046.019389102235436 ], [ 401600.920808952534571, 5806046.019389102235436 ], [ 401590.886710699356627, 5806046.019389102235436 ], [ 401580.85261244623689, 5806046.019389102235436 ], [ 401571.994880772253964, 5806046.019389102235436 ], [ 401570.818514193058945, 5806046.664832953363657 ], [ 401560.784415939939208, 5806052.28736143745482 ], [ 401554.250734926550649, 5806056.064885255880654 ], [ 401550.750317686761264, 5806058.51701233536005 ], [ 401540.716219433641527, 5806065.546257425099611 ], [ 401539.9109311014181, 5806066.110381410457194 ], [ 401530.68212118052179, 5806072.575386341661215 ], [ 401525.571045913442504, 5806076.155877564102411 ], [ 401520.648022927343845, 5806079.604631430469453 ], [ 401511.23115761752706, 5806086.201373718678951 ], [ 401510.613924674224108, 5806086.738831661641598 ], [ 401500.579826420987956, 5806095.719469839707017 ], [ 401500.006472392240539, 5806096.246869872324169 ], [ 401490.545728167926427, 5806105.432404985651374 ], [ 401489.660015934088733, 5806106.292366025969386 ], [ 401480.511629914748482, 5806115.174633610993624 ], [ 401479.313550270686392, 5806116.337862180545926 ], [ 401470.477531661628745, 5806124.916848844848573 ], [ 401468.967084607342258, 5806126.383358334191144 ], [ 401460.443433408509009, 5806134.659192936494946 ], [ 401458.620780041208491, 5806136.428854488767684 ], [ 401450.409335155331064, 5806144.401435725390911 ], [ 401448.274314377806149, 5806146.474350642412901 ], [ 401440.375236902211327, 5806154.799697355367243 ], [ 401438.874455188110005, 5806156.519846796058118 ], [ 401434.746967308688909, 5806166.565342950634658 ], [ 401431.159367271466181, 5806176.610839104279876 ], [ 401430.341138649033383, 5806179.033920056186616 ], [ 401427.767193158040754, 5806186.656335258856416 ], [ 401423.928614966920577, 5806196.701831412501633 ], [ 401420.307040395913646, 5806201.97985890135169 ], [ 401417.712011732743122, 5806206.747327566146851 ], [ 401410.272942142793909, 5806216.655494731850922 ], [ 401410.170725155912805, 5806216.792823720723391 ], [ 401402.607042205112521, 5806226.838319874368608 ], [ 401400.238843889674172, 5806229.983576918020844 ], [ 401395.043359254370444, 5806236.883816028945148 ], [ 401390.204745636554435, 5806243.310166234150529 ], [ 401387.479744425800163, 5806246.929312182590365 ], [ 401380.170647383318283, 5806256.636716660112143 ], [ 401379.916084499971475, 5806256.974808337166905 ], [ 401372.352403921773657, 5806267.020304490812123 ], [ 401370.136549130198546, 5806269.963230699300766 ], [ 401364.78872097103158, 5806277.06580064445734 ], [ 401360.102450877078809, 5806283.289740558713675 ], [ 401357.225038020289503, 5806287.11129679903388 ], [ 401350.068352623900864, 5806296.616250417195261 ], [ 401349.661355069547426, 5806297.156792952679098 ], [ 401342.701953417097684, 5806307.202289106324315 ], [ 401344.986578553682193, 5806317.247785260900855 ], [ 401347.720533472136594, 5806327.293281414546072 ], [ 401350.068352623900864, 5806336.405725438147783 ], [ 401350.276821583160199, 5806337.338777570053935 ], [ 401350.068352623900864, 5806344.914334829896688 ], [ 401350.004752121458296, 5806347.38427372276783 ], [ 401350.068352623959072, 5806347.630850862711668 ], [ 401353.75257974746637, 5806357.42976987734437 ], [ 401355.105236860690638, 5806367.475266030989587 ], [ 401350.068352623900864, 5806377.513763816095889 ], [ 401350.064841145067476, 5806377.520762184634805 ], [ 401345.024540334241465, 5806387.566258339211345 ], [ 401340.034254370781127, 5806397.51188588142395 ], [ 401339.984144618560094, 5806397.611754492856562 ], [ 401334.943843807792291, 5806407.657250647433102 ], [ 401330.00015611766139, 5806417.510007946752012 ], [ 401329.903448092052713, 5806417.70274680107832 ], [ 401324.863098693778738, 5806427.748242954723537 ], [ 401319.966057864483446, 5806437.508124633692205 ], [ 401319.822751565603539, 5806437.793739108368754 ], [ 401314.782355849980377, 5806447.839235262945294 ], [ 401309.931959611305501, 5806457.506244949996471 ], [ 401309.554556355637033, 5806457.884731417521834 ], [ 401299.897861358185764, 5806464.182616769336164 ], [ 401292.480623599025421, 5806467.930227571167052 ], [ 401289.86376310500782, 5806469.2524144789204 ], [ 401279.829664851888083, 5806474.322212187573314 ], [ 401272.598667513113469, 5806477.975723724812269 ], [ 401269.795566598768346, 5806479.392009895294905 ], [ 401259.761468345648609, 5806484.506348952651024 ], [ 401250.983720104908571, 5806488.021219879388809 ], [ 401249.727370092470665, 5806488.491896112449467 ], [ 401239.69327183929272, 5806491.877086727879941 ], [ 401229.659173586172983, 5806496.070918748155236 ], [ 401225.468660461774562, 5806498.066716033034027 ], [ 401219.625075332995038, 5806500.831371203064919 ], [ 401209.590977079875302, 5806505.668323338031769 ], [ 401204.54848049179418, 5806508.112212187610567 ], [ 401199.556878826813772, 5806510.531434379518032 ], [ 401189.52278057357762, 5806515.394445958547294 ], [ 401183.821201254089829, 5806518.157708341255784 ], [ 401179.488682320457883, 5806520.257478327490389 ], [ 401169.454584067279939, 5806525.120568579062819 ], [ 401163.094025149650406, 5806528.203204495832324 ], [ 401159.420485814160202, 5806529.983597786165774 ], [ 401149.386387560982257, 5806534.846657514572144 ], [ 401142.366849045269191, 5806538.248700649477541 ], [ 401139.35228930786252, 5806539.709702777676284 ], [ 401129.318191054742783, 5806544.572776973247528 ], [ 401121.639672940829769, 5806548.294196803122759 ], [ 401119.284092801564839, 5806549.43582539819181 ], [ 401109.249994548445102, 5806555.354449078440666 ], [ 401104.553289204952307, 5806558.339692957699299 ], [ 401099.215896295267157, 5806561.732160303741693 ], [ 401089.181798042089213, 5806568.109974260441959 ], [ 401088.779863992822357, 5806568.385189111344516 ], [ 401079.147699788911268, 5806574.927596555091441 ], [ 401073.698017962102313, 5806578.430685265921056 ], [ 401069.113601535849739, 5806581.363355577923357 ], [ 401059.079503282730002, 5806588.097865050658584 ], [ 401058.537478432699572, 5806588.476181419566274 ], [ 401049.045405029552057, 5806595.031442748382688 ], [ 401043.991515721427277, 5806598.521677573211491 ], [ 401039.01130677643232, 5806602.197552509605885 ], [ 401029.493885979463812, 5806608.567173727788031 ], [ 401034.372073332895525, 5806618.612669881433249 ], [ 401039.01130677643232, 5806626.469282993115485 ], [ 401040.303792279446498, 5806628.658166036009789 ], [ 401046.235378547047731, 5806638.703662189655006 ], [ 401049.045405029552057, 5806643.462485209107399 ], [ 401052.167064913548529, 5806648.749158343300223 ], [ 401058.098683761199936, 5806658.794654497876763 ], [ 401059.07950328278821, 5806660.455687426961958 ], [ 401063.989150552195497, 5806668.840150651521981 ], [ 401069.113601535907947, 5806677.570664818398654 ], [ 401069.833451595855877, 5806678.885646807029843 ], [ 401075.225487795134541, 5806688.931142959743738 ], [ 401079.147699788969476, 5806696.461989980190992 ], [ 401080.364969864138402, 5806698.976639113388956 ], [ 401085.227708643884398, 5806709.022135268896818 ], [ 401089.18179804214742, 5806717.190534115768969 ], [ 401090.05468147911597, 5806719.067631421610713 ], [ 401092.0537215906661, 5806729.113127576187253 ], [ 401094.752034625562374, 5806739.15862372983247 ], [ 401099.215896295267157, 5806747.066189701668918 ], [ 401100.152156911208294, 5806749.204119883477688 ], [ 401101.005983000504784, 5806759.249616038054228 ], [ 401101.859845905331895, 5806769.295112191699445 ], [ 401102.833427861216478, 5806779.340608346275985 ], [ 401103.849513494234998, 5806789.386104499921203 ], [ 401105.372106566035654, 5806799.431600654497743 ], [ 401109.249994548445102, 5806801.955575736239552 ], [ 401119.284092801564839, 5806808.516506982967257 ], [ 401120.587645985535346, 5806809.47709680814296 ], [ 401129.318191054742783, 5806816.189498545601964 ], [ 401134.498589936003555, 5806819.522592961788177 ], [ 401137.123148727812804, 5806829.568089116364717 ], [ 401137.478578590205871, 5806839.613585269078612 ], [ 401137.834053890663199, 5806849.659081424586475 ], [ 401138.189324659819249, 5806859.704577578231692 ], [ 401138.544799960276578, 5806869.75007373187691 ], [ 401138.900079947139602, 5806879.79556988645345 ], [ 401139.255546029889956, 5806889.841066040098667 ], [ 401139.35228930786252, 5806892.57496689260006 ], [ 401139.611016056500375, 5806899.886562194675207 ], [ 401139.966292099503335, 5806909.932058348320425 ], [ 401140.321747638867237, 5806919.977554501965642 ], [ 401140.677038169174921, 5806930.023050656542182 ], [ 401141.032513469574042, 5806940.068546810187399 ], [ 401141.387947275885381, 5806950.114042964763939 ], [ 401141.89579229906667, 5806960.159539118409157 ], [ 401143.211557866772637, 5806970.205035272054374 ], [ 401144.526672029343899, 5806980.250531425699592 ], [ 401146.181547552521806, 5806990.296027580276132 ], [ 401147.855447802110575, 5807000.341523734852672 ], [ 401149.386387560982257, 5807008.624928809702396 ], [ 401149.713814406830352, 5807010.387019888497889 ], [ 401151.568667020881549, 5807020.432516042143106 ], [ 401153.425276630208828, 5807030.478012196719646 ], [ 401155.281886239536107, 5807040.523508349433541 ], [ 401157.138460961461533, 5807050.569004504941404 ], [ 401158.99495205754647, 5807060.614500658586621 ], [ 401159.420485814218409, 5807062.916922070086002 ], [ 401160.851561666931957, 5807070.659996813163161 ], [ 401162.708171276259236, 5807080.705492966808379 ], [ 401164.564780885586515, 5807090.750989120453596 ], [ 401166.421390494972002, 5807100.796485275030136 ], [ 401168.271106693719048, 5807110.841981427744031 ], [ 401169.454584067279939, 5807117.208085329271853 ], [ 401170.134609713684767, 5807120.887477583251894 ], [ 401171.991219323012047, 5807130.932973736897111 ], [ 401173.663300470914692, 5807140.978469890542328 ], [ 401175.677637535845861, 5807151.023966045118868 ], [ 401177.419350529729854, 5807161.069462198764086 ], [ 401179.442366105271503, 5807171.114958353340626 ], [ 401179.488682320516091, 5807171.344946380704641 ], [ 401181.46538168087136, 5807181.160454506985843 ], [ 401183.488397256354801, 5807191.205950660631061 ], [ 401185.51135386293754, 5807201.251446815207601 ], [ 401187.534280903579202, 5807211.296942969784141 ], [ 401189.52278057357762, 5807221.171046772040427 ], [ 401189.557296479120851, 5807221.342439123429358 ], [ 401191.5803120546625, 5807231.387935277074575 ], [ 401193.989484155143145, 5807241.433431430719793 ], [ 401199.556878826755565, 5807245.647541204467416 ], [ 401209.590977079875302, 5807246.967345487326384 ], [ 401219.625075332936831, 5807248.287149769254029 ], [ 401229.659173586172983, 5807249.606908501125872 ], [ 401239.69327183929272, 5807250.926249300129712 ], [ 401243.896531894919463, 5807251.478927585296333 ], [ 401249.727370092470665, 5807252.245612875558436 ], [ 401259.761468345590401, 5807253.556936525739729 ], [ 401269.795566598768346, 5807254.677355216816068 ], [ 401279.829664851888083, 5807260.336572960019112 ], [ 401280.79071355209453, 5807261.52442373894155 ], [ 401288.918174669437576, 5807271.56991989351809 ], [ 401289.86376310500782, 5807272.738661873154342 ], [ 401297.045635786780622, 5807281.615416047163308 ], [ 401299.897861358127557, 5807285.140750784426928 ], [ 401305.17309690406546, 5807291.660912200808525 ], [ 401309.931959611305501, 5807297.542839697562158 ], [ 401313.300558021408506, 5807301.706408355385065 ], [ 401319.966057864483446, 5807309.945124508813024 ], [ 401321.427854039240628, 5807311.751904509030282 ], [ 401329.555287002760451, 5807321.7974006626755 ], [ 401330.000156117603183, 5807322.347256382927299 ], [ 401337.682748120161705, 5807331.84289681725204 ], [ 401340.03425437072292, 5807334.807572956196964 ], [ 401345.741373586235568, 5807341.88839297182858 ], [ 401350.068352623900864, 5807347.514647064730525 ], [ 401353.597528116544709, 5807351.933889125473797 ], [ 401360.102450877020601, 5807360.4902099436149 ], [ 401361.279789595981129, 5807361.979385279119015 ], [ 401368.818291977455374, 5807372.024881433695555 ], [ 401370.136549130198546, 5807373.782135033980012 ], [ 401376.354225982679054, 5807382.070377587340772 ], [ 401380.170647383318283, 5807387.157715994864702 ], [ 401383.890159987960942, 5807392.115873741917312 ], [ 401390.204745636496227, 5807400.533296957612038 ], [ 401391.426093993126415, 5807402.16136989556253 ], [ 401398.962027998350095, 5807412.206866049207747 ], [ 401400.238843889615964, 5807413.908877918496728 ], [ 401406.497962003631983, 5807422.25236220471561 ], [ 401410.272942142793909, 5807427.284458881244063 ], [ 401414.033896008855663, 5807432.297858357429504 ], [ 401420.307040395913646, 5807440.660039843060076 ], [ 401421.569830014079344, 5807442.343354512006044 ], [ 401429.105764019244816, 5807452.388850665651262 ], [ 401430.341138649033383, 5807454.035620805807412 ], [ 401436.641698024468496, 5807462.434346819296479 ], [ 401440.375236902211327, 5807467.411201766692102 ], [ 401444.177632029750384, 5807472.479842973873019 ], [ 401450.409335155331064, 5807480.787016997113824 ], [ 401451.713353515602648, 5807482.525339127518237 ], [ 401459.249287520884536, 5807492.570835282094777 ], [ 401460.443433408509009, 5807494.162646981887519 ], [ 401466.785221526108216, 5807502.616331435739994 ], [ 401470.477531661628745, 5807507.538227943703532 ], [ 401474.321155531331897, 5807512.661827589385211 ], [ 401480.511629914748482, 5807520.913808906450868 ], [ 401481.857089536497369, 5807522.707323743961751 ], [ 401489.393023541779257, 5807532.752819897606969 ], [ 401490.545728167926427, 5807534.289389868266881 ], [ 401496.92895754694473, 5807542.798316052183509 ], [ 401500.579826421104372, 5807547.664970830082893 ], [ 401504.46489155216841, 5807552.843812205828726 ], [ 401510.613924674224108, 5807561.040551791898906 ], [ 401512.000825557392091, 5807562.889308359473944 ], [ 401519.536759562673979, 5807572.934804514981806 ], [ 401520.648022927343845, 5807574.416132753714919 ], [ 401527.072693567897659, 5807582.980300667695701 ], [ 401530.68212118052179, 5807587.791713716462255 ], [ 401534.608627573121339, 5807593.025796822272241 ], [ 401540.716219433641527, 5807601.167294678278267 ], [ 401542.144561578286812, 5807603.071292975917459 ], [ 401549.680495583452284, 5807613.116789130493999 ], [ 401550.750317686761264, 5807614.54287564009428 ], [ 401557.216429588734172, 5807623.162285284139216 ], [ 401560.784415939939208, 5807627.918456600978971 ], [ 401564.752279555774294, 5807633.207781437784433 ], [ 401570.818514193058945, 5807641.294320855289698 ], [ 401572.288085079868324, 5807643.253277592360973 ], [ 401579.824019085150212, 5807653.298773746006191 ], [ 401580.85261244623689, 5807654.669901816174388 ], [ 401587.359953090315685, 5807663.344269900582731 ], [ 401590.886710699298419, 5807668.045482778921723 ], [ 401594.895887095539365, 5807673.389766054227948 ], [ 401600.920808952534571, 5807681.421063740737736 ], [ 401602.431821100763045, 5807683.435262207873166 ], [ 401609.967755105986726, 5807693.480758361518383 ], [ 401610.954907205654308, 5807694.796644703485072 ], [ 401617.503689111210406, 5807703.526254516094923 ], [ 401620.989005458774045, 5807708.172225665301085 ], [ 401625.039623116375878, 5807713.571750670671463 ], [ 401631.02310371195199, 5807721.547806626185775 ], [ 401632.970631084986962, 5807723.61724682431668 ], [ 401641.057201965013519, 5807727.405210241675377 ], [ 401651.091300218249671, 5807728.894070187583566 ], [ 401661.125398471369408, 5807730.382930132560432 ], [ 401671.159496724547353, 5807731.871790077537298 ], [ 401681.19359497766709, 5807733.360650022514164 ], [ 401683.229535564314574, 5807733.662742977961898 ], [ 401691.227693230786826, 5807734.84952472243458 ], [ 401701.261791483964771, 5807736.338369914330542 ], [ 401711.295889737084508, 5807737.827229859307408 ], [ 401721.329987990262453, 5807739.316089805215597 ], [ 401731.364086243382189, 5807740.804949750192463 ], [ 401741.398184496560134, 5807742.293809696100652 ], [ 401749.161433134810068, 5807743.708239132538438 ], [ 401751.432282749679871, 5807743.991822089999914 ], [ 401761.466381002799608, 5807745.395949059166014 ], [ 401771.500479255919345, 5807746.395501714199781 ], [ 401781.534577509097289, 5807747.928983272984624 ], [ 401791.568675762275234, 5807748.317032561637461 ], [ 401801.602774015394971, 5807749.111121781170368 ], [ 401811.636872268572915, 5807750.853841354139149 ], [ 401821.670970521692652, 5807752.596560926176608 ], [ 401828.333661069395021, 5807753.753735286183655 ], [ 401831.705068774812389, 5807754.339273566380143 ], [ 401841.739167027990334, 5807756.081972504034638 ], [ 401851.773265281110071, 5807757.767266714945436 ], [ 401861.807363534288015, 5807759.071542341262102 ], [ 401871.841461787407752, 5807760.199516686610878 ], [ 401881.875560040585697, 5807761.155143490992486 ], [ 401891.909658293705434, 5807761.926304938271642 ], [ 401901.943756546825171, 5807762.691196142695844 ], [ 401911.977854800003115, 5807763.456069466657937 ], [ 401916.479109006351791, 5807763.799231440760195 ], [ 401922.011953053122852, 5807764.22103869728744 ], [ 401932.046051306300797, 5807764.283447195775807 ], [ 401932.970683895808179, 5807763.799231440760195 ], [ 401942.080149559420533, 5807759.083002669736743 ], [ 401952.11424781254027, 5807753.916604563593864 ], [ 401952.430567409319337, 5807753.753735286183655 ], [ 401962.148346065718215, 5807748.750119344331324 ], [ 401971.940439718600828, 5807743.708239132538438 ], [ 401972.182444318837952, 5807743.116018708795309 ], [ 401975.481055946554989, 5807733.662742977961898 ], [ 401982.216542572015896, 5807730.70930216088891 ], [ 401992.250640825135633, 5807725.640124907717109 ], [ 402002.284739078313578, 5807731.664576319977641 ], [ 402004.449087544635404, 5807733.662742977961898 ], [ 402008.805005864822306, 5807743.708239132538438 ], [ 402010.694203010294586, 5807753.753735286183655 ], [ 402012.318837331433315, 5807762.392175859771669 ], [ 402012.583462730923202, 5807763.799231440760195 ], [ 402014.472646824258845, 5807773.844727594405413 ], [ 402016.361885874706786, 5807783.89022374805063 ], [ 402018.251049297861755, 5807793.93571990262717 ], [ 402020.140287783695385, 5807803.981216056272388 ], [ 402022.029472441645339, 5807814.026712210848927 ], [ 402022.352935584611259, 5807815.74661748483777 ], [ 402023.918732162273955, 5807824.072208364494145 ], [ 402025.807928743073717, 5807834.117704518139362 ], [ 402027.697155305999331, 5807844.163200672715902 ], [ 402029.586388148774859, 5807854.20869682636112 ], [ 402032.062474944628775, 5807864.25419298093766 ], [ 402032.387033837730996, 5807865.206029924564064 ], [ 402035.487834878847934, 5807874.299689134582877 ], [ 402038.913232492166571, 5807884.345185288228095 ], [ 402041.548319356981665, 5807894.390681442804635 ], [ 402042.421132090850733, 5807898.973178199492395 ], [ 402043.4616615633131, 5807904.436177596449852 ], [ 402045.375012463307939, 5807914.481673751026392 ], [ 402047.288363363360986, 5807924.527169904671609 ], [ 402049.201714263297617, 5807934.572666059248149 ], [ 402051.115065163350664, 5807944.618162211962044 ], [ 402052.455230344028678, 5807950.261940564960241 ], [ 402053.453485666832421, 5807954.663658366538584 ], [ 402057.569535674876533, 5807964.709154521115124 ], [ 402061.787718905543443, 5807974.754650674760342 ], [ 402062.489328597148415, 5807976.425532964989543 ], [ 402066.00586012302665, 5807984.800146829336882 ], [ 402070.224067392409779, 5807994.845642982982099 ], [ 402072.523426850326359, 5808000.321516869589686 ], [ 402074.442228245548904, 5808004.891139136627316 ], [ 402078.660421870765276, 5808014.936635291203856 ], [ 402082.557525103446096, 5808024.217500772327185 ], [ 402082.87859636801295, 5808024.982131444849074 ], [ 402087.096737585496157, 5808035.027627599425614 ], [ 402091.314953588182107, 5808045.073123753070831 ], [ 402092.591623356565833, 5808048.113484676927328 ], [ 402095.533105707960203, 5808055.118619906716049 ], [ 402099.751308066595811, 5808065.164116061292589 ], [ 402102.625721609801985, 5808072.009468580596149 ], [ 402103.969473830540664, 5808075.209612214937806 ], [ 402108.187615048023872, 5808085.255108369514346 ], [ 402112.405839784129057, 5808095.300604523159564 ], [ 402112.659819862863515, 5808095.905452485196292 ], [ 402116.623983170487918, 5808105.346100676804781 ], [ 402120.842124387971126, 5808115.391596831381321 ], [ 402122.693918116041459, 5808119.80155086889863 ], [ 402125.060351292951964, 5808125.437092985026538 ], [ 402129.278492510493379, 5808135.482589139603078 ], [ 402132.728016369161196, 5808143.697457480244339 ], [ 402133.496719415474217, 5808145.528085293248296 ], [ 402137.714860633015633, 5808155.573581446893513 ], [ 402141.93300185049884, 5808165.619077601470053 ], [ 402142.762114622339141, 5808167.593568150885403 ], [ 402146.151228755537886, 5808175.664573755115271 ], [ 402150.369369972962886, 5808185.710069909691811 ], [ 402152.796212875458878, 5808191.489592164754868 ], [ 402154.607120164262597, 5808195.755566063337028 ], [ 402160.955585523624904, 5808205.801062216982245 ], [ 402162.830311128578614, 5808207.854898733086884 ], [ 402172.864409381756559, 5808208.901739570312202 ], [ 402182.898507634876296, 5808209.948554349131882 ], [ 402192.93260588805424, 5808210.99536912702024 ], [ 402202.966704141173977, 5808212.042183903977275 ], [ 402213.000802394351922, 5808213.400943461805582 ], [ 402219.360028373659588, 5808215.846558371558785 ], [ 402223.034900647471659, 5808217.211119617335498 ] ], [ [ 403139.405094547197223, 5806839.613585269078612 ], [ 403138.901289311645087, 5806829.568089116364717 ], [ 403141.645063951611519, 5806819.522592961788177 ], [ 403144.388790016295388, 5806809.47709680814296 ], [ 403146.171939936815761, 5806802.948635831475258 ], [ 403154.75771040469408, 5806799.431600654497743 ], [ 403156.206038189935498, 5806799.060710552148521 ], [ 403166.240136443055235, 5806798.035515710711479 ], [ 403176.274234696233179, 5806797.903835824690759 ], [ 403180.035206400381867, 5806799.431600654497743 ], [ 403186.308332949352916, 5806803.512493098154664 ], [ 403190.771891573269386, 5806809.47709680814296 ], [ 403188.806672435603105, 5806819.522592961788177 ], [ 403186.308332949294709, 5806821.56684603728354 ], [ 403176.274234696291387, 5806825.99290525726974 ], [ 403172.305545158509631, 5806829.568089116364717 ], [ 403166.240136443055235, 5806834.439561078324914 ], [ 403161.272623323253356, 5806839.613585270009935 ], [ 403156.206038189935498, 5806844.890800129622221 ], [ 403146.171939936757553, 5806841.004992637783289 ], [ 403139.405094547197223, 5806839.613585269078612 ] ] ] } },
{ "type": "Feature", "properties": { "id": 2, "cost_level": 900.0 }, "geometry": { "type": "Polygon", "coordinates": [ [ [ 402283.239490166364703, 5807867.604129731655121 ], [ 402293.273588419426233, 5807864.997927376069129 ], [ 402295.214289138792083, 5807864.254192980006337 ], [ 402303.307686672604177, 5807861.152561666443944 ], [ 402313.341784925782122, 5807857.307215671986341 ], [ 402321.427143736567814, 5807854.20869682636112 ], [ 402323.375883178901859, 5807853.46188941411674 ], [ 402333.409981432079803, 5807849.616528457030654 ], [ 402343.444079685141332, 5807845.771172977983952 ], [ 402347.639966073213145, 5807844.163200672715902 ], [ 402353.478177938377485, 5807841.925846721045673 ], [ 402363.512276191497222, 5807838.080495247617364 ], [ 402373.546374444616958, 5807834.235130283050239 ], [ 402373.852788409858476, 5807834.117704518139362 ], [ 402383.580472697794903, 5807830.51639337465167 ], [ 402393.61457095091464, 5807829.328134693205357 ], [ 402403.648669204092585, 5807828.546650551259518 ], [ 402413.682767457212321, 5807827.765166409313679 ], [ 402423.716865710332058, 5807826.98374011926353 ], [ 402433.750963963510003, 5807826.202255977317691 ], [ 402443.78506221662974, 5807825.420771834440529 ], [ 402453.819160469807684, 5807824.63929095864296 ], [ 402454.772861476056278, 5807824.072208364494145 ], [ 402463.853258722927421, 5807819.358111471869051 ], [ 402471.296151623711921, 5807814.026712210848927 ], [ 402473.887356976105366, 5807812.170612642541528 ], [ 402483.921455229225103, 5807804.983113812282681 ], [ 402485.320153268810827, 5807803.981216056272388 ], [ 402493.955553482403047, 5807797.795614982023835 ], [ 402499.462463657953776, 5807793.93571990262717 ], [ 402503.989651735522784, 5807791.224957861937582 ], [ 402514.023749988642521, 5807791.050234816037118 ], [ 402524.057848241878673, 5807791.266512705013156 ], [ 402534.091946494881995, 5807791.29880750272423 ], [ 402544.126044748118147, 5807791.34113734215498 ], [ 402554.160143001237884, 5807791.518496132455766 ], [ 402564.194241254415829, 5807792.027837521396577 ], [ 402574.228339507535566, 5807792.291904378682375 ], [ 402584.262437760597095, 5807787.908113873563707 ], [ 402588.667125443171244, 5807783.89022374805063 ], [ 402584.262437760655303, 5807781.236394706182182 ], [ 402574.228339507535566, 5807778.594600018113852 ], [ 402571.317760958278086, 5807773.844727594405413 ], [ 402566.939067313156556, 5807763.799231439828873 ], [ 402565.853961053129751, 5807753.753735286183655 ], [ 402564.768861745425966, 5807743.708239132538438 ], [ 402564.194241254415829, 5807738.388581260107458 ], [ 402563.577990294899791, 5807733.662742977961898 ], [ 402562.598656177695375, 5807723.61724682431668 ], [ 402564.194241254357621, 5807716.669194172136486 ], [ 402564.649553418101277, 5807713.571750670671463 ], [ 402565.718696570722386, 5807703.526254516094923 ], [ 402568.375724792014807, 5807693.480758362449706 ], [ 402574.228339507535566, 5807687.809357798658311 ], [ 402578.742202329216525, 5807683.435262206941843 ], [ 402584.262437760655303, 5807677.537858787924051 ], [ 402591.637107398593798, 5807673.389766054227948 ], [ 402594.296536013833247, 5807670.046624433249235 ], [ 402599.408020828268491, 5807663.344269900582731 ], [ 402604.330634266952984, 5807656.889586796984076 ], [ 402607.069139674305916, 5807653.298773746006191 ], [ 402614.364732520130929, 5807643.732541712000966 ], [ 402614.730238590796944, 5807643.253277593292296 ], [ 402622.391337507287972, 5807633.207781437784433 ], [ 402624.398830773308873, 5807630.57548728492111 ], [ 402634.43292902642861, 5807627.399465624243021 ], [ 402644.467027279548347, 5807627.95907507929951 ], [ 402654.501125532668084, 5807627.014047862030566 ], [ 402657.783104720467236, 5807623.162285284139216 ], [ 402654.501125532668084, 5807618.710374234244227 ], [ 402650.377496446366422, 5807613.116789129562676 ], [ 402644.467027279548347, 5807607.342458438128233 ], [ 402642.444733259850182, 5807603.071292975917459 ], [ 402641.903199367516208, 5807593.025796822272241 ], [ 402644.467027279548347, 5807589.298489363864064 ], [ 402647.932298860745504, 5807582.980300667695701 ], [ 402653.14678801811533, 5807572.934804514050484 ], [ 402654.501125532668084, 5807571.278903612866998 ], [ 402664.535223785846028, 5807568.626925753429532 ], [ 402674.569322038965765, 5807572.175879979506135 ], [ 402684.60342029214371, 5807569.885084047913551 ], [ 402694.637518545263447, 5807567.589701795950532 ], [ 402703.478205847786739, 5807572.934804514050484 ], [ 402704.671616798383184, 5807573.710986521095037 ], [ 402714.705715051561128, 5807578.521510181948543 ], [ 402724.099670429772232, 5807582.980300667695701 ], [ 402724.739813304680865, 5807583.284141046926379 ], [ 402734.77391155785881, 5807588.04676360078156 ], [ 402744.808009810978547, 5807592.569356977939606 ], [ 402747.320427785045467, 5807593.025796822272241 ], [ 402754.842108064156491, 5807594.576784947887063 ], [ 402760.825370997656137, 5807593.025796822272241 ], [ 402764.876206317276228, 5807591.633628446608782 ], [ 402774.910304570395965, 5807587.152415376156569 ], [ 402784.94440282357391, 5807584.94226982165128 ], [ 402787.141850644431543, 5807582.980300667695701 ], [ 402794.978501076693647, 5807573.651339923962951 ], [ 402795.460653283691499, 5807572.934804514050484 ], [ 402803.938609482545871, 5807562.889308359473944 ], [ 402805.012599329871591, 5807561.881964683532715 ], [ 402812.82343764352845, 5807552.843812205828726 ], [ 402815.046697582991328, 5807550.271212246268988 ], [ 402821.504800389637239, 5807542.798316052183509 ], [ 402825.080795836169273, 5807538.660406891256571 ], [ 402830.084689442883246, 5807532.752819897606969 ], [ 402835.11489408928901, 5807526.869215035811067 ], [ 402840.851348540454637, 5807522.707323743961751 ], [ 402845.148992342408746, 5807520.279739387333393 ], [ 402855.183090595586691, 5807513.598247548565269 ], [ 402856.301237121631857, 5807512.661827589385211 ], [ 402865.217188848764636, 5807503.534468838945031 ], [ 402866.363312399364077, 5807502.616331435739994 ], [ 402875.169181858829688, 5807492.570835282094777 ], [ 402875.251287101884373, 5807492.525345871224999 ], [ 402885.285385355004109, 5807487.366869196295738 ], [ 402895.319483608123846, 5807486.03243922162801 ], [ 402905.353581861301791, 5807483.175134100951254 ], [ 402907.105645816074684, 5807482.525339126586914 ], [ 402915.38768011436332, 5807479.344042496755719 ], [ 402925.421778367599472, 5807475.48974271863699 ], [ 402926.332773434813134, 5807472.479842973873019 ], [ 402935.455876620719209, 5807464.259846838191152 ], [ 402936.459476099233143, 5807462.434346820227802 ], [ 402939.984582061006222, 5807452.388850664719939 ], [ 402945.489974873897154, 5807443.980848465114832 ], [ 402946.087862849642988, 5807442.343354512006044 ], [ 402947.952294001763221, 5807432.297858357429504 ], [ 402951.779906803858466, 5807422.252362203784287 ], [ 402955.524073127016891, 5807413.411750989034772 ], [ 402955.968646786233876, 5807412.20686605013907 ], [ 402955.524073127075098, 5807410.237770562060177 ], [ 402948.871792113990523, 5807402.16136989556253 ], [ 402946.141994633479044, 5807392.115873741917312 ], [ 402946.191600240475964, 5807382.070377587340772 ], [ 402946.241205847414676, 5807372.024881433695555 ], [ 402946.290846660616808, 5807361.979385279119015 ], [ 402947.054461345658638, 5807351.933889125473797 ], [ 402955.524073127016891, 5807348.422903960570693 ], [ 402965.558171380194835, 5807345.51800492964685 ], [ 402975.592269633256365, 5807342.613123363815248 ], [ 402978.095647411362734, 5807341.888392970897257 ], [ 402985.626367886434309, 5807339.708241797052324 ], [ 402995.660466139612254, 5807338.6388820707798 ], [ 403005.694564392731991, 5807338.746032301336527 ], [ 403015.728662645909935, 5807338.853192358277738 ], [ 403025.762760899029672, 5807341.758667722344398 ], [ 403026.382812231895514, 5807341.88839297182858 ], [ 403035.796859152149409, 5807345.377371678128839 ], [ 403043.964673977694474, 5807341.88839297182858 ], [ 403045.830957405327354, 5807341.090050046332181 ], [ 403055.865055658388883, 5807335.947161473333836 ], [ 403059.824001210741699, 5807331.84289681725204 ], [ 403065.899153911625035, 5807324.180091356858611 ], [ 403068.233332240371965, 5807321.797400664538145 ], [ 403075.933252164744772, 5807313.589556246064603 ], [ 403077.73195634840522, 5807311.751904509961605 ], [ 403085.967350417922717, 5807303.338188480585814 ], [ 403087.564546273439191, 5807301.706408355385065 ], [ 403096.001448671100661, 5807293.086820715107024 ], [ 403097.397136198531371, 5807291.660912200808525 ], [ 403106.035546924220398, 5807282.835452949628234 ], [ 403107.229726123739965, 5807281.615416047163308 ], [ 403116.069645177340135, 5807274.156244616024196 ], [ 403120.120451491035055, 5807271.56991989351809 ], [ 403126.103743430459872, 5807268.493550251238048 ], [ 403136.137841683637816, 5807264.875228337943554 ], [ 403145.369876528391615, 5807261.52442373894155 ], [ 403146.171939936757553, 5807261.233309723436832 ], [ 403156.206038189935498, 5807257.568979310803115 ], [ 403166.240136443055235, 5807253.811213658191264 ], [ 403172.243436052813195, 5807251.478927585296333 ], [ 403176.274234696233179, 5807249.867685427889228 ], [ 403186.308332949352916, 5807245.856727913022041 ], [ 403196.342431202472653, 5807241.442621370777488 ], [ 403196.36423915263731, 5807241.433431430719793 ], [ 403206.376529455650598, 5807237.321349077858031 ], [ 403216.410627708770335, 5807233.20029806625098 ], [ 403220.823411122139078, 5807231.387935277074575 ], [ 403225.2831990737468, 5807221.342439123429358 ], [ 403221.998178508481942, 5807211.296942968852818 ], [ 403218.713091951154638, 5807201.251446815207601 ], [ 403216.410627708770335, 5807194.210578962229192 ], [ 403215.42807138588978, 5807191.205950660631061 ], [ 403212.142984828562476, 5807181.160454506985843 ], [ 403208.861592569912318, 5807171.114958353340626 ], [ 403206.376529455650598, 5807163.325250027701259 ], [ 403205.651802429696545, 5807161.069462198764086 ], [ 403202.28121051704511, 5807151.023966045118868 ], [ 403199.017130507214461, 5807140.978469891473651 ], [ 403196.342431202472653, 5807132.900787689723074 ], [ 403195.684451099077705, 5807130.932973736897111 ], [ 403191.74956446129363, 5807120.887477583251894 ], [ 403187.644204892858397, 5807110.841981429606676 ], [ 403186.308332949411124, 5807107.360152140259743 ], [ 403183.85150513111148, 5807100.796485275030136 ], [ 403180.343086480163038, 5807090.750989120453596 ], [ 403176.834655488841236, 5807080.705492966808379 ], [ 403176.274234696233179, 5807079.758784867823124 ], [ 403166.240136443055235, 5807079.109757228754461 ], [ 403161.307613104814664, 5807080.705492967739701 ], [ 403156.206038189935498, 5807082.355919098481536 ], [ 403146.171939936757553, 5807085.457272181287408 ], [ 403136.137841683637816, 5807088.539772010408342 ], [ 403129.978158513200469, 5807080.705492965877056 ], [ 403128.902098236547317, 5807070.659996813163161 ], [ 403128.217891243984923, 5807060.614500658586621 ], [ 403127.5337289008894, 5807050.569004504941404 ], [ 403126.849521908385213, 5807040.523508350364864 ], [ 403126.103743430459872, 5807032.93429480586201 ], [ 403125.861507684050594, 5807030.478012196719646 ], [ 403124.727399888972286, 5807020.432516042143106 ], [ 403123.82143482984975, 5807010.387019888497889 ], [ 403123.529251735890284, 5807000.341523734852672 ], [ 403123.48572632734431, 5806990.296027580276132 ], [ 403123.403982135350816, 5806980.250531426630914 ], [ 403123.322202072478831, 5806970.205035272054374 ], [ 403124.207746668835171, 5806960.159539118409157 ], [ 403125.142251063371077, 5806950.114042964763939 ], [ 403125.945420089527033, 5806940.068546810187399 ], [ 403126.103743430459872, 5806937.821131004020572 ], [ 403126.63147496880265, 5806930.023050656542182 ], [ 403126.103743430401664, 5806927.133959491737187 ], [ 403123.983541972469538, 5806919.977554501965642 ], [ 403118.971319121017586, 5806909.932058348320425 ], [ 403116.069645177340135, 5806908.147411194629967 ], [ 403106.035546924220398, 5806903.327410366386175 ], [ 403096.001448671042453, 5806900.616906717419624 ], [ 403092.234060557791963, 5806899.886562194675207 ], [ 403085.967350417922717, 5806899.326107230968773 ], [ 403075.933252164686564, 5806898.428731956519186 ], [ 403065.899153911566827, 5806897.53134748339653 ], [ 403055.865055658388883, 5806896.633961128070951 ], [ 403045.830957405327354, 5806895.736582380719483 ], [ 403035.796859152207617, 5806894.839194867759943 ], [ 403025.762760899029672, 5806891.967541392892599 ], [ 403021.614973954274319, 5806889.841066040098667 ], [ 403015.728662645909935, 5806883.610742547549307 ], [ 403012.177389294083696, 5806879.79556988645345 ], [ 403008.547681986005045, 5806869.75007373187691 ], [ 403011.29145662591327, 5806859.704577578231692 ], [ 403014.035206978267524, 5806849.659081424586475 ], [ 403015.728662645909935, 5806843.458953784778714 ], [ 403016.778957330621779, 5806839.613585269078612 ], [ 403019.522707682917826, 5806829.568089116364717 ], [ 403022.266482322942466, 5806819.522592961788177 ], [ 403025.010232675180305, 5806809.477096807211637 ], [ 403025.762760899029672, 5806806.721919257193804 ], [ 403027.753983027534559, 5806799.431600654497743 ], [ 403029.001714745070785, 5806789.386104499921203 ], [ 403028.059680880687665, 5806779.340608347207308 ], [ 403025.852115162066184, 5806769.295112191699445 ], [ 403025.762760899029672, 5806768.888498920947313 ], [ 403023.64459275623085, 5806759.249616038054228 ], [ 403021.437027037609369, 5806749.204119883477688 ], [ 403019.229461319046095, 5806739.158623728901148 ], [ 403017.021938913210761, 5806729.11312757525593 ], [ 403015.728662645909935, 5806723.22809246275574 ], [ 403014.81437319458928, 5806719.067631421610713 ], [ 403012.606807475967798, 5806709.022135267965496 ], [ 403010.399285070132464, 5806698.976639113388956 ], [ 403006.397064153919928, 5806688.931142959743738 ], [ 403005.694564392790198, 5806687.393843894824386 ], [ 403001.80658964056056, 5806678.885646806098521 ], [ 402997.216118238575291, 5806668.840150651521981 ], [ 402995.660466139554046, 5806665.435860370285809 ], [ 402992.625633394985925, 5806658.794654497876763 ], [ 402985.626367886434309, 5806650.390893516130745 ], [ 402984.122621656744741, 5806648.749158343300223 ], [ 402976.658049527555704, 5806638.703662189655006 ], [ 402975.592269633314572, 5806637.305754792876542 ], [ 402967.292113570729271, 5806628.658166036009789 ], [ 402965.558171380194835, 5806627.474692726507783 ], [ 402955.524073127075098, 5806620.62608639523387 ], [ 402952.574156288988888, 5806618.612669881433249 ], [ 402945.489974873897154, 5806613.577939766459167 ], [ 402938.477996303292457, 5806608.567173726856709 ], [ 402935.455876620719209, 5806605.863059328868985 ], [ 402928.54612503858516, 5806598.521677573211491 ], [ 402925.421778367599472, 5806594.549138670787215 ], [ 402919.77005534467753, 5806588.476181419566274 ], [ 402915.387680114421528, 5806579.747046110220253 ], [ 402914.674601331993472, 5806578.430685265921056 ], [ 402910.024434725288302, 5806568.385189111344516 ], [ 402905.373586228059139, 5806558.339692957699299 ], [ 402905.353581861301791, 5806558.284828135743737 ], [ 402901.755243008607067, 5806548.294196803122759 ], [ 402898.182756569527555, 5806538.248700649477541 ], [ 402895.319483608123846, 5806530.197498682886362 ], [ 402894.610246820026077, 5806528.203204495832324 ], [ 402891.037774335127324, 5806518.157708341255784 ], [ 402887.465292322973255, 5806508.112212187610567 ], [ 402885.285385355004109, 5806502.045477827079594 ], [ 402883.792481826676521, 5806498.066716033034027 ], [ 402879.840570563450456, 5806488.021219879388809 ], [ 402875.888659300282598, 5806477.975723724812269 ], [ 402875.251287101884373, 5806476.355565897189081 ], [ 402871.997627864941023, 5806467.930227571167052 ], [ 402868.271422869816888, 5806457.884731417521834 ], [ 402865.217188848706428, 5806449.592115233652294 ], [ 402864.571589736966416, 5806447.839235262945294 ], [ 402860.871690232306719, 5806437.793739109300077 ], [ 402857.171857099456247, 5806427.748242954723537 ], [ 402855.183090595586691, 5806422.34850043989718 ], [ 402853.472023966605775, 5806417.70274680107832 ], [ 402849.772124461946078, 5806407.657250647433102 ], [ 402846.072291329037398, 5806397.611754493787885 ], [ 402845.148992342466954, 5806395.104885646142066 ], [ 402842.395552269590553, 5806387.566258339211345 ], [ 402838.744743112009019, 5806377.520762184634805 ], [ 402835.11489408928901, 5806367.475810905918479 ], [ 402835.114698429300915, 5806367.475266030989587 ], [ 402831.266858350951225, 5806357.42976987734437 ], [ 402825.080795836169273, 5806351.651751140132546 ], [ 402815.046697582991328, 5806354.614202976226807 ], [ 402805.510232498345431, 5806357.42976987734437 ], [ 402805.012599329871591, 5806357.57669123634696 ], [ 402794.978501076693647, 5806360.539116417057812 ], [ 402784.94440282357391, 5806363.501605628058314 ], [ 402774.910304570395965, 5806366.464036399498582 ], [ 402771.485197375470307, 5806367.475266030058265 ], [ 402764.876206317276228, 5806369.426519069820642 ], [ 402754.842108064156491, 5806372.374945292249322 ], [ 402744.808009810920339, 5806375.317338407970965 ], [ 402737.294017080974299, 5806377.520762184634805 ], [ 402734.77391155785881, 5806378.259760038927197 ], [ 402724.739813304680865, 5806381.202167412266135 ], [ 402714.705715051619336, 5806384.260342570021749 ], [ 402704.671616798324976, 5806387.532918905839324 ], [ 402704.569395570724737, 5806387.566258339211345 ], [ 402694.637518545263447, 5806390.80555856693536 ], [ 402684.60342029214371, 5806394.078198438510299 ], [ 402674.569322038965765, 5806397.508648320101202 ], [ 402674.278644425619859, 5806397.611754492856562 ], [ 402664.535223785846028, 5806401.06781860627234 ], [ 402654.501125532726292, 5806404.627032525837421 ], [ 402645.958314272458665, 5806407.657250647433102 ], [ 402644.467027279548347, 5806408.186221288517118 ], [ 402634.43292902642861, 5806411.660631300881505 ], [ 402633.435427484393585, 5806407.657250648364425 ], [ 402634.43292902642861, 5806404.027792736887932 ], [ 402638.421889264369383, 5806397.611754492856562 ], [ 402639.096082328469492, 5806387.566258339211345 ], [ 402641.718012607365381, 5806377.520762184634805 ], [ 402644.467027279548347, 5806367.518354473635554 ], [ 402644.479667591047473, 5806367.475266030989587 ], [ 402647.239737998170312, 5806357.42976987734437 ], [ 402650.000599323306233, 5806347.38427372276783 ], [ 402652.761458998778835, 5806337.338777569122612 ], [ 402654.501125532668084, 5806331.008952951058745 ], [ 402655.522327511280309, 5806327.293281414546072 ], [ 402657.227377103816252, 5806317.247785260900855 ], [ 402654.768972795340233, 5806307.202289107255638 ], [ 402654.501125532668084, 5806305.314401147887111 ], [ 402653.942646206996869, 5806297.156792952679098 ], [ 402654.501125532668084, 5806296.12202659342438 ], [ 402659.364355045254342, 5806287.11129679903388 ], [ 402664.535223785846028, 5806277.530564303509891 ], [ 402664.7860638833954, 5806277.06580064445734 ], [ 402670.207765311934054, 5806267.020304490812123 ], [ 402674.569322038907558, 5806258.939076604321599 ], [ 402676.246724462660495, 5806256.974808337166905 ], [ 402684.60342029214371, 5806254.065318750217557 ], [ 402684.886097814072855, 5806246.929312182590365 ], [ 402684.60342029214371, 5806246.646313562989235 ], [ 402674.569322038965765, 5806246.49527248647064 ], [ 402664.535223785846028, 5806246.499712233431637 ], [ 402655.036101596953813, 5806236.883816028945148 ], [ 402654.501125532668084, 5806236.34823227673769 ], [ 402644.467027279548347, 5806236.20484880078584 ], [ 402634.43292902642861, 5806236.13698046002537 ], [ 402625.173379202198703, 5806226.838319874368608 ], [ 402624.398830773308873, 5806226.062891623005271 ], [ 402614.364732520130929, 5806226.005279717035592 ], [ 402604.330634266952984, 5806225.960045323707163 ], [ 402595.113004943588749, 5806216.792823720723391 ], [ 402594.296536013775039, 5806215.975427350029349 ], [ 402584.26243776071351, 5806215.861206168308854 ], [ 402574.228339507535566, 5806215.799807639792562 ], [ 402564.194241254415829, 5806215.756127196364105 ], [ 402555.064272320421878, 5806206.747327567078173 ], [ 402554.160143001237884, 5806205.84217123221606 ], [ 402544.126044748118147, 5806205.701068118214607 ], [ 402534.091946494881995, 5806205.650008169934154 ], [ 402524.900562633003574, 5806196.701831413432956 ], [ 402524.057848241820466, 5806195.858159768395126 ], [ 402514.023749988642521, 5806195.710568908601999 ], [ 402503.989651735464577, 5806195.589151222258806 ], [ 402494.765098920033779, 5806186.656335258856416 ], [ 402493.955553482403047, 5806185.845870245248079 ], [ 402483.921455229225103, 5806185.72540065087378 ], [ 402473.887356976047158, 5806185.619315451011062 ], [ 402464.662009256076999, 5806176.610839104279876 ], [ 402463.853258722927421, 5806175.801169897429645 ], [ 402453.819160469807684, 5806175.741041707806289 ], [ 402443.78506221662974, 5806175.650772304274142 ], [ 402433.750963963510003, 5806175.665981636382639 ], [ 402424.524279123230372, 5806166.565342949703336 ], [ 402423.716865710332058, 5806165.757012383081019 ], [ 402413.682767457212321, 5806165.683555196039379 ], [ 402403.648669204092585, 5806165.699027963913977 ], [ 402394.421188768115826, 5806156.519846796058118 ], [ 402393.614570950972848, 5806155.71231272816658 ], [ 402383.580472697794903, 5806155.707913607358932 ], [ 402373.546374444558751, 5806155.69691004883498 ], [ 402364.318098599498626, 5806146.474350642412901 ], [ 402363.512276191497222, 5806145.667612887918949 ], [ 402353.478177938377485, 5806145.656346034258604 ], [ 402343.44407968519954, 5806145.642272928729653 ], [ 402334.215008293802384, 5806136.428854488767684 ], [ 402333.409981432079803, 5806135.622913183644414 ], [ 402323.375883178901859, 5806135.608315611258149 ], [ 402313.341784925782122, 5806135.59379018470645 ], [ 402304.111917526985053, 5806126.383358334191144 ], [ 402303.307686672604177, 5806125.578213940374553 ], [ 402293.273588419426233, 5806125.560286255553365 ], [ 402283.239490166364703, 5806125.547713243402541 ], [ 402273.205391913186759, 5806125.598406201228499 ], [ 402263.171293660008814, 5806125.668378147296607 ], [ 402253.737657991237938, 5806116.337862181477249 ], [ 402253.137195406889077, 5806115.736717521212995 ], [ 402243.10309715376934, 5806115.808725594542921 ], [ 402233.068998900591396, 5806115.88269367814064 ], [ 402223.034900647471659, 5806115.957863564603031 ], [ 402213.000802394351922, 5806116.034221136011183 ], [ 402202.966704141173977, 5806116.111794766969979 ], [ 402193.409637473523617, 5806106.292366025038064 ], [ 402192.93260588805424, 5806105.814792571589351 ], [ 402182.898507634876296, 5806106.098151354119182 ], [ 402175.483030834991951, 5806106.292366025969386 ], [ 402174.608908142428845, 5806116.337862180545926 ], [ 402172.864409381756559, 5806119.283361593261361 ], [ 402168.653515439480543, 5806126.383358334191144 ], [ 402162.911241900641471, 5806136.428854488767684 ], [ 402162.830311128578614, 5806136.543910147622228 ], [ 402155.391389478521887, 5806146.474350642412901 ], [ 402152.796212875458878, 5806149.377517697401345 ], [ 402146.636284952051938, 5806156.519846796058118 ], [ 402142.762114622339141, 5806161.918378027155995 ], [ 402139.460981723153964, 5806166.565342950634658 ], [ 402132.728016369161196, 5806172.856808218173683 ], [ 402128.339091754984111, 5806176.610839104279876 ], [ 402122.693918116041459, 5806180.973004404455423 ], [ 402116.654190563072916, 5806186.656335258856416 ], [ 402112.659819862921722, 5806192.531653702259064 ], [ 402110.240656169422437, 5806196.701831413432956 ], [ 402104.056796377932187, 5806206.747327568009496 ], [ 402102.625721609743778, 5806208.916889383457601 ], [ 402097.0181531063281, 5806216.792823720723391 ], [ 402092.591623356565833, 5806222.267750663682818 ], [ 402088.896275311359204, 5806226.838319873437285 ], [ 402083.488212728523649, 5806236.883816028945148 ], [ 402082.557525103446096, 5806240.631845036521554 ], [ 402073.617401343362872, 5806246.929312182590365 ], [ 402072.523426850326359, 5806247.413110091350973 ], [ 402072.091909669106826, 5806246.929312182590365 ], [ 402063.410042550065555, 5806236.883816028013825 ], [ 402062.489328597206622, 5806235.700113746337593 ], [ 402055.5492480751127, 5806226.838319874368608 ], [ 402052.455230344028678, 5806222.400164094753563 ], [ 402048.392131394939497, 5806216.792823720723391 ], [ 402042.421132090850733, 5806210.098479611799121 ], [ 402039.370366006914992, 5806206.747327567078173 ], [ 402032.387033837730996, 5806199.076399270445108 ], [ 402029.990126178017817, 5806196.701831412501633 ], [ 402022.352935584611259, 5806189.363035029731691 ], [ 402019.062961650080979, 5806186.656335258856416 ], [ 402012.318837331433315, 5806181.1078658439219 ], [ 402006.852733955951408, 5806176.610839104279876 ], [ 402002.284739078313578, 5806172.852696659043431 ], [ 401994.687536613433622, 5806166.565342950634658 ], [ 401992.250640825135633, 5806164.524195443838835 ], [ 401982.713277887902223, 5806156.519846796058118 ], [ 401982.216542572015896, 5806156.102955598384142 ], [ 401972.182444318837952, 5806147.681809903122485 ], [ 401968.796470785804559, 5806146.474350642412901 ], [ 401962.148346065718215, 5806144.431205758824944 ], [ 401955.428078282566275, 5806146.474350642412901 ], [ 401952.114247812598478, 5806147.481772346422076 ], [ 401942.080149559420533, 5806150.523622339591384 ], [ 401932.046051306300797, 5806153.563907709904015 ], [ 401922.290327875700314, 5806156.519846796058118 ], [ 401922.011953053122852, 5806156.604193080216646 ], [ 401911.977854800003115, 5806159.644478450529277 ], [ 401901.943756546825171, 5806162.684763820841908 ], [ 401896.22415286838077, 5806166.565342950634658 ], [ 401891.909658293705434, 5806169.256232902407646 ], [ 401884.002284515067004, 5806176.610839104279876 ], [ 401881.875560040585697, 5806178.588879493996501 ], [ 401873.259758784144651, 5806186.656335258856416 ], [ 401871.841461787407752, 5806187.988069478422403 ], [ 401862.571622649847995, 5806196.701831412501633 ], [ 401861.807363534288015, 5806197.422619885765016 ], [ 401852.071895888424478, 5806206.747327567078173 ], [ 401851.773265281110071, 5806207.04678211081773 ], [ 401842.054039499606006, 5806216.792823720723391 ], [ 401841.739167027990334, 5806217.108564941212535 ], [ 401831.919545203039888, 5806226.838319874368608 ], [ 401831.705068774812389, 5806227.046301639638841 ], [ 401821.670970521692652, 5806234.469187501817942 ], [ 401818.245526747428812, 5806236.883816028945148 ], [ 401811.636872268572915, 5806241.542320642620325 ], [ 401803.99477062409278, 5806246.929312182590365 ], [ 401801.602774015394971, 5806248.615453783422709 ], [ 401791.568675762275234, 5806255.688596842810512 ], [ 401789.744034486473538, 5806256.974808337166905 ], [ 401781.534577509097289, 5806262.761797538027167 ], [ 401775.493368283379823, 5806267.020304490812123 ], [ 401771.50047925603576, 5806269.848081301897764 ], [ 401761.466381002799608, 5806277.023327444680035 ], [ 401761.408710730727762, 5806277.06580064445734 ], [ 401751.432282749679871, 5806284.358003092929721 ], [ 401747.898818219313398, 5806287.11129679903388 ], [ 401741.398184496560134, 5806292.176662975922227 ], [ 401735.006938584847376, 5806297.156792952679098 ], [ 401731.364086243382189, 5806300.051169721409678 ], [ 401722.137441514234524, 5806307.202289107255638 ], [ 401721.329987990262453, 5806307.873816828243434 ], [ 401711.295889737084508, 5806316.239612226374447 ], [ 401710.058608401508536, 5806317.247785260900855 ], [ 401701.261791483964771, 5806323.914296230301261 ], [ 401696.691193700768054, 5806327.293281414546072 ], [ 401691.227693230786826, 5806333.313751379027963 ], [ 401689.14605418080464, 5806337.338777569122612 ], [ 401684.3366470457986, 5806347.38427372276783 ], [ 401681.19359497766709, 5806354.216689778491855 ], [ 401678.8327015741379, 5806357.42976987734437 ], [ 401671.444880633905996, 5806367.475266030989587 ], [ 401671.159496724547353, 5806367.87269023898989 ], [ 401664.065346029121429, 5806377.520762184634805 ], [ 401661.125398471369408, 5806381.522922202944756 ], [ 401656.621226681745611, 5806387.566258339211345 ], [ 401651.091300218249671, 5806395.06181949749589 ], [ 401649.195746095036156, 5806397.611754492856562 ], [ 401641.727354279661085, 5806407.657250647433102 ], [ 401641.057201965071727, 5806408.55987685918808 ], [ 401634.260570422455203, 5806417.70274680107832 ], [ 401631.02310371195199, 5806422.057806640863419 ], [ 401626.792944124201313, 5806427.74824295565486 ], [ 401620.989005458774045, 5806435.555736422538757 ], [ 401619.325333550630603, 5806437.793739109300077 ], [ 401611.857777834171429, 5806447.839235262945294 ], [ 401610.954907205654308, 5806449.053793784230947 ], [ 401604.390160069684498, 5806457.884731417521834 ], [ 401600.920808952534571, 5806462.551723565906286 ], [ 401596.922533771488816, 5806467.930227570235729 ], [ 401590.886710699356627, 5806476.049653347581625 ], [ 401589.454921006166842, 5806477.975723724812269 ], [ 401581.987365289765876, 5806488.021219879388809 ], [ 401580.85261244623689, 5806489.547710709273815 ], [ 401574.519749716972001, 5806498.066716033034027 ], [ 401570.818514193058945, 5806503.045640490949154 ], [ 401567.018323995522223, 5806508.112212187610567 ], [ 401560.784415939939208, 5806516.484015851281583 ], [ 401559.495262173120864, 5806518.157708341255784 ], [ 401551.755900891614147, 5806528.203204495832324 ], [ 401550.750317686761264, 5806529.511290786787868 ], [ 401544.019970486231614, 5806538.248700649477541 ], [ 401540.716219433641527, 5806542.537775899283588 ], [ 401536.281908094184473, 5806548.294196803122759 ], [ 401530.68212118052179, 5806555.563956992700696 ], [ 401528.594414746679831, 5806558.339692957699299 ], [ 401520.938668198068626, 5806568.385189111344516 ], [ 401520.648022927343845, 5806568.762508551590145 ], [ 401513.409548646886833, 5806578.430685265921056 ], [ 401510.613924674224108, 5806582.164655217900872 ], [ 401505.888483874790836, 5806588.476181419566274 ], [ 401500.579826421104372, 5806595.566769351251423 ], [ 401498.40151599701494, 5806598.521677574142814 ], [ 401490.978964510199148, 5806608.567173727788031 ], [ 401490.545728167926427, 5806609.152393695898354 ], [ 401483.587767318298575, 5806618.612669881433249 ], [ 401480.511629914748482, 5806622.795141795650125 ], [ 401476.199434701120481, 5806628.658166036009789 ], [ 401470.477531661570538, 5806636.437882527709007 ], [ 401468.811073565273546, 5806638.703662189655006 ], [ 401461.422712429368403, 5806648.749158343300223 ], [ 401460.443433408509009, 5806650.080623258836567 ], [ 401454.034351293521468, 5806658.794654497876763 ], [ 401450.409335155331064, 5806663.723363991826773 ], [ 401446.646025047055446, 5806668.840150651521981 ], [ 401440.375236902153119, 5806677.366123855113983 ], [ 401439.257639382965863, 5806678.885646806098521 ], [ 401431.869346743449569, 5806688.931142959743738 ], [ 401430.341138649033383, 5806691.008945775218308 ], [ 401424.480961079359986, 5806698.976639113388956 ], [ 401420.55907078605378, 5806709.022135267965496 ], [ 401424.73987851687707, 5806719.067631421610713 ], [ 401428.505723335023504, 5806729.113127576187253 ], [ 401430.341138649033383, 5806734.009149150922894 ], [ 401432.27156815334456, 5806739.15862372983247 ], [ 401436.037412971607409, 5806749.204119883477688 ], [ 401439.803336705255788, 5806759.249616038054228 ], [ 401440.375236902211327, 5806760.775175774469972 ], [ 401443.639892185339704, 5806769.295112191699445 ], [ 401447.841893651115242, 5806779.340608346275985 ], [ 401450.409335155331064, 5806785.628919459879398 ], [ 401451.533798110147472, 5806789.386104499921203 ], [ 401453.250528157281224, 5806799.431600654497743 ], [ 401454.924493427271955, 5806809.47709680814296 ], [ 401456.598458697437309, 5806819.522592961788177 ], [ 401458.27242396742804, 5806829.568089116364717 ], [ 401460.443433408509009, 5806839.54383266158402 ], [ 401460.461156089964788, 5806839.613585270009935 ], [ 401462.965226638421882, 5806849.659081425517797 ], [ 401465.156683376873843, 5806859.704577578231692 ], [ 401468.10774116194807, 5806869.75007373187691 ], [ 401470.477531661628745, 5806876.548395149409771 ], [ 401471.609446934598964, 5806879.79556988645345 ], [ 401475.111230050213635, 5806889.841066040098667 ], [ 401478.702275425195694, 5806899.886562193743885 ], [ 401480.511629914748482, 5806902.783856021240354 ], [ 401490.545728167926427, 5806909.828474129550159 ], [ 401490.6911302334629, 5806909.932058348320425 ], [ 401500.579826421046164, 5806917.305047940462828 ], [ 401509.306079953152221, 5806919.977554501965642 ], [ 401510.613924674282316, 5806920.055506437085569 ], [ 401512.33207362156827, 5806919.977554501965642 ], [ 401520.648022927343845, 5806919.354084385558963 ], [ 401530.68212118052179, 5806919.007640576921403 ], [ 401540.716219433699735, 5806918.689770633354783 ], [ 401550.750317686761264, 5806918.234504978172481 ], [ 401560.784415939939208, 5806917.779260761104524 ], [ 401570.818514193058945, 5806917.32401654496789 ], [ 401580.85261244623689, 5806916.868764718063176 ], [ 401590.886710699356627, 5806916.413503520190716 ], [ 401600.920808952534571, 5806915.958259303122759 ], [ 401610.954907205654308, 5806915.503015086054802 ], [ 401620.989005458774045, 5806915.047770868986845 ], [ 401631.023103712010197, 5806914.59251347091049 ], [ 401641.057201965071727, 5806916.341830637305975 ], [ 401651.091300218249671, 5806918.770405458286405 ], [ 401661.125398471369408, 5806918.645242594182491 ], [ 401671.159496724547353, 5806918.520079731941223 ], [ 401681.19359497766709, 5806918.394889188930392 ], [ 401691.227693230786826, 5806918.269726325757802 ], [ 401701.261791483964771, 5806918.144558411091566 ], [ 401711.295889737084508, 5806918.019372918643057 ], [ 401721.329987990262453, 5806917.894210055470467 ], [ 401731.364086243382189, 5806917.769019513390958 ], [ 401741.398184496560134, 5806917.643856649287045 ], [ 401751.432282749679871, 5806917.518693785183132 ], [ 401761.466381002799608, 5806917.393503243103623 ], [ 401771.500479255977552, 5806917.26834037899971 ], [ 401781.534577509039082, 5806917.143177515827119 ], [ 401791.568675762275234, 5806917.017986973747611 ], [ 401801.602774015394971, 5806916.89282411057502 ], [ 401811.636872268572915, 5806915.903598666191101 ], [ 401821.670970521692652, 5806913.957790695130825 ], [ 401830.714419437688775, 5806909.932058348320425 ], [ 401831.705068774812389, 5806909.093944618478417 ], [ 401840.701828696473967, 5806899.886562194675207 ], [ 401841.739167027990334, 5806899.642082335427403 ], [ 401841.970638103375677, 5806899.886562194675207 ], [ 401850.514737332938239, 5806909.932058348320425 ], [ 401851.773265281110071, 5806910.390944505110383 ], [ 401860.62384942045901, 5806919.977554501965642 ], [ 401861.807363534288015, 5806920.900806948542595 ], [ 401871.387508672429249, 5806930.023050656542182 ], [ 401871.841461787407752, 5806938.491656234487891 ], [ 401871.932655732845888, 5806940.068546811118722 ], [ 401874.584503172780387, 5806950.114042965695262 ], [ 401877.260266628756654, 5806960.159539118409157 ], [ 401879.93603008473292, 5806970.205035272054374 ], [ 401881.875560040585697, 5806977.486523727886379 ], [ 401882.611793540650979, 5806980.250531426630914 ], [ 401885.287556996569037, 5806990.296027580276132 ], [ 401887.963320452487096, 5807000.341523734852672 ], [ 401890.639066782605369, 5807010.387019887566566 ], [ 401891.909658293705434, 5807015.157152708619833 ], [ 401893.314827755501028, 5807020.432516042143106 ], [ 401895.990591211477295, 5807030.478012196719646 ], [ 401898.666354667395353, 5807040.523508350364864 ], [ 401901.342118123313412, 5807050.569004504941404 ], [ 401901.943756546825171, 5807052.827708073891699 ], [ 401904.017881579289678, 5807060.614500658586621 ], [ 401906.693645035265945, 5807070.659996813163161 ], [ 401909.369408491184004, 5807080.705492966808379 ], [ 401911.977854799944907, 5807090.498263439163566 ], [ 401912.045171815552749, 5807090.750989120453596 ], [ 401914.720915794197936, 5807100.796485275030136 ], [ 401917.396679250174202, 5807110.841981428675354 ], [ 401920.072442706092261, 5807120.887477582320571 ], [ 401922.011953053122852, 5807128.168892421759665 ], [ 401922.74820616201032, 5807130.932973736897111 ], [ 401925.423969617986586, 5807140.978469890542328 ], [ 401928.099733073904645, 5807151.023966045118868 ], [ 401930.775496529822703, 5807161.069462198764086 ], [ 401932.046051306300797, 5807165.839447787031531 ], [ 401933.45125998579897, 5807171.114958353340626 ], [ 401936.127003832894843, 5807181.160454506985843 ], [ 401938.802767288871109, 5807191.205950660631061 ], [ 401941.478530744789168, 5807201.251446815207601 ], [ 401942.080149559362326, 5807203.510076767764986 ], [ 401944.154294200707227, 5807211.296942968852818 ], [ 401946.830057656625286, 5807221.342439123429358 ], [ 401949.505821112543344, 5807231.387935277074575 ], [ 401952.114247812598478, 5807241.180632133036852 ], [ 401952.181584568577819, 5807241.433431430719793 ], [ 401954.857348024495877, 5807251.47892758436501 ], [ 401957.533111480413936, 5807261.52442373894155 ], [ 401960.208855327509809, 5807271.56991989351809 ], [ 401962.148346065718215, 5807278.851261115632951 ], [ 401962.884618783427868, 5807281.615416047163308 ], [ 401965.560382239404134, 5807291.660912200808525 ], [ 401968.236145695322193, 5807301.706408355385065 ], [ 401970.91190915129846, 5807311.751904509030282 ], [ 401972.18244431889616, 5807316.521816480904818 ], [ 401973.587672607216518, 5807321.797400664538145 ], [ 401976.263436063134577, 5807331.84289681725204 ], [ 401978.939199519110844, 5807341.88839297182858 ], [ 401981.614944541826844, 5807351.933889125473797 ], [ 401982.216542572015896, 5807354.192445462569594 ], [ 401984.290706822124775, 5807361.979385279119015 ], [ 401986.966470278101042, 5807372.024881433695555 ], [ 401991.015768902318086, 5807382.07037758640945 ], [ 401992.250640825135633, 5807383.968068489804864 ], [ 402002.284739078313578, 5807390.089849014766514 ], [ 402005.605539703508839, 5807392.115873741917312 ], [ 402012.318837331433315, 5807396.29613983258605 ], [ 402018.869612015900202, 5807402.16136989556253 ], [ 402022.352935584611259, 5807406.630427356809378 ], [ 402026.699386819265783, 5807412.206866049207747 ], [ 402032.387033837730996, 5807418.519244432449341 ], [ 402035.96030277776299, 5807422.252362203784287 ], [ 402042.421132090850733, 5807428.866113787516952 ], [ 402045.773528325604275, 5807432.297858357429504 ], [ 402052.455230344028678, 5807439.137680375948548 ], [ 402055.586797114054207, 5807442.343354512006044 ], [ 402062.489328597206622, 5807449.40926297660917 ], [ 402065.400022661895491, 5807452.388850665651262 ], [ 402072.523426850326359, 5807459.680859701707959 ], [ 402075.213248209794983, 5807462.434346819296479 ], [ 402082.557525103446096, 5807469.952456428669393 ], [ 402085.026473757636268, 5807472.479842973873019 ], [ 402086.811005572206341, 5807482.525339127518237 ], [ 402087.251117048435844, 5807492.570835282094777 ], [ 402092.591623356565833, 5807495.51206580735743 ], [ 402102.625721609743778, 5807500.511764243245125 ], [ 402106.700422067078762, 5807502.616331435739994 ], [ 402112.659819862863515, 5807506.677655154839158 ], [ 402116.466723681078292, 5807512.661827589385211 ], [ 402122.057990800938569, 5807522.707323743961751 ], [ 402122.693918116041459, 5807523.368824060074985 ], [ 402128.435935297398828, 5807532.752819897606969 ], [ 402128.286989966931287, 5807542.798316052183509 ], [ 402128.243671037023887, 5807552.843812206760049 ], [ 402128.414505707216449, 5807562.889308359473944 ], [ 402126.866331983474083, 5807572.934804514050484 ], [ 402124.388702681229915, 5807582.980300667695701 ], [ 402122.693918116041459, 5807585.09676705673337 ], [ 402112.659819862863515, 5807588.203514171764255 ], [ 402102.625721609743778, 5807584.342452295124531 ], [ 402099.886023377650417, 5807582.980300667695701 ], [ 402092.591623356565833, 5807574.662303986027837 ], [ 402091.076694429386407, 5807572.934804514050484 ], [ 402082.557525103446096, 5807563.219624837860465 ], [ 402082.267873022763524, 5807562.889308359473944 ], [ 402073.617449439363554, 5807552.843812205828726 ], [ 402072.523426850326359, 5807551.655804234556854 ], [ 402068.422217237006407, 5807552.843812205828726 ], [ 402062.489328597148415, 5807554.350721246562898 ], [ 402052.455230344086885, 5807560.927121190354228 ], [ 402049.256671956100035, 5807562.889308359473944 ], [ 402042.421132090850733, 5807566.364854550920427 ], [ 402032.387033837730996, 5807570.720786988735199 ], [ 402027.286938807112165, 5807572.934804514050484 ], [ 402022.352935584611259, 5807575.076719426549971 ], [ 402012.318837331433315, 5807579.432651864364743 ], [ 402004.14665900520049, 5807582.980300667695701 ], [ 402002.284739078313578, 5807583.858873389661312 ], [ 401992.250640825135633, 5807588.374191200360656 ], [ 401986.739462714351248, 5807593.025796822272241 ], [ 401992.250640825135633, 5807596.319327656179667 ], [ 401996.591374583134893, 5807603.071292975917459 ], [ 402002.284739078313578, 5807607.597059776075184 ], [ 402009.228519420197699, 5807613.116789130493999 ], [ 402012.318837331433315, 5807615.573341683484614 ], [ 402021.865650526189711, 5807623.162285284139216 ], [ 402022.352935584611259, 5807623.549636483192444 ], [ 402032.387033837730996, 5807631.52593322750181 ], [ 402034.502781632181723, 5807633.207781437784433 ], [ 402042.421132090850733, 5807639.502213190309703 ], [ 402048.114445800660178, 5807643.253277592360973 ], [ 402052.455230344028678, 5807645.704927949234843 ], [ 402062.489328597148415, 5807649.680105784907937 ], [ 402072.523426850326359, 5807653.121893804520369 ], [ 402072.816633763490245, 5807653.298773746006191 ], [ 402082.557525103446096, 5807661.787021106109023 ], [ 402084.226271551277023, 5807663.344269900582731 ], [ 402092.591623356565833, 5807671.150688923895359 ], [ 402094.991016453306656, 5807673.389766054227948 ], [ 402102.625721609801985, 5807680.514356741681695 ], [ 402105.755761355394498, 5807683.435262207873166 ], [ 402112.659819862863515, 5807689.878024560399354 ], [ 402116.520506257424131, 5807693.480758362449706 ], [ 402122.693918116041459, 5807699.241692379117012 ], [ 402127.285251159453765, 5807703.526254516094923 ], [ 402132.728016369161196, 5807708.605360196903348 ], [ 402138.049996061599813, 5807713.571750670671463 ], [ 402142.762114622339141, 5807717.969028014689684 ], [ 402148.814740963629447, 5807723.61724682431668 ], [ 402152.796212875458878, 5807727.33269583247602 ], [ 402159.57948586565908, 5807733.662742977961898 ], [ 402162.830311128578614, 5807736.696363651193678 ], [ 402170.344230767688714, 5807743.708239132538438 ], [ 402172.864409381756559, 5807746.060031469911337 ], [ 402181.108975669718347, 5807753.753735286183655 ], [ 402182.898507634876296, 5807755.423699287697673 ], [ 402191.873720571864396, 5807763.799231440760195 ], [ 402192.93260588805424, 5807764.787367107346654 ], [ 402202.638465473835822, 5807773.844727594405413 ], [ 402202.966704141173977, 5807774.151034026406705 ], [ 402213.000802394351922, 5807783.396964937448502 ], [ 402213.653903925500344, 5807783.89022374805063 ], [ 402223.034900647471659, 5807792.289278134703636 ], [ 402225.354960720811505, 5807793.93571990262717 ], [ 402233.068998900591396, 5807800.656458901241422 ], [ 402238.237379614904057, 5807803.981216056272388 ], [ 402243.10309715376934, 5807807.141080835834146 ], [ 402253.137195406889077, 5807808.017640141770244 ], [ 402260.165744441270363, 5807814.026712210848927 ], [ 402263.171293660067022, 5807820.474262280389667 ], [ 402264.589754281623755, 5807824.072208363562822 ], [ 402268.550174186995719, 5807834.117704518139362 ], [ 402272.510594092367683, 5807844.163200672715902 ], [ 402273.205391913186759, 5807845.92553623393178 ], [ 402276.471013997797854, 5807854.20869682636112 ], [ 402280.431368151505012, 5807864.25419298093766 ], [ 402283.239490166364703, 5807867.604129731655121 ] ], [ [ 402754.842108064156491, 5806269.690249763429165 ], [ 402755.042569914250635, 5806267.020304490812123 ], [ 402754.842108064156491, 5806266.819614932872355 ], [ 402750.438018036424182, 5806267.020304490812123 ], [ 402754.842108064156491, 5806269.690249763429165 ] ], [ [ 402704.671616798383184, 5806258.179418748244643 ], [ 402714.705715051561128, 5806257.255202847532928 ], [ 402714.722326538001653, 5806256.974808338098228 ], [ 402714.705715051561128, 5806256.958177981898189 ], [ 402704.671616798383184, 5806256.882165897637606 ], [ 402695.830077530816197, 5806256.974808337166905 ], [ 402704.671616798383184, 5806258.179418748244643 ] ], [ [ 402122.693918116041459, 5806098.87361058127135 ], [ 402122.858864908572286, 5806096.246869872324169 ], [ 402122.693918116041459, 5806096.08173571433872 ], [ 402116.983746766403783, 5806096.246869872324169 ], [ 402122.693918116041459, 5806098.87361058127135 ] ] ] } },
{ "type": "Feature", "properties": { "id": 1, "cost_level": 600.0 }, "geometry": { "type": "Polygon", "coordinates": [ [ [ 402253.137195406947285, 5807497.486368270590901 ], [ 402258.399383734213188, 5807492.570835282094777 ], [ 402263.171293660067022, 5807489.6193184889853 ], [ 402273.205391913186759, 5807486.238429106771946 ], [ 402281.923602264258079, 5807482.525339127518237 ], [ 402283.239490166364703, 5807481.826148628257215 ], [ 402293.27358841948444, 5807477.691394614055753 ], [ 402303.307686672604177, 5807479.216573330573738 ], [ 402307.893190268485341, 5807482.525339127518237 ], [ 402313.341784925782122, 5807486.456886289641261 ], [ 402322.629511514795013, 5807492.570835282094777 ], [ 402323.375883178901859, 5807493.369635238312185 ], [ 402325.12383514654357, 5807492.570835282094777 ], [ 402333.409981432079803, 5807482.726565474644303 ], [ 402333.571462084189989, 5807482.525339127518237 ], [ 402341.520778560719918, 5807472.479842973873019 ], [ 402343.444079685141332, 5807469.879042309708893 ], [ 402347.536455411347561, 5807462.434346819296479 ], [ 402352.090186789864674, 5807452.388850665651262 ], [ 402353.478177938377485, 5807449.33302213717252 ], [ 402357.879863733367529, 5807442.343354512006044 ], [ 402360.887000181828626, 5807432.297858357429504 ], [ 402363.512276191497222, 5807427.046475012786686 ], [ 402367.078904514317401, 5807422.252362203784287 ], [ 402373.546374444616958, 5807417.737037484534085 ], [ 402381.467534241324756, 5807412.206866048276424 ], [ 402383.580472697794903, 5807410.731714405119419 ], [ 402393.61457095091464, 5807403.847090106457472 ], [ 402396.500651084643323, 5807402.16136989556253 ], [ 402403.648669204092585, 5807397.760457698255777 ], [ 402413.682767457212321, 5807397.931082071736455 ], [ 402423.716865710390266, 5807399.566972085274756 ], [ 402432.057331764372066, 5807392.11587374098599 ], [ 402433.750963963510003, 5807390.647037646733224 ], [ 402443.267224716139026, 5807382.07037758640945 ], [ 402443.785062216571532, 5807381.60366946272552 ], [ 402453.819160469807684, 5807372.560301279649138 ], [ 402454.413237281667534, 5807372.024881433695555 ], [ 402463.853258722985629, 5807363.516933095641434 ], [ 402465.559231276914943, 5807361.979385280050337 ], [ 402473.887356976163574, 5807354.785889997147024 ], [ 402477.53583470848389, 5807351.933889125473797 ], [ 402483.921455229225103, 5807347.080521373078227 ], [ 402490.752786245080642, 5807341.88839297182858 ], [ 402493.955553482403047, 5807339.454141330905259 ], [ 402503.969737781677395, 5807331.84289681725204 ], [ 402503.989651735522784, 5807331.824057444930077 ], [ 402514.023749988642521, 5807323.092739851213992 ], [ 402515.663044404122047, 5807321.797400663606822 ], [ 402519.965992849553004, 5807311.751904509030282 ], [ 402524.057848241878673, 5807306.511412650346756 ], [ 402528.890406115911901, 5807301.706408355385065 ], [ 402534.091946494940203, 5807299.746117961592972 ], [ 402544.126044748118147, 5807295.964530079625547 ], [ 402553.53503102430841, 5807291.660912200808525 ], [ 402549.722104573971592, 5807281.615416047163308 ], [ 402545.561526862962637, 5807271.56991989351809 ], [ 402544.126044748118147, 5807268.176971204578876 ], [ 402541.311269591911696, 5807261.52442373894155 ], [ 402536.990276860422455, 5807251.478927585296333 ], [ 402535.288463959819637, 5807241.433431430719793 ], [ 402534.091946494881995, 5807237.204449418932199 ], [ 402532.089480324648321, 5807231.387935277074575 ], [ 402528.885655661346391, 5807221.342439123429358 ], [ 402529.800218617834616, 5807211.296942968852818 ], [ 402534.091946494940203, 5807208.30338628962636 ], [ 402544.126044748118147, 5807204.164713093079627 ], [ 402554.160143001237884, 5807204.566444341093302 ], [ 402564.194241254357621, 5807204.934377523139119 ], [ 402574.228339507535566, 5807205.277515381574631 ], [ 402584.262437760655303, 5807205.620653240941465 ], [ 402594.296536013833247, 5807205.963791099376976 ], [ 402604.330634266952984, 5807206.306928958743811 ], [ 402614.364732520130929, 5807206.650066817179322 ], [ 402624.398830773250666, 5807207.103132631629705 ], [ 402634.43292902642861, 5807207.903737818822265 ], [ 402644.467027279548347, 5807208.508362218737602 ], [ 402654.501125532668084, 5807208.727149207144976 ], [ 402664.535223785846028, 5807209.204393410123885 ], [ 402674.569322038965765, 5807209.676769057288766 ], [ 402684.60342029214371, 5807210.124213514849544 ], [ 402694.637518545263447, 5807210.571657973341644 ], [ 402704.671616798383184, 5807211.019102430902421 ], [ 402710.902287909993902, 5807211.296942967921495 ], [ 402714.705715051561128, 5807211.466546889394522 ], [ 402724.739813304680865, 5807211.913991346023977 ], [ 402734.77391155785881, 5807212.361435804516077 ], [ 402744.808009810978547, 5807212.808912408538163 ], [ 402754.842108064098284, 5807213.25635686609894 ], [ 402759.837194642459508, 5807211.296942968852818 ], [ 402757.32740569737507, 5807201.251446815207601 ], [ 402754.842108064214699, 5807194.294748524203897 ], [ 402753.739116429002024, 5807191.205950660631061 ], [ 402750.147481791791506, 5807181.160454506985843 ], [ 402746.699493716354482, 5807171.114958353340626 ], [ 402747.04699091904331, 5807161.069462198764086 ], [ 402748.637042089481838, 5807151.023966045118868 ], [ 402750.227173642604612, 5807140.978469890542328 ], [ 402751.817305195669178, 5807130.932973736897111 ], [ 402753.407436748791952, 5807120.887477583251894 ], [ 402754.842108064156491, 5807111.823627658188343 ], [ 402754.997487919172272, 5807110.841981428675354 ], [ 402756.601985647284891, 5807100.796485275030136 ], [ 402760.003308113897219, 5807090.750989120453596 ], [ 402764.876206317276228, 5807088.210369324311614 ], [ 402774.910304570395965, 5807084.385789449326694 ], [ 402784.565863536496181, 5807080.705492966808379 ], [ 402784.94440282357391, 5807080.561209574341774 ], [ 402794.978501076693647, 5807076.79680453799665 ], [ 402805.012599329871591, 5807073.331757714040577 ], [ 402812.749496621021535, 5807070.659996813163161 ], [ 402815.046697582991328, 5807069.866710889153183 ], [ 402825.080795836169273, 5807066.399551233276725 ], [ 402835.11489408928901, 5807062.876529802568257 ], [ 402841.529176063253544, 5807060.614500658586621 ], [ 402837.57362598303007, 5807050.569004504010081 ], [ 402836.105546754435636, 5807040.523508350364864 ], [ 402835.603714774653781, 5807030.478012196719646 ], [ 402835.11489408928901, 5807028.013940546661615 ], [ 402832.564530050149187, 5807020.432516042143106 ], [ 402829.13091787637677, 5807010.387019888497889 ], [ 402825.437297919299453, 5807000.341523734852672 ], [ 402825.080795836169273, 5806999.933894817717373 ], [ 402817.371894166513812, 5806990.296027580276132 ], [ 402815.046697583049536, 5806987.669246643781662 ], [ 402808.479701092117466, 5806980.250531426630914 ], [ 402805.012599329813384, 5806976.333757502958179 ], [ 402800.088452366704587, 5806970.205035272054374 ], [ 402795.047319921315648, 5806960.159539118409157 ], [ 402794.978501076693647, 5806959.961406103335321 ], [ 402791.567881314083934, 5806950.114042964763939 ], [ 402788.088628144352697, 5806940.068546810187399 ], [ 402784.94440282357391, 5806930.990391205996275 ], [ 402784.609363771392964, 5806930.023050656542182 ], [ 402774.910304570337757, 5806920.53515577595681 ], [ 402774.188338098931126, 5806919.977554501965642 ], [ 402765.494474312465172, 5806909.932058348320425 ], [ 402764.876206317276228, 5806907.770406709983945 ], [ 402763.226322779548354, 5806899.886562194675207 ], [ 402761.916781990439631, 5806889.841066040098667 ], [ 402761.0170620327699, 5806879.79556988645345 ], [ 402761.530549126327969, 5806869.75007373187691 ], [ 402764.876206317276228, 5806865.301678189076483 ], [ 402767.241004762821831, 5806859.704577578231692 ], [ 402768.733435829752125, 5806849.659081424586475 ], [ 402770.808352819236461, 5806839.613585270009935 ], [ 402774.910304570395965, 5806834.090419226326048 ], [ 402777.10662808798952, 5806829.568089116364717 ], [ 402780.91277083568275, 5806819.522592961788177 ], [ 402781.02445193065796, 5806809.47709680814296 ], [ 402775.408387886767741, 5806799.431600655429065 ], [ 402774.910304570395965, 5806798.704912383109331 ], [ 402768.692530405765865, 5806789.386104499921203 ], [ 402764.876206317334436, 5806785.084771344438195 ], [ 402760.606872786476742, 5806779.340608346275985 ], [ 402754.842108064156491, 5806776.338087370619178 ], [ 402744.808009810978547, 5806770.262487338855863 ], [ 402743.54666377074318, 5806769.295112191699445 ], [ 402734.77391155785881, 5806762.47272767405957 ], [ 402732.797599708894268, 5806759.249616038054228 ], [ 402724.739813304622658, 5806755.402156434953213 ], [ 402718.77233172475826, 5806759.249616038054228 ], [ 402714.705715051561128, 5806763.199773436412215 ], [ 402704.671616798383184, 5806767.479828767478466 ], [ 402694.637518545263447, 5806765.321903925389051 ], [ 402684.60342029214371, 5806762.118896588683128 ], [ 402675.614841138478369, 5806759.249616038054228 ], [ 402674.569322039023973, 5806758.915871675126255 ], [ 402664.535223785787821, 5806755.650677866302431 ], [ 402654.501125532668084, 5806750.97331606131047 ], [ 402648.794894201564603, 5806749.204119883477688 ], [ 402644.467027279548347, 5806748.012346155941486 ], [ 402634.43292902642861, 5806745.280559061095119 ], [ 402624.398830773250666, 5806744.237070046365261 ], [ 402614.364732520130929, 5806741.283321559429169 ], [ 402604.330634266952984, 5806743.114293220452964 ], [ 402594.296536013833247, 5806746.250071339309216 ], [ 402584.262437760655303, 5806748.913236355409026 ], [ 402581.401330301421694, 5806749.204119883477688 ], [ 402574.228339507535566, 5806750.020590248517692 ], [ 402573.555532636528369, 5806749.204119883477688 ], [ 402572.430540623725392, 5806739.15862372983247 ], [ 402572.271726445120294, 5806729.113127576187253 ], [ 402564.194241254415829, 5806722.388124948367476 ], [ 402560.20595474075526, 5806719.067631421610713 ], [ 402554.160143001237884, 5806714.034121749922633 ], [ 402548.140183036390226, 5806709.022135267965496 ], [ 402544.126044748118147, 5806705.68011855147779 ], [ 402536.074411332025193, 5806698.976639113388956 ], [ 402534.091946494940203, 5806697.326115352101624 ], [ 402524.057848241820466, 5806688.97211224399507 ], [ 402524.008639497507829, 5806688.931142959743738 ], [ 402517.252415654540528, 5806678.885646806098521 ], [ 402514.023749988642521, 5806670.192403903231025 ], [ 402513.521523869654629, 5806668.840150651521981 ], [ 402509.489122758270241, 5806658.794654497876763 ], [ 402505.610532980761491, 5806648.749158344231546 ], [ 402507.234973869984969, 5806638.703662189655006 ], [ 402511.495466227526776, 5806628.658166036009789 ], [ 402514.023749988642521, 5806622.696914924308658 ], [ 402515.755953609128483, 5806618.612669880501926 ], [ 402520.016422118234914, 5806608.567173727788031 ], [ 402524.057848241820466, 5806599.03819745592773 ], [ 402524.276914475834928, 5806598.521677573211491 ], [ 402528.537406833376735, 5806588.476181419566274 ], [ 402532.79789919097675, 5806578.430685265921056 ], [ 402534.091946494940203, 5806575.379547949880362 ], [ 402537.058391548576765, 5806568.385189111344516 ], [ 402541.318883906234987, 5806558.339692957699299 ], [ 402544.126044748118147, 5806551.720898443832994 ], [ 402545.579376263776794, 5806548.294196802191436 ], [ 402549.839868621376809, 5806538.248700649477541 ], [ 402554.100360978976823, 5806528.203204495832324 ], [ 402554.160143001237884, 5806528.045502251014113 ], [ 402558.085411096573807, 5806518.157708341255784 ], [ 402554.160143001237884, 5806508.716627785935998 ], [ 402553.655973258719314, 5806508.112212187610567 ], [ 402547.547247342998162, 5806498.066716033034027 ], [ 402544.126044748118147, 5806489.815592117607594 ], [ 402543.382035686867312, 5806488.021219879388809 ], [ 402539.216859584674239, 5806477.975723724812269 ], [ 402535.051681985962205, 5806467.930227571167052 ], [ 402534.091946494940203, 5806465.615574684925377 ], [ 402530.886470329714939, 5806457.884731417521834 ], [ 402526.721277151023969, 5806447.839235262945294 ], [ 402524.057848241820466, 5806441.415617782622576 ], [ 402522.556106210511643, 5806437.793739109300077 ], [ 402518.390904972562566, 5806427.748242953792214 ], [ 402514.225694717373699, 5806417.70274680107832 ], [ 402514.023749988642521, 5806417.229047445580363 ], [ 402509.884606787236407, 5806407.657250647433102 ], [ 402505.607909869169816, 5806397.611754492856562 ], [ 402503.989651735522784, 5806393.908754800446332 ], [ 402501.21789982134942, 5806387.566258339211345 ], [ 402493.955553482403047, 5806380.864233483560383 ], [ 402489.793922149227001, 5806377.520762184634805 ], [ 402483.921455229166895, 5806372.927264105528593 ], [ 402476.951511904830113, 5806367.475266030989587 ], [ 402473.887356976105366, 5806365.078436387702823 ], [ 402464.091687306587119, 5806357.42976987734437 ], [ 402463.853258722927421, 5806357.243340130895376 ], [ 402453.819160469807684, 5806349.468763757497072 ], [ 402451.128803235420492, 5806347.38427372276783 ], [ 402443.78506221662974, 5806341.69433977175504 ], [ 402438.16353460715618, 5806337.338777569122612 ], [ 402433.750963963510003, 5806333.919915785081685 ], [ 402423.716865710390266, 5806335.665089314803481 ], [ 402420.550291008548811, 5806337.338777569122612 ], [ 402413.682767457212321, 5806340.968596721068025 ], [ 402403.648669204034377, 5806346.272104127332568 ], [ 402401.54447321878979, 5806347.38427372276783 ], [ 402393.61457095091464, 5806351.575611533597112 ], [ 402383.580472697794903, 5806356.779701236635447 ], [ 402382.102363901853096, 5806357.42976987734437 ], [ 402373.546374444616958, 5806360.886298142373562 ], [ 402363.512276191497222, 5806363.828679407015443 ], [ 402353.478177938377485, 5806366.013285724446177 ], [ 402344.924552825163119, 5806367.475266030989587 ], [ 402343.44407968519954, 5806367.710445395670831 ], [ 402342.778974243672565, 5806367.475266030989587 ], [ 402333.409981432079803, 5806364.939405845478177 ], [ 402323.375883178901859, 5806364.312394354492426 ], [ 402313.341784925782122, 5806364.403213864192367 ], [ 402303.307686672662385, 5806363.558924375101924 ], [ 402296.231949298060499, 5806357.42976987734437 ], [ 402293.273588419426233, 5806354.56163773406297 ], [ 402284.531082950299606, 5806347.38427372276783 ], [ 402283.239490166422911, 5806346.452159431762993 ], [ 402273.205391913186759, 5806339.860384646803141 ], [ 402263.171293660067022, 5806337.807044995948672 ], [ 402253.137195406889077, 5806346.173276274465024 ], [ 402251.621963930199854, 5806347.38427372276783 ], [ 402243.10309715376934, 5806357.42866730876267 ], [ 402243.102469880541321, 5806357.42976987734437 ], [ 402237.460225339164026, 5806367.475266030989587 ], [ 402233.068998900591396, 5806375.293548453599215 ], [ 402231.818059206998441, 5806377.520762184634805 ], [ 402226.175814665679354, 5806387.566258339211345 ], [ 402223.034900647471659, 5806393.158443849533796 ], [ 402220.53364853351377, 5806397.611754492856562 ], [ 402214.891403992194682, 5806407.657250648364425 ], [ 402213.000802394351922, 5806411.023339244537055 ], [ 402209.249237860087305, 5806417.70274680107832 ], [ 402203.606993318651803, 5806427.748242954723537 ], [ 402202.96670414111577, 5806428.888234638608992 ], [ 402197.964827186544426, 5806437.793739109300077 ], [ 402192.932605888112448, 5806446.753145127557218 ], [ 402192.322582645225339, 5806447.839235262945294 ], [ 402186.680367656343151, 5806457.884731417521834 ], [ 402182.898507634876296, 5806464.61802542861551 ], [ 402181.038171971682459, 5806467.930227572098374 ], [ 402175.395927430363372, 5806477.975723724812269 ], [ 402172.864409381756559, 5806482.48292082361877 ], [ 402169.753761298197787, 5806488.021219879388809 ], [ 402164.1115167568787, 5806498.066716033034027 ], [ 402162.830311128578614, 5806500.347816219553351 ], [ 402158.469350624713115, 5806508.112212187610567 ], [ 402152.868577693006955, 5806518.157708341255784 ], [ 402162.830311128520407, 5806521.345685547217727 ], [ 402172.864409381756559, 5806519.091154743917286 ], [ 402177.018732192111202, 5806518.157708341255784 ], [ 402182.898507634876296, 5806516.836565162986517 ], [ 402185.004376283846796, 5806518.157708341255784 ], [ 402192.932605888112448, 5806522.954563982784748 ], [ 402202.96670414111577, 5806523.135299203917384 ], [ 402208.157226436363999, 5806528.203204495832324 ], [ 402213.000802394351922, 5806535.281937121413648 ], [ 402218.23328388761729, 5806538.248700649477541 ], [ 402223.034900647471659, 5806539.464400928467512 ], [ 402233.068998900591396, 5806541.548273622989655 ], [ 402243.10309715376934, 5806542.859690582379699 ], [ 402253.137195406889077, 5806544.734931947663426 ], [ 402263.171293660067022, 5806546.610177800059319 ], [ 402264.576351928873919, 5806548.294196803122759 ], [ 402267.593036101141479, 5806558.339692957699299 ], [ 402268.309015716600697, 5806568.385189111344516 ], [ 402270.268251828907523, 5806578.430685265921056 ], [ 402266.266893783118576, 5806588.476181419566274 ], [ 402263.171293660067022, 5806596.247762564569712 ], [ 402261.361797673511319, 5806598.521677574142814 ], [ 402253.137195406889077, 5806603.283781863749027 ], [ 402243.10309715376934, 5806606.733468455262482 ], [ 402240.288985434628557, 5806608.567173727788031 ], [ 402233.068998900591396, 5806613.271794117987156 ], [ 402224.872552853892557, 5806618.612669881433249 ], [ 402223.034900647471659, 5806619.810102440416813 ], [ 402213.000802394351922, 5806626.348421229980886 ], [ 402209.456128745921887, 5806628.658166036009789 ], [ 402202.966704141173977, 5806632.886731733568013 ], [ 402192.932605888112448, 5806637.217740727588534 ], [ 402182.898507634876296, 5806634.003365281037986 ], [ 402175.054019284259994, 5806628.658166036009789 ], [ 402172.864409381756559, 5806625.574428083375096 ], [ 402162.830311128578614, 5806618.839918076992035 ], [ 402162.465896885783877, 5806618.612669881433249 ], [ 402158.450914154294878, 5806608.567173727788031 ], [ 402154.654270623927005, 5806598.521677573211491 ], [ 402152.796212875458878, 5806593.682797565124929 ], [ 402150.802999322302639, 5806588.476181419566274 ], [ 402146.9725316115655, 5806578.430685266852379 ], [ 402142.777756187075283, 5806568.385189110413194 ], [ 402142.762114622339141, 5806568.351685428991914 ], [ 402137.517207590164617, 5806558.339692957699299 ], [ 402132.728016369161196, 5806549.128186091780663 ], [ 402122.693918116041459, 5806549.795922880060971 ], [ 402112.659819862863515, 5806556.986862745136023 ], [ 402110.772106778575107, 5806558.339692957699299 ], [ 402102.62572160968557, 5806564.177802609279752 ], [ 402096.754815950524062, 5806568.385189111344516 ], [ 402092.591623356565833, 5806570.359983156435192 ], [ 402086.012389924144372, 5806568.385189112275839 ], [ 402082.557525103446096, 5806567.196259887889028 ], [ 402079.278794208250474, 5806558.339692957699299 ], [ 402082.557525103446096, 5806550.718745116144419 ], [ 402086.015488567121793, 5806548.294196803122759 ], [ 402092.591623356565833, 5806539.154564749449492 ], [ 402099.642783583083656, 5806538.248700649477541 ], [ 402102.625721609743778, 5806537.865481947548687 ], [ 402112.659819862921722, 5806535.0439722687006 ], [ 402122.693918116041459, 5806530.452281482517719 ], [ 402125.438509337313008, 5806528.203204495832324 ], [ 402127.31802609260194, 5806518.157708341255784 ], [ 402128.284215802559629, 5806508.112212187610567 ], [ 402129.718980708916206, 5806498.066716033034027 ], [ 402128.078841185139026, 5806488.021219879388809 ], [ 402127.111349539714865, 5806477.975723724812269 ], [ 402122.693918116041459, 5806475.762117610312998 ], [ 402121.100644674850628, 5806477.975723725743592 ], [ 402114.217227023502346, 5806488.021219879388809 ], [ 402112.659819862863515, 5806488.593198791146278 ], [ 402106.121949402615428, 5806498.066716033034027 ], [ 402102.625721609743778, 5806501.994218438863754 ], [ 402092.591623356565833, 5806507.251534420996904 ], [ 402082.557525103446096, 5806498.743015561252832 ], [ 402081.660943016642705, 5806498.066716033034027 ], [ 402072.523426850326359, 5806490.462905893102288 ], [ 402062.489328597090207, 5806491.270404141396284 ], [ 402052.455230344028678, 5806497.026897726580501 ], [ 402051.258806858561002, 5806498.066716033034027 ], [ 402042.421132090850733, 5806503.881961522623897 ], [ 402034.288170323125087, 5806508.112212186679244 ], [ 402032.387033837730996, 5806508.907233358360827 ], [ 402022.352935584611259, 5806513.103354359045625 ], [ 402012.318837331433315, 5806517.2994753587991 ], [ 402010.266542252211366, 5806518.157708341255784 ], [ 402002.284739078313578, 5806521.49555523134768 ], [ 401992.250640825077426, 5806525.691676231101155 ], [ 401985.79521097621182, 5806528.203204495832324 ], [ 401982.216542572015896, 5806529.409761747345328 ], [ 401972.182444318837952, 5806530.036847906187177 ], [ 401962.148346065718215, 5806531.012073773890734 ], [ 401952.114247812598478, 5806531.233472319319844 ], [ 401942.080149559420533, 5806533.424952224828303 ], [ 401932.046051306300797, 5806536.947721277363598 ], [ 401928.340399689390324, 5806538.248700649477541 ], [ 401922.011953053064644, 5806540.470490330830216 ], [ 401911.977854800061323, 5806543.83470799587667 ], [ 401901.943756546825171, 5806547.138784950599074 ], [ 401898.329044582438655, 5806548.294196803122759 ], [ 401891.909658293705434, 5806550.346098884940147 ], [ 401881.875560040585697, 5806553.71214303560555 ], [ 401871.841461787407752, 5806557.436934914439917 ], [ 401871.364741111465264, 5806558.339692957699299 ], [ 401864.106366055086255, 5806568.385189111344516 ], [ 401861.807363534346223, 5806570.419038948602974 ], [ 401855.750816523563117, 5806578.430685265921056 ], [ 401851.773265281110071, 5806587.095938423648477 ], [ 401850.425008792721201, 5806588.476181419566274 ], [ 401843.273022589390166, 5806598.521677573211491 ], [ 401841.739167027990334, 5806601.554022077471018 ], [ 401838.454859369318001, 5806608.567173726856709 ], [ 401834.288144722348079, 5806618.612669881433249 ], [ 401832.132431162637658, 5806628.658166036009789 ], [ 401831.705068774812389, 5806631.525273817591369 ], [ 401830.632637329807039, 5806638.703662189655006 ], [ 401829.135603548318613, 5806648.749158343300223 ], [ 401827.635822565760463, 5806658.794654497876763 ], [ 401826.136041583027691, 5806668.840150651521981 ], [ 401824.636260600411333, 5806678.885646806098521 ], [ 401823.136479617736768, 5806688.931142959743738 ], [ 401821.670970521634445, 5806698.747086859308183 ], [ 401821.636698635062203, 5806698.976639113388956 ], [ 401820.136917652445845, 5806709.022135267034173 ], [ 401821.670970521692652, 5806709.799275396391749 ], [ 401831.705068774812389, 5806712.740973562002182 ], [ 401841.739167027990334, 5806712.945732040330768 ], [ 401851.773265281110071, 5806715.928614621981978 ], [ 401853.5682549191406, 5806719.067631421610713 ], [ 401853.728299900831189, 5806729.113127576187253 ], [ 401853.888370042957831, 5806739.15862372983247 ], [ 401854.048440185026266, 5806749.204119883477688 ], [ 401854.208510327152908, 5806759.249616038054228 ], [ 401854.368555308901705, 5806769.295112191699445 ], [ 401854.528625450970139, 5806779.340608347207308 ], [ 401854.688695593038574, 5806789.386104499921203 ], [ 401854.848758023348637, 5806799.431600654497743 ], [ 401858.127199089969508, 5806809.47709680814296 ], [ 401861.807363534288015, 5806813.364088235422969 ], [ 401867.638173955027014, 5806819.522592961788177 ], [ 401871.84146178746596, 5806823.96210756059736 ], [ 401877.149159770691767, 5806829.568089116364717 ], [ 401881.875560040585697, 5806834.560105018317699 ], [ 401886.660144387162291, 5806839.613585270009935 ], [ 401891.909658293705434, 5806845.158124342560768 ], [ 401896.171128044312354, 5806849.659081424586475 ], [ 401901.943756546825171, 5806855.283207904547453 ], [ 401907.674610128393397, 5806859.704577578231692 ], [ 401911.977854800061323, 5806862.914289468899369 ], [ 401921.142556560051162, 5806869.75007373187691 ], [ 401922.011953053122852, 5806870.398540754802525 ], [ 401932.046051306300797, 5806877.882788329385221 ], [ 401934.610509673308115, 5806879.79556988645345 ], [ 401942.080149559420533, 5806885.367023828439415 ], [ 401948.078475566755515, 5806889.841066040098667 ], [ 401952.11424781254027, 5806892.851275115273893 ], [ 401961.546421998471487, 5806899.886562194675207 ], [ 401962.148346065718215, 5806900.335526402108371 ], [ 401972.182444318837952, 5806907.81977768894285 ], [ 401975.014368430129252, 5806909.932058348320425 ], [ 401982.216542572015896, 5806915.304028974846005 ], [ 401988.482314861845225, 5806919.977554501965642 ], [ 401992.250640825135633, 5806929.411122992634773 ], [ 401992.480992590251844, 5806930.023050656542182 ], [ 401993.752928518690169, 5806940.068546810187399 ], [ 401995.024882272118703, 5806950.114042964763939 ], [ 401996.296815077657811, 5806960.159539118409157 ], [ 401997.568747883138712, 5806970.205035272985697 ], [ 401998.840680688619614, 5806980.250531426630914 ], [ 402000.112613494158722, 5806990.296027580276132 ], [ 402001.384568725945428, 5807000.341523733921349 ], [ 402002.284739078313578, 5807007.450889552943408 ], [ 402002.656503741571214, 5807010.387019887566566 ], [ 402003.692817168252077, 5807020.432516042143106 ], [ 402002.69168530224124, 5807030.478012196719646 ], [ 402002.284739078313578, 5807033.89983275718987 ], [ 402001.497004168340936, 5807040.523508349433541 ], [ 402000.30229874770157, 5807050.569004504941404 ], [ 402000.39923147612717, 5807060.614500658586621 ], [ 402002.284739078313578, 5807067.693175466731191 ], [ 402003.074994932045229, 5807070.659996813163161 ], [ 402005.750758388079703, 5807080.705492966808379 ], [ 402008.426521843939554, 5807090.750989120453596 ], [ 402011.102285299857613, 5807100.796485275030136 ], [ 402012.318837331375107, 5807105.363730831071734 ], [ 402013.778048755833879, 5807110.841981428675354 ], [ 402016.453812211751938, 5807120.887477583251894 ], [ 402019.129575667728204, 5807130.932973736897111 ], [ 402021.805320584971923, 5807140.978469890542328 ], [ 402022.352935584611259, 5807143.034359812736511 ], [ 402024.481082970742136, 5807151.023966045118868 ], [ 402027.156846426718403, 5807161.069462198764086 ], [ 402029.832609882636461, 5807171.114958353340626 ], [ 402032.387033837730996, 5807180.704915178008378 ], [ 402032.50837333855452, 5807181.160454506985843 ], [ 402035.184136794472579, 5807191.205950660631061 ], [ 402037.859900250390638, 5807201.251446815207601 ], [ 402040.535663706366904, 5807211.296942967921495 ], [ 402042.421132090850733, 5807218.375470543280244 ], [ 402043.211425617919303, 5807221.342439123429358 ], [ 402045.887171009380836, 5807231.387935277074575 ], [ 402049.933364574273583, 5807241.43343142978847 ], [ 402052.455230344086885, 5807245.187999223358929 ], [ 402062.489328597148415, 5807251.30977974832058 ], [ 402062.766574099601712, 5807251.478927585296333 ], [ 402072.523426850326359, 5807257.431574821472168 ], [ 402079.23192521056626, 5807261.52442373894155 ], [ 402082.557525103446096, 5807263.553376506082714 ], [ 402092.591623356565833, 5807269.675157030113041 ], [ 402095.6972763214726, 5807271.56991989351809 ], [ 402102.625721609743778, 5807275.796973262913525 ], [ 402112.162624532356858, 5807281.615416047163308 ], [ 402112.659819862863515, 5807281.918753787875175 ], [ 402122.693918116041459, 5807288.040547180920839 ], [ 402128.627978543401696, 5807291.660912200808525 ], [ 402132.728016369161196, 5807294.32218287140131 ], [ 402140.639891078346409, 5807301.706408355385065 ], [ 402142.762114622280933, 5807304.429178569465876 ], [ 402148.469706585630774, 5807311.75190450809896 ], [ 402152.796212875458878, 5807317.302725248038769 ], [ 402156.299522093031555, 5807321.797400663606822 ], [ 402162.830311128578614, 5807330.176315483637154 ], [ 402164.129302165762056, 5807331.84289681725204 ], [ 402171.959112403681502, 5807341.88839297182858 ], [ 402172.864409381756559, 5807343.049870825372636 ], [ 402179.927049841848202, 5807351.933889125473797 ], [ 402182.898507634876296, 5807355.102041505277157 ], [ 402189.616834395099431, 5807361.979385279119015 ], [ 402192.93260588805424, 5807365.373638231307268 ], [ 402195.997513480251655, 5807372.024881433695555 ], [ 402194.261630485125352, 5807382.070377587340772 ], [ 402192.93260588805424, 5807385.238034967333078 ], [ 402190.046931151358876, 5807392.11587374098599 ], [ 402185.877582609304227, 5807402.16136989556253 ], [ 402182.898507634876296, 5807409.153758917935193 ], [ 402181.617543822270818, 5807412.206866049207747 ], [ 402180.172009897651151, 5807422.252362203784287 ], [ 402182.898507634876296, 5807430.482088651508093 ], [ 402186.126076911983546, 5807432.297858357429504 ], [ 402192.93260588805424, 5807436.214977873489261 ], [ 402202.966704141173977, 5807442.029075436294079 ], [ 402203.492794031160884, 5807442.343354512006044 ], [ 402213.000802394351922, 5807451.725129805505276 ], [ 402213.504263280367013, 5807452.388850665651262 ], [ 402221.124189598835073, 5807462.434346819296479 ], [ 402223.034900647471659, 5807464.953275484964252 ], [ 402228.744111809879541, 5807472.479842973873019 ], [ 402233.068998900591396, 5807478.181428296491504 ], [ 402236.364034020865802, 5807482.525339127518237 ], [ 402243.10309715376934, 5807491.604567984119058 ], [ 402243.823501120088622, 5807492.570835282094777 ], [ 402253.137195406947285, 5807497.486368270590901 ] ], [ [ 402451.203516131266952, 5807211.296942968852818 ], [ 402443.785062216571532, 5807208.51322213653475 ], [ 402433.750963963510003, 5807203.742931105196476 ], [ 402431.028962702548597, 5807201.251446815207601 ], [ 402432.628130220749881, 5807191.205950660631061 ], [ 402433.750963963510003, 5807189.020205656066537 ], [ 402436.847302558890078, 5807191.205950660631061 ], [ 402443.78506221662974, 5807195.948211710900068 ], [ 402451.505177568702493, 5807201.251446815207601 ], [ 402453.819160469807684, 5807208.174921368248761 ], [ 402456.415142557758372, 5807211.296942968852818 ], [ 402453.819160469807684, 5807215.947153900749981 ], [ 402451.203516131266952, 5807211.296942968852818 ] ], [ [ 402550.36892474477645, 5806869.75007373187691 ], [ 402544.126044748118147, 5806865.286781987175345 ], [ 402535.225331801222637, 5806859.70457757730037 ], [ 402534.09194649499841, 5806857.647260932251811 ], [ 402524.057848241762258, 5806851.580697754397988 ], [ 402521.558139884786215, 5806849.659081424586475 ], [ 402524.057848241820466, 5806840.012312487699091 ], [ 402525.247102628112771, 5806839.613585270009935 ], [ 402534.09194649499841, 5806836.895658725872636 ], [ 402544.126044748118147, 5806838.235448715277016 ], [ 402545.510911982331891, 5806839.613585270009935 ], [ 402554.160143001237884, 5806848.220779627561569 ], [ 402555.605463585234247, 5806849.659081424586475 ], [ 402563.943657064170111, 5806859.70457757730037 ], [ 402561.634347652900033, 5806869.750073730945587 ], [ 402554.160143001237884, 5806872.188246986828744 ], [ 402550.36892474477645, 5806869.75007373187691 ] ] ] } },
{ "type": "Feature", "properties": { "id": 0, "cost_level": 300.0 }, "geometry": { "type": "Polygon", "coordinates": [ [ [ 402202.966704141173977, 5807101.839053644798696 ], [ 402213.000802394351922, 5807101.120282368734479 ], [ 402213.880300269345753, 5807100.796485275030136 ], [ 402223.034900647471659, 5807097.471853139810264 ], [ 402233.068998900591396, 5807093.823659372515976 ], [ 402241.477981323376298, 5807090.750989120453596 ], [ 402243.10309715376934, 5807090.159329769201577 ], [ 402253.137195406889077, 5807086.511050134897232 ], [ 402263.171293660067022, 5807083.952443018555641 ], [ 402264.670359583687969, 5807080.705492966808379 ], [ 402273.205391913128551, 5807071.355751968920231 ], [ 402273.788559050532058, 5807070.659996813163161 ], [ 402282.136708562495187, 5807060.614500658586621 ], [ 402283.239490166364703, 5807059.384422467090189 ], [ 402293.27358841948444, 5807050.904134496115148 ], [ 402294.295890579000115, 5807050.569004504941404 ], [ 402303.307686672604177, 5807048.230994323268533 ], [ 402313.341784925782122, 5807046.531293671578169 ], [ 402323.375883178901859, 5807046.19502448476851 ], [ 402333.409981432021596, 5807049.044506712816656 ], [ 402343.44407968519954, 5807047.274832472205162 ], [ 402353.478177938377485, 5807042.06519724521786 ], [ 402357.017209594603628, 5807040.523508350364864 ], [ 402363.512276191497222, 5807038.258126936852932 ], [ 402373.546374444616958, 5807036.604547878727317 ], [ 402379.177963838214055, 5807030.478012196719646 ], [ 402375.620580341783352, 5807020.432516042143106 ], [ 402373.546374444616958, 5807014.575542882084846 ], [ 402372.063000599620864, 5807010.387019888497889 ], [ 402363.512276191497222, 5807002.014023169875145 ], [ 402357.94800740753999, 5807000.341523734852672 ], [ 402353.478177938377485, 5806999.531761379912496 ], [ 402343.444079685141332, 5806996.678977984935045 ], [ 402336.622051210491918, 5806990.296027580276132 ], [ 402333.409981432079803, 5806984.39365316927433 ], [ 402331.677034139749594, 5806980.250531426630914 ], [ 402331.832523977267556, 5806970.205035272054374 ], [ 402333.409981432021596, 5806963.469549344852567 ], [ 402337.394470971426927, 5806960.159539118409157 ], [ 402343.44407968519954, 5806957.951902208849788 ], [ 402346.854952212481294, 5806950.114042965695262 ], [ 402351.828886885545217, 5806940.068546809256077 ], [ 402353.478177938377485, 5806937.048818475566804 ], [ 402356.072889475733973, 5806930.023050656542182 ], [ 402358.487228269339539, 5806919.977554501965642 ], [ 402358.34724891197402, 5806909.932058347389102 ], [ 402358.919591110665351, 5806899.886562194675207 ], [ 402360.759484632522799, 5806889.841066040098667 ], [ 402361.371634304698091, 5806879.79556988645345 ], [ 402363.512276191497222, 5806876.371081745252013 ], [ 402367.543019691656809, 5806869.75007373187691 ], [ 402370.742729133809917, 5806859.704577578231692 ], [ 402373.136432713072281, 5806849.659081424586475 ], [ 402373.546374444616958, 5806844.591255780309439 ], [ 402373.83211584307719, 5806839.613585270009935 ], [ 402373.546374444616958, 5806839.123046696186066 ], [ 402365.548519215197302, 5806829.568089116364717 ], [ 402363.82827396679204, 5806819.522592961788177 ], [ 402363.512276191497222, 5806815.956495027989149 ], [ 402363.004469505744055, 5806809.47709680814296 ], [ 402360.980539966316428, 5806799.431600654497743 ], [ 402361.846625529869925, 5806789.386104499921203 ], [ 402354.75841157452669, 5806779.340608346275985 ], [ 402353.478177938377485, 5806777.634610552340746 ], [ 402347.219959815498441, 5806769.295112191699445 ], [ 402343.44407968519954, 5806764.263504641130567 ], [ 402339.681500785402022, 5806759.249616038054228 ], [ 402334.978760808764491, 5806749.204119883477688 ], [ 402343.44407968519954, 5806743.863365425728261 ], [ 402353.478177938377485, 5806739.828439286909997 ], [ 402355.213932470185682, 5806739.158623728901148 ], [ 402363.512276191497222, 5806736.100251430645585 ], [ 402373.546374444616958, 5806732.402163091115654 ], [ 402382.470581356436014, 5806729.113127576187253 ], [ 402383.580472697794903, 5806728.704074752517045 ], [ 402393.61457095091464, 5806725.747164867818356 ], [ 402403.648669204092585, 5806725.287694932892919 ], [ 402409.491316202445887, 5806719.067631421610713 ], [ 402407.265328252862673, 5806709.022135267034173 ], [ 402403.648669204092585, 5806699.872420874424279 ], [ 402403.287735916441306, 5806698.976639113388956 ], [ 402397.509187466814183, 5806688.931142959743738 ], [ 402393.614570950856432, 5806686.082739321514964 ], [ 402390.048792563728057, 5806688.931142959743738 ], [ 402383.580472697794903, 5806694.487394090741873 ], [ 402379.352445210330188, 5806698.976639113388956 ], [ 402373.546374444616958, 5806703.674146302044392 ], [ 402366.886844854918309, 5806709.022135267965496 ], [ 402363.512276191497222, 5806711.552659667097032 ], [ 402353.490688367688563, 5806719.067631421610713 ], [ 402353.478177938377485, 5806719.077012721449137 ], [ 402343.444079685141332, 5806726.601365776732564 ], [ 402338.618810071144253, 5806729.113127576187253 ], [ 402333.409981432079803, 5806732.63023891672492 ], [ 402329.624918262474239, 5806729.113127576187253 ], [ 402323.375883178901859, 5806725.26352187525481 ], [ 402313.341784925782122, 5806727.612512353807688 ], [ 402309.527717594231945, 5806729.113127576187253 ], [ 402303.307686672604177, 5806731.43153302744031 ], [ 402295.483419590222184, 5806739.15862372983247 ], [ 402293.27358841948444, 5806741.584105680696666 ], [ 402285.925471669761464, 5806749.204119883477688 ], [ 402283.239490166364703, 5806752.131312046200037 ], [ 402276.253115998348221, 5806759.249616038054228 ], [ 402273.205391913186759, 5806761.747616910375655 ], [ 402263.171293660067022, 5806760.787389440461993 ], [ 402253.137195406889077, 5806759.827151295728981 ], [ 402247.102186752716079, 5806759.249616038054228 ], [ 402243.10309715376934, 5806758.866912608966231 ], [ 402233.068998900591396, 5806757.906673106364906 ], [ 402223.034900647413451, 5806756.519426502287388 ], [ 402213.000802394351922, 5806752.913196478970349 ], [ 402202.96670414111577, 5806751.851039186120033 ], [ 402192.93260588805424, 5806751.023909519426525 ], [ 402186.536239002249204, 5806749.204119883477688 ], [ 402182.898507634876296, 5806747.678911534138024 ], [ 402172.864409381756559, 5806745.314427511766553 ], [ 402162.830311128578614, 5806742.459690074436367 ], [ 402152.796212875458878, 5806739.604952636174858 ], [ 402151.227418190857861, 5806739.15862372983247 ], [ 402142.762114622339141, 5806736.622505711391568 ], [ 402132.728016369161196, 5806732.450187459588051 ], [ 402122.693918116041459, 5806729.318942481651902 ], [ 402122.034382692188956, 5806729.113127576187253 ], [ 402112.659819862805307, 5806726.187697502784431 ], [ 402102.625721609743778, 5806723.104852993041277 ], [ 402092.591623356565833, 5806720.132122559472919 ], [ 402089.342901657568291, 5806719.067631421610713 ], [ 402082.557525103446096, 5806716.890592265874147 ], [ 402072.523426850326359, 5806713.242136863991618 ], [ 402062.489328597148415, 5806709.593687796965241 ], [ 402060.917423896607943, 5806709.022135267965496 ], [ 402052.455230344086885, 5806706.030335880815983 ], [ 402042.421132090850733, 5806702.610666217282414 ], [ 402032.387033837730996, 5806699.32423500251025 ], [ 402031.309845236130059, 5806698.976639113388956 ], [ 402022.352935584611259, 5806696.086351408623159 ], [ 402012.318837331433315, 5806693.042561850510538 ], [ 402002.284739078313578, 5806690.884794849902391 ], [ 401992.250640825135633, 5806690.207882256247103 ], [ 401982.216542572015896, 5806694.440823405981064 ], [ 401975.838041358743794, 5806698.976639113388956 ], [ 401972.182444318837952, 5806701.81739389244467 ], [ 401962.148346065776423, 5806705.99556134454906 ], [ 401954.879865486931521, 5806709.022135267965496 ], [ 401952.114247812598478, 5806710.173730638809502 ], [ 401942.080149559420533, 5806714.35189931280911 ], [ 401935.526327343075536, 5806719.067631421610713 ], [ 401937.3459641947411, 5806729.113127576187253 ], [ 401939.269762158626691, 5806739.15862372983247 ], [ 401941.193560122570489, 5806749.204119883477688 ], [ 401942.080149559420533, 5806753.8336240965873 ], [ 401943.117358841642272, 5806759.249616038054228 ], [ 401945.041156050399877, 5806769.295112191699445 ], [ 401947.759065631893463, 5806779.340608345344663 ], [ 401952.114247812598478, 5806785.783730015158653 ], [ 401956.603973255492747, 5806789.386104499921203 ], [ 401962.148346065718215, 5806793.834685465320945 ], [ 401969.123915272881277, 5806799.431600654497743 ], [ 401972.182444318837952, 5806801.885640913620591 ], [ 401981.603026284603402, 5806809.47709680814296 ], [ 401982.216542572015896, 5806809.98478658683598 ], [ 401992.250640825135633, 5806818.298253480345011 ], [ 401993.728380835906137, 5806819.522592961788177 ], [ 402002.284739078313578, 5806826.611720373854041 ], [ 402005.852985011064447, 5806829.568089116364717 ], [ 402012.318837331433315, 5806834.92518038675189 ], [ 402017.977604760380927, 5806839.613585269078612 ], [ 402022.352935584611259, 5806843.238641258329153 ], [ 402030.102208935539238, 5806849.659081424586475 ], [ 402032.387033837730996, 5806851.552108151838183 ], [ 402042.226813110697549, 5806859.704577579163015 ], [ 402042.421132090850733, 5806859.865574839524925 ], [ 402052.455230344028678, 5806868.179031053557992 ], [ 402054.351432860014029, 5806869.750073730945587 ], [ 402062.489328597148415, 5806876.492495929822326 ], [ 402066.476037035230547, 5806879.79556988645345 ], [ 402072.523426850326359, 5806884.805956387892365 ], [ 402078.600647351937369, 5806889.841066040098667 ], [ 402082.557525103446096, 5806892.927322393283248 ], [ 402090.855816018243786, 5806899.886562194675207 ], [ 402092.591623356565833, 5806901.146541600115597 ], [ 402102.625721609743778, 5806909.111456098034978 ], [ 402103.603051849466283, 5806909.932058348320425 ], [ 402112.302553336485289, 5806919.977554501965642 ], [ 402112.659819862863515, 5806922.799177700653672 ], [ 402113.8697051811032, 5806930.023050656542182 ], [ 402115.579065585683566, 5806940.068546810187399 ], [ 402117.320533536723815, 5806950.114042964763939 ], [ 402119.094988251454197, 5806960.159539118409157 ], [ 402120.903407242381945, 5806970.205035272985697 ], [ 402122.693918116041459, 5806979.965295773930848 ], [ 402122.793075810361188, 5806980.250531426630914 ], [ 402126.285255347378552, 5806990.296027580276132 ], [ 402129.777425774140283, 5807000.341523734852672 ], [ 402132.728016369161196, 5807008.829151839949191 ], [ 402133.269582996435929, 5807010.387019888497889 ], [ 402136.761762850219384, 5807020.432516042143106 ], [ 402140.253910645493306, 5807030.478012195788324 ], [ 402142.762114622280933, 5807037.262301199138165 ], [ 402144.817475078511052, 5807040.523508349433541 ], [ 402152.796212875458878, 5807049.01313915476203 ], [ 402154.258456590760034, 5807050.569004504941404 ], [ 402162.830311128578614, 5807059.689680710434914 ], [ 402163.699476825480815, 5807060.614500658586621 ], [ 402172.864409381756559, 5807070.366223968565464 ], [ 402173.140505024406593, 5807070.659996813163161 ], [ 402182.6004092709627, 5807080.705492965877056 ], [ 402182.898507634876296, 5807081.017146305181086 ], [ 402192.217176425445359, 5807090.750989120453596 ], [ 402192.93260588805424, 5807091.498420847579837 ], [ 402201.832610167621169, 5807100.796485275030136 ], [ 402202.966704141173977, 5807101.839053644798696 ] ], [ [ 402463.853258722927421, 5806880.224072682671249 ], [ 402464.77304250508314, 5806879.79556988645345 ], [ 402466.038595835620072, 5806869.750073730945587 ], [ 402463.853258722927421, 5806867.683304896578193 ], [ 402462.082174505456351, 5806869.750073730945587 ], [ 402463.475305128667969, 5806879.79556988645345 ], [ 402463.853258722927421, 5806880.224072682671249 ] ] ] } }
]
}
