{
"type": "FeatureCollection",
"name": "highway_pt",
"crs": { "type": "name", "properties": { "name": "urn:ogc:def:crs:OGC:1.3:CRS84" } },
"features": [
{ "type": "Feature", "properties": { "full_id": "n253397860", "osm_id": "253397860", "osm_type": "node", "highway": null, "alt_name": null, "passenger_information_display": null, "noexit": null, "tourism": null, "kerb:right": null, "kerb:left": null, "kerb": null, "bicycle": null, "wheelchair": null, "waste": null, "covered": null, "operator": null, "war_memorial": null, "memorial": null, "historic": null, "surface": null, "bin": null, "direction": null, "barrier": null, "crossing:markings": null, "crossing": null, "traffic_calming": null, "shelter": null, "share_taxi": null, "public_transport": null, "bus": null, "bench": null, "overtaking": null, "name": null, "traffic_sign:direction": "backward", "traffic_sign": "maxspeed", "maxspeed": "40" }, "geometry": { "type": "Point", "coordinates": [ 36.5623549, 55.2223461 ] } },
{ "type": "Feature", "properties": { "full_id": "n253397874", "osm_id": "253397874", "osm_type": "node", "highway": null, "alt_name": null, "passenger_information_display": null, "noexit": null, "tourism": null, "kerb:right": null, "kerb:left": null, "kerb": null, "bicycle": null, "wheelchair": null, "waste": null, "covered": null, "operator": null, "war_memorial": null, "memorial": null, "historic": null, "surface": null, "bin": null, "direction": null, "barrier": null, "crossing:markings": null, "crossing": null, "traffic_calming": null, "shelter": null, "share_taxi": null, "public_transport": null, "bus": null, "bench": null, "overtaking": null, "name": null, "traffic_sign:direction": "backward", "traffic_sign": "maxspeed", "maxspeed": "70" }, "geometry": { "type": "Point", "coordinates": [ 36.5162932, 55.2186722 ] } },
{ "type": "Feature", "properties": { "full_id": "n253397876", "osm_id": "253397876", "osm_type": "node", "highway": null, "alt_name": null, "passenger_information_display": null, "noexit": null, "tourism": null, "kerb:right": null, "kerb:left": null, "kerb": null, "bicycle": null, "wheelchair": null, "waste": null, "covered": null, "operator": null, "war_memorial": null, "memorial": null, "historic": null, "surface": null, "bin": null, "direction": null, "barrier": null, "crossing:markings": null, "crossing": null, "traffic_calming": null, "shelter": null, "share_taxi": null, "public_transport": null, "bus": null, "bench": null, "overtaking": null, "name": "Боровск", "traffic_sign:direction": "forward", "traffic_sign": "city_limit", "maxspeed": null }, "geometry": { "type": "Point", "coordinates": [ 36.5151993, 55.2173999 ] } },
{ "type": "Feature", "properties": { "full_id": "n253397881", "osm_id": "253397881", "osm_type": "node", "highway": null, "alt_name": null, "passenger_information_display": null, "noexit": null, "tourism": null, "kerb:right": null, "kerb:left": null, "kerb": null, "bicycle": null, "wheelchair": null, "waste": null, "covered": null, "operator": null, "war_memorial": null, "memorial": null, "historic": null, "surface": null, "bin": null, "direction": null, "barrier": null, "crossing:markings": null, "crossing": null, "traffic_calming": null, "shelter": null, "share_taxi": null, "public_transport": null, "bus": null, "bench": null, "overtaking": "no", "name": null, "traffic_sign:direction": "forward", "traffic_sign": "maxspeed;overtaking", "maxspeed": "50" }, "geometry": { "type": "Point", "coordinates": [ 36.5058743, 55.2145961 ] } },
{ "type": "Feature", "properties": { "full_id": "n505062379", "osm_id": "505062379", "osm_type": "node", "highway": "bus_stop", "alt_name": null, "passenger_information_display": null, "noexit": null, "tourism": null, "kerb:right": null, "kerb:left": null, "kerb": null, "bicycle": null, "wheelchair": null, "waste": null, "covered": null, "operator": null, "war_memorial": null, "memorial": null, "historic": null, "surface": null, "bin": null, "direction": null, "barrier": null, "crossing:markings": null, "crossing": null, "traffic_calming": null, "shelter": "yes", "share_taxi": "yes", "public_transport": "platform", "bus": "yes", "bench": "yes", "overtaking": null, "name": "Боровск", "traffic_sign:direction": null, "traffic_sign": null, "maxspeed": null }, "geometry": { "type": "Point", "coordinates": [ 36.4823341, 55.2070817 ] } },
{ "type": "Feature", "properties": { "full_id": "n658341870", "osm_id": "658341870", "osm_type": "node", "highway": null, "alt_name": null, "passenger_information_display": null, "noexit": null, "tourism": null, "kerb:right": null, "kerb:left": null, "kerb": null, "bicycle": null, "wheelchair": null, "waste": null, "covered": null, "operator": null, "war_memorial": null, "memorial": null, "historic": null, "surface": null, "bin": null, "direction": null, "barrier": null, "crossing:markings": null, "crossing": null, "traffic_calming": "bump", "shelter": null, "share_taxi": null, "public_transport": null, "bus": null, "bench": null, "overtaking": null, "name": null, "traffic_sign:direction": null, "traffic_sign": null, "maxspeed": null }, "geometry": { "type": "Point", "coordinates": [ 36.489174, 55.2020299 ] } },
{ "type": "Feature", "properties": { "full_id": "n692719822", "osm_id": "692719822", "osm_type": "node", "highway": "crossing", "alt_name": null, "passenger_information_display": null, "noexit": null, "tourism": null, "kerb:right": null, "kerb:left": null, "kerb": null, "bicycle": null, "wheelchair": null, "waste": null, "covered": null, "operator": null, "war_memorial": null, "memorial": null, "historic": null, "surface": null, "bin": null, "direction": null, "barrier": null, "crossing:markings": null, "crossing": "uncontrolled", "traffic_calming": null, "shelter": null, "share_taxi": null, "public_transport": null, "bus": null, "bench": null, "overtaking": null, "name": null, "traffic_sign:direction": null, "traffic_sign": null, "maxspeed": null }, "geometry": { "type": "Point", "coordinates": [ 36.4825767, 55.2071953 ] } },
{ "type": "Feature", "properties": { "full_id": "n692719827", "osm_id": "692719827", "osm_type": "node", "highway": "crossing", "alt_name": null, "passenger_information_display": null, "noexit": null, "tourism": null, "kerb:right": null, "kerb:left": null, "kerb": null, "bicycle": null, "wheelchair": null, "waste": null, "covered": null, "operator": null, "war_memorial": null, "memorial": null, "historic": null, "surface": null, "bin": null, "direction": null, "barrier": null, "crossing:markings": "yes", "crossing": "uncontrolled", "traffic_calming": null, "shelter": null, "share_taxi": null, "public_transport": null, "bus": null, "bench": null, "overtaking": null, "name": null, "traffic_sign:direction": null, "traffic_sign": null, "maxspeed": null }, "geometry": { "type": "Point", "coordinates": [ 36.485513, 55.2072339 ] } },
{ "type": "Feature", "properties": { "full_id": "n692719832", "osm_id": "692719832", "osm_type": "node", "highway": "crossing", "alt_name": null, "passenger_information_display": null, "noexit": null, "tourism": null, "kerb:right": null, "kerb:left": null, "kerb": null, "bicycle": null, "wheelchair": null, "waste": null, "covered": null, "operator": null, "war_memorial": null, "memorial": null, "historic": null, "surface": null, "bin": null, "direction": null, "barrier": null, "crossing:markings": "yes", "crossing": "uncontrolled", "traffic_calming": null, "shelter": null, "share_taxi": null, "public_transport": null, "bus": null, "bench": null, "overtaking": null, "name": null, "traffic_sign:direction": null, "traffic_sign": null, "maxspeed": null }, "geometry": { "type": "Point", "coordinates": [ 36.4857085, 55.2074206 ] } },
{ "type": "Feature", "properties": { "full_id": "n1116677907", "osm_id": "1116677907", "osm_type": "node", "highway": null, "alt_name": null, "passenger_information_display": null, "noexit": null, "tourism": null, "kerb:right": null, "kerb:left": null, "kerb": null, "bicycle": null, "wheelchair": null, "waste": null, "covered": null, "operator": null, "war_memorial": null, "memorial": null, "historic": null, "surface": null, "bin": null, "direction": null, "barrier": "sally_port", "crossing:markings": null, "crossing": null, "traffic_calming": null, "shelter": null, "share_taxi": null, "public_transport": null, "bus": null, "bench": null, "overtaking": null, "name": null, "traffic_sign:direction": null, "traffic_sign": null, "maxspeed": null }, "geometry": { "type": "Point", "coordinates": [ 36.5326789, 55.2139352 ] } },
{ "type": "Feature", "properties": { "full_id": "n1236020967", "osm_id": "1236020967", "osm_type": "node", "highway": "crossing", "alt_name": null, "passenger_information_display": null, "noexit": null, "tourism": null, "kerb:right": null, "kerb:left": null, "kerb": null, "bicycle": null, "wheelchair": null, "waste": null, "covered": null, "operator": null, "war_memorial": null, "memorial": null, "historic": null, "surface": null, "bin": null, "direction": null, "barrier": null, "crossing:markings": null, "crossing": null, "traffic_calming": null, "shelter": null, "share_taxi": null, "public_transport": null, "bus": null, "bench": null, "overtaking": null, "name": null, "traffic_sign:direction": null, "traffic_sign": null, "maxspeed": null }, "geometry": { "type": "Point", "coordinates": [ 36.487325, 55.2037007 ] } },
{ "type": "Feature", "properties": { "full_id": "n1488796078", "osm_id": "1488796078", "osm_type": "node", "highway": "bus_stop", "alt_name": null, "passenger_information_display": null, "noexit": null, "tourism": null, "kerb:right": null, "kerb:left": null, "kerb": null, "bicycle": null, "wheelchair": null, "waste": null, "covered": null, "operator": null, "war_memorial": null, "memorial": null, "historic": null, "surface": null, "bin": null, "direction": null, "barrier": null, "crossing:markings": null, "crossing": null, "traffic_calming": null, "shelter": "yes", "share_taxi": null, "public_transport": "platform", "bus": "yes", "bench": "yes", "overtaking": null, "name": null, "traffic_sign:direction": null, "traffic_sign": null, "maxspeed": null }, "geometry": { "type": "Point", "coordinates": [ 36.4747774, 55.1909288 ] } },
{ "type": "Feature", "properties": { "full_id": "n1488796088", "osm_id": "1488796088", "osm_type": "node", "highway": "bus_stop", "alt_name": null, "passenger_information_display": null, "noexit": null, "tourism": null, "kerb:right": null, "kerb:left": null, "kerb": null, "bicycle": null, "wheelchair": null, "waste": null, "covered": null, "operator": null, "war_memorial": null, "memorial": null, "historic": null, "surface": null, "bin": null, "direction": null, "barrier": null, "crossing:markings": null, "crossing": null, "traffic_calming": null, "shelter": "yes", "share_taxi": null, "public_transport": "platform", "bus": "yes", "bench": "yes", "overtaking": null, "name": null, "traffic_sign:direction": null, "traffic_sign": null, "maxspeed": null }, "geometry": { "type": "Point", "coordinates": [ 36.4751999, 55.1910159 ] } },
{ "type": "Feature", "properties": { "full_id": "n1663945046", "osm_id": "1663945046", "osm_type": "node", "highway": "give_way", "alt_name": null, "passenger_information_display": null, "noexit": null, "tourism": null, "kerb:right": null, "kerb:left": null, "kerb": null, "bicycle": null, "wheelchair": null, "waste": null, "covered": null, "operator": null, "war_memorial": null, "memorial": null, "historic": null, "surface": null, "bin": null, "direction": null, "barrier": null, "crossing:markings": null, "crossing": null, "traffic_calming": null, "shelter": null, "share_taxi": null, "public_transport": null, "bus": null, "bench": null, "overtaking": null, "name": null, "traffic_sign:direction": null, "traffic_sign": null, "maxspeed": null }, "geometry": { "type": "Point", "coordinates": [ 36.5124744, 55.185676 ] } },
{ "type": "Feature", "properties": { "full_id": "n1864347869", "osm_id": "1864347869", "osm_type": "node", "highway": null, "alt_name": null, "passenger_information_display": null, "noexit": null, "tourism": null, "kerb:right": null, "kerb:left": null, "kerb": null, "bicycle": null, "wheelchair": null, "waste": null, "covered": null, "operator": null, "war_memorial": null, "memorial": null, "historic": null, "surface": null, "bin": null, "direction": null, "barrier": "bump", "crossing:markings": null, "crossing": null, "traffic_calming": "bump", "shelter": null, "share_taxi": null, "public_transport": null, "bus": null, "bench": null, "overtaking": null, "name": null, "traffic_sign:direction": null, "traffic_sign": null, "maxspeed": null }, "geometry": { "type": "Point", "coordinates": [ 36.5263797, 55.215082 ] } },
{ "type": "Feature", "properties": { "full_id": "n1864347870", "osm_id": "1864347870", "osm_type": "node", "highway": null, "alt_name": null, "passenger_information_display": null, "noexit": null, "tourism": null, "kerb:right": null, "kerb:left": null, "kerb": null, "bicycle": null, "wheelchair": null, "waste": null, "covered": null, "operator": null, "war_memorial": null, "memorial": null, "historic": null, "surface": null, "bin": null, "direction": null, "barrier": "bump", "crossing:markings": null, "crossing": null, "traffic_calming": "bump", "shelter": null, "share_taxi": null, "public_transport": null, "bus": null, "bench": null, "overtaking": null, "name": null, "traffic_sign:direction": null, "traffic_sign": null, "maxspeed": null }, "geometry": { "type": "Point", "coordinates": [ 36.5263639, 55.2153746 ] } },
{ "type": "Feature", "properties": { "full_id": "n1896106017", "osm_id": "1896106017", "osm_type": "node", "highway": null, "alt_name": null, "passenger_information_display": null, "noexit": null, "tourism": null, "kerb:right": null, "kerb:left": null, "kerb": null, "bicycle": null, "wheelchair": null, "waste": null, "covered": null, "operator": null, "war_memorial": null, "memorial": null, "historic": null, "surface": null, "bin": null, "direction": null, "barrier": null, "crossing:markings": null, "crossing": null, "traffic_calming": "bump", "shelter": null, "share_taxi": null, "public_transport": null, "bus": null, "bench": null, "overtaking": null, "name": null, "traffic_sign:direction": null, "traffic_sign": null, "maxspeed": null }, "geometry": { "type": "Point", "coordinates": [ 36.5089653, 55.1884039 ] } },
{ "type": "Feature", "properties": { "full_id": "n2196513098", "osm_id": "2196513098", "osm_type": "node", "highway": "give_way", "alt_name": null, "passenger_information_display": null, "noexit": null, "tourism": null, "kerb:right": null, "kerb:left": null, "kerb": null, "bicycle": null, "wheelchair": null, "waste": null, "covered": null, "operator": null, "war_memorial": null, "memorial": null, "historic": null, "surface": null, "bin": null, "direction": "backward", "barrier": null, "crossing:markings": null, "crossing": null, "traffic_calming": null, "shelter": null, "share_taxi": null, "public_transport": null, "bus": null, "bench": null, "overtaking": null, "name": null, "traffic_sign:direction": null, "traffic_sign": null, "maxspeed": null }, "geometry": { "type": "Point", "coordinates": [ 36.4813865, 55.2072494 ] } },
{ "type": "Feature", "properties": { "full_id": "n2196539537", "osm_id": "2196539537", "osm_type": "node", "highway": "stop", "alt_name": null, "passenger_information_display": null, "noexit": null, "tourism": null, "kerb:right": null, "kerb:left": null, "kerb": null, "bicycle": null, "wheelchair": null, "waste": null, "covered": null, "operator": null, "war_memorial": null, "memorial": null, "historic": null, "surface": null, "bin": null, "direction": null, "barrier": null, "crossing:markings": null, "crossing": null, "traffic_calming": null, "shelter": null, "share_taxi": null, "public_transport": null, "bus": null, "bench": null, "overtaking": null, "name": null, "traffic_sign:direction": null, "traffic_sign": null, "maxspeed": null }, "geometry": { "type": "Point", "coordinates": [ 36.4848538, 55.2040456 ] } },
{ "type": "Feature", "properties": { "full_id": "n2196539612", "osm_id": "2196539612", "osm_type": "node", "highway": "give_way", "alt_name": null, "passenger_information_display": null, "noexit": null, "tourism": null, "kerb:right": null, "kerb:left": null, "kerb": null, "bicycle": null, "wheelchair": null, "waste": null, "covered": null, "operator": null, "war_memorial": null, "memorial": null, "historic": null, "surface": null, "bin": null, "direction": "forward", "barrier": null, "crossing:markings": null, "crossing": null, "traffic_calming": null, "shelter": null, "share_taxi": null, "public_transport": null, "bus": null, "bench": null, "overtaking": null, "name": null, "traffic_sign:direction": null, "traffic_sign": null, "maxspeed": null }, "geometry": { "type": "Point", "coordinates": [ 36.482417, 55.2066727 ] } },
{ "type": "Feature", "properties": { "full_id": "n2197327170", "osm_id": "2197327170", "osm_type": "node", "highway": null, "alt_name": null, "passenger_information_display": null, "noexit": null, "tourism": null, "kerb:right": null, "kerb:left": null, "kerb": null, "bicycle": null, "wheelchair": null, "waste": null, "covered": null, "operator": null, "war_memorial": null, "memorial": null, "historic": null, "surface": null, "bin": null, "direction": null, "barrier": "gate", "crossing:markings": null, "crossing": null, "traffic_calming": null, "shelter": null, "share_taxi": null, "public_transport": null, "bus": null, "bench": null, "overtaking": null, "name": null, "traffic_sign:direction": null, "traffic_sign": null, "maxspeed": null }, "geometry": { "type": "Point", "coordinates": [ 36.4957792, 55.1967318 ] } },
{ "type": "Feature", "properties": { "full_id": "n2197327336", "osm_id": "2197327336", "osm_type": "node", "highway": null, "alt_name": null, "passenger_information_display": null, "noexit": null, "tourism": null, "kerb:right": null, "kerb:left": null, "kerb": null, "bicycle": null, "wheelchair": null, "waste": null, "covered": null, "operator": null, "war_memorial": null, "memorial": null, "historic": null, "surface": null, "bin": null, "direction": null, "barrier": "gate", "crossing:markings": null, "crossing": null, "traffic_calming": null, "shelter": null, "share_taxi": null, "public_transport": null, "bus": null, "bench": null, "overtaking": null, "name": null, "traffic_sign:direction": null, "traffic_sign": null, "maxspeed": null }, "geometry": { "type": "Point", "coordinates": [ 36.4934582, 55.1981052 ] } },
{ "type": "Feature", "properties": { "full_id": "n2197876110", "osm_id": "2197876110", "osm_type": "node", "highway": null, "alt_name": null, "passenger_information_display": null, "noexit": null, "tourism": null, "kerb:right": null, "kerb:left": null, "kerb": null, "bicycle": null, "wheelchair": null, "waste": null, "covered": null, "operator": null, "war_memorial": null, "memorial": null, "historic": null, "surface": null, "bin": null, "direction": null, "barrier": "gate", "crossing:markings": null, "crossing": null, "traffic_calming": null, "shelter": null, "share_taxi": null, "public_transport": null, "bus": null, "bench": null, "overtaking": null, "name": null, "traffic_sign:direction": null, "traffic_sign": null, "maxspeed": null }, "geometry": { "type": "Point", "coordinates": [ 36.4955565, 55.1953385 ] } },
{ "type": "Feature", "properties": { "full_id": "n2197876236", "osm_id": "2197876236", "osm_type": "node", "highway": null, "alt_name": null, "passenger_information_display": null, "noexit": null, "tourism": null, "kerb:right": null, "kerb:left": null, "kerb": null, "bicycle": null, "wheelchair": null, "waste": null, "covered": null, "operator": null, "war_memorial": null, "memorial": null, "historic": null, "surface": null, "bin": null, "direction": null, "barrier": null, "crossing:markings": null, "crossing": null, "traffic_calming": "bump", "shelter": null, "share_taxi": null, "public_transport": null, "bus": null, "bench": null, "overtaking": null, "name": null, "traffic_sign:direction": null, "traffic_sign": null, "maxspeed": null }, "geometry": { "type": "Point", "coordinates": [ 36.4991054, 55.1997675 ] } },
{ "type": "Feature", "properties": { "full_id": "n2203099131", "osm_id": "2203099131", "osm_type": "node", "highway": null, "alt_name": null, "passenger_information_display": null, "noexit": null, "tourism": null, "kerb:right": null, "kerb:left": null, "kerb": null, "bicycle": null, "wheelchair": null, "waste": null, "covered": null, "operator": null, "war_memorial": null, "memorial": null, "historic": null, "surface": null, "bin": null, "direction": null, "barrier": "gate", "crossing:markings": null, "crossing": null, "traffic_calming": null, "shelter": null, "share_taxi": null, "public_transport": null, "bus": null, "bench": null, "overtaking": null, "name": null, "traffic_sign:direction": null, "traffic_sign": null, "maxspeed": null }, "geometry": { "type": "Point", "coordinates": [ 36.4863725, 55.2095147 ] } },
{ "type": "Feature", "properties": { "full_id": "n2203254500", "osm_id": "2203254500", "osm_type": "node", "highway": null, "alt_name": null, "passenger_information_display": null, "noexit": null, "tourism": null, "kerb:right": null, "kerb:left": null, "kerb": null, "bicycle": null, "wheelchair": null, "waste": null, "covered": null, "operator": null, "war_memorial": null, "memorial": null, "historic": null, "surface": null, "bin": null, "direction": null, "barrier": "gate", "crossing:markings": null, "crossing": null, "traffic_calming": null, "shelter": null, "share_taxi": null, "public_transport": null, "bus": null, "bench": null, "overtaking": null, "name": null, "traffic_sign:direction": null, "traffic_sign": null, "maxspeed": null }, "geometry": { "type": "Point", "coordinates": [ 36.4868465, 55.2049995 ] } },
{ "type": "Feature", "properties": { "full_id": "n2204618641", "osm_id": "2204618641", "osm_type": "node", "highway": null, "alt_name": null, "passenger_information_display": null, "noexit": null, "tourism": null, "kerb:right": null, "kerb:left": null, "kerb": null, "bicycle": null, "wheelchair": null, "waste": null, "covered": null, "operator": null, "war_memorial": null, "memorial": null, "historic": null, "surface": null, "bin": null, "direction": null, "barrier": "gate", "crossing:markings": null, "crossing": null, "traffic_calming": null, "shelter": null, "share_taxi": null, "public_transport": null, "bus": null, "bench": null, "overtaking": null, "name": null, "traffic_sign:direction": null, "traffic_sign": null, "maxspeed": null }, "geometry": { "type": "Point", "coordinates": [ 36.4847785, 55.2069472 ] } },
{ "type": "Feature", "properties": { "full_id": "n2204618646", "osm_id": "2204618646", "osm_type": "node", "highway": "crossing", "alt_name": null, "passenger_information_display": null, "noexit": null, "tourism": null, "kerb:right": null, "kerb:left": null, "kerb": null, "bicycle": null, "wheelchair": null, "waste": null, "covered": null, "operator": null, "war_memorial": null, "memorial": null, "historic": null, "surface": null, "bin": null, "direction": null, "barrier": null, "crossing:markings": "yes", "crossing": "uncontrolled", "traffic_calming": null, "shelter": null, "share_taxi": null, "public_transport": null, "bus": null, "bench": null, "overtaking": null, "name": null, "traffic_sign:direction": null, "traffic_sign": null, "maxspeed": null }, "geometry": { "type": "Point", "coordinates": [ 36.4858158, 55.2071377 ] } },
{ "type": "Feature", "properties": { "full_id": "n2205851567", "osm_id": "2205851567", "osm_type": "node", "highway": null, "alt_name": null, "passenger_information_display": null, "noexit": null, "tourism": null, "kerb:right": null, "kerb:left": null, "kerb": null, "bicycle": null, "wheelchair": null, "waste": null, "covered": null, "operator": null, "war_memorial": null, "memorial": null, "historic": null, "surface": null, "bin": null, "direction": null, "barrier": "gate", "crossing:markings": null, "crossing": null, "traffic_calming": null, "shelter": null, "share_taxi": null, "public_transport": null, "bus": null, "bench": null, "overtaking": null, "name": null, "traffic_sign:direction": null, "traffic_sign": null, "maxspeed": null }, "geometry": { "type": "Point", "coordinates": [ 36.4839631, 55.2060511 ] } },
{ "type": "Feature", "properties": { "full_id": "n2205851581", "osm_id": "2205851581", "osm_type": "node", "highway": null, "alt_name": null, "passenger_information_display": null, "noexit": null, "tourism": null, "kerb:right": null, "kerb:left": null, "kerb": null, "bicycle": null, "wheelchair": null, "waste": null, "covered": null, "operator": null, "war_memorial": null, "memorial": null, "historic": null, "surface": null, "bin": null, "direction": null, "barrier": "gate", "crossing:markings": null, "crossing": null, "traffic_calming": null, "shelter": null, "share_taxi": null, "public_transport": null, "bus": null, "bench": null, "overtaking": null, "name": null, "traffic_sign:direction": null, "traffic_sign": null, "maxspeed": null }, "geometry": { "type": "Point", "coordinates": [ 36.4837419, 55.206326 ] } },
{ "type": "Feature", "properties": { "full_id": "n4886024527", "osm_id": "4886024527", "osm_type": "node", "highway": "bus_stop", "alt_name": null, "passenger_information_display": null, "noexit": null, "tourism": null, "kerb:right": null, "kerb:left": null, "kerb": null, "bicycle": null, "wheelchair": null, "waste": null, "covered": null, "operator": null, "war_memorial": null, "memorial": null, "historic": null, "surface": null, "bin": null, "direction": null, "barrier": null, "crossing:markings": null, "crossing": null, "traffic_calming": null, "shelter": "yes", "share_taxi": null, "public_transport": "platform", "bus": null, "bench": "yes", "overtaking": null, "name": "Больница", "traffic_sign:direction": null, "traffic_sign": null, "maxspeed": null }, "geometry": { "type": "Point", "coordinates": [ 36.4786491, 55.2144518 ] } },
{ "type": "Feature", "properties": { "full_id": "n4886024528", "osm_id": "4886024528", "osm_type": "node", "highway": "bus_stop", "alt_name": null, "passenger_information_display": null, "noexit": null, "tourism": null, "kerb:right": null, "kerb:left": null, "kerb": null, "bicycle": null, "wheelchair": null, "waste": null, "covered": null, "operator": null, "war_memorial": null, "memorial": null, "historic": null, "surface": null, "bin": null, "direction": null, "barrier": null, "crossing:markings": null, "crossing": null, "traffic_calming": null, "shelter": "yes", "share_taxi": null, "public_transport": "platform", "bus": null, "bench": null, "overtaking": null, "name": "Больница", "traffic_sign:direction": null, "traffic_sign": null, "maxspeed": null }, "geometry": { "type": "Point", "coordinates": [ 36.4783647, 55.2147571 ] } },
{ "type": "Feature", "properties": { "full_id": "n4886171883", "osm_id": "4886171883", "osm_type": "node", "highway": "bus_stop", "alt_name": null, "passenger_information_display": null, "noexit": null, "tourism": null, "kerb:right": null, "kerb:left": null, "kerb": null, "bicycle": null, "wheelchair": null, "waste": null, "covered": null, "operator": null, "war_memorial": null, "memorial": null, "historic": null, "surface": null, "bin": null, "direction": null, "barrier": null, "crossing:markings": null, "crossing": null, "traffic_calming": null, "shelter": "yes", "share_taxi": null, "public_transport": "platform", "bus": "yes", "bench": null, "overtaking": null, "name": null, "traffic_sign:direction": null, "traffic_sign": null, "maxspeed": null }, "geometry": { "type": "Point", "coordinates": [ 36.4857445, 55.2077417 ] } },
{ "type": "Feature", "properties": { "full_id": "n4886177152", "osm_id": "4886177152", "osm_type": "node", "highway": "bus_stop", "alt_name": null, "passenger_information_display": null, "noexit": null, "tourism": null, "kerb:right": null, "kerb:left": null, "kerb": null, "bicycle": null, "wheelchair": null, "waste": null, "covered": null, "operator": null, "war_memorial": null, "memorial": null, "historic": null, "surface": null, "bin": null, "direction": null, "barrier": null, "crossing:markings": null, "crossing": null, "traffic_calming": null, "shelter": "yes", "share_taxi": null, "public_transport": null, "bus": null, "bench": null, "overtaking": null, "name": "Поворот у моста", "traffic_sign:direction": null, "traffic_sign": null, "maxspeed": null }, "geometry": { "type": "Point", "coordinates": [ 36.494219, 55.2106082 ] } },
{ "type": "Feature", "properties": { "full_id": "n4892268418", "osm_id": "4892268418", "osm_type": "node", "highway": "crossing", "alt_name": null, "passenger_information_display": null, "noexit": null, "tourism": null, "kerb:right": null, "kerb:left": null, "kerb": null, "bicycle": null, "wheelchair": null, "waste": null, "covered": null, "operator": null, "war_memorial": null, "memorial": null, "historic": null, "surface": null, "bin": null, "direction": null, "barrier": null, "crossing:markings": null, "crossing": "uncontrolled", "traffic_calming": null, "shelter": null, "share_taxi": null, "public_transport": null, "bus": null, "bench": null, "overtaking": null, "name": null, "traffic_sign:direction": null, "traffic_sign": null, "maxspeed": null }, "geometry": { "type": "Point", "coordinates": [ 36.4786187, 55.2145725 ] } },
{ "type": "Feature", "properties": { "full_id": "n4892268419", "osm_id": "4892268419", "osm_type": "node", "highway": "crossing", "alt_name": null, "passenger_information_display": null, "noexit": null, "tourism": null, "kerb:right": null, "kerb:left": null, "kerb": null, "bicycle": null, "wheelchair": null, "waste": null, "covered": null, "operator": null, "war_memorial": null, "memorial": null, "historic": null, "surface": null, "bin": null, "direction": null, "barrier": null, "crossing:markings": null, "crossing": "uncontrolled", "traffic_calming": null, "shelter": null, "share_taxi": null, "public_transport": null, "bus": null, "bench": null, "overtaking": null, "name": null, "traffic_sign:direction": null, "traffic_sign": null, "maxspeed": null }, "geometry": { "type": "Point", "coordinates": [ 36.4783865, 55.2146619 ] } },
{ "type": "Feature", "properties": { "full_id": "n4892279407", "osm_id": "4892279407", "osm_type": "node", "highway": "crossing", "alt_name": null, "passenger_information_display": null, "noexit": null, "tourism": null, "kerb:right": null, "kerb:left": null, "kerb": null, "bicycle": null, "wheelchair": null, "waste": null, "covered": null, "operator": null, "war_memorial": null, "memorial": null, "historic": null, "surface": null, "bin": null, "direction": null, "barrier": null, "crossing:markings": null, "crossing": "uncontrolled", "traffic_calming": null, "shelter": null, "share_taxi": null, "public_transport": null, "bus": null, "bench": null, "overtaking": null, "name": null, "traffic_sign:direction": null, "traffic_sign": null, "maxspeed": null }, "geometry": { "type": "Point", "coordinates": [ 36.4906822, 55.2121536 ] } },
{ "type": "Feature", "properties": { "full_id": "n4892281573", "osm_id": "4892281573", "osm_type": "node", "highway": "crossing", "alt_name": null, "passenger_information_display": null, "noexit": null, "tourism": null, "kerb:right": null, "kerb:left": null, "kerb": null, "bicycle": null, "wheelchair": null, "waste": null, "covered": null, "operator": null, "war_memorial": null, "memorial": null, "historic": null, "surface": null, "bin": null, "direction": null, "barrier": null, "crossing:markings": null, "crossing": "uncontrolled", "traffic_calming": null, "shelter": null, "share_taxi": null, "public_transport": null, "bus": null, "bench": null, "overtaking": null, "name": null, "traffic_sign:direction": null, "traffic_sign": null, "maxspeed": null }, "geometry": { "type": "Point", "coordinates": [ 36.4942072, 55.2106662 ] } },
{ "type": "Feature", "properties": { "full_id": "n4892286664", "osm_id": "4892286664", "osm_type": "node", "highway": "bus_stop", "alt_name": null, "passenger_information_display": null, "noexit": null, "tourism": null, "kerb:right": null, "kerb:left": null, "kerb": null, "bicycle": null, "wheelchair": null, "waste": null, "covered": null, "operator": null, "war_memorial": null, "memorial": null, "historic": null, "surface": null, "bin": "no", "direction": null, "barrier": null, "crossing:markings": null, "crossing": null, "traffic_calming": null, "shelter": "no", "share_taxi": null, "public_transport": "platform", "bus": null, "bench": "no", "overtaking": null, "name": "Автоколонна №1364", "traffic_sign:direction": null, "traffic_sign": null, "maxspeed": null }, "geometry": { "type": "Point", "coordinates": [ 36.5002926, 55.2126493 ] } },
{ "type": "Feature", "properties": { "full_id": "n4892286665", "osm_id": "4892286665", "osm_type": "node", "highway": "bus_stop", "alt_name": null, "passenger_information_display": null, "noexit": null, "tourism": null, "kerb:right": null, "kerb:left": null, "kerb": null, "bicycle": null, "wheelchair": null, "waste": null, "covered": null, "operator": null, "war_memorial": null, "memorial": null, "historic": null, "surface": null, "bin": "no", "direction": null, "barrier": null, "crossing:markings": null, "crossing": null, "traffic_calming": null, "shelter": "no", "share_taxi": null, "public_transport": "platform", "bus": null, "bench": "no", "overtaking": null, "name": "Автоколонна №1364", "traffic_sign:direction": null, "traffic_sign": null, "maxspeed": null }, "geometry": { "type": "Point", "coordinates": [ 36.5003462, 55.212536 ] } },
{ "type": "Feature", "properties": { "full_id": "n4892286666", "osm_id": "4892286666", "osm_type": "node", "highway": "crossing", "alt_name": null, "passenger_information_display": null, "noexit": null, "tourism": null, "kerb:right": null, "kerb:left": null, "kerb": null, "bicycle": null, "wheelchair": null, "waste": null, "covered": null, "operator": null, "war_memorial": null, "memorial": null, "historic": null, "surface": null, "bin": null, "direction": null, "barrier": null, "crossing:markings": null, "crossing": "uncontrolled", "traffic_calming": null, "shelter": null, "share_taxi": null, "public_transport": null, "bus": null, "bench": null, "overtaking": null, "name": null, "traffic_sign:direction": null, "traffic_sign": null, "maxspeed": null }, "geometry": { "type": "Point", "coordinates": [ 36.5004097, 55.2126209 ] } },
{ "type": "Feature", "properties": { "full_id": "n4892289373", "osm_id": "4892289373", "osm_type": "node", "highway": "bus_stop", "alt_name": null, "passenger_information_display": null, "noexit": null, "tourism": null, "kerb:right": null, "kerb:left": null, "kerb": null, "bicycle": null, "wheelchair": null, "waste": null, "covered": null, "operator": null, "war_memorial": null, "memorial": null, "historic": null, "surface": null, "bin": null, "direction": null, "barrier": null, "crossing:markings": null, "crossing": null, "traffic_calming": null, "shelter": "yes", "share_taxi": null, "public_transport": "platform", "bus": null, "bench": null, "overtaking": null, "name": "Храм Бориса и Глеба", "traffic_sign:direction": null, "traffic_sign": null, "maxspeed": null }, "geometry": { "type": "Point", "coordinates": [ 36.5043534, 55.2139133 ] } },
{ "type": "Feature", "properties": { "full_id": "n4892296860", "osm_id": "4892296860", "osm_type": "node", "highway": "crossing", "alt_name": null, "passenger_information_display": null, "noexit": null, "tourism": null, "kerb:right": null, "kerb:left": null, "kerb": null, "bicycle": null, "wheelchair": null, "waste": null, "covered": null, "operator": null, "war_memorial": null, "memorial": null, "historic": null, "surface": null, "bin": null, "direction": null, "barrier": null, "crossing:markings": null, "crossing": "uncontrolled", "traffic_calming": null, "shelter": null, "share_taxi": null, "public_transport": null, "bus": null, "bench": null, "overtaking": null, "name": null, "traffic_sign:direction": null, "traffic_sign": null, "maxspeed": null }, "geometry": { "type": "Point", "coordinates": [ 36.5119526, 55.2159645 ] } },
{ "type": "Feature", "properties": { "full_id": "n4892296862", "osm_id": "4892296862", "osm_type": "node", "highway": "bus_stop", "alt_name": null, "passenger_information_display": null, "noexit": null, "tourism": null, "kerb:right": null, "kerb:left": null, "kerb": null, "bicycle": null, "wheelchair": null, "waste": null, "covered": null, "operator": null, "war_memorial": null, "memorial": null, "historic": null, "surface": null, "bin": "yes", "direction": null, "barrier": null, "crossing:markings": null, "crossing": null, "traffic_calming": null, "shelter": "yes", "share_taxi": null, "public_transport": "platform", "bus": null, "bench": "yes", "overtaking": null, "name": "Долы", "traffic_sign:direction": null, "traffic_sign": null, "maxspeed": null }, "geometry": { "type": "Point", "coordinates": [ 36.5120649, 55.2158932 ] } },
{ "type": "Feature", "properties": { "full_id": "n4892304354", "osm_id": "4892304354", "osm_type": "node", "highway": "bus_stop", "alt_name": null, "passenger_information_display": null, "noexit": null, "tourism": null, "kerb:right": null, "kerb:left": null, "kerb": null, "bicycle": null, "wheelchair": null, "waste": null, "covered": null, "operator": null, "war_memorial": null, "memorial": null, "historic": null, "surface": null, "bin": "yes", "direction": null, "barrier": null, "crossing:markings": null, "crossing": null, "traffic_calming": null, "shelter": "yes", "share_taxi": null, "public_transport": "platform", "bus": null, "bench": "yes", "overtaking": null, "name": "Роща", "traffic_sign:direction": null, "traffic_sign": null, "maxspeed": null }, "geometry": { "type": "Point", "coordinates": [ 36.5283136, 55.2183018 ] } },
{ "type": "Feature", "properties": { "full_id": "n4892304355", "osm_id": "4892304355", "osm_type": "node", "highway": "bus_stop", "alt_name": null, "passenger_information_display": null, "noexit": null, "tourism": null, "kerb:right": null, "kerb:left": null, "kerb": null, "bicycle": null, "wheelchair": null, "waste": null, "covered": null, "operator": null, "war_memorial": null, "memorial": null, "historic": null, "surface": null, "bin": null, "direction": null, "barrier": null, "crossing:markings": null, "crossing": null, "traffic_calming": null, "shelter": "yes", "share_taxi": null, "public_transport": "platform", "bus": "yes", "bench": null, "overtaking": null, "name": "Роща", "traffic_sign:direction": null, "traffic_sign": null, "maxspeed": null }, "geometry": { "type": "Point", "coordinates": [ 36.5289036, 55.218371 ] } },
{ "type": "Feature", "properties": { "full_id": "n4892304356", "osm_id": "4892304356", "osm_type": "node", "highway": "crossing", "alt_name": null, "passenger_information_display": null, "noexit": null, "tourism": null, "kerb:right": null, "kerb:left": null, "kerb": null, "bicycle": null, "wheelchair": null, "waste": null, "covered": null, "operator": null, "war_memorial": null, "memorial": null, "historic": null, "surface": null, "bin": null, "direction": null, "barrier": null, "crossing:markings": null, "crossing": "uncontrolled", "traffic_calming": null, "shelter": null, "share_taxi": null, "public_transport": null, "bus": null, "bench": null, "overtaking": null, "name": null, "traffic_sign:direction": null, "traffic_sign": null, "maxspeed": null }, "geometry": { "type": "Point", "coordinates": [ 36.5285282, 55.218272 ] } },
{ "type": "Feature", "properties": { "full_id": "n4892310750", "osm_id": "4892310750", "osm_type": "node", "highway": "crossing", "alt_name": null, "passenger_information_display": null, "noexit": null, "tourism": null, "kerb:right": null, "kerb:left": null, "kerb": null, "bicycle": null, "wheelchair": null, "waste": null, "covered": null, "operator": null, "war_memorial": null, "memorial": null, "historic": null, "surface": null, "bin": null, "direction": null, "barrier": null, "crossing:markings": null, "crossing": "uncontrolled", "traffic_calming": null, "shelter": null, "share_taxi": null, "public_transport": null, "bus": null, "bench": null, "overtaking": null, "name": null, "traffic_sign:direction": null, "traffic_sign": null, "maxspeed": null }, "geometry": { "type": "Point", "coordinates": [ 36.5411381, 55.2205756 ] } },
{ "type": "Feature", "properties": { "full_id": "n5039410417", "osm_id": "5039410417", "osm_type": "node", "highway": "crossing", "alt_name": null, "passenger_information_display": null, "noexit": null, "tourism": null, "kerb:right": null, "kerb:left": null, "kerb": null, "bicycle": null, "wheelchair": null, "waste": null, "covered": null, "operator": null, "war_memorial": null, "memorial": null, "historic": null, "surface": null, "bin": null, "direction": null, "barrier": null, "crossing:markings": null, "crossing": "uncontrolled", "traffic_calming": null, "shelter": null, "share_taxi": null, "public_transport": null, "bus": null, "bench": null, "overtaking": null, "name": null, "traffic_sign:direction": null, "traffic_sign": null, "maxspeed": null }, "geometry": { "type": "Point", "coordinates": [ 36.4817889, 55.198014 ] } },
{ "type": "Feature", "properties": { "full_id": "n5039410419", "osm_id": "5039410419", "osm_type": "node", "highway": "give_way", "alt_name": null, "passenger_information_display": null, "noexit": null, "tourism": null, "kerb:right": null, "kerb:left": null, "kerb": null, "bicycle": null, "wheelchair": null, "waste": null, "covered": null, "operator": null, "war_memorial": null, "memorial": null, "historic": null, "surface": null, "bin": null, "direction": "backward", "barrier": null, "crossing:markings": null, "crossing": null, "traffic_calming": null, "shelter": null, "share_taxi": null, "public_transport": null, "bus": null, "bench": null, "overtaking": null, "name": null, "traffic_sign:direction": null, "traffic_sign": null, "maxspeed": null }, "geometry": { "type": "Point", "coordinates": [ 36.482034, 55.1978821 ] } },
{ "type": "Feature", "properties": { "full_id": "n5042776895", "osm_id": "5042776895", "osm_type": "node", "highway": null, "alt_name": null, "passenger_information_display": null, "noexit": null, "tourism": null, "kerb:right": null, "kerb:left": null, "kerb": null, "bicycle": null, "wheelchair": null, "waste": null, "covered": null, "operator": null, "war_memorial": null, "memorial": null, "historic": null, "surface": null, "bin": null, "direction": null, "barrier": "gate", "crossing:markings": null, "crossing": null, "traffic_calming": null, "shelter": null, "share_taxi": null, "public_transport": null, "bus": null, "bench": null, "overtaking": null, "name": null, "traffic_sign:direction": null, "traffic_sign": null, "maxspeed": null }, "geometry": { "type": "Point", "coordinates": [ 36.4563811, 55.2011491 ] } },
{ "type": "Feature", "properties": { "full_id": "n5071071621", "osm_id": "5071071621", "osm_type": "node", "highway": null, "alt_name": null, "passenger_information_display": null, "noexit": null, "tourism": null, "kerb:right": null, "kerb:left": null, "kerb": null, "bicycle": null, "wheelchair": null, "waste": null, "covered": null, "operator": null, "war_memorial": null, "memorial": null, "historic": null, "surface": null, "bin": null, "direction": null, "barrier": null, "crossing:markings": null, "crossing": null, "traffic_calming": null, "shelter": null, "share_taxi": null, "public_transport": null, "bus": null, "bench": null, "overtaking": "no", "name": null, "traffic_sign:direction": "backward", "traffic_sign": "overtaking", "maxspeed": null }, "geometry": { "type": "Point", "coordinates": [ 36.5369842, 55.220225 ] } },
{ "type": "Feature", "properties": { "full_id": "n5338991525", "osm_id": "5338991525", "osm_type": "node", "highway": null, "alt_name": null, "passenger_information_display": null, "noexit": null, "tourism": null, "kerb:right": null, "kerb:left": null, "kerb": null, "bicycle": null, "wheelchair": null, "waste": null, "covered": null, "operator": null, "war_memorial": null, "memorial": null, "historic": null, "surface": null, "bin": null, "direction": null, "barrier": "gate", "crossing:markings": null, "crossing": null, "traffic_calming": null, "shelter": null, "share_taxi": null, "public_transport": null, "bus": null, "bench": null, "overtaking": null, "name": null, "traffic_sign:direction": null, "traffic_sign": null, "maxspeed": null }, "geometry": { "type": "Point", "coordinates": [ 36.4724213, 55.1833456 ] } },
{ "type": "Feature", "properties": { "full_id": "n5589170173", "osm_id": "5589170173", "osm_type": "node", "highway": null, "alt_name": null, "passenger_information_display": null, "noexit": null, "tourism": null, "kerb:right": null, "kerb:left": null, "kerb": null, "bicycle": null, "wheelchair": null, "waste": null, "covered": null, "operator": null, "war_memorial": null, "memorial": null, "historic": null, "surface": null, "bin": null, "direction": null, "barrier": "lift_gate", "crossing:markings": null, "crossing": null, "traffic_calming": null, "shelter": null, "share_taxi": null, "public_transport": null, "bus": null, "bench": null, "overtaking": null, "name": null, "traffic_sign:direction": null, "traffic_sign": null, "maxspeed": null }, "geometry": { "type": "Point", "coordinates": [ 36.5249321, 55.1946942 ] } },
{ "type": "Feature", "properties": { "full_id": "n6780648353", "osm_id": "6780648353", "osm_type": "node", "highway": null, "alt_name": null, "passenger_information_display": null, "noexit": null, "tourism": null, "kerb:right": null, "kerb:left": null, "kerb": null, "bicycle": null, "wheelchair": null, "waste": null, "covered": null, "operator": null, "war_memorial": null, "memorial": null, "historic": null, "surface": null, "bin": null, "direction": null, "barrier": "gate", "crossing:markings": null, "crossing": null, "traffic_calming": null, "shelter": null, "share_taxi": null, "public_transport": null, "bus": null, "bench": null, "overtaking": null, "name": null, "traffic_sign:direction": null, "traffic_sign": null, "maxspeed": null }, "geometry": { "type": "Point", "coordinates": [ 36.4375876, 55.2230242 ] } },
{ "type": "Feature", "properties": { "full_id": "n7040565891", "osm_id": "7040565891", "osm_type": "node", "highway": "give_way", "alt_name": null, "passenger_information_display": null, "noexit": null, "tourism": null, "kerb:right": null, "kerb:left": null, "kerb": null, "bicycle": null, "wheelchair": null, "waste": null, "covered": null, "operator": null, "war_memorial": null, "memorial": null, "historic": null, "surface": null, "bin": null, "direction": "backward", "barrier": null, "crossing:markings": null, "crossing": null, "traffic_calming": null, "shelter": null, "share_taxi": null, "public_transport": null, "bus": null, "bench": null, "overtaking": null, "name": null, "traffic_sign:direction": null, "traffic_sign": null, "maxspeed": null }, "geometry": { "type": "Point", "coordinates": [ 36.477707, 55.2076637 ] } },
{ "type": "Feature", "properties": { "full_id": "n7040565897", "osm_id": "7040565897", "osm_type": "node", "highway": "give_way", "alt_name": null, "passenger_information_display": null, "noexit": null, "tourism": null, "kerb:right": null, "kerb:left": null, "kerb": null, "bicycle": null, "wheelchair": null, "waste": null, "covered": null, "operator": null, "war_memorial": null, "memorial": null, "historic": null, "surface": null, "bin": null, "direction": "backward", "barrier": null, "crossing:markings": null, "crossing": null, "traffic_calming": null, "shelter": null, "share_taxi": null, "public_transport": null, "bus": null, "bench": null, "overtaking": null, "name": null, "traffic_sign:direction": null, "traffic_sign": null, "maxspeed": null }, "geometry": { "type": "Point", "coordinates": [ 36.4737719, 55.2053774 ] } },
{ "type": "Feature", "properties": { "full_id": "n7040565919", "osm_id": "7040565919", "osm_type": "node", "highway": null, "alt_name": null, "passenger_information_display": null, "noexit": null, "tourism": null, "kerb:right": null, "kerb:left": null, "kerb": null, "bicycle": null, "wheelchair": null, "waste": null, "covered": null, "operator": null, "war_memorial": null, "memorial": null, "historic": null, "surface": null, "bin": null, "direction": null, "barrier": null, "crossing:markings": null, "crossing": null, "traffic_calming": null, "shelter": null, "share_taxi": null, "public_transport": null, "bus": null, "bench": null, "overtaking": null, "name": "Роща", "traffic_sign:direction": "backward", "traffic_sign": "city_limit", "maxspeed": null }, "geometry": { "type": "Point", "coordinates": [ 36.5268708, 55.2178631 ] } },
{ "type": "Feature", "properties": { "full_id": "n7041621212", "osm_id": "7041621212", "osm_type": "node", "highway": null, "alt_name": null, "passenger_information_display": null, "noexit": null, "tourism": null, "kerb:right": null, "kerb:left": null, "kerb": null, "bicycle": null, "wheelchair": null, "waste": null, "covered": null, "operator": null, "war_memorial": null, "memorial": null, "historic": null, "surface": null, "bin": null, "direction": null, "barrier": null, "crossing:markings": null, "crossing": null, "traffic_calming": null, "shelter": null, "share_taxi": null, "public_transport": null, "bus": null, "bench": null, "overtaking": "no", "name": null, "traffic_sign:direction": "forward", "traffic_sign": "overtaking", "maxspeed": null }, "geometry": { "type": "Point", "coordinates": [ 36.5151328, 55.2172722 ] } },
{ "type": "Feature", "properties": { "full_id": "n7041621224", "osm_id": "7041621224", "osm_type": "node", "highway": null, "alt_name": null, "passenger_information_display": null, "noexit": null, "tourism": null, "kerb:right": null, "kerb:left": null, "kerb": null, "bicycle": null, "wheelchair": null, "waste": null, "covered": null, "operator": null, "war_memorial": null, "memorial": null, "historic": null, "surface": null, "bin": null, "direction": null, "barrier": null, "crossing:markings": null, "crossing": null, "traffic_calming": null, "shelter": null, "share_taxi": null, "public_transport": null, "bus": null, "bench": null, "overtaking": null, "name": null, "traffic_sign:direction": "forward", "traffic_sign": "maxspeed", "maxspeed": "50" }, "geometry": { "type": "Point", "coordinates": [ 36.5288928, 55.218519 ] } },
{ "type": "Feature", "properties": { "full_id": "n7041621226", "osm_id": "7041621226", "osm_type": "node", "highway": null, "alt_name": null, "passenger_information_display": null, "noexit": null, "tourism": null, "kerb:right": null, "kerb:left": null, "kerb": null, "bicycle": null, "wheelchair": null, "waste": null, "covered": null, "operator": null, "war_memorial": null, "memorial": null, "historic": null, "surface": null, "bin": null, "direction": null, "barrier": null, "crossing:markings": null, "crossing": null, "traffic_calming": null, "shelter": null, "share_taxi": null, "public_transport": null, "bus": null, "bench": null, "overtaking": null, "name": null, "traffic_sign:direction": "backward", "traffic_sign": "maxspeed", "maxspeed": "50" }, "geometry": { "type": "Point", "coordinates": [ 36.5272013, 55.2178239 ] } },
{ "type": "Feature", "properties": { "full_id": "n7041621227", "osm_id": "7041621227", "osm_type": "node", "highway": null, "alt_name": null, "passenger_information_display": null, "noexit": null, "tourism": null, "kerb:right": null, "kerb:left": null, "kerb": null, "bicycle": null, "wheelchair": null, "waste": null, "covered": null, "operator": null, "war_memorial": null, "memorial": null, "historic": null, "surface": null, "bin": null, "direction": null, "barrier": null, "crossing:markings": null, "crossing": null, "traffic_calming": null, "shelter": null, "share_taxi": null, "public_transport": null, "bus": null, "bench": null, "overtaking": null, "name": null, "traffic_sign:direction": "forward", "traffic_sign": "maxspeed", "maxspeed": "70" }, "geometry": { "type": "Point", "coordinates": [ 36.5253934, 55.2184114 ] } },
{ "type": "Feature", "properties": { "full_id": "n7041621272", "osm_id": "7041621272", "osm_type": "node", "highway": null, "alt_name": null, "passenger_information_display": null, "noexit": null, "tourism": null, "kerb:right": null, "kerb:left": null, "kerb": null, "bicycle": null, "wheelchair": null, "waste": null, "covered": null, "operator": null, "war_memorial": null, "memorial": null, "historic": null, "surface": null, "bin": null, "direction": null, "barrier": null, "crossing:markings": null, "crossing": null, "traffic_calming": null, "shelter": null, "share_taxi": null, "public_transport": null, "bus": null, "bench": null, "overtaking": null, "name": "Роща", "traffic_sign:direction": "forward", "traffic_sign": "city_limit", "maxspeed": null }, "geometry": { "type": "Point", "coordinates": [ 36.5292024, 55.2187428 ] } },
{ "type": "Feature", "properties": { "full_id": "n7041621283", "osm_id": "7041621283", "osm_type": "node", "highway": "give_way", "alt_name": null, "passenger_information_display": null, "noexit": null, "tourism": null, "kerb:right": null, "kerb:left": null, "kerb": null, "bicycle": null, "wheelchair": null, "waste": null, "covered": null, "operator": null, "war_memorial": null, "memorial": null, "historic": null, "surface": null, "bin": null, "direction": "forward", "barrier": null, "crossing:markings": null, "crossing": null, "traffic_calming": null, "shelter": null, "share_taxi": null, "public_transport": null, "bus": null, "bench": null, "overtaking": null, "name": null, "traffic_sign:direction": null, "traffic_sign": null, "maxspeed": null }, "geometry": { "type": "Point", "coordinates": [ 36.5504951, 55.2213492 ] } },
{ "type": "Feature", "properties": { "full_id": "n7041621298", "osm_id": "7041621298", "osm_type": "node", "highway": null, "alt_name": null, "passenger_information_display": null, "noexit": null, "tourism": null, "kerb:right": null, "kerb:left": null, "kerb": null, "bicycle": null, "wheelchair": null, "waste": null, "covered": null, "operator": null, "war_memorial": null, "memorial": null, "historic": null, "surface": null, "bin": null, "direction": null, "barrier": null, "crossing:markings": null, "crossing": null, "traffic_calming": null, "shelter": null, "share_taxi": null, "public_transport": null, "bus": null, "bench": null, "overtaking": null, "name": "Русиново", "traffic_sign:direction": "backward", "traffic_sign": "city_limit", "maxspeed": null }, "geometry": { "type": "Point", "coordinates": [ 36.5617017, 55.2223618 ] } },
{ "type": "Feature", "properties": { "full_id": "n7041621320", "osm_id": "7041621320", "osm_type": "node", "highway": null, "alt_name": null, "passenger_information_display": null, "noexit": null, "tourism": null, "kerb:right": null, "kerb:left": null, "kerb": null, "bicycle": null, "wheelchair": null, "waste": null, "covered": null, "operator": null, "war_memorial": null, "memorial": null, "historic": null, "surface": null, "bin": null, "direction": null, "barrier": null, "crossing:markings": null, "crossing": null, "traffic_calming": null, "shelter": null, "share_taxi": null, "public_transport": null, "bus": null, "bench": null, "overtaking": null, "name": null, "traffic_sign:direction": "forward", "traffic_sign": "maxspeed", "maxspeed": "70" }, "geometry": { "type": "Point", "coordinates": [ 36.5357843, 55.2201758 ] } },
{ "type": "Feature", "properties": { "full_id": "n7041621322", "osm_id": "7041621322", "osm_type": "node", "highway": null, "alt_name": null, "passenger_information_display": null, "noexit": null, "tourism": null, "kerb:right": null, "kerb:left": null, "kerb": null, "bicycle": null, "wheelchair": null, "waste": null, "covered": null, "operator": null, "war_memorial": null, "memorial": null, "historic": null, "surface": null, "bin": null, "direction": null, "barrier": null, "crossing:markings": null, "crossing": null, "traffic_calming": null, "shelter": null, "share_taxi": null, "public_transport": null, "bus": null, "bench": null, "overtaking": null, "name": null, "traffic_sign:direction": "forward", "traffic_sign": "maxspeed", "maxspeed": "50" }, "geometry": { "type": "Point", "coordinates": [ 36.533621, 55.2200387 ] } },
{ "type": "Feature", "properties": { "full_id": "n7041621351", "osm_id": "7041621351", "osm_type": "node", "highway": null, "alt_name": null, "passenger_information_display": null, "noexit": null, "tourism": null, "kerb:right": null, "kerb:left": null, "kerb": null, "bicycle": null, "wheelchair": null, "waste": null, "covered": null, "operator": null, "war_memorial": null, "memorial": null, "historic": null, "surface": null, "bin": null, "direction": null, "barrier": null, "crossing:markings": null, "crossing": null, "traffic_calming": null, "shelter": null, "share_taxi": null, "public_transport": null, "bus": null, "bench": null, "overtaking": "yes", "name": null, "traffic_sign:direction": "backward", "traffic_sign": "overtaking", "maxspeed": null }, "geometry": { "type": "Point", "coordinates": [ 36.5151858, 55.2173725 ] } },
{ "type": "Feature", "properties": { "full_id": "n7041621352", "osm_id": "7041621352", "osm_type": "node", "highway": null, "alt_name": null, "passenger_information_display": null, "noexit": null, "tourism": null, "kerb:right": null, "kerb:left": null, "kerb": null, "bicycle": null, "wheelchair": null, "waste": null, "covered": null, "operator": null, "war_memorial": null, "memorial": null, "historic": null, "surface": null, "bin": null, "direction": null, "barrier": null, "crossing:markings": null, "crossing": null, "traffic_calming": null, "shelter": null, "share_taxi": null, "public_transport": null, "bus": null, "bench": null, "overtaking": "no", "name": null, "traffic_sign:direction": "forward", "traffic_sign": "maxspeed;overtaking", "maxspeed": "50" }, "geometry": { "type": "Point", "coordinates": [ 36.5133111, 55.2162867 ] } },
{ "type": "Feature", "properties": { "full_id": "n7041621353", "osm_id": "7041621353", "osm_type": "node", "highway": null, "alt_name": null, "passenger_information_display": null, "noexit": null, "tourism": null, "kerb:right": null, "kerb:left": null, "kerb": null, "bicycle": null, "wheelchair": null, "waste": null, "covered": null, "operator": null, "war_memorial": null, "memorial": null, "historic": null, "surface": null, "bin": null, "direction": null, "barrier": null, "crossing:markings": null, "crossing": null, "traffic_calming": null, "shelter": null, "share_taxi": null, "public_transport": null, "bus": null, "bench": null, "overtaking": "no", "name": null, "traffic_sign:direction": "backward", "traffic_sign": "overtaking", "maxspeed": null }, "geometry": { "type": "Point", "coordinates": [ 36.5132819, 55.2162791 ] } },
{ "type": "Feature", "properties": { "full_id": "n7041621354", "osm_id": "7041621354", "osm_type": "node", "highway": null, "alt_name": null, "passenger_information_display": null, "noexit": null, "tourism": null, "kerb:right": null, "kerb:left": null, "kerb": null, "bicycle": null, "wheelchair": null, "waste": null, "covered": null, "operator": null, "war_memorial": null, "memorial": null, "historic": null, "surface": null, "bin": null, "direction": null, "barrier": null, "crossing:markings": null, "crossing": null, "traffic_calming": null, "shelter": null, "share_taxi": null, "public_transport": null, "bus": null, "bench": null, "overtaking": "no", "name": null, "traffic_sign:direction": "backward", "traffic_sign": "maxspeed;overtaking", "maxspeed": "50" }, "geometry": { "type": "Point", "coordinates": [ 36.508574, 55.2152017 ] } },
{ "type": "Feature", "properties": { "full_id": "n7041621358", "osm_id": "7041621358", "osm_type": "node", "highway": null, "alt_name": null, "passenger_information_display": null, "noexit": null, "tourism": null, "kerb:right": null, "kerb:left": null, "kerb": null, "bicycle": null, "wheelchair": null, "waste": null, "covered": null, "operator": null, "war_memorial": null, "memorial": null, "historic": null, "surface": null, "bin": null, "direction": null, "barrier": null, "crossing:markings": null, "crossing": null, "traffic_calming": null, "shelter": null, "share_taxi": null, "public_transport": null, "bus": null, "bench": null, "overtaking": "no", "name": null, "traffic_sign:direction": "backward", "traffic_sign": "maxspeed;overtaking", "maxspeed": "40" }, "geometry": { "type": "Point", "coordinates": [ 36.5042456, 55.2139577 ] } },
{ "type": "Feature", "properties": { "full_id": "n7041621360", "osm_id": "7041621360", "osm_type": "node", "highway": "crossing", "alt_name": null, "passenger_information_display": null, "noexit": null, "tourism": null, "kerb:right": null, "kerb:left": null, "kerb": null, "bicycle": null, "wheelchair": null, "waste": null, "covered": null, "operator": null, "war_memorial": null, "memorial": null, "historic": null, "surface": null, "bin": null, "direction": null, "barrier": null, "crossing:markings": null, "crossing": "uncontrolled", "traffic_calming": null, "shelter": null, "share_taxi": null, "public_transport": null, "bus": null, "bench": null, "overtaking": null, "name": null, "traffic_sign:direction": null, "traffic_sign": null, "maxspeed": null }, "geometry": { "type": "Point", "coordinates": [ 36.503702, 55.2137133 ] } },
{ "type": "Feature", "properties": { "full_id": "n7041621362", "osm_id": "7041621362", "osm_type": "node", "highway": null, "alt_name": null, "passenger_information_display": null, "noexit": null, "tourism": null, "kerb:right": null, "kerb:left": null, "kerb": null, "bicycle": null, "wheelchair": null, "waste": null, "covered": null, "operator": null, "war_memorial": null, "memorial": null, "historic": null, "surface": "asphalt", "bin": null, "direction": "both", "barrier": null, "crossing:markings": null, "crossing": null, "traffic_calming": "hump", "shelter": null, "share_taxi": null, "public_transport": null, "bus": null, "bench": null, "overtaking": null, "name": null, "traffic_sign:direction": null, "traffic_sign": null, "maxspeed": null }, "geometry": { "type": "Point", "coordinates": [ 36.5020282, 55.2131518 ] } },
{ "type": "Feature", "properties": { "full_id": "n7041621363", "osm_id": "7041621363", "osm_type": "node", "highway": null, "alt_name": null, "passenger_information_display": null, "noexit": null, "tourism": null, "kerb:right": null, "kerb:left": null, "kerb": null, "bicycle": null, "wheelchair": null, "waste": null, "covered": null, "operator": null, "war_memorial": null, "memorial": null, "historic": null, "surface": "asphalt", "bin": null, "direction": "both", "barrier": null, "crossing:markings": null, "crossing": null, "traffic_calming": "bump", "shelter": null, "share_taxi": null, "public_transport": null, "bus": null, "bench": null, "overtaking": null, "name": null, "traffic_sign:direction": null, "traffic_sign": null, "maxspeed": null }, "geometry": { "type": "Point", "coordinates": [ 36.5009816, 55.2128037 ] } },
{ "type": "Feature", "properties": { "full_id": "n7041621364", "osm_id": "7041621364", "osm_type": "node", "highway": null, "alt_name": null, "passenger_information_display": null, "noexit": null, "tourism": null, "kerb:right": null, "kerb:left": null, "kerb": null, "bicycle": null, "wheelchair": null, "waste": null, "covered": null, "operator": null, "war_memorial": null, "memorial": null, "historic": null, "surface": null, "bin": null, "direction": null, "barrier": null, "crossing:markings": null, "crossing": null, "traffic_calming": null, "shelter": null, "share_taxi": null, "public_transport": null, "bus": null, "bench": null, "overtaking": "no", "name": null, "traffic_sign:direction": "forward", "traffic_sign": "maxspeed;overtaking", "maxspeed": "40" }, "geometry": { "type": "Point", "coordinates": [ 36.4967953, 55.2115021 ] } },
{ "type": "Feature", "properties": { "full_id": "n7041621365", "osm_id": "7041621365", "osm_type": "node", "highway": null, "alt_name": null, "passenger_information_display": null, "noexit": null, "tourism": null, "kerb:right": null, "kerb:left": null, "kerb": null, "bicycle": null, "wheelchair": null, "waste": null, "covered": null, "operator": null, "war_memorial": null, "memorial": null, "historic": null, "surface": null, "bin": null, "direction": null, "barrier": null, "crossing:markings": null, "crossing": null, "traffic_calming": null, "shelter": null, "share_taxi": null, "public_transport": null, "bus": null, "bench": null, "overtaking": "no", "name": null, "traffic_sign:direction": "backward", "traffic_sign": "maxspeed;overtaking", "maxspeed": "40" }, "geometry": { "type": "Point", "coordinates": [ 36.4942481, 55.2106853 ] } },
{ "type": "Feature", "properties": { "full_id": "n7041621380", "osm_id": "7041621380", "osm_type": "node", "highway": null, "alt_name": null, "passenger_information_display": null, "noexit": null, "tourism": null, "kerb:right": null, "kerb:left": null, "kerb": null, "bicycle": null, "wheelchair": null, "waste": null, "covered": null, "operator": null, "war_memorial": null, "memorial": null, "historic": null, "surface": null, "bin": null, "direction": null, "barrier": null, "crossing:markings": null, "crossing": null, "traffic_calming": null, "shelter": null, "share_taxi": null, "public_transport": null, "bus": null, "bench": null, "overtaking": "no", "name": null, "traffic_sign:direction": "backward", "traffic_sign": "maxspeed;overtaking", "maxspeed": "50" }, "geometry": { "type": "Point", "coordinates": [ 36.4886323, 55.2090962 ] } },
{ "type": "Feature", "properties": { "full_id": "n7041621381", "osm_id": "7041621381", "osm_type": "node", "highway": null, "alt_name": null, "passenger_information_display": null, "noexit": null, "tourism": null, "kerb:right": null, "kerb:left": null, "kerb": null, "bicycle": null, "wheelchair": null, "waste": null, "covered": null, "operator": null, "war_memorial": null, "memorial": null, "historic": null, "surface": null, "bin": null, "direction": null, "barrier": null, "crossing:markings": null, "crossing": null, "traffic_calming": null, "shelter": null, "share_taxi": null, "public_transport": null, "bus": null, "bench": null, "overtaking": "no", "name": null, "traffic_sign:direction": "forward", "traffic_sign": "overtaking", "maxspeed": null }, "geometry": { "type": "Point", "coordinates": [ 36.4874819, 55.2087619 ] } },
{ "type": "Feature", "properties": { "full_id": "n7450417779", "osm_id": "7450417779", "osm_type": "node", "highway": "give_way", "alt_name": null, "passenger_information_display": null, "noexit": null, "tourism": null, "kerb:right": null, "kerb:left": null, "kerb": null, "bicycle": null, "wheelchair": null, "waste": null, "covered": null, "operator": null, "war_memorial": null, "memorial": null, "historic": null, "surface": null, "bin": null, "direction": "forward", "barrier": null, "crossing:markings": null, "crossing": null, "traffic_calming": null, "shelter": null, "share_taxi": null, "public_transport": null, "bus": null, "bench": null, "overtaking": null, "name": null, "traffic_sign:direction": null, "traffic_sign": null, "maxspeed": null }, "geometry": { "type": "Point", "coordinates": [ 36.474462, 55.1918796 ] } },
{ "type": "Feature", "properties": { "full_id": "n7450417780", "osm_id": "7450417780", "osm_type": "node", "highway": "crossing", "alt_name": null, "passenger_information_display": null, "noexit": null, "tourism": null, "kerb:right": null, "kerb:left": null, "kerb": null, "bicycle": null, "wheelchair": null, "waste": null, "covered": null, "operator": null, "war_memorial": null, "memorial": null, "historic": null, "surface": null, "bin": null, "direction": null, "barrier": null, "crossing:markings": null, "crossing": "marked", "traffic_calming": null, "shelter": null, "share_taxi": null, "public_transport": null, "bus": null, "bench": null, "overtaking": null, "name": null, "traffic_sign:direction": null, "traffic_sign": null, "maxspeed": null }, "geometry": { "type": "Point", "coordinates": [ 36.47498, 55.1909811 ] } },
{ "type": "Feature", "properties": { "full_id": "n7450464880", "osm_id": "7450464880", "osm_type": "node", "highway": null, "alt_name": null, "passenger_information_display": null, "noexit": null, "tourism": null, "kerb:right": null, "kerb:left": null, "kerb": null, "bicycle": null, "wheelchair": null, "waste": null, "covered": null, "operator": null, "war_memorial": null, "memorial": null, "historic": null, "surface": null, "bin": null, "direction": null, "barrier": null, "crossing:markings": null, "crossing": null, "traffic_calming": null, "shelter": null, "share_taxi": null, "public_transport": null, "bus": null, "bench": null, "overtaking": null, "name": "Боровск", "traffic_sign:direction": null, "traffic_sign": "city_limit", "maxspeed": null }, "geometry": { "type": "Point", "coordinates": [ 36.4764233, 55.1869953 ] } },
{ "type": "Feature", "properties": { "full_id": "n7450471537", "osm_id": "7450471537", "osm_type": "node", "highway": "bus_stop", "alt_name": null, "passenger_information_display": null, "noexit": null, "tourism": null, "kerb:right": null, "kerb:left": null, "kerb": null, "bicycle": null, "wheelchair": null, "waste": null, "covered": null, "operator": null, "war_memorial": null, "memorial": null, "historic": null, "surface": null, "bin": "no", "direction": null, "barrier": null, "crossing:markings": null, "crossing": null, "traffic_calming": null, "shelter": "no", "share_taxi": null, "public_transport": "platform", "bus": null, "bench": "no", "overtaking": null, "name": null, "traffic_sign:direction": null, "traffic_sign": null, "maxspeed": null }, "geometry": { "type": "Point", "coordinates": [ 36.4660826, 55.1957804 ] } },
{ "type": "Feature", "properties": { "full_id": "n7450471538", "osm_id": "7450471538", "osm_type": "node", "highway": "bus_stop", "alt_name": null, "passenger_information_display": null, "noexit": null, "tourism": null, "kerb:right": null, "kerb:left": null, "kerb": null, "bicycle": null, "wheelchair": null, "waste": null, "covered": null, "operator": null, "war_memorial": null, "memorial": null, "historic": null, "surface": null, "bin": "yes", "direction": null, "barrier": null, "crossing:markings": null, "crossing": null, "traffic_calming": null, "shelter": "yes", "share_taxi": null, "public_transport": "platform", "bus": null, "bench": "yes", "overtaking": null, "name": "ул. Некрасова", "traffic_sign:direction": null, "traffic_sign": null, "maxspeed": null }, "geometry": { "type": "Point", "coordinates": [ 36.4654845, 55.1961004 ] } },
{ "type": "Feature", "properties": { "full_id": "n7450471539", "osm_id": "7450471539", "osm_type": "node", "highway": "crossing", "alt_name": null, "passenger_information_display": null, "noexit": null, "tourism": null, "kerb:right": null, "kerb:left": null, "kerb": null, "bicycle": null, "wheelchair": null, "waste": null, "covered": null, "operator": null, "war_memorial": null, "memorial": null, "historic": null, "surface": null, "bin": null, "direction": null, "barrier": null, "crossing:markings": null, "crossing": "uncontrolled", "traffic_calming": null, "shelter": null, "share_taxi": null, "public_transport": null, "bus": null, "bench": null, "overtaking": null, "name": null, "traffic_sign:direction": null, "traffic_sign": null, "maxspeed": null }, "geometry": { "type": "Point", "coordinates": [ 36.4660937, 55.1956456 ] } },
{ "type": "Feature", "properties": { "full_id": "n7450477295", "osm_id": "7450477295", "osm_type": "node", "highway": null, "alt_name": null, "passenger_information_display": null, "noexit": null, "tourism": null, "kerb:right": null, "kerb:left": null, "kerb": null, "bicycle": null, "wheelchair": null, "waste": null, "covered": null, "operator": null, "war_memorial": null, "memorial": null, "historic": null, "surface": null, "bin": null, "direction": null, "barrier": "gate", "crossing:markings": null, "crossing": null, "traffic_calming": null, "shelter": null, "share_taxi": null, "public_transport": null, "bus": null, "bench": null, "overtaking": null, "name": null, "traffic_sign:direction": null, "traffic_sign": null, "maxspeed": null }, "geometry": { "type": "Point", "coordinates": [ 36.4629413, 55.1963848 ] } },
{ "type": "Feature", "properties": { "full_id": "n7450477491", "osm_id": "7450477491", "osm_type": "node", "highway": null, "alt_name": null, "passenger_information_display": null, "noexit": null, "tourism": null, "kerb:right": null, "kerb:left": null, "kerb": null, "bicycle": null, "wheelchair": null, "waste": null, "covered": null, "operator": null, "war_memorial": null, "memorial": null, "historic": null, "surface": null, "bin": null, "direction": null, "barrier": "gate", "crossing:markings": null, "crossing": null, "traffic_calming": null, "shelter": null, "share_taxi": null, "public_transport": null, "bus": null, "bench": null, "overtaking": null, "name": null, "traffic_sign:direction": null, "traffic_sign": null, "maxspeed": null }, "geometry": { "type": "Point", "coordinates": [ 36.4751319, 55.1894579 ] } },
{ "type": "Feature", "properties": { "full_id": "n7450493700", "osm_id": "7450493700", "osm_type": "node", "highway": null, "alt_name": null, "passenger_information_display": null, "noexit": null, "tourism": null, "kerb:right": null, "kerb:left": null, "kerb": null, "bicycle": null, "wheelchair": null, "waste": null, "covered": null, "operator": null, "war_memorial": null, "memorial": null, "historic": null, "surface": null, "bin": null, "direction": null, "barrier": "chain", "crossing:markings": null, "crossing": null, "traffic_calming": null, "shelter": null, "share_taxi": null, "public_transport": null, "bus": null, "bench": null, "overtaking": null, "name": null, "traffic_sign:direction": null, "traffic_sign": null, "maxspeed": null }, "geometry": { "type": "Point", "coordinates": [ 36.4638376, 55.2048058 ] } },
{ "type": "Feature", "properties": { "full_id": "n7450519784", "osm_id": "7450519784", "osm_type": "node", "highway": "give_way", "alt_name": null, "passenger_information_display": null, "noexit": null, "tourism": null, "kerb:right": null, "kerb:left": null, "kerb": null, "bicycle": null, "wheelchair": null, "waste": null, "covered": null, "operator": null, "war_memorial": null, "memorial": null, "historic": null, "surface": null, "bin": null, "direction": "backward", "barrier": null, "crossing:markings": null, "crossing": null, "traffic_calming": null, "shelter": null, "share_taxi": null, "public_transport": null, "bus": null, "bench": null, "overtaking": null, "name": null, "traffic_sign:direction": null, "traffic_sign": null, "maxspeed": null }, "geometry": { "type": "Point", "coordinates": [ 36.4631288, 55.2024799 ] } },
{ "type": "Feature", "properties": { "full_id": "n7452809312", "osm_id": "7452809312", "osm_type": "node", "highway": "stop", "alt_name": null, "passenger_information_display": null, "noexit": null, "tourism": null, "kerb:right": null, "kerb:left": null, "kerb": null, "bicycle": null, "wheelchair": null, "waste": null, "covered": null, "operator": null, "war_memorial": null, "memorial": null, "historic": null, "surface": null, "bin": null, "direction": null, "barrier": null, "crossing:markings": null, "crossing": null, "traffic_calming": null, "shelter": null, "share_taxi": null, "public_transport": null, "bus": null, "bench": null, "overtaking": null, "name": null, "traffic_sign:direction": null, "traffic_sign": null, "maxspeed": null }, "geometry": { "type": "Point", "coordinates": [ 36.4846675, 55.2040256 ] } },
{ "type": "Feature", "properties": { "full_id": "n7452809313", "osm_id": "7452809313", "osm_type": "node", "highway": "give_way", "alt_name": null, "passenger_information_display": null, "noexit": null, "tourism": null, "kerb:right": null, "kerb:left": null, "kerb": null, "bicycle": null, "wheelchair": null, "waste": null, "covered": null, "operator": null, "war_memorial": null, "memorial": null, "historic": null, "surface": null, "bin": null, "direction": "backward", "barrier": null, "crossing:markings": null, "crossing": null, "traffic_calming": null, "shelter": null, "share_taxi": null, "public_transport": null, "bus": null, "bench": null, "overtaking": null, "name": null, "traffic_sign:direction": null, "traffic_sign": null, "maxspeed": null }, "geometry": { "type": "Point", "coordinates": [ 36.4825677, 55.2038031 ] } },
{ "type": "Feature", "properties": { "full_id": "n7452819131", "osm_id": "7452819131", "osm_type": "node", "highway": null, "alt_name": null, "passenger_information_display": null, "noexit": null, "tourism": null, "kerb:right": null, "kerb:left": null, "kerb": null, "bicycle": null, "wheelchair": null, "waste": null, "covered": null, "operator": null, "war_memorial": null, "memorial": null, "historic": null, "surface": null, "bin": null, "direction": null, "barrier": "gate", "crossing:markings": null, "crossing": null, "traffic_calming": null, "shelter": null, "share_taxi": null, "public_transport": null, "bus": null, "bench": null, "overtaking": null, "name": null, "traffic_sign:direction": null, "traffic_sign": null, "maxspeed": null }, "geometry": { "type": "Point", "coordinates": [ 36.4858266, 55.2040978 ] } },
{ "type": "Feature", "properties": { "full_id": "n7452955680", "osm_id": "7452955680", "osm_type": "node", "highway": "give_way", "alt_name": null, "passenger_information_display": null, "noexit": null, "tourism": null, "kerb:right": null, "kerb:left": null, "kerb": null, "bicycle": null, "wheelchair": null, "waste": null, "covered": null, "operator": null, "war_memorial": null, "memorial": null, "historic": null, "surface": null, "bin": null, "direction": null, "barrier": null, "crossing:markings": null, "crossing": null, "traffic_calming": null, "shelter": null, "share_taxi": null, "public_transport": null, "bus": null, "bench": null, "overtaking": null, "name": null, "traffic_sign:direction": null, "traffic_sign": null, "maxspeed": null }, "geometry": { "type": "Point", "coordinates": [ 36.4944772, 55.2018669 ] } },
{ "type": "Feature", "properties": { "full_id": "n7452956463", "osm_id": "7452956463", "osm_type": "node", "highway": null, "alt_name": null, "passenger_information_display": null, "noexit": null, "tourism": null, "kerb:right": null, "kerb:left": null, "kerb": null, "bicycle": null, "wheelchair": null, "waste": null, "covered": null, "operator": null, "war_memorial": null, "memorial": null, "historic": null, "surface": null, "bin": null, "direction": null, "barrier": null, "crossing:markings": null, "crossing": null, "traffic_calming": null, "shelter": null, "share_taxi": null, "public_transport": null, "bus": null, "bench": null, "overtaking": null, "name": null, "traffic_sign:direction": null, "traffic_sign": null, "maxspeed": null }, "geometry": { "type": "Point", "coordinates": [ 36.5001574, 55.202503 ] } },
{ "type": "Feature", "properties": { "full_id": "n7452975852", "osm_id": "7452975852", "osm_type": "node", "highway": null, "alt_name": null, "passenger_information_display": null, "noexit": null, "tourism": null, "kerb:right": null, "kerb:left": null, "kerb": null, "bicycle": null, "wheelchair": null, "waste": null, "covered": null, "operator": null, "war_memorial": null, "memorial": null, "historic": null, "surface": null, "bin": null, "direction": null, "barrier": null, "crossing:markings": null, "crossing": null, "traffic_calming": "bump", "shelter": null, "share_taxi": null, "public_transport": null, "bus": null, "bench": null, "overtaking": null, "name": null, "traffic_sign:direction": null, "traffic_sign": null, "maxspeed": null }, "geometry": { "type": "Point", "coordinates": [ 36.4962519, 55.2018849 ] } },
{ "type": "Feature", "properties": { "full_id": "n7453472154", "osm_id": "7453472154", "osm_type": "node", "highway": null, "alt_name": null, "passenger_information_display": null, "noexit": null, "tourism": null, "kerb:right": null, "kerb:left": null, "kerb": null, "bicycle": null, "wheelchair": null, "waste": null, "covered": null, "operator": null, "war_memorial": null, "memorial": null, "historic": null, "surface": null, "bin": null, "direction": null, "barrier": null, "crossing:markings": null, "crossing": null, "traffic_calming": "bump", "shelter": null, "share_taxi": null, "public_transport": null, "bus": null, "bench": null, "overtaking": null, "name": null, "traffic_sign:direction": null, "traffic_sign": null, "maxspeed": null }, "geometry": { "type": "Point", "coordinates": [ 36.5040171, 55.2045517 ] } },
{ "type": "Feature", "properties": { "full_id": "n7453507969", "osm_id": "7453507969", "osm_type": "node", "highway": null, "alt_name": null, "passenger_information_display": null, "noexit": null, "tourism": null, "kerb:right": null, "kerb:left": null, "kerb": null, "bicycle": null, "wheelchair": null, "waste": null, "covered": null, "operator": null, "war_memorial": null, "memorial": null, "historic": null, "surface": null, "bin": null, "direction": null, "barrier": null, "crossing:markings": null, "crossing": null, "traffic_calming": "bump", "shelter": null, "share_taxi": null, "public_transport": null, "bus": null, "bench": null, "overtaking": null, "name": null, "traffic_sign:direction": null, "traffic_sign": null, "maxspeed": null }, "geometry": { "type": "Point", "coordinates": [ 36.5050743, 55.2058699 ] } },
{ "type": "Feature", "properties": { "full_id": "n7453615822", "osm_id": "7453615822", "osm_type": "node", "highway": "give_way", "alt_name": null, "passenger_information_display": null, "noexit": null, "tourism": null, "kerb:right": null, "kerb:left": null, "kerb": null, "bicycle": null, "wheelchair": null, "waste": null, "covered": null, "operator": null, "war_memorial": null, "memorial": null, "historic": null, "surface": null, "bin": null, "direction": null, "barrier": null, "crossing:markings": null, "crossing": null, "traffic_calming": null, "shelter": null, "share_taxi": null, "public_transport": null, "bus": null, "bench": null, "overtaking": null, "name": null, "traffic_sign:direction": null, "traffic_sign": null, "maxspeed": null }, "geometry": { "type": "Point", "coordinates": [ 36.5033525, 55.202026 ] } },
{ "type": "Feature", "properties": { "full_id": "n7453616368", "osm_id": "7453616368", "osm_type": "node", "highway": null, "alt_name": null, "passenger_information_display": null, "noexit": null, "tourism": null, "kerb:right": null, "kerb:left": null, "kerb": null, "bicycle": null, "wheelchair": null, "waste": null, "covered": null, "operator": null, "war_memorial": null, "memorial": null, "historic": null, "surface": null, "bin": null, "direction": null, "barrier": null, "crossing:markings": null, "crossing": null, "traffic_calming": "bump", "shelter": null, "share_taxi": null, "public_transport": null, "bus": null, "bench": null, "overtaking": null, "name": null, "traffic_sign:direction": null, "traffic_sign": null, "maxspeed": null }, "geometry": { "type": "Point", "coordinates": [ 36.5033526, 55.2030243 ] } },
{ "type": "Feature", "properties": { "full_id": "n7453908084", "osm_id": "7453908084", "osm_type": "node", "highway": null, "alt_name": null, "passenger_information_display": null, "noexit": null, "tourism": null, "kerb:right": null, "kerb:left": null, "kerb": null, "bicycle": null, "wheelchair": null, "waste": null, "covered": null, "operator": null, "war_memorial": null, "memorial": null, "historic": null, "surface": null, "bin": null, "direction": null, "barrier": "gate", "crossing:markings": null, "crossing": null, "traffic_calming": null, "shelter": null, "share_taxi": null, "public_transport": null, "bus": null, "bench": null, "overtaking": null, "name": null, "traffic_sign:direction": null, "traffic_sign": null, "maxspeed": null }, "geometry": { "type": "Point", "coordinates": [ 36.4957164, 55.1965083 ] } },
{ "type": "Feature", "properties": { "full_id": "n7454010661", "osm_id": "7454010661", "osm_type": "node", "highway": "crossing", "alt_name": null, "passenger_information_display": null, "noexit": null, "tourism": null, "kerb:right": null, "kerb:left": null, "kerb": null, "bicycle": null, "wheelchair": null, "waste": null, "covered": null, "operator": null, "war_memorial": null, "memorial": null, "historic": null, "surface": null, "bin": null, "direction": null, "barrier": null, "crossing:markings": null, "crossing": "uncontrolled", "traffic_calming": null, "shelter": null, "share_taxi": null, "public_transport": null, "bus": null, "bench": null, "overtaking": null, "name": null, "traffic_sign:direction": null, "traffic_sign": null, "maxspeed": null }, "geometry": { "type": "Point", "coordinates": [ 36.5005276, 55.200177 ] } },
{ "type": "Feature", "properties": { "full_id": "n7454010662", "osm_id": "7454010662", "osm_type": "node", "highway": null, "alt_name": null, "passenger_information_display": null, "noexit": null, "tourism": null, "kerb:right": null, "kerb:left": null, "kerb": null, "bicycle": null, "wheelchair": null, "waste": null, "covered": null, "operator": null, "war_memorial": null, "memorial": null, "historic": null, "surface": null, "bin": null, "direction": null, "barrier": null, "crossing:markings": null, "crossing": null, "traffic_calming": "bump", "shelter": null, "share_taxi": null, "public_transport": null, "bus": null, "bench": null, "overtaking": null, "name": null, "traffic_sign:direction": null, "traffic_sign": null, "maxspeed": null }, "geometry": { "type": "Point", "coordinates": [ 36.5008154, 55.2002588 ] } },
{ "type": "Feature", "properties": { "full_id": "n7454082793", "osm_id": "7454082793", "osm_type": "node", "highway": "crossing", "alt_name": null, "passenger_information_display": null, "noexit": null, "tourism": null, "kerb:right": null, "kerb:left": null, "kerb": null, "bicycle": null, "wheelchair": null, "waste": null, "covered": null, "operator": null, "war_memorial": null, "memorial": null, "historic": null, "surface": null, "bin": null, "direction": null, "barrier": null, "crossing:markings": null, "crossing": null, "traffic_calming": null, "shelter": null, "share_taxi": null, "public_transport": null, "bus": null, "bench": null, "overtaking": null, "name": null, "traffic_sign:direction": null, "traffic_sign": null, "maxspeed": null }, "geometry": { "type": "Point", "coordinates": [ 36.492443, 55.1987639 ] } },
{ "type": "Feature", "properties": { "full_id": "n7454082798", "osm_id": "7454082798", "osm_type": "node", "highway": "give_way", "alt_name": null, "passenger_information_display": null, "noexit": null, "tourism": null, "kerb:right": null, "kerb:left": null, "kerb": null, "bicycle": null, "wheelchair": null, "waste": null, "covered": null, "operator": null, "war_memorial": null, "memorial": null, "historic": null, "surface": null, "bin": null, "direction": null, "barrier": null, "crossing:markings": null, "crossing": null, "traffic_calming": null, "shelter": null, "share_taxi": null, "public_transport": null, "bus": null, "bench": null, "overtaking": null, "name": null, "traffic_sign:direction": null, "traffic_sign": null, "maxspeed": null }, "geometry": { "type": "Point", "coordinates": [ 36.4938081, 55.1982621 ] } },
{ "type": "Feature", "properties": { "full_id": "n7454082799", "osm_id": "7454082799", "osm_type": "node", "highway": "give_way", "alt_name": null, "passenger_information_display": null, "noexit": null, "tourism": null, "kerb:right": null, "kerb:left": null, "kerb": null, "bicycle": null, "wheelchair": null, "waste": null, "covered": null, "operator": null, "war_memorial": null, "memorial": null, "historic": null, "surface": null, "bin": null, "direction": null, "barrier": null, "crossing:markings": null, "crossing": null, "traffic_calming": null, "shelter": null, "share_taxi": null, "public_transport": null, "bus": null, "bench": null, "overtaking": null, "name": null, "traffic_sign:direction": null, "traffic_sign": null, "maxspeed": null }, "geometry": { "type": "Point", "coordinates": [ 36.4946346, 55.1986218 ] } },
{ "type": "Feature", "properties": { "full_id": "n7454629520", "osm_id": "7454629520", "osm_type": "node", "highway": "give_way", "alt_name": null, "passenger_information_display": null, "noexit": null, "tourism": null, "kerb:right": null, "kerb:left": null, "kerb": null, "bicycle": null, "wheelchair": null, "waste": null, "covered": null, "operator": null, "war_memorial": null, "memorial": null, "historic": null, "surface": null, "bin": null, "direction": null, "barrier": null, "crossing:markings": null, "crossing": null, "traffic_calming": null, "shelter": null, "share_taxi": null, "public_transport": null, "bus": null, "bench": null, "overtaking": null, "name": null, "traffic_sign:direction": null, "traffic_sign": null, "maxspeed": null }, "geometry": { "type": "Point", "coordinates": [ 36.4993459, 55.194643 ] } },
{ "type": "Feature", "properties": { "full_id": "n7454831207", "osm_id": "7454831207", "osm_type": "node", "highway": "give_way", "alt_name": null, "passenger_information_display": null, "noexit": null, "tourism": null, "kerb:right": null, "kerb:left": null, "kerb": null, "bicycle": null, "wheelchair": null, "waste": null, "covered": null, "operator": null, "war_memorial": null, "memorial": null, "historic": null, "surface": null, "bin": null, "direction": null, "barrier": null, "crossing:markings": null, "crossing": null, "traffic_calming": null, "shelter": null, "share_taxi": null, "public_transport": null, "bus": null, "bench": null, "overtaking": null, "name": null, "traffic_sign:direction": null, "traffic_sign": null, "maxspeed": null }, "geometry": { "type": "Point", "coordinates": [ 36.5183787, 55.1859263 ] } },
{ "type": "Feature", "properties": { "full_id": "n7455057696", "osm_id": "7455057696", "osm_type": "node", "highway": null, "alt_name": null, "passenger_information_display": null, "noexit": null, "tourism": null, "kerb:right": null, "kerb:left": null, "kerb": null, "bicycle": null, "wheelchair": null, "waste": null, "covered": null, "operator": null, "war_memorial": null, "memorial": null, "historic": null, "surface": null, "bin": null, "direction": null, "barrier": "gate", "crossing:markings": null, "crossing": null, "traffic_calming": null, "shelter": null, "share_taxi": null, "public_transport": null, "bus": null, "bench": null, "overtaking": null, "name": null, "traffic_sign:direction": null, "traffic_sign": null, "maxspeed": null }, "geometry": { "type": "Point", "coordinates": [ 36.5048352, 55.2187853 ] } },
{ "type": "Feature", "properties": { "full_id": "n7455057705", "osm_id": "7455057705", "osm_type": "node", "highway": null, "alt_name": null, "passenger_information_display": null, "noexit": null, "tourism": null, "kerb:right": null, "kerb:left": null, "kerb": null, "bicycle": null, "wheelchair": null, "waste": null, "covered": null, "operator": null, "war_memorial": null, "memorial": null, "historic": null, "surface": null, "bin": null, "direction": null, "barrier": "gate", "crossing:markings": null, "crossing": null, "traffic_calming": null, "shelter": null, "share_taxi": null, "public_transport": null, "bus": null, "bench": null, "overtaking": null, "name": null, "traffic_sign:direction": null, "traffic_sign": null, "maxspeed": null }, "geometry": { "type": "Point", "coordinates": [ 36.5051195, 55.2199282 ] } },
{ "type": "Feature", "properties": { "full_id": "n7455057717", "osm_id": "7455057717", "osm_type": "node", "highway": null, "alt_name": null, "passenger_information_display": null, "noexit": null, "tourism": null, "kerb:right": null, "kerb:left": null, "kerb": null, "bicycle": null, "wheelchair": null, "waste": null, "covered": null, "operator": null, "war_memorial": null, "memorial": null, "historic": null, "surface": null, "bin": null, "direction": null, "barrier": "gate", "crossing:markings": null, "crossing": null, "traffic_calming": null, "shelter": null, "share_taxi": null, "public_transport": null, "bus": null, "bench": null, "overtaking": null, "name": null, "traffic_sign:direction": null, "traffic_sign": null, "maxspeed": null }, "geometry": { "type": "Point", "coordinates": [ 36.5048358, 55.221206 ] } },
{ "type": "Feature", "properties": { "full_id": "n7455057727", "osm_id": "7455057727", "osm_type": "node", "highway": null, "alt_name": null, "passenger_information_display": null, "noexit": null, "tourism": null, "kerb:right": null, "kerb:left": null, "kerb": null, "bicycle": null, "wheelchair": null, "waste": null, "covered": null, "operator": null, "war_memorial": null, "memorial": null, "historic": null, "surface": null, "bin": null, "direction": null, "barrier": "gate", "crossing:markings": null, "crossing": null, "traffic_calming": null, "shelter": null, "share_taxi": null, "public_transport": null, "bus": null, "bench": null, "overtaking": null, "name": null, "traffic_sign:direction": null, "traffic_sign": null, "maxspeed": null }, "geometry": { "type": "Point", "coordinates": [ 36.5040844, 55.2208674 ] } },
{ "type": "Feature", "properties": { "full_id": "n7455082636", "osm_id": "7455082636", "osm_type": "node", "highway": null, "alt_name": null, "passenger_information_display": null, "noexit": null, "tourism": null, "kerb:right": null, "kerb:left": null, "kerb": null, "bicycle": null, "wheelchair": null, "waste": null, "covered": null, "operator": null, "war_memorial": null, "memorial": null, "historic": null, "surface": null, "bin": null, "direction": null, "barrier": "gate", "crossing:markings": null, "crossing": null, "traffic_calming": null, "shelter": null, "share_taxi": null, "public_transport": null, "bus": null, "bench": null, "overtaking": null, "name": null, "traffic_sign:direction": null, "traffic_sign": null, "maxspeed": null }, "geometry": { "type": "Point", "coordinates": [ 36.503934, 55.218279 ] } },
{ "type": "Feature", "properties": { "full_id": "n7456605068", "osm_id": "7456605068", "osm_type": "node", "highway": "crossing", "alt_name": null, "passenger_information_display": null, "noexit": null, "tourism": null, "kerb:right": null, "kerb:left": null, "kerb": null, "bicycle": null, "wheelchair": null, "waste": null, "covered": null, "operator": null, "war_memorial": null, "memorial": null, "historic": null, "surface": null, "bin": null, "direction": null, "barrier": null, "crossing:markings": null, "crossing": "uncontrolled", "traffic_calming": null, "shelter": null, "share_taxi": null, "public_transport": null, "bus": null, "bench": null, "overtaking": null, "name": null, "traffic_sign:direction": null, "traffic_sign": null, "maxspeed": null }, "geometry": { "type": "Point", "coordinates": [ 36.4895516, 55.2010708 ] } },
{ "type": "Feature", "properties": { "full_id": "n7456605070", "osm_id": "7456605070", "osm_type": "node", "highway": null, "alt_name": null, "passenger_information_display": null, "noexit": null, "tourism": null, "kerb:right": null, "kerb:left": null, "kerb": null, "bicycle": null, "wheelchair": null, "waste": null, "covered": null, "operator": null, "war_memorial": null, "memorial": null, "historic": null, "surface": null, "bin": null, "direction": null, "barrier": null, "crossing:markings": null, "crossing": null, "traffic_calming": "bump", "shelter": null, "share_taxi": null, "public_transport": null, "bus": null, "bench": null, "overtaking": null, "name": null, "traffic_sign:direction": null, "traffic_sign": null, "maxspeed": null }, "geometry": { "type": "Point", "coordinates": [ 36.4893735, 55.20119 ] } },
{ "type": "Feature", "properties": { "full_id": "n7456605071", "osm_id": "7456605071", "osm_type": "node", "highway": null, "alt_name": null, "passenger_information_display": null, "noexit": null, "tourism": null, "kerb:right": null, "kerb:left": null, "kerb": null, "bicycle": null, "wheelchair": null, "waste": null, "covered": null, "operator": null, "war_memorial": null, "memorial": null, "historic": null, "surface": null, "bin": null, "direction": null, "barrier": null, "crossing:markings": null, "crossing": null, "traffic_calming": "bump", "shelter": null, "share_taxi": null, "public_transport": null, "bus": null, "bench": null, "overtaking": null, "name": null, "traffic_sign:direction": null, "traffic_sign": null, "maxspeed": null }, "geometry": { "type": "Point", "coordinates": [ 36.4896328, 55.2009097 ] } },
{ "type": "Feature", "properties": { "full_id": "n7456605074", "osm_id": "7456605074", "osm_type": "node", "highway": null, "alt_name": null, "passenger_information_display": null, "noexit": null, "tourism": null, "kerb:right": null, "kerb:left": null, "kerb": null, "bicycle": null, "wheelchair": null, "waste": null, "covered": null, "operator": null, "war_memorial": null, "memorial": null, "historic": null, "surface": null, "bin": null, "direction": null, "barrier": "gate", "crossing:markings": null, "crossing": null, "traffic_calming": null, "shelter": null, "share_taxi": null, "public_transport": null, "bus": null, "bench": null, "overtaking": null, "name": null, "traffic_sign:direction": null, "traffic_sign": null, "maxspeed": null }, "geometry": { "type": "Point", "coordinates": [ 36.4901818, 55.2005071 ] } },
{ "type": "Feature", "properties": { "full_id": "n7456605092", "osm_id": "7456605092", "osm_type": "node", "highway": null, "alt_name": null, "passenger_information_display": null, "noexit": null, "tourism": null, "kerb:right": null, "kerb:left": null, "kerb": null, "bicycle": null, "wheelchair": null, "waste": null, "covered": null, "operator": null, "war_memorial": null, "memorial": null, "historic": null, "surface": null, "bin": null, "direction": null, "barrier": null, "crossing:markings": null, "crossing": null, "traffic_calming": "bump", "shelter": null, "share_taxi": null, "public_transport": null, "bus": null, "bench": null, "overtaking": null, "name": null, "traffic_sign:direction": null, "traffic_sign": null, "maxspeed": null }, "geometry": { "type": "Point", "coordinates": [ 36.4903565, 55.202015 ] } },
{ "type": "Feature", "properties": { "full_id": "n7456605093", "osm_id": "7456605093", "osm_type": "node", "highway": "crossing", "alt_name": null, "passenger_information_display": null, "noexit": null, "tourism": null, "kerb:right": null, "kerb:left": null, "kerb": null, "bicycle": null, "wheelchair": null, "waste": null, "covered": null, "operator": null, "war_memorial": null, "memorial": null, "historic": null, "surface": null, "bin": null, "direction": null, "barrier": null, "crossing:markings": null, "crossing": null, "traffic_calming": null, "shelter": null, "share_taxi": null, "public_transport": null, "bus": null, "bench": null, "overtaking": null, "name": null, "traffic_sign:direction": null, "traffic_sign": null, "maxspeed": null }, "geometry": { "type": "Point", "coordinates": [ 36.4884526, 55.202213 ] } },
{ "type": "Feature", "properties": { "full_id": "n7456605094", "osm_id": "7456605094", "osm_type": "node", "highway": "crossing", "alt_name": null, "passenger_information_display": null, "noexit": null, "tourism": null, "kerb:right": null, "kerb:left": null, "kerb": null, "bicycle": null, "wheelchair": null, "waste": null, "covered": null, "operator": null, "war_memorial": null, "memorial": null, "historic": null, "surface": null, "bin": null, "direction": null, "barrier": null, "crossing:markings": null, "crossing": null, "traffic_calming": null, "shelter": null, "share_taxi": null, "public_transport": null, "bus": null, "bench": null, "overtaking": null, "name": null, "traffic_sign:direction": null, "traffic_sign": null, "maxspeed": null }, "geometry": { "type": "Point", "coordinates": [ 36.4882582, 55.2020397 ] } },
{ "type": "Feature", "properties": { "full_id": "n7456605096", "osm_id": "7456605096", "osm_type": "node", "highway": "crossing", "alt_name": null, "passenger_information_display": null, "noexit": null, "tourism": null, "kerb:right": null, "kerb:left": null, "kerb": null, "bicycle": null, "wheelchair": null, "waste": null, "covered": null, "operator": null, "war_memorial": null, "memorial": null, "historic": null, "surface": null, "bin": null, "direction": null, "barrier": null, "crossing:markings": "yes", "crossing": "uncontrolled", "traffic_calming": null, "shelter": null, "share_taxi": null, "public_transport": null, "bus": null, "bench": null, "overtaking": null, "name": null, "traffic_sign:direction": null, "traffic_sign": null, "maxspeed": null }, "geometry": { "type": "Point", "coordinates": [ 36.4839587, 55.2079606 ] } },
{ "type": "Feature", "properties": { "full_id": "n7456783198", "osm_id": "7456783198", "osm_type": "node", "highway": null, "alt_name": null, "passenger_information_display": null, "noexit": null, "tourism": null, "kerb:right": null, "kerb:left": null, "kerb": null, "bicycle": null, "wheelchair": null, "waste": null, "covered": null, "operator": null, "war_memorial": null, "memorial": null, "historic": null, "surface": null, "bin": null, "direction": null, "barrier": null, "crossing:markings": null, "crossing": null, "traffic_calming": "bump", "shelter": null, "share_taxi": null, "public_transport": null, "bus": null, "bench": null, "overtaking": null, "name": null, "traffic_sign:direction": null, "traffic_sign": null, "maxspeed": null }, "geometry": { "type": "Point", "coordinates": [ 36.4872354, 55.2038268 ] } },
{ "type": "Feature", "properties": { "full_id": "n7456783199", "osm_id": "7456783199", "osm_type": "node", "highway": null, "alt_name": null, "passenger_information_display": null, "noexit": null, "tourism": null, "kerb:right": null, "kerb:left": null, "kerb": null, "bicycle": null, "wheelchair": null, "waste": null, "covered": null, "operator": null, "war_memorial": null, "memorial": null, "historic": null, "surface": null, "bin": null, "direction": null, "barrier": null, "crossing:markings": null, "crossing": null, "traffic_calming": "bump", "shelter": null, "share_taxi": null, "public_transport": null, "bus": null, "bench": null, "overtaking": null, "name": null, "traffic_sign:direction": null, "traffic_sign": null, "maxspeed": null }, "geometry": { "type": "Point", "coordinates": [ 36.4874098, 55.2035818 ] } },
{ "type": "Feature", "properties": { "full_id": "n7456783207", "osm_id": "7456783207", "osm_type": "node", "highway": "give_way", "alt_name": null, "passenger_information_display": null, "noexit": null, "tourism": null, "kerb:right": null, "kerb:left": null, "kerb": null, "bicycle": null, "wheelchair": null, "waste": null, "covered": null, "operator": null, "war_memorial": null, "memorial": null, "historic": null, "surface": null, "bin": null, "direction": "E", "barrier": null, "crossing:markings": null, "crossing": null, "traffic_calming": null, "shelter": null, "share_taxi": null, "public_transport": null, "bus": null, "bench": null, "overtaking": null, "name": null, "traffic_sign:direction": null, "traffic_sign": null, "maxspeed": null }, "geometry": { "type": "Point", "coordinates": [ 36.4883966, 55.2020547 ] } },
{ "type": "Feature", "properties": { "full_id": "n7456783208", "osm_id": "7456783208", "osm_type": "node", "highway": "give_way", "alt_name": null, "passenger_information_display": null, "noexit": null, "tourism": null, "kerb:right": null, "kerb:left": null, "kerb": null, "bicycle": null, "wheelchair": null, "waste": null, "covered": null, "operator": null, "war_memorial": null, "memorial": null, "historic": null, "surface": null, "bin": null, "direction": null, "barrier": null, "crossing:markings": null, "crossing": null, "traffic_calming": null, "shelter": null, "share_taxi": null, "public_transport": null, "bus": null, "bench": null, "overtaking": null, "name": null, "traffic_sign:direction": null, "traffic_sign": "stop", "maxspeed": null }, "geometry": { "type": "Point", "coordinates": [ 36.4887564, 55.2020585 ] } },
{ "type": "Feature", "properties": { "full_id": "n7456784917", "osm_id": "7456784917", "osm_type": "node", "highway": "give_way", "alt_name": null, "passenger_information_display": null, "noexit": null, "tourism": null, "kerb:right": null, "kerb:left": null, "kerb": null, "bicycle": null, "wheelchair": null, "waste": null, "covered": null, "operator": null, "war_memorial": null, "memorial": null, "historic": null, "surface": null, "bin": null, "direction": null, "barrier": null, "crossing:markings": null, "crossing": null, "traffic_calming": null, "shelter": null, "share_taxi": null, "public_transport": null, "bus": null, "bench": null, "overtaking": null, "name": null, "traffic_sign:direction": null, "traffic_sign": null, "maxspeed": null }, "geometry": { "type": "Point", "coordinates": [ 36.48557, 55.2018396 ] } },
{ "type": "Feature", "properties": { "full_id": "n7456784918", "osm_id": "7456784918", "osm_type": "node", "highway": "give_way", "alt_name": null, "passenger_information_display": null, "noexit": null, "tourism": null, "kerb:right": null, "kerb:left": null, "kerb": null, "bicycle": null, "wheelchair": null, "waste": null, "covered": null, "operator": null, "war_memorial": null, "memorial": null, "historic": null, "surface": null, "bin": null, "direction": null, "barrier": null, "crossing:markings": null, "crossing": null, "traffic_calming": null, "shelter": null, "share_taxi": null, "public_transport": null, "bus": null, "bench": null, "overtaking": null, "name": null, "traffic_sign:direction": null, "traffic_sign": null, "maxspeed": null }, "geometry": { "type": "Point", "coordinates": [ 36.4856378, 55.2016755 ] } },
{ "type": "Feature", "properties": { "full_id": "n7456784926", "osm_id": "7456784926", "osm_type": "node", "highway": "give_way", "alt_name": null, "passenger_information_display": null, "noexit": null, "tourism": null, "kerb:right": null, "kerb:left": null, "kerb": null, "bicycle": null, "wheelchair": null, "waste": null, "covered": null, "operator": null, "war_memorial": null, "memorial": null, "historic": null, "surface": null, "bin": null, "direction": null, "barrier": null, "crossing:markings": null, "crossing": null, "traffic_calming": null, "shelter": null, "share_taxi": null, "public_transport": null, "bus": null, "bench": null, "overtaking": null, "name": null, "traffic_sign:direction": null, "traffic_sign": null, "maxspeed": null }, "geometry": { "type": "Point", "coordinates": [ 36.4875935, 55.201891 ] } },
{ "type": "Feature", "properties": { "full_id": "n7711346410", "osm_id": "7711346410", "osm_type": "node", "highway": null, "alt_name": null, "passenger_information_display": null, "noexit": null, "tourism": null, "kerb:right": null, "kerb:left": null, "kerb": null, "bicycle": null, "wheelchair": null, "waste": null, "covered": null, "operator": null, "war_memorial": "yes", "memorial": "stele", "historic": "memorial", "surface": null, "bin": null, "direction": null, "barrier": null, "crossing:markings": null, "crossing": null, "traffic_calming": null, "shelter": null, "share_taxi": null, "public_transport": null, "bus": null, "bench": null, "overtaking": null, "name": "Памятный знак в честь присвоения городу Боровску почётного звания Калужской области «Город воинской доблести»", "traffic_sign:direction": null, "traffic_sign": null, "maxspeed": null }, "geometry": { "type": "Point", "coordinates": [ 36.500145, 55.2129359 ] } },
{ "type": "Feature", "properties": { "full_id": "n9808354834", "osm_id": "9808354834", "osm_type": "node", "highway": null, "alt_name": null, "passenger_information_display": null, "noexit": null, "tourism": null, "kerb:right": null, "kerb:left": null, "kerb": null, "bicycle": null, "wheelchair": null, "waste": null, "covered": null, "operator": null, "war_memorial": null, "memorial": null, "historic": null, "surface": null, "bin": null, "direction": null, "barrier": "gate", "crossing:markings": null, "crossing": null, "traffic_calming": null, "shelter": null, "share_taxi": null, "public_transport": null, "bus": null, "bench": null, "overtaking": null, "name": null, "traffic_sign:direction": null, "traffic_sign": null, "maxspeed": null }, "geometry": { "type": "Point", "coordinates": [ 36.4576784, 55.2015552 ] } },
{ "type": "Feature", "properties": { "full_id": "n9808365348", "osm_id": "9808365348", "osm_type": "node", "highway": "crossing", "alt_name": null, "passenger_information_display": null, "noexit": null, "tourism": null, "kerb:right": null, "kerb:left": null, "kerb": null, "bicycle": null, "wheelchair": null, "waste": null, "covered": null, "operator": null, "war_memorial": null, "memorial": null, "historic": null, "surface": null, "bin": null, "direction": null, "barrier": null, "crossing:markings": null, "crossing": "uncontrolled", "traffic_calming": null, "shelter": null, "share_taxi": null, "public_transport": null, "bus": null, "bench": null, "overtaking": null, "name": null, "traffic_sign:direction": null, "traffic_sign": null, "maxspeed": null }, "geometry": { "type": "Point", "coordinates": [ 36.4739195, 55.1920275 ] } },
{ "type": "Feature", "properties": { "full_id": "n9819597395", "osm_id": "9819597395", "osm_type": "node", "highway": "crossing", "alt_name": null, "passenger_information_display": null, "noexit": null, "tourism": null, "kerb:right": null, "kerb:left": null, "kerb": null, "bicycle": null, "wheelchair": null, "waste": null, "covered": null, "operator": null, "war_memorial": null, "memorial": null, "historic": null, "surface": null, "bin": null, "direction": null, "barrier": null, "crossing:markings": null, "crossing": "uncontrolled", "traffic_calming": null, "shelter": null, "share_taxi": null, "public_transport": null, "bus": null, "bench": null, "overtaking": null, "name": null, "traffic_sign:direction": null, "traffic_sign": null, "maxspeed": null }, "geometry": { "type": "Point", "coordinates": [ 36.4709824, 55.2042139 ] } },
{ "type": "Feature", "properties": { "full_id": "n10020211884", "osm_id": "10020211884", "osm_type": "node", "highway": "crossing", "alt_name": null, "passenger_information_display": null, "noexit": null, "tourism": null, "kerb:right": null, "kerb:left": null, "kerb": null, "bicycle": null, "wheelchair": null, "waste": null, "covered": null, "operator": null, "war_memorial": null, "memorial": null, "historic": null, "surface": null, "bin": null, "direction": null, "barrier": null, "crossing:markings": null, "crossing": "uncontrolled", "traffic_calming": null, "shelter": null, "share_taxi": null, "public_transport": null, "bus": null, "bench": null, "overtaking": null, "name": null, "traffic_sign:direction": null, "traffic_sign": null, "maxspeed": null }, "geometry": { "type": "Point", "coordinates": [ 36.4501368, 55.2008218 ] } },
{ "type": "Feature", "properties": { "full_id": "n10020211885", "osm_id": "10020211885", "osm_type": "node", "highway": "bus_stop", "alt_name": null, "passenger_information_display": null, "noexit": null, "tourism": null, "kerb:right": null, "kerb:left": null, "kerb": null, "bicycle": null, "wheelchair": null, "waste": null, "covered": null, "operator": null, "war_memorial": null, "memorial": null, "historic": null, "surface": null, "bin": "yes", "direction": null, "barrier": null, "crossing:markings": null, "crossing": null, "traffic_calming": null, "shelter": "yes", "share_taxi": null, "public_transport": "platform", "bus": "yes", "bench": "yes", "overtaking": null, "name": null, "traffic_sign:direction": null, "traffic_sign": null, "maxspeed": null }, "geometry": { "type": "Point", "coordinates": [ 36.4507806, 55.2008705 ] } },
{ "type": "Feature", "properties": { "full_id": "n10020211886", "osm_id": "10020211886", "osm_type": "node", "highway": "bus_stop", "alt_name": null, "passenger_information_display": null, "noexit": null, "tourism": null, "kerb:right": null, "kerb:left": null, "kerb": null, "bicycle": null, "wheelchair": null, "waste": null, "covered": null, "operator": null, "war_memorial": null, "memorial": null, "historic": null, "surface": null, "bin": "yes", "direction": null, "barrier": null, "crossing:markings": null, "crossing": null, "traffic_calming": null, "shelter": "yes", "share_taxi": null, "public_transport": "platform", "bus": "yes", "bench": "yes", "overtaking": null, "name": "ул. Берникова", "traffic_sign:direction": null, "traffic_sign": null, "maxspeed": null }, "geometry": { "type": "Point", "coordinates": [ 36.4504239, 55.200983 ] } },
{ "type": "Feature", "properties": { "full_id": "n10020235122", "osm_id": "10020235122", "osm_type": "node", "highway": null, "alt_name": null, "passenger_information_display": null, "noexit": null, "tourism": null, "kerb:right": null, "kerb:left": null, "kerb": null, "bicycle": null, "wheelchair": null, "waste": null, "covered": null, "operator": null, "war_memorial": null, "memorial": null, "historic": null, "surface": null, "bin": null, "direction": null, "barrier": "gate", "crossing:markings": null, "crossing": null, "traffic_calming": null, "shelter": null, "share_taxi": null, "public_transport": null, "bus": null, "bench": null, "overtaking": null, "name": null, "traffic_sign:direction": null, "traffic_sign": null, "maxspeed": null }, "geometry": { "type": "Point", "coordinates": [ 36.4555974, 55.2014907 ] } },
{ "type": "Feature", "properties": { "full_id": "n10020235136", "osm_id": "10020235136", "osm_type": "node", "highway": null, "alt_name": null, "passenger_information_display": null, "noexit": null, "tourism": null, "kerb:right": null, "kerb:left": null, "kerb": null, "bicycle": null, "wheelchair": null, "waste": null, "covered": null, "operator": null, "war_memorial": null, "memorial": null, "historic": null, "surface": null, "bin": null, "direction": null, "barrier": "gate", "crossing:markings": null, "crossing": null, "traffic_calming": null, "shelter": null, "share_taxi": null, "public_transport": null, "bus": null, "bench": null, "overtaking": null, "name": null, "traffic_sign:direction": null, "traffic_sign": null, "maxspeed": null }, "geometry": { "type": "Point", "coordinates": [ 36.4596347, 55.2018401 ] } },
{ "type": "Feature", "properties": { "full_id": "n10020235138", "osm_id": "10020235138", "osm_type": "node", "highway": null, "alt_name": null, "passenger_information_display": null, "noexit": null, "tourism": null, "kerb:right": null, "kerb:left": null, "kerb": null, "bicycle": null, "wheelchair": null, "waste": null, "covered": null, "operator": null, "war_memorial": null, "memorial": null, "historic": null, "surface": null, "bin": null, "direction": null, "barrier": "gate", "crossing:markings": null, "crossing": null, "traffic_calming": null, "shelter": null, "share_taxi": null, "public_transport": null, "bus": null, "bench": null, "overtaking": null, "name": null, "traffic_sign:direction": null, "traffic_sign": null, "maxspeed": null }, "geometry": { "type": "Point", "coordinates": [ 36.4609219, 55.2025366 ] } },
{ "type": "Feature", "properties": { "full_id": "n10020397588", "osm_id": "10020397588", "osm_type": "node", "highway": null, "alt_name": null, "passenger_information_display": null, "noexit": null, "tourism": null, "kerb:right": null, "kerb:left": null, "kerb": null, "bicycle": null, "wheelchair": null, "waste": null, "covered": null, "operator": null, "war_memorial": null, "memorial": null, "historic": null, "surface": null, "bin": null, "direction": null, "barrier": "lift_gate", "crossing:markings": null, "crossing": null, "traffic_calming": null, "shelter": null, "share_taxi": null, "public_transport": null, "bus": null, "bench": null, "overtaking": null, "name": null, "traffic_sign:direction": null, "traffic_sign": null, "maxspeed": null }, "geometry": { "type": "Point", "coordinates": [ 36.4775446, 55.2151382 ] } },
{ "type": "Feature", "properties": { "full_id": "n10020402449", "osm_id": "10020402449", "osm_type": "node", "highway": null, "alt_name": null, "passenger_information_display": null, "noexit": null, "tourism": null, "kerb:right": null, "kerb:left": null, "kerb": null, "bicycle": null, "wheelchair": null, "waste": null, "covered": null, "operator": null, "war_memorial": null, "memorial": null, "historic": null, "surface": null, "bin": null, "direction": null, "barrier": "entrance", "crossing:markings": null, "crossing": null, "traffic_calming": null, "shelter": null, "share_taxi": null, "public_transport": null, "bus": null, "bench": null, "overtaking": null, "name": null, "traffic_sign:direction": null, "traffic_sign": null, "maxspeed": null }, "geometry": { "type": "Point", "coordinates": [ 36.4784684, 55.2147714 ] } },
{ "type": "Feature", "properties": { "full_id": "n10024196410", "osm_id": "10024196410", "osm_type": "node", "highway": "turning_circle", "alt_name": null, "passenger_information_display": null, "noexit": null, "tourism": null, "kerb:right": null, "kerb:left": null, "kerb": null, "bicycle": null, "wheelchair": null, "waste": null, "covered": null, "operator": null, "war_memorial": null, "memorial": null, "historic": null, "surface": null, "bin": null, "direction": null, "barrier": null, "crossing:markings": null, "crossing": null, "traffic_calming": null, "shelter": null, "share_taxi": null, "public_transport": null, "bus": null, "bench": null, "overtaking": null, "name": null, "traffic_sign:direction": null, "traffic_sign": null, "maxspeed": null }, "geometry": { "type": "Point", "coordinates": [ 36.4963021, 55.1921948 ] } },
{ "type": "Feature", "properties": { "full_id": "n10028250729", "osm_id": "10028250729", "osm_type": "node", "highway": "give_way", "alt_name": null, "passenger_information_display": null, "noexit": null, "tourism": null, "kerb:right": null, "kerb:left": null, "kerb": null, "bicycle": null, "wheelchair": null, "waste": null, "covered": null, "operator": null, "war_memorial": null, "memorial": null, "historic": null, "surface": null, "bin": null, "direction": "forward", "barrier": null, "crossing:markings": null, "crossing": null, "traffic_calming": null, "shelter": null, "share_taxi": null, "public_transport": null, "bus": null, "bench": null, "overtaking": null, "name": null, "traffic_sign:direction": null, "traffic_sign": null, "maxspeed": null }, "geometry": { "type": "Point", "coordinates": [ 36.4401114, 55.2226866 ] } },
{ "type": "Feature", "properties": { "full_id": "n10028250730", "osm_id": "10028250730", "osm_type": "node", "highway": "give_way", "alt_name": null, "passenger_information_display": null, "noexit": null, "tourism": null, "kerb:right": null, "kerb:left": null, "kerb": null, "bicycle": null, "wheelchair": null, "waste": null, "covered": null, "operator": null, "war_memorial": null, "memorial": null, "historic": null, "surface": null, "bin": null, "direction": "backward", "barrier": null, "crossing:markings": null, "crossing": null, "traffic_calming": null, "shelter": null, "share_taxi": null, "public_transport": null, "bus": null, "bench": null, "overtaking": null, "name": null, "traffic_sign:direction": null, "traffic_sign": null, "maxspeed": null }, "geometry": { "type": "Point", "coordinates": [ 36.4375904, 55.2232854 ] } },
{ "type": "Feature", "properties": { "full_id": "n10028276789", "osm_id": "10028276789", "osm_type": "node", "highway": "give_way", "alt_name": null, "passenger_information_display": null, "noexit": null, "tourism": null, "kerb:right": null, "kerb:left": null, "kerb": null, "bicycle": null, "wheelchair": null, "waste": null, "covered": null, "operator": null, "war_memorial": null, "memorial": null, "historic": null, "surface": null, "bin": null, "direction": "backward", "barrier": null, "crossing:markings": null, "crossing": null, "traffic_calming": null, "shelter": null, "share_taxi": null, "public_transport": null, "bus": null, "bench": null, "overtaking": null, "name": null, "traffic_sign:direction": null, "traffic_sign": null, "maxspeed": null }, "geometry": { "type": "Point", "coordinates": [ 36.4425045, 55.2227842 ] } },
{ "type": "Feature", "properties": { "full_id": "n10049494597", "osm_id": "10049494597", "osm_type": "node", "highway": "crossing", "alt_name": null, "passenger_information_display": null, "noexit": null, "tourism": null, "kerb:right": null, "kerb:left": null, "kerb": null, "bicycle": null, "wheelchair": null, "waste": null, "covered": null, "operator": null, "war_memorial": null, "memorial": null, "historic": null, "surface": null, "bin": null, "direction": null, "barrier": null, "crossing:markings": null, "crossing": "uncontrolled", "traffic_calming": null, "shelter": null, "share_taxi": null, "public_transport": null, "bus": null, "bench": null, "overtaking": null, "name": null, "traffic_sign:direction": null, "traffic_sign": null, "maxspeed": null }, "geometry": { "type": "Point", "coordinates": [ 36.4352617, 55.1983451 ] } },
{ "type": "Feature", "properties": { "full_id": "n10049494598", "osm_id": "10049494598", "osm_type": "node", "highway": "bus_stop", "alt_name": null, "passenger_information_display": null, "noexit": null, "tourism": null, "kerb:right": null, "kerb:left": null, "kerb": null, "bicycle": null, "wheelchair": null, "waste": null, "covered": null, "operator": null, "war_memorial": null, "memorial": null, "historic": null, "surface": null, "bin": null, "direction": null, "barrier": null, "crossing:markings": null, "crossing": null, "traffic_calming": null, "shelter": "yes", "share_taxi": null, "public_transport": "platform", "bus": "yes", "bench": null, "overtaking": null, "name": null, "traffic_sign:direction": null, "traffic_sign": null, "maxspeed": null }, "geometry": { "type": "Point", "coordinates": [ 36.4355474, 55.1984784 ] } },
{ "type": "Feature", "properties": { "full_id": "n10049494599", "osm_id": "10049494599", "osm_type": "node", "highway": "bus_stop", "alt_name": null, "passenger_information_display": null, "noexit": null, "tourism": null, "kerb:right": null, "kerb:left": null, "kerb": null, "bicycle": null, "wheelchair": null, "waste": null, "covered": null, "operator": null, "war_memorial": null, "memorial": null, "historic": null, "surface": null, "bin": null, "direction": null, "barrier": null, "crossing:markings": null, "crossing": null, "traffic_calming": null, "shelter": null, "share_taxi": null, "public_transport": "platform", "bus": "yes", "bench": null, "overtaking": null, "name": null, "traffic_sign:direction": null, "traffic_sign": null, "maxspeed": null }, "geometry": { "type": "Point", "coordinates": [ 36.4349944, 55.1982284 ] } },
{ "type": "Feature", "properties": { "full_id": "n10049547267", "osm_id": "10049547267", "osm_type": "node", "highway": "give_way", "alt_name": null, "passenger_information_display": null, "noexit": null, "tourism": null, "kerb:right": null, "kerb:left": null, "kerb": null, "bicycle": null, "wheelchair": null, "waste": null, "covered": null, "operator": null, "war_memorial": null, "memorial": null, "historic": null, "surface": null, "bin": null, "direction": "forward", "barrier": null, "crossing:markings": null, "crossing": null, "traffic_calming": null, "shelter": null, "share_taxi": null, "public_transport": null, "bus": null, "bench": null, "overtaking": null, "name": null, "traffic_sign:direction": null, "traffic_sign": null, "maxspeed": null }, "geometry": { "type": "Point", "coordinates": [ 36.4447021, 55.2001471 ] } },
{ "type": "Feature", "properties": { "full_id": "n10049558670", "osm_id": "10049558670", "osm_type": "node", "highway": "bus_stop", "alt_name": null, "passenger_information_display": null, "noexit": null, "tourism": null, "kerb:right": null, "kerb:left": null, "kerb": null, "bicycle": null, "wheelchair": null, "waste": null, "covered": null, "operator": null, "war_memorial": null, "memorial": null, "historic": null, "surface": null, "bin": null, "direction": null, "barrier": null, "crossing:markings": null, "crossing": null, "traffic_calming": null, "shelter": "yes", "share_taxi": null, "public_transport": "platform", "bus": "yes", "bench": null, "overtaking": null, "name": "Подстанция", "traffic_sign:direction": null, "traffic_sign": null, "maxspeed": null }, "geometry": { "type": "Point", "coordinates": [ 36.473942, 55.1919624 ] } },
{ "type": "Feature", "properties": { "full_id": "n10049609606", "osm_id": "10049609606", "osm_type": "node", "highway": "give_way", "alt_name": null, "passenger_information_display": null, "noexit": null, "tourism": null, "kerb:right": null, "kerb:left": null, "kerb": null, "bicycle": null, "wheelchair": null, "waste": null, "covered": null, "operator": null, "war_memorial": null, "memorial": null, "historic": null, "surface": null, "bin": null, "direction": "forward", "barrier": null, "crossing:markings": null, "crossing": null, "traffic_calming": null, "shelter": null, "share_taxi": null, "public_transport": null, "bus": null, "bench": null, "overtaking": null, "name": null, "traffic_sign:direction": null, "traffic_sign": null, "maxspeed": null }, "geometry": { "type": "Point", "coordinates": [ 36.4820431, 55.2073435 ] } },
{ "type": "Feature", "properties": { "full_id": "n10049614404", "osm_id": "10049614404", "osm_type": "node", "highway": "give_way", "alt_name": null, "passenger_information_display": null, "noexit": null, "tourism": null, "kerb:right": null, "kerb:left": null, "kerb": null, "bicycle": null, "wheelchair": null, "waste": null, "covered": null, "operator": null, "war_memorial": null, "memorial": null, "historic": null, "surface": null, "bin": null, "direction": "backward", "barrier": null, "crossing:markings": null, "crossing": null, "traffic_calming": null, "shelter": null, "share_taxi": null, "public_transport": null, "bus": null, "bench": null, "overtaking": null, "name": null, "traffic_sign:direction": null, "traffic_sign": null, "maxspeed": null }, "geometry": { "type": "Point", "coordinates": [ 36.4803688, 55.196557 ] } },
{ "type": "Feature", "properties": { "full_id": "n10049614405", "osm_id": "10049614405", "osm_type": "node", "highway": null, "alt_name": null, "passenger_information_display": null, "noexit": null, "tourism": null, "kerb:right": null, "kerb:left": null, "kerb": null, "bicycle": null, "wheelchair": null, "waste": null, "covered": null, "operator": null, "war_memorial": null, "memorial": null, "historic": null, "surface": null, "bin": null, "direction": null, "barrier": null, "crossing:markings": null, "crossing": null, "traffic_calming": "bump", "shelter": null, "share_taxi": null, "public_transport": null, "bus": null, "bench": null, "overtaking": null, "name": null, "traffic_sign:direction": null, "traffic_sign": null, "maxspeed": null }, "geometry": { "type": "Point", "coordinates": [ 36.4801662, 55.1963399 ] } },
{ "type": "Feature", "properties": { "full_id": "n10049614406", "osm_id": "10049614406", "osm_type": "node", "highway": "crossing", "alt_name": null, "passenger_information_display": null, "noexit": null, "tourism": null, "kerb:right": null, "kerb:left": null, "kerb": null, "bicycle": null, "wheelchair": null, "waste": null, "covered": null, "operator": null, "war_memorial": null, "memorial": null, "historic": null, "surface": null, "bin": null, "direction": null, "barrier": null, "crossing:markings": null, "crossing": "uncontrolled", "traffic_calming": null, "shelter": null, "share_taxi": null, "public_transport": null, "bus": null, "bench": null, "overtaking": null, "name": null, "traffic_sign:direction": null, "traffic_sign": null, "maxspeed": null }, "geometry": { "type": "Point", "coordinates": [ 36.4802965, 55.1964411 ] } },
{ "type": "Feature", "properties": { "full_id": "n10049614412", "osm_id": "10049614412", "osm_type": "node", "highway": "bus_stop", "alt_name": null, "passenger_information_display": null, "noexit": null, "tourism": null, "kerb:right": null, "kerb:left": null, "kerb": null, "bicycle": null, "wheelchair": null, "waste": null, "covered": null, "operator": "Боровск-Авто", "war_memorial": null, "memorial": null, "historic": null, "surface": null, "bin": null, "direction": null, "barrier": null, "crossing:markings": null, "crossing": null, "traffic_calming": null, "shelter": "yes", "share_taxi": null, "public_transport": "platform", "bus": "yes", "bench": null, "overtaking": null, "name": "Магазин Фуршет", "traffic_sign:direction": null, "traffic_sign": null, "maxspeed": null }, "geometry": { "type": "Point", "coordinates": [ 36.4817813, 55.1984199 ] } },
{ "type": "Feature", "properties": { "full_id": "n10049614413", "osm_id": "10049614413", "osm_type": "node", "highway": "bus_stop", "alt_name": null, "passenger_information_display": null, "noexit": null, "tourism": null, "kerb:right": null, "kerb:left": null, "kerb": null, "bicycle": null, "wheelchair": null, "waste": null, "covered": null, "operator": "Боровск-Авто", "war_memorial": null, "memorial": null, "historic": null, "surface": null, "bin": null, "direction": null, "barrier": null, "crossing:markings": null, "crossing": null, "traffic_calming": null, "shelter": "yes", "share_taxi": null, "public_transport": "platform", "bus": "yes", "bench": null, "overtaking": null, "name": "Магазин Фуршет", "traffic_sign:direction": null, "traffic_sign": null, "maxspeed": null }, "geometry": { "type": "Point", "coordinates": [ 36.4819015, 55.1986027 ] } },
{ "type": "Feature", "properties": { "full_id": "n10049622119", "osm_id": "10049622119", "osm_type": "node", "highway": "crossing", "alt_name": null, "passenger_information_display": null, "noexit": null, "tourism": null, "kerb:right": null, "kerb:left": null, "kerb": null, "bicycle": null, "wheelchair": null, "waste": null, "covered": null, "operator": null, "war_memorial": null, "memorial": null, "historic": null, "surface": null, "bin": null, "direction": null, "barrier": null, "crossing:markings": null, "crossing": "uncontrolled", "traffic_calming": null, "shelter": null, "share_taxi": null, "public_transport": null, "bus": null, "bench": null, "overtaking": null, "name": null, "traffic_sign:direction": null, "traffic_sign": null, "maxspeed": null }, "geometry": { "type": "Point", "coordinates": [ 36.4671821, 55.202931 ] } },
{ "type": "Feature", "properties": { "full_id": "n10049622121", "osm_id": "10049622121", "osm_type": "node", "highway": "crossing", "alt_name": null, "passenger_information_display": null, "noexit": null, "tourism": null, "kerb:right": null, "kerb:left": null, "kerb": null, "bicycle": null, "wheelchair": null, "waste": null, "covered": null, "operator": null, "war_memorial": null, "memorial": null, "historic": null, "surface": null, "bin": null, "direction": null, "barrier": null, "crossing:markings": null, "crossing": "uncontrolled", "traffic_calming": null, "shelter": null, "share_taxi": null, "public_transport": null, "bus": null, "bench": null, "overtaking": null, "name": null, "traffic_sign:direction": null, "traffic_sign": null, "maxspeed": null }, "geometry": { "type": "Point", "coordinates": [ 36.4732313, 55.2052514 ] } },
{ "type": "Feature", "properties": { "full_id": "n10049648977", "osm_id": "10049648977", "osm_type": "node", "highway": "crossing", "alt_name": null, "passenger_information_display": null, "noexit": null, "tourism": null, "kerb:right": null, "kerb:left": null, "kerb": null, "bicycle": null, "wheelchair": null, "waste": null, "covered": null, "operator": null, "war_memorial": null, "memorial": null, "historic": null, "surface": null, "bin": null, "direction": null, "barrier": null, "crossing:markings": null, "crossing": "uncontrolled", "traffic_calming": "bump", "shelter": null, "share_taxi": null, "public_transport": null, "bus": null, "bench": null, "overtaking": null, "name": null, "traffic_sign:direction": null, "traffic_sign": null, "maxspeed": null }, "geometry": { "type": "Point", "coordinates": [ 36.4821505, 55.2013789 ] } },
{ "type": "Feature", "properties": { "full_id": "n10049648979", "osm_id": "10049648979", "osm_type": "node", "highway": "crossing", "alt_name": null, "passenger_information_display": null, "noexit": null, "tourism": null, "kerb:right": null, "kerb:left": null, "kerb": null, "bicycle": null, "wheelchair": null, "waste": null, "covered": null, "operator": null, "war_memorial": null, "memorial": null, "historic": null, "surface": null, "bin": null, "direction": null, "barrier": null, "crossing:markings": null, "crossing": "uncontrolled", "traffic_calming": null, "shelter": null, "share_taxi": null, "public_transport": null, "bus": null, "bench": null, "overtaking": null, "name": null, "traffic_sign:direction": null, "traffic_sign": null, "maxspeed": null }, "geometry": { "type": "Point", "coordinates": [ 36.4824344, 55.2037056 ] } },
{ "type": "Feature", "properties": { "full_id": "n10825198910", "osm_id": "10825198910", "osm_type": "node", "highway": "bus_stop", "alt_name": null, "passenger_information_display": null, "noexit": null, "tourism": null, "kerb:right": null, "kerb:left": null, "kerb": null, "bicycle": null, "wheelchair": null, "waste": null, "covered": null, "operator": null, "war_memorial": null, "memorial": null, "historic": null, "surface": null, "bin": null, "direction": null, "barrier": null, "crossing:markings": null, "crossing": null, "traffic_calming": null, "shelter": "yes", "share_taxi": null, "public_transport": "platform", "bus": "yes", "bench": null, "overtaking": null, "name": "Красное", "traffic_sign:direction": null, "traffic_sign": null, "maxspeed": null }, "geometry": { "type": "Point", "coordinates": [ 36.446852, 55.2074496 ] } },
{ "type": "Feature", "properties": { "full_id": "n11057528563", "osm_id": "11057528563", "osm_type": "node", "highway": null, "alt_name": null, "passenger_information_display": null, "noexit": null, "tourism": null, "kerb:right": null, "kerb:left": null, "kerb": null, "bicycle": null, "wheelchair": null, "waste": null, "covered": null, "operator": null, "war_memorial": null, "memorial": null, "historic": null, "surface": null, "bin": null, "direction": null, "barrier": null, "crossing:markings": null, "crossing": null, "traffic_calming": "bump", "shelter": null, "share_taxi": null, "public_transport": null, "bus": null, "bench": null, "overtaking": null, "name": null, "traffic_sign:direction": null, "traffic_sign": null, "maxspeed": null }, "geometry": { "type": "Point", "coordinates": [ 36.485413, 55.2041054 ] } },
{ "type": "Feature", "properties": { "full_id": "n11057528565", "osm_id": "11057528565", "osm_type": "node", "highway": "bus_stop", "alt_name": null, "passenger_information_display": null, "noexit": null, "tourism": null, "kerb:right": null, "kerb:left": null, "kerb": null, "bicycle": null, "wheelchair": "yes", "waste": "cigarettes;trash", "covered": "yes", "operator": null, "war_memorial": null, "memorial": null, "historic": null, "surface": null, "bin": null, "direction": null, "barrier": null, "crossing:markings": null, "crossing": null, "traffic_calming": null, "shelter": "no", "share_taxi": null, "public_transport": "platform", "bus": null, "bench": "yes", "overtaking": null, "name": "Косой овраг", "traffic_sign:direction": null, "traffic_sign": null, "maxspeed": null }, "geometry": { "type": "Point", "coordinates": [ 36.4884934, 55.2023833 ] } },
{ "type": "Feature", "properties": { "full_id": "n11057528574", "osm_id": "11057528574", "osm_type": "node", "highway": null, "alt_name": null, "passenger_information_display": null, "noexit": null, "tourism": null, "kerb:right": null, "kerb:left": null, "kerb": null, "bicycle": null, "wheelchair": null, "waste": null, "covered": null, "operator": null, "war_memorial": null, "memorial": null, "historic": null, "surface": null, "bin": null, "direction": "E", "barrier": null, "crossing:markings": null, "crossing": null, "traffic_calming": null, "shelter": null, "share_taxi": null, "public_transport": null, "bus": null, "bench": null, "overtaking": null, "name": null, "traffic_sign:direction": null, "traffic_sign": "stop", "maxspeed": null }, "geometry": { "type": "Point", "coordinates": [ 36.4885211, 55.2020654 ] } },
{ "type": "Feature", "properties": { "full_id": "n11057528577", "osm_id": "11057528577", "osm_type": "node", "highway": "crossing", "alt_name": null, "passenger_information_display": null, "noexit": null, "tourism": null, "kerb:right": "no", "kerb:left": "no", "kerb": "no", "bicycle": "yes", "wheelchair": null, "waste": null, "covered": null, "operator": null, "war_memorial": null, "memorial": null, "historic": null, "surface": null, "bin": null, "direction": null, "barrier": null, "crossing:markings": "zebra", "crossing": "uncontrolled", "traffic_calming": null, "shelter": null, "share_taxi": null, "public_transport": null, "bus": null, "bench": null, "overtaking": null, "name": null, "traffic_sign:direction": null, "traffic_sign": null, "maxspeed": null }, "geometry": { "type": "Point", "coordinates": [ 36.4849132, 55.2040519 ] } },
{ "type": "Feature", "properties": { "full_id": "n11057528585", "osm_id": "11057528585", "osm_type": "node", "highway": "crossing", "alt_name": null, "passenger_information_display": null, "noexit": null, "tourism": null, "kerb:right": "no", "kerb:left": "no", "kerb": "no", "bicycle": "yes", "wheelchair": null, "waste": null, "covered": null, "operator": null, "war_memorial": null, "memorial": null, "historic": null, "surface": null, "bin": null, "direction": null, "barrier": null, "crossing:markings": "zebra", "crossing": "uncontrolled", "traffic_calming": null, "shelter": null, "share_taxi": null, "public_transport": null, "bus": null, "bench": null, "overtaking": null, "name": null, "traffic_sign:direction": null, "traffic_sign": null, "maxspeed": null }, "geometry": { "type": "Point", "coordinates": [ 36.4868816, 55.2042607 ] } },
{ "type": "Feature", "properties": { "full_id": "n11251815868", "osm_id": "11251815868", "osm_type": "node", "highway": "crossing", "alt_name": null, "passenger_information_display": null, "noexit": null, "tourism": null, "kerb:right": null, "kerb:left": null, "kerb": null, "bicycle": null, "wheelchair": null, "waste": null, "covered": null, "operator": null, "war_memorial": null, "memorial": null, "historic": null, "surface": null, "bin": null, "direction": null, "barrier": null, "crossing:markings": null, "crossing": null, "traffic_calming": null, "shelter": null, "share_taxi": null, "public_transport": null, "bus": null, "bench": null, "overtaking": null, "name": null, "traffic_sign:direction": null, "traffic_sign": null, "maxspeed": null }, "geometry": { "type": "Point", "coordinates": [ 36.4796246, 55.2121194 ] } },
{ "type": "Feature", "properties": { "full_id": "n11272281426", "osm_id": "11272281426", "osm_type": "node", "highway": "crossing", "alt_name": null, "passenger_information_display": null, "noexit": null, "tourism": null, "kerb:right": null, "kerb:left": null, "kerb": null, "bicycle": null, "wheelchair": null, "waste": null, "covered": null, "operator": null, "war_memorial": null, "memorial": null, "historic": null, "surface": null, "bin": null, "direction": null, "barrier": null, "crossing:markings": "yes", "crossing": "uncontrolled", "traffic_calming": null, "shelter": null, "share_taxi": null, "public_transport": null, "bus": null, "bench": null, "overtaking": null, "name": null, "traffic_sign:direction": null, "traffic_sign": null, "maxspeed": null }, "geometry": { "type": "Point", "coordinates": [ 36.4854642, 55.2079692 ] } },
{ "type": "Feature", "properties": { "full_id": "n11272281428", "osm_id": "11272281428", "osm_type": "node", "highway": "crossing", "alt_name": null, "passenger_information_display": null, "noexit": null, "tourism": null, "kerb:right": null, "kerb:left": null, "kerb": null, "bicycle": null, "wheelchair": null, "waste": null, "covered": null, "operator": null, "war_memorial": null, "memorial": null, "historic": null, "surface": null, "bin": null, "direction": null, "barrier": null, "crossing:markings": null, "crossing": null, "traffic_calming": null, "shelter": null, "share_taxi": null, "public_transport": null, "bus": null, "bench": null, "overtaking": null, "name": null, "traffic_sign:direction": null, "traffic_sign": null, "maxspeed": null }, "geometry": { "type": "Point", "coordinates": [ 36.4855789, 55.2079071 ] } },
{ "type": "Feature", "properties": { "full_id": "n11272281433", "osm_id": "11272281433", "osm_type": "node", "highway": "crossing", "alt_name": null, "passenger_information_display": null, "noexit": null, "tourism": null, "kerb:right": null, "kerb:left": null, "kerb": null, "bicycle": null, "wheelchair": null, "waste": null, "covered": null, "operator": null, "war_memorial": null, "memorial": null, "historic": null, "surface": null, "bin": null, "direction": null, "barrier": null, "crossing:markings": "yes", "crossing": "uncontrolled", "traffic_calming": null, "shelter": null, "share_taxi": null, "public_transport": null, "bus": null, "bench": null, "overtaking": null, "name": null, "traffic_sign:direction": null, "traffic_sign": null, "maxspeed": null }, "geometry": { "type": "Point", "coordinates": [ 36.4839301, 55.2069982 ] } },
{ "type": "Feature", "properties": { "full_id": "n11895697769", "osm_id": "11895697769", "osm_type": "node", "highway": null, "alt_name": null, "passenger_information_display": null, "noexit": null, "tourism": "viewpoint", "kerb:right": null, "kerb:left": null, "kerb": null, "bicycle": null, "wheelchair": null, "waste": null, "covered": null, "operator": null, "war_memorial": null, "memorial": null, "historic": null, "surface": null, "bin": null, "direction": "310", "barrier": null, "crossing:markings": null, "crossing": null, "traffic_calming": null, "shelter": null, "share_taxi": null, "public_transport": null, "bus": null, "bench": null, "overtaking": null, "name": null, "traffic_sign:direction": null, "traffic_sign": null, "maxspeed": null }, "geometry": { "type": "Point", "coordinates": [ 36.5046937, 55.2067831 ] } },
{ "type": "Feature", "properties": { "full_id": "n12060828224", "osm_id": "12060828224", "osm_type": "node", "highway": "give_way", "alt_name": null, "passenger_information_display": null, "noexit": null, "tourism": null, "kerb:right": null, "kerb:left": null, "kerb": null, "bicycle": null, "wheelchair": null, "waste": null, "covered": null, "operator": null, "war_memorial": null, "memorial": null, "historic": null, "surface": null, "bin": null, "direction": null, "barrier": null, "crossing:markings": null, "crossing": null, "traffic_calming": null, "shelter": null, "share_taxi": null, "public_transport": null, "bus": null, "bench": null, "overtaking": null, "name": null, "traffic_sign:direction": null, "traffic_sign": null, "maxspeed": null }, "geometry": { "type": "Point", "coordinates": [ 36.5268852, 55.2123763 ] } },
{ "type": "Feature", "properties": { "full_id": "n12061407728", "osm_id": "12061407728", "osm_type": "node", "highway": "turning_circle", "alt_name": null, "passenger_information_display": null, "noexit": null, "tourism": null, "kerb:right": null, "kerb:left": null, "kerb": null, "bicycle": null, "wheelchair": null, "waste": null, "covered": null, "operator": null, "war_memorial": null, "memorial": null, "historic": null, "surface": null, "bin": null, "direction": null, "barrier": null, "crossing:markings": null, "crossing": null, "traffic_calming": null, "shelter": null, "share_taxi": null, "public_transport": null, "bus": null, "bench": null, "overtaking": null, "name": null, "traffic_sign:direction": null, "traffic_sign": null, "maxspeed": null }, "geometry": { "type": "Point", "coordinates": [ 36.4610562, 55.2115307 ] } },
{ "type": "Feature", "properties": { "full_id": "n12061444383", "osm_id": "12061444383", "osm_type": "node", "highway": null, "alt_name": null, "passenger_information_display": null, "noexit": null, "tourism": null, "kerb:right": null, "kerb:left": null, "kerb": null, "bicycle": null, "wheelchair": null, "waste": null, "covered": null, "operator": null, "war_memorial": null, "memorial": null, "historic": null, "surface": null, "bin": null, "direction": null, "barrier": "gate", "crossing:markings": null, "crossing": null, "traffic_calming": null, "shelter": null, "share_taxi": null, "public_transport": null, "bus": null, "bench": null, "overtaking": null, "name": null, "traffic_sign:direction": null, "traffic_sign": null, "maxspeed": null }, "geometry": { "type": "Point", "coordinates": [ 36.4552259, 55.2133135 ] } },
{ "type": "Feature", "properties": { "full_id": "n12061444386", "osm_id": "12061444386", "osm_type": "node", "highway": null, "alt_name": null, "passenger_information_display": null, "noexit": null, "tourism": null, "kerb:right": null, "kerb:left": null, "kerb": null, "bicycle": null, "wheelchair": null, "waste": null, "covered": null, "operator": null, "war_memorial": null, "memorial": null, "historic": null, "surface": null, "bin": null, "direction": null, "barrier": null, "crossing:markings": null, "crossing": null, "traffic_calming": null, "shelter": null, "share_taxi": null, "public_transport": null, "bus": null, "bench": null, "overtaking": null, "name": null, "traffic_sign:direction": null, "traffic_sign": null, "maxspeed": null }, "geometry": { "type": "Point", "coordinates": [ 36.455842, 55.21339 ] } },
{ "type": "Feature", "properties": { "full_id": "n12061444409", "osm_id": "12061444409", "osm_type": "node", "highway": "bus_stop", "alt_name": null, "passenger_information_display": null, "noexit": null, "tourism": null, "kerb:right": null, "kerb:left": null, "kerb": null, "bicycle": null, "wheelchair": null, "waste": null, "covered": null, "operator": null, "war_memorial": null, "memorial": null, "historic": null, "surface": null, "bin": null, "direction": null, "barrier": null, "crossing:markings": null, "crossing": null, "traffic_calming": null, "shelter": "yes", "share_taxi": null, "public_transport": "platform", "bus": null, "bench": "yes", "overtaking": null, "name": "Институт", "traffic_sign:direction": null, "traffic_sign": null, "maxspeed": null }, "geometry": { "type": "Point", "coordinates": [ 36.4612332, 55.2116255 ] } },
{ "type": "Feature", "properties": { "full_id": "n12063689476", "osm_id": "12063689476", "osm_type": "node", "highway": "crossing", "alt_name": null, "passenger_information_display": null, "noexit": null, "tourism": null, "kerb:right": null, "kerb:left": null, "kerb": null, "bicycle": null, "wheelchair": null, "waste": null, "covered": null, "operator": null, "war_memorial": null, "memorial": null, "historic": null, "surface": null, "bin": null, "direction": null, "barrier": null, "crossing:markings": null, "crossing": null, "traffic_calming": null, "shelter": null, "share_taxi": null, "public_transport": null, "bus": null, "bench": null, "overtaking": null, "name": null, "traffic_sign:direction": null, "traffic_sign": null, "maxspeed": null }, "geometry": { "type": "Point", "coordinates": [ 36.4806672, 55.2070378 ] } },
{ "type": "Feature", "properties": { "full_id": "n12063689477", "osm_id": "12063689477", "osm_type": "node", "highway": "crossing", "alt_name": null, "passenger_information_display": null, "noexit": null, "tourism": null, "kerb:right": null, "kerb:left": null, "kerb": null, "bicycle": null, "wheelchair": null, "waste": null, "covered": null, "operator": null, "war_memorial": null, "memorial": null, "historic": null, "surface": null, "bin": null, "direction": null, "barrier": null, "crossing:markings": null, "crossing": null, "traffic_calming": null, "shelter": null, "share_taxi": null, "public_transport": null, "bus": null, "bench": null, "overtaking": null, "name": null, "traffic_sign:direction": null, "traffic_sign": null, "maxspeed": null }, "geometry": { "type": "Point", "coordinates": [ 36.4813678, 55.2072398 ] } },
{ "type": "Feature", "properties": { "full_id": "n12075116255", "osm_id": "12075116255", "osm_type": "node", "highway": "give_way", "alt_name": null, "passenger_information_display": null, "noexit": null, "tourism": null, "kerb:right": null, "kerb:left": null, "kerb": null, "bicycle": null, "wheelchair": null, "waste": null, "covered": null, "operator": null, "war_memorial": null, "memorial": null, "historic": null, "surface": null, "bin": null, "direction": null, "barrier": null, "crossing:markings": null, "crossing": null, "traffic_calming": null, "shelter": null, "share_taxi": null, "public_transport": null, "bus": null, "bench": null, "overtaking": null, "name": null, "traffic_sign:direction": null, "traffic_sign": null, "maxspeed": null }, "geometry": { "type": "Point", "coordinates": [ 36.4853997, 55.2084379 ] } },
{ "type": "Feature", "properties": { "full_id": "n12075116256", "osm_id": "12075116256", "osm_type": "node", "highway": null, "alt_name": null, "passenger_information_display": null, "noexit": null, "tourism": null, "kerb:right": null, "kerb:left": null, "kerb": null, "bicycle": null, "wheelchair": null, "waste": null, "covered": null, "operator": null, "war_memorial": null, "memorial": null, "historic": null, "surface": null, "bin": null, "direction": null, "barrier": "gate", "crossing:markings": null, "crossing": null, "traffic_calming": null, "shelter": null, "share_taxi": null, "public_transport": null, "bus": null, "bench": null, "overtaking": null, "name": null, "traffic_sign:direction": null, "traffic_sign": null, "maxspeed": null }, "geometry": { "type": "Point", "coordinates": [ 36.4855409, 55.2097337 ] } },
{ "type": "Feature", "properties": { "full_id": "n12075116268", "osm_id": "12075116268", "osm_type": "node", "highway": null, "alt_name": null, "passenger_information_display": null, "noexit": null, "tourism": null, "kerb:right": null, "kerb:left": null, "kerb": null, "bicycle": null, "wheelchair": null, "waste": null, "covered": null, "operator": null, "war_memorial": null, "memorial": null, "historic": null, "surface": null, "bin": null, "direction": null, "barrier": "entrance", "crossing:markings": null, "crossing": null, "traffic_calming": null, "shelter": null, "share_taxi": null, "public_transport": null, "bus": null, "bench": null, "overtaking": null, "name": null, "traffic_sign:direction": null, "traffic_sign": null, "maxspeed": null }, "geometry": { "type": "Point", "coordinates": [ 36.4864731, 55.2092704 ] } },
{ "type": "Feature", "properties": { "full_id": "n12299058299", "osm_id": "12299058299", "osm_type": "node", "highway": "bus_stop", "alt_name": null, "passenger_information_display": null, "noexit": null, "tourism": null, "kerb:right": null, "kerb:left": null, "kerb": null, "bicycle": null, "wheelchair": null, "waste": null, "covered": null, "operator": null, "war_memorial": null, "memorial": null, "historic": null, "surface": null, "bin": "yes", "direction": null, "barrier": null, "crossing:markings": null, "crossing": null, "traffic_calming": null, "shelter": "yes", "share_taxi": null, "public_transport": "platform", "bus": null, "bench": "yes", "overtaking": null, "name": "Храм Бориса и Глеба", "traffic_sign:direction": null, "traffic_sign": null, "maxspeed": null }, "geometry": { "type": "Point", "coordinates": [ 36.5033734, 55.2136516 ] } },
{ "type": "Feature", "properties": { "full_id": "n12299071301", "osm_id": "12299071301", "osm_type": "node", "highway": null, "alt_name": null, "passenger_information_display": null, "noexit": null, "tourism": null, "kerb:right": null, "kerb:left": null, "kerb": null, "bicycle": null, "wheelchair": null, "waste": null, "covered": null, "operator": null, "war_memorial": null, "memorial": null, "historic": null, "surface": null, "bin": null, "direction": null, "barrier": null, "crossing:markings": null, "crossing": null, "traffic_calming": "bump", "shelter": null, "share_taxi": null, "public_transport": null, "bus": null, "bench": null, "overtaking": null, "name": null, "traffic_sign:direction": null, "traffic_sign": null, "maxspeed": null }, "geometry": { "type": "Point", "coordinates": [ 36.4823995, 55.2034192 ] } },
{ "type": "Feature", "properties": { "full_id": "n12299071302", "osm_id": "12299071302", "osm_type": "node", "highway": null, "alt_name": null, "passenger_information_display": null, "noexit": null, "tourism": null, "kerb:right": null, "kerb:left": null, "kerb": null, "bicycle": null, "wheelchair": null, "waste": null, "covered": null, "operator": null, "war_memorial": null, "memorial": null, "historic": null, "surface": null, "bin": null, "direction": null, "barrier": null, "crossing:markings": null, "crossing": null, "traffic_calming": "bump", "shelter": null, "share_taxi": null, "public_transport": null, "bus": null, "bench": null, "overtaking": null, "name": null, "traffic_sign:direction": null, "traffic_sign": null, "maxspeed": null }, "geometry": { "type": "Point", "coordinates": [ 36.4824607, 55.2039423 ] } },
{ "type": "Feature", "properties": { "full_id": "n12874781791", "osm_id": "12874781791", "osm_type": "node", "highway": "give_way", "alt_name": null, "passenger_information_display": null, "noexit": null, "tourism": null, "kerb:right": null, "kerb:left": null, "kerb": null, "bicycle": null, "wheelchair": null, "waste": null, "covered": null, "operator": null, "war_memorial": null, "memorial": null, "historic": null, "surface": null, "bin": null, "direction": null, "barrier": null, "crossing:markings": null, "crossing": null, "traffic_calming": null, "shelter": null, "share_taxi": null, "public_transport": null, "bus": null, "bench": null, "overtaking": null, "name": null, "traffic_sign:direction": null, "traffic_sign": null, "maxspeed": null }, "geometry": { "type": "Point", "coordinates": [ 36.5125895, 55.1857771 ] } },
{ "type": "Feature", "properties": { "full_id": "n12874781793", "osm_id": "12874781793", "osm_type": "node", "highway": "give_way", "alt_name": null, "passenger_information_display": null, "noexit": null, "tourism": null, "kerb:right": null, "kerb:left": null, "kerb": null, "bicycle": null, "wheelchair": null, "waste": null, "covered": null, "operator": null, "war_memorial": null, "memorial": null, "historic": null, "surface": null, "bin": null, "direction": null, "barrier": null, "crossing:markings": null, "crossing": null, "traffic_calming": null, "shelter": null, "share_taxi": null, "public_transport": null, "bus": null, "bench": null, "overtaking": null, "name": null, "traffic_sign:direction": null, "traffic_sign": null, "maxspeed": null }, "geometry": { "type": "Point", "coordinates": [ 36.5115948, 55.1857042 ] } },
{ "type": "Feature", "properties": { "full_id": "n12874781796", "osm_id": "12874781796", "osm_type": "node", "highway": "bus_stop", "alt_name": null, "passenger_information_display": null, "noexit": null, "tourism": null, "kerb:right": null, "kerb:left": null, "kerb": null, "bicycle": null, "wheelchair": null, "waste": null, "covered": null, "operator": null, "war_memorial": null, "memorial": null, "historic": null, "surface": null, "bin": null, "direction": null, "barrier": null, "crossing:markings": null, "crossing": null, "traffic_calming": null, "shelter": "yes", "share_taxi": null, "public_transport": "platform", "bus": null, "bench": "yes", "overtaking": null, "name": null, "traffic_sign:direction": null, "traffic_sign": null, "maxspeed": null }, "geometry": { "type": "Point", "coordinates": [ 36.5107039, 55.1868725 ] } },
{ "type": "Feature", "properties": { "full_id": "n12874831916", "osm_id": "12874831916", "osm_type": "node", "highway": null, "alt_name": null, "passenger_information_display": null, "noexit": null, "tourism": null, "kerb:right": null, "kerb:left": null, "kerb": null, "bicycle": null, "wheelchair": null, "waste": null, "covered": null, "operator": null, "war_memorial": null, "memorial": null, "historic": null, "surface": null, "bin": null, "direction": null, "barrier": "gate", "crossing:markings": null, "crossing": null, "traffic_calming": null, "shelter": null, "share_taxi": null, "public_transport": null, "bus": null, "bench": null, "overtaking": null, "name": null, "traffic_sign:direction": null, "traffic_sign": null, "maxspeed": null }, "geometry": { "type": "Point", "coordinates": [ 36.5091911, 55.1882884 ] } },
{ "type": "Feature", "properties": { "full_id": "n12874831923", "osm_id": "12874831923", "osm_type": "node", "highway": null, "alt_name": null, "passenger_information_display": null, "noexit": "yes", "tourism": null, "kerb:right": null, "kerb:left": null, "kerb": null, "bicycle": null, "wheelchair": null, "waste": null, "covered": null, "operator": null, "war_memorial": null, "memorial": null, "historic": null, "surface": null, "bin": null, "direction": null, "barrier": null, "crossing:markings": null, "crossing": null, "traffic_calming": null, "shelter": null, "share_taxi": null, "public_transport": null, "bus": null, "bench": null, "overtaking": null, "name": null, "traffic_sign:direction": null, "traffic_sign": null, "maxspeed": null }, "geometry": { "type": "Point", "coordinates": [ 36.5091505, 55.1881129 ] } },
{ "type": "Feature", "properties": { "full_id": "n12874831975", "osm_id": "12874831975", "osm_type": "node", "highway": "bus_stop", "alt_name": null, "passenger_information_display": null, "noexit": null, "tourism": null, "kerb:right": null, "kerb:left": null, "kerb": null, "bicycle": null, "wheelchair": null, "waste": null, "covered": null, "operator": null, "war_memorial": null, "memorial": null, "historic": null, "surface": null, "bin": null, "direction": null, "barrier": null, "crossing:markings": null, "crossing": null, "traffic_calming": null, "shelter": null, "share_taxi": null, "public_transport": null, "bus": null, "bench": null, "overtaking": null, "name": null, "traffic_sign:direction": null, "traffic_sign": null, "maxspeed": null }, "geometry": { "type": "Point", "coordinates": [ 36.5034324, 55.1926404 ] } },
{ "type": "Feature", "properties": { "full_id": "n12874831979", "osm_id": "12874831979", "osm_type": "node", "highway": "give_way", "alt_name": null, "passenger_information_display": null, "noexit": null, "tourism": null, "kerb:right": null, "kerb:left": null, "kerb": null, "bicycle": null, "wheelchair": null, "waste": null, "covered": null, "operator": null, "war_memorial": null, "memorial": null, "historic": null, "surface": null, "bin": null, "direction": null, "barrier": null, "crossing:markings": null, "crossing": null, "traffic_calming": null, "shelter": null, "share_taxi": null, "public_transport": null, "bus": null, "bench": null, "overtaking": null, "name": null, "traffic_sign:direction": null, "traffic_sign": null, "maxspeed": null }, "geometry": { "type": "Point", "coordinates": [ 36.5031677, 55.1927526 ] } },
{ "type": "Feature", "properties": { "full_id": "n12874831980", "osm_id": "12874831980", "osm_type": "node", "highway": "give_way", "alt_name": null, "passenger_information_display": null, "noexit": null, "tourism": null, "kerb:right": null, "kerb:left": null, "kerb": null, "bicycle": null, "wheelchair": null, "waste": null, "covered": null, "operator": null, "war_memorial": null, "memorial": null, "historic": null, "surface": null, "bin": null, "direction": null, "barrier": null, "crossing:markings": null, "crossing": null, "traffic_calming": null, "shelter": null, "share_taxi": null, "public_transport": null, "bus": null, "bench": null, "overtaking": null, "name": null, "traffic_sign:direction": null, "traffic_sign": null, "maxspeed": null }, "geometry": { "type": "Point", "coordinates": [ 36.5031299, 55.1925796 ] } },
{ "type": "Feature", "properties": { "full_id": "n12874832149", "osm_id": "12874832149", "osm_type": "node", "highway": "crossing", "alt_name": null, "passenger_information_display": null, "noexit": null, "tourism": null, "kerb:right": null, "kerb:left": null, "kerb": null, "bicycle": null, "wheelchair": null, "waste": null, "covered": null, "operator": null, "war_memorial": null, "memorial": null, "historic": null, "surface": null, "bin": null, "direction": null, "barrier": null, "crossing:markings": null, "crossing": "uncontrolled", "traffic_calming": null, "shelter": null, "share_taxi": null, "public_transport": null, "bus": null, "bench": null, "overtaking": null, "name": null, "traffic_sign:direction": null, "traffic_sign": null, "maxspeed": null }, "geometry": { "type": "Point", "coordinates": [ 36.5091104, 55.1882631 ] } },
{ "type": "Feature", "properties": { "full_id": "n12922693705", "osm_id": "12922693705", "osm_type": "node", "highway": "bus_stop", "alt_name": null, "passenger_information_display": null, "noexit": null, "tourism": null, "kerb:right": null, "kerb:left": null, "kerb": null, "bicycle": null, "wheelchair": null, "waste": null, "covered": null, "operator": null, "war_memorial": null, "memorial": null, "historic": null, "surface": null, "bin": "yes", "direction": null, "barrier": null, "crossing:markings": null, "crossing": null, "traffic_calming": null, "shelter": "yes", "share_taxi": null, "public_transport": "platform", "bus": null, "bench": "yes", "overtaking": null, "name": null, "traffic_sign:direction": null, "traffic_sign": null, "maxspeed": null }, "geometry": { "type": "Point", "coordinates": [ 36.5004229, 55.2000392 ] } },
{ "type": "Feature", "properties": { "full_id": "n12924853481", "osm_id": "12924853481", "osm_type": "node", "highway": "bus_stop", "alt_name": null, "passenger_information_display": null, "noexit": null, "tourism": null, "kerb:right": null, "kerb:left": null, "kerb": null, "bicycle": null, "wheelchair": null, "waste": null, "covered": null, "operator": null, "war_memorial": null, "memorial": null, "historic": null, "surface": null, "bin": "yes", "direction": null, "barrier": null, "crossing:markings": null, "crossing": null, "traffic_calming": null, "shelter": "yes", "share_taxi": null, "public_transport": "platform", "bus": null, "bench": "yes", "overtaking": null, "name": null, "traffic_sign:direction": null, "traffic_sign": null, "maxspeed": null }, "geometry": { "type": "Point", "coordinates": [ 36.5136141, 55.2164825 ] } },
{ "type": "Feature", "properties": { "full_id": "n12924853491", "osm_id": "12924853491", "osm_type": "node", "highway": "bus_stop", "alt_name": null, "passenger_information_display": null, "noexit": null, "tourism": null, "kerb:right": null, "kerb:left": null, "kerb": null, "bicycle": null, "wheelchair": null, "waste": null, "covered": null, "operator": null, "war_memorial": null, "memorial": null, "historic": null, "surface": null, "bin": "yes", "direction": null, "barrier": null, "crossing:markings": null, "crossing": null, "traffic_calming": null, "shelter": "yes", "share_taxi": null, "public_transport": "platform", "bus": null, "bench": "yes", "overtaking": null, "name": "Долы", "traffic_sign:direction": null, "traffic_sign": null, "maxspeed": null }, "geometry": { "type": "Point", "coordinates": [ 36.5120986, 55.2160862 ] } },
{ "type": "Feature", "properties": { "full_id": "n12924853492", "osm_id": "12924853492", "osm_type": "node", "highway": "bus_stop", "alt_name": null, "passenger_information_display": "no", "noexit": null, "tourism": null, "kerb:right": null, "kerb:left": null, "kerb": null, "bicycle": null, "wheelchair": null, "waste": null, "covered": "no", "operator": null, "war_memorial": null, "memorial": null, "historic": null, "surface": null, "bin": "no", "direction": null, "barrier": null, "crossing:markings": null, "crossing": null, "traffic_calming": null, "shelter": "no", "share_taxi": null, "public_transport": "platform", "bus": null, "bench": "no", "overtaking": null, "name": null, "traffic_sign:direction": null, "traffic_sign": null, "maxspeed": null }, "geometry": { "type": "Point", "coordinates": [ 36.5030113, 55.2024318 ] } },
{ "type": "Feature", "properties": { "full_id": "n12924853494", "osm_id": "12924853494", "osm_type": "node", "highway": "bus_stop", "alt_name": "Фабрика \"Руно\"", "passenger_information_display": null, "noexit": null, "tourism": null, "kerb:right": null, "kerb:left": null, "kerb": null, "bicycle": null, "wheelchair": null, "waste": null, "covered": null, "operator": null, "war_memorial": null, "memorial": null, "historic": null, "surface": null, "bin": "yes", "direction": null, "barrier": null, "crossing:markings": null, "crossing": null, "traffic_calming": null, "shelter": "yes", "share_taxi": null, "public_transport": "platform", "bus": null, "bench": "yes", "overtaking": null, "name": "Фабрика Полежаевых", "traffic_sign:direction": null, "traffic_sign": null, "maxspeed": null }, "geometry": { "type": "Point", "coordinates": [ 36.4933285, 55.1982559 ] } },
{ "type": "Feature", "properties": { "full_id": "n12925892935", "osm_id": "12925892935", "osm_type": "node", "highway": "bus_stop", "alt_name": null, "passenger_information_display": null, "noexit": null, "tourism": null, "kerb:right": null, "kerb:left": null, "kerb": null, "bicycle": null, "wheelchair": null, "waste": null, "covered": null, "operator": null, "war_memorial": null, "memorial": null, "historic": null, "surface": null, "bin": "no", "direction": null, "barrier": null, "crossing:markings": null, "crossing": null, "traffic_calming": null, "shelter": "no", "share_taxi": null, "public_transport": "platform", "bus": null, "bench": "no", "overtaking": null, "name": "Вечный Огонь", "traffic_sign:direction": null, "traffic_sign": null, "maxspeed": null }, "geometry": { "type": "Point", "coordinates": [ 36.4832045, 55.2077681 ] } },
{ "type": "Feature", "properties": { "full_id": "n13171731155", "osm_id": "13171731155", "osm_type": "node", "highway": null, "alt_name": null, "passenger_information_display": null, "noexit": null, "tourism": "viewpoint", "kerb:right": null, "kerb:left": null, "kerb": null, "bicycle": null, "wheelchair": null, "waste": null, "covered": null, "operator": null, "war_memorial": null, "memorial": null, "historic": null, "surface": null, "bin": null, "direction": null, "barrier": null, "crossing:markings": null, "crossing": null, "traffic_calming": null, "shelter": null, "share_taxi": null, "public_transport": null, "bus": null, "bench": null, "overtaking": null, "name": null, "traffic_sign:direction": null, "traffic_sign": null, "maxspeed": null }, "geometry": { "type": "Point", "coordinates": [ 36.49063, 55.20421 ] } }
]
}
